id,identifier,project_code,sales_reporting_name,date,calendar_year,calendar_month,column,raw_value,source
A3310051023225003_diesel_kwh_generated,A3310051023225003,331005,Adak,2023-04-01,2023,4,diesel_kwh_generated,249556,outlier_check
A3310050924225003_powerhouse_consumption_kwh,A3310050924225003,331005,Adak,2024-03-01,2024,3,powerhouse_consumption_kwh,77093,outlier_check
A3310051024225003_powerhouse_consumption_kwh,A3310051024225003,331005,Adak,2024-04-01,2024,4,powerhouse_consumption_kwh,73471,outlier_check
A3310051124225003_powerhouse_consumption_kwh,A3310051124225003,331005,Adak,2024-05-01,2024,5,powerhouse_consumption_kwh,67798,outlier_check
A3310051224225003_powerhouse_consumption_kwh,A3310051224225003,331005,Adak,2024-06-01,2024,6,powerhouse_consumption_kwh,63535,outlier_check
A3310050426225003_fuel_used_gallons,A3310050426225003,331005,Adak,2025-10-01,2025,10,fuel_used_gallons,5363,outlier_check
A3310050426225003_diesel_kwh_generated,A3310050426225003,331005,Adak,2025-10-01,2025,10,diesel_kwh_generated,59230,outlier_check
A3310050526225003_fuel_used_gallons,A3310050526225003,331005,Adak,2025-11-01,2025,11,fuel_used_gallons,5618,outlier_check
A3310050526225003_diesel_kwh_generated,A3310050526225003,331005,Adak,2025-11-01,2025,11,diesel_kwh_generated,56322,outlier_check
A3310050526225003_peak_consumption_kw,A3310050526225003,331005,Adak,2025-11-01,2025,11,peak_consumption_kw,0,outlier_check
A3310050626225003_diesel_kwh_generated,A3310050626225003,331005,Adak,2025-12-01,2025,12,diesel_kwh_generated,82170,outlier_check
A3310051126225003_fuel_used_gallons,A3310051126225003,331005,Adak,2026-05-01,2026,5,fuel_used_gallons,5639,outlier_check
A3310051126225003_diesel_kwh_generated,A3310051126225003,331005,Adak,2026-05-01,2026,5,diesel_kwh_generated,67375,outlier_check
A3310051226225003_diesel_kwh_generated,A3310051226225003,331005,Adak,2026-06-01,2026,6,diesel_kwh_generated,79998,outlier_check
A3310050127225003_peak_consumption_kw,A3310050127225003,331005,Adak,2026-07-01,2026,7,peak_consumption_kw,0,outlier_check
A3310100819225003_residential_sold_to,A3310100819225003,331010,Akhiok,2019-02-01,2019,2,residential_sold_to,18895,outlier_check
A3310100821225003_fuel_used_gallons,A3310100821225003,331010,Akhiok,2021-02-01,2021,2,fuel_used_gallons,0,outlier_check
A3310100921225003_fuel_used_gallons,A3310100921225003,331010,Akhiok,2021-03-01,2021,3,fuel_used_gallons,4473,outlier_check
A3310100122225003_fuel_used_gallons,A3310100122225003,331010,Akhiok,2021-07-01,2021,7,fuel_used_gallons,1165,outlier_check
A3310100222225003_fuel_used_gallons,A3310100222225003,331010,Akhiok,2021-08-01,2021,8,fuel_used_gallons,1165,outlier_check
A3310100622225003_commercial_sold_to,A3310100622225003,331010,Akhiok,2021-12-01,2021,12,commercial_sold_to,19102,outlier_check
A3310100822225003_powerhouse_consumption_kwh,A3310100822225003,331010,Akhiok,2022-02-01,2022,2,powerhouse_consumption_kwh,5199,outlier_check
A3310100922225003_powerhouse_consumption_kwh,A3310100922225003,331010,Akhiok,2022-03-01,2022,3,powerhouse_consumption_kwh,3787,outlier_check
A3310100123225003_fuel_used_gallons,A3310100123225003,331010,Akhiok,2022-07-01,2022,7,fuel_used_gallons,0,outlier_check
A3310100923225003_peak_consumption_kw,A3310100923225003,331010,Akhiok,2023-03-01,2023,3,peak_consumption_kw,2202,outlier_check
A3310101223225003_residential_sold_to,A3310101223225003,331010,Akhiok,2023-06-01,2023,6,residential_sold_to,14682,outlier_check
A3310100524225003_fuel_used_gallons,A3310100524225003,331010,Akhiok,2023-11-01,2023,11,fuel_used_gallons,0,outlier_check
A3310100724225003_diesel_kwh_generated,A3310100724225003,331010,Akhiok,2024-01-01,2024,1,diesel_kwh_generated,45738,outlier_check
A3310100724225003_powerhouse_consumption_kwh,A3310100724225003,331010,Akhiok,2024-01-01,2024,1,powerhouse_consumption_kwh,3852,outlier_check
A3310100724225003_govt_facil_sold_to,A3310100724225003,331010,Akhiok,2024-01-01,2024,1,govt_facil_sold_to,1269,outlier_check
A3310101224225003_fuel_used_gallons,A3310101224225003,331010,Akhiok,2024-06-01,2024,6,fuel_used_gallons,0,outlier_check
A3310100425225003_diesel_kwh_generated,A3310100425225003,331010,Akhiok,2024-10-01,2024,10,diesel_kwh_generated,71382,outlier_check
A3310100425225003_powerhouse_consumption_kwh,A3310100425225003,331010,Akhiok,2024-10-01,2024,10,powerhouse_consumption_kwh,4801,outlier_check
A3310100226225003_fuel_used_gallons,A3310100226225003,331010,Akhiok,2025-08-01,2025,8,fuel_used_gallons,0,outlier_check
A3310100226225003_diesel_kwh_generated,A3310100226225003,331010,Akhiok,2025-08-01,2025,8,diesel_kwh_generated,0,outlier_check
A3310100626225003_govt_facil_sold_to,A3310100626225003,331010,Akhiok,2025-12-01,2025,12,govt_facil_sold_to,1163,outlier_check
A3310200118225003_residential_customers,A3310200118225003,331020,Akiachak,2017-07-01,2017,7,residential_customers,136,outlier_check
A3310200320225003_diesel_kwh_generated,A3310200320225003,331020,Akiachak,2019-09-01,2019,9,diesel_kwh_generated,0,outlier_check
A3310201221225003_powerhouse_consumption_kwh,A3310201221225003,331020,Akiachak,2021-06-01,2021,6,powerhouse_consumption_kwh,6129,outlier_check
A3310201122225003_diesel_kwh_generated,A3310201122225003,331020,Akiachak,2022-05-01,2022,5,diesel_kwh_generated,0,outlier_check
A3310201122225003_peak_consumption_kw,A3310201122225003,331020,Akiachak,2022-05-01,2022,5,peak_consumption_kw,0,outlier_check
A3310201222225003_diesel_kwh_generated,A3310201222225003,331020,Akiachak,2022-06-01,2022,6,diesel_kwh_generated,0,outlier_check
A3310201222225003_peak_consumption_kw,A3310201222225003,331020,Akiachak,2022-06-01,2022,6,peak_consumption_kw,0,outlier_check
A3310200123225003_peak_consumption_kw,A3310200123225003,331020,Akiachak,2022-07-01,2022,7,peak_consumption_kw,0,outlier_check
A3310200223225003_powerhouse_consumption_kwh,A3310200223225003,331020,Akiachak,2022-08-01,2022,8,powerhouse_consumption_kwh,8293,outlier_check
A3310200323225003_unbilled_sold_to,A3310200323225003,331020,Akiachak,2022-09-01,2022,9,unbilled_sold_to,95852,outlier_check
A3310200524225003_fuel_used_gallons,A3310200524225003,331020,Akiachak,2023-11-01,2023,11,fuel_used_gallons,19885,outlier_check
A3310200624225003_fuel_used_gallons,A3310200624225003,331020,Akiachak,2023-12-01,2023,12,fuel_used_gallons,18581,outlier_check
A3310200925225003_wind_kwh_generated,A3310200925225003,331020,Akiachak,2025-03-01,2025,3,wind_kwh_generated,15919,outlier_check
A3310201025225003_wind_kwh_generated,A3310201025225003,331020,Akiachak,2025-04-01,2025,4,wind_kwh_generated,25928,outlier_check
A3310201125225003_wind_kwh_generated,A3310201125225003,331020,Akiachak,2025-05-01,2025,5,wind_kwh_generated,21949,outlier_check
A3310201225225003_wind_kwh_generated,A3310201225225003,331020,Akiachak,2025-06-01,2025,6,wind_kwh_generated,19353,outlier_check
A3310200126225003_wind_kwh_generated,A3310200126225003,331020,Akiachak,2025-07-01,2025,7,wind_kwh_generated,16988,outlier_check
A3310200226225003_wind_kwh_generated,A3310200226225003,331020,Akiachak,2025-08-01,2025,8,wind_kwh_generated,15280,outlier_check
A3310200326225003_wind_kwh_generated,A3310200326225003,331020,Akiachak,2025-09-01,2025,9,wind_kwh_generated,19003,outlier_check
A3310200826225003_wind_kwh_generated,A3310200826225003,331020,Akiachak,2026-02-01,2026,2,wind_kwh_generated,12860,outlier_check
A3310200926225003_wind_kwh_generated,A3310200926225003,331020,Akiachak,2026-03-01,2026,3,wind_kwh_generated,37362,outlier_check
A3310201026225003_wind_kwh_generated,A3310201026225003,331020,Akiachak,2026-04-01,2026,4,wind_kwh_generated,25342,outlier_check
A3310201126225003_wind_kwh_generated,A3310201126225003,331020,Akiachak,2026-05-01,2026,5,wind_kwh_generated,27737,outlier_check
A3310201226225003_wind_kwh_generated,A3310201226225003,331020,Akiachak,2026-06-01,2026,6,wind_kwh_generated,24842,outlier_check
A3310200127225003_wind_kwh_generated,A3310200127225003,331020,Akiachak,2026-07-01,2026,7,wind_kwh_generated,17278,outlier_check
A3310300818225003_fuel_used_gallons,A3310300818225003,331030,Akiak,2018-02-01,2018,2,fuel_used_gallons,17318,outlier_check
A3310300818225003_powerhouse_consumption_kwh,A3310300818225003,331030,Akiak,2018-02-01,2018,2,powerhouse_consumption_kwh,5126,outlier_check
A3310300819225003_diesel_kwh_generated,A3310300819225003,331030,Akiak,2019-02-01,2019,2,diesel_kwh_generated,0,outlier_check
A3310300819225003_powerhouse_consumption_kwh,A3310300819225003,331030,Akiak,2019-02-01,2019,2,powerhouse_consumption_kwh,0,outlier_check
A3310301119225003_diesel_kwh_generated,A3310301119225003,331030,Akiak,2019-05-01,2019,5,diesel_kwh_generated,0,outlier_check
A3310301119225003_powerhouse_consumption_kwh,A3310301119225003,331030,Akiak,2019-05-01,2019,5,powerhouse_consumption_kwh,0,outlier_check
A3310300620225003_fuel_used_gallons,A3310300620225003,331030,Akiak,2019-12-01,2019,12,fuel_used_gallons,0,outlier_check
A3310300521225003_diesel_kwh_generated,A3310300521225003,331030,Akiak,2020-11-01,2020,11,diesel_kwh_generated,0,outlier_check
A3310300521225003_powerhouse_consumption_kwh,A3310300521225003,331030,Akiak,2020-11-01,2020,11,powerhouse_consumption_kwh,0,outlier_check
A3310300123225003_powerhouse_consumption_kwh,A3310300123225003,331030,Akiak,2022-07-01,2022,7,powerhouse_consumption_kwh,0,outlier_check
A3310300123225003_govt_facil_sold_to,A3310300123225003,331030,Akiak,2022-07-01,2022,7,govt_facil_sold_to,54459,outlier_check
A3310300223225003_diesel_kwh_generated,A3310300223225003,331030,Akiak,2022-08-01,2022,8,diesel_kwh_generated,314056,outlier_check
A3310300223225003_powerhouse_consumption_kwh,A3310300223225003,331030,Akiak,2022-08-01,2022,8,powerhouse_consumption_kwh,0,outlier_check
A3310300223225003_commercial_sold_to,A3310300223225003,331030,Akiak,2022-08-01,2022,8,commercial_sold_to,267666,outlier_check
A3310300323225003_powerhouse_consumption_kwh,A3310300323225003,331030,Akiak,2022-09-01,2022,9,powerhouse_consumption_kwh,0,outlier_check
A3310300423225003_powerhouse_consumption_kwh,A3310300423225003,331030,Akiak,2022-10-01,2022,10,powerhouse_consumption_kwh,0,outlier_check
A3310300523225003_powerhouse_consumption_kwh,A3310300523225003,331030,Akiak,2022-11-01,2022,11,powerhouse_consumption_kwh,0,outlier_check
A3310300623225003_powerhouse_consumption_kwh,A3310300623225003,331030,Akiak,2022-12-01,2022,12,powerhouse_consumption_kwh,0,outlier_check
A3310300723225003_powerhouse_consumption_kwh,A3310300723225003,331030,Akiak,2023-01-01,2023,1,powerhouse_consumption_kwh,0,outlier_check
A3310300823225003_powerhouse_consumption_kwh,A3310300823225003,331030,Akiak,2023-02-01,2023,2,powerhouse_consumption_kwh,0,outlier_check
A3310300124225003_powerhouse_consumption_kwh,A3310300124225003,331030,Akiak,2023-07-01,2023,7,powerhouse_consumption_kwh,0,outlier_check
A3310300224225003_fuel_used_gallons,A3310300224225003,331030,Akiak,2023-08-01,2023,8,fuel_used_gallons,21098,outlier_check
A3310300224225003_powerhouse_consumption_kwh,A3310300224225003,331030,Akiak,2023-08-01,2023,8,powerhouse_consumption_kwh,0,outlier_check
A3310300224225003_residential_sold_to,A3310300224225003,331030,Akiak,2023-08-01,2023,8,residential_sold_to,106044,outlier_check
A3310300224225003_unbilled_sold_to,A3310300224225003,331030,Akiak,2023-08-01,2023,8,unbilled_sold_to,3461,outlier_check
A3310300324225003_diesel_kwh_generated,A3310300324225003,331030,Akiak,2023-09-01,2023,9,diesel_kwh_generated,214987,outlier_check
A3310300324225003_powerhouse_consumption_kwh,A3310300324225003,331030,Akiak,2023-09-01,2023,9,powerhouse_consumption_kwh,0,outlier_check
A3310300324225003_commercial_sold_to,A3310300324225003,331030,Akiak,2023-09-01,2023,9,commercial_sold_to,166922,outlier_check
A3310300924225003_diesel_kwh_generated,A3310300924225003,331030,Akiak,2024-03-01,2024,3,diesel_kwh_generated,799823,outlier_check
A3310300924225003_powerhouse_consumption_kwh,A3310300924225003,331030,Akiak,2024-03-01,2024,3,powerhouse_consumption_kwh,0,outlier_check
A3310300924225003_residential_sold_to,A3310300924225003,331030,Akiak,2024-03-01,2024,3,residential_sold_to,260475,outlier_check
A3310300924225003_commercial_sold_to,A3310300924225003,331030,Akiak,2024-03-01,2024,3,commercial_sold_to,294257,outlier_check
A3310300924225003_com_facil_sold_to,A3310300924225003,331030,Akiak,2024-03-01,2024,3,com_facil_sold_to,212495,outlier_check
A3310300924225003_govt_facil_sold_to,A3310300924225003,331030,Akiak,2024-03-01,2024,3,govt_facil_sold_to,22135,outlier_check
A3310300924225003_unbilled_sold_to,A3310300924225003,331030,Akiak,2024-03-01,2024,3,unbilled_sold_to,10461,outlier_check
A3310300225225003_fuel_used_gallons,A3310300225225003,331030,Akiak,2024-08-01,2024,8,fuel_used_gallons,25572,outlier_check
A3310300225225003_diesel_kwh_generated,A3310300225225003,331030,Akiak,2024-08-01,2024,8,diesel_kwh_generated,267575,outlier_check
A3310300225225003_powerhouse_consumption_kwh,A3310300225225003,331030,Akiak,2024-08-01,2024,8,powerhouse_consumption_kwh,9914,outlier_check
A3310300225225003_residential_sold_to,A3310300225225003,331030,Akiak,2024-08-01,2024,8,residential_sold_to,98245,outlier_check
A3310300126225003_fuel_used_gallons,A3310300126225003,331030,Akiak,2025-07-01,2025,7,fuel_used_gallons,15084,outlier_check
A3310300126225003_residential_sold_to,A3310300126225003,331030,Akiak,2025-07-01,2025,7,residential_sold_to,69724,outlier_check
A3310300726225003_fuel_used_gallons,A3310300726225003,331030,Akiak,2026-01-01,2026,1,fuel_used_gallons,17109,outlier_check
A3310300726225003_diesel_kwh_generated,A3310300726225003,331030,Akiak,2026-01-01,2026,1,diesel_kwh_generated,217138,outlier_check
A3310300726225003_powerhouse_consumption_kwh,A3310300726225003,331030,Akiak,2026-01-01,2026,1,powerhouse_consumption_kwh,5645,outlier_check
A3310300726225003_residential_sold_to,A3310300726225003,331030,Akiak,2026-01-01,2026,1,residential_sold_to,76581,outlier_check
A3310300826225003_residential_sold_to,A3310300826225003,331030,Akiak,2026-02-01,2026,2,residential_sold_to,86604,outlier_check
A3310400816225003_govt_facil_sold_to,A3310400816225003,331040,Akutan,2016-02-01,2016,2,govt_facil_sold_to,812,outlier_check
A3310401116225003_govt_facil_sold_to,A3310401116225003,331040,Akutan,2016-05-01,2016,5,govt_facil_sold_to,925,outlier_check
A3310401216225003_govt_facil_sold_to,A3310401216225003,331040,Akutan,2016-06-01,2016,6,govt_facil_sold_to,942,outlier_check
A3310400117225003_govt_facil_sold_to,A3310400117225003,331040,Akutan,2016-07-01,2016,7,govt_facil_sold_to,865,outlier_check
A3310400717225003_peak_consumption_kw,A3310400717225003,331040,Akutan,2017-01-01,2017,1,peak_consumption_kw,5,outlier_check
A3310401017225003_govt_facil_sold_to,A3310401017225003,331040,Akutan,2017-04-01,2017,4,govt_facil_sold_to,994,outlier_check
A3310400118225003_govt_facil_sold_to,A3310400118225003,331040,Akutan,2017-07-01,2017,7,govt_facil_sold_to,775,outlier_check
A3310400322225003_govt_facil_sold_to,A3310400322225003,331040,Akutan,2021-09-01,2021,9,govt_facil_sold_to,660,outlier_check
A3310400722225003_govt_facil_sold_to,A3310400722225003,331040,Akutan,2022-01-01,2022,1,govt_facil_sold_to,718,outlier_check
A3310401122225003_govt_facil_sold_to,A3310401122225003,331040,Akutan,2022-05-01,2022,5,govt_facil_sold_to,764,outlier_check
A3310400226225003_hydro_kwh_generated,A3310400226225003,331040,Akutan,2025-08-01,2025,8,hydro_kwh_generated,40552,outlier_check
A3312400116225003_fuel_used_gallons,A3312400116225003,331240,Alakanuk,2015-07-01,2015,7,fuel_used_gallons,11377,outlier_check
A3312400116225003_diesel_kwh_generated,A3312400116225003,331240,Alakanuk,2015-07-01,2015,7,diesel_kwh_generated,151179,outlier_check
A3312400216225003_fuel_used_gallons,A3312400216225003,331240,Alakanuk,2015-08-01,2015,8,fuel_used_gallons,12557,outlier_check
A3312400216225003_diesel_kwh_generated,A3312400216225003,331240,Alakanuk,2015-08-01,2015,8,diesel_kwh_generated,164377,outlier_check
A3312400216225003_commercial_sold_to,A3312400216225003,331240,Alakanuk,2015-08-01,2015,8,commercial_sold_to,26063,outlier_check
A3312400316225003_fuel_used_gallons,A3312400316225003,331240,Alakanuk,2015-09-01,2015,9,fuel_used_gallons,16662,outlier_check
A3312400316225003_diesel_kwh_generated,A3312400316225003,331240,Alakanuk,2015-09-01,2015,9,diesel_kwh_generated,178856,outlier_check
A3312400316225003_commercial_sold_to,A3312400316225003,331240,Alakanuk,2015-09-01,2015,9,commercial_sold_to,24582,outlier_check
A3312400416225003_fuel_used_gallons,A3312400416225003,331240,Alakanuk,2015-10-01,2015,10,fuel_used_gallons,16806,outlier_check
A3312400416225003_diesel_kwh_generated,A3312400416225003,331240,Alakanuk,2015-10-01,2015,10,diesel_kwh_generated,181913,outlier_check
A3312400416225003_commercial_sold_to,A3312400416225003,331240,Alakanuk,2015-10-01,2015,10,commercial_sold_to,23299,outlier_check
A3312400516225003_fuel_used_gallons,A3312400516225003,331240,Alakanuk,2015-11-01,2015,11,fuel_used_gallons,13776,outlier_check
A3312400516225003_diesel_kwh_generated,A3312400516225003,331240,Alakanuk,2015-11-01,2015,11,diesel_kwh_generated,196564,outlier_check
A3312400516225003_commercial_sold_to,A3312400516225003,331240,Alakanuk,2015-11-01,2015,11,commercial_sold_to,23763,outlier_check
A3312400616225003_diesel_kwh_generated,A3312400616225003,331240,Alakanuk,2015-12-01,2015,12,diesel_kwh_generated,214630,outlier_check
A3312400616225003_commercial_sold_to,A3312400616225003,331240,Alakanuk,2015-12-01,2015,12,commercial_sold_to,25113,outlier_check
A3312400716225003_fuel_used_gallons,A3312400716225003,331240,Alakanuk,2016-01-01,2016,1,fuel_used_gallons,15720,outlier_check
A3312400716225003_diesel_kwh_generated,A3312400716225003,331240,Alakanuk,2016-01-01,2016,1,diesel_kwh_generated,211743,outlier_check
A3312400716225003_commercial_sold_to,A3312400716225003,331240,Alakanuk,2016-01-01,2016,1,commercial_sold_to,25007,outlier_check
A3312400816225003_fuel_used_gallons,A3312400816225003,331240,Alakanuk,2016-02-01,2016,2,fuel_used_gallons,13782,outlier_check
A3312400816225003_diesel_kwh_generated,A3312400816225003,331240,Alakanuk,2016-02-01,2016,2,diesel_kwh_generated,187287,outlier_check
A3312400916225003_fuel_used_gallons,A3312400916225003,331240,Alakanuk,2016-03-01,2016,3,fuel_used_gallons,14196,outlier_check
A3312400916225003_diesel_kwh_generated,A3312400916225003,331240,Alakanuk,2016-03-01,2016,3,diesel_kwh_generated,188692,outlier_check
A3312401016225003_fuel_used_gallons,A3312401016225003,331240,Alakanuk,2016-04-01,2016,4,fuel_used_gallons,13309,outlier_check
A3312401016225003_diesel_kwh_generated,A3312401016225003,331240,Alakanuk,2016-04-01,2016,4,diesel_kwh_generated,182367,outlier_check
A3312401016225003_powerhouse_consumption_kwh,A3312401016225003,331240,Alakanuk,2016-04-01,2016,4,powerhouse_consumption_kwh,13266,outlier_check
A3312401116225003_fuel_used_gallons,A3312401116225003,331240,Alakanuk,2016-05-01,2016,5,fuel_used_gallons,12930,outlier_check
A3312401116225003_diesel_kwh_generated,A3312401116225003,331240,Alakanuk,2016-05-01,2016,5,diesel_kwh_generated,167393,outlier_check
A3312401116225003_powerhouse_consumption_kwh,A3312401116225003,331240,Alakanuk,2016-05-01,2016,5,powerhouse_consumption_kwh,10162,outlier_check
A3312401216225003_fuel_used_gallons,A3312401216225003,331240,Alakanuk,2016-06-01,2016,6,fuel_used_gallons,10763,outlier_check
A3312401216225003_diesel_kwh_generated,A3312401216225003,331240,Alakanuk,2016-06-01,2016,6,diesel_kwh_generated,143681,outlier_check
A3312401216225003_powerhouse_consumption_kwh,A3312401216225003,331240,Alakanuk,2016-06-01,2016,6,powerhouse_consumption_kwh,10245,outlier_check
A3312400117225003_fuel_used_gallons,A3312400117225003,331240,Alakanuk,2016-07-01,2016,7,fuel_used_gallons,10766,outlier_check
A3312400117225003_diesel_kwh_generated,A3312400117225003,331240,Alakanuk,2016-07-01,2016,7,diesel_kwh_generated,148807,outlier_check
A3312400217225003_diesel_kwh_generated,A3312400217225003,331240,Alakanuk,2016-08-01,2016,8,diesel_kwh_generated,52919,outlier_check
A3312400217225003_residential_customers,A3312400217225003,331240,Alakanuk,2016-08-01,2016,8,residential_customers,65,outlier_check
A3312400417225003_residential_customers,A3312400417225003,331240,Alakanuk,2016-10-01,2016,10,residential_customers,88,outlier_check
A3312400517225003_residential_customers,A3312400517225003,331240,Alakanuk,2016-11-01,2016,11,residential_customers,90,outlier_check
A3312400717225003_residential_customers,A3312400717225003,331240,Alakanuk,2017-01-01,2017,1,residential_customers,91,outlier_check
A3312400817225003_residential_customers,A3312400817225003,331240,Alakanuk,2017-02-01,2017,2,residential_customers,90,outlier_check
A3312400626225003_commercial_sold_to,A3312400626225003,331240,Alakanuk,2025-12-01,2025,12,commercial_sold_to,22954,outlier_check
A3312400726225003_commercial_sold_to,A3312400726225003,331240,Alakanuk,2026-01-01,2026,1,commercial_sold_to,27835,outlier_check
A3312400726225003_com_facil_sold_to,A3312400726225003,331240,Alakanuk,2026-01-01,2026,1,com_facil_sold_to,79189,outlier_check
A3312400826225003_commercial_sold_to,A3312400826225003,331240,Alakanuk,2026-02-01,2026,2,commercial_sold_to,22318,outlier_check
A3312400926225003_commercial_sold_to,A3312400926225003,331240,Alakanuk,2026-03-01,2026,3,commercial_sold_to,32495,outlier_check
A3312401026225003_commercial_sold_to,A3312401026225003,331240,Alakanuk,2026-04-01,2026,4,commercial_sold_to,26631,outlier_check
A3312401126225003_residential_sold_to,A3312401126225003,331240,Alakanuk,2026-05-01,2026,5,residential_sold_to,0,outlier_check
A3312401126225003_commercial_sold_to,A3312401126225003,331240,Alakanuk,2026-05-01,2026,5,commercial_sold_to,0,outlier_check
A3310500720225003_commercial_sold_to,A3310500720225003,331050,"Allakaket, Alatna",2020-01-01,2020,1,commercial_sold_to,7723,outlier_check
A3310500726225003_commercial_sold_to,A3310500726225003,331050,"Allakaket, Alatna",2026-01-01,2026,1,commercial_sold_to,6998,outlier_check
A3312500116225003_commercial_sold_to,A3312500116225003,331250,Ambler,2015-07-01,2015,7,commercial_sold_to,12461,outlier_check
A3312500216225003_commercial_sold_to,A3312500216225003,331250,Ambler,2015-08-01,2015,8,commercial_sold_to,12762,outlier_check
A3312500316225003_commercial_sold_to,A3312500316225003,331250,Ambler,2015-09-01,2015,9,commercial_sold_to,15624,outlier_check
A3312500416225003_commercial_sold_to,A3312500416225003,331250,Ambler,2015-10-01,2015,10,commercial_sold_to,22259,outlier_check
A3312500516225003_commercial_sold_to,A3312500516225003,331250,Ambler,2015-11-01,2015,11,commercial_sold_to,19421,outlier_check
A3312500616225003_commercial_sold_to,A3312500616225003,331250,Ambler,2015-12-01,2015,12,commercial_sold_to,24184,outlier_check
A3312500716225003_commercial_sold_to,A3312500716225003,331250,Ambler,2016-01-01,2016,1,commercial_sold_to,23567,outlier_check
A3312500816225003_commercial_sold_to,A3312500816225003,331250,Ambler,2016-02-01,2016,2,commercial_sold_to,5115,outlier_check
A3312500620225003_fuel_used_gallons,A3312500620225003,331250,Ambler,2019-12-01,2019,12,fuel_used_gallons,17629,outlier_check
A3312500722225003_residential_sold_to,A3312500722225003,331250,Ambler,2022-01-01,2022,1,residential_sold_to,79156,outlier_check
A3312501223225003_fuel_used_gallons,A3312501223225003,331250,Ambler,2023-06-01,2023,6,fuel_used_gallons,0,outlier_check
A3312500825225003_com_facil_sold_to,A3312500825225003,331250,Ambler,2025-02-01,2025,2,com_facil_sold_to,55826,outlier_check
A3312501125225003_fuel_used_gallons,A3312501125225003,331250,Ambler,2025-05-01,2025,5,fuel_used_gallons,0,outlier_check
A3312500526225003_commercial_sold_to,A3312500526225003,331250,Ambler,2025-11-01,2025,11,commercial_sold_to,12709,outlier_check
A3312500626225003_commercial_sold_to,A3312500626225003,331250,Ambler,2025-12-01,2025,12,commercial_sold_to,16036,outlier_check
A3312500726225003_commercial_sold_to,A3312500726225003,331250,Ambler,2026-01-01,2026,1,commercial_sold_to,16138,outlier_check
A3312500826225003_commercial_sold_to,A3312500826225003,331250,Ambler,2026-02-01,2026,2,commercial_sold_to,12643,outlier_check
A3312500926225003_commercial_sold_to,A3312500926225003,331250,Ambler,2026-03-01,2026,3,commercial_sold_to,12925,outlier_check
A3312501026225003_commercial_sold_to,A3312501026225003,331250,Ambler,2026-04-01,2026,4,commercial_sold_to,11701,outlier_check
A3312501126225003_residential_sold_to,A3312501126225003,331250,Ambler,2026-05-01,2026,5,residential_sold_to,0,outlier_check
A3312501126225003_commercial_sold_to,A3312501126225003,331250,Ambler,2026-05-01,2026,5,commercial_sold_to,0,outlier_check
A3323500916225003_peak_consumption_kw,A3323500916225003,332350,Anaktuvuk Pass,2016-03-01,2016,3,peak_consumption_kw,1070,outlier_check
A3323500617225003_peak_consumption_kw,A3323500617225003,332350,Anaktuvuk Pass,2016-12-01,2016,12,peak_consumption_kw,1134,outlier_check
A3323500817225003_peak_consumption_kw,A3323500817225003,332350,Anaktuvuk Pass,2017-02-01,2017,2,peak_consumption_kw,1134,outlier_check
A3323500721225003_peak_consumption_kw,A3323500721225003,332350,Anaktuvuk Pass,2021-01-01,2021,1,peak_consumption_kw,1519,outlier_check
A3323500821225003_peak_consumption_kw,A3323500821225003,332350,Anaktuvuk Pass,2021-02-01,2021,2,peak_consumption_kw,1047,outlier_check
A3323500921225003_peak_consumption_kw,A3323500921225003,332350,Anaktuvuk Pass,2021-03-01,2021,3,peak_consumption_kw,1899,outlier_check
A3323501121225003_peak_consumption_kw,A3323501121225003,332350,Anaktuvuk Pass,2021-05-01,2021,5,peak_consumption_kw,1900,outlier_check
A3323500722225003_peak_consumption_kw,A3323500722225003,332350,Anaktuvuk Pass,2022-01-01,2022,1,peak_consumption_kw,1183,outlier_check
A3323501123225003_peak_consumption_kw,A3323501123225003,332350,Anaktuvuk Pass,2023-05-01,2023,5,peak_consumption_kw,4415,outlier_check
A3323500826225003_residential_sold_to,A3323500826225003,332350,Anaktuvuk Pass,2026-02-01,2026,2,residential_sold_to,136637,outlier_check
A3326500126225003_commercial_sold_to,A3326500126225003,332650,Angoon,2025-07-01,2025,7,commercial_sold_to,84044,outlier_check
A3326500226225003_commercial_sold_to,A3326500226225003,332650,Angoon,2025-08-01,2025,8,commercial_sold_to,92412,outlier_check
A3326500326225003_commercial_sold_to,A3326500326225003,332650,Angoon,2025-09-01,2025,9,commercial_sold_to,84646,outlier_check
A3326500726225003_residential_sold_to,A3326500726225003,332650,Angoon,2026-01-01,2026,1,residential_sold_to,101165,outlier_check
A3326500826225003_residential_customers,A3326500826225003,332650,Angoon,2026-02-01,2026,2,residential_customers,142,outlier_check
A3326500926225003_residential_customers,A3326500926225003,332650,Angoon,2026-03-01,2026,3,residential_customers,141,outlier_check
A3326501026225003_residential_customers,A3326501026225003,332650,Angoon,2026-04-01,2026,4,residential_customers,142,outlier_check
A3326500127225003_commercial_sold_to,A3326500127225003,332650,Angoon,2026-07-01,2026,7,commercial_sold_to,88260,outlier_check
A3326500227225003_commercial_sold_to,A3326500227225003,332650,Angoon,2026-08-01,2026,8,commercial_sold_to,90320,outlier_check
A3317600717225003_unbilled_sold_to,A3317600717225003,331760,Aniak,2017-01-01,2017,1,unbilled_sold_to,12655,outlier_check
A3317600719225003_unbilled_sold_to,A3317600719225003,331760,Aniak,2019-01-01,2019,1,unbilled_sold_to,12145,outlier_check
A3317600720225003_unbilled_sold_to,A3317600720225003,331760,Aniak,2020-01-01,2020,1,unbilled_sold_to,12098,outlier_check
A3317600822225003_peak_consumption_kw,A3317600822225003,331760,Aniak,2022-02-01,2022,2,peak_consumption_kw,52,outlier_check
A3317600925225003_peak_consumption_kw,A3317600925225003,331760,Aniak,2025-03-01,2025,3,peak_consumption_kw,2901,outlier_check
A3317600626225003_com_facil_sold_to,A3317600626225003,331760,Aniak,2025-12-01,2025,12,com_facil_sold_to,13347,outlier_check
A3317600726225003_com_facil_sold_to,A3317600726225003,331760,Aniak,2026-01-01,2026,1,com_facil_sold_to,16806,outlier_check
A3317600926225003_com_facil_sold_to,A3317600926225003,331760,Aniak,2026-03-01,2026,3,com_facil_sold_to,15336,outlier_check
A3312600116225003_com_facil_sold_to,A3312600116225003,331260,Anvik,2015-07-01,2015,7,com_facil_sold_to,4177,outlier_check
A3312600216225003_com_facil_sold_to,A3312600216225003,331260,Anvik,2015-08-01,2015,8,com_facil_sold_to,4183,outlier_check
A3312600316225003_com_facil_sold_to,A3312600316225003,331260,Anvik,2015-09-01,2015,9,com_facil_sold_to,4647,outlier_check
A3312600416225003_com_facil_sold_to,A3312600416225003,331260,Anvik,2015-10-01,2015,10,com_facil_sold_to,4824,outlier_check
A3312600516225003_com_facil_sold_to,A3312600516225003,331260,Anvik,2015-11-01,2015,11,com_facil_sold_to,5530,outlier_check
A3312600616225003_fuel_used_gallons,A3312600616225003,331260,Anvik,2015-12-01,2015,12,fuel_used_gallons,1194,outlier_check
A3312600616225003_commercial_sold_to,A3312600616225003,331260,Anvik,2015-12-01,2015,12,commercial_sold_to,10356,outlier_check
A3312600616225003_com_facil_sold_to,A3312600616225003,331260,Anvik,2015-12-01,2015,12,com_facil_sold_to,5530,outlier_check
A3312600716225003_commercial_sold_to,A3312600716225003,331260,Anvik,2016-01-01,2016,1,commercial_sold_to,10649,outlier_check
A3312600716225003_com_facil_sold_to,A3312600716225003,331260,Anvik,2016-01-01,2016,1,com_facil_sold_to,5560,outlier_check
A3312600217225003_residential_customers,A3312600217225003,331260,Anvik,2016-08-01,2016,8,residential_customers,122,outlier_check
A3312600417225003_residential_customers,A3312600417225003,331260,Anvik,2016-10-01,2016,10,residential_customers,161,outlier_check
A3312600517225003_residential_customers,A3312600517225003,331260,Anvik,2016-11-01,2016,11,residential_customers,161,outlier_check
A3312600617225003_fuel_used_gallons,A3312600617225003,331260,Anvik,2016-12-01,2016,12,fuel_used_gallons,-4248,outlier_check
A3312600717225003_residential_customers,A3312600717225003,331260,Anvik,2017-01-01,2017,1,residential_customers,161,outlier_check
A3312600817225003_residential_customers,A3312600817225003,331260,Anvik,2017-02-01,2017,2,residential_customers,161,outlier_check
A3312600618225003_fuel_used_gallons,A3312600618225003,331260,Anvik,2017-12-01,2017,12,fuel_used_gallons,872,outlier_check
A3312600520225003_com_facil_sold_to,A3312600520225003,331260,Anvik,2019-11-01,2019,11,com_facil_sold_to,15273,outlier_check
A3312600620225003_fuel_used_gallons,A3312600620225003,331260,Anvik,2019-12-01,2019,12,fuel_used_gallons,614,outlier_check
A3312600620225003_com_facil_sold_to,A3312600620225003,331260,Anvik,2019-12-01,2019,12,com_facil_sold_to,16859,outlier_check
A3312600621225003_fuel_used_gallons,A3312600621225003,331260,Anvik,2020-12-01,2020,12,fuel_used_gallons,429,outlier_check
A3312600622225003_fuel_used_gallons,A3312600622225003,331260,Anvik,2021-12-01,2021,12,fuel_used_gallons,4515,outlier_check
A3312600623225003_fuel_used_gallons,A3312600623225003,331260,Anvik,2022-12-01,2022,12,fuel_used_gallons,-3228,outlier_check
A3312601223225003_fuel_used_gallons,A3312601223225003,331260,Anvik,2023-06-01,2023,6,fuel_used_gallons,0,outlier_check
A3312601125225003_fuel_used_gallons,A3312601125225003,331260,Anvik,2025-05-01,2025,5,fuel_used_gallons,0,outlier_check
A3312600526225003_wind_kwh_generated,A3312600526225003,331260,Anvik,2025-11-01,2025,11,wind_kwh_generated,190906,outlier_check
A3312600526225003_commercial_sold_to,A3312600526225003,331260,Anvik,2025-11-01,2025,11,commercial_sold_to,10073,outlier_check
A3312600526225003_com_facil_sold_to,A3312600526225003,331260,Anvik,2025-11-01,2025,11,com_facil_sold_to,4359,outlier_check
A3312600626225003_com_facil_sold_to,A3312600626225003,331260,Anvik,2025-12-01,2025,12,com_facil_sold_to,4129,outlier_check
A3312600726225003_com_facil_sold_to,A3312600726225003,331260,Anvik,2026-01-01,2026,1,com_facil_sold_to,4456,outlier_check
A3312600826225003_com_facil_sold_to,A3312600826225003,331260,Anvik,2026-02-01,2026,2,com_facil_sold_to,4237,outlier_check
A3312600826225003_govt_facil_sold_to,A3312600826225003,331260,Anvik,2026-02-01,2026,2,govt_facil_sold_to,31922,outlier_check
A3312600926225003_com_facil_sold_to,A3312600926225003,331260,Anvik,2026-03-01,2026,3,com_facil_sold_to,4626,outlier_check
A3312601026225003_com_facil_sold_to,A3312601026225003,331260,Anvik,2026-04-01,2026,4,com_facil_sold_to,3859,outlier_check
A3312601126225003_residential_sold_to,A3312601126225003,331260,Anvik,2026-05-01,2026,5,residential_sold_to,0,outlier_check
A3312601126225003_com_facil_sold_to,A3312601126225003,331260,Anvik,2026-05-01,2026,5,com_facil_sold_to,0,outlier_check
A3317701018225003_govt_facil_sold_to,A3317701018225003,331770,Arctic Village,2018-04-01,2018,4,govt_facil_sold_to,2432,outlier_check
A3317700422225003_fuel_used_gallons,A3317700422225003,331770,Arctic Village,2021-10-01,2021,10,fuel_used_gallons,13695,outlier_check
A3317700422225003_residential_sold_to,A3317700422225003,331770,Arctic Village,2021-10-01,2021,10,residential_sold_to,54203,outlier_check
A3317700822225003_fuel_used_gallons,A3317700822225003,331770,Arctic Village,2022-02-01,2022,2,fuel_used_gallons,20356,outlier_check
A3317700323225003_unbilled_sold_to,A3317700323225003,331770,Arctic Village,2022-09-01,2022,9,unbilled_sold_to,11386,outlier_check
A3317700523225003_residential_sold_to,A3317700523225003,331770,Arctic Village,2022-11-01,2022,11,residential_sold_to,48466,outlier_check
A3317700523225003_com_facil_sold_to,A3317700523225003,331770,Arctic Village,2022-11-01,2022,11,com_facil_sold_to,49602,outlier_check
A3317700723225003_com_facil_sold_to,A3317700723225003,331770,Arctic Village,2023-01-01,2023,1,com_facil_sold_to,47210,outlier_check
A3317700923225003_residential_sold_to,A3317700923225003,331770,Arctic Village,2023-03-01,2023,3,residential_sold_to,47927,outlier_check
A3317700923225003_com_facil_sold_to,A3317700923225003,331770,Arctic Village,2023-03-01,2023,3,com_facil_sold_to,48824,outlier_check
A3317700124225003_residential_sold_to,A3317700124225003,331770,Arctic Village,2023-07-01,2023,7,residential_sold_to,69278,outlier_check
A3317700824225003_commercial_sold_to,A3317700824225003,331770,Arctic Village,2024-02-01,2024,2,commercial_sold_to,51862,outlier_check
A3317700924225003_commercial_sold_to,A3317700924225003,331770,Arctic Village,2024-03-01,2024,3,commercial_sold_to,51862,outlier_check
A3317701024225003_commercial_sold_to,A3317701024225003,331770,Arctic Village,2024-04-01,2024,4,commercial_sold_to,51862,outlier_check
A3317701124225003_commercial_sold_to,A3317701124225003,331770,Arctic Village,2024-05-01,2024,5,commercial_sold_to,51862,outlier_check
A3317701224225003_commercial_sold_to,A3317701224225003,331770,Arctic Village,2024-06-01,2024,6,commercial_sold_to,51890,outlier_check
A3317700125225003_commercial_sold_to,A3317700125225003,331770,Arctic Village,2024-07-01,2024,7,commercial_sold_to,64508,outlier_check
A3317700225225003_unbilled_sold_to,A3317700225225003,331770,Arctic Village,2024-08-01,2024,8,unbilled_sold_to,33847,outlier_check
A3317700525225003_unbilled_sold_to,A3317700525225003,331770,Arctic Village,2024-11-01,2024,11,unbilled_sold_to,22906,outlier_check
A3317700825225003_unbilled_sold_to,A3317700825225003,331770,Arctic Village,2025-02-01,2025,2,unbilled_sold_to,17710,outlier_check
A3317700626225003_fuel_used_gallons,A3317700626225003,331770,Arctic Village,2025-12-01,2025,12,fuel_used_gallons,26187,outlier_check
A3317700626225003_diesel_kwh_generated,A3317700626225003,331770,Arctic Village,2025-12-01,2025,12,diesel_kwh_generated,2903112,outlier_check
A3317700626225003_unbilled_sold_to,A3317700626225003,331770,Arctic Village,2025-12-01,2025,12,unbilled_sold_to,18003,outlier_check
A3317700826225003_unbilled_sold_to,A3317700826225003,331770,Arctic Village,2026-02-01,2026,2,unbilled_sold_to,12072,outlier_check
A3317701026225003_powerhouse_consumption_kwh,A3317701026225003,331770,Arctic Village,2026-04-01,2026,4,powerhouse_consumption_kwh,16508,outlier_check
A3317701126225003_unbilled_sold_to,A3317701126225003,331770,Arctic Village,2026-05-01,2026,5,unbilled_sold_to,12851,outlier_check
A3317500716225003_govt_facil_sold_to,A3317500716225003,331750,Atka,2016-01-01,2016,1,govt_facil_sold_to,8776,outlier_check
A3317500217225003_fuel_used_gallons,A3317500217225003,331750,Atka,2016-08-01,2016,8,fuel_used_gallons,3927,outlier_check
A3317500217225003_diesel_kwh_generated,A3317500217225003,331750,Atka,2016-08-01,2016,8,diesel_kwh_generated,33921,outlier_check
A3317500917225003_unbilled_sold_to,A3317500917225003,331750,Atka,2017-03-01,2017,3,unbilled_sold_to,330,outlier_check
A3317500618225003_peak_consumption_kw,A3317500618225003,331750,Atka,2017-12-01,2017,12,peak_consumption_kw,130,outlier_check
A3317500718225003_unbilled_sold_to,A3317500718225003,331750,Atka,2018-01-01,2018,1,unbilled_sold_to,378,outlier_check
A3317500421225003_peak_consumption_kw,A3317500421225003,331750,Atka,2020-10-01,2020,10,peak_consumption_kw,0,outlier_check
A3317500624225003_residential_sold_to,A3317500624225003,331750,Atka,2023-12-01,2023,12,residential_sold_to,18231,outlier_check
A3317500624225003_com_facil_sold_to,A3317500624225003,331750,Atka,2023-12-01,2023,12,com_facil_sold_to,13304,outlier_check
A3317500724225003_peak_consumption_kw,A3317500724225003,331750,Atka,2024-01-01,2024,1,peak_consumption_kw,112,outlier_check
A3317800616225003_fuel_used_gallons,A3317800616225003,331780,Atmautluak,2015-12-01,2015,12,fuel_used_gallons,0,outlier_check
A3317800616225003_powerhouse_consumption_kwh,A3317800616225003,331780,Atmautluak,2015-12-01,2015,12,powerhouse_consumption_kwh,0,outlier_check
A3317800716225003_fuel_used_gallons,A3317800716225003,331780,Atmautluak,2016-01-01,2016,1,fuel_used_gallons,11792,outlier_check
A3317800716225003_powerhouse_consumption_kwh,A3317800716225003,331780,Atmautluak,2016-01-01,2016,1,powerhouse_consumption_kwh,0,outlier_check
A3317800816225003_powerhouse_consumption_kwh,A3317800816225003,331780,Atmautluak,2016-02-01,2016,2,powerhouse_consumption_kwh,0,outlier_check
A3317800916225003_powerhouse_consumption_kwh,A3317800916225003,331780,Atmautluak,2016-03-01,2016,3,powerhouse_consumption_kwh,0,outlier_check
A3317800217225003_govt_facil_sold_to,A3317800217225003,331780,Atmautluak,2016-08-01,2016,8,govt_facil_sold_to,18048,outlier_check
A3317800118225003_govt_facil_sold_to,A3317800118225003,331780,Atmautluak,2017-07-01,2017,7,govt_facil_sold_to,13628,outlier_check
A3317800718225003_govt_facil_sold_to,A3317800718225003,331780,Atmautluak,2018-01-01,2018,1,govt_facil_sold_to,29960,outlier_check
A3317800818225003_powerhouse_consumption_kwh,A3317800818225003,331780,Atmautluak,2018-02-01,2018,2,powerhouse_consumption_kwh,0,outlier_check
A3317800918225003_powerhouse_consumption_kwh,A3317800918225003,331780,Atmautluak,2018-03-01,2018,3,powerhouse_consumption_kwh,0,outlier_check
A3317801018225003_powerhouse_consumption_kwh,A3317801018225003,331780,Atmautluak,2018-04-01,2018,4,powerhouse_consumption_kwh,0,outlier_check
A3317801118225003_powerhouse_consumption_kwh,A3317801118225003,331780,Atmautluak,2018-05-01,2018,5,powerhouse_consumption_kwh,0,outlier_check
A3317801218225003_powerhouse_consumption_kwh,A3317801218225003,331780,Atmautluak,2018-06-01,2018,6,powerhouse_consumption_kwh,0,outlier_check
A3317800419225003_powerhouse_consumption_kwh,A3317800419225003,331780,Atmautluak,2018-10-01,2018,10,powerhouse_consumption_kwh,0,outlier_check
A3317800519225003_powerhouse_consumption_kwh,A3317800519225003,331780,Atmautluak,2018-11-01,2018,11,powerhouse_consumption_kwh,0,outlier_check
A3317800819225003_powerhouse_consumption_kwh,A3317800819225003,331780,Atmautluak,2019-02-01,2019,2,powerhouse_consumption_kwh,0,outlier_check
A3317800919225003_powerhouse_consumption_kwh,A3317800919225003,331780,Atmautluak,2019-03-01,2019,3,powerhouse_consumption_kwh,0,outlier_check
A3317801119225003_powerhouse_consumption_kwh,A3317801119225003,331780,Atmautluak,2019-05-01,2019,5,powerhouse_consumption_kwh,0,outlier_check
A3317801219225003_powerhouse_consumption_kwh,A3317801219225003,331780,Atmautluak,2019-06-01,2019,6,powerhouse_consumption_kwh,0,outlier_check
A3317800120225003_powerhouse_consumption_kwh,A3317800120225003,331780,Atmautluak,2019-07-01,2019,7,powerhouse_consumption_kwh,0,outlier_check
A3317800220225003_powerhouse_consumption_kwh,A3317800220225003,331780,Atmautluak,2019-08-01,2019,8,powerhouse_consumption_kwh,0,outlier_check
A3317800320225003_powerhouse_consumption_kwh,A3317800320225003,331780,Atmautluak,2019-09-01,2019,9,powerhouse_consumption_kwh,0,outlier_check
A3317800420225003_powerhouse_consumption_kwh,A3317800420225003,331780,Atmautluak,2019-10-01,2019,10,powerhouse_consumption_kwh,0,outlier_check
A3317800620225003_powerhouse_consumption_kwh,A3317800620225003,331780,Atmautluak,2019-12-01,2019,12,powerhouse_consumption_kwh,0,outlier_check
A3317800920225003_unbilled_sold_to,A3317800920225003,331780,Atmautluak,2020-03-01,2020,3,unbilled_sold_to,586,outlier_check
A3317800722225003_unbilled_sold_to,A3317800722225003,331780,Atmautluak,2022-01-01,2022,1,unbilled_sold_to,850,outlier_check
A3317800822225003_unbilled_sold_to,A3317800822225003,331780,Atmautluak,2022-02-01,2022,2,unbilled_sold_to,804,outlier_check
A3317800922225003_unbilled_sold_to,A3317800922225003,331780,Atmautluak,2022-03-01,2022,3,unbilled_sold_to,701,outlier_check
A3317801022225003_powerhouse_consumption_kwh,A3317801022225003,331780,Atmautluak,2022-04-01,2022,4,powerhouse_consumption_kwh,6780,outlier_check
A3317801022225003_unbilled_sold_to,A3317801022225003,331780,Atmautluak,2022-04-01,2022,4,unbilled_sold_to,757,outlier_check
A3317801122225003_powerhouse_consumption_kwh,A3317801122225003,331780,Atmautluak,2022-05-01,2022,5,powerhouse_consumption_kwh,9645,outlier_check
A3317801122225003_unbilled_sold_to,A3317801122225003,331780,Atmautluak,2022-05-01,2022,5,unbilled_sold_to,789,outlier_check
A3317801222225003_powerhouse_consumption_kwh,A3317801222225003,331780,Atmautluak,2022-06-01,2022,6,powerhouse_consumption_kwh,6029,outlier_check
A3317800123225003_powerhouse_consumption_kwh,A3317800123225003,331780,Atmautluak,2022-07-01,2022,7,powerhouse_consumption_kwh,6186,outlier_check
A3317800123225003_unbilled_sold_to,A3317800123225003,331780,Atmautluak,2022-07-01,2022,7,unbilled_sold_to,741,outlier_check
A3317800223225003_powerhouse_consumption_kwh,A3317800223225003,331780,Atmautluak,2022-08-01,2022,8,powerhouse_consumption_kwh,8019,outlier_check
A3317800323225003_powerhouse_consumption_kwh,A3317800323225003,331780,Atmautluak,2022-09-01,2022,9,powerhouse_consumption_kwh,7845,outlier_check
A3317800423225003_powerhouse_consumption_kwh,A3317800423225003,331780,Atmautluak,2022-10-01,2022,10,powerhouse_consumption_kwh,6533,outlier_check
A3317800423225003_unbilled_sold_to,A3317800423225003,331780,Atmautluak,2022-10-01,2022,10,unbilled_sold_to,732,outlier_check
A3317800523225003_powerhouse_consumption_kwh,A3317800523225003,331780,Atmautluak,2022-11-01,2022,11,powerhouse_consumption_kwh,8881,outlier_check
A3317800523225003_unbilled_sold_to,A3317800523225003,331780,Atmautluak,2022-11-01,2022,11,unbilled_sold_to,887,outlier_check
A3317800623225003_powerhouse_consumption_kwh,A3317800623225003,331780,Atmautluak,2022-12-01,2022,12,powerhouse_consumption_kwh,7437,outlier_check
A3317800623225003_unbilled_sold_to,A3317800623225003,331780,Atmautluak,2022-12-01,2022,12,unbilled_sold_to,710,outlier_check
A3317800823225003_powerhouse_consumption_kwh,A3317800823225003,331780,Atmautluak,2023-02-01,2023,2,powerhouse_consumption_kwh,7028,outlier_check
A3317800923225003_powerhouse_consumption_kwh,A3317800923225003,331780,Atmautluak,2023-03-01,2023,3,powerhouse_consumption_kwh,9111,outlier_check
A3317801023225003_powerhouse_consumption_kwh,A3317801023225003,331780,Atmautluak,2023-04-01,2023,4,powerhouse_consumption_kwh,7051,outlier_check
A3317801123225003_powerhouse_consumption_kwh,A3317801123225003,331780,Atmautluak,2023-05-01,2023,5,powerhouse_consumption_kwh,7630,outlier_check
A3317801223225003_powerhouse_consumption_kwh,A3317801223225003,331780,Atmautluak,2023-06-01,2023,6,powerhouse_consumption_kwh,7630,outlier_check
A3317800224225003_powerhouse_consumption_kwh,A3317800224225003,331780,Atmautluak,2023-08-01,2023,8,powerhouse_consumption_kwh,6878,outlier_check
A3317800324225003_powerhouse_consumption_kwh,A3317800324225003,331780,Atmautluak,2023-09-01,2023,9,powerhouse_consumption_kwh,9083,outlier_check
A3317800424225003_powerhouse_consumption_kwh,A3317800424225003,331780,Atmautluak,2023-10-01,2023,10,powerhouse_consumption_kwh,10103,outlier_check
A3317800524225003_powerhouse_consumption_kwh,A3317800524225003,331780,Atmautluak,2023-11-01,2023,11,powerhouse_consumption_kwh,9451,outlier_check
A3317800126225003_residential_rate,A3317800126225003,331780,Atmautluak,2025-07-01,2025,7,residential_rate,99.99,outlier_check
A3323600420225003_govt_facil_sold_to,A3323600420225003,332360,Atqasuk,2019-10-01,2019,10,govt_facil_sold_to,5493,outlier_check
A3323600520225003_govt_facil_sold_to,A3323600520225003,332360,Atqasuk,2019-11-01,2019,11,govt_facil_sold_to,8298,outlier_check
A3323600620225003_govt_facil_sold_to,A3323600620225003,332360,Atqasuk,2019-12-01,2019,12,govt_facil_sold_to,11150,outlier_check
A3323600720225003_govt_facil_sold_to,A3323600720225003,332360,Atqasuk,2020-01-01,2020,1,govt_facil_sold_to,12152,outlier_check
A3323600820225003_govt_facil_sold_to,A3323600820225003,332360,Atqasuk,2020-02-01,2020,2,govt_facil_sold_to,11341,outlier_check
A3323600920225003_govt_facil_sold_to,A3323600920225003,332360,Atqasuk,2020-03-01,2020,3,govt_facil_sold_to,10655,outlier_check
A3323601020225003_govt_facil_sold_to,A3323601020225003,332360,Atqasuk,2020-04-01,2020,4,govt_facil_sold_to,8525,outlier_check
A3323601120225003_govt_facil_sold_to,A3323601120225003,332360,Atqasuk,2020-05-01,2020,5,govt_facil_sold_to,7801,outlier_check
A3323600321225003_peak_consumption_kw,A3323600321225003,332360,Atqasuk,2020-09-01,2020,9,peak_consumption_kw,0,outlier_check
A3323600421225003_peak_consumption_kw,A3323600421225003,332360,Atqasuk,2020-10-01,2020,10,peak_consumption_kw,0,outlier_check
A3323601121225003_residential_customers,A3323601121225003,332360,Atqasuk,2021-05-01,2021,5,residential_customers,0,outlier_check
A3323601121225003_commercial_customers,A3323601121225003,332360,Atqasuk,2021-05-01,2021,5,commercial_customers,0,outlier_check
A3323601221225003_fuel_used_gallons,A3323601221225003,332360,Atqasuk,2021-06-01,2021,6,fuel_used_gallons,0,outlier_check
A3323600422225003_peak_consumption_kw,A3323600422225003,332360,Atqasuk,2021-10-01,2021,10,peak_consumption_kw,0,outlier_check
A3323600522225003_peak_consumption_kw,A3323600522225003,332360,Atqasuk,2021-11-01,2021,11,peak_consumption_kw,0,outlier_check
A3323600622225003_peak_consumption_kw,A3323600622225003,332360,Atqasuk,2021-12-01,2021,12,peak_consumption_kw,0,outlier_check
A3323600726225003_com_facil_sold_to,A3323600726225003,332360,Atqasuk,2026-01-01,2026,1,com_facil_sold_to,20090,outlier_check
A3317900517225003_diesel_kwh_generated,A3317900517225003,331790,Beaver,2016-11-01,2016,11,diesel_kwh_generated,167557,outlier_check
A3317900922225003_residential_sold_to,A3317900922225003,331790,Beaver,2022-03-01,2022,3,residential_sold_to,13548,outlier_check
A3318000516225003_commercial_sold_to,A3318000516225003,331800,"Bethel, Oscarville",2015-11-01,2015,11,commercial_sold_to,1911319,outlier_check
A3318000616225003_commercial_sold_to,A3318000616225003,331800,"Bethel, Oscarville",2015-12-01,2015,12,commercial_sold_to,1986335,outlier_check
A3318000716225003_commercial_sold_to,A3318000716225003,331800,"Bethel, Oscarville",2016-01-01,2016,1,commercial_sold_to,2022520,outlier_check
A3318000217225003_residential_customers,A3318000217225003,331800,"Bethel, Oscarville",2016-08-01,2016,8,residential_customers,163,outlier_check
A3318000417225003_residential_customers,A3318000417225003,331800,"Bethel, Oscarville",2016-10-01,2016,10,residential_customers,229,outlier_check
A3318000517225003_residential_customers,A3318000517225003,331800,"Bethel, Oscarville",2016-11-01,2016,11,residential_customers,230,outlier_check
A3318000717225003_residential_customers,A3318000717225003,331800,"Bethel, Oscarville",2017-01-01,2017,1,residential_customers,232,outlier_check
A3318000817225003_residential_customers,A3318000817225003,331800,"Bethel, Oscarville",2017-02-01,2017,2,residential_customers,232,outlier_check
A3318001223225003_fuel_used_gallons,A3318001223225003,331800,"Bethel, Oscarville",2023-06-01,2023,6,fuel_used_gallons,0,outlier_check
A3318001125225003_fuel_used_gallons,A3318001125225003,331800,"Bethel, Oscarville",2025-05-01,2025,5,fuel_used_gallons,0,outlier_check
A3318000526225003_commercial_sold_to,A3318000526225003,331800,"Bethel, Oscarville",2025-11-01,2025,11,commercial_sold_to,1847623,outlier_check
A3318000626225003_commercial_sold_to,A3318000626225003,331800,"Bethel, Oscarville",2025-12-01,2025,12,commercial_sold_to,1812517,outlier_check
A3318000726225003_residential_sold_to,A3318000726225003,331800,"Bethel, Oscarville",2026-01-01,2026,1,residential_sold_to,1525259,outlier_check
A3318000726225003_commercial_sold_to,A3318000726225003,331800,"Bethel, Oscarville",2026-01-01,2026,1,commercial_sold_to,2009153,outlier_check
A3318000926225003_commercial_sold_to,A3318000926225003,331800,"Bethel, Oscarville",2026-03-01,2026,3,commercial_sold_to,2001330,outlier_check
A3318001126225003_residential_sold_to,A3318001126225003,331800,"Bethel, Oscarville",2026-05-01,2026,5,residential_sold_to,0,outlier_check
A3318001126225003_commercial_sold_to,A3318001126225003,331800,"Bethel, Oscarville",2026-05-01,2026,5,commercial_sold_to,0,outlier_check
A3318001126225003_govt_facil_sold_to,A3318001126225003,331800,"Bethel, Oscarville",2026-05-01,2026,5,govt_facil_sold_to,0,outlier_check
A3310600220225003_peak_consumption_kw,A3310600220225003,331060,"Bettles, Evansville",2019-08-01,2019,8,peak_consumption_kw,0,outlier_check
A3310600622225003_powerhouse_consumption_kwh,A3310600622225003,331060,"Bettles, Evansville",2021-12-01,2021,12,powerhouse_consumption_kwh,2145,outlier_check
A3310600722225003_powerhouse_consumption_kwh,A3310600722225003,331060,"Bettles, Evansville",2022-01-01,2022,1,powerhouse_consumption_kwh,2467,outlier_check
A3310600822225003_powerhouse_consumption_kwh,A3310600822225003,331060,"Bettles, Evansville",2022-02-01,2022,2,powerhouse_consumption_kwh,2698,outlier_check
A3310600922225003_powerhouse_consumption_kwh,A3310600922225003,331060,"Bettles, Evansville",2022-03-01,2022,3,powerhouse_consumption_kwh,1554,outlier_check
A3310601022225003_powerhouse_consumption_kwh,A3310601022225003,331060,"Bettles, Evansville",2022-04-01,2022,4,powerhouse_consumption_kwh,1570,outlier_check
A3310600323225003_powerhouse_consumption_kwh,A3310600323225003,331060,"Bettles, Evansville",2022-09-01,2022,9,powerhouse_consumption_kwh,2121,outlier_check
A3310600423225003_powerhouse_consumption_kwh,A3310600423225003,331060,"Bettles, Evansville",2022-10-01,2022,10,powerhouse_consumption_kwh,2400,outlier_check
A3310600523225003_powerhouse_consumption_kwh,A3310600523225003,331060,"Bettles, Evansville",2022-11-01,2022,11,powerhouse_consumption_kwh,2613,outlier_check
A3310600623225003_powerhouse_consumption_kwh,A3310600623225003,331060,"Bettles, Evansville",2022-12-01,2022,12,powerhouse_consumption_kwh,2408,outlier_check
A3310600723225003_powerhouse_consumption_kwh,A3310600723225003,331060,"Bettles, Evansville",2023-01-01,2023,1,powerhouse_consumption_kwh,2244,outlier_check
A3310600823225003_powerhouse_consumption_kwh,A3310600823225003,331060,"Bettles, Evansville",2023-02-01,2023,2,powerhouse_consumption_kwh,2438,outlier_check
A3310600923225003_powerhouse_consumption_kwh,A3310600923225003,331060,"Bettles, Evansville",2023-03-01,2023,3,powerhouse_consumption_kwh,2170,outlier_check
A3310601023225003_powerhouse_consumption_kwh,A3310601023225003,331060,"Bettles, Evansville",2023-04-01,2023,4,powerhouse_consumption_kwh,2290,outlier_check
A3310601123225003_powerhouse_consumption_kwh,A3310601123225003,331060,"Bettles, Evansville",2023-05-01,2023,5,powerhouse_consumption_kwh,1721,outlier_check
A3310601223225003_powerhouse_consumption_kwh,A3310601223225003,331060,"Bettles, Evansville",2023-06-01,2023,6,powerhouse_consumption_kwh,1871,outlier_check
A3310600124225003_powerhouse_consumption_kwh,A3310600124225003,331060,"Bettles, Evansville",2023-07-01,2023,7,powerhouse_consumption_kwh,1636,outlier_check
A3310600224225003_powerhouse_consumption_kwh,A3310600224225003,331060,"Bettles, Evansville",2023-08-01,2023,8,powerhouse_consumption_kwh,1655,outlier_check
A3310600324225003_powerhouse_consumption_kwh,A3310600324225003,331060,"Bettles, Evansville",2023-09-01,2023,9,powerhouse_consumption_kwh,2318,outlier_check
A3310600424225003_powerhouse_consumption_kwh,A3310600424225003,331060,"Bettles, Evansville",2023-10-01,2023,10,powerhouse_consumption_kwh,2207,outlier_check
A3310600524225003_powerhouse_consumption_kwh,A3310600524225003,331060,"Bettles, Evansville",2023-11-01,2023,11,powerhouse_consumption_kwh,2401,outlier_check
A3310600624225003_powerhouse_consumption_kwh,A3310600624225003,331060,"Bettles, Evansville",2023-12-01,2023,12,powerhouse_consumption_kwh,2221,outlier_check
A3310600724225003_powerhouse_consumption_kwh,A3310600724225003,331060,"Bettles, Evansville",2024-01-01,2024,1,powerhouse_consumption_kwh,2364,outlier_check
A3310600824225003_powerhouse_consumption_kwh,A3310600824225003,331060,"Bettles, Evansville",2024-02-01,2024,2,powerhouse_consumption_kwh,2675,outlier_check
A3310600924225003_powerhouse_consumption_kwh,A3310600924225003,331060,"Bettles, Evansville",2024-03-01,2024,3,powerhouse_consumption_kwh,2461,outlier_check
A3310601024225003_powerhouse_consumption_kwh,A3310601024225003,331060,"Bettles, Evansville",2024-04-01,2024,4,powerhouse_consumption_kwh,2454,outlier_check
A3310601124225003_powerhouse_consumption_kwh,A3310601124225003,331060,"Bettles, Evansville",2024-05-01,2024,5,powerhouse_consumption_kwh,1925,outlier_check
A3310601224225003_powerhouse_consumption_kwh,A3310601224225003,331060,"Bettles, Evansville",2024-06-01,2024,6,powerhouse_consumption_kwh,1734,outlier_check
A3310600125225003_powerhouse_consumption_kwh,A3310600125225003,331060,"Bettles, Evansville",2024-07-01,2024,7,powerhouse_consumption_kwh,1542,outlier_check
A3310600225225003_powerhouse_consumption_kwh,A3310600225225003,331060,"Bettles, Evansville",2024-08-01,2024,8,powerhouse_consumption_kwh,1748,outlier_check
A3310600325225003_powerhouse_consumption_kwh,A3310600325225003,331060,"Bettles, Evansville",2024-09-01,2024,9,powerhouse_consumption_kwh,1943,outlier_check
A3310600425225003_powerhouse_consumption_kwh,A3310600425225003,331060,"Bettles, Evansville",2024-10-01,2024,10,powerhouse_consumption_kwh,2714,outlier_check
A3310600525225003_powerhouse_consumption_kwh,A3310600525225003,331060,"Bettles, Evansville",2024-11-01,2024,11,powerhouse_consumption_kwh,3416,outlier_check
A3310600625225003_powerhouse_consumption_kwh,A3310600625225003,331060,"Bettles, Evansville",2024-12-01,2024,12,powerhouse_consumption_kwh,2541,outlier_check
A3310600725225003_powerhouse_consumption_kwh,A3310600725225003,331060,"Bettles, Evansville",2025-01-01,2025,1,powerhouse_consumption_kwh,2941,outlier_check
A3310600825225003_powerhouse_consumption_kwh,A3310600825225003,331060,"Bettles, Evansville",2025-02-01,2025,2,powerhouse_consumption_kwh,3249,outlier_check
A3310600925225003_powerhouse_consumption_kwh,A3310600925225003,331060,"Bettles, Evansville",2025-03-01,2025,3,powerhouse_consumption_kwh,3092,outlier_check
A3310601025225003_powerhouse_consumption_kwh,A3310601025225003,331060,"Bettles, Evansville",2025-04-01,2025,4,powerhouse_consumption_kwh,3337,outlier_check
A3310601125225003_powerhouse_consumption_kwh,A3310601125225003,331060,"Bettles, Evansville",2025-05-01,2025,5,powerhouse_consumption_kwh,2555,outlier_check
A3310601225225003_powerhouse_consumption_kwh,A3310601225225003,331060,"Bettles, Evansville",2025-06-01,2025,6,powerhouse_consumption_kwh,1975,outlier_check
A3310600126225003_powerhouse_consumption_kwh,A3310600126225003,331060,"Bettles, Evansville",2025-07-01,2025,7,powerhouse_consumption_kwh,2979,outlier_check
A3310600226225003_powerhouse_consumption_kwh,A3310600226225003,331060,"Bettles, Evansville",2025-08-01,2025,8,powerhouse_consumption_kwh,3049,outlier_check
A3310600326225003_powerhouse_consumption_kwh,A3310600326225003,331060,"Bettles, Evansville",2025-09-01,2025,9,powerhouse_consumption_kwh,3024,outlier_check
A3310600426225003_powerhouse_consumption_kwh,A3310600426225003,331060,"Bettles, Evansville",2025-10-01,2025,10,powerhouse_consumption_kwh,3226,outlier_check
A3310600526225003_powerhouse_consumption_kwh,A3310600526225003,331060,"Bettles, Evansville",2025-11-01,2025,11,powerhouse_consumption_kwh,3556,outlier_check
A3310600626225003_powerhouse_consumption_kwh,A3310600626225003,331060,"Bettles, Evansville",2025-12-01,2025,12,powerhouse_consumption_kwh,4168,outlier_check
A3310600726225003_powerhouse_consumption_kwh,A3310600726225003,331060,"Bettles, Evansville",2026-01-01,2026,1,powerhouse_consumption_kwh,4916,outlier_check
A3310600826225003_powerhouse_consumption_kwh,A3310600826225003,331060,"Bettles, Evansville",2026-02-01,2026,2,powerhouse_consumption_kwh,4882,outlier_check
A3310600926225003_powerhouse_consumption_kwh,A3310600926225003,331060,"Bettles, Evansville",2026-03-01,2026,3,powerhouse_consumption_kwh,4541,outlier_check
A3310601026225003_powerhouse_consumption_kwh,A3310601026225003,331060,"Bettles, Evansville",2026-04-01,2026,4,powerhouse_consumption_kwh,4693,outlier_check
A3310601126225003_powerhouse_consumption_kwh,A3310601126225003,331060,"Bettles, Evansville",2026-05-01,2026,5,powerhouse_consumption_kwh,3797,outlier_check
A3310601226225003_powerhouse_consumption_kwh,A3310601226225003,331060,"Bettles, Evansville",2026-06-01,2026,6,powerhouse_consumption_kwh,3146,outlier_check
A3318100718225003_powerhouse_consumption_kwh,A3318100718225003,331810,Birch Creek,2018-01-01,2018,1,powerhouse_consumption_kwh,1021,outlier_check
A3318101219225003_peak_consumption_kw,A3318101219225003,331810,Birch Creek,2019-06-01,2019,6,peak_consumption_kw,401,outlier_check
A3318100722225003_peak_consumption_kw,A3318100722225003,331810,Birch Creek,2022-01-01,2022,1,peak_consumption_kw,612,outlier_check
A3318100822225003_residential_sold_to,A3318100822225003,331810,Birch Creek,2022-02-01,2022,2,residential_sold_to,6419,outlier_check
A3318101022225003_residential_sold_to,A3318101022225003,331810,Birch Creek,2022-04-01,2022,4,residential_sold_to,5848,outlier_check
A3312701223225003_fuel_used_gallons,A3312701223225003,331270,Brevig Mission,2023-06-01,2023,6,fuel_used_gallons,0,outlier_check
A3312701125225003_fuel_used_gallons,A3312701125225003,331270,Brevig Mission,2025-05-01,2025,5,fuel_used_gallons,0,outlier_check
A3312700526225003_commercial_sold_to,A3312700526225003,331270,Brevig Mission,2025-11-01,2025,11,commercial_sold_to,32361,outlier_check
A3312700526225003_com_facil_sold_to,A3312700526225003,331270,Brevig Mission,2025-11-01,2025,11,com_facil_sold_to,762,outlier_check
A3312700626225003_commercial_sold_to,A3312700626225003,331270,Brevig Mission,2025-12-01,2025,12,commercial_sold_to,33283,outlier_check
A3312700626225003_com_facil_sold_to,A3312700626225003,331270,Brevig Mission,2025-12-01,2025,12,com_facil_sold_to,761,outlier_check
A3312700726225003_commercial_sold_to,A3312700726225003,331270,Brevig Mission,2026-01-01,2026,1,commercial_sold_to,37665,outlier_check
A3312700726225003_com_facil_sold_to,A3312700726225003,331270,Brevig Mission,2026-01-01,2026,1,com_facil_sold_to,738,outlier_check
A3312700826225003_commercial_sold_to,A3312700826225003,331270,Brevig Mission,2026-02-01,2026,2,commercial_sold_to,34460,outlier_check
A3312700826225003_com_facil_sold_to,A3312700826225003,331270,Brevig Mission,2026-02-01,2026,2,com_facil_sold_to,662,outlier_check
A3312700926225003_commercial_sold_to,A3312700926225003,331270,Brevig Mission,2026-03-01,2026,3,commercial_sold_to,35854,outlier_check
A3312700926225003_com_facil_sold_to,A3312700926225003,331270,Brevig Mission,2026-03-01,2026,3,com_facil_sold_to,525,outlier_check
A3312701026225003_commercial_sold_to,A3312701026225003,331270,Brevig Mission,2026-04-01,2026,4,commercial_sold_to,31486,outlier_check
A3312701026225003_com_facil_sold_to,A3312701026225003,331270,Brevig Mission,2026-04-01,2026,4,com_facil_sold_to,529,outlier_check
A3312701126225003_residential_sold_to,A3312701126225003,331270,Brevig Mission,2026-05-01,2026,5,residential_sold_to,0,outlier_check
A3312701126225003_com_facil_sold_to,A3312701126225003,331270,Brevig Mission,2026-05-01,2026,5,com_facil_sold_to,0,outlier_check
A3318200418225003_peak_consumption_kw,A3318200418225003,331820,Buckland,2017-10-01,2017,10,peak_consumption_kw,0,outlier_check
A3318200922225003_powerhouse_consumption_kwh,A3318200922225003,331820,Buckland,2022-03-01,2022,3,powerhouse_consumption_kwh,21233,outlier_check
A3318201022225003_com_facil_sold_to,A3318201022225003,331820,Buckland,2022-04-01,2022,4,com_facil_sold_to,31984,outlier_check
A3318200523225003_govt_facil_sold_to,A3318200523225003,331820,Buckland,2022-11-01,2022,11,govt_facil_sold_to,49701,outlier_check
A3318200723225003_unbilled_customers,A3318200723225003,331820,Buckland,2023-01-01,2023,1,unbilled_customers,969,outlier_check
A3318200823225003_unbilled_customers,A3318200823225003,331820,Buckland,2023-02-01,2023,2,unbilled_customers,992,outlier_check
A3318200923225003_fuel_used_gallons,A3318200923225003,331820,Buckland,2023-03-01,2023,3,fuel_used_gallons,34946,outlier_check
A3318200824225003_peak_consumption_kw,A3318200824225003,331820,Buckland,2024-02-01,2024,2,peak_consumption_kw,0,outlier_check
A3318200924225003_peak_consumption_kw,A3318200924225003,331820,Buckland,2024-03-01,2024,3,peak_consumption_kw,0,outlier_check
A3318201024225003_peak_consumption_kw,A3318201024225003,331820,Buckland,2024-04-01,2024,4,peak_consumption_kw,0,outlier_check
A3318201124225003_peak_consumption_kw,A3318201124225003,331820,Buckland,2024-05-01,2024,5,peak_consumption_kw,0,outlier_check
A3318201224225003_peak_consumption_kw,A3318201224225003,331820,Buckland,2024-06-01,2024,6,peak_consumption_kw,0,outlier_check
A3318200125225003_peak_consumption_kw,A3318200125225003,331820,Buckland,2024-07-01,2024,7,peak_consumption_kw,0,outlier_check
A3318200225225003_solar_kwh_generated,A3318200225225003,331820,Buckland,2024-08-01,2024,8,solar_kwh_generated,36580,outlier_check
A3318200925225003_solar_kwh_generated,A3318200925225003,331820,Buckland,2025-03-01,2025,3,solar_kwh_generated,34305,outlier_check
A3318200826225003_total_kwh_purchased,A3318200826225003,331820,Buckland,2026-02-01,2026,2,total_kwh_purchased,100179,outlier_check
A3318201026225003_com_facil_sold_to,A3318201026225003,331820,Buckland,2026-04-01,2026,4,com_facil_sold_to,23558,outlier_check
A3318201126225003_govt_facil_sold_to,A3318201126225003,331820,Buckland,2026-05-01,2026,5,govt_facil_sold_to,32390,outlier_check
A3318301118225003_peak_consumption_kw,A3318301118225003,331830,Central,2018-05-01,2018,5,peak_consumption_kw,250,outlier_check
A3318300219225003_peak_consumption_kw,A3318300219225003,331830,Central,2018-08-01,2018,8,peak_consumption_kw,180,outlier_check
A3318300621225003_powerhouse_consumption_kwh,A3318300621225003,331830,Central,2020-12-01,2020,12,powerhouse_consumption_kwh,2081,outlier_check
A3318300921225003_powerhouse_consumption_kwh,A3318300921225003,331830,Central,2021-03-01,2021,3,powerhouse_consumption_kwh,2003,outlier_check
A3318300123225003_powerhouse_consumption_kwh,A3318300123225003,331830,Central,2022-07-01,2022,7,powerhouse_consumption_kwh,2365,outlier_check
A3318300223225003_powerhouse_consumption_kwh,A3318300223225003,331830,Central,2022-08-01,2022,8,powerhouse_consumption_kwh,2273,outlier_check
A3318301223225003_powerhouse_consumption_kwh,A3318301223225003,331830,Central,2023-06-01,2023,6,powerhouse_consumption_kwh,2485,outlier_check
A3318400617225003_fuel_used_gallons,A3318400617225003,331840,Chalkyitsik,2016-12-01,2016,12,fuel_used_gallons,13237,outlier_check
A3318401018225003_commercial_sold_to,A3318401018225003,331840,Chalkyitsik,2018-04-01,2018,4,commercial_sold_to,8060,outlier_check
A3318401118225003_commercial_sold_to,A3318401118225003,331840,Chalkyitsik,2018-05-01,2018,5,commercial_sold_to,7997,outlier_check
A3318400619225003_fuel_used_gallons,A3318400619225003,331840,Chalkyitsik,2018-12-01,2018,12,fuel_used_gallons,5237,outlier_check
A3318400619225003_diesel_kwh_generated,A3318400619225003,331840,Chalkyitsik,2018-12-01,2018,12,diesel_kwh_generated,56390,outlier_check
A3318400619225003_residential_sold_to,A3318400619225003,331840,Chalkyitsik,2018-12-01,2018,12,residential_sold_to,10580,outlier_check
A3318400619225003_com_facil_sold_to,A3318400619225003,331840,Chalkyitsik,2018-12-01,2018,12,com_facil_sold_to,19795,outlier_check
A3318400621225003_fuel_used_gallons,A3318400621225003,331840,Chalkyitsik,2020-12-01,2020,12,fuel_used_gallons,0,outlier_check
A3318400721225003_fuel_used_gallons,A3318400721225003,331840,Chalkyitsik,2021-01-01,2021,1,fuel_used_gallons,0,outlier_check
A3318400821225003_fuel_used_gallons,A3318400821225003,331840,Chalkyitsik,2021-02-01,2021,2,fuel_used_gallons,0,outlier_check
A3323100817225003_fuel_used_gallons,A3323100817225003,332310,Chefornak,2017-02-01,2017,2,fuel_used_gallons,22696,outlier_check
A3323100919225003_unbilled_sold_to,A3323100919225003,332310,Chefornak,2019-03-01,2019,3,unbilled_sold_to,2968,outlier_check
A3323100421225003_powerhouse_consumption_kwh,A3323100421225003,332310,Chefornak,2020-10-01,2020,10,powerhouse_consumption_kwh,8375,outlier_check
A3323100521225003_powerhouse_consumption_kwh,A3323100521225003,332310,Chefornak,2020-11-01,2020,11,powerhouse_consumption_kwh,8336,outlier_check
A3323101221225003_powerhouse_consumption_kwh,A3323101221225003,332310,Chefornak,2021-06-01,2021,6,powerhouse_consumption_kwh,7469,outlier_check
A3323100622225003_fuel_used_gallons,A3323100622225003,332310,Chefornak,2021-12-01,2021,12,fuel_used_gallons,0,outlier_check
A3323100622225003_diesel_kwh_generated,A3323100622225003,332310,Chefornak,2021-12-01,2021,12,diesel_kwh_generated,0,outlier_check
A3323100622225003_peak_consumption_kw,A3323100622225003,332310,Chefornak,2021-12-01,2021,12,peak_consumption_kw,0,outlier_check
A3323100622225003_residential_sold_to,A3323100622225003,332310,Chefornak,2021-12-01,2021,12,residential_sold_to,69136,outlier_check
A3323100622225003_commercial_sold_to,A3323100622225003,332310,Chefornak,2021-12-01,2021,12,commercial_sold_to,25933,outlier_check
A3323100622225003_unbilled_sold_to,A3323100622225003,332310,Chefornak,2021-12-01,2021,12,unbilled_sold_to,2647,outlier_check
A3323100722225003_unbilled_sold_to,A3323100722225003,332310,Chefornak,2022-01-01,2022,1,unbilled_sold_to,2641,outlier_check
A3323100822225003_unbilled_sold_to,A3323100822225003,332310,Chefornak,2022-02-01,2022,2,unbilled_sold_to,2795,outlier_check
A3323100922225003_unbilled_sold_to,A3323100922225003,332310,Chefornak,2022-03-01,2022,3,unbilled_sold_to,3102,outlier_check
A3323101122225003_peak_consumption_kw,A3323101122225003,332310,Chefornak,2022-05-01,2022,5,peak_consumption_kw,700,outlier_check
A3323101222225003_peak_consumption_kw,A3323101222225003,332310,Chefornak,2022-06-01,2022,6,peak_consumption_kw,700,outlier_check
A3323100724225003_peak_consumption_kw,A3323100724225003,332310,Chefornak,2024-01-01,2024,1,peak_consumption_kw,535,outlier_check
A3323100226225003_fuel_used_gallons,A3323100226225003,332310,Chefornak,2025-08-01,2025,8,fuel_used_gallons,597,outlier_check
A3323100526225003_peak_consumption_kw,A3323100526225003,332310,Chefornak,2025-11-01,2025,11,peak_consumption_kw,524,outlier_check
A3318500616225003_govt_facil_sold_to,A3318500616225003,331850,Chenega Bay,2015-12-01,2015,12,govt_facil_sold_to,2310,outlier_check
A3318500716225003_govt_facil_sold_to,A3318500716225003,331850,Chenega Bay,2016-01-01,2016,1,govt_facil_sold_to,6149,outlier_check
A3318500717225003_govt_facil_sold_to,A3318500717225003,331850,Chenega Bay,2017-01-01,2017,1,govt_facil_sold_to,2119,outlier_check
A3318500917225003_govt_facil_sold_to,A3318500917225003,331850,Chenega Bay,2017-03-01,2017,3,govt_facil_sold_to,2110,outlier_check
A3318501217225003_residential_sold_to,A3318501217225003,331850,Chenega Bay,2017-06-01,2017,6,residential_sold_to,13823,outlier_check
A3318500118225003_residential_customers,A3318500118225003,331850,Chenega Bay,2017-07-01,2017,7,residential_customers,7544,outlier_check
A3318500118225003_commercial_customers,A3318500118225003,331850,Chenega Bay,2017-07-01,2017,7,commercial_customers,5268,outlier_check
A3318500118225003_com_facil_customers,A3318500118225003,331850,Chenega Bay,2017-07-01,2017,7,com_facil_customers,2583,outlier_check
A3318500118225003_govt_facil_customers,A3318500118225003,331850,Chenega Bay,2017-07-01,2017,7,govt_facil_customers,269,outlier_check
A3318500519225003_fuel_used_gallons,A3318500519225003,331850,Chenega Bay,2018-11-01,2018,11,fuel_used_gallons,0,outlier_check
A3318500619225003_govt_facil_sold_to,A3318500619225003,331850,Chenega Bay,2018-12-01,2018,12,govt_facil_sold_to,1933,outlier_check
A3318500320225003_diesel_kwh_generated,A3318500320225003,331850,Chenega Bay,2019-09-01,2019,9,diesel_kwh_generated,0,outlier_check
A3318500420225003_diesel_kwh_generated,A3318500420225003,331850,Chenega Bay,2019-10-01,2019,10,diesel_kwh_generated,0,outlier_check
A3318500520225003_diesel_kwh_generated,A3318500520225003,331850,Chenega Bay,2019-11-01,2019,11,diesel_kwh_generated,0,outlier_check
A3318500620225003_diesel_kwh_generated,A3318500620225003,331850,Chenega Bay,2019-12-01,2019,12,diesel_kwh_generated,0,outlier_check
A3318500920225003_diesel_kwh_generated,A3318500920225003,331850,Chenega Bay,2020-03-01,2020,3,diesel_kwh_generated,0,outlier_check
A3318501020225003_fuel_used_gallons,A3318501020225003,331850,Chenega Bay,2020-04-01,2020,4,fuel_used_gallons,0,outlier_check
A3318501020225003_diesel_kwh_generated,A3318501020225003,331850,Chenega Bay,2020-04-01,2020,4,diesel_kwh_generated,0,outlier_check
A3318501020225003_peak_consumption_kw,A3318501020225003,331850,Chenega Bay,2020-04-01,2020,4,peak_consumption_kw,0,outlier_check
A3318501120225003_fuel_used_gallons,A3318501120225003,331850,Chenega Bay,2020-05-01,2020,5,fuel_used_gallons,0,outlier_check
A3318501120225003_diesel_kwh_generated,A3318501120225003,331850,Chenega Bay,2020-05-01,2020,5,diesel_kwh_generated,0,outlier_check
A3318501220225003_fuel_used_gallons,A3318501220225003,331850,Chenega Bay,2020-06-01,2020,6,fuel_used_gallons,0,outlier_check
A3318501220225003_diesel_kwh_generated,A3318501220225003,331850,Chenega Bay,2020-06-01,2020,6,diesel_kwh_generated,0,outlier_check
A3318500121225003_fuel_used_gallons,A3318500121225003,331850,Chenega Bay,2020-07-01,2020,7,fuel_used_gallons,0,outlier_check
A3318500121225003_diesel_kwh_generated,A3318500121225003,331850,Chenega Bay,2020-07-01,2020,7,diesel_kwh_generated,0,outlier_check
A3318500121225003_peak_consumption_kw,A3318500121225003,331850,Chenega Bay,2020-07-01,2020,7,peak_consumption_kw,0,outlier_check
A3318500221225003_fuel_used_gallons,A3318500221225003,331850,Chenega Bay,2020-08-01,2020,8,fuel_used_gallons,7139,outlier_check
A3318500221225003_diesel_kwh_generated,A3318500221225003,331850,Chenega Bay,2020-08-01,2020,8,diesel_kwh_generated,0,outlier_check
A3318500321225003_diesel_kwh_generated,A3318500321225003,331850,Chenega Bay,2020-09-01,2020,9,diesel_kwh_generated,0,outlier_check
A3318500421225003_powerhouse_consumption_kwh,A3318500421225003,331850,Chenega Bay,2020-10-01,2020,10,powerhouse_consumption_kwh,3685,outlier_check
A3318500521225003_powerhouse_consumption_kwh,A3318500521225003,331850,Chenega Bay,2020-11-01,2020,11,powerhouse_consumption_kwh,5053,outlier_check
A3318500921225003_fuel_used_gallons,A3318500921225003,331850,Chenega Bay,2021-03-01,2021,3,fuel_used_gallons,0,outlier_check
A3318501221225003_diesel_kwh_generated,A3318501221225003,331850,Chenega Bay,2021-06-01,2021,6,diesel_kwh_generated,0,outlier_check
A3318500522225003_diesel_kwh_generated,A3318500522225003,331850,Chenega Bay,2021-11-01,2021,11,diesel_kwh_generated,0,outlier_check
A3318500522225003_residential_sold_to,A3318500522225003,331850,Chenega Bay,2021-11-01,2021,11,residential_sold_to,12024,outlier_check
A3318500822225003_diesel_kwh_generated,A3318500822225003,331850,Chenega Bay,2022-02-01,2022,2,diesel_kwh_generated,0,outlier_check
A3318500822225003_peak_consumption_kw,A3318500822225003,331850,Chenega Bay,2022-02-01,2022,2,peak_consumption_kw,0,outlier_check
A3318501022225003_diesel_kwh_generated,A3318501022225003,331850,Chenega Bay,2022-04-01,2022,4,diesel_kwh_generated,0,outlier_check
A3318501122225003_diesel_kwh_generated,A3318501122225003,331850,Chenega Bay,2022-05-01,2022,5,diesel_kwh_generated,0,outlier_check
A3318500324225003_peak_consumption_kw,A3318500324225003,331850,Chenega Bay,2023-09-01,2023,9,peak_consumption_kw,112,outlier_check
A3318500424225003_peak_consumption_kw,A3318500424225003,331850,Chenega Bay,2023-10-01,2023,10,peak_consumption_kw,115,outlier_check
A3318500524225003_peak_consumption_kw,A3318500524225003,331850,Chenega Bay,2023-11-01,2023,11,peak_consumption_kw,115,outlier_check
A3318500624225003_peak_consumption_kw,A3318500624225003,331850,Chenega Bay,2023-12-01,2023,12,peak_consumption_kw,115,outlier_check
A3318500724225003_peak_consumption_kw,A3318500724225003,331850,Chenega Bay,2024-01-01,2024,1,peak_consumption_kw,115,outlier_check
A3318500824225003_peak_consumption_kw,A3318500824225003,331850,Chenega Bay,2024-02-01,2024,2,peak_consumption_kw,115,outlier_check
A3318500924225003_peak_consumption_kw,A3318500924225003,331850,Chenega Bay,2024-03-01,2024,3,peak_consumption_kw,115,outlier_check
A3318501024225003_peak_consumption_kw,A3318501024225003,331850,Chenega Bay,2024-04-01,2024,4,peak_consumption_kw,115,outlier_check
A3318501124225003_peak_consumption_kw,A3318501124225003,331850,Chenega Bay,2024-05-01,2024,5,peak_consumption_kw,115,outlier_check
A3318501224225003_peak_consumption_kw,A3318501224225003,331850,Chenega Bay,2024-06-01,2024,6,peak_consumption_kw,115,outlier_check
A3318500125225003_peak_consumption_kw,A3318500125225003,331850,Chenega Bay,2024-07-01,2024,7,peak_consumption_kw,115,outlier_check
A3318500225225003_peak_consumption_kw,A3318500225225003,331850,Chenega Bay,2024-08-01,2024,8,peak_consumption_kw,115,outlier_check
A3318500325225003_peak_consumption_kw,A3318500325225003,331850,Chenega Bay,2024-09-01,2024,9,peak_consumption_kw,115,outlier_check
A3318500425225003_peak_consumption_kw,A3318500425225003,331850,Chenega Bay,2024-10-01,2024,10,peak_consumption_kw,115,outlier_check
A3318500525225003_peak_consumption_kw,A3318500525225003,331850,Chenega Bay,2024-11-01,2024,11,peak_consumption_kw,115,outlier_check
A3318500625225003_peak_consumption_kw,A3318500625225003,331850,Chenega Bay,2024-12-01,2024,12,peak_consumption_kw,115,outlier_check
A3318500725225003_peak_consumption_kw,A3318500725225003,331850,Chenega Bay,2025-01-01,2025,1,peak_consumption_kw,115,outlier_check
A3318500825225003_peak_consumption_kw,A3318500825225003,331850,Chenega Bay,2025-02-01,2025,2,peak_consumption_kw,115,outlier_check
A3318500825225003_commercial_sold_to,A3318500825225003,331850,Chenega Bay,2025-02-01,2025,2,commercial_sold_to,15120,outlier_check
A3318500925225003_peak_consumption_kw,A3318500925225003,331850,Chenega Bay,2025-03-01,2025,3,peak_consumption_kw,115,outlier_check
A3318501025225003_peak_consumption_kw,A3318501025225003,331850,Chenega Bay,2025-04-01,2025,4,peak_consumption_kw,115,outlier_check
A3318501125225003_peak_consumption_kw,A3318501125225003,331850,Chenega Bay,2025-05-01,2025,5,peak_consumption_kw,115,outlier_check
A3318501225225003_peak_consumption_kw,A3318501225225003,331850,Chenega Bay,2025-06-01,2025,6,peak_consumption_kw,115,outlier_check
A3318501225225003_govt_facil_sold_to,A3318501225225003,331850,Chenega Bay,2025-06-01,2025,6,govt_facil_sold_to,2161,outlier_check
A3318500126225003_peak_consumption_kw,A3318500126225003,331850,Chenega Bay,2025-07-01,2025,7,peak_consumption_kw,115,outlier_check
A3318500126225003_govt_facil_sold_to,A3318500126225003,331850,Chenega Bay,2025-07-01,2025,7,govt_facil_sold_to,3476,outlier_check
A3318500226225003_peak_consumption_kw,A3318500226225003,331850,Chenega Bay,2025-08-01,2025,8,peak_consumption_kw,115,outlier_check
A3318500326225003_peak_consumption_kw,A3318500326225003,331850,Chenega Bay,2025-09-01,2025,9,peak_consumption_kw,115,outlier_check
A3318500426225003_peak_consumption_kw,A3318500426225003,331850,Chenega Bay,2025-10-01,2025,10,peak_consumption_kw,115,outlier_check
A3318500526225003_peak_consumption_kw,A3318500526225003,331850,Chenega Bay,2025-11-01,2025,11,peak_consumption_kw,115,outlier_check
A3318500626225003_peak_consumption_kw,A3318500626225003,331850,Chenega Bay,2025-12-01,2025,12,peak_consumption_kw,115,outlier_check
A3318500726225003_peak_consumption_kw,A3318500726225003,331850,Chenega Bay,2026-01-01,2026,1,peak_consumption_kw,115,outlier_check
A3318500826225003_peak_consumption_kw,A3318500826225003,331850,Chenega Bay,2026-02-01,2026,2,peak_consumption_kw,115,outlier_check
A3318500926225003_peak_consumption_kw,A3318500926225003,331850,Chenega Bay,2026-03-01,2026,3,peak_consumption_kw,115,outlier_check
A3318501026225003_peak_consumption_kw,A3318501026225003,331850,Chenega Bay,2026-04-01,2026,4,peak_consumption_kw,115,outlier_check
A3318501126225003_peak_consumption_kw,A3318501126225003,331850,Chenega Bay,2026-05-01,2026,5,peak_consumption_kw,115,outlier_check
A3318501226225003_peak_consumption_kw,A3318501226225003,331850,Chenega Bay,2026-06-01,2026,6,peak_consumption_kw,115,outlier_check
A3312800116225003_commercial_sold_to,A3312800116225003,331280,Chevak,2015-07-01,2015,7,commercial_sold_to,31280,outlier_check
A3312800216225003_commercial_sold_to,A3312800216225003,331280,Chevak,2015-08-01,2015,8,commercial_sold_to,31715,outlier_check
A3312800316225003_commercial_sold_to,A3312800316225003,331280,Chevak,2015-09-01,2015,9,commercial_sold_to,32575,outlier_check
A3312800416225003_commercial_sold_to,A3312800416225003,331280,Chevak,2015-10-01,2015,10,commercial_sold_to,31654,outlier_check
A3312800516225003_commercial_sold_to,A3312800516225003,331280,Chevak,2015-11-01,2015,11,commercial_sold_to,34068,outlier_check
A3312800616225003_commercial_sold_to,A3312800616225003,331280,Chevak,2015-12-01,2015,12,commercial_sold_to,34342,outlier_check
A3312800716225003_commercial_sold_to,A3312800716225003,331280,Chevak,2016-01-01,2016,1,commercial_sold_to,34902,outlier_check
A3312800217225003_residential_customers,A3312800217225003,331280,Chevak,2016-08-01,2016,8,residential_customers,66,outlier_check
A3312800417225003_residential_customers,A3312800417225003,331280,Chevak,2016-10-01,2016,10,residential_customers,68,outlier_check
A3312800517225003_residential_customers,A3312800517225003,331280,Chevak,2016-11-01,2016,11,residential_customers,68,outlier_check
A3312800617225003_commercial_sold_to,A3312800617225003,331280,Chevak,2016-12-01,2016,12,commercial_sold_to,27624,outlier_check
A3312800717225003_residential_customers,A3312800717225003,331280,Chevak,2017-01-01,2017,1,residential_customers,69,outlier_check
A3312800817225003_residential_customers,A3312800817225003,331280,Chevak,2017-02-01,2017,2,residential_customers,68,outlier_check
A3312800622225003_fuel_used_gallons,A3312800622225003,331280,Chevak,2021-12-01,2021,12,fuel_used_gallons,37891,outlier_check
A3312800623225003_fuel_used_gallons,A3312800623225003,331280,Chevak,2022-12-01,2022,12,fuel_used_gallons,-35982,outlier_check
A3312800526225003_commercial_sold_to,A3312800526225003,331280,Chevak,2025-11-01,2025,11,commercial_sold_to,33365,outlier_check
A3312800626225003_commercial_sold_to,A3312800626225003,331280,Chevak,2025-12-01,2025,12,commercial_sold_to,33313,outlier_check
A3312800726225003_commercial_sold_to,A3312800726225003,331280,Chevak,2026-01-01,2026,1,commercial_sold_to,36772,outlier_check
A3312800826225003_commercial_sold_to,A3312800826225003,331280,Chevak,2026-02-01,2026,2,commercial_sold_to,31754,outlier_check
A3312800926225003_commercial_sold_to,A3312800926225003,331280,Chevak,2026-03-01,2026,3,commercial_sold_to,34732,outlier_check
A3312801026225003_commercial_sold_to,A3312801026225003,331280,Chevak,2026-04-01,2026,4,commercial_sold_to,31015,outlier_check
A3312801126225003_commercial_sold_to,A3312801126225003,331280,Chevak,2026-05-01,2026,5,commercial_sold_to,0,outlier_check
A3312801126225003_govt_facil_sold_to,A3312801126225003,331280,Chevak,2026-05-01,2026,5,govt_facil_sold_to,0,outlier_check
A3318600216225003_fuel_used_gallons,A3318600216225003,331860,Chignik,2015-08-01,2015,8,fuel_used_gallons,8245,outlier_check
A3318600216225003_diesel_kwh_generated,A3318600216225003,331860,Chignik,2015-08-01,2015,8,diesel_kwh_generated,113561,outlier_check
A3318600216225003_commercial_sold_to,A3318600216225003,331860,Chignik,2015-08-01,2015,8,commercial_sold_to,72600,outlier_check
A3318601117225003_diesel_kwh_generated,A3318601117225003,331860,Chignik,2017-05-01,2017,5,diesel_kwh_generated,0,outlier_check
A3318601217225003_commercial_sold_to,A3318601217225003,331860,Chignik,2017-06-01,2017,6,commercial_sold_to,63891,outlier_check
A3318600118225003_powerhouse_consumption_kwh,A3318600118225003,331860,Chignik,2017-07-01,2017,7,powerhouse_consumption_kwh,4957,outlier_check
A3318601118225003_commercial_sold_to,A3318601118225003,331860,Chignik,2018-05-01,2018,5,commercial_sold_to,64049,outlier_check
A3318601218225003_commercial_sold_to,A3318601218225003,331860,Chignik,2018-06-01,2018,6,commercial_sold_to,71408,outlier_check
A3318600119225003_diesel_kwh_generated,A3318600119225003,331860,Chignik,2018-07-01,2018,7,diesel_kwh_generated,108503,outlier_check
A3318600119225003_commercial_sold_to,A3318600119225003,331860,Chignik,2018-07-01,2018,7,commercial_sold_to,71922,outlier_check
A3318600219225003_powerhouse_consumption_kwh,A3318600219225003,331860,Chignik,2018-08-01,2018,8,powerhouse_consumption_kwh,4273,outlier_check
A3318601119225003_commercial_sold_to,A3318601119225003,331860,Chignik,2019-05-01,2019,5,commercial_sold_to,58864,outlier_check
A3318601219225003_diesel_kwh_generated,A3318601219225003,331860,Chignik,2019-06-01,2019,6,diesel_kwh_generated,0,outlier_check
A3318600820225003_com_facil_sold_to,A3318600820225003,331860,Chignik,2020-02-01,2020,2,com_facil_sold_to,0,outlier_check
A3318600920225003_com_facil_sold_to,A3318600920225003,331860,Chignik,2020-03-01,2020,3,com_facil_sold_to,500,outlier_check
A3318601020225003_powerhouse_consumption_kwh,A3318601020225003,331860,Chignik,2020-04-01,2020,4,powerhouse_consumption_kwh,39606,outlier_check
A3318601120225003_diesel_kwh_generated,A3318601120225003,331860,Chignik,2020-05-01,2020,5,diesel_kwh_generated,321967,outlier_check
A3318601120225003_powerhouse_consumption_kwh,A3318601120225003,331860,Chignik,2020-05-01,2020,5,powerhouse_consumption_kwh,68390,outlier_check
A3318601120225003_residential_sold_to,A3318601120225003,331860,Chignik,2020-05-01,2020,5,residential_sold_to,176547,outlier_check
A3318601220225003_fuel_used_gallons,A3318601220225003,331860,Chignik,2020-06-01,2020,6,fuel_used_gallons,8269,outlier_check
A3318601220225003_diesel_kwh_generated,A3318601220225003,331860,Chignik,2020-06-01,2020,6,diesel_kwh_generated,198357,outlier_check
A3318601220225003_commercial_sold_to,A3318601220225003,331860,Chignik,2020-06-01,2020,6,commercial_sold_to,58720,outlier_check
A3318601222225003_powerhouse_consumption_kwh,A3318601222225003,331860,Chignik,2022-06-01,2022,6,powerhouse_consumption_kwh,3615,outlier_check
A3318700516225003_peak_consumption_kw,A3318700516225003,331870,Chignik Lagoon,2015-11-01,2015,11,peak_consumption_kw,78,outlier_check
A3318700616225003_peak_consumption_kw,A3318700616225003,331870,Chignik Lagoon,2015-12-01,2015,12,peak_consumption_kw,78,outlier_check
A3318700716225003_peak_consumption_kw,A3318700716225003,331870,Chignik Lagoon,2016-01-01,2016,1,peak_consumption_kw,79,outlier_check
A3318700816225003_peak_consumption_kw,A3318700816225003,331870,Chignik Lagoon,2016-02-01,2016,2,peak_consumption_kw,79,outlier_check
A3318700816225003_unbilled_sold_to,A3318700816225003,331870,Chignik Lagoon,2016-02-01,2016,2,unbilled_sold_to,25910,outlier_check
A3318700916225003_peak_consumption_kw,A3318700916225003,331870,Chignik Lagoon,2016-03-01,2016,3,peak_consumption_kw,75,outlier_check
A3318701016225003_peak_consumption_kw,A3318701016225003,331870,Chignik Lagoon,2016-04-01,2016,4,peak_consumption_kw,75,outlier_check
A3318701116225003_peak_consumption_kw,A3318701116225003,331870,Chignik Lagoon,2016-05-01,2016,5,peak_consumption_kw,75,outlier_check
A3318701116225003_unbilled_sold_to,A3318701116225003,331870,Chignik Lagoon,2016-05-01,2016,5,unbilled_sold_to,29518,outlier_check
A3318701216225003_peak_consumption_kw,A3318701216225003,331870,Chignik Lagoon,2016-06-01,2016,6,peak_consumption_kw,121,outlier_check
A3318701216225003_unbilled_sold_to,A3318701216225003,331870,Chignik Lagoon,2016-06-01,2016,6,unbilled_sold_to,26198,outlier_check
A3318700117225003_peak_consumption_kw,A3318700117225003,331870,Chignik Lagoon,2016-07-01,2016,7,peak_consumption_kw,119,outlier_check
A3318700117225003_unbilled_sold_to,A3318700117225003,331870,Chignik Lagoon,2016-07-01,2016,7,unbilled_sold_to,24219,outlier_check
A3318700217225003_peak_consumption_kw,A3318700217225003,331870,Chignik Lagoon,2016-08-01,2016,8,peak_consumption_kw,89,outlier_check
A3318700217225003_unbilled_sold_to,A3318700217225003,331870,Chignik Lagoon,2016-08-01,2016,8,unbilled_sold_to,18172,outlier_check
A3318700317225003_peak_consumption_kw,A3318700317225003,331870,Chignik Lagoon,2016-09-01,2016,9,peak_consumption_kw,89,outlier_check
A3318700317225003_unbilled_sold_to,A3318700317225003,331870,Chignik Lagoon,2016-09-01,2016,9,unbilled_sold_to,11725,outlier_check
A3318700417225003_peak_consumption_kw,A3318700417225003,331870,Chignik Lagoon,2016-10-01,2016,10,peak_consumption_kw,89,outlier_check
A3318700417225003_unbilled_sold_to,A3318700417225003,331870,Chignik Lagoon,2016-10-01,2016,10,unbilled_sold_to,18440,outlier_check
A3318700517225003_peak_consumption_kw,A3318700517225003,331870,Chignik Lagoon,2016-11-01,2016,11,peak_consumption_kw,89,outlier_check
A3318700517225003_unbilled_sold_to,A3318700517225003,331870,Chignik Lagoon,2016-11-01,2016,11,unbilled_sold_to,19317,outlier_check
A3318700617225003_peak_consumption_kw,A3318700617225003,331870,Chignik Lagoon,2016-12-01,2016,12,peak_consumption_kw,89,outlier_check
A3318700717225003_peak_consumption_kw,A3318700717225003,331870,Chignik Lagoon,2017-01-01,2017,1,peak_consumption_kw,89,outlier_check
A3318700817225003_peak_consumption_kw,A3318700817225003,331870,Chignik Lagoon,2017-02-01,2017,2,peak_consumption_kw,89,outlier_check
A3318700917225003_peak_consumption_kw,A3318700917225003,331870,Chignik Lagoon,2017-03-01,2017,3,peak_consumption_kw,89,outlier_check
A3318701017225003_peak_consumption_kw,A3318701017225003,331870,Chignik Lagoon,2017-04-01,2017,4,peak_consumption_kw,89,outlier_check
A3318701217225003_peak_consumption_kw,A3318701217225003,331870,Chignik Lagoon,2017-06-01,2017,6,peak_consumption_kw,94,outlier_check
A3318700118225003_peak_consumption_kw,A3318700118225003,331870,Chignik Lagoon,2017-07-01,2017,7,peak_consumption_kw,94,outlier_check
A3318700218225003_peak_consumption_kw,A3318700218225003,331870,Chignik Lagoon,2017-08-01,2017,8,peak_consumption_kw,87,outlier_check
A3318700318225003_peak_consumption_kw,A3318700318225003,331870,Chignik Lagoon,2017-09-01,2017,9,peak_consumption_kw,98,outlier_check
A3318700418225003_peak_consumption_kw,A3318700418225003,331870,Chignik Lagoon,2017-10-01,2017,10,peak_consumption_kw,85,outlier_check
A3318700518225003_peak_consumption_kw,A3318700518225003,331870,Chignik Lagoon,2017-11-01,2017,11,peak_consumption_kw,82,outlier_check
A3318700618225003_peak_consumption_kw,A3318700618225003,331870,Chignik Lagoon,2017-12-01,2017,12,peak_consumption_kw,123,outlier_check
A3318700618225003_unbilled_sold_to,A3318700618225003,331870,Chignik Lagoon,2017-12-01,2017,12,unbilled_sold_to,12470,outlier_check
A3318700718225003_peak_consumption_kw,A3318700718225003,331870,Chignik Lagoon,2018-01-01,2018,1,peak_consumption_kw,115,outlier_check
A3318700718225003_unbilled_sold_to,A3318700718225003,331870,Chignik Lagoon,2018-01-01,2018,1,unbilled_sold_to,7644,outlier_check
A3318701018225003_unbilled_sold_to,A3318701018225003,331870,Chignik Lagoon,2018-04-01,2018,4,unbilled_sold_to,16823,outlier_check
A3318701118225003_peak_consumption_kw,A3318701118225003,331870,Chignik Lagoon,2018-05-01,2018,5,peak_consumption_kw,71,outlier_check
A3318701118225003_unbilled_sold_to,A3318701118225003,331870,Chignik Lagoon,2018-05-01,2018,5,unbilled_sold_to,18345,outlier_check
A3318701218225003_unbilled_sold_to,A3318701218225003,331870,Chignik Lagoon,2018-06-01,2018,6,unbilled_sold_to,19674,outlier_check
A3318700119225003_unbilled_sold_to,A3318700119225003,331870,Chignik Lagoon,2018-07-01,2018,7,unbilled_sold_to,21388,outlier_check
A3318700219225003_unbilled_sold_to,A3318700219225003,331870,Chignik Lagoon,2018-08-01,2018,8,unbilled_sold_to,4389,outlier_check
A3318700319225003_unbilled_sold_to,A3318700319225003,331870,Chignik Lagoon,2018-09-01,2018,9,unbilled_sold_to,4417,outlier_check
A3318700419225003_unbilled_sold_to,A3318700419225003,331870,Chignik Lagoon,2018-10-01,2018,10,unbilled_sold_to,8080,outlier_check
A3318700519225003_peak_consumption_kw,A3318700519225003,331870,Chignik Lagoon,2018-11-01,2018,11,peak_consumption_kw,75,outlier_check
A3318700619225003_peak_consumption_kw,A3318700619225003,331870,Chignik Lagoon,2018-12-01,2018,12,peak_consumption_kw,80,outlier_check
A3318700719225003_peak_consumption_kw,A3318700719225003,331870,Chignik Lagoon,2019-01-01,2019,1,peak_consumption_kw,86,outlier_check
A3318700819225003_peak_consumption_kw,A3318700819225003,331870,Chignik Lagoon,2019-02-01,2019,2,peak_consumption_kw,87,outlier_check
A3318700819225003_unbilled_sold_to,A3318700819225003,331870,Chignik Lagoon,2019-02-01,2019,2,unbilled_sold_to,15275,outlier_check
A3318700919225003_powerhouse_consumption_kwh,A3318700919225003,331870,Chignik Lagoon,2019-03-01,2019,3,powerhouse_consumption_kwh,8797,outlier_check
A3318700919225003_unbilled_sold_to,A3318700919225003,331870,Chignik Lagoon,2019-03-01,2019,3,unbilled_sold_to,10369,outlier_check
A3318701019225003_unbilled_sold_to,A3318701019225003,331870,Chignik Lagoon,2019-04-01,2019,4,unbilled_sold_to,19608,outlier_check
A3318701119225003_unbilled_sold_to,A3318701119225003,331870,Chignik Lagoon,2019-05-01,2019,5,unbilled_sold_to,22620,outlier_check
A3318701219225003_unbilled_sold_to,A3318701219225003,331870,Chignik Lagoon,2019-06-01,2019,6,unbilled_sold_to,15823,outlier_check
A3318700720225003_peak_consumption_kw,A3318700720225003,331870,Chignik Lagoon,2020-01-01,2020,1,peak_consumption_kw,95,outlier_check
A3318700121225003_peak_consumption_kw,A3318700121225003,331870,Chignik Lagoon,2020-07-01,2020,7,peak_consumption_kw,57,outlier_check
A3318700221225003_peak_consumption_kw,A3318700221225003,331870,Chignik Lagoon,2020-08-01,2020,8,peak_consumption_kw,57,outlier_check
A3318700321225003_peak_consumption_kw,A3318700321225003,331870,Chignik Lagoon,2020-09-01,2020,9,peak_consumption_kw,67,outlier_check
A3318700521225003_peak_consumption_kw,A3318700521225003,331870,Chignik Lagoon,2020-11-01,2020,11,peak_consumption_kw,83,outlier_check
A3318700621225003_peak_consumption_kw,A3318700621225003,331870,Chignik Lagoon,2020-12-01,2020,12,peak_consumption_kw,83,outlier_check
A3318700921225003_peak_consumption_kw,A3318700921225003,331870,Chignik Lagoon,2021-03-01,2021,3,peak_consumption_kw,83,outlier_check
A3318701121225003_commercial_sold_to,A3318701121225003,331870,Chignik Lagoon,2021-05-01,2021,5,commercial_sold_to,1655,outlier_check
A3318700222225003_peak_consumption_kw,A3318700222225003,331870,Chignik Lagoon,2021-08-01,2021,8,peak_consumption_kw,71,outlier_check
A3318700322225003_peak_consumption_kw,A3318700322225003,331870,Chignik Lagoon,2021-09-01,2021,9,peak_consumption_kw,71,outlier_check
A3318700422225003_peak_consumption_kw,A3318700422225003,331870,Chignik Lagoon,2021-10-01,2021,10,peak_consumption_kw,71,outlier_check
A3318700522225003_peak_consumption_kw,A3318700522225003,331870,Chignik Lagoon,2021-11-01,2021,11,peak_consumption_kw,71,outlier_check
A3318700622225003_powerhouse_consumption_kwh,A3318700622225003,331870,Chignik Lagoon,2021-12-01,2021,12,powerhouse_consumption_kwh,8306,outlier_check
A3318700626225003_commercial_sold_to,A3318700626225003,331870,Chignik Lagoon,2025-12-01,2025,12,commercial_sold_to,18557,outlier_check
A3318800217225003_commercial_sold_to,A3318800217225003,331880,Chignik Lake,2016-08-01,2016,8,commercial_sold_to,8872,outlier_check
A3318800920225003_peak_consumption_kw,A3318800920225003,331880,Chignik Lake,2020-03-01,2020,3,peak_consumption_kw,206,outlier_check
A3318801020225003_peak_consumption_kw,A3318801020225003,331880,Chignik Lake,2020-04-01,2020,4,peak_consumption_kw,206,outlier_check
A3318800821225003_fuel_used_gallons,A3318800821225003,331880,Chignik Lake,2021-02-01,2021,2,fuel_used_gallons,6351,outlier_check
A3318800222225003_fuel_used_gallons,A3318800222225003,331880,Chignik Lake,2021-08-01,2021,8,fuel_used_gallons,0,outlier_check
A3318800522225003_fuel_used_gallons,A3318800522225003,331880,Chignik Lake,2021-11-01,2021,11,fuel_used_gallons,5880,outlier_check
A3318800522225003_powerhouse_consumption_kwh,A3318800522225003,331880,Chignik Lake,2021-11-01,2021,11,powerhouse_consumption_kwh,2929,outlier_check
A3318800722225003_fuel_used_gallons,A3318800722225003,331880,Chignik Lake,2022-01-01,2022,1,fuel_used_gallons,5694,outlier_check
A3318800722225003_powerhouse_consumption_kwh,A3318800722225003,331880,Chignik Lake,2022-01-01,2022,1,powerhouse_consumption_kwh,2837,outlier_check
A3318800323225003_powerhouse_consumption_kwh,A3318800323225003,331880,Chignik Lake,2022-09-01,2022,9,powerhouse_consumption_kwh,2378,outlier_check
A3318800523225003_powerhouse_consumption_kwh,A3318800523225003,331880,Chignik Lake,2022-11-01,2022,11,powerhouse_consumption_kwh,4184,outlier_check
A3318800324225003_powerhouse_consumption_kwh,A3318800324225003,331880,Chignik Lake,2023-09-01,2023,9,powerhouse_consumption_kwh,4613,outlier_check
A3318800324225003_commercial_sold_to,A3318800324225003,331880,Chignik Lake,2023-09-01,2023,9,commercial_sold_to,8771,outlier_check
A3318800324225003_com_facil_sold_to,A3318800324225003,331880,Chignik Lake,2023-09-01,2023,9,com_facil_sold_to,8197,outlier_check
A3318800424225003_powerhouse_consumption_kwh,A3318800424225003,331880,Chignik Lake,2023-10-01,2023,10,powerhouse_consumption_kwh,2425,outlier_check
A3318800924225003_com_facil_sold_to,A3318800924225003,331880,Chignik Lake,2024-03-01,2024,3,com_facil_sold_to,7644,outlier_check
A3318801024225003_com_facil_sold_to,A3318801024225003,331880,Chignik Lake,2024-04-01,2024,4,com_facil_sold_to,7182,outlier_check
A3318801125225003_fuel_used_gallons,A3318801125225003,331880,Chignik Lake,2025-05-01,2025,5,fuel_used_gallons,0,outlier_check
A3318801125225003_peak_consumption_kw,A3318801125225003,331880,Chignik Lake,2025-05-01,2025,5,peak_consumption_kw,0,outlier_check
A3318801225225003_fuel_used_gallons,A3318801225225003,331880,Chignik Lake,2025-06-01,2025,6,fuel_used_gallons,0,outlier_check
A3318801225225003_peak_consumption_kw,A3318801225225003,331880,Chignik Lake,2025-06-01,2025,6,peak_consumption_kw,0,outlier_check
A3318800126225003_fuel_used_gallons,A3318800126225003,331880,Chignik Lake,2025-07-01,2025,7,fuel_used_gallons,7797,outlier_check
A3318800126225003_diesel_kwh_generated,A3318800126225003,331880,Chignik Lake,2025-07-01,2025,7,diesel_kwh_generated,81623,outlier_check
A3318800126225003_powerhouse_consumption_kwh,A3318800126225003,331880,Chignik Lake,2025-07-01,2025,7,powerhouse_consumption_kwh,2372,outlier_check
A3318800126225003_peak_consumption_kw,A3318800126225003,331880,Chignik Lake,2025-07-01,2025,7,peak_consumption_kw,120,outlier_check
A3318800426225003_residential_sold_to,A3318800426225003,331880,Chignik Lake,2025-10-01,2025,10,residential_sold_to,21019,outlier_check
A3326600416225003_commercial_sold_to,A3326600416225003,332660,Chilkat Valley,2015-10-01,2015,10,commercial_sold_to,48708,outlier_check
A3326600720225003_peak_consumption_kw,A3326600720225003,332660,Chilkat Valley,2020-01-01,2020,1,peak_consumption_kw,480,outlier_check
A3326601020225003_peak_consumption_kw,A3326601020225003,332660,Chilkat Valley,2020-04-01,2020,4,peak_consumption_kw,43,outlier_check
A3326600421225003_com_facil_sold_to,A3326600421225003,332660,Chilkat Valley,2020-10-01,2020,10,com_facil_sold_to,1050,outlier_check
A3326600521225003_com_facil_sold_to,A3326600521225003,332660,Chilkat Valley,2020-11-01,2020,11,com_facil_sold_to,3522,outlier_check
A3326600621225003_com_facil_sold_to,A3326600621225003,332660,Chilkat Valley,2020-12-01,2020,12,com_facil_sold_to,3154,outlier_check
A3326600721225003_com_facil_sold_to,A3326600721225003,332660,Chilkat Valley,2021-01-01,2021,1,com_facil_sold_to,3248,outlier_check
A3326600821225003_com_facil_sold_to,A3326600821225003,332660,Chilkat Valley,2021-02-01,2021,2,com_facil_sold_to,3689,outlier_check
A3326600921225003_com_facil_sold_to,A3326600921225003,332660,Chilkat Valley,2021-03-01,2021,3,com_facil_sold_to,2348,outlier_check
A3326601021225003_peak_consumption_kw,A3326601021225003,332660,Chilkat Valley,2021-04-01,2021,4,peak_consumption_kw,0,outlier_check
A3326601021225003_com_facil_sold_to,A3326601021225003,332660,Chilkat Valley,2021-04-01,2021,4,com_facil_sold_to,1379,outlier_check
A3326601121225003_peak_consumption_kw,A3326601121225003,332660,Chilkat Valley,2021-05-01,2021,5,peak_consumption_kw,0,outlier_check
A3326601121225003_com_facil_sold_to,A3326601121225003,332660,Chilkat Valley,2021-05-01,2021,5,com_facil_sold_to,1809,outlier_check
A3326601221225003_peak_consumption_kw,A3326601221225003,332660,Chilkat Valley,2021-06-01,2021,6,peak_consumption_kw,0,outlier_check
A3326601221225003_com_facil_sold_to,A3326601221225003,332660,Chilkat Valley,2021-06-01,2021,6,com_facil_sold_to,2011,outlier_check
A3326600122225003_peak_consumption_kw,A3326600122225003,332660,Chilkat Valley,2021-07-01,2021,7,peak_consumption_kw,0,outlier_check
A3326600122225003_com_facil_sold_to,A3326600122225003,332660,Chilkat Valley,2021-07-01,2021,7,com_facil_sold_to,1903,outlier_check
A3326600222225003_peak_consumption_kw,A3326600222225003,332660,Chilkat Valley,2021-08-01,2021,8,peak_consumption_kw,0,outlier_check
A3326600222225003_com_facil_sold_to,A3326600222225003,332660,Chilkat Valley,2021-08-01,2021,8,com_facil_sold_to,1747,outlier_check
A3326600322225003_peak_consumption_kw,A3326600322225003,332660,Chilkat Valley,2021-09-01,2021,9,peak_consumption_kw,0,outlier_check
A3326600322225003_com_facil_sold_to,A3326600322225003,332660,Chilkat Valley,2021-09-01,2021,9,com_facil_sold_to,1419,outlier_check
A3326600422225003_peak_consumption_kw,A3326600422225003,332660,Chilkat Valley,2021-10-01,2021,10,peak_consumption_kw,0,outlier_check
A3326600422225003_com_facil_sold_to,A3326600422225003,332660,Chilkat Valley,2021-10-01,2021,10,com_facil_sold_to,1763,outlier_check
A3326600522225003_com_facil_sold_to,A3326600522225003,332660,Chilkat Valley,2021-11-01,2021,11,com_facil_sold_to,1160,outlier_check
A3326600622225003_com_facil_sold_to,A3326600622225003,332660,Chilkat Valley,2021-12-01,2021,12,com_facil_sold_to,1386,outlier_check
A3326600722225003_com_facil_sold_to,A3326600722225003,332660,Chilkat Valley,2022-01-01,2022,1,com_facil_sold_to,1788,outlier_check
A3326600822225003_com_facil_sold_to,A3326600822225003,332660,Chilkat Valley,2022-02-01,2022,2,com_facil_sold_to,1800,outlier_check
A3326600922225003_com_facil_sold_to,A3326600922225003,332660,Chilkat Valley,2022-03-01,2022,3,com_facil_sold_to,2050,outlier_check
A3326601022225003_peak_consumption_kw,A3326601022225003,332660,Chilkat Valley,2022-04-01,2022,4,peak_consumption_kw,41,outlier_check
A3326601022225003_com_facil_sold_to,A3326601022225003,332660,Chilkat Valley,2022-04-01,2022,4,com_facil_sold_to,2028,outlier_check
A3326601122225003_peak_consumption_kw,A3326601122225003,332660,Chilkat Valley,2022-05-01,2022,5,peak_consumption_kw,37,outlier_check
A3326601122225003_com_facil_sold_to,A3326601122225003,332660,Chilkat Valley,2022-05-01,2022,5,com_facil_sold_to,1444,outlier_check
A3326601222225003_com_facil_sold_to,A3326601222225003,332660,Chilkat Valley,2022-06-01,2022,6,com_facil_sold_to,1112,outlier_check
A3326600123225003_com_facil_sold_to,A3326600123225003,332660,Chilkat Valley,2022-07-01,2022,7,com_facil_sold_to,702,outlier_check
A3326600223225003_com_facil_sold_to,A3326600223225003,332660,Chilkat Valley,2022-08-01,2022,8,com_facil_sold_to,669,outlier_check
A3326600323225003_com_facil_sold_to,A3326600323225003,332660,Chilkat Valley,2022-09-01,2022,9,com_facil_sold_to,750,outlier_check
A3326600423225003_com_facil_sold_to,A3326600423225003,332660,Chilkat Valley,2022-10-01,2022,10,com_facil_sold_to,667,outlier_check
A3326600523225003_com_facil_sold_to,A3326600523225003,332660,Chilkat Valley,2022-11-01,2022,11,com_facil_sold_to,789,outlier_check
A3326600623225003_com_facil_sold_to,A3326600623225003,332660,Chilkat Valley,2022-12-01,2022,12,com_facil_sold_to,818,outlier_check
A3326900823225003_powerhouse_consumption_kwh,A3326900823225003,332690,Chilkat Valley/Klukwan,2023-02-01,2023,2,powerhouse_consumption_kwh,14310,outlier_check
A3326900923225003_powerhouse_consumption_kwh,A3326900923225003,332690,Chilkat Valley/Klukwan,2023-03-01,2023,3,powerhouse_consumption_kwh,0,outlier_check
A3326900926225003_residential_customers,A3326900926225003,332690,Chilkat Valley/Klukwan,2026-03-01,2026,3,residential_customers,221,outlier_check
A3310700216225003_powerhouse_consumption_kwh,A3310700216225003,331070,Chistochina,2015-08-01,2015,8,powerhouse_consumption_kwh,752,outlier_check
A3310700516225003_diesel_kwh_generated,A3310700516225003,331070,Chistochina,2015-11-01,2015,11,diesel_kwh_generated,28200,outlier_check
A3310700516225003_powerhouse_consumption_kwh,A3310700516225003,331070,Chistochina,2015-11-01,2015,11,powerhouse_consumption_kwh,938,outlier_check
A3310700616225003_diesel_kwh_generated,A3310700616225003,331070,Chistochina,2015-12-01,2015,12,diesel_kwh_generated,31740,outlier_check
A3310700616225003_powerhouse_consumption_kwh,A3310700616225003,331070,Chistochina,2015-12-01,2015,12,powerhouse_consumption_kwh,752,outlier_check
A3310700716225003_diesel_kwh_generated,A3310700716225003,331070,Chistochina,2016-01-01,2016,1,diesel_kwh_generated,33420,outlier_check
A3310700716225003_powerhouse_consumption_kwh,A3310700716225003,331070,Chistochina,2016-01-01,2016,1,powerhouse_consumption_kwh,1098,outlier_check
A3310700816225003_powerhouse_consumption_kwh,A3310700816225003,331070,Chistochina,2016-02-01,2016,2,powerhouse_consumption_kwh,938,outlier_check
A3310700916225003_powerhouse_consumption_kwh,A3310700916225003,331070,Chistochina,2016-03-01,2016,3,powerhouse_consumption_kwh,848,outlier_check
A3310701016225003_powerhouse_consumption_kwh,A3310701016225003,331070,Chistochina,2016-04-01,2016,4,powerhouse_consumption_kwh,850,outlier_check
A3310701116225003_powerhouse_consumption_kwh,A3310701116225003,331070,Chistochina,2016-05-01,2016,5,powerhouse_consumption_kwh,808,outlier_check
A3310701216225003_powerhouse_consumption_kwh,A3310701216225003,331070,Chistochina,2016-06-01,2016,6,powerhouse_consumption_kwh,886,outlier_check
A3310700117225003_powerhouse_consumption_kwh,A3310700117225003,331070,Chistochina,2016-07-01,2016,7,powerhouse_consumption_kwh,0,outlier_check
A3310700417225003_powerhouse_consumption_kwh,A3310700417225003,331070,Chistochina,2016-10-01,2016,10,powerhouse_consumption_kwh,257,outlier_check
A3310700418225003_powerhouse_consumption_kwh,A3310700418225003,331070,Chistochina,2017-10-01,2017,10,powerhouse_consumption_kwh,241,outlier_check
A3310701219225003_residential_sold_to,A3310701219225003,331070,Chistochina,2019-06-01,2019,6,residential_sold_to,20169,outlier_check
A3310700120225003_powerhouse_consumption_kwh,A3310700120225003,331070,Chistochina,2019-07-01,2019,7,powerhouse_consumption_kwh,268,outlier_check
A3310700420225003_residential_sold_to,A3310700420225003,331070,Chistochina,2019-10-01,2019,10,residential_sold_to,23571,outlier_check
A3318900121225003_peak_consumption_kw,A3318900121225003,331890,Chitina,2020-07-01,2020,7,peak_consumption_kw,190,outlier_check
A3318900721225003_unbilled_sold_to,A3318900721225003,331890,Chitina,2021-01-01,2021,1,unbilled_sold_to,0,outlier_check
A3318900323225003_fuel_used_gallons,A3318900323225003,331890,Chitina,2022-09-01,2022,9,fuel_used_gallons,6736,outlier_check
A3318901225225003_peak_consumption_kw,A3318901225225003,331890,Chitina,2025-06-01,2025,6,peak_consumption_kw,220,outlier_check
A3318900126225003_commercial_sold_to,A3318900126225003,331890,Chitina,2025-07-01,2025,7,commercial_sold_to,30538,outlier_check
A3318900626225003_com_facil_sold_to,A3318900626225003,331890,Chitina,2025-12-01,2025,12,com_facil_sold_to,3703,outlier_check
A3318900726225003_com_facil_sold_to,A3318900726225003,331890,Chitina,2026-01-01,2026,1,com_facil_sold_to,3235,outlier_check
A3318901226225003_com_facil_sold_to,A3318901226225003,331890,Chitina,2026-06-01,2026,6,com_facil_sold_to,2738,outlier_check
A3318900127225003_fuel_used_gallons,A3318900127225003,331890,Chitina,2026-07-01,2026,7,fuel_used_gallons,6495,outlier_check
A3318900127225003_peak_consumption_kw,A3318900127225003,331890,Chitina,2026-07-01,2026,7,peak_consumption_kw,199,outlier_check
A3318900127225003_com_facil_sold_to,A3318900127225003,331890,Chitina,2026-07-01,2026,7,com_facil_sold_to,3593,outlier_check
A3322300716225003_peak_consumption_kw,A3322300716225003,332230,Chuathbaluk,2016-01-01,2016,1,peak_consumption_kw,0,outlier_check
A3322300918225003_peak_consumption_kw,A3322300918225003,332230,Chuathbaluk,2018-03-01,2018,3,peak_consumption_kw,0,outlier_check
A3322301018225003_peak_consumption_kw,A3322301018225003,332230,Chuathbaluk,2018-04-01,2018,4,peak_consumption_kw,652,outlier_check
A3322300220225003_powerhouse_consumption_kwh,A3322300220225003,332230,Chuathbaluk,2019-08-01,2019,8,powerhouse_consumption_kwh,1740,outlier_check
A3322300422225003_powerhouse_consumption_kwh,A3322300422225003,332230,Chuathbaluk,2021-10-01,2021,10,powerhouse_consumption_kwh,1950,outlier_check
A3322300522225003_peak_consumption_kw,A3322300522225003,332230,Chuathbaluk,2021-11-01,2021,11,peak_consumption_kw,0,outlier_check
A3322300823225003_powerhouse_consumption_kwh,A3322300823225003,332230,Chuathbaluk,2023-02-01,2023,2,powerhouse_consumption_kwh,2792,outlier_check
A3322300923225003_powerhouse_consumption_kwh,A3322300923225003,332230,Chuathbaluk,2023-03-01,2023,3,powerhouse_consumption_kwh,3740,outlier_check
A3322301123225003_powerhouse_consumption_kwh,A3322301123225003,332230,Chuathbaluk,2023-05-01,2023,5,powerhouse_consumption_kwh,4956,outlier_check
A3322300124225003_powerhouse_consumption_kwh,A3322300124225003,332230,Chuathbaluk,2023-07-01,2023,7,powerhouse_consumption_kwh,1697,outlier_check
A3319000518225003_commercial_sold_to,A3319000518225003,331900,Circle,2017-11-01,2017,11,commercial_sold_to,10286,outlier_check
A3319000618225003_commercial_sold_to,A3319000618225003,331900,Circle,2017-12-01,2017,12,commercial_sold_to,10472,outlier_check
A3319000718225003_commercial_sold_to,A3319000718225003,331900,Circle,2018-01-01,2018,1,commercial_sold_to,9674,outlier_check
A3319000621225003_commercial_sold_to,A3319000621225003,331900,Circle,2020-12-01,2020,12,commercial_sold_to,12328,outlier_check
A3319000623225003_residential_sold_to,A3319000623225003,331900,Circle,2022-12-01,2022,12,residential_sold_to,18959,outlier_check
A3319100917225003_com_facil_sold_to,A3319100917225003,331910,Clark's Point,2017-03-01,2017,3,com_facil_sold_to,7774,outlier_check
A3319100119225003_unbilled_sold_to,A3319100119225003,331910,Clark's Point,2018-07-01,2018,7,unbilled_sold_to,237,outlier_check
A3319100919225003_unbilled_sold_to,A3319100919225003,331910,Clark's Point,2019-03-01,2019,3,unbilled_sold_to,253,outlier_check
A3319101219225003_unbilled_sold_to,A3319101219225003,331910,Clark's Point,2019-06-01,2019,6,unbilled_sold_to,71,outlier_check
A3319100123225003_fuel_used_gallons,A3319100123225003,331910,Clark's Point,2022-07-01,2022,7,fuel_used_gallons,5902,outlier_check
A3319100824225003_fuel_used_gallons,A3319100824225003,331910,Clark's Point,2024-02-01,2024,2,fuel_used_gallons,5532,outlier_check
A3319100824225003_diesel_kwh_generated,A3319100824225003,331910,Clark's Point,2024-02-01,2024,2,diesel_kwh_generated,66680,outlier_check
A3319100924225003_commercial_sold_to,A3319100924225003,331910,Clark's Point,2024-03-01,2024,3,commercial_sold_to,20022,outlier_check
A3319100924225003_unbilled_sold_to,A3319100924225003,331910,Clark's Point,2024-03-01,2024,3,unbilled_sold_to,66,outlier_check
A3319101024225003_unbilled_sold_to,A3319101024225003,331910,Clark's Point,2024-04-01,2024,4,unbilled_sold_to,128,outlier_check
A3319100225225003_peak_consumption_kw,A3319100225225003,331910,Clark's Point,2024-08-01,2024,8,peak_consumption_kw,1457,outlier_check
A3319100525225003_unbilled_sold_to,A3319100525225003,331910,Clark's Point,2024-11-01,2024,11,unbilled_sold_to,241,outlier_check
A3319100725225003_unbilled_sold_to,A3319100725225003,331910,Clark's Point,2025-01-01,2025,1,unbilled_sold_to,325,outlier_check
A3319100825225003_unbilled_sold_to,A3319100825225003,331910,Clark's Point,2025-02-01,2025,2,unbilled_sold_to,79,outlier_check
A3319100925225003_unbilled_sold_to,A3319100925225003,331910,Clark's Point,2025-03-01,2025,3,unbilled_sold_to,203,outlier_check
A3319100626225003_unbilled_sold_to,A3319100626225003,331910,Clark's Point,2025-12-01,2025,12,unbilled_sold_to,78,outlier_check
A3319100826225003_diesel_kwh_generated,A3319100826225003,331910,Clark's Point,2026-02-01,2026,2,diesel_kwh_generated,69623,outlier_check
A3319100826225003_unbilled_sold_to,A3319100826225003,331910,Clark's Point,2026-02-01,2026,2,unbilled_sold_to,74,outlier_check
A3319101026225003_unbilled_sold_to,A3319101026225003,331910,Clark's Point,2026-04-01,2026,4,unbilled_sold_to,69,outlier_check
A3310800623225003_powerhouse_consumption_kwh,A3310800623225003,331080,Coffman Cove,2022-12-01,2022,12,powerhouse_consumption_kwh,0,outlier_check
A3319800717225003_govt_facil_sold_to,A3319800717225003,331980,Cold Bay,2017-01-01,2017,1,govt_facil_sold_to,120710,outlier_check
A3319800917225003_govt_facil_sold_to,A3319800917225003,331980,Cold Bay,2017-03-01,2017,3,govt_facil_sold_to,133575,outlier_check
A3319800522225003_peak_consumption_kw,A3319800522225003,331980,Cold Bay,2021-11-01,2021,11,peak_consumption_kw,16700,outlier_check
A3319200117225003_peak_consumption_kw,A3319200117225003,331920,"Cordova, Eyak",2016-07-01,2016,7,peak_consumption_kw,8776,outlier_check
A3319200117225003_commercial_sold_to,A3319200117225003,331920,"Cordova, Eyak",2016-07-01,2016,7,commercial_sold_to,2412164,outlier_check
A3319200117225003_residential_customers,A3319200117225003,331920,"Cordova, Eyak",2016-07-01,2016,7,residential_customers,706,outlier_check
A3319200117225003_commercial_customers,A3319200117225003,331920,"Cordova, Eyak",2016-07-01,2016,7,commercial_customers,866,outlier_check
A3319200217225003_peak_consumption_kw,A3319200217225003,331920,"Cordova, Eyak",2016-08-01,2016,8,peak_consumption_kw,8022,outlier_check
A3319200217225003_commercial_sold_to,A3319200217225003,331920,"Cordova, Eyak",2016-08-01,2016,8,commercial_sold_to,2033832,outlier_check
A3319200217225003_residential_customers,A3319200217225003,331920,"Cordova, Eyak",2016-08-01,2016,8,residential_customers,706,outlier_check
A3319200217225003_commercial_customers,A3319200217225003,331920,"Cordova, Eyak",2016-08-01,2016,8,commercial_customers,858,outlier_check
A3319200317225003_residential_customers,A3319200317225003,331920,"Cordova, Eyak",2016-09-01,2016,9,residential_customers,705,outlier_check
A3319200317225003_commercial_customers,A3319200317225003,331920,"Cordova, Eyak",2016-09-01,2016,9,commercial_customers,843,outlier_check
A3319200417225003_residential_customers,A3319200417225003,331920,"Cordova, Eyak",2016-10-01,2016,10,residential_customers,714,outlier_check
A3319200517225003_residential_customers,A3319200517225003,331920,"Cordova, Eyak",2016-11-01,2016,11,residential_customers,712,outlier_check
A3319200617225003_govt_facil_sold_to,A3319200617225003,331920,"Cordova, Eyak",2016-12-01,2016,12,govt_facil_sold_to,252170,outlier_check
A3319200617225003_residential_customers,A3319200617225003,331920,"Cordova, Eyak",2016-12-01,2016,12,residential_customers,715,outlier_check
A3319200717225003_govt_facil_sold_to,A3319200717225003,331920,"Cordova, Eyak",2017-01-01,2017,1,govt_facil_sold_to,257401,outlier_check
A3319200717225003_residential_customers,A3319200717225003,331920,"Cordova, Eyak",2017-01-01,2017,1,residential_customers,721,outlier_check
A3319200817225003_residential_customers,A3319200817225003,331920,"Cordova, Eyak",2017-02-01,2017,2,residential_customers,726,outlier_check
A3319200917225003_residential_customers,A3319200917225003,331920,"Cordova, Eyak",2017-03-01,2017,3,residential_customers,736,outlier_check
A3319201017225003_residential_customers,A3319201017225003,331920,"Cordova, Eyak",2017-04-01,2017,4,residential_customers,736,outlier_check
A3319201117225003_residential_customers,A3319201117225003,331920,"Cordova, Eyak",2017-05-01,2017,5,residential_customers,738,outlier_check
A3319201117225003_commercial_customers,A3319201117225003,331920,"Cordova, Eyak",2017-05-01,2017,5,commercial_customers,855,outlier_check
A3319201217225003_residential_customers,A3319201217225003,331920,"Cordova, Eyak",2017-06-01,2017,6,residential_customers,741,outlier_check
A3319201217225003_commercial_customers,A3319201217225003,331920,"Cordova, Eyak",2017-06-01,2017,6,commercial_customers,859,outlier_check
A3319200118225003_commercial_sold_to,A3319200118225003,331920,"Cordova, Eyak",2017-07-01,2017,7,commercial_sold_to,3617271,outlier_check
A3319200118225003_residential_customers,A3319200118225003,331920,"Cordova, Eyak",2017-07-01,2017,7,residential_customers,830,outlier_check
A3319200218225003_peak_consumption_kw,A3319200218225003,331920,"Cordova, Eyak",2017-08-01,2017,8,peak_consumption_kw,8549,outlier_check
A3319200218225003_commercial_sold_to,A3319200218225003,331920,"Cordova, Eyak",2017-08-01,2017,8,commercial_sold_to,2873127,outlier_check
A3319201218225003_commercial_sold_to,A3319201218225003,331920,"Cordova, Eyak",2018-06-01,2018,6,commercial_sold_to,2190211,outlier_check
A3319200119225003_commercial_sold_to,A3319200119225003,331920,"Cordova, Eyak",2018-07-01,2018,7,commercial_sold_to,2877812,outlier_check
A3319200219225003_peak_consumption_kw,A3319200219225003,331920,"Cordova, Eyak",2018-08-01,2018,8,peak_consumption_kw,8059,outlier_check
A3319200219225003_commercial_sold_to,A3319200219225003,331920,"Cordova, Eyak",2018-08-01,2018,8,commercial_sold_to,2778427,outlier_check
A3319200619225003_peak_consumption_kw,A3319200619225003,331920,"Cordova, Eyak",2018-12-01,2018,12,peak_consumption_kw,17075,outlier_check
A3319201219225003_commercial_sold_to,A3319201219225003,331920,"Cordova, Eyak",2019-06-01,2019,6,commercial_sold_to,2127496,outlier_check
A3319200120225003_peak_consumption_kw,A3319200120225003,331920,"Cordova, Eyak",2019-07-01,2019,7,peak_consumption_kw,8106,outlier_check
A3319200120225003_commercial_sold_to,A3319200120225003,331920,"Cordova, Eyak",2019-07-01,2019,7,commercial_sold_to,2850529,outlier_check
A3319200120225003_residential_customers,A3319200120225003,331920,"Cordova, Eyak",2019-07-01,2019,7,residential_customers,852,outlier_check
A3319200120225003_commercial_customers,A3319200120225003,331920,"Cordova, Eyak",2019-07-01,2019,7,commercial_customers,309,outlier_check
A3319200220225003_peak_consumption_kw,A3319200220225003,331920,"Cordova, Eyak",2019-08-01,2019,8,peak_consumption_kw,8761,outlier_check
A3319200220225003_commercial_sold_to,A3319200220225003,331920,"Cordova, Eyak",2019-08-01,2019,8,commercial_sold_to,3174627,outlier_check
A3319200220225003_residential_customers,A3319200220225003,331920,"Cordova, Eyak",2019-08-01,2019,8,residential_customers,869,outlier_check
A3319200320225003_residential_customers,A3319200320225003,331920,"Cordova, Eyak",2019-09-01,2019,9,residential_customers,840,outlier_check
A3319200121225003_commercial_sold_to,A3319200121225003,331920,"Cordova, Eyak",2020-07-01,2020,7,commercial_sold_to,2389128,outlier_check
A3319200221225003_commercial_sold_to,A3319200221225003,331920,"Cordova, Eyak",2020-08-01,2020,8,commercial_sold_to,2414939,outlier_check
A3319200122225003_peak_consumption_kw,A3319200122225003,331920,"Cordova, Eyak",2021-07-01,2021,7,peak_consumption_kw,8282,outlier_check
A3319200122225003_commercial_sold_to,A3319200122225003,331920,"Cordova, Eyak",2021-07-01,2021,7,commercial_sold_to,3170344,outlier_check
A3319200222225003_peak_consumption_kw,A3319200222225003,331920,"Cordova, Eyak",2021-08-01,2021,8,peak_consumption_kw,8030,outlier_check
A3319200222225003_commercial_sold_to,A3319200222225003,331920,"Cordova, Eyak",2021-08-01,2021,8,commercial_sold_to,3084777,outlier_check
A3319201222225003_powerhouse_consumption_kwh,A3319201222225003,331920,"Cordova, Eyak",2022-06-01,2022,6,powerhouse_consumption_kwh,140666,outlier_check
A3319200123225003_peak_consumption_kw,A3319200123225003,331920,"Cordova, Eyak",2022-07-01,2022,7,peak_consumption_kw,8949,outlier_check
A3319200123225003_commercial_sold_to,A3319200123225003,331920,"Cordova, Eyak",2022-07-01,2022,7,commercial_sold_to,3136946,outlier_check
A3319200123225003_residential_customers,A3319200123225003,331920,"Cordova, Eyak",2022-07-01,2022,7,residential_customers,755,outlier_check
A3319200123225003_commercial_customers,A3319200123225003,331920,"Cordova, Eyak",2022-07-01,2022,7,commercial_customers,886,outlier_check
A3319200523225003_commercial_customers,A3319200523225003,331920,"Cordova, Eyak",2022-11-01,2022,11,commercial_customers,208,outlier_check
A3319200523225003_govt_facil_customers,A3319200523225003,331920,"Cordova, Eyak",2022-11-01,2022,11,govt_facil_customers,455,outlier_check
A3319200723225003_commercial_customers,A3319200723225003,331920,"Cordova, Eyak",2023-01-01,2023,1,commercial_customers,216,outlier_check
A3319200723225003_govt_facil_customers,A3319200723225003,331920,"Cordova, Eyak",2023-01-01,2023,1,govt_facil_customers,444,outlier_check
A3319200823225003_powerhouse_consumption_kwh,A3319200823225003,331920,"Cordova, Eyak",2023-02-01,2023,2,powerhouse_consumption_kwh,185753,outlier_check
A3319200923225003_commercial_customers,A3319200923225003,331920,"Cordova, Eyak",2023-03-01,2023,3,commercial_customers,207,outlier_check
A3319200923225003_govt_facil_customers,A3319200923225003,331920,"Cordova, Eyak",2023-03-01,2023,3,govt_facil_customers,444,outlier_check
A3319201223225003_peak_consumption_kw,A3319201223225003,331920,"Cordova, Eyak",2023-06-01,2023,6,peak_consumption_kw,7643,outlier_check
A3319201223225003_commercial_sold_to,A3319201223225003,331920,"Cordova, Eyak",2023-06-01,2023,6,commercial_sold_to,2035634,outlier_check
A3319200124225003_peak_consumption_kw,A3319200124225003,331920,"Cordova, Eyak",2023-07-01,2023,7,peak_consumption_kw,8885,outlier_check
A3319200124225003_residential_sold_to,A3319200124225003,331920,"Cordova, Eyak",2023-07-01,2023,7,residential_sold_to,2743630,outlier_check
A3319200224225003_peak_consumption_kw,A3319200224225003,331920,"Cordova, Eyak",2023-08-01,2023,8,peak_consumption_kw,9619,outlier_check
A3319200224225003_commercial_sold_to,A3319200224225003,331920,"Cordova, Eyak",2023-08-01,2023,8,commercial_sold_to,3384703,outlier_check
A3319200125225003_commercial_sold_to,A3319200125225003,331920,"Cordova, Eyak",2024-07-01,2024,7,commercial_sold_to,2312733,outlier_check
A3319201225225003_commercial_sold_to,A3319201225225003,331920,"Cordova, Eyak",2025-06-01,2025,6,commercial_sold_to,1958461,outlier_check
A3319200126225003_peak_consumption_kw,A3319200126225003,331920,"Cordova, Eyak",2025-07-01,2025,7,peak_consumption_kw,8558,outlier_check
A3319200126225003_residential_sold_to,A3319200126225003,331920,"Cordova, Eyak",2025-07-01,2025,7,residential_sold_to,179961,outlier_check
A3319200126225003_commercial_sold_to,A3319200126225003,331920,"Cordova, Eyak",2025-07-01,2025,7,commercial_sold_to,3626529,outlier_check
A3319200226225003_peak_consumption_kw,A3319200226225003,331920,"Cordova, Eyak",2025-08-01,2025,8,peak_consumption_kw,7724,outlier_check
A3319200226225003_commercial_sold_to,A3319200226225003,331920,"Cordova, Eyak",2025-08-01,2025,8,commercial_sold_to,2551702,outlier_check
A3319200926225003_residential_customers,A3319200926225003,331920,"Cordova, Eyak",2026-03-01,2026,3,residential_customers,749,outlier_check
A3319201026225003_residential_customers,A3319201026225003,331920,"Cordova, Eyak",2026-04-01,2026,4,residential_customers,751,outlier_check
A3319201126225003_residential_customers,A3319201126225003,331920,"Cordova, Eyak",2026-05-01,2026,5,residential_customers,751,outlier_check
A3319200127225003_residential_customers,A3319200127225003,331920,"Cordova, Eyak",2026-07-01,2026,7,residential_customers,750,outlier_check
A3319200127225003_commercial_customers,A3319200127225003,331920,"Cordova, Eyak",2026-07-01,2026,7,commercial_customers,48,outlier_check
A3310900116225003_fuel_used_gallons,A3310900116225003,331090,Craig,2015-07-01,2015,7,fuel_used_gallons,45332,outlier_check
A3310900116225003_diesel_kwh_generated,A3310900116225003,331090,Craig,2015-07-01,2015,7,diesel_kwh_generated,648599,outlier_check
A3310900116225003_commercial_sold_to,A3310900116225003,331090,Craig,2015-07-01,2015,7,commercial_sold_to,795804,outlier_check
A3310900216225003_fuel_used_gallons,A3310900216225003,331090,Craig,2015-08-01,2015,8,fuel_used_gallons,65096,outlier_check
A3310900216225003_diesel_kwh_generated,A3310900216225003,331090,Craig,2015-08-01,2015,8,diesel_kwh_generated,940051,outlier_check
A3310900216225003_commercial_sold_to,A3310900216225003,331090,Craig,2015-08-01,2015,8,commercial_sold_to,1168310,outlier_check
A3310900717225003_fuel_used_gallons,A3310900717225003,331090,Craig,2017-01-01,2017,1,fuel_used_gallons,57781,outlier_check
A3310900717225003_diesel_kwh_generated,A3310900717225003,331090,Craig,2017-01-01,2017,1,diesel_kwh_generated,816477,outlier_check
A3310900917225003_fuel_used_gallons,A3310900917225003,331090,Craig,2017-03-01,2017,3,fuel_used_gallons,77491,outlier_check
A3310900917225003_diesel_kwh_generated,A3310900917225003,331090,Craig,2017-03-01,2017,3,diesel_kwh_generated,1131766,outlier_check
A3310901017225003_fuel_used_gallons,A3310901017225003,331090,Craig,2017-04-01,2017,4,fuel_used_gallons,61544,outlier_check
A3310901017225003_diesel_kwh_generated,A3310901017225003,331090,Craig,2017-04-01,2017,4,diesel_kwh_generated,891713,outlier_check
A3310900218225003_commercial_sold_to,A3310900218225003,331090,Craig,2017-08-01,2017,8,commercial_sold_to,671875,outlier_check
A3310900818225003_fuel_used_gallons,A3310900818225003,331090,Craig,2018-02-01,2018,2,fuel_used_gallons,64300,outlier_check
A3310900818225003_diesel_kwh_generated,A3310900818225003,331090,Craig,2018-02-01,2018,2,diesel_kwh_generated,885042,outlier_check
A3310900918225003_fuel_used_gallons,A3310900918225003,331090,Craig,2018-03-01,2018,3,fuel_used_gallons,93673,outlier_check
A3310900918225003_diesel_kwh_generated,A3310900918225003,331090,Craig,2018-03-01,2018,3,diesel_kwh_generated,1345511,outlier_check
A3310901018225003_fuel_used_gallons,A3310901018225003,331090,Craig,2018-04-01,2018,4,fuel_used_gallons,84807,outlier_check
A3310901018225003_diesel_kwh_generated,A3310901018225003,331090,Craig,2018-04-01,2018,4,diesel_kwh_generated,1127108,outlier_check
A3310900219225003_fuel_used_gallons,A3310900219225003,331090,Craig,2018-08-01,2018,8,fuel_used_gallons,62261,outlier_check
A3310900219225003_diesel_kwh_generated,A3310900219225003,331090,Craig,2018-08-01,2018,8,diesel_kwh_generated,865441,outlier_check
A3310900219225003_commercial_sold_to,A3310900219225003,331090,Craig,2018-08-01,2018,8,commercial_sold_to,637815,outlier_check
A3310900919225003_fuel_used_gallons,A3310900919225003,331090,Craig,2019-03-01,2019,3,fuel_used_gallons,61749,outlier_check
A3310900919225003_diesel_kwh_generated,A3310900919225003,331090,Craig,2019-03-01,2019,3,diesel_kwh_generated,894673,outlier_check
A3310901019225003_fuel_used_gallons,A3310901019225003,331090,Craig,2019-04-01,2019,4,fuel_used_gallons,56316,outlier_check
A3310901019225003_diesel_kwh_generated,A3310901019225003,331090,Craig,2019-04-01,2019,4,diesel_kwh_generated,773999,outlier_check
A3310900220225003_fuel_used_gallons,A3310900220225003,331090,Craig,2019-08-01,2019,8,fuel_used_gallons,92354,outlier_check
A3310900220225003_diesel_kwh_generated,A3310900220225003,331090,Craig,2019-08-01,2019,8,diesel_kwh_generated,1301792,outlier_check
A3310900220225003_commercial_sold_to,A3310900220225003,331090,Craig,2019-08-01,2019,8,commercial_sold_to,1022978,outlier_check
A3310900320225003_commercial_sold_to,A3310900320225003,331090,Craig,2019-09-01,2019,9,commercial_sold_to,535700,outlier_check
A3310901020225003_fuel_used_gallons,A3310901020225003,331090,Craig,2020-04-01,2020,4,fuel_used_gallons,65450,outlier_check
A3310901020225003_diesel_kwh_generated,A3310901020225003,331090,Craig,2020-04-01,2020,4,diesel_kwh_generated,953239,outlier_check
A3310901021225003_fuel_used_gallons,A3310901021225003,331090,Craig,2021-04-01,2021,4,fuel_used_gallons,63322,outlier_check
A3310901021225003_diesel_kwh_generated,A3310901021225003,331090,Craig,2021-04-01,2021,4,diesel_kwh_generated,965418,outlier_check
A3310900222225003_commercial_sold_to,A3310900222225003,331090,Craig,2021-08-01,2021,8,commercial_sold_to,1125696,outlier_check
A3310900322225003_commercial_sold_to,A3310900322225003,331090,Craig,2021-09-01,2021,9,commercial_sold_to,615948,outlier_check
A3310901222225003_commercial_sold_to,A3310901222225003,331090,Craig,2022-06-01,2022,6,commercial_sold_to,649703,outlier_check
A3310900123225003_commercial_sold_to,A3310900123225003,331090,Craig,2022-07-01,2022,7,commercial_sold_to,792629,outlier_check
A3310900223225003_fuel_used_gallons,A3310900223225003,331090,Craig,2022-08-01,2022,8,fuel_used_gallons,48522,outlier_check
A3310900223225003_diesel_kwh_generated,A3310900223225003,331090,Craig,2022-08-01,2022,8,diesel_kwh_generated,693637,outlier_check
A3310900223225003_commercial_sold_to,A3310900223225003,331090,Craig,2022-08-01,2022,8,commercial_sold_to,1843607,outlier_check
A3310900923225003_fuel_used_gallons,A3310900923225003,331090,Craig,2023-03-01,2023,3,fuel_used_gallons,68613,outlier_check
A3310900923225003_diesel_kwh_generated,A3310900923225003,331090,Craig,2023-03-01,2023,3,diesel_kwh_generated,1027003,outlier_check
A3310900124225003_commercial_sold_to,A3310900124225003,331090,Craig,2023-07-01,2023,7,commercial_sold_to,996998,outlier_check
A3310900224225003_fuel_used_gallons,A3310900224225003,331090,Craig,2023-08-01,2023,8,fuel_used_gallons,97278,outlier_check
A3310900224225003_diesel_kwh_generated,A3310900224225003,331090,Craig,2023-08-01,2023,8,diesel_kwh_generated,1382089,outlier_check
A3310900224225003_commercial_sold_to,A3310900224225003,331090,Craig,2023-08-01,2023,8,commercial_sold_to,2245289,outlier_check
A3310900125225003_fuel_used_gallons,A3310900125225003,331090,Craig,2024-07-01,2024,7,fuel_used_gallons,61295,outlier_check
A3310900125225003_diesel_kwh_generated,A3310900125225003,331090,Craig,2024-07-01,2024,7,diesel_kwh_generated,869846,outlier_check
A3310900125225003_commercial_sold_to,A3310900125225003,331090,Craig,2024-07-01,2024,7,commercial_sold_to,1048097,outlier_check
A3310900225225003_fuel_used_gallons,A3310900225225003,331090,Craig,2024-08-01,2024,8,fuel_used_gallons,145013,outlier_check
A3310900225225003_diesel_kwh_generated,A3310900225225003,331090,Craig,2024-08-01,2024,8,diesel_kwh_generated,2078313,outlier_check
A3310900225225003_commercial_sold_to,A3310900225225003,331090,Craig,2024-08-01,2024,8,commercial_sold_to,1471261,outlier_check
A3310900325225003_fuel_used_gallons,A3310900325225003,331090,Craig,2024-09-01,2024,9,fuel_used_gallons,48159,outlier_check
A3310900325225003_diesel_kwh_generated,A3310900325225003,331090,Craig,2024-09-01,2024,9,diesel_kwh_generated,618309,outlier_check
A3310900825225003_diesel_kwh_generated,A3310900825225003,331090,Craig,2025-02-01,2025,2,diesel_kwh_generated,561899,outlier_check
A3310900126225003_commercial_sold_to,A3310900126225003,331090,Craig,2025-07-01,2025,7,commercial_sold_to,1256854,outlier_check
A3310900226225003_commercial_sold_to,A3310900226225003,331090,Craig,2025-08-01,2025,8,commercial_sold_to,1741699,outlier_check
A3310900726225003_residential_customers,A3310900726225003,331090,Craig,2026-01-01,2026,1,residential_customers,569,outlier_check
A3310900826225003_residential_customers,A3310900826225003,331090,Craig,2026-02-01,2026,2,residential_customers,567,outlier_check
A3322400516225003_powerhouse_consumption_kwh,A3322400516225003,332240,Crooked Creek,2015-11-01,2015,11,powerhouse_consumption_kwh,0,outlier_check
A3322400616225003_powerhouse_consumption_kwh,A3322400616225003,332240,Crooked Creek,2015-12-01,2015,12,powerhouse_consumption_kwh,0,outlier_check
A3322400716225003_powerhouse_consumption_kwh,A3322400716225003,332240,Crooked Creek,2016-01-01,2016,1,powerhouse_consumption_kwh,0,outlier_check
A3322400816225003_powerhouse_consumption_kwh,A3322400816225003,332240,Crooked Creek,2016-02-01,2016,2,powerhouse_consumption_kwh,0,outlier_check
A3322400420225003_peak_consumption_kw,A3322400420225003,332240,Crooked Creek,2019-10-01,2019,10,peak_consumption_kw,200,outlier_check
A3322400421225003_fuel_used_gallons,A3322400421225003,332240,Crooked Creek,2020-10-01,2020,10,fuel_used_gallons,3747,outlier_check
A3322400421225003_commercial_sold_to,A3322400421225003,332240,Crooked Creek,2020-10-01,2020,10,commercial_sold_to,20391,outlier_check
A3322400821225003_powerhouse_consumption_kwh,A3322400821225003,332240,Crooked Creek,2021-02-01,2021,2,powerhouse_consumption_kwh,2093,outlier_check
A3322401221225003_diesel_kwh_generated,A3322401221225003,332240,Crooked Creek,2021-06-01,2021,6,diesel_kwh_generated,0,outlier_check
A3322400723225003_govt_facil_sold_to,A3322400723225003,332240,Crooked Creek,2023-01-01,2023,1,govt_facil_sold_to,4174,outlier_check
A3322400724225003_fuel_used_gallons,A3322400724225003,332240,Crooked Creek,2024-01-01,2024,1,fuel_used_gallons,4302,outlier_check
A3322400724225003_diesel_kwh_generated,A3322400724225003,332240,Crooked Creek,2024-01-01,2024,1,diesel_kwh_generated,45175,outlier_check
A3322400724225003_com_facil_sold_to,A3322400724225003,332240,Crooked Creek,2024-01-01,2024,1,com_facil_sold_to,6245,outlier_check
A3322400724225003_govt_facil_sold_to,A3322400724225003,332240,Crooked Creek,2024-01-01,2024,1,govt_facil_sold_to,3439,outlier_check
A3322400924225003_govt_facil_sold_to,A3322400924225003,332240,Crooked Creek,2024-03-01,2024,3,govt_facil_sold_to,2900,outlier_check
A3322400526225003_com_facil_sold_to,A3322400526225003,332240,Crooked Creek,2025-11-01,2025,11,com_facil_sold_to,4411,outlier_check
A3322400626225003_com_facil_sold_to,A3322400626225003,332240,Crooked Creek,2025-12-01,2025,12,com_facil_sold_to,4292,outlier_check
A3322400726225003_com_facil_sold_to,A3322400726225003,332240,Crooked Creek,2026-01-01,2026,1,com_facil_sold_to,5211,outlier_check
A3322400826225003_com_facil_sold_to,A3322400826225003,332240,Crooked Creek,2026-02-01,2026,2,com_facil_sold_to,4213,outlier_check
A3322400926225003_powerhouse_consumption_kwh,A3322400926225003,332240,Crooked Creek,2026-03-01,2026,3,powerhouse_consumption_kwh,1930,outlier_check
A3322400926225003_com_facil_sold_to,A3322400926225003,332240,Crooked Creek,2026-03-01,2026,3,com_facil_sold_to,5240,outlier_check
A3322401026225003_powerhouse_consumption_kwh,A3322401026225003,332240,Crooked Creek,2026-04-01,2026,4,powerhouse_consumption_kwh,1954,outlier_check
A3320600616225003_unbilled_sold_to,A3320600616225003,332060,Deering,2015-12-01,2015,12,unbilled_sold_to,2165,outlier_check
A3320600716225003_unbilled_sold_to,A3320600716225003,332060,Deering,2016-01-01,2016,1,unbilled_sold_to,1012,outlier_check
A3320601119225003_powerhouse_consumption_kwh,A3320601119225003,332060,Deering,2019-05-01,2019,5,powerhouse_consumption_kwh,0,outlier_check
A3320600220225003_powerhouse_consumption_kwh,A3320600220225003,332060,Deering,2019-08-01,2019,8,powerhouse_consumption_kwh,0,outlier_check
A3320600420225003_powerhouse_consumption_kwh,A3320600420225003,332060,Deering,2019-10-01,2019,10,powerhouse_consumption_kwh,0,outlier_check
A3320600520225003_powerhouse_consumption_kwh,A3320600520225003,332060,Deering,2019-11-01,2019,11,powerhouse_consumption_kwh,0,outlier_check
A3320600620225003_powerhouse_consumption_kwh,A3320600620225003,332060,Deering,2019-12-01,2019,12,powerhouse_consumption_kwh,0,outlier_check
A3320600720225003_powerhouse_consumption_kwh,A3320600720225003,332060,Deering,2020-01-01,2020,1,powerhouse_consumption_kwh,0,outlier_check
A3320600820225003_powerhouse_consumption_kwh,A3320600820225003,332060,Deering,2020-02-01,2020,2,powerhouse_consumption_kwh,5462,outlier_check
A3320600221225003_powerhouse_consumption_kwh,A3320600221225003,332060,Deering,2020-08-01,2020,8,powerhouse_consumption_kwh,0,outlier_check
A3320600222225003_powerhouse_consumption_kwh,A3320600222225003,332060,Deering,2021-08-01,2021,8,powerhouse_consumption_kwh,22,outlier_check
A3320600322225003_powerhouse_consumption_kwh,A3320600322225003,332060,Deering,2021-09-01,2021,9,powerhouse_consumption_kwh,16,outlier_check
A3320600422225003_powerhouse_consumption_kwh,A3320600422225003,332060,Deering,2021-10-01,2021,10,powerhouse_consumption_kwh,23,outlier_check
A3320600422225003_unbilled_sold_to,A3320600422225003,332060,Deering,2021-10-01,2021,10,unbilled_sold_to,5623,outlier_check
A3320600723225003_unbilled_sold_to,A3320600723225003,332060,Deering,2023-01-01,2023,1,unbilled_sold_to,2090,outlier_check
A3320601124225003_unbilled_sold_to,A3320601124225003,332060,Deering,2024-05-01,2024,5,unbilled_sold_to,797,outlier_check
A3320600125225003_unbilled_sold_to,A3320600125225003,332060,Deering,2024-07-01,2024,7,unbilled_sold_to,3817,outlier_check
A3320600625225003_com_facil_sold_to,A3320600625225003,332060,Deering,2024-12-01,2024,12,com_facil_sold_to,19479,outlier_check
A3320600625225003_govt_facil_sold_to,A3320600625225003,332060,Deering,2024-12-01,2024,12,govt_facil_sold_to,8705,outlier_check
A3320600625225003_unbilled_sold_to,A3320600625225003,332060,Deering,2024-12-01,2024,12,unbilled_sold_to,901,outlier_check
A3320600925225003_unbilled_sold_to,A3320600925225003,332060,Deering,2025-03-01,2025,3,unbilled_sold_to,1021,outlier_check
A3320600426225003_unbilled_sold_to,A3320600426225003,332060,Deering,2025-10-01,2025,10,unbilled_sold_to,844,outlier_check
A3320600626225003_unbilled_sold_to,A3320600626225003,332060,Deering,2025-12-01,2025,12,unbilled_sold_to,1465,outlier_check
A3320600127225003_residential_rate,A3320600127225003,332060,Deering,2026-07-01,2026,7,residential_rate,99.99,outlier_check
A3324300117225003_diesel_kwh_generated,A3324300117225003,332430,"Dillingham, Aleknagik",2016-07-01,2016,7,diesel_kwh_generated,2275400,outlier_check
A3324300117225003_peak_consumption_kw,A3324300117225003,332430,"Dillingham, Aleknagik",2016-07-01,2016,7,peak_consumption_kw,4240,outlier_check
A3324300117225003_commercial_sold_to,A3324300117225003,332430,"Dillingham, Aleknagik",2016-07-01,2016,7,commercial_sold_to,1682902,outlier_check
A3324300217225003_fuel_used_gallons,A3324300217225003,332430,"Dillingham, Aleknagik",2016-08-01,2016,8,fuel_used_gallons,140763,outlier_check
A3324300217225003_peak_consumption_kw,A3324300217225003,332430,"Dillingham, Aleknagik",2016-08-01,2016,8,peak_consumption_kw,4210,outlier_check
A3324300217225003_commercial_sold_to,A3324300217225003,332430,"Dillingham, Aleknagik",2016-08-01,2016,8,commercial_sold_to,1386851,outlier_check
A3324300817225003_com_facil_sold_to,A3324300817225003,332430,"Dillingham, Aleknagik",2017-02-01,2017,2,com_facil_sold_to,151902,outlier_check
A3324300118225003_fuel_used_gallons,A3324300118225003,332430,"Dillingham, Aleknagik",2017-07-01,2017,7,fuel_used_gallons,159096,outlier_check
A3324300118225003_diesel_kwh_generated,A3324300118225003,332430,"Dillingham, Aleknagik",2017-07-01,2017,7,diesel_kwh_generated,2389000,outlier_check
A3324300118225003_peak_consumption_kw,A3324300118225003,332430,"Dillingham, Aleknagik",2017-07-01,2017,7,peak_consumption_kw,4360,outlier_check
A3324300118225003_commercial_sold_to,A3324300118225003,332430,"Dillingham, Aleknagik",2017-07-01,2017,7,commercial_sold_to,1744038,outlier_check
A3324300218225003_peak_consumption_kw,A3324300218225003,332430,"Dillingham, Aleknagik",2017-08-01,2017,8,peak_consumption_kw,4090,outlier_check
A3324300119225003_fuel_used_gallons,A3324300119225003,332430,"Dillingham, Aleknagik",2018-07-01,2018,7,fuel_used_gallons,169629,outlier_check
A3324300119225003_diesel_kwh_generated,A3324300119225003,332430,"Dillingham, Aleknagik",2018-07-01,2018,7,diesel_kwh_generated,2546200,outlier_check
A3324300119225003_peak_consumption_kw,A3324300119225003,332430,"Dillingham, Aleknagik",2018-07-01,2018,7,peak_consumption_kw,4600,outlier_check
A3324300119225003_commercial_sold_to,A3324300119225003,332430,"Dillingham, Aleknagik",2018-07-01,2018,7,commercial_sold_to,1853171,outlier_check
A3324300219225003_fuel_used_gallons,A3324300219225003,332430,"Dillingham, Aleknagik",2018-08-01,2018,8,fuel_used_gallons,146320,outlier_check
A3324300219225003_diesel_kwh_generated,A3324300219225003,332430,"Dillingham, Aleknagik",2018-08-01,2018,8,diesel_kwh_generated,2217000,outlier_check
A3324300219225003_peak_consumption_kw,A3324300219225003,332430,"Dillingham, Aleknagik",2018-08-01,2018,8,peak_consumption_kw,4500,outlier_check
A3324300219225003_commercial_sold_to,A3324300219225003,332430,"Dillingham, Aleknagik",2018-08-01,2018,8,commercial_sold_to,1523173,outlier_check
A3324300120225003_fuel_used_gallons,A3324300120225003,332430,"Dillingham, Aleknagik",2019-07-01,2019,7,fuel_used_gallons,199294,outlier_check
A3324300120225003_diesel_kwh_generated,A3324300120225003,332430,"Dillingham, Aleknagik",2019-07-01,2019,7,diesel_kwh_generated,3026364,outlier_check
A3324300120225003_powerhouse_consumption_kwh,A3324300120225003,332430,"Dillingham, Aleknagik",2019-07-01,2019,7,powerhouse_consumption_kwh,97603,outlier_check
A3324300120225003_peak_consumption_kw,A3324300120225003,332430,"Dillingham, Aleknagik",2019-07-01,2019,7,peak_consumption_kw,6050,outlier_check
A3324300120225003_commercial_sold_to,A3324300120225003,332430,"Dillingham, Aleknagik",2019-07-01,2019,7,commercial_sold_to,2352448,outlier_check
A3324300220225003_peak_consumption_kw,A3324300220225003,332430,"Dillingham, Aleknagik",2019-08-01,2019,8,peak_consumption_kw,5020,outlier_check
A3324300220225003_commercial_sold_to,A3324300220225003,332430,"Dillingham, Aleknagik",2019-08-01,2019,8,commercial_sold_to,1260186,outlier_check
A3324300720225003_unbilled_sold_to,A3324300720225003,332430,"Dillingham, Aleknagik",2020-01-01,2020,1,unbilled_sold_to,13438,outlier_check
A3324300121225003_fuel_used_gallons,A3324300121225003,332430,"Dillingham, Aleknagik",2020-07-01,2020,7,fuel_used_gallons,163501,outlier_check
A3324300121225003_diesel_kwh_generated,A3324300121225003,332430,"Dillingham, Aleknagik",2020-07-01,2020,7,diesel_kwh_generated,2446241,outlier_check
A3324300121225003_peak_consumption_kw,A3324300121225003,332430,"Dillingham, Aleknagik",2020-07-01,2020,7,peak_consumption_kw,5720,outlier_check
A3324300121225003_commercial_sold_to,A3324300121225003,332430,"Dillingham, Aleknagik",2020-07-01,2020,7,commercial_sold_to,1857841,outlier_check
A3324300221225003_peak_consumption_kw,A3324300221225003,332430,"Dillingham, Aleknagik",2020-08-01,2020,8,peak_consumption_kw,5525,outlier_check
A3324300221225003_commercial_sold_to,A3324300221225003,332430,"Dillingham, Aleknagik",2020-08-01,2020,8,commercial_sold_to,1206792,outlier_check
A3324300122225003_fuel_used_gallons,A3324300122225003,332430,"Dillingham, Aleknagik",2021-07-01,2021,7,fuel_used_gallons,202239,outlier_check
A3324300122225003_diesel_kwh_generated,A3324300122225003,332430,"Dillingham, Aleknagik",2021-07-01,2021,7,diesel_kwh_generated,3064875,outlier_check
A3324300122225003_peak_consumption_kw,A3324300122225003,332430,"Dillingham, Aleknagik",2021-07-01,2021,7,peak_consumption_kw,6255,outlier_check
A3324300122225003_commercial_sold_to,A3324300122225003,332430,"Dillingham, Aleknagik",2021-07-01,2021,7,commercial_sold_to,2342610,outlier_check
A3324300222225003_peak_consumption_kw,A3324300222225003,332430,"Dillingham, Aleknagik",2021-08-01,2021,8,peak_consumption_kw,5820,outlier_check
A3324300222225003_commercial_sold_to,A3324300222225003,332430,"Dillingham, Aleknagik",2021-08-01,2021,8,commercial_sold_to,1345751,outlier_check
A3324301122225003_peak_consumption_kw,A3324301122225003,332430,"Dillingham, Aleknagik",2022-05-01,2022,5,peak_consumption_kw,3974,outlier_check
A3324301122225003_commercial_sold_to,A3324301122225003,332430,"Dillingham, Aleknagik",2022-05-01,2022,5,commercial_sold_to,1244815,outlier_check
A3324301222225003_peak_consumption_kw,A3324301222225003,332430,"Dillingham, Aleknagik",2022-06-01,2022,6,peak_consumption_kw,3955,outlier_check
A3324300123225003_fuel_used_gallons,A3324300123225003,332430,"Dillingham, Aleknagik",2022-07-01,2022,7,fuel_used_gallons,217983,outlier_check
A3324300123225003_diesel_kwh_generated,A3324300123225003,332430,"Dillingham, Aleknagik",2022-07-01,2022,7,diesel_kwh_generated,3284252,outlier_check
A3324300123225003_powerhouse_consumption_kwh,A3324300123225003,332430,"Dillingham, Aleknagik",2022-07-01,2022,7,powerhouse_consumption_kwh,87212,outlier_check
A3324300123225003_peak_consumption_kw,A3324300123225003,332430,"Dillingham, Aleknagik",2022-07-01,2022,7,peak_consumption_kw,6480,outlier_check
A3324300123225003_commercial_sold_to,A3324300123225003,332430,"Dillingham, Aleknagik",2022-07-01,2022,7,commercial_sold_to,2677337,outlier_check
A3324300223225003_peak_consumption_kw,A3324300223225003,332430,"Dillingham, Aleknagik",2022-08-01,2022,8,peak_consumption_kw,5920,outlier_check
A3324300223225003_commercial_sold_to,A3324300223225003,332430,"Dillingham, Aleknagik",2022-08-01,2022,8,commercial_sold_to,1183298,outlier_check
A3324300124225003_fuel_used_gallons,A3324300124225003,332430,"Dillingham, Aleknagik",2023-07-01,2023,7,fuel_used_gallons,204672,outlier_check
A3324300124225003_diesel_kwh_generated,A3324300124225003,332430,"Dillingham, Aleknagik",2023-07-01,2023,7,diesel_kwh_generated,3098114,outlier_check
A3324300124225003_powerhouse_consumption_kwh,A3324300124225003,332430,"Dillingham, Aleknagik",2023-07-01,2023,7,powerhouse_consumption_kwh,86084,outlier_check
A3324300124225003_peak_consumption_kw,A3324300124225003,332430,"Dillingham, Aleknagik",2023-07-01,2023,7,peak_consumption_kw,6555,outlier_check
A3324300124225003_commercial_sold_to,A3324300124225003,332430,"Dillingham, Aleknagik",2023-07-01,2023,7,commercial_sold_to,2458551,outlier_check
A3324300224225003_fuel_used_gallons,A3324300224225003,332430,"Dillingham, Aleknagik",2023-08-01,2023,8,fuel_used_gallons,143887,outlier_check
A3324300224225003_diesel_kwh_generated,A3324300224225003,332430,"Dillingham, Aleknagik",2023-08-01,2023,8,diesel_kwh_generated,2163446,outlier_check
A3324300224225003_peak_consumption_kw,A3324300224225003,332430,"Dillingham, Aleknagik",2023-08-01,2023,8,peak_consumption_kw,6580,outlier_check
A3324300224225003_commercial_sold_to,A3324300224225003,332430,"Dillingham, Aleknagik",2023-08-01,2023,8,commercial_sold_to,1395112,outlier_check
A3324300125225003_fuel_used_gallons,A3324300125225003,332430,"Dillingham, Aleknagik",2024-07-01,2024,7,fuel_used_gallons,178032,outlier_check
A3324300125225003_diesel_kwh_generated,A3324300125225003,332430,"Dillingham, Aleknagik",2024-07-01,2024,7,diesel_kwh_generated,2718892,outlier_check
A3324300125225003_peak_consumption_kw,A3324300125225003,332430,"Dillingham, Aleknagik",2024-07-01,2024,7,peak_consumption_kw,5775,outlier_check
A3324300125225003_commercial_sold_to,A3324300125225003,332430,"Dillingham, Aleknagik",2024-07-01,2024,7,commercial_sold_to,2036558,outlier_check
A3324300225225003_peak_consumption_kw,A3324300225225003,332430,"Dillingham, Aleknagik",2024-08-01,2024,8,peak_consumption_kw,5450,outlier_check
A3324300225225003_commercial_sold_to,A3324300225225003,332430,"Dillingham, Aleknagik",2024-08-01,2024,8,commercial_sold_to,1199001,outlier_check
A3324300126225003_fuel_used_gallons,A3324300126225003,332430,"Dillingham, Aleknagik",2025-07-01,2025,7,fuel_used_gallons,213975,outlier_check
A3324300126225003_diesel_kwh_generated,A3324300126225003,332430,"Dillingham, Aleknagik",2025-07-01,2025,7,diesel_kwh_generated,3278944,outlier_check
A3324300126225003_powerhouse_consumption_kwh,A3324300126225003,332430,"Dillingham, Aleknagik",2025-07-01,2025,7,powerhouse_consumption_kwh,86143,outlier_check
A3324300126225003_peak_consumption_kw,A3324300126225003,332430,"Dillingham, Aleknagik",2025-07-01,2025,7,peak_consumption_kw,6650,outlier_check
A3324300126225003_commercial_sold_to,A3324300126225003,332430,"Dillingham, Aleknagik",2025-07-01,2025,7,commercial_sold_to,2547720,outlier_check
A3324300226225003_peak_consumption_kw,A3324300226225003,332430,"Dillingham, Aleknagik",2025-08-01,2025,8,peak_consumption_kw,5465,outlier_check
A3324300226225003_commercial_sold_to,A3324300226225003,332430,"Dillingham, Aleknagik",2025-08-01,2025,8,commercial_sold_to,1316540,outlier_check
A3324300826225003_residential_customers,A3324300826225003,332430,"Dillingham, Aleknagik",2026-02-01,2026,2,residential_customers,829,outlier_check
A3324300926225003_residential_customers,A3324300926225003,332430,"Dillingham, Aleknagik",2026-03-01,2026,3,residential_customers,822,outlier_check
A3324301126225003_residential_customers,A3324301126225003,332430,"Dillingham, Aleknagik",2026-05-01,2026,5,residential_customers,825,outlier_check
A3319300517225003_govt_facil_sold_to,A3319300517225003,331930,Diomede,2016-11-01,2016,11,govt_facil_sold_to,595,outlier_check
A3319300617225003_govt_facil_sold_to,A3319300617225003,331930,Diomede,2016-12-01,2016,12,govt_facil_sold_to,696,outlier_check
A3319300717225003_residential_sold_to,A3319300717225003,331930,Diomede,2017-01-01,2017,1,residential_sold_to,25865,outlier_check
A3319300717225003_govt_facil_sold_to,A3319300717225003,331930,Diomede,2017-01-01,2017,1,govt_facil_sold_to,783,outlier_check
A3319300817225003_govt_facil_sold_to,A3319300817225003,331930,Diomede,2017-02-01,2017,2,govt_facil_sold_to,609,outlier_check
A3319300917225003_govt_facil_sold_to,A3319300917225003,331930,Diomede,2017-03-01,2017,3,govt_facil_sold_to,668,outlier_check
A3319301017225003_residential_sold_to,A3319301017225003,331930,Diomede,2017-04-01,2017,4,residential_sold_to,25738,outlier_check
A3319301017225003_com_facil_sold_to,A3319301017225003,331930,Diomede,2017-04-01,2017,4,com_facil_sold_to,4673,outlier_check
A3319301017225003_govt_facil_sold_to,A3319301017225003,331930,Diomede,2017-04-01,2017,4,govt_facil_sold_to,788,outlier_check
A3319301117225003_residential_sold_to,A3319301117225003,331930,Diomede,2017-05-01,2017,5,residential_sold_to,23111,outlier_check
A3319301117225003_com_facil_sold_to,A3319301117225003,331930,Diomede,2017-05-01,2017,5,com_facil_sold_to,4981,outlier_check
A3319301117225003_govt_facil_sold_to,A3319301117225003,331930,Diomede,2017-05-01,2017,5,govt_facil_sold_to,1426,outlier_check
A3319300118225003_govt_facil_sold_to,A3319300118225003,331930,Diomede,2017-07-01,2017,7,govt_facil_sold_to,1238,outlier_check
A3319300218225003_govt_facil_sold_to,A3319300218225003,331930,Diomede,2017-08-01,2017,8,govt_facil_sold_to,656,outlier_check
A3319300318225003_govt_facil_sold_to,A3319300318225003,331930,Diomede,2017-09-01,2017,9,govt_facil_sold_to,1057,outlier_check
A3319300418225003_com_facil_sold_to,A3319300418225003,331930,Diomede,2017-10-01,2017,10,com_facil_sold_to,14810,outlier_check
A3319300418225003_govt_facil_sold_to,A3319300418225003,331930,Diomede,2017-10-01,2017,10,govt_facil_sold_to,14115,outlier_check
A3319300518225003_govt_facil_sold_to,A3319300518225003,331930,Diomede,2017-11-01,2017,11,govt_facil_sold_to,503,outlier_check
A3319300618225003_govt_facil_sold_to,A3319300618225003,331930,Diomede,2017-12-01,2017,12,govt_facil_sold_to,643,outlier_check
A3319300718225003_powerhouse_consumption_kwh,A3319300718225003,331930,Diomede,2018-01-01,2018,1,powerhouse_consumption_kwh,15022,outlier_check
A3319300718225003_govt_facil_sold_to,A3319300718225003,331930,Diomede,2018-01-01,2018,1,govt_facil_sold_to,605,outlier_check
A3319300818225003_govt_facil_sold_to,A3319300818225003,331930,Diomede,2018-02-01,2018,2,govt_facil_sold_to,482,outlier_check
A3319300918225003_diesel_kwh_generated,A3319300918225003,331930,Diomede,2018-03-01,2018,3,diesel_kwh_generated,0,outlier_check
A3319300918225003_govt_facil_sold_to,A3319300918225003,331930,Diomede,2018-03-01,2018,3,govt_facil_sold_to,581,outlier_check
A3319300918225003_unbilled_sold_to,A3319300918225003,331930,Diomede,2018-03-01,2018,3,unbilled_sold_to,4464,outlier_check
A3319301018225003_diesel_kwh_generated,A3319301018225003,331930,Diomede,2018-04-01,2018,4,diesel_kwh_generated,0,outlier_check
A3319301018225003_govt_facil_sold_to,A3319301018225003,331930,Diomede,2018-04-01,2018,4,govt_facil_sold_to,521,outlier_check
A3319301118225003_diesel_kwh_generated,A3319301118225003,331930,Diomede,2018-05-01,2018,5,diesel_kwh_generated,0,outlier_check
A3319301118225003_govt_facil_sold_to,A3319301118225003,331930,Diomede,2018-05-01,2018,5,govt_facil_sold_to,476,outlier_check
A3319301218225003_diesel_kwh_generated,A3319301218225003,331930,Diomede,2018-06-01,2018,6,diesel_kwh_generated,0,outlier_check
A3319301218225003_govt_facil_sold_to,A3319301218225003,331930,Diomede,2018-06-01,2018,6,govt_facil_sold_to,552,outlier_check
A3319301218225003_unbilled_sold_to,A3319301218225003,331930,Diomede,2018-06-01,2018,6,unbilled_sold_to,4201,outlier_check
A3319300119225003_diesel_kwh_generated,A3319300119225003,331930,Diomede,2018-07-01,2018,7,diesel_kwh_generated,0,outlier_check
A3319300119225003_govt_facil_sold_to,A3319300119225003,331930,Diomede,2018-07-01,2018,7,govt_facil_sold_to,583,outlier_check
A3319300219225003_diesel_kwh_generated,A3319300219225003,331930,Diomede,2018-08-01,2018,8,diesel_kwh_generated,0,outlier_check
A3319300219225003_govt_facil_sold_to,A3319300219225003,331930,Diomede,2018-08-01,2018,8,govt_facil_sold_to,604,outlier_check
A3319300120225003_commercial_sold_to,A3319300120225003,331930,Diomede,2019-07-01,2019,7,commercial_sold_to,32595,outlier_check
A3319300720225003_diesel_kwh_generated,A3319300720225003,331930,Diomede,2020-01-01,2020,1,diesel_kwh_generated,0,outlier_check
A3319300820225003_diesel_kwh_generated,A3319300820225003,331930,Diomede,2020-02-01,2020,2,diesel_kwh_generated,0,outlier_check
A3319300920225003_diesel_kwh_generated,A3319300920225003,331930,Diomede,2020-03-01,2020,3,diesel_kwh_generated,0,outlier_check
A3319300921225003_peak_consumption_kw,A3319300921225003,331930,Diomede,2021-03-01,2021,3,peak_consumption_kw,198,outlier_check
A3319300122225003_unbilled_sold_to,A3319300122225003,331930,Diomede,2021-07-01,2021,7,unbilled_sold_to,4556,outlier_check
A3319300222225003_fuel_used_gallons,A3319300222225003,331930,Diomede,2021-08-01,2021,8,fuel_used_gallons,0,outlier_check
A3319300322225003_fuel_used_gallons,A3319300322225003,331930,Diomede,2021-09-01,2021,9,fuel_used_gallons,0,outlier_check
A3319300322225003_unbilled_sold_to,A3319300322225003,331930,Diomede,2021-09-01,2021,9,unbilled_sold_to,7671,outlier_check
A3319300922225003_fuel_used_gallons,A3319300922225003,331930,Diomede,2022-03-01,2022,3,fuel_used_gallons,0,outlier_check
A3319300523225003_fuel_used_gallons,A3319300523225003,331930,Diomede,2022-11-01,2022,11,fuel_used_gallons,0,outlier_check
A3319300523225003_diesel_kwh_generated,A3319300523225003,331930,Diomede,2022-11-01,2022,11,diesel_kwh_generated,0,outlier_check
A3319300523225003_commercial_sold_to,A3319300523225003,331930,Diomede,2022-11-01,2022,11,commercial_sold_to,0,outlier_check
A3319300623225003_diesel_kwh_generated,A3319300623225003,331930,Diomede,2022-12-01,2022,12,diesel_kwh_generated,78953,outlier_check
A3319300623225003_commercial_sold_to,A3319300623225003,331930,Diomede,2022-12-01,2022,12,commercial_sold_to,47719,outlier_check
A3319300623225003_unbilled_sold_to,A3319300623225003,331930,Diomede,2022-12-01,2022,12,unbilled_sold_to,3837,outlier_check
A3319300723225003_unbilled_sold_to,A3319300723225003,331930,Diomede,2023-01-01,2023,1,unbilled_sold_to,4035,outlier_check
A3311001116225003_commercial_sold_to,A3311001116225003,331100,"Dot Lake, Dot Lake Village",2016-05-01,2016,5,commercial_sold_to,23061,outlier_check
A3311000726225003_residential_sold_to,A3311000726225003,331100,"Dot Lake, Dot Lake Village",2026-01-01,2026,1,residential_sold_to,14513,outlier_check
A3311100822225003_fuel_used_gallons,A3311100822225003,331110,"Eagle, Eagle Village",2022-02-01,2022,2,fuel_used_gallons,8859,outlier_check
A3311100626225003_residential_sold_to,A3311100626225003,331110,"Eagle, Eagle Village",2025-12-01,2025,12,residential_sold_to,36411,outlier_check
A3311100726225003_residential_sold_to,A3311100726225003,331110,"Eagle, Eagle Village",2026-01-01,2026,1,residential_sold_to,37994,outlier_check
A3312900516225003_commercial_sold_to,A3312900516225003,331290,Eek,2015-11-01,2015,11,commercial_sold_to,24815,outlier_check
A3312900716225003_commercial_sold_to,A3312900716225003,331290,Eek,2016-01-01,2016,1,commercial_sold_to,31061,outlier_check
A3312900722225003_com_facil_sold_to,A3312900722225003,331290,Eek,2022-01-01,2022,1,com_facil_sold_to,51642,outlier_check
A3312900126225003_powerhouse_consumption_kwh,A3312900126225003,331290,Eek,2025-07-01,2025,7,powerhouse_consumption_kwh,6735,outlier_check
A3312900226225003_powerhouse_consumption_kwh,A3312900226225003,331290,Eek,2025-08-01,2025,8,powerhouse_consumption_kwh,6197,outlier_check
A3312900326225003_powerhouse_consumption_kwh,A3312900326225003,331290,Eek,2025-09-01,2025,9,powerhouse_consumption_kwh,7362,outlier_check
A3312900426225003_powerhouse_consumption_kwh,A3312900426225003,331290,Eek,2025-10-01,2025,10,powerhouse_consumption_kwh,5116,outlier_check
A3312900526225003_commercial_sold_to,A3312900526225003,331290,Eek,2025-11-01,2025,11,commercial_sold_to,32472,outlier_check
A3312900626225003_powerhouse_consumption_kwh,A3312900626225003,331290,Eek,2025-12-01,2025,12,powerhouse_consumption_kwh,4306,outlier_check
A3312900626225003_commercial_sold_to,A3312900626225003,331290,Eek,2025-12-01,2025,12,commercial_sold_to,34864,outlier_check
A3312900726225003_commercial_sold_to,A3312900726225003,331290,Eek,2026-01-01,2026,1,commercial_sold_to,37804,outlier_check
A3312900826225003_commercial_sold_to,A3312900826225003,331290,Eek,2026-02-01,2026,2,commercial_sold_to,36037,outlier_check
A3312900926225003_commercial_sold_to,A3312900926225003,331290,Eek,2026-03-01,2026,3,commercial_sold_to,39970,outlier_check
A3312901026225003_commercial_sold_to,A3312901026225003,331290,Eek,2026-04-01,2026,4,commercial_sold_to,31471,outlier_check
A3319400616225003_residential_customers,A3319400616225003,331940,Egegik,2015-12-01,2015,12,residential_customers,26,outlier_check
A3319400716225003_residential_customers,A3319400716225003,331940,Egegik,2016-01-01,2016,1,residential_customers,26,outlier_check
A3319400816225003_residential_customers,A3319400816225003,331940,Egegik,2016-02-01,2016,2,residential_customers,27,outlier_check
A3319400916225003_residential_customers,A3319400916225003,331940,Egegik,2016-03-01,2016,3,residential_customers,27,outlier_check
A3319401016225003_residential_customers,A3319401016225003,331940,Egegik,2016-04-01,2016,4,residential_customers,26,outlier_check
A3319401116225003_commercial_sold_to,A3319401116225003,331940,Egegik,2016-05-01,2016,5,commercial_sold_to,45643,outlier_check
A3319401216225003_commercial_sold_to,A3319401216225003,331940,Egegik,2016-06-01,2016,6,commercial_sold_to,60723,outlier_check
A3319400117225003_commercial_sold_to,A3319400117225003,331940,Egegik,2016-07-01,2016,7,commercial_sold_to,53677,outlier_check
A3319400417225003_residential_customers,A3319400417225003,331940,Egegik,2016-10-01,2016,10,residential_customers,31,outlier_check
A3319400517225003_residential_customers,A3319400517225003,331940,Egegik,2016-11-01,2016,11,residential_customers,28,outlier_check
A3319400617225003_residential_customers,A3319400617225003,331940,Egegik,2016-12-01,2016,12,residential_customers,27,outlier_check
A3319400717225003_residential_customers,A3319400717225003,331940,Egegik,2017-01-01,2017,1,residential_customers,26,outlier_check
A3319400817225003_residential_customers,A3319400817225003,331940,Egegik,2017-02-01,2017,2,residential_customers,24,outlier_check
A3319400917225003_residential_customers,A3319400917225003,331940,Egegik,2017-03-01,2017,3,residential_customers,25,outlier_check
A3319401017225003_residential_customers,A3319401017225003,331940,Egegik,2017-04-01,2017,4,residential_customers,28,outlier_check
A3319401117225003_commercial_sold_to,A3319401117225003,331940,Egegik,2017-05-01,2017,5,commercial_sold_to,46057,outlier_check
A3319401217225003_commercial_sold_to,A3319401217225003,331940,Egegik,2017-06-01,2017,6,commercial_sold_to,53734,outlier_check
A3319400118225003_diesel_kwh_generated,A3319400118225003,331940,Egegik,2017-07-01,2017,7,diesel_kwh_generated,100856,outlier_check
A3319400118225003_commercial_sold_to,A3319400118225003,331940,Egegik,2017-07-01,2017,7,commercial_sold_to,54092,outlier_check
A3319400718225003_residential_customers,A3319400718225003,331940,Egegik,2018-01-01,2018,1,residential_customers,24,outlier_check
A3319400818225003_residential_customers,A3319400818225003,331940,Egegik,2018-02-01,2018,2,residential_customers,29,outlier_check
A3319401018225003_residential_customers,A3319401018225003,331940,Egegik,2018-04-01,2018,4,residential_customers,29,outlier_check
A3319401118225003_commercial_sold_to,A3319401118225003,331940,Egegik,2018-05-01,2018,5,commercial_sold_to,53848,outlier_check
A3319401218225003_commercial_sold_to,A3319401218225003,331940,Egegik,2018-06-01,2018,6,commercial_sold_to,57176,outlier_check
A3319400119225003_commercial_sold_to,A3319400119225003,331940,Egegik,2018-07-01,2018,7,commercial_sold_to,52343,outlier_check
A3319401119225003_commercial_sold_to,A3319401119225003,331940,Egegik,2019-05-01,2019,5,commercial_sold_to,50653,outlier_check
A3319401219225003_commercial_sold_to,A3319401219225003,331940,Egegik,2019-06-01,2019,6,commercial_sold_to,48147,outlier_check
A3319400120225003_commercial_sold_to,A3319400120225003,331940,Egegik,2019-07-01,2019,7,commercial_sold_to,47211,outlier_check
A3319401120225003_commercial_sold_to,A3319401120225003,331940,Egegik,2020-05-01,2020,5,commercial_sold_to,40615,outlier_check
A3319401220225003_commercial_sold_to,A3319401220225003,331940,Egegik,2020-06-01,2020,6,commercial_sold_to,52389,outlier_check
A3319400121225003_peak_consumption_kw,A3319400121225003,331940,Egegik,2020-07-01,2020,7,peak_consumption_kw,351,outlier_check
A3319400121225003_residential_sold_to,A3319400121225003,331940,Egegik,2020-07-01,2020,7,residential_sold_to,27648,outlier_check
A3319400121225003_commercial_sold_to,A3319400121225003,331940,Egegik,2020-07-01,2020,7,commercial_sold_to,43597,outlier_check
A3319401121225003_commercial_sold_to,A3319401121225003,331940,Egegik,2021-05-01,2021,5,commercial_sold_to,48431,outlier_check
A3319401221225003_diesel_kwh_generated,A3319401221225003,331940,Egegik,2021-06-01,2021,6,diesel_kwh_generated,103096,outlier_check
A3319401221225003_commercial_sold_to,A3319401221225003,331940,Egegik,2021-06-01,2021,6,commercial_sold_to,61251,outlier_check
A3319400122225003_diesel_kwh_generated,A3319400122225003,331940,Egegik,2021-07-01,2021,7,diesel_kwh_generated,102383,outlier_check
A3319400122225003_residential_sold_to,A3319400122225003,331940,Egegik,2021-07-01,2021,7,residential_sold_to,26865,outlier_check
A3319400122225003_commercial_sold_to,A3319400122225003,331940,Egegik,2021-07-01,2021,7,commercial_sold_to,53725,outlier_check
A3319401022225003_commercial_sold_to,A3319401022225003,331940,Egegik,2022-04-01,2022,4,commercial_sold_to,39315,outlier_check
A3319401122225003_powerhouse_consumption_kwh,A3319401122225003,331940,Egegik,2022-05-01,2022,5,powerhouse_consumption_kwh,5693,outlier_check
A3319401122225003_peak_consumption_kw,A3319401122225003,331940,Egegik,2022-05-01,2022,5,peak_consumption_kw,311,outlier_check
A3319401122225003_commercial_sold_to,A3319401122225003,331940,Egegik,2022-05-01,2022,5,commercial_sold_to,50886,outlier_check
A3319401222225003_diesel_kwh_generated,A3319401222225003,331940,Egegik,2022-06-01,2022,6,diesel_kwh_generated,103797,outlier_check
A3319401222225003_residential_sold_to,A3319401222225003,331940,Egegik,2022-06-01,2022,6,residential_sold_to,26755,outlier_check
A3319401222225003_commercial_sold_to,A3319401222225003,331940,Egegik,2022-06-01,2022,6,commercial_sold_to,55412,outlier_check
A3319400123225003_diesel_kwh_generated,A3319400123225003,331940,Egegik,2022-07-01,2022,7,diesel_kwh_generated,110440,outlier_check
A3319400123225003_residential_sold_to,A3319400123225003,331940,Egegik,2022-07-01,2022,7,residential_sold_to,28549,outlier_check
A3319400123225003_commercial_sold_to,A3319400123225003,331940,Egegik,2022-07-01,2022,7,commercial_sold_to,49316,outlier_check
A3319401123225003_commercial_sold_to,A3319401123225003,331940,Egegik,2023-05-01,2023,5,commercial_sold_to,59205,outlier_check
A3319401223225003_diesel_kwh_generated,A3319401223225003,331940,Egegik,2023-06-01,2023,6,diesel_kwh_generated,110404,outlier_check
A3319401223225003_peak_consumption_kw,A3319401223225003,331940,Egegik,2023-06-01,2023,6,peak_consumption_kw,308,outlier_check
A3319401223225003_residential_sold_to,A3319401223225003,331940,Egegik,2023-06-01,2023,6,residential_sold_to,27745,outlier_check
A3319401223225003_commercial_sold_to,A3319401223225003,331940,Egegik,2023-06-01,2023,6,commercial_sold_to,60883,outlier_check
A3319400124225003_diesel_kwh_generated,A3319400124225003,331940,Egegik,2023-07-01,2023,7,diesel_kwh_generated,116056,outlier_check
A3319400124225003_residential_sold_to,A3319400124225003,331940,Egegik,2023-07-01,2023,7,residential_sold_to,32145,outlier_check
A3319400124225003_commercial_sold_to,A3319400124225003,331940,Egegik,2023-07-01,2023,7,commercial_sold_to,61390,outlier_check
A3319401124225003_peak_consumption_kw,A3319401124225003,331940,Egegik,2024-05-01,2024,5,peak_consumption_kw,333,outlier_check
A3319401124225003_commercial_sold_to,A3319401124225003,331940,Egegik,2024-05-01,2024,5,commercial_sold_to,64198,outlier_check
A3319401224225003_diesel_kwh_generated,A3319401224225003,331940,Egegik,2024-06-01,2024,6,diesel_kwh_generated,105954,outlier_check
A3319401224225003_residential_sold_to,A3319401224225003,331940,Egegik,2024-06-01,2024,6,residential_sold_to,26879,outlier_check
A3319401224225003_commercial_sold_to,A3319401224225003,331940,Egegik,2024-06-01,2024,6,commercial_sold_to,56256,outlier_check
A3319400125225003_diesel_kwh_generated,A3319400125225003,331940,Egegik,2024-07-01,2024,7,diesel_kwh_generated,110130,outlier_check
A3319400125225003_residential_sold_to,A3319400125225003,331940,Egegik,2024-07-01,2024,7,residential_sold_to,26700,outlier_check
A3319400125225003_commercial_sold_to,A3319400125225003,331940,Egegik,2024-07-01,2024,7,commercial_sold_to,51171,outlier_check
A3319401125225003_fuel_used_gallons,A3319401125225003,331940,Egegik,2025-05-01,2025,5,fuel_used_gallons,9578,outlier_check
A3319401125225003_commercial_sold_to,A3319401125225003,331940,Egegik,2025-05-01,2025,5,commercial_sold_to,50777,outlier_check
A3319401225225003_diesel_kwh_generated,A3319401225225003,331940,Egegik,2025-06-01,2025,6,diesel_kwh_generated,109378,outlier_check
A3319401225225003_peak_consumption_kw,A3319401225225003,331940,Egegik,2025-06-01,2025,6,peak_consumption_kw,7342,outlier_check
A3319401225225003_residential_sold_to,A3319401225225003,331940,Egegik,2025-06-01,2025,6,residential_sold_to,29820,outlier_check
A3319401225225003_commercial_sold_to,A3319401225225003,331940,Egegik,2025-06-01,2025,6,commercial_sold_to,56808,outlier_check
A3319400126225003_fuel_used_gallons,A3319400126225003,331940,Egegik,2025-07-01,2025,7,fuel_used_gallons,9898,outlier_check
A3319400126225003_diesel_kwh_generated,A3319400126225003,331940,Egegik,2025-07-01,2025,7,diesel_kwh_generated,114220,outlier_check
A3319400126225003_residential_sold_to,A3319400126225003,331940,Egegik,2025-07-01,2025,7,residential_sold_to,33206,outlier_check
A3319400126225003_commercial_sold_to,A3319400126225003,331940,Egegik,2025-07-01,2025,7,commercial_sold_to,55458,outlier_check
A3319500116225003_diesel_kwh_generated,A3319500116225003,331950,Ekwok,2015-07-01,2015,7,diesel_kwh_generated,35562,outlier_check
A3319500216225003_diesel_kwh_generated,A3319500216225003,331950,Ekwok,2015-08-01,2015,8,diesel_kwh_generated,35727,outlier_check
A3319500316225003_diesel_kwh_generated,A3319500316225003,331950,Ekwok,2015-09-01,2015,9,diesel_kwh_generated,39799,outlier_check
A3319500416225003_diesel_kwh_generated,A3319500416225003,331950,Ekwok,2015-10-01,2015,10,diesel_kwh_generated,39584,outlier_check
A3319500516225003_diesel_kwh_generated,A3319500516225003,331950,Ekwok,2015-11-01,2015,11,diesel_kwh_generated,41470,outlier_check
A3319500616225003_diesel_kwh_generated,A3319500616225003,331950,Ekwok,2015-12-01,2015,12,diesel_kwh_generated,41520,outlier_check
A3319500716225003_diesel_kwh_generated,A3319500716225003,331950,Ekwok,2016-01-01,2016,1,diesel_kwh_generated,44194,outlier_check
A3319500816225003_diesel_kwh_generated,A3319500816225003,331950,Ekwok,2016-02-01,2016,2,diesel_kwh_generated,38884,outlier_check
A3319500916225003_diesel_kwh_generated,A3319500916225003,331950,Ekwok,2016-03-01,2016,3,diesel_kwh_generated,39960,outlier_check
A3319501016225003_diesel_kwh_generated,A3319501016225003,331950,Ekwok,2016-04-01,2016,4,diesel_kwh_generated,40723,outlier_check
A3319501116225003_diesel_kwh_generated,A3319501116225003,331950,Ekwok,2016-05-01,2016,5,diesel_kwh_generated,40535,outlier_check
A3319501216225003_diesel_kwh_generated,A3319501216225003,331950,Ekwok,2016-06-01,2016,6,diesel_kwh_generated,36592,outlier_check
A3319500117225003_diesel_kwh_generated,A3319500117225003,331950,Ekwok,2016-07-01,2016,7,diesel_kwh_generated,36040,outlier_check
A3319500217225003_diesel_kwh_generated,A3319500217225003,331950,Ekwok,2016-08-01,2016,8,diesel_kwh_generated,41632,outlier_check
A3319500217225003_residential_customers,A3319500217225003,331950,Ekwok,2016-08-01,2016,8,residential_customers,140,outlier_check
A3319500317225003_diesel_kwh_generated,A3319500317225003,331950,Ekwok,2016-09-01,2016,9,diesel_kwh_generated,40855,outlier_check
A3319500417225003_diesel_kwh_generated,A3319500417225003,331950,Ekwok,2016-10-01,2016,10,diesel_kwh_generated,40380,outlier_check
A3319500517225003_diesel_kwh_generated,A3319500517225003,331950,Ekwok,2016-11-01,2016,11,diesel_kwh_generated,41162,outlier_check
A3319500617225003_diesel_kwh_generated,A3319500617225003,331950,Ekwok,2016-12-01,2016,12,diesel_kwh_generated,45659,outlier_check
A3319500717225003_diesel_kwh_generated,A3319500717225003,331950,Ekwok,2017-01-01,2017,1,diesel_kwh_generated,43839,outlier_check
A3319500817225003_diesel_kwh_generated,A3319500817225003,331950,Ekwok,2017-02-01,2017,2,diesel_kwh_generated,37559,outlier_check
A3319500125225003_govt_facil_sold_to,A3319500125225003,331950,Ekwok,2024-07-01,2024,7,govt_facil_sold_to,298,outlier_check
A3319500526225003_com_facil_sold_to,A3319500526225003,331950,Ekwok,2025-11-01,2025,11,com_facil_sold_to,1495,outlier_check
A3319500626225003_com_facil_sold_to,A3319500626225003,331950,Ekwok,2025-12-01,2025,12,com_facil_sold_to,1314,outlier_check
A3319500726225003_commercial_sold_to,A3319500726225003,331950,Ekwok,2026-01-01,2026,1,commercial_sold_to,10234,outlier_check
A3319500726225003_com_facil_sold_to,A3319500726225003,331950,Ekwok,2026-01-01,2026,1,com_facil_sold_to,1440,outlier_check
A3319500826225003_com_facil_sold_to,A3319500826225003,331950,Ekwok,2026-02-01,2026,2,com_facil_sold_to,1405,outlier_check
A3319500926225003_com_facil_sold_to,A3319500926225003,331950,Ekwok,2026-03-01,2026,3,com_facil_sold_to,1391,outlier_check
A3319501026225003_commercial_sold_to,A3319501026225003,331950,Ekwok,2026-04-01,2026,4,commercial_sold_to,12224,outlier_check
A3319501126225003_residential_sold_to,A3319501126225003,331950,Ekwok,2026-05-01,2026,5,residential_sold_to,0,outlier_check
A3319501126225003_com_facil_sold_to,A3319501126225003,331950,Ekwok,2026-05-01,2026,5,com_facil_sold_to,0,outlier_check
A3319501126225003_govt_facil_sold_to,A3319501126225003,331950,Ekwok,2026-05-01,2026,5,govt_facil_sold_to,0,outlier_check
A3319601216225003_fuel_used_gallons,A3319601216225003,331960,Elfin Cove,2016-06-01,2016,6,fuel_used_gallons,4407,outlier_check
A3319601216225003_diesel_kwh_generated,A3319601216225003,331960,Elfin Cove,2016-06-01,2016,6,diesel_kwh_generated,58013,outlier_check
A3319601216225003_commercial_sold_to,A3319601216225003,331960,Elfin Cove,2016-06-01,2016,6,commercial_sold_to,29247,outlier_check
A3319600117225003_fuel_used_gallons,A3319600117225003,331960,Elfin Cove,2016-07-01,2016,7,fuel_used_gallons,4133,outlier_check
A3319600117225003_diesel_kwh_generated,A3319600117225003,331960,Elfin Cove,2016-07-01,2016,7,diesel_kwh_generated,53986,outlier_check
A3319600117225003_commercial_sold_to,A3319600117225003,331960,Elfin Cove,2016-07-01,2016,7,commercial_sold_to,27609,outlier_check
A3319600217225003_fuel_used_gallons,A3319600217225003,331960,Elfin Cove,2016-08-01,2016,8,fuel_used_gallons,4898,outlier_check
A3319600217225003_diesel_kwh_generated,A3319600217225003,331960,Elfin Cove,2016-08-01,2016,8,diesel_kwh_generated,61840,outlier_check
A3319600217225003_residential_sold_to,A3319600217225003,331960,Elfin Cove,2016-08-01,2016,8,residential_sold_to,24721,outlier_check
A3319600217225003_commercial_sold_to,A3319600217225003,331960,Elfin Cove,2016-08-01,2016,8,commercial_sold_to,30825,outlier_check
A3319601217225003_fuel_used_gallons,A3319601217225003,331960,Elfin Cove,2017-06-01,2017,6,fuel_used_gallons,4237,outlier_check
A3319601217225003_diesel_kwh_generated,A3319601217225003,331960,Elfin Cove,2017-06-01,2017,6,diesel_kwh_generated,55836,outlier_check
A3319601217225003_residential_sold_to,A3319601217225003,331960,Elfin Cove,2017-06-01,2017,6,residential_sold_to,23275,outlier_check
A3319601217225003_commercial_sold_to,A3319601217225003,331960,Elfin Cove,2017-06-01,2017,6,commercial_sold_to,27973,outlier_check
A3319600118225003_fuel_used_gallons,A3319600118225003,331960,Elfin Cove,2017-07-01,2017,7,fuel_used_gallons,4652,outlier_check
A3319600118225003_diesel_kwh_generated,A3319600118225003,331960,Elfin Cove,2017-07-01,2017,7,diesel_kwh_generated,59646,outlier_check
A3319600118225003_commercial_sold_to,A3319600118225003,331960,Elfin Cove,2017-07-01,2017,7,commercial_sold_to,30781,outlier_check
A3319600218225003_fuel_used_gallons,A3319600218225003,331960,Elfin Cove,2017-08-01,2017,8,fuel_used_gallons,4898,outlier_check
A3319600218225003_diesel_kwh_generated,A3319600218225003,331960,Elfin Cove,2017-08-01,2017,8,diesel_kwh_generated,62582,outlier_check
A3319600218225003_commercial_sold_to,A3319600218225003,331960,Elfin Cove,2017-08-01,2017,8,commercial_sold_to,29636,outlier_check
A3319601218225003_fuel_used_gallons,A3319601218225003,331960,Elfin Cove,2018-06-01,2018,6,fuel_used_gallons,4369,outlier_check
A3319601218225003_diesel_kwh_generated,A3319601218225003,331960,Elfin Cove,2018-06-01,2018,6,diesel_kwh_generated,61344,outlier_check
A3319601218225003_commercial_sold_to,A3319601218225003,331960,Elfin Cove,2018-06-01,2018,6,commercial_sold_to,32057,outlier_check
A3319600119225003_fuel_used_gallons,A3319600119225003,331960,Elfin Cove,2018-07-01,2018,7,fuel_used_gallons,4715,outlier_check
A3319600119225003_diesel_kwh_generated,A3319600119225003,331960,Elfin Cove,2018-07-01,2018,7,diesel_kwh_generated,62895,outlier_check
A3319600119225003_commercial_sold_to,A3319600119225003,331960,Elfin Cove,2018-07-01,2018,7,commercial_sold_to,31577,outlier_check
A3319600219225003_fuel_used_gallons,A3319600219225003,331960,Elfin Cove,2018-08-01,2018,8,fuel_used_gallons,5004,outlier_check
A3319600219225003_diesel_kwh_generated,A3319600219225003,331960,Elfin Cove,2018-08-01,2018,8,diesel_kwh_generated,63437,outlier_check
A3319600219225003_commercial_sold_to,A3319600219225003,331960,Elfin Cove,2018-08-01,2018,8,commercial_sold_to,31629,outlier_check
A3319600319225003_powerhouse_consumption_kwh,A3319600319225003,331960,Elfin Cove,2018-09-01,2018,9,powerhouse_consumption_kwh,6352,outlier_check
A3319601219225003_fuel_used_gallons,A3319601219225003,331960,Elfin Cove,2019-06-01,2019,6,fuel_used_gallons,4721,outlier_check
A3319601219225003_diesel_kwh_generated,A3319601219225003,331960,Elfin Cove,2019-06-01,2019,6,diesel_kwh_generated,57051,outlier_check
A3319601219225003_residential_sold_to,A3319601219225003,331960,Elfin Cove,2019-06-01,2019,6,residential_sold_to,22224,outlier_check
A3319600120225003_fuel_used_gallons,A3319600120225003,331960,Elfin Cove,2019-07-01,2019,7,fuel_used_gallons,4607,outlier_check
A3319600120225003_diesel_kwh_generated,A3319600120225003,331960,Elfin Cove,2019-07-01,2019,7,diesel_kwh_generated,63531,outlier_check
A3319600120225003_commercial_sold_to,A3319600120225003,331960,Elfin Cove,2019-07-01,2019,7,commercial_sold_to,29985,outlier_check
A3319600220225003_fuel_used_gallons,A3319600220225003,331960,Elfin Cove,2019-08-01,2019,8,fuel_used_gallons,4657,outlier_check
A3319600220225003_diesel_kwh_generated,A3319600220225003,331960,Elfin Cove,2019-08-01,2019,8,diesel_kwh_generated,60176,outlier_check
A3319600220225003_commercial_sold_to,A3319600220225003,331960,Elfin Cove,2019-08-01,2019,8,commercial_sold_to,29449,outlier_check
A3319601220225003_fuel_used_gallons,A3319601220225003,331960,Elfin Cove,2020-06-01,2020,6,fuel_used_gallons,3947,outlier_check
A3319601220225003_diesel_kwh_generated,A3319601220225003,331960,Elfin Cove,2020-06-01,2020,6,diesel_kwh_generated,49930,outlier_check
A3319600121225003_fuel_used_gallons,A3319600121225003,331960,Elfin Cove,2020-07-01,2020,7,fuel_used_gallons,4273,outlier_check
A3319600121225003_diesel_kwh_generated,A3319600121225003,331960,Elfin Cove,2020-07-01,2020,7,diesel_kwh_generated,56220,outlier_check
A3319600221225003_fuel_used_gallons,A3319600221225003,331960,Elfin Cove,2020-08-01,2020,8,fuel_used_gallons,4548,outlier_check
A3319600221225003_diesel_kwh_generated,A3319600221225003,331960,Elfin Cove,2020-08-01,2020,8,diesel_kwh_generated,59601,outlier_check
A3319600221225003_residential_sold_to,A3319600221225003,331960,Elfin Cove,2020-08-01,2020,8,residential_sold_to,21809,outlier_check
A3319601121225003_commercial_sold_to,A3319601121225003,331960,Elfin Cove,2021-05-01,2021,5,commercial_sold_to,27632,outlier_check
A3319601221225003_fuel_used_gallons,A3319601221225003,331960,Elfin Cove,2021-06-01,2021,6,fuel_used_gallons,4619,outlier_check
A3319601221225003_diesel_kwh_generated,A3319601221225003,331960,Elfin Cove,2021-06-01,2021,6,diesel_kwh_generated,60461,outlier_check
A3319601221225003_commercial_sold_to,A3319601221225003,331960,Elfin Cove,2021-06-01,2021,6,commercial_sold_to,39605,outlier_check
A3319600122225003_fuel_used_gallons,A3319600122225003,331960,Elfin Cove,2021-07-01,2021,7,fuel_used_gallons,5221,outlier_check
A3319600122225003_diesel_kwh_generated,A3319600122225003,331960,Elfin Cove,2021-07-01,2021,7,diesel_kwh_generated,69165,outlier_check
A3319600122225003_commercial_sold_to,A3319600122225003,331960,Elfin Cove,2021-07-01,2021,7,commercial_sold_to,45854,outlier_check
A3319600222225003_fuel_used_gallons,A3319600222225003,331960,Elfin Cove,2021-08-01,2021,8,fuel_used_gallons,5516,outlier_check
A3319600222225003_diesel_kwh_generated,A3319600222225003,331960,Elfin Cove,2021-08-01,2021,8,diesel_kwh_generated,72394,outlier_check
A3319600222225003_commercial_sold_to,A3319600222225003,331960,Elfin Cove,2021-08-01,2021,8,commercial_sold_to,44338,outlier_check
A3319600322225003_commercial_sold_to,A3319600322225003,331960,Elfin Cove,2021-09-01,2021,9,commercial_sold_to,28206,outlier_check
A3319601122225003_diesel_kwh_generated,A3319601122225003,331960,Elfin Cove,2022-05-01,2022,5,diesel_kwh_generated,50076,outlier_check
A3319601122225003_commercial_sold_to,A3319601122225003,331960,Elfin Cove,2022-05-01,2022,5,commercial_sold_to,28563,outlier_check
A3319601222225003_fuel_used_gallons,A3319601222225003,331960,Elfin Cove,2022-06-01,2022,6,fuel_used_gallons,5513,outlier_check
A3319601222225003_diesel_kwh_generated,A3319601222225003,331960,Elfin Cove,2022-06-01,2022,6,diesel_kwh_generated,73180,outlier_check
A3319601222225003_commercial_sold_to,A3319601222225003,331960,Elfin Cove,2022-06-01,2022,6,commercial_sold_to,43978,outlier_check
A3319600123225003_fuel_used_gallons,A3319600123225003,331960,Elfin Cove,2022-07-01,2022,7,fuel_used_gallons,5218,outlier_check
A3319600123225003_diesel_kwh_generated,A3319600123225003,331960,Elfin Cove,2022-07-01,2022,7,diesel_kwh_generated,69501,outlier_check
A3319600123225003_commercial_sold_to,A3319600123225003,331960,Elfin Cove,2022-07-01,2022,7,commercial_sold_to,48504,outlier_check
A3319600223225003_fuel_used_gallons,A3319600223225003,331960,Elfin Cove,2022-08-01,2022,8,fuel_used_gallons,5765,outlier_check
A3319600223225003_diesel_kwh_generated,A3319600223225003,331960,Elfin Cove,2022-08-01,2022,8,diesel_kwh_generated,75324,outlier_check
A3319600223225003_commercial_sold_to,A3319600223225003,331960,Elfin Cove,2022-08-01,2022,8,commercial_sold_to,50590,outlier_check
A3319601123225003_commercial_sold_to,A3319601123225003,331960,Elfin Cove,2023-05-01,2023,5,commercial_sold_to,29393,outlier_check
A3319601223225003_fuel_used_gallons,A3319601223225003,331960,Elfin Cove,2023-06-01,2023,6,fuel_used_gallons,5795,outlier_check
A3319601223225003_diesel_kwh_generated,A3319601223225003,331960,Elfin Cove,2023-06-01,2023,6,diesel_kwh_generated,78139,outlier_check
A3319601223225003_commercial_sold_to,A3319601223225003,331960,Elfin Cove,2023-06-01,2023,6,commercial_sold_to,52655,outlier_check
A3319600124225003_fuel_used_gallons,A3319600124225003,331960,Elfin Cove,2023-07-01,2023,7,fuel_used_gallons,5317,outlier_check
A3319600124225003_diesel_kwh_generated,A3319600124225003,331960,Elfin Cove,2023-07-01,2023,7,diesel_kwh_generated,71372,outlier_check
A3319600124225003_commercial_sold_to,A3319600124225003,331960,Elfin Cove,2023-07-01,2023,7,commercial_sold_to,52016,outlier_check
A3319600224225003_fuel_used_gallons,A3319600224225003,331960,Elfin Cove,2023-08-01,2023,8,fuel_used_gallons,5384,outlier_check
A3319600224225003_diesel_kwh_generated,A3319600224225003,331960,Elfin Cove,2023-08-01,2023,8,diesel_kwh_generated,71840,outlier_check
A3319600224225003_powerhouse_consumption_kwh,A3319600224225003,331960,Elfin Cove,2023-08-01,2023,8,powerhouse_consumption_kwh,5286,outlier_check
A3319600224225003_commercial_sold_to,A3319600224225003,331960,Elfin Cove,2023-08-01,2023,8,commercial_sold_to,49112,outlier_check
A3319600324225003_commercial_sold_to,A3319600324225003,331960,Elfin Cove,2023-09-01,2023,9,commercial_sold_to,28632,outlier_check
A3319600724225003_com_facil_sold_to,A3319600724225003,331960,Elfin Cove,2024-01-01,2024,1,com_facil_sold_to,1995,outlier_check
A3319601124225003_fuel_used_gallons,A3319601124225003,331960,Elfin Cove,2024-05-01,2024,5,fuel_used_gallons,4242,outlier_check
A3319601124225003_diesel_kwh_generated,A3319601124225003,331960,Elfin Cove,2024-05-01,2024,5,diesel_kwh_generated,55327,outlier_check
A3319601124225003_commercial_sold_to,A3319601124225003,331960,Elfin Cove,2024-05-01,2024,5,commercial_sold_to,37755,outlier_check
A3319601224225003_fuel_used_gallons,A3319601224225003,331960,Elfin Cove,2024-06-01,2024,6,fuel_used_gallons,6247,outlier_check
A3319601224225003_diesel_kwh_generated,A3319601224225003,331960,Elfin Cove,2024-06-01,2024,6,diesel_kwh_generated,83893,outlier_check
A3319601224225003_commercial_sold_to,A3319601224225003,331960,Elfin Cove,2024-06-01,2024,6,commercial_sold_to,57789,outlier_check
A3319600125225003_fuel_used_gallons,A3319600125225003,331960,Elfin Cove,2024-07-01,2024,7,fuel_used_gallons,5246,outlier_check
A3319600125225003_diesel_kwh_generated,A3319600125225003,331960,Elfin Cove,2024-07-01,2024,7,diesel_kwh_generated,71437,outlier_check
A3319600125225003_commercial_sold_to,A3319600125225003,331960,Elfin Cove,2024-07-01,2024,7,commercial_sold_to,50095,outlier_check
A3319600225225003_fuel_used_gallons,A3319600225225003,331960,Elfin Cove,2024-08-01,2024,8,fuel_used_gallons,5940,outlier_check
A3319600225225003_diesel_kwh_generated,A3319600225225003,331960,Elfin Cove,2024-08-01,2024,8,diesel_kwh_generated,79814,outlier_check
A3319600225225003_commercial_sold_to,A3319600225225003,331960,Elfin Cove,2024-08-01,2024,8,commercial_sold_to,54702,outlier_check
A3319601125225003_fuel_used_gallons,A3319601125225003,331960,Elfin Cove,2025-05-01,2025,5,fuel_used_gallons,3952,outlier_check
A3319601125225003_diesel_kwh_generated,A3319601125225003,331960,Elfin Cove,2025-05-01,2025,5,diesel_kwh_generated,52102,outlier_check
A3319601125225003_commercial_sold_to,A3319601125225003,331960,Elfin Cove,2025-05-01,2025,5,commercial_sold_to,36986,outlier_check
A3319601225225003_fuel_used_gallons,A3319601225225003,331960,Elfin Cove,2025-06-01,2025,6,fuel_used_gallons,5863,outlier_check
A3319601225225003_diesel_kwh_generated,A3319601225225003,331960,Elfin Cove,2025-06-01,2025,6,diesel_kwh_generated,79110,outlier_check
A3319601225225003_commercial_sold_to,A3319601225225003,331960,Elfin Cove,2025-06-01,2025,6,commercial_sold_to,53647,outlier_check
A3319600126225003_fuel_used_gallons,A3319600126225003,331960,Elfin Cove,2025-07-01,2025,7,fuel_used_gallons,5746,outlier_check
A3319600126225003_diesel_kwh_generated,A3319600126225003,331960,Elfin Cove,2025-07-01,2025,7,diesel_kwh_generated,76424,outlier_check
A3319600126225003_commercial_sold_to,A3319600126225003,331960,Elfin Cove,2025-07-01,2025,7,commercial_sold_to,52229,outlier_check
A3319600226225003_fuel_used_gallons,A3319600226225003,331960,Elfin Cove,2025-08-01,2025,8,fuel_used_gallons,6515,outlier_check
A3319600226225003_diesel_kwh_generated,A3319600226225003,331960,Elfin Cove,2025-08-01,2025,8,diesel_kwh_generated,85031,outlier_check
A3319600226225003_commercial_sold_to,A3319600226225003,331960,Elfin Cove,2025-08-01,2025,8,commercial_sold_to,58985,outlier_check
A3319600926225003_com_facil_sold_to,A3319600926225003,331960,Elfin Cove,2026-03-01,2026,3,com_facil_sold_to,3153,outlier_check
A3319601126225003_fuel_used_gallons,A3319601126225003,331960,Elfin Cove,2026-05-01,2026,5,fuel_used_gallons,4109,outlier_check
A3319601126225003_diesel_kwh_generated,A3319601126225003,331960,Elfin Cove,2026-05-01,2026,5,diesel_kwh_generated,49743,outlier_check
A3319601126225003_commercial_sold_to,A3319601126225003,331960,Elfin Cove,2026-05-01,2026,5,commercial_sold_to,35358,outlier_check
A3319601226225003_fuel_used_gallons,A3319601226225003,331960,Elfin Cove,2026-06-01,2026,6,fuel_used_gallons,5317,outlier_check
A3319601226225003_diesel_kwh_generated,A3319601226225003,331960,Elfin Cove,2026-06-01,2026,6,diesel_kwh_generated,69607,outlier_check
A3319601226225003_commercial_sold_to,A3319601226225003,331960,Elfin Cove,2026-06-01,2026,6,commercial_sold_to,52982,outlier_check
A3313000217225003_residential_customers,A3313000217225003,331300,Elim,2016-08-01,2016,8,residential_customers,170,outlier_check
A3313000520225003_powerhouse_consumption_kwh,A3313000520225003,331300,Elim,2019-11-01,2019,11,powerhouse_consumption_kwh,2374,outlier_check
A3313000720225003_powerhouse_consumption_kwh,A3313000720225003,331300,Elim,2020-01-01,2020,1,powerhouse_consumption_kwh,2340,outlier_check
A3313000621225003_fuel_used_gallons,A3313000621225003,331300,Elim,2020-12-01,2020,12,fuel_used_gallons,15854,outlier_check
A3313000622225003_fuel_used_gallons,A3313000622225003,331300,Elim,2021-12-01,2021,12,fuel_used_gallons,14421,outlier_check
A3313000623225003_fuel_used_gallons,A3313000623225003,331300,Elim,2022-12-01,2022,12,fuel_used_gallons,-1094,outlier_check
A3313000823225003_fuel_used_gallons,A3313000823225003,331300,Elim,2023-02-01,2023,2,fuel_used_gallons,1302,outlier_check
A3313001223225003_fuel_used_gallons,A3313001223225003,331300,Elim,2023-06-01,2023,6,fuel_used_gallons,0,outlier_check
A3313001125225003_fuel_used_gallons,A3313001125225003,331300,Elim,2025-05-01,2025,5,fuel_used_gallons,0,outlier_check
A3313001126225003_residential_sold_to,A3313001126225003,331300,Elim,2026-05-01,2026,5,residential_sold_to,0,outlier_check
A3313100116225003_commercial_sold_to,A3313100116225003,331310,Emmonak,2015-07-01,2015,7,commercial_sold_to,191364,outlier_check
A3313100216225003_commercial_sold_to,A3313100216225003,331310,Emmonak,2015-08-01,2015,8,commercial_sold_to,221463,outlier_check
A3313100616225003_fuel_used_gallons,A3313100616225003,331310,Emmonak,2015-12-01,2015,12,fuel_used_gallons,4249,outlier_check
A3313100117225003_commercial_sold_to,A3313100117225003,331310,Emmonak,2016-07-01,2016,7,commercial_sold_to,230376,outlier_check
A3313100119225003_commercial_sold_to,A3313100119225003,331310,Emmonak,2018-07-01,2018,7,commercial_sold_to,206784,outlier_check
A3313100219225003_commercial_sold_to,A3313100219225003,331310,Emmonak,2018-08-01,2018,8,commercial_sold_to,183240,outlier_check
A3313100120225003_commercial_sold_to,A3313100120225003,331310,Emmonak,2019-07-01,2019,7,commercial_sold_to,191747,outlier_check
A3313100220225003_commercial_sold_to,A3313100220225003,331310,Emmonak,2019-08-01,2019,8,commercial_sold_to,187129,outlier_check
A3313100823225003_fuel_used_gallons,A3313100823225003,331310,Emmonak,2023-02-01,2023,2,fuel_used_gallons,9152,outlier_check
A3313101223225003_fuel_used_gallons,A3313101223225003,331310,Emmonak,2023-06-01,2023,6,fuel_used_gallons,0,outlier_check
A3313101125225003_fuel_used_gallons,A3313101125225003,331310,Emmonak,2025-05-01,2025,5,fuel_used_gallons,0,outlier_check
A3313100526225003_wind_kwh_generated,A3313100526225003,331310,Emmonak,2025-11-01,2025,11,wind_kwh_generated,136673,outlier_check
A3313101126225003_residential_sold_to,A3313101126225003,331310,Emmonak,2026-05-01,2026,5,residential_sold_to,0,outlier_check
A3313101126225003_com_facil_sold_to,A3313101126225003,331310,Emmonak,2026-05-01,2026,5,com_facil_sold_to,0,outlier_check
A3313101126225003_govt_facil_sold_to,A3313101126225003,331310,Emmonak,2026-05-01,2026,5,govt_facil_sold_to,0,outlier_check
A3319700716225003_peak_consumption_kw,A3319700716225003,331970,False Pass,2016-01-01,2016,1,peak_consumption_kw,0,outlier_check
A3319701016225003_unbilled_customers,A3319701016225003,331970,False Pass,2016-04-01,2016,4,unbilled_customers,72,outlier_check
A3319701116225003_unbilled_customers,A3319701116225003,331970,False Pass,2016-05-01,2016,5,unbilled_customers,72,outlier_check
A3319701216225003_peak_consumption_kw,A3319701216225003,331970,False Pass,2016-06-01,2016,6,peak_consumption_kw,4255,outlier_check
A3319700117225003_peak_consumption_kw,A3319700117225003,331970,False Pass,2016-07-01,2016,7,peak_consumption_kw,0,outlier_check
A3319700918225003_peak_consumption_kw,A3319700918225003,331970,False Pass,2018-03-01,2018,3,peak_consumption_kw,0,outlier_check
A3319700119225003_peak_consumption_kw,A3319700119225003,331970,False Pass,2018-07-01,2018,7,peak_consumption_kw,0,outlier_check
A3319700219225003_peak_consumption_kw,A3319700219225003,331970,False Pass,2018-08-01,2018,8,peak_consumption_kw,0,outlier_check
A3319700319225003_powerhouse_consumption_kwh,A3319700319225003,331970,False Pass,2018-09-01,2018,9,powerhouse_consumption_kwh,7768,outlier_check
A3319700319225003_peak_consumption_kw,A3319700319225003,331970,False Pass,2018-09-01,2018,9,peak_consumption_kw,0,outlier_check
A3319700419225003_peak_consumption_kw,A3319700419225003,331970,False Pass,2018-10-01,2018,10,peak_consumption_kw,0,outlier_check
A3319701019225003_peak_consumption_kw,A3319701019225003,331970,False Pass,2019-04-01,2019,4,peak_consumption_kw,0,outlier_check
A3319701119225003_peak_consumption_kw,A3319701119225003,331970,False Pass,2019-05-01,2019,5,peak_consumption_kw,0,outlier_check
A3319701219225003_peak_consumption_kw,A3319701219225003,331970,False Pass,2019-06-01,2019,6,peak_consumption_kw,0,outlier_check
A3319701120225003_unbilled_sold_to,A3319701120225003,331970,False Pass,2020-05-01,2020,5,unbilled_sold_to,12000,outlier_check
A3319701220225003_unbilled_sold_to,A3319701220225003,331970,False Pass,2020-06-01,2020,6,unbilled_sold_to,16000,outlier_check
A3319700121225003_unbilled_sold_to,A3319700121225003,331970,False Pass,2020-07-01,2020,7,unbilled_sold_to,15620,outlier_check
A3319700725225003_com_facil_sold_to,A3319700725225003,331970,False Pass,2025-01-01,2025,1,com_facil_sold_to,14165,outlier_check
A3319701125225003_unbilled_customers,A3319701125225003,331970,False Pass,2025-05-01,2025,5,unbilled_customers,2668,outlier_check
A3319700926225003_com_facil_sold_to,A3319700926225003,331970,False Pass,2026-03-01,2026,3,com_facil_sold_to,20384,outlier_check
A3319700926225003_govt_facil_sold_to,A3319700926225003,331970,False Pass,2026-03-01,2026,3,govt_facil_sold_to,4723,outlier_check
A3319701026225003_com_facil_sold_to,A3319701026225003,331970,False Pass,2026-04-01,2026,4,com_facil_sold_to,15113,outlier_check
A3319701126225003_com_facil_sold_to,A3319701126225003,331970,False Pass,2026-05-01,2026,5,com_facil_sold_to,15323,outlier_check
A3320200617225003_fuel_used_gallons,A3320200617225003,332020,Fort Yukon,2016-12-01,2016,12,fuel_used_gallons,66384,outlier_check
A3320200421225003_peak_consumption_kw,A3320200421225003,332020,Fort Yukon,2020-10-01,2020,10,peak_consumption_kw,0,outlier_check
A3320200122225003_peak_consumption_kw,A3320200122225003,332020,Fort Yukon,2021-07-01,2021,7,peak_consumption_kw,0,outlier_check
A3320201022225003_com_facil_customers,A3320201022225003,332020,Fort Yukon,2022-04-01,2022,4,com_facil_customers,70,outlier_check
A3319900517225003_govt_facil_sold_to,A3319900517225003,331990,Galena,2016-11-01,2016,11,govt_facil_sold_to,139893,outlier_check
A3319900917225003_govt_facil_sold_to,A3319900917225003,331990,Galena,2017-03-01,2017,3,govt_facil_sold_to,87679,outlier_check
A3319901123225003_commercial_customers,A3319901123225003,331990,Galena,2023-05-01,2023,5,commercial_customers,354,outlier_check
A3313200216225003_powerhouse_consumption_kwh,A3313200216225003,331320,Gambell,2015-08-01,2015,8,powerhouse_consumption_kwh,16874,outlier_check
A3313200316225003_powerhouse_consumption_kwh,A3313200316225003,331320,Gambell,2015-09-01,2015,9,powerhouse_consumption_kwh,25142,outlier_check
A3313200416225003_powerhouse_consumption_kwh,A3313200416225003,331320,Gambell,2015-10-01,2015,10,powerhouse_consumption_kwh,17600,outlier_check
A3313200217225003_powerhouse_consumption_kwh,A3313200217225003,331320,Gambell,2016-08-01,2016,8,powerhouse_consumption_kwh,23329,outlier_check
A3313200217225003_residential_customers,A3313200217225003,331320,Gambell,2016-08-01,2016,8,residential_customers,110,outlier_check
A3313200317225003_powerhouse_consumption_kwh,A3313200317225003,331320,Gambell,2016-09-01,2016,9,powerhouse_consumption_kwh,19889,outlier_check
A3313200417225003_residential_customers,A3313200417225003,331320,Gambell,2016-10-01,2016,10,residential_customers,110,outlier_check
A3313200517225003_residential_customers,A3313200517225003,331320,Gambell,2016-11-01,2016,11,residential_customers,111,outlier_check
A3313200717225003_residential_customers,A3313200717225003,331320,Gambell,2017-01-01,2017,1,residential_customers,109,outlier_check
A3313200817225003_residential_customers,A3313200817225003,331320,Gambell,2017-02-01,2017,2,residential_customers,109,outlier_check
A3313200618225003_powerhouse_consumption_kwh,A3313200618225003,331320,Gambell,2017-12-01,2017,12,powerhouse_consumption_kwh,13507,outlier_check
A3313200718225003_powerhouse_consumption_kwh,A3313200718225003,331320,Gambell,2018-01-01,2018,1,powerhouse_consumption_kwh,13837,outlier_check
A3313200319225003_powerhouse_consumption_kwh,A3313200319225003,331320,Gambell,2018-09-01,2018,9,powerhouse_consumption_kwh,12385,outlier_check
A3313200419225003_powerhouse_consumption_kwh,A3313200419225003,331320,Gambell,2018-10-01,2018,10,powerhouse_consumption_kwh,13270,outlier_check
A3313200820225003_powerhouse_consumption_kwh,A3313200820225003,331320,Gambell,2020-02-01,2020,2,powerhouse_consumption_kwh,12581,outlier_check
A3313200522225003_powerhouse_consumption_kwh,A3313200522225003,331320,Gambell,2021-11-01,2021,11,powerhouse_consumption_kwh,11783,outlier_check
A3313200622225003_powerhouse_consumption_kwh,A3313200622225003,331320,Gambell,2021-12-01,2021,12,powerhouse_consumption_kwh,12217,outlier_check
A3313200223225003_powerhouse_consumption_kwh,A3313200223225003,331320,Gambell,2022-08-01,2022,8,powerhouse_consumption_kwh,11444,outlier_check
A3313200623225003_fuel_used_gallons,A3313200623225003,331320,Gambell,2022-12-01,2022,12,fuel_used_gallons,-9658,outlier_check
A3313200626225003_commercial_sold_to,A3313200626225003,331320,Gambell,2025-12-01,2025,12,commercial_sold_to,42593,outlier_check
A3313200726225003_commercial_sold_to,A3313200726225003,331320,Gambell,2026-01-01,2026,1,commercial_sold_to,50264,outlier_check
A3313200826225003_commercial_sold_to,A3313200826225003,331320,Gambell,2026-02-01,2026,2,commercial_sold_to,47117,outlier_check
A3313200926225003_commercial_sold_to,A3313200926225003,331320,Gambell,2026-03-01,2026,3,commercial_sold_to,49241,outlier_check
A3313201026225003_commercial_sold_to,A3313201026225003,331320,Gambell,2026-04-01,2026,4,commercial_sold_to,43828,outlier_check
A3313201126225003_govt_facil_sold_to,A3313201126225003,331320,Gambell,2026-05-01,2026,5,govt_facil_sold_to,0,outlier_check
A3320001217225003_unbilled_sold_to,A3320001217225003,332000,Golovin,2017-06-01,2017,6,unbilled_sold_to,5557,outlier_check
A3320000118225003_unbilled_sold_to,A3320000118225003,332000,Golovin,2017-07-01,2017,7,unbilled_sold_to,5229,outlier_check
A3320000218225003_unbilled_sold_to,A3320000218225003,332000,Golovin,2017-08-01,2017,8,unbilled_sold_to,5904,outlier_check
A3320000918225003_diesel_kwh_generated,A3320000918225003,332000,Golovin,2018-03-01,2018,3,diesel_kwh_generated,0,outlier_check
A3320001018225003_diesel_kwh_generated,A3320001018225003,332000,Golovin,2018-04-01,2018,4,diesel_kwh_generated,0,outlier_check
A3320000519225003_diesel_kwh_generated,A3320000519225003,332000,Golovin,2018-11-01,2018,11,diesel_kwh_generated,0,outlier_check
A3320001219225003_powerhouse_consumption_kwh,A3320001219225003,332000,Golovin,2019-06-01,2019,6,powerhouse_consumption_kwh,8155,outlier_check
A3320001020225003_com_facil_sold_to,A3320001020225003,332000,Golovin,2020-04-01,2020,4,com_facil_sold_to,24474,outlier_check
A3320001021225003_powerhouse_consumption_kwh,A3320001021225003,332000,Golovin,2021-04-01,2021,4,powerhouse_consumption_kwh,6523,outlier_check
A3320001221225003_fuel_used_gallons,A3320001221225003,332000,Golovin,2021-06-01,2021,6,fuel_used_gallons,12994,outlier_check
A3320000122225003_fuel_used_gallons,A3320000122225003,332000,Golovin,2021-07-01,2021,7,fuel_used_gallons,13971,outlier_check
A3320000222225003_fuel_used_gallons,A3320000222225003,332000,Golovin,2021-08-01,2021,8,fuel_used_gallons,18860,outlier_check
A3320000322225003_fuel_used_gallons,A3320000322225003,332000,Golovin,2021-09-01,2021,9,fuel_used_gallons,11320,outlier_check
A3320000322225003_powerhouse_consumption_kwh,A3320000322225003,332000,Golovin,2021-09-01,2021,9,powerhouse_consumption_kwh,5519,outlier_check
A3320000722225003_govt_facil_sold_to,A3320000722225003,332000,Golovin,2022-01-01,2022,1,govt_facil_sold_to,6436,outlier_check
A3320000823225003_fuel_used_gallons,A3320000823225003,332000,Golovin,2023-02-01,2023,2,fuel_used_gallons,16015,outlier_check
A3320000923225003_residential_sold_to,A3320000923225003,332000,Golovin,2023-03-01,2023,3,residential_sold_to,43260,outlier_check
A3320000324225003_fuel_used_gallons,A3320000324225003,332000,Golovin,2023-09-01,2023,9,fuel_used_gallons,13153,outlier_check
A3320000425225003_fuel_used_gallons,A3320000425225003,332000,Golovin,2024-10-01,2024,10,fuel_used_gallons,12352,outlier_check
A3320000926225003_powerhouse_consumption_kwh,A3320000926225003,332000,Golovin,2026-03-01,2026,3,powerhouse_consumption_kwh,5842,outlier_check
A3320001026225003_powerhouse_consumption_kwh,A3320001026225003,332000,Golovin,2026-04-01,2026,4,powerhouse_consumption_kwh,8651,outlier_check
A3313300516225003_commercial_sold_to,A3313300516225003,331330,Goodnews Bay,2015-11-01,2015,11,commercial_sold_to,8550,outlier_check
A3313300616225003_commercial_sold_to,A3313300616225003,331330,Goodnews Bay,2015-12-01,2015,12,commercial_sold_to,8844,outlier_check
A3313300716225003_commercial_sold_to,A3313300716225003,331330,Goodnews Bay,2016-01-01,2016,1,commercial_sold_to,9856,outlier_check
A3313300217225003_residential_customers,A3313300217225003,331330,Goodnews Bay,2016-08-01,2016,8,residential_customers,135,outlier_check
A3313300417225003_residential_customers,A3313300417225003,331330,Goodnews Bay,2016-10-01,2016,10,residential_customers,139,outlier_check
A3313300517225003_residential_customers,A3313300517225003,331330,Goodnews Bay,2016-11-01,2016,11,residential_customers,138,outlier_check
A3313300717225003_residential_customers,A3313300717225003,331330,Goodnews Bay,2017-01-01,2017,1,residential_customers,139,outlier_check
A3313300817225003_residential_customers,A3313300817225003,331330,Goodnews Bay,2017-02-01,2017,2,residential_customers,138,outlier_check
A3313300621225003_fuel_used_gallons,A3313300621225003,331330,Goodnews Bay,2020-12-01,2020,12,fuel_used_gallons,-146,outlier_check
A3313300921225003_powerhouse_consumption_kwh,A3313300921225003,331330,Goodnews Bay,2021-03-01,2021,3,powerhouse_consumption_kwh,3874,outlier_check
A3313301021225003_powerhouse_consumption_kwh,A3313301021225003,331330,Goodnews Bay,2021-04-01,2021,4,powerhouse_consumption_kwh,2981,outlier_check
A3313300622225003_fuel_used_gallons,A3313300622225003,331330,Goodnews Bay,2021-12-01,2021,12,fuel_used_gallons,-236,outlier_check
A3313300623225003_fuel_used_gallons,A3313300623225003,331330,Goodnews Bay,2022-12-01,2022,12,fuel_used_gallons,14511,outlier_check
A3313300526225003_powerhouse_consumption_kwh,A3313300526225003,331330,Goodnews Bay,2025-11-01,2025,11,powerhouse_consumption_kwh,8899,outlier_check
A3313300526225003_commercial_sold_to,A3313300526225003,331330,Goodnews Bay,2025-11-01,2025,11,commercial_sold_to,11430,outlier_check
A3313300626225003_powerhouse_consumption_kwh,A3313300626225003,331330,Goodnews Bay,2025-12-01,2025,12,powerhouse_consumption_kwh,8483,outlier_check
A3313300626225003_commercial_sold_to,A3313300626225003,331330,Goodnews Bay,2025-12-01,2025,12,commercial_sold_to,11627,outlier_check
A3313300726225003_powerhouse_consumption_kwh,A3313300726225003,331330,Goodnews Bay,2026-01-01,2026,1,powerhouse_consumption_kwh,9353,outlier_check
A3313300726225003_commercial_sold_to,A3313300726225003,331330,Goodnews Bay,2026-01-01,2026,1,commercial_sold_to,13169,outlier_check
A3313300826225003_powerhouse_consumption_kwh,A3313300826225003,331330,Goodnews Bay,2026-02-01,2026,2,powerhouse_consumption_kwh,7521,outlier_check
A3313300826225003_commercial_sold_to,A3313300826225003,331330,Goodnews Bay,2026-02-01,2026,2,commercial_sold_to,11515,outlier_check
A3313300926225003_powerhouse_consumption_kwh,A3313300926225003,331330,Goodnews Bay,2026-03-01,2026,3,powerhouse_consumption_kwh,3818,outlier_check
A3313300926225003_commercial_sold_to,A3313300926225003,331330,Goodnews Bay,2026-03-01,2026,3,commercial_sold_to,13920,outlier_check
A3313301026225003_commercial_sold_to,A3313301026225003,331330,Goodnews Bay,2026-04-01,2026,4,commercial_sold_to,12264,outlier_check
A3313301126225003_residential_sold_to,A3313301126225003,331330,Goodnews Bay,2026-05-01,2026,5,residential_sold_to,0,outlier_check
A3313400116225003_commercial_sold_to,A3313400116225003,331340,Grayling,2015-07-01,2015,7,commercial_sold_to,8253,outlier_check
A3313400216225003_commercial_sold_to,A3313400216225003,331340,Grayling,2015-08-01,2015,8,commercial_sold_to,8428,outlier_check
A3313400316225003_commercial_sold_to,A3313400316225003,331340,Grayling,2015-09-01,2015,9,commercial_sold_to,7991,outlier_check
A3313400416225003_commercial_sold_to,A3313400416225003,331340,Grayling,2015-10-01,2015,10,commercial_sold_to,7520,outlier_check
A3313400516225003_commercial_sold_to,A3313400516225003,331340,Grayling,2015-11-01,2015,11,commercial_sold_to,7752,outlier_check
A3313400616225003_commercial_sold_to,A3313400616225003,331340,Grayling,2015-12-01,2015,12,commercial_sold_to,9310,outlier_check
A3313400716225003_commercial_sold_to,A3313400716225003,331340,Grayling,2016-01-01,2016,1,commercial_sold_to,8935,outlier_check
A3313400619225003_fuel_used_gallons,A3313400619225003,331340,Grayling,2018-12-01,2018,12,fuel_used_gallons,7423,outlier_check
A3313400623225003_fuel_used_gallons,A3313400623225003,331340,Grayling,2022-12-01,2022,12,fuel_used_gallons,7060,outlier_check
A3313400823225003_fuel_used_gallons,A3313400823225003,331340,Grayling,2023-02-01,2023,2,fuel_used_gallons,756,outlier_check
A3313401223225003_fuel_used_gallons,A3313401223225003,331340,Grayling,2023-06-01,2023,6,fuel_used_gallons,0,outlier_check
A3313400124225003_fuel_used_gallons,A3313400124225003,331340,Grayling,2023-07-01,2023,7,fuel_used_gallons,7060,outlier_check
A3313400524225003_powerhouse_consumption_kwh,A3313400524225003,331340,Grayling,2023-11-01,2023,11,powerhouse_consumption_kwh,5458,outlier_check
A3313400624225003_powerhouse_consumption_kwh,A3313400624225003,331340,Grayling,2023-12-01,2023,12,powerhouse_consumption_kwh,6169,outlier_check
A3313400724225003_powerhouse_consumption_kwh,A3313400724225003,331340,Grayling,2024-01-01,2024,1,powerhouse_consumption_kwh,7658,outlier_check
A3313400924225003_powerhouse_consumption_kwh,A3313400924225003,331340,Grayling,2024-03-01,2024,3,powerhouse_consumption_kwh,7703,outlier_check
A3313401024225003_powerhouse_consumption_kwh,A3313401024225003,331340,Grayling,2024-04-01,2024,4,powerhouse_consumption_kwh,7983,outlier_check
A3313401124225003_powerhouse_consumption_kwh,A3313401124225003,331340,Grayling,2024-05-01,2024,5,powerhouse_consumption_kwh,6173,outlier_check
A3313400325225003_powerhouse_consumption_kwh,A3313400325225003,331340,Grayling,2024-09-01,2024,9,powerhouse_consumption_kwh,5866,outlier_check
A3313400425225003_powerhouse_consumption_kwh,A3313400425225003,331340,Grayling,2024-10-01,2024,10,powerhouse_consumption_kwh,7388,outlier_check
A3313400525225003_powerhouse_consumption_kwh,A3313400525225003,331340,Grayling,2024-11-01,2024,11,powerhouse_consumption_kwh,9150,outlier_check
A3313400625225003_powerhouse_consumption_kwh,A3313400625225003,331340,Grayling,2024-12-01,2024,12,powerhouse_consumption_kwh,9857,outlier_check
A3313400725225003_powerhouse_consumption_kwh,A3313400725225003,331340,Grayling,2025-01-01,2025,1,powerhouse_consumption_kwh,9893,outlier_check
A3313400825225003_powerhouse_consumption_kwh,A3313400825225003,331340,Grayling,2025-02-01,2025,2,powerhouse_consumption_kwh,9188,outlier_check
A3313400925225003_powerhouse_consumption_kwh,A3313400925225003,331340,Grayling,2025-03-01,2025,3,powerhouse_consumption_kwh,6330,outlier_check
A3313401125225003_fuel_used_gallons,A3313401125225003,331340,Grayling,2025-05-01,2025,5,fuel_used_gallons,0,outlier_check
A3313400526225003_commercial_sold_to,A3313400526225003,331340,Grayling,2025-11-01,2025,11,commercial_sold_to,8585,outlier_check
A3313400626225003_commercial_sold_to,A3313400626225003,331340,Grayling,2025-12-01,2025,12,commercial_sold_to,8616,outlier_check
A3313400726225003_commercial_sold_to,A3313400726225003,331340,Grayling,2026-01-01,2026,1,commercial_sold_to,9902,outlier_check
A3313400826225003_commercial_sold_to,A3313400826225003,331340,Grayling,2026-02-01,2026,2,commercial_sold_to,9684,outlier_check
A3313400926225003_commercial_sold_to,A3313400926225003,331340,Grayling,2026-03-01,2026,3,commercial_sold_to,10817,outlier_check
A3313401026225003_commercial_sold_to,A3313401026225003,331340,Grayling,2026-04-01,2026,4,commercial_sold_to,9467,outlier_check
A3313401126225003_residential_sold_to,A3313401126225003,331340,Grayling,2026-05-01,2026,5,residential_sold_to,0,outlier_check
A3313401126225003_com_facil_sold_to,A3313401126225003,331340,Grayling,2026-05-01,2026,5,com_facil_sold_to,0,outlier_check
A3320100919225003_fuel_used_gallons,A3320100919225003,332010,Gustavus,2019-03-01,2019,3,fuel_used_gallons,6235,outlier_check
A3320100919225003_diesel_kwh_generated,A3320100919225003,332010,Gustavus,2019-03-01,2019,3,diesel_kwh_generated,87922,outlier_check
A3320100821225003_fuel_used_gallons,A3320100821225003,332010,Gustavus,2021-02-01,2021,2,fuel_used_gallons,8936,outlier_check
A3320100821225003_diesel_kwh_generated,A3320100821225003,332010,Gustavus,2021-02-01,2021,2,diesel_kwh_generated,130569,outlier_check
A3320100921225003_fuel_used_gallons,A3320100921225003,332010,Gustavus,2021-03-01,2021,3,fuel_used_gallons,6109,outlier_check
A3320100921225003_diesel_kwh_generated,A3320100921225003,332010,Gustavus,2021-03-01,2021,3,diesel_kwh_generated,87662,outlier_check
A3320101021225003_fuel_used_gallons,A3320101021225003,332010,Gustavus,2021-04-01,2021,4,fuel_used_gallons,8740,outlier_check
A3320101021225003_diesel_kwh_generated,A3320101021225003,332010,Gustavus,2021-04-01,2021,4,diesel_kwh_generated,126440,outlier_check
A3320100722225003_fuel_used_gallons,A3320100722225003,332010,Gustavus,2022-01-01,2022,1,fuel_used_gallons,5422,outlier_check
A3320100323225003_peak_consumption_kw,A3320100323225003,332010,Gustavus,2022-09-01,2022,9,peak_consumption_kw,2473,outlier_check
A3320100423225003_peak_consumption_kw,A3320100423225003,332010,Gustavus,2022-10-01,2022,10,peak_consumption_kw,2458,outlier_check
A3320100523225003_peak_consumption_kw,A3320100523225003,332010,Gustavus,2022-11-01,2022,11,peak_consumption_kw,2458,outlier_check
A3320100623225003_peak_consumption_kw,A3320100623225003,332010,Gustavus,2022-12-01,2022,12,peak_consumption_kw,2458,outlier_check
A3320100723225003_fuel_used_gallons,A3320100723225003,332010,Gustavus,2023-01-01,2023,1,fuel_used_gallons,5981,outlier_check
A3320100723225003_diesel_kwh_generated,A3320100723225003,332010,Gustavus,2023-01-01,2023,1,diesel_kwh_generated,79642,outlier_check
A3320100723225003_peak_consumption_kw,A3320100723225003,332010,Gustavus,2023-01-01,2023,1,peak_consumption_kw,2458,outlier_check
A3320100723225003_govt_facil_sold_to,A3320100723225003,332010,Gustavus,2023-01-01,2023,1,govt_facil_sold_to,78006,outlier_check
A3320100823225003_peak_consumption_kw,A3320100823225003,332010,Gustavus,2023-02-01,2023,2,peak_consumption_kw,2332,outlier_check
A3320100823225003_govt_facil_sold_to,A3320100823225003,332010,Gustavus,2023-02-01,2023,2,govt_facil_sold_to,72657,outlier_check
A3320100923225003_fuel_used_gallons,A3320100923225003,332010,Gustavus,2023-03-01,2023,3,fuel_used_gallons,5486,outlier_check
A3320100923225003_diesel_kwh_generated,A3320100923225003,332010,Gustavus,2023-03-01,2023,3,diesel_kwh_generated,73413,outlier_check
A3320100923225003_peak_consumption_kw,A3320100923225003,332010,Gustavus,2023-03-01,2023,3,peak_consumption_kw,2430,outlier_check
A3320100923225003_govt_facil_sold_to,A3320100923225003,332010,Gustavus,2023-03-01,2023,3,govt_facil_sold_to,70166,outlier_check
A3320101023225003_peak_consumption_kw,A3320101023225003,332010,Gustavus,2023-04-01,2023,4,peak_consumption_kw,2400,outlier_check
A3320101023225003_govt_facil_sold_to,A3320101023225003,332010,Gustavus,2023-04-01,2023,4,govt_facil_sold_to,71666,outlier_check
A3320101123225003_peak_consumption_kw,A3320101123225003,332010,Gustavus,2023-05-01,2023,5,peak_consumption_kw,2455,outlier_check
A3320101123225003_govt_facil_sold_to,A3320101123225003,332010,Gustavus,2023-05-01,2023,5,govt_facil_sold_to,78817,outlier_check
A3320101223225003_peak_consumption_kw,A3320101223225003,332010,Gustavus,2023-06-01,2023,6,peak_consumption_kw,2458,outlier_check
A3320101223225003_govt_facil_sold_to,A3320101223225003,332010,Gustavus,2023-06-01,2023,6,govt_facil_sold_to,81591,outlier_check
A3320100124225003_fuel_used_gallons,A3320100124225003,332010,Gustavus,2023-07-01,2023,7,fuel_used_gallons,9199,outlier_check
A3320100124225003_diesel_kwh_generated,A3320100124225003,332010,Gustavus,2023-07-01,2023,7,diesel_kwh_generated,123033,outlier_check
A3320100124225003_peak_consumption_kw,A3320100124225003,332010,Gustavus,2023-07-01,2023,7,peak_consumption_kw,2485,outlier_check
A3320100124225003_govt_facil_sold_to,A3320100124225003,332010,Gustavus,2023-07-01,2023,7,govt_facil_sold_to,67302,outlier_check
A3320100224225003_peak_consumption_kw,A3320100224225003,332010,Gustavus,2023-08-01,2023,8,peak_consumption_kw,2485,outlier_check
A3320100224225003_govt_facil_sold_to,A3320100224225003,332010,Gustavus,2023-08-01,2023,8,govt_facil_sold_to,85022,outlier_check
A3320100324225003_peak_consumption_kw,A3320100324225003,332010,Gustavus,2023-09-01,2023,9,peak_consumption_kw,2485,outlier_check
A3320100324225003_govt_facil_sold_to,A3320100324225003,332010,Gustavus,2023-09-01,2023,9,govt_facil_sold_to,85602,outlier_check
A3320100424225003_peak_consumption_kw,A3320100424225003,332010,Gustavus,2023-10-01,2023,10,peak_consumption_kw,2485,outlier_check
A3320100524225003_peak_consumption_kw,A3320100524225003,332010,Gustavus,2023-11-01,2023,11,peak_consumption_kw,2475,outlier_check
A3320100524225003_govt_facil_sold_to,A3320100524225003,332010,Gustavus,2023-11-01,2023,11,govt_facil_sold_to,95255,outlier_check
A3320100624225003_peak_consumption_kw,A3320100624225003,332010,Gustavus,2023-12-01,2023,12,peak_consumption_kw,2473,outlier_check
A3320100624225003_govt_facil_sold_to,A3320100624225003,332010,Gustavus,2023-12-01,2023,12,govt_facil_sold_to,122345,outlier_check
A3320100724225003_peak_consumption_kw,A3320100724225003,332010,Gustavus,2024-01-01,2024,1,peak_consumption_kw,2473,outlier_check
A3320100724225003_govt_facil_sold_to,A3320100724225003,332010,Gustavus,2024-01-01,2024,1,govt_facil_sold_to,130208,outlier_check
A3320100824225003_peak_consumption_kw,A3320100824225003,332010,Gustavus,2024-02-01,2024,2,peak_consumption_kw,2473,outlier_check
A3320100824225003_govt_facil_sold_to,A3320100824225003,332010,Gustavus,2024-02-01,2024,2,govt_facil_sold_to,123064,outlier_check
A3320100924225003_fuel_used_gallons,A3320100924225003,332010,Gustavus,2024-03-01,2024,3,fuel_used_gallons,6127,outlier_check
A3320100924225003_diesel_kwh_generated,A3320100924225003,332010,Gustavus,2024-03-01,2024,3,diesel_kwh_generated,88104,outlier_check
A3320100924225003_peak_consumption_kw,A3320100924225003,332010,Gustavus,2024-03-01,2024,3,peak_consumption_kw,2480,outlier_check
A3320100924225003_govt_facil_sold_to,A3320100924225003,332010,Gustavus,2024-03-01,2024,3,govt_facil_sold_to,121417,outlier_check
A3320101024225003_peak_consumption_kw,A3320101024225003,332010,Gustavus,2024-04-01,2024,4,peak_consumption_kw,2480,outlier_check
A3320101024225003_govt_facil_sold_to,A3320101024225003,332010,Gustavus,2024-04-01,2024,4,govt_facil_sold_to,108127,outlier_check
A3320101124225003_peak_consumption_kw,A3320101124225003,332010,Gustavus,2024-05-01,2024,5,peak_consumption_kw,2480,outlier_check
A3320101124225003_govt_facil_sold_to,A3320101124225003,332010,Gustavus,2024-05-01,2024,5,govt_facil_sold_to,91329,outlier_check
A3320101224225003_peak_consumption_kw,A3320101224225003,332010,Gustavus,2024-06-01,2024,6,peak_consumption_kw,2480,outlier_check
A3320101224225003_govt_facil_sold_to,A3320101224225003,332010,Gustavus,2024-06-01,2024,6,govt_facil_sold_to,91988,outlier_check
A3320100125225003_peak_consumption_kw,A3320100125225003,332010,Gustavus,2024-07-01,2024,7,peak_consumption_kw,2480,outlier_check
A3320100125225003_govt_facil_sold_to,A3320100125225003,332010,Gustavus,2024-07-01,2024,7,govt_facil_sold_to,89472,outlier_check
A3320100225225003_peak_consumption_kw,A3320100225225003,332010,Gustavus,2024-08-01,2024,8,peak_consumption_kw,2480,outlier_check
A3320100225225003_govt_facil_sold_to,A3320100225225003,332010,Gustavus,2024-08-01,2024,8,govt_facil_sold_to,90717,outlier_check
A3320100325225003_peak_consumption_kw,A3320100325225003,332010,Gustavus,2024-09-01,2024,9,peak_consumption_kw,2480,outlier_check
A3320100325225003_govt_facil_sold_to,A3320100325225003,332010,Gustavus,2024-09-01,2024,9,govt_facil_sold_to,89428,outlier_check
A3320100425225003_peak_consumption_kw,A3320100425225003,332010,Gustavus,2024-10-01,2024,10,peak_consumption_kw,2480,outlier_check
A3320100425225003_govt_facil_sold_to,A3320100425225003,332010,Gustavus,2024-10-01,2024,10,govt_facil_sold_to,77103,outlier_check
A3320100525225003_total_kwh_purchased,A3320100525225003,332010,Gustavus,2024-11-01,2024,11,total_kwh_purchased,240778,outlier_check
A3320100525225003_peak_consumption_kw,A3320100525225003,332010,Gustavus,2024-11-01,2024,11,peak_consumption_kw,2480,outlier_check
A3320100525225003_govt_facil_sold_to,A3320100525225003,332010,Gustavus,2024-11-01,2024,11,govt_facil_sold_to,113758,outlier_check
A3320100625225003_total_kwh_purchased,A3320100625225003,332010,Gustavus,2024-12-01,2024,12,total_kwh_purchased,265998,outlier_check
A3320100625225003_govt_facil_sold_to,A3320100625225003,332010,Gustavus,2024-12-01,2024,12,govt_facil_sold_to,101788,outlier_check
A3320100725225003_total_kwh_purchased,A3320100725225003,332010,Gustavus,2025-01-01,2025,1,total_kwh_purchased,316029,outlier_check
A3320100725225003_govt_facil_sold_to,A3320100725225003,332010,Gustavus,2025-01-01,2025,1,govt_facil_sold_to,109541,outlier_check
A3320100825225003_fuel_used_gallons,A3320100825225003,332010,Gustavus,2025-02-01,2025,2,fuel_used_gallons,9338,outlier_check
A3320100825225003_diesel_kwh_generated,A3320100825225003,332010,Gustavus,2025-02-01,2025,2,diesel_kwh_generated,134466,outlier_check
A3320100825225003_total_kwh_purchased,A3320100825225003,332010,Gustavus,2025-02-01,2025,2,total_kwh_purchased,233561,outlier_check
A3320100825225003_com_facil_sold_to,A3320100825225003,332010,Gustavus,2025-02-01,2025,2,com_facil_sold_to,5791,outlier_check
A3320100825225003_govt_facil_sold_to,A3320100825225003,332010,Gustavus,2025-02-01,2025,2,govt_facil_sold_to,122254,outlier_check
A3320100925225003_total_kwh_purchased,A3320100925225003,332010,Gustavus,2025-03-01,2025,3,total_kwh_purchased,255441,outlier_check
A3320100925225003_govt_facil_sold_to,A3320100925225003,332010,Gustavus,2025-03-01,2025,3,govt_facil_sold_to,122853,outlier_check
A3320101025225003_total_kwh_purchased,A3320101025225003,332010,Gustavus,2025-04-01,2025,4,total_kwh_purchased,294257,outlier_check
A3320101025225003_govt_facil_sold_to,A3320101025225003,332010,Gustavus,2025-04-01,2025,4,govt_facil_sold_to,122661,outlier_check
A3320101125225003_total_kwh_purchased,A3320101125225003,332010,Gustavus,2025-05-01,2025,5,total_kwh_purchased,331437,outlier_check
A3320101125225003_govt_facil_sold_to,A3320101125225003,332010,Gustavus,2025-05-01,2025,5,govt_facil_sold_to,113790,outlier_check
A3320101225225003_fuel_used_gallons,A3320101225225003,332010,Gustavus,2025-06-01,2025,6,fuel_used_gallons,11436,outlier_check
A3320101225225003_diesel_kwh_generated,A3320101225225003,332010,Gustavus,2025-06-01,2025,6,diesel_kwh_generated,171173,outlier_check
A3320101225225003_total_kwh_purchased,A3320101225225003,332010,Gustavus,2025-06-01,2025,6,total_kwh_purchased,199520,outlier_check
A3320101225225003_govt_facil_sold_to,A3320101225225003,332010,Gustavus,2025-06-01,2025,6,govt_facil_sold_to,107843,outlier_check
A3320100126225003_total_kwh_purchased,A3320100126225003,332010,Gustavus,2025-07-01,2025,7,total_kwh_purchased,345237,outlier_check
A3320100126225003_govt_facil_sold_to,A3320100126225003,332010,Gustavus,2025-07-01,2025,7,govt_facil_sold_to,96122,outlier_check
A3320100226225003_total_kwh_purchased,A3320100226225003,332010,Gustavus,2025-08-01,2025,8,total_kwh_purchased,359010,outlier_check
A3320100226225003_govt_facil_sold_to,A3320100226225003,332010,Gustavus,2025-08-01,2025,8,govt_facil_sold_to,102372,outlier_check
A3320100326225003_total_kwh_purchased,A3320100326225003,332010,Gustavus,2025-09-01,2025,9,total_kwh_purchased,282666,outlier_check
A3320100326225003_govt_facil_sold_to,A3320100326225003,332010,Gustavus,2025-09-01,2025,9,govt_facil_sold_to,93610,outlier_check
A3320100426225003_total_kwh_purchased,A3320100426225003,332010,Gustavus,2025-10-01,2025,10,total_kwh_purchased,275197,outlier_check
A3320100426225003_govt_facil_sold_to,A3320100426225003,332010,Gustavus,2025-10-01,2025,10,govt_facil_sold_to,80383,outlier_check
A3320100526225003_total_kwh_purchased,A3320100526225003,332010,Gustavus,2025-11-01,2025,11,total_kwh_purchased,300139,outlier_check
A3320100526225003_govt_facil_sold_to,A3320100526225003,332010,Gustavus,2025-11-01,2025,11,govt_facil_sold_to,90382,outlier_check
A3320100626225003_total_kwh_purchased,A3320100626225003,332010,Gustavus,2025-12-01,2025,12,total_kwh_purchased,330805,outlier_check
A3320100626225003_com_facil_sold_to,A3320100626225003,332010,Gustavus,2025-12-01,2025,12,com_facil_sold_to,6262,outlier_check
A3320100626225003_govt_facil_sold_to,A3320100626225003,332010,Gustavus,2025-12-01,2025,12,govt_facil_sold_to,114840,outlier_check
A3320100726225003_fuel_used_gallons,A3320100726225003,332010,Gustavus,2026-01-01,2026,1,fuel_used_gallons,16581,outlier_check
A3320100726225003_diesel_kwh_generated,A3320100726225003,332010,Gustavus,2026-01-01,2026,1,diesel_kwh_generated,248363,outlier_check
A3320100726225003_total_kwh_purchased,A3320100726225003,332010,Gustavus,2026-01-01,2026,1,total_kwh_purchased,146900,outlier_check
A3320100726225003_com_facil_sold_to,A3320100726225003,332010,Gustavus,2026-01-01,2026,1,com_facil_sold_to,5945,outlier_check
A3320100726225003_govt_facil_sold_to,A3320100726225003,332010,Gustavus,2026-01-01,2026,1,govt_facil_sold_to,119354,outlier_check
A3320100826225003_total_kwh_purchased,A3320100826225003,332010,Gustavus,2026-02-01,2026,2,total_kwh_purchased,329310,outlier_check
A3320100826225003_govt_facil_sold_to,A3320100826225003,332010,Gustavus,2026-02-01,2026,2,govt_facil_sold_to,132895,outlier_check
A3320100926225003_fuel_used_gallons,A3320100926225003,332010,Gustavus,2026-03-01,2026,3,fuel_used_gallons,9428,outlier_check
A3320100926225003_diesel_kwh_generated,A3320100926225003,332010,Gustavus,2026-03-01,2026,3,diesel_kwh_generated,136440,outlier_check
A3320100926225003_total_kwh_purchased,A3320100926225003,332010,Gustavus,2026-03-01,2026,3,total_kwh_purchased,211860,outlier_check
A3320100926225003_govt_facil_sold_to,A3320100926225003,332010,Gustavus,2026-03-01,2026,3,govt_facil_sold_to,117514,outlier_check
A3320101026225003_fuel_used_gallons,A3320101026225003,332010,Gustavus,2026-04-01,2026,4,fuel_used_gallons,9416,outlier_check
A3320101026225003_diesel_kwh_generated,A3320101026225003,332010,Gustavus,2026-04-01,2026,4,diesel_kwh_generated,138347,outlier_check
A3320101026225003_total_kwh_purchased,A3320101026225003,332010,Gustavus,2026-04-01,2026,4,total_kwh_purchased,210117,outlier_check
A3320101026225003_govt_facil_sold_to,A3320101026225003,332010,Gustavus,2026-04-01,2026,4,govt_facil_sold_to,129052,outlier_check
A3320101126225003_total_kwh_purchased,A3320101126225003,332010,Gustavus,2026-05-01,2026,5,total_kwh_purchased,330489,outlier_check
A3320101126225003_govt_facil_sold_to,A3320101126225003,332010,Gustavus,2026-05-01,2026,5,govt_facil_sold_to,122707,outlier_check
A3320101226225003_total_kwh_purchased,A3320101226225003,332010,Gustavus,2026-06-01,2026,6,total_kwh_purchased,371393,outlier_check
A3320101226225003_govt_facil_sold_to,A3320101226225003,332010,Gustavus,2026-06-01,2026,6,govt_facil_sold_to,109314,outlier_check
A3311200618225003_fuel_used_gallons,A3311200618225003,331120,"Haines, Covenant Life",2017-12-01,2017,12,fuel_used_gallons,10133,outlier_check
A3311200618225003_diesel_kwh_generated,A3311200618225003,331120,"Haines, Covenant Life",2017-12-01,2017,12,diesel_kwh_generated,128942,outlier_check
A3311200718225003_fuel_used_gallons,A3311200718225003,331120,"Haines, Covenant Life",2018-01-01,2018,1,fuel_used_gallons,11553,outlier_check
A3311200718225003_diesel_kwh_generated,A3311200718225003,331120,"Haines, Covenant Life",2018-01-01,2018,1,diesel_kwh_generated,156150,outlier_check
A3311200818225003_fuel_used_gallons,A3311200818225003,331120,"Haines, Covenant Life",2018-02-01,2018,2,fuel_used_gallons,17208,outlier_check
A3311200818225003_diesel_kwh_generated,A3311200818225003,331120,"Haines, Covenant Life",2018-02-01,2018,2,diesel_kwh_generated,224076,outlier_check
A3311200918225003_fuel_used_gallons,A3311200918225003,331120,"Haines, Covenant Life",2018-03-01,2018,3,fuel_used_gallons,14361,outlier_check
A3311200918225003_diesel_kwh_generated,A3311200918225003,331120,"Haines, Covenant Life",2018-03-01,2018,3,diesel_kwh_generated,187324,outlier_check
A3311201018225003_fuel_used_gallons,A3311201018225003,331120,"Haines, Covenant Life",2018-04-01,2018,4,fuel_used_gallons,15088,outlier_check
A3311201018225003_diesel_kwh_generated,A3311201018225003,331120,"Haines, Covenant Life",2018-04-01,2018,4,diesel_kwh_generated,203840,outlier_check
A3311201118225003_fuel_used_gallons,A3311201118225003,331120,"Haines, Covenant Life",2018-05-01,2018,5,fuel_used_gallons,39788,outlier_check
A3311201118225003_diesel_kwh_generated,A3311201118225003,331120,"Haines, Covenant Life",2018-05-01,2018,5,diesel_kwh_generated,558168,outlier_check
A3311200119225003_fuel_used_gallons,A3311200119225003,331120,"Haines, Covenant Life",2018-07-01,2018,7,fuel_used_gallons,7959,outlier_check
A3311200119225003_diesel_kwh_generated,A3311200119225003,331120,"Haines, Covenant Life",2018-07-01,2018,7,diesel_kwh_generated,92900,outlier_check
A3311200520225003_fuel_used_gallons,A3311200520225003,331120,"Haines, Covenant Life",2019-11-01,2019,11,fuel_used_gallons,8367,outlier_check
A3311200520225003_diesel_kwh_generated,A3311200520225003,331120,"Haines, Covenant Life",2019-11-01,2019,11,diesel_kwh_generated,113104,outlier_check
A3311200621225003_fuel_used_gallons,A3311200621225003,331120,"Haines, Covenant Life",2020-12-01,2020,12,fuel_used_gallons,22909,outlier_check
A3311200621225003_diesel_kwh_generated,A3311200621225003,331120,"Haines, Covenant Life",2020-12-01,2020,12,diesel_kwh_generated,323180,outlier_check
A3311200721225003_fuel_used_gallons,A3311200721225003,331120,"Haines, Covenant Life",2021-01-01,2021,1,fuel_used_gallons,27285,outlier_check
A3311200721225003_diesel_kwh_generated,A3311200721225003,331120,"Haines, Covenant Life",2021-01-01,2021,1,diesel_kwh_generated,374509,outlier_check
A3311200821225003_fuel_used_gallons,A3311200821225003,331120,"Haines, Covenant Life",2021-02-01,2021,2,fuel_used_gallons,21229,outlier_check
A3311200821225003_diesel_kwh_generated,A3311200821225003,331120,"Haines, Covenant Life",2021-02-01,2021,2,diesel_kwh_generated,300037,outlier_check
A3311200921225003_fuel_used_gallons,A3311200921225003,331120,"Haines, Covenant Life",2021-03-01,2021,3,fuel_used_gallons,18012,outlier_check
A3311200921225003_diesel_kwh_generated,A3311200921225003,331120,"Haines, Covenant Life",2021-03-01,2021,3,diesel_kwh_generated,250360,outlier_check
A3311201021225003_fuel_used_gallons,A3311201021225003,331120,"Haines, Covenant Life",2021-04-01,2021,4,fuel_used_gallons,24837,outlier_check
A3311201021225003_diesel_kwh_generated,A3311201021225003,331120,"Haines, Covenant Life",2021-04-01,2021,4,diesel_kwh_generated,359757,outlier_check
A3311201121225003_fuel_used_gallons,A3311201121225003,331120,"Haines, Covenant Life",2021-05-01,2021,5,fuel_used_gallons,8619,outlier_check
A3311201121225003_diesel_kwh_generated,A3311201121225003,331120,"Haines, Covenant Life",2021-05-01,2021,5,diesel_kwh_generated,124521,outlier_check
A3311200622225003_fuel_used_gallons,A3311200622225003,331120,"Haines, Covenant Life",2021-12-01,2021,12,fuel_used_gallons,16668,outlier_check
A3311200622225003_diesel_kwh_generated,A3311200622225003,331120,"Haines, Covenant Life",2021-12-01,2021,12,diesel_kwh_generated,230977,outlier_check
A3311200722225003_fuel_used_gallons,A3311200722225003,331120,"Haines, Covenant Life",2022-01-01,2022,1,fuel_used_gallons,55522,outlier_check
A3311200722225003_diesel_kwh_generated,A3311200722225003,331120,"Haines, Covenant Life",2022-01-01,2022,1,diesel_kwh_generated,773846,outlier_check
A3311200822225003_fuel_used_gallons,A3311200822225003,331120,"Haines, Covenant Life",2022-02-01,2022,2,fuel_used_gallons,14710,outlier_check
A3311200822225003_diesel_kwh_generated,A3311200822225003,331120,"Haines, Covenant Life",2022-02-01,2022,2,diesel_kwh_generated,201804,outlier_check
A3311201022225003_fuel_used_gallons,A3311201022225003,331120,"Haines, Covenant Life",2022-04-01,2022,4,fuel_used_gallons,8896,outlier_check
A3311201022225003_diesel_kwh_generated,A3311201022225003,331120,"Haines, Covenant Life",2022-04-01,2022,4,diesel_kwh_generated,124862,outlier_check
A3311201122225003_fuel_used_gallons,A3311201122225003,331120,"Haines, Covenant Life",2022-05-01,2022,5,fuel_used_gallons,21819,outlier_check
A3311201122225003_diesel_kwh_generated,A3311201122225003,331120,"Haines, Covenant Life",2022-05-01,2022,5,diesel_kwh_generated,312828,outlier_check
A3311200723225003_fuel_used_gallons,A3311200723225003,331120,"Haines, Covenant Life",2023-01-01,2023,1,fuel_used_gallons,11318,outlier_check
A3311200723225003_diesel_kwh_generated,A3311200723225003,331120,"Haines, Covenant Life",2023-01-01,2023,1,diesel_kwh_generated,153452,outlier_check
A3311201123225003_fuel_used_gallons,A3311201123225003,331120,"Haines, Covenant Life",2023-05-01,2023,5,fuel_used_gallons,11758,outlier_check
A3311201123225003_diesel_kwh_generated,A3311201123225003,331120,"Haines, Covenant Life",2023-05-01,2023,5,diesel_kwh_generated,171099,outlier_check
A3311200324225003_fuel_used_gallons,A3311200324225003,331120,"Haines, Covenant Life",2023-09-01,2023,9,fuel_used_gallons,6462,outlier_check
A3311200324225003_diesel_kwh_generated,A3311200324225003,331120,"Haines, Covenant Life",2023-09-01,2023,9,diesel_kwh_generated,89214,outlier_check
A3311201025225003_diesel_kwh_generated,A3311201025225003,331120,"Haines, Covenant Life",2025-04-01,2025,4,diesel_kwh_generated,66559,outlier_check
A3311200726225003_residential_sold_to,A3311200726225003,331120,"Haines, Covenant Life",2026-01-01,2026,1,residential_sold_to,747617,outlier_check
A3311400622225003_powerhouse_consumption_kwh,A3311400622225003,331140,Hollis,2021-12-01,2021,12,powerhouse_consumption_kwh,2768,outlier_check
A3311400722225003_powerhouse_consumption_kwh,A3311400722225003,331140,Hollis,2022-01-01,2022,1,powerhouse_consumption_kwh,3165,outlier_check
A3311400822225003_powerhouse_consumption_kwh,A3311400822225003,331140,Hollis,2022-02-01,2022,2,powerhouse_consumption_kwh,2770,outlier_check
A3311401022225003_powerhouse_consumption_kwh,A3311401022225003,331140,Hollis,2022-04-01,2022,4,powerhouse_consumption_kwh,2801,outlier_check
A3311400526225003_most_recent_fuel_purch_price,A3311400526225003,331140,Hollis,2025-11-01,2025,11,most_recent_fuel_purch_price,34294,outlier_check
A3313500616225003_fuel_used_gallons,A3313500616225003,331350,Holy Cross,2015-12-01,2015,12,fuel_used_gallons,6581,outlier_check
A3313500617225003_fuel_used_gallons,A3313500617225003,331350,Holy Cross,2016-12-01,2016,12,fuel_used_gallons,13564,outlier_check
A3313500618225003_fuel_used_gallons,A3313500618225003,331350,Holy Cross,2017-12-01,2017,12,fuel_used_gallons,-236,outlier_check
A3313500620225003_fuel_used_gallons,A3313500620225003,331350,Holy Cross,2019-12-01,2019,12,fuel_used_gallons,9198,outlier_check
A3313501223225003_fuel_used_gallons,A3313501223225003,331350,Holy Cross,2023-06-01,2023,6,fuel_used_gallons,0,outlier_check
A3313500724225003_residential_sold_to,A3313500724225003,331350,Holy Cross,2024-01-01,2024,1,residential_sold_to,37724,outlier_check
A3313500725225003_residential_sold_to,A3313500725225003,331350,Holy Cross,2025-01-01,2025,1,residential_sold_to,38362,outlier_check
A3313501125225003_fuel_used_gallons,A3313501125225003,331350,Holy Cross,2025-05-01,2025,5,fuel_used_gallons,0,outlier_check
A3313500626225003_commercial_sold_to,A3313500626225003,331350,Holy Cross,2025-12-01,2025,12,commercial_sold_to,10110,outlier_check
A3313500726225003_residential_sold_to,A3313500726225003,331350,Holy Cross,2026-01-01,2026,1,residential_sold_to,40367,outlier_check
A3313500726225003_commercial_sold_to,A3313500726225003,331350,Holy Cross,2026-01-01,2026,1,commercial_sold_to,10796,outlier_check
A3313500826225003_commercial_sold_to,A3313500826225003,331350,Holy Cross,2026-02-01,2026,2,commercial_sold_to,10062,outlier_check
A3313500926225003_commercial_sold_to,A3313500926225003,331350,Holy Cross,2026-03-01,2026,3,commercial_sold_to,11129,outlier_check
A3313501126225003_residential_sold_to,A3313501126225003,331350,Holy Cross,2026-05-01,2026,5,residential_sold_to,0,outlier_check
A3326700716225003_powerhouse_consumption_kwh,A3326700716225003,332670,Hoonah,2016-01-01,2016,1,powerhouse_consumption_kwh,18764,outlier_check
A3326701216225003_peak_consumption_kw,A3326701216225003,332670,Hoonah,2016-06-01,2016,6,peak_consumption_kw,1338,outlier_check
A3326700917225003_peak_consumption_kw,A3326700917225003,332670,Hoonah,2017-03-01,2017,3,peak_consumption_kw,1178,outlier_check
A3313600116225003_commercial_sold_to,A3313600116225003,331360,Hooper Bay,2015-07-01,2015,7,commercial_sold_to,67860,outlier_check
A3313600216225003_commercial_sold_to,A3313600216225003,331360,Hooper Bay,2015-08-01,2015,8,commercial_sold_to,71240,outlier_check
A3313600316225003_commercial_sold_to,A3313600316225003,331360,Hooper Bay,2015-09-01,2015,9,commercial_sold_to,73336,outlier_check
A3313600416225003_commercial_sold_to,A3313600416225003,331360,Hooper Bay,2015-10-01,2015,10,commercial_sold_to,73234,outlier_check
A3313600516225003_commercial_sold_to,A3313600516225003,331360,Hooper Bay,2015-11-01,2015,11,commercial_sold_to,87839,outlier_check
A3313600616225003_commercial_sold_to,A3313600616225003,331360,Hooper Bay,2015-12-01,2015,12,commercial_sold_to,95376,outlier_check
A3313600716225003_commercial_sold_to,A3313600716225003,331360,Hooper Bay,2016-01-01,2016,1,commercial_sold_to,99661,outlier_check
A3313600217225003_residential_customers,A3313600217225003,331360,Hooper Bay,2016-08-01,2016,8,residential_customers,109,outlier_check
A3313600417225003_residential_customers,A3313600417225003,331360,Hooper Bay,2016-10-01,2016,10,residential_customers,108,outlier_check
A3313600517225003_powerhouse_consumption_kwh,A3313600517225003,331360,Hooper Bay,2016-11-01,2016,11,powerhouse_consumption_kwh,21013,outlier_check
A3313600517225003_residential_customers,A3313600517225003,331360,Hooper Bay,2016-11-01,2016,11,residential_customers,106,outlier_check
A3313600617225003_powerhouse_consumption_kwh,A3313600617225003,331360,Hooper Bay,2016-12-01,2016,12,powerhouse_consumption_kwh,20478,outlier_check
A3313600717225003_powerhouse_consumption_kwh,A3313600717225003,331360,Hooper Bay,2017-01-01,2017,1,powerhouse_consumption_kwh,16807,outlier_check
A3313600717225003_residential_customers,A3313600717225003,331360,Hooper Bay,2017-01-01,2017,1,residential_customers,106,outlier_check
A3313600817225003_residential_customers,A3313600817225003,331360,Hooper Bay,2017-02-01,2017,2,residential_customers,108,outlier_check
A3313601122225003_com_facil_sold_to,A3313601122225003,331360,Hooper Bay,2022-05-01,2022,5,com_facil_sold_to,130587,outlier_check
A3313600923225003_com_facil_sold_to,A3313600923225003,331360,Hooper Bay,2023-03-01,2023,3,com_facil_sold_to,131754,outlier_check
A3313601223225003_fuel_used_gallons,A3313601223225003,331360,Hooper Bay,2023-06-01,2023,6,fuel_used_gallons,0,outlier_check
A3313601125225003_fuel_used_gallons,A3313601125225003,331360,Hooper Bay,2025-05-01,2025,5,fuel_used_gallons,0,outlier_check
A3313600726225003_commercial_sold_to,A3313600726225003,331360,Hooper Bay,2026-01-01,2026,1,commercial_sold_to,54732,outlier_check
A3313601126225003_commercial_sold_to,A3313601126225003,331360,Hooper Bay,2026-05-01,2026,5,commercial_sold_to,0,outlier_check
A3313601126225003_com_facil_sold_to,A3313601126225003,331360,Hooper Bay,2026-05-01,2026,5,com_facil_sold_to,0,outlier_check
A3313601126225003_govt_facil_sold_to,A3313601126225003,331360,Hooper Bay,2026-05-01,2026,5,govt_facil_sold_to,0,outlier_check
A3320300616225003_unbilled_sold_to,A3320300616225003,332030,Hughes,2015-12-01,2015,12,unbilled_sold_to,245,outlier_check
A3320300618225003_unbilled_sold_to,A3320300618225003,332030,Hughes,2017-12-01,2017,12,unbilled_sold_to,254,outlier_check
A3320300918225003_unbilled_sold_to,A3320300918225003,332030,Hughes,2018-03-01,2018,3,unbilled_sold_to,242,outlier_check
A3320300919225003_diesel_kwh_generated,A3320300919225003,332030,Hughes,2019-03-01,2019,3,diesel_kwh_generated,0,outlier_check
A3320301219225003_diesel_kwh_generated,A3320301219225003,332030,Hughes,2019-06-01,2019,6,diesel_kwh_generated,0,outlier_check
A3320300820225003_diesel_kwh_generated,A3320300820225003,332030,Hughes,2020-02-01,2020,2,diesel_kwh_generated,0,outlier_check
A3320300521225003_commercial_sold_to,A3320300521225003,332030,Hughes,2020-11-01,2020,11,commercial_sold_to,21262,outlier_check
A3320300621225003_commercial_sold_to,A3320300621225003,332030,Hughes,2020-12-01,2020,12,commercial_sold_to,20922,outlier_check
A3320300721225003_commercial_sold_to,A3320300721225003,332030,Hughes,2021-01-01,2021,1,commercial_sold_to,21776,outlier_check
A3320300923225003_fuel_used_gallons,A3320300923225003,332030,Hughes,2023-03-01,2023,3,fuel_used_gallons,7440,outlier_check
A3320300425225003_fuel_used_gallons,A3320300425225003,332030,Hughes,2024-10-01,2024,10,fuel_used_gallons,0,outlier_check
A3313700217225003_residential_customers,A3313700217225003,331370,Huslia,2016-08-01,2016,8,residential_customers,42,outlier_check
A3313700417225003_residential_customers,A3313700417225003,331370,Huslia,2016-10-01,2016,10,residential_customers,41,outlier_check
A3313700517225003_residential_customers,A3313700517225003,331370,Huslia,2016-11-01,2016,11,residential_customers,41,outlier_check
A3313700717225003_residential_customers,A3313700717225003,331370,Huslia,2017-01-01,2017,1,residential_customers,40,outlier_check
A3313700817225003_residential_customers,A3313700817225003,331370,Huslia,2017-02-01,2017,2,residential_customers,40,outlier_check
A3313701223225003_fuel_used_gallons,A3313701223225003,331370,Huslia,2023-06-01,2023,6,fuel_used_gallons,0,outlier_check
A3313701125225003_fuel_used_gallons,A3313701125225003,331370,Huslia,2025-05-01,2025,5,fuel_used_gallons,0,outlier_check
A3313700526225003_commercial_sold_to,A3313700526225003,331370,Huslia,2025-11-01,2025,11,commercial_sold_to,11448,outlier_check
A3313700626225003_commercial_sold_to,A3313700626225003,331370,Huslia,2025-12-01,2025,12,commercial_sold_to,12740,outlier_check
A3313700726225003_residential_sold_to,A3313700726225003,331370,Huslia,2026-01-01,2026,1,residential_sold_to,73964,outlier_check
A3313700726225003_commercial_sold_to,A3313700726225003,331370,Huslia,2026-01-01,2026,1,commercial_sold_to,13309,outlier_check
A3313700826225003_commercial_sold_to,A3313700826225003,331370,Huslia,2026-02-01,2026,2,commercial_sold_to,11094,outlier_check
A3313700926225003_commercial_sold_to,A3313700926225003,331370,Huslia,2026-03-01,2026,3,commercial_sold_to,10543,outlier_check
A3313701126225003_residential_sold_to,A3313701126225003,331370,Huslia,2026-05-01,2026,5,residential_sold_to,0,outlier_check
A3311501016225003_residential_customers,A3311501016225003,331150,Hydaburg,2016-04-01,2016,4,residential_customers,175,outlier_check
A3311500621225003_commercial_sold_to,A3311500621225003,331150,Hydaburg,2020-12-01,2020,12,commercial_sold_to,97894,outlier_check
A3320401224225003_peak_consumption_kw,A3320401224225003,332040,Igiugig,2024-06-01,2024,6,peak_consumption_kw,148,outlier_check
A3320400225225003_total_kwh_purchased,A3320400225225003,332040,Igiugig,2024-08-01,2024,8,total_kwh_purchased,12272,outlier_check
A3320400325225003_total_kwh_purchased,A3320400325225003,332040,Igiugig,2024-09-01,2024,9,total_kwh_purchased,20094,outlier_check
A3320400325225003_com_facil_sold_to,A3320400325225003,332040,Igiugig,2024-09-01,2024,9,com_facil_sold_to,18411,outlier_check
A3320400425225003_powerhouse_consumption_kwh,A3320400425225003,332040,Igiugig,2024-10-01,2024,10,powerhouse_consumption_kwh,3836,outlier_check
A3320400525225003_powerhouse_consumption_kwh,A3320400525225003,332040,Igiugig,2024-11-01,2024,11,powerhouse_consumption_kwh,4118,outlier_check
A3320400625225003_powerhouse_consumption_kwh,A3320400625225003,332040,Igiugig,2024-12-01,2024,12,powerhouse_consumption_kwh,5911,outlier_check
A3320400725225003_powerhouse_consumption_kwh,A3320400725225003,332040,Igiugig,2025-01-01,2025,1,powerhouse_consumption_kwh,3146,outlier_check
A3320400825225003_powerhouse_consumption_kwh,A3320400825225003,332040,Igiugig,2025-02-01,2025,2,powerhouse_consumption_kwh,3529,outlier_check
A3320400925225003_powerhouse_consumption_kwh,A3320400925225003,332040,Igiugig,2025-03-01,2025,3,powerhouse_consumption_kwh,4843,outlier_check
A3320400326225003_powerhouse_consumption_kwh,A3320400326225003,332040,Igiugig,2025-09-01,2025,9,powerhouse_consumption_kwh,3714,outlier_check
A3320400426225003_powerhouse_consumption_kwh,A3320400426225003,332040,Igiugig,2025-10-01,2025,10,powerhouse_consumption_kwh,4890,outlier_check
A3320400526225003_powerhouse_consumption_kwh,A3320400526225003,332040,Igiugig,2025-11-01,2025,11,powerhouse_consumption_kwh,3072,outlier_check
A3320400626225003_fuel_used_gallons,A3320400626225003,332040,Igiugig,2025-12-01,2025,12,fuel_used_gallons,3380,outlier_check
A3320400626225003_powerhouse_consumption_kwh,A3320400626225003,332040,Igiugig,2025-12-01,2025,12,powerhouse_consumption_kwh,4294,outlier_check
A3320400726225003_fuel_used_gallons,A3320400726225003,332040,Igiugig,2026-01-01,2026,1,fuel_used_gallons,3444,outlier_check
A3320400726225003_powerhouse_consumption_kwh,A3320400726225003,332040,Igiugig,2026-01-01,2026,1,powerhouse_consumption_kwh,4340,outlier_check
A3320400826225003_residential_rate,A3320400826225003,332040,Igiugig,2026-02-01,2026,2,residential_rate,90.9,outlier_check
A3320400826225003_powerhouse_consumption_kwh,A3320400826225003,332040,Igiugig,2026-02-01,2026,2,powerhouse_consumption_kwh,2963,outlier_check
A3320400926225003_powerhouse_consumption_kwh,A3320400926225003,332040,Igiugig,2026-03-01,2026,3,powerhouse_consumption_kwh,3452,outlier_check
A3320401026225003_powerhouse_consumption_kwh,A3320401026225003,332040,Igiugig,2026-04-01,2026,4,powerhouse_consumption_kwh,2878,outlier_check
A3320500716225003_fuel_used_gallons,A3320500716225003,332050,"Iliamna, Newhalen, Nondalton",2016-01-01,2016,1,fuel_used_gallons,2114,outlier_check
A3320500716225003_diesel_kwh_generated,A3320500716225003,332050,"Iliamna, Newhalen, Nondalton",2016-01-01,2016,1,diesel_kwh_generated,28707,outlier_check
A3320500517225003_fuel_used_gallons,A3320500517225003,332050,"Iliamna, Newhalen, Nondalton",2016-11-01,2016,11,fuel_used_gallons,1405,outlier_check
A3320500517225003_diesel_kwh_generated,A3320500517225003,332050,"Iliamna, Newhalen, Nondalton",2016-11-01,2016,11,diesel_kwh_generated,19097,outlier_check
A3320500617225003_fuel_used_gallons,A3320500617225003,332050,"Iliamna, Newhalen, Nondalton",2016-12-01,2016,12,fuel_used_gallons,1367,outlier_check
A3320500617225003_diesel_kwh_generated,A3320500617225003,332050,"Iliamna, Newhalen, Nondalton",2016-12-01,2016,12,diesel_kwh_generated,17797,outlier_check
A3320500118225003_fuel_used_gallons,A3320500118225003,332050,"Iliamna, Newhalen, Nondalton",2017-07-01,2017,7,fuel_used_gallons,1063,outlier_check
A3320500118225003_diesel_kwh_generated,A3320500118225003,332050,"Iliamna, Newhalen, Nondalton",2017-07-01,2017,7,diesel_kwh_generated,13910,outlier_check
A3320500218225003_fuel_used_gallons,A3320500218225003,332050,"Iliamna, Newhalen, Nondalton",2017-08-01,2017,8,fuel_used_gallons,921,outlier_check
A3320500218225003_diesel_kwh_generated,A3320500218225003,332050,"Iliamna, Newhalen, Nondalton",2017-08-01,2017,8,diesel_kwh_generated,12150,outlier_check
A3320500918225003_fuel_used_gallons,A3320500918225003,332050,"Iliamna, Newhalen, Nondalton",2018-03-01,2018,3,fuel_used_gallons,3008,outlier_check
A3320500918225003_diesel_kwh_generated,A3320500918225003,332050,"Iliamna, Newhalen, Nondalton",2018-03-01,2018,3,diesel_kwh_generated,39680,outlier_check
A3320501218225003_fuel_used_gallons,A3320501218225003,332050,"Iliamna, Newhalen, Nondalton",2018-06-01,2018,6,fuel_used_gallons,1587,outlier_check
A3320501218225003_diesel_kwh_generated,A3320501218225003,332050,"Iliamna, Newhalen, Nondalton",2018-06-01,2018,6,diesel_kwh_generated,21150,outlier_check
A3320500919225003_fuel_used_gallons,A3320500919225003,332050,"Iliamna, Newhalen, Nondalton",2019-03-01,2019,3,fuel_used_gallons,1545,outlier_check
A3320500919225003_diesel_kwh_generated,A3320500919225003,332050,"Iliamna, Newhalen, Nondalton",2019-03-01,2019,3,diesel_kwh_generated,20780,outlier_check
A3320500320225003_fuel_used_gallons,A3320500320225003,332050,"Iliamna, Newhalen, Nondalton",2019-09-01,2019,9,fuel_used_gallons,2098,outlier_check
A3320500320225003_diesel_kwh_generated,A3320500320225003,332050,"Iliamna, Newhalen, Nondalton",2019-09-01,2019,9,diesel_kwh_generated,27200,outlier_check
A3320500721225003_fuel_used_gallons,A3320500721225003,332050,"Iliamna, Newhalen, Nondalton",2021-01-01,2021,1,fuel_used_gallons,1006,outlier_check
A3320500721225003_diesel_kwh_generated,A3320500721225003,332050,"Iliamna, Newhalen, Nondalton",2021-01-01,2021,1,diesel_kwh_generated,13340,outlier_check
A3320500921225003_fuel_used_gallons,A3320500921225003,332050,"Iliamna, Newhalen, Nondalton",2021-03-01,2021,3,fuel_used_gallons,917,outlier_check
A3320500921225003_diesel_kwh_generated,A3320500921225003,332050,"Iliamna, Newhalen, Nondalton",2021-03-01,2021,3,diesel_kwh_generated,11730,outlier_check
A3320500422225003_fuel_used_gallons,A3320500422225003,332050,"Iliamna, Newhalen, Nondalton",2021-10-01,2021,10,fuel_used_gallons,5705,outlier_check
A3320500422225003_diesel_kwh_generated,A3320500422225003,332050,"Iliamna, Newhalen, Nondalton",2021-10-01,2021,10,diesel_kwh_generated,74610,outlier_check
A3320500522225003_fuel_used_gallons,A3320500522225003,332050,"Iliamna, Newhalen, Nondalton",2021-11-01,2021,11,fuel_used_gallons,2426,outlier_check
A3320500522225003_diesel_kwh_generated,A3320500522225003,332050,"Iliamna, Newhalen, Nondalton",2021-11-01,2021,11,diesel_kwh_generated,31870,outlier_check
A3320500622225003_fuel_used_gallons,A3320500622225003,332050,"Iliamna, Newhalen, Nondalton",2021-12-01,2021,12,fuel_used_gallons,1459,outlier_check
A3320500622225003_diesel_kwh_generated,A3320500622225003,332050,"Iliamna, Newhalen, Nondalton",2021-12-01,2021,12,diesel_kwh_generated,19040,outlier_check
A3320501123225003_peak_consumption_kw,A3320501123225003,332050,"Iliamna, Newhalen, Nondalton",2023-05-01,2023,5,peak_consumption_kw,1275,outlier_check
A3320500224225003_peak_consumption_kw,A3320500224225003,332050,"Iliamna, Newhalen, Nondalton",2023-08-01,2023,8,peak_consumption_kw,1275,outlier_check
A3320500625225003_fuel_used_gallons,A3320500625225003,332050,"Iliamna, Newhalen, Nondalton",2024-12-01,2024,12,fuel_used_gallons,1404,outlier_check
A3320500625225003_diesel_kwh_generated,A3320500625225003,332050,"Iliamna, Newhalen, Nondalton",2024-12-01,2024,12,diesel_kwh_generated,18810,outlier_check
A3320500825225003_fuel_used_gallons,A3320500825225003,332050,"Iliamna, Newhalen, Nondalton",2025-02-01,2025,2,fuel_used_gallons,3306,outlier_check
A3320500825225003_diesel_kwh_generated,A3320500825225003,332050,"Iliamna, Newhalen, Nondalton",2025-02-01,2025,2,diesel_kwh_generated,42278,outlier_check
A3320500426225003_fuel_used_gallons,A3320500426225003,332050,"Iliamna, Newhalen, Nondalton",2025-10-01,2025,10,fuel_used_gallons,9152,outlier_check
A3320500426225003_diesel_kwh_generated,A3320500426225003,332050,"Iliamna, Newhalen, Nondalton",2025-10-01,2025,10,diesel_kwh_generated,114710,outlier_check
A3320500526225003_fuel_used_gallons,A3320500526225003,332050,"Iliamna, Newhalen, Nondalton",2025-11-01,2025,11,fuel_used_gallons,9035,outlier_check
A3320500526225003_diesel_kwh_generated,A3320500526225003,332050,"Iliamna, Newhalen, Nondalton",2025-11-01,2025,11,diesel_kwh_generated,116120,outlier_check
A3320500626225003_fuel_used_gallons,A3320500626225003,332050,"Iliamna, Newhalen, Nondalton",2025-12-01,2025,12,fuel_used_gallons,2181,outlier_check
A3320500626225003_diesel_kwh_generated,A3320500626225003,332050,"Iliamna, Newhalen, Nondalton",2025-12-01,2025,12,diesel_kwh_generated,22210,outlier_check
A3320500626225003_peak_consumption_kw,A3320500626225003,332050,"Iliamna, Newhalen, Nondalton",2025-12-01,2025,12,peak_consumption_kw,1275,outlier_check
A3320500826225003_fuel_used_gallons,A3320500826225003,332050,"Iliamna, Newhalen, Nondalton",2026-02-01,2026,2,fuel_used_gallons,1145,outlier_check
A3320500826225003_diesel_kwh_generated,A3320500826225003,332050,"Iliamna, Newhalen, Nondalton",2026-02-01,2026,2,diesel_kwh_generated,14687,outlier_check
A3320500127225003_peak_consumption_kw,A3320500127225003,332050,"Iliamna, Newhalen, Nondalton",2026-07-01,2026,7,peak_consumption_kw,1275,outlier_check
A3326800716225003_powerhouse_consumption_kwh,A3326800716225003,332680,Kake,2016-01-01,2016,1,powerhouse_consumption_kwh,15400,outlier_check
A3326800621225003_hydro_kwh_generated,A3326800621225003,332680,Kake,2020-12-01,2020,12,hydro_kwh_generated,72577,outlier_check
A3326800621225003_peak_consumption_kw,A3326800621225003,332680,Kake,2020-12-01,2020,12,peak_consumption_kw,737,outlier_check
A3326800721225003_hydro_kwh_generated,A3326800721225003,332680,Kake,2021-01-01,2021,1,hydro_kwh_generated,104461,outlier_check
A3326801021225003_hydro_kwh_generated,A3326801021225003,332680,Kake,2021-04-01,2021,4,hydro_kwh_generated,96614,outlier_check
A3326801121225003_hydro_kwh_generated,A3326801121225003,332680,Kake,2021-05-01,2021,5,hydro_kwh_generated,92848,outlier_check
A3326801221225003_hydro_kwh_generated,A3326801221225003,332680,Kake,2021-06-01,2021,6,hydro_kwh_generated,91868,outlier_check
A3326800322225003_hydro_kwh_generated,A3326800322225003,332680,Kake,2021-09-01,2021,9,hydro_kwh_generated,77213,outlier_check
A3326800422225003_hydro_kwh_generated,A3326800422225003,332680,Kake,2021-10-01,2021,10,hydro_kwh_generated,115558,outlier_check
A3326800522225003_hydro_kwh_generated,A3326800522225003,332680,Kake,2021-11-01,2021,11,hydro_kwh_generated,93606,outlier_check
A3326800622225003_hydro_kwh_generated,A3326800622225003,332680,Kake,2021-12-01,2021,12,hydro_kwh_generated,87043,outlier_check
A3326800622225003_powerhouse_consumption_kwh,A3326800622225003,332680,Kake,2021-12-01,2021,12,powerhouse_consumption_kwh,15511,outlier_check
A3326800722225003_powerhouse_consumption_kwh,A3326800722225003,332680,Kake,2022-01-01,2022,1,powerhouse_consumption_kwh,17573,outlier_check
A3326800822225003_hydro_kwh_generated,A3326800822225003,332680,Kake,2022-02-01,2022,2,hydro_kwh_generated,96006,outlier_check
A3326800822225003_powerhouse_consumption_kwh,A3326800822225003,332680,Kake,2022-02-01,2022,2,powerhouse_consumption_kwh,25902,outlier_check
A3326800922225003_hydro_kwh_generated,A3326800922225003,332680,Kake,2022-03-01,2022,3,hydro_kwh_generated,83714,outlier_check
A3326801022225003_hydro_kwh_generated,A3326801022225003,332680,Kake,2022-04-01,2022,4,hydro_kwh_generated,111721,outlier_check
A3326801022225003_powerhouse_consumption_kwh,A3326801022225003,332680,Kake,2022-04-01,2022,4,powerhouse_consumption_kwh,19439,outlier_check
A3326801122225003_hydro_kwh_generated,A3326801122225003,332680,Kake,2022-05-01,2022,5,hydro_kwh_generated,74736,outlier_check
A3326801122225003_powerhouse_consumption_kwh,A3326801122225003,332680,Kake,2022-05-01,2022,5,powerhouse_consumption_kwh,16242,outlier_check
A3326800323225003_hydro_kwh_generated,A3326800323225003,332680,Kake,2022-09-01,2022,9,hydro_kwh_generated,63553,outlier_check
A3326800423225003_hydro_kwh_generated,A3326800423225003,332680,Kake,2022-10-01,2022,10,hydro_kwh_generated,89079,outlier_check
A3326800523225003_hydro_kwh_generated,A3326800523225003,332680,Kake,2022-11-01,2022,11,hydro_kwh_generated,123399,outlier_check
A3326800623225003_hydro_kwh_generated,A3326800623225003,332680,Kake,2022-12-01,2022,12,hydro_kwh_generated,55063,outlier_check
A3326800623225003_powerhouse_consumption_kwh,A3326800623225003,332680,Kake,2022-12-01,2022,12,powerhouse_consumption_kwh,18661,outlier_check
A3326800723225003_powerhouse_consumption_kwh,A3326800723225003,332680,Kake,2023-01-01,2023,1,powerhouse_consumption_kwh,19196,outlier_check
A3326800823225003_hydro_kwh_generated,A3326800823225003,332680,Kake,2023-02-01,2023,2,hydro_kwh_generated,118009,outlier_check
A3326800823225003_powerhouse_consumption_kwh,A3326800823225003,332680,Kake,2023-02-01,2023,2,powerhouse_consumption_kwh,18285,outlier_check
A3326800923225003_powerhouse_consumption_kwh,A3326800923225003,332680,Kake,2023-03-01,2023,3,powerhouse_consumption_kwh,17470,outlier_check
A3326800923225003_peak_consumption_kw,A3326800923225003,332680,Kake,2023-03-01,2023,3,peak_consumption_kw,718,outlier_check
A3326801023225003_hydro_kwh_generated,A3326801023225003,332680,Kake,2023-04-01,2023,4,hydro_kwh_generated,74356,outlier_check
A3326801023225003_powerhouse_consumption_kwh,A3326801023225003,332680,Kake,2023-04-01,2023,4,powerhouse_consumption_kwh,18999,outlier_check
A3326801123225003_hydro_kwh_generated,A3326801123225003,332680,Kake,2023-05-01,2023,5,hydro_kwh_generated,114331,outlier_check
A3326801123225003_powerhouse_consumption_kwh,A3326801123225003,332680,Kake,2023-05-01,2023,5,powerhouse_consumption_kwh,21343,outlier_check
A3326801223225003_powerhouse_consumption_kwh,A3326801223225003,332680,Kake,2023-06-01,2023,6,powerhouse_consumption_kwh,17115,outlier_check
A3326801223225003_peak_consumption_kw,A3326801223225003,332680,Kake,2023-06-01,2023,6,peak_consumption_kw,688,outlier_check
A3326800324225003_peak_consumption_kw,A3326800324225003,332680,Kake,2023-09-01,2023,9,peak_consumption_kw,712,outlier_check
A3326800424225003_hydro_kwh_generated,A3326800424225003,332680,Kake,2023-10-01,2023,10,hydro_kwh_generated,159767,outlier_check
A3326800524225003_hydro_kwh_generated,A3326800524225003,332680,Kake,2023-11-01,2023,11,hydro_kwh_generated,78556,outlier_check
A3326800624225003_hydro_kwh_generated,A3326800624225003,332680,Kake,2023-12-01,2023,12,hydro_kwh_generated,140896,outlier_check
A3326800724225003_hydro_kwh_generated,A3326800724225003,332680,Kake,2024-01-01,2024,1,hydro_kwh_generated,92549,outlier_check
A3326800824225003_hydro_kwh_generated,A3326800824225003,332680,Kake,2024-02-01,2024,2,hydro_kwh_generated,85842,outlier_check
A3326800824225003_powerhouse_consumption_kwh,A3326800824225003,332680,Kake,2024-02-01,2024,2,powerhouse_consumption_kwh,18739,outlier_check
A3326800924225003_powerhouse_consumption_kwh,A3326800924225003,332680,Kake,2024-03-01,2024,3,powerhouse_consumption_kwh,17366,outlier_check
A3326801024225003_hydro_kwh_generated,A3326801024225003,332680,Kake,2024-04-01,2024,4,hydro_kwh_generated,80605,outlier_check
A3326801024225003_powerhouse_consumption_kwh,A3326801024225003,332680,Kake,2024-04-01,2024,4,powerhouse_consumption_kwh,18594,outlier_check
A3326800425225003_hydro_kwh_generated,A3326800425225003,332680,Kake,2024-10-01,2024,10,hydro_kwh_generated,103822,outlier_check
A3326800525225003_hydro_kwh_generated,A3326800525225003,332680,Kake,2024-11-01,2024,11,hydro_kwh_generated,85096,outlier_check
A3326800525225003_powerhouse_consumption_kwh,A3326800525225003,332680,Kake,2024-11-01,2024,11,powerhouse_consumption_kwh,15963,outlier_check
A3326800625225003_hydro_kwh_generated,A3326800625225003,332680,Kake,2024-12-01,2024,12,hydro_kwh_generated,55826,outlier_check
A3326800625225003_powerhouse_consumption_kwh,A3326800625225003,332680,Kake,2024-12-01,2024,12,powerhouse_consumption_kwh,17153,outlier_check
A3326800725225003_hydro_kwh_generated,A3326800725225003,332680,Kake,2025-01-01,2025,1,hydro_kwh_generated,66647,outlier_check
A3326800725225003_powerhouse_consumption_kwh,A3326800725225003,332680,Kake,2025-01-01,2025,1,powerhouse_consumption_kwh,18748,outlier_check
A3326800825225003_powerhouse_consumption_kwh,A3326800825225003,332680,Kake,2025-02-01,2025,2,powerhouse_consumption_kwh,18986,outlier_check
A3326800825225003_peak_consumption_kw,A3326800825225003,332680,Kake,2025-02-01,2025,2,peak_consumption_kw,697,outlier_check
A3326800925225003_hydro_kwh_generated,A3326800925225003,332680,Kake,2025-03-01,2025,3,hydro_kwh_generated,87982,outlier_check
A3326800925225003_powerhouse_consumption_kwh,A3326800925225003,332680,Kake,2025-03-01,2025,3,powerhouse_consumption_kwh,16961,outlier_check
A3326801025225003_hydro_kwh_generated,A3326801025225003,332680,Kake,2025-04-01,2025,4,hydro_kwh_generated,71590,outlier_check
A3326801025225003_powerhouse_consumption_kwh,A3326801025225003,332680,Kake,2025-04-01,2025,4,powerhouse_consumption_kwh,19099,outlier_check
A3326801125225003_hydro_kwh_generated,A3326801125225003,332680,Kake,2025-05-01,2025,5,hydro_kwh_generated,93444,outlier_check
A3326801125225003_powerhouse_consumption_kwh,A3326801125225003,332680,Kake,2025-05-01,2025,5,powerhouse_consumption_kwh,17807,outlier_check
A3326801225225003_hydro_kwh_generated,A3326801225225003,332680,Kake,2025-06-01,2025,6,hydro_kwh_generated,62973,outlier_check
A3326801225225003_powerhouse_consumption_kwh,A3326801225225003,332680,Kake,2025-06-01,2025,6,powerhouse_consumption_kwh,18960,outlier_check
A3326800126225003_hydro_kwh_generated,A3326800126225003,332680,Kake,2025-07-01,2025,7,hydro_kwh_generated,53389,outlier_check
A3326800426225003_hydro_kwh_generated,A3326800426225003,332680,Kake,2025-10-01,2025,10,hydro_kwh_generated,83641,outlier_check
A3326800526225003_hydro_kwh_generated,A3326800526225003,332680,Kake,2025-11-01,2025,11,hydro_kwh_generated,133409,outlier_check
A3326800626225003_hydro_kwh_generated,A3326800626225003,332680,Kake,2025-12-01,2025,12,hydro_kwh_generated,102330,outlier_check
A3326800726225003_powerhouse_consumption_kwh,A3326800726225003,332680,Kake,2026-01-01,2026,1,powerhouse_consumption_kwh,19389,outlier_check
A3326800826225003_hydro_kwh_generated,A3326800826225003,332680,Kake,2026-02-01,2026,2,hydro_kwh_generated,118605,outlier_check
A3326800826225003_powerhouse_consumption_kwh,A3326800826225003,332680,Kake,2026-02-01,2026,2,powerhouse_consumption_kwh,17801,outlier_check
A3326800926225003_residential_customers,A3326800926225003,332680,Kake,2026-03-01,2026,3,residential_customers,185,outlier_check
A3326801026225003_hydro_kwh_generated,A3326801026225003,332680,Kake,2026-04-01,2026,4,hydro_kwh_generated,70856,outlier_check
A3326801026225003_powerhouse_consumption_kwh,A3326801026225003,332680,Kake,2026-04-01,2026,4,powerhouse_consumption_kwh,27701,outlier_check
A3326801026225003_residential_customers,A3326801026225003,332680,Kake,2026-04-01,2026,4,residential_customers,188,outlier_check
A3326801126225003_hydro_kwh_generated,A3326801126225003,332680,Kake,2026-05-01,2026,5,hydro_kwh_generated,105768,outlier_check
A3323700219225003_powerhouse_consumption_kwh,A3323700219225003,332370,Kaktovik,2018-08-01,2018,8,powerhouse_consumption_kwh,3042,outlier_check
A3323700319225003_diesel_kwh_generated,A3323700319225003,332370,Kaktovik,2018-09-01,2018,9,diesel_kwh_generated,0,outlier_check
A3323700319225003_powerhouse_consumption_kwh,A3323700319225003,332370,Kaktovik,2018-09-01,2018,9,powerhouse_consumption_kwh,0,outlier_check
A3323700919225003_diesel_kwh_generated,A3323700919225003,332370,Kaktovik,2019-03-01,2019,3,diesel_kwh_generated,0,outlier_check
A3323700919225003_powerhouse_consumption_kwh,A3323700919225003,332370,Kaktovik,2019-03-01,2019,3,powerhouse_consumption_kwh,0,outlier_check
A3323700919225003_residential_sold_to,A3323700919225003,332370,Kaktovik,2019-03-01,2019,3,residential_sold_to,122763,outlier_check
A3323700919225003_residential_customers,A3323700919225003,332370,Kaktovik,2019-03-01,2019,3,residential_customers,0,outlier_check
A3323700220225003_diesel_kwh_generated,A3323700220225003,332370,Kaktovik,2019-08-01,2019,8,diesel_kwh_generated,0,outlier_check
A3323700220225003_powerhouse_consumption_kwh,A3323700220225003,332370,Kaktovik,2019-08-01,2019,8,powerhouse_consumption_kwh,0,outlier_check
A3323700421225003_diesel_kwh_generated,A3323700421225003,332370,Kaktovik,2020-10-01,2020,10,diesel_kwh_generated,0,outlier_check
A3323700421225003_powerhouse_consumption_kwh,A3323700421225003,332370,Kaktovik,2020-10-01,2020,10,powerhouse_consumption_kwh,0,outlier_check
A3323700421225003_peak_consumption_kw,A3323700421225003,332370,Kaktovik,2020-10-01,2020,10,peak_consumption_kw,0,outlier_check
A3323700521225003_diesel_kwh_generated,A3323700521225003,332370,Kaktovik,2020-11-01,2020,11,diesel_kwh_generated,0,outlier_check
A3323700521225003_powerhouse_consumption_kwh,A3323700521225003,332370,Kaktovik,2020-11-01,2020,11,powerhouse_consumption_kwh,0,outlier_check
A3323700821225003_diesel_kwh_generated,A3323700821225003,332370,Kaktovik,2021-02-01,2021,2,diesel_kwh_generated,0,outlier_check
A3323700821225003_powerhouse_consumption_kwh,A3323700821225003,332370,Kaktovik,2021-02-01,2021,2,powerhouse_consumption_kwh,0,outlier_check
A3323700625225003_peak_consumption_kw,A3323700625225003,332370,Kaktovik,2024-12-01,2024,12,peak_consumption_kw,21275,outlier_check
A3317200116225003_commercial_sold_to,A3317200116225003,331720,Kalskag,2015-07-01,2015,7,commercial_sold_to,12891,outlier_check
A3317200216225003_commercial_sold_to,A3317200216225003,331720,Kalskag,2015-08-01,2015,8,commercial_sold_to,13797,outlier_check
A3317200316225003_commercial_sold_to,A3317200316225003,331720,Kalskag,2015-09-01,2015,9,commercial_sold_to,14957,outlier_check
A3317200416225003_commercial_sold_to,A3317200416225003,331720,Kalskag,2015-10-01,2015,10,commercial_sold_to,14316,outlier_check
A3317200516225003_commercial_sold_to,A3317200516225003,331720,Kalskag,2015-11-01,2015,11,commercial_sold_to,17269,outlier_check
A3317200616225003_commercial_sold_to,A3317200616225003,331720,Kalskag,2015-12-01,2015,12,commercial_sold_to,18041,outlier_check
A3317200716225003_commercial_sold_to,A3317200716225003,331720,Kalskag,2016-01-01,2016,1,commercial_sold_to,17534,outlier_check
A3317200217225003_residential_customers,A3317200217225003,331720,Kalskag,2016-08-01,2016,8,residential_customers,128,outlier_check
A3317200820225003_powerhouse_consumption_kwh,A3317200820225003,331720,Kalskag,2020-02-01,2020,2,powerhouse_consumption_kwh,6139,outlier_check
A3317200920225003_powerhouse_consumption_kwh,A3317200920225003,331720,Kalskag,2020-03-01,2020,3,powerhouse_consumption_kwh,6328,outlier_check
A3317200923225003_fuel_used_gallons,A3317200923225003,331720,Kalskag,2023-03-01,2023,3,fuel_used_gallons,0,outlier_check
A3317200923225003_diesel_kwh_generated,A3317200923225003,331720,Kalskag,2023-03-01,2023,3,diesel_kwh_generated,0,outlier_check
A3317200923225003_powerhouse_consumption_kwh,A3317200923225003,331720,Kalskag,2023-03-01,2023,3,powerhouse_consumption_kwh,0,outlier_check
A3317200923225003_commercial_sold_to,A3317200923225003,331720,Kalskag,2023-03-01,2023,3,commercial_sold_to,0,outlier_check
A3317201223225003_fuel_used_gallons,A3317201223225003,331720,Kalskag,2023-06-01,2023,6,fuel_used_gallons,0,outlier_check
A3317201125225003_fuel_used_gallons,A3317201125225003,331720,Kalskag,2025-05-01,2025,5,fuel_used_gallons,0,outlier_check
A3317200526225003_commercial_sold_to,A3317200526225003,331720,Kalskag,2025-11-01,2025,11,commercial_sold_to,15729,outlier_check
A3317200626225003_commercial_sold_to,A3317200626225003,331720,Kalskag,2025-12-01,2025,12,commercial_sold_to,16307,outlier_check
A3317200726225003_commercial_sold_to,A3317200726225003,331720,Kalskag,2026-01-01,2026,1,commercial_sold_to,20315,outlier_check
A3317200826225003_commercial_sold_to,A3317200826225003,331720,Kalskag,2026-02-01,2026,2,commercial_sold_to,14461,outlier_check
A3317200926225003_commercial_sold_to,A3317200926225003,331720,Kalskag,2026-03-01,2026,3,commercial_sold_to,16195,outlier_check
A3317201026225003_commercial_sold_to,A3317201026225003,331720,Kalskag,2026-04-01,2026,4,commercial_sold_to,13307,outlier_check
A3317201126225003_residential_sold_to,A3317201126225003,331720,Kalskag,2026-05-01,2026,5,residential_sold_to,0,outlier_check
A3317201126225003_commercial_sold_to,A3317201126225003,331720,Kalskag,2026-05-01,2026,5,commercial_sold_to,0,outlier_check
A3313800316225003_com_facil_sold_to,A3313800316225003,331380,Kaltag,2015-09-01,2015,9,com_facil_sold_to,2595,outlier_check
A3313800416225003_com_facil_sold_to,A3313800416225003,331380,Kaltag,2015-10-01,2015,10,com_facil_sold_to,2335,outlier_check
A3313800616225003_fuel_used_gallons,A3313800616225003,331380,Kaltag,2015-12-01,2015,12,fuel_used_gallons,1239,outlier_check
A3313800617225003_fuel_used_gallons,A3313800617225003,331380,Kaltag,2016-12-01,2016,12,fuel_used_gallons,1790,outlier_check
A3313801217225003_commercial_sold_to,A3313801217225003,331380,Kaltag,2017-06-01,2017,6,commercial_sold_to,11135,outlier_check
A3313800118225003_fuel_used_gallons,A3313800118225003,331380,Kaltag,2017-07-01,2017,7,fuel_used_gallons,7005,outlier_check
A3313800118225003_commercial_sold_to,A3313800118225003,331380,Kaltag,2017-07-01,2017,7,commercial_sold_to,37699,outlier_check
A3313800218225003_commercial_sold_to,A3313800218225003,331380,Kaltag,2017-08-01,2017,8,commercial_sold_to,14560,outlier_check
A3313800618225003_fuel_used_gallons,A3313800618225003,331380,Kaltag,2017-12-01,2017,12,fuel_used_gallons,-739,outlier_check
A3313800119225003_fuel_used_gallons,A3313800119225003,331380,Kaltag,2018-07-01,2018,7,fuel_used_gallons,8006,outlier_check
A3313800119225003_diesel_kwh_generated,A3313800119225003,331380,Kaltag,2018-07-01,2018,7,diesel_kwh_generated,102642,outlier_check
A3313800119225003_commercial_sold_to,A3313800119225003,331380,Kaltag,2018-07-01,2018,7,commercial_sold_to,49648,outlier_check
A3313800620225003_fuel_used_gallons,A3313800620225003,331380,Kaltag,2019-12-01,2019,12,fuel_used_gallons,318,outlier_check
A3313800621225003_fuel_used_gallons,A3313800621225003,331380,Kaltag,2020-12-01,2020,12,fuel_used_gallons,1312,outlier_check
A3313800323225003_commercial_sold_to,A3313800323225003,331380,Kaltag,2022-09-01,2022,9,commercial_sold_to,12050,outlier_check
A3313800423225003_commercial_sold_to,A3313800423225003,331380,Kaltag,2022-10-01,2022,10,commercial_sold_to,17008,outlier_check
A3313800523225003_commercial_sold_to,A3313800523225003,331380,Kaltag,2022-11-01,2022,11,commercial_sold_to,14486,outlier_check
A3313800623225003_fuel_used_gallons,A3313800623225003,331380,Kaltag,2022-12-01,2022,12,fuel_used_gallons,-3183,outlier_check
A3313800823225003_fuel_used_gallons,A3313800823225003,331380,Kaltag,2023-02-01,2023,2,fuel_used_gallons,1907,outlier_check
A3313801223225003_fuel_used_gallons,A3313801223225003,331380,Kaltag,2023-06-01,2023,6,fuel_used_gallons,0,outlier_check
A3313801125225003_fuel_used_gallons,A3313801125225003,331380,Kaltag,2025-05-01,2025,5,fuel_used_gallons,0,outlier_check
A3313801126225003_residential_sold_to,A3313801126225003,331380,Kaltag,2026-05-01,2026,5,residential_sold_to,0,outlier_check
A3313801126225003_com_facil_sold_to,A3313801126225003,331380,Kaltag,2026-05-01,2026,5,com_facil_sold_to,0,outlier_check
A3313801126225003_govt_facil_sold_to,A3313801126225003,331380,Kaltag,2026-05-01,2026,5,govt_facil_sold_to,0,outlier_check
A3317400218225003_powerhouse_consumption_kwh,A3317400218225003,331740,Karluk,2017-08-01,2017,8,powerhouse_consumption_kwh,584,outlier_check
A3317400621225003_com_facil_sold_to,A3317400621225003,331740,Karluk,2020-12-01,2020,12,com_facil_sold_to,4658,outlier_check
A3317400921225003_com_facil_sold_to,A3317400921225003,331740,Karluk,2021-03-01,2021,3,com_facil_sold_to,4652,outlier_check
A3317400622225003_com_facil_sold_to,A3317400622225003,331740,Karluk,2021-12-01,2021,12,com_facil_sold_to,5417,outlier_check
A3317400724225003_powerhouse_consumption_kwh,A3317400724225003,331740,Karluk,2024-01-01,2024,1,powerhouse_consumption_kwh,606,outlier_check
A3317400824225003_powerhouse_consumption_kwh,A3317400824225003,331740,Karluk,2024-02-01,2024,2,powerhouse_consumption_kwh,598,outlier_check
A3317400924225003_powerhouse_consumption_kwh,A3317400924225003,331740,Karluk,2024-03-01,2024,3,powerhouse_consumption_kwh,1242,outlier_check
A3317400126225003_powerhouse_consumption_kwh,A3317400126225003,331740,Karluk,2025-07-01,2025,7,powerhouse_consumption_kwh,607,outlier_check
A3317400226225003_powerhouse_consumption_kwh,A3317400226225003,331740,Karluk,2025-08-01,2025,8,powerhouse_consumption_kwh,522,outlier_check
A3317400426225003_powerhouse_consumption_kwh,A3317400426225003,331740,Karluk,2025-10-01,2025,10,powerhouse_consumption_kwh,550,outlier_check
A3317400526225003_powerhouse_consumption_kwh,A3317400526225003,331740,Karluk,2025-11-01,2025,11,powerhouse_consumption_kwh,497,outlier_check
A3313900716225003_wind_kwh_generated,A3313900716225003,331390,Kasigluk,2016-01-01,2016,1,wind_kwh_generated,104977,outlier_check
A3313900217225003_residential_customers,A3313900217225003,331390,Kasigluk,2016-08-01,2016,8,residential_customers,228,outlier_check
A3313900623225003_fuel_used_gallons,A3313900623225003,331390,Kasigluk,2022-12-01,2022,12,fuel_used_gallons,1407,outlier_check
A3313901125225003_fuel_used_gallons,A3313901125225003,331390,Kasigluk,2025-05-01,2025,5,fuel_used_gallons,0,outlier_check
A3313900426225003_diesel_kwh_generated,A3313900426225003,331390,Kasigluk,2025-10-01,2025,10,diesel_kwh_generated,27338,outlier_check
A3313901126225003_residential_sold_to,A3313901126225003,331390,Kasigluk,2026-05-01,2026,5,residential_sold_to,0,outlier_check
A3314000618225003_fuel_used_gallons,A3314000618225003,331400,Kiana,2017-12-01,2017,12,fuel_used_gallons,-2304,outlier_check
A3314000622225003_fuel_used_gallons,A3314000622225003,331400,Kiana,2021-12-01,2021,12,fuel_used_gallons,28079,outlier_check
A3314000623225003_fuel_used_gallons,A3314000623225003,331400,Kiana,2022-12-01,2022,12,fuel_used_gallons,-12847,outlier_check
A3314000526225003_commercial_sold_to,A3314000526225003,331400,Kiana,2025-11-01,2025,11,commercial_sold_to,29123,outlier_check
A3314000626225003_commercial_sold_to,A3314000626225003,331400,Kiana,2025-12-01,2025,12,commercial_sold_to,31319,outlier_check
A3314000726225003_commercial_sold_to,A3314000726225003,331400,Kiana,2026-01-01,2026,1,commercial_sold_to,32812,outlier_check
A3314000826225003_commercial_sold_to,A3314000826225003,331400,Kiana,2026-02-01,2026,2,commercial_sold_to,31091,outlier_check
A3314000926225003_commercial_sold_to,A3314000926225003,331400,Kiana,2026-03-01,2026,3,commercial_sold_to,31557,outlier_check
A3314001126225003_commercial_sold_to,A3314001126225003,331400,Kiana,2026-05-01,2026,5,commercial_sold_to,0,outlier_check
A3320700218225003_powerhouse_consumption_kwh,A3320700218225003,332070,King Cove,2017-08-01,2017,8,powerhouse_consumption_kwh,21547,outlier_check
A3320700318225003_com_facil_sold_to,A3320700318225003,332070,King Cove,2017-09-01,2017,9,com_facil_sold_to,205473,outlier_check
A3320700126225003_commercial_customers,A3320700126225003,332070,King Cove,2025-07-01,2025,7,commercial_customers,121,outlier_check
A3320700226225003_commercial_customers,A3320700226225003,332070,King Cove,2025-08-01,2025,8,commercial_customers,121,outlier_check
A3320700326225003_commercial_customers,A3320700326225003,332070,King Cove,2025-09-01,2025,9,commercial_customers,121,outlier_check
A3320700426225003_commercial_customers,A3320700426225003,332070,King Cove,2025-10-01,2025,10,commercial_customers,121,outlier_check
A3320700526225003_commercial_customers,A3320700526225003,332070,King Cove,2025-11-01,2025,11,commercial_customers,121,outlier_check
A3320700626225003_commercial_customers,A3320700626225003,332070,King Cove,2025-12-01,2025,12,commercial_customers,123,outlier_check
A3320700726225003_commercial_customers,A3320700726225003,332070,King Cove,2026-01-01,2026,1,commercial_customers,123,outlier_check
A3320700826225003_commercial_customers,A3320700826225003,332070,King Cove,2026-02-01,2026,2,commercial_customers,123,outlier_check
A3320700926225003_commercial_customers,A3320700926225003,332070,King Cove,2026-03-01,2026,3,commercial_customers,123,outlier_check
A3320701026225003_commercial_customers,A3320701026225003,332070,King Cove,2026-04-01,2026,4,commercial_customers,123,outlier_check
A3320701126225003_commercial_customers,A3320701126225003,332070,King Cove,2026-05-01,2026,5,commercial_customers,147,outlier_check
A3320800516225003_unbilled_customers,A3320800516225003,332080,Kipnuk,2015-11-01,2015,11,unbilled_customers,64,outlier_check
A3320800616225003_unbilled_sold_to,A3320800616225003,332080,Kipnuk,2015-12-01,2015,12,unbilled_sold_to,12795,outlier_check
A3320800616225003_unbilled_customers,A3320800616225003,332080,Kipnuk,2015-12-01,2015,12,unbilled_customers,64,outlier_check
A3320800716225003_unbilled_sold_to,A3320800716225003,332080,Kipnuk,2016-01-01,2016,1,unbilled_sold_to,12457,outlier_check
A3320800716225003_unbilled_customers,A3320800716225003,332080,Kipnuk,2016-01-01,2016,1,unbilled_customers,64,outlier_check
A3320800816225003_unbilled_customers,A3320800816225003,332080,Kipnuk,2016-02-01,2016,2,unbilled_customers,64,outlier_check
A3320800916225003_unbilled_sold_to,A3320800916225003,332080,Kipnuk,2016-03-01,2016,3,unbilled_sold_to,12276,outlier_check
A3320800916225003_unbilled_customers,A3320800916225003,332080,Kipnuk,2016-03-01,2016,3,unbilled_customers,64,outlier_check
A3320801016225003_unbilled_customers,A3320801016225003,332080,Kipnuk,2016-04-01,2016,4,unbilled_customers,65,outlier_check
A3320801116225003_unbilled_customers,A3320801116225003,332080,Kipnuk,2016-05-01,2016,5,unbilled_customers,66,outlier_check
A3320801216225003_unbilled_customers,A3320801216225003,332080,Kipnuk,2016-06-01,2016,6,unbilled_customers,66,outlier_check
A3320800117225003_unbilled_customers,A3320800117225003,332080,Kipnuk,2016-07-01,2016,7,unbilled_customers,64,outlier_check
A3320800217225003_unbilled_customers,A3320800217225003,332080,Kipnuk,2016-08-01,2016,8,unbilled_customers,64,outlier_check
A3320800317225003_unbilled_customers,A3320800317225003,332080,Kipnuk,2016-09-01,2016,9,unbilled_customers,64,outlier_check
A3320800417225003_unbilled_customers,A3320800417225003,332080,Kipnuk,2016-10-01,2016,10,unbilled_customers,65,outlier_check
A3320800517225003_unbilled_customers,A3320800517225003,332080,Kipnuk,2016-11-01,2016,11,unbilled_customers,65,outlier_check
A3320800817225003_unbilled_sold_to,A3320800817225003,332080,Kipnuk,2017-02-01,2017,2,unbilled_sold_to,14927,outlier_check
A3320800917225003_unbilled_sold_to,A3320800917225003,332080,Kipnuk,2017-03-01,2017,3,unbilled_sold_to,12451,outlier_check
A3320800118225003_unbilled_sold_to,A3320800118225003,332080,Kipnuk,2017-07-01,2017,7,unbilled_sold_to,12881,outlier_check
A3320800218225003_unbilled_sold_to,A3320800218225003,332080,Kipnuk,2017-08-01,2017,8,unbilled_sold_to,15832,outlier_check
A3320800718225003_unbilled_sold_to,A3320800718225003,332080,Kipnuk,2018-01-01,2018,1,unbilled_sold_to,12530,outlier_check
A3320801018225003_unbilled_sold_to,A3320801018225003,332080,Kipnuk,2018-04-01,2018,4,unbilled_sold_to,13974,outlier_check
A3320800219225003_fuel_used_gallons,A3320800219225003,332080,Kipnuk,2018-08-01,2018,8,fuel_used_gallons,0,outlier_check
A3320800219225003_diesel_kwh_generated,A3320800219225003,332080,Kipnuk,2018-08-01,2018,8,diesel_kwh_generated,0,outlier_check
A3320800319225003_fuel_used_gallons,A3320800319225003,332080,Kipnuk,2018-09-01,2018,9,fuel_used_gallons,0,outlier_check
A3320800319225003_diesel_kwh_generated,A3320800319225003,332080,Kipnuk,2018-09-01,2018,9,diesel_kwh_generated,0,outlier_check
A3320800419225003_fuel_used_gallons,A3320800419225003,332080,Kipnuk,2018-10-01,2018,10,fuel_used_gallons,0,outlier_check
A3320800519225003_fuel_used_gallons,A3320800519225003,332080,Kipnuk,2018-11-01,2018,11,fuel_used_gallons,0,outlier_check
A3320800619225003_fuel_used_gallons,A3320800619225003,332080,Kipnuk,2018-12-01,2018,12,fuel_used_gallons,0,outlier_check
A3320800619225003_com_facil_sold_to,A3320800619225003,332080,Kipnuk,2018-12-01,2018,12,com_facil_sold_to,62709,outlier_check
A3320800719225003_unbilled_customers,A3320800719225003,332080,Kipnuk,2019-01-01,2019,1,unbilled_customers,81,outlier_check
A3320800819225003_unbilled_customers,A3320800819225003,332080,Kipnuk,2019-02-01,2019,2,unbilled_customers,81,outlier_check
A3320800919225003_com_facil_sold_to,A3320800919225003,332080,Kipnuk,2019-03-01,2019,3,com_facil_sold_to,47766,outlier_check
A3320800120225003_diesel_kwh_generated,A3320800120225003,332080,Kipnuk,2019-07-01,2019,7,diesel_kwh_generated,0,outlier_check
A3320800220225003_diesel_kwh_generated,A3320800220225003,332080,Kipnuk,2019-08-01,2019,8,diesel_kwh_generated,0,outlier_check
A3320800521225003_powerhouse_consumption_kwh,A3320800521225003,332080,Kipnuk,2020-11-01,2020,11,powerhouse_consumption_kwh,17158,outlier_check
A3320800621225003_powerhouse_consumption_kwh,A3320800621225003,332080,Kipnuk,2020-12-01,2020,12,powerhouse_consumption_kwh,17501,outlier_check
A3320800922225003_commercial_sold_to,A3320800922225003,332080,Kipnuk,2022-03-01,2022,3,commercial_sold_to,109475,outlier_check
A3320800423225003_powerhouse_consumption_kwh,A3320800423225003,332080,Kipnuk,2022-10-01,2022,10,powerhouse_consumption_kwh,18982,outlier_check
A3320800623225003_unbilled_sold_to,A3320800623225003,332080,Kipnuk,2022-12-01,2022,12,unbilled_sold_to,26182,outlier_check
A3320800923225003_powerhouse_consumption_kwh,A3320800923225003,332080,Kipnuk,2023-03-01,2023,3,powerhouse_consumption_kwh,25970,outlier_check
A3320800525225003_powerhouse_consumption_kwh,A3320800525225003,332080,Kipnuk,2024-11-01,2024,11,powerhouse_consumption_kwh,30391,outlier_check
A3320800625225003_com_facil_sold_to,A3320800625225003,332080,Kipnuk,2024-12-01,2024,12,com_facil_sold_to,67263,outlier_check
A3320800725225003_residential_sold_to,A3320800725225003,332080,Kipnuk,2025-01-01,2025,1,residential_sold_to,121402,outlier_check
A3320800326225003_fuel_used_gallons,A3320800326225003,332080,Kipnuk,2025-09-01,2025,9,fuel_used_gallons,19514,outlier_check
A3314100616225003_fuel_used_gallons,A3314100616225003,331410,Kivalina,2015-12-01,2015,12,fuel_used_gallons,-2083,outlier_check
A3314100217225003_residential_customers,A3314100217225003,331410,Kivalina,2016-08-01,2016,8,residential_customers,186,outlier_check
A3314100417225003_residential_customers,A3314100417225003,331410,Kivalina,2016-10-01,2016,10,residential_customers,185,outlier_check
A3314100517225003_residential_customers,A3314100517225003,331410,Kivalina,2016-11-01,2016,11,residential_customers,186,outlier_check
A3314100617225003_fuel_used_gallons,A3314100617225003,331410,Kivalina,2016-12-01,2016,12,fuel_used_gallons,-1138,outlier_check
A3314100717225003_residential_customers,A3314100717225003,331410,Kivalina,2017-01-01,2017,1,residential_customers,183,outlier_check
A3314100817225003_residential_customers,A3314100817225003,331410,Kivalina,2017-02-01,2017,2,residential_customers,181,outlier_check
A3314100819225003_commercial_sold_to,A3314100819225003,331410,Kivalina,2019-02-01,2019,2,commercial_sold_to,73408,outlier_check
A3314100919225003_commercial_sold_to,A3314100919225003,331410,Kivalina,2019-03-01,2019,3,commercial_sold_to,73139,outlier_check
A3314101019225003_commercial_sold_to,A3314101019225003,331410,Kivalina,2019-04-01,2019,4,commercial_sold_to,42273,outlier_check
A3314100320225003_commercial_sold_to,A3314100320225003,331410,Kivalina,2019-09-01,2019,9,commercial_sold_to,44431,outlier_check
A3314100420225003_commercial_sold_to,A3314100420225003,331410,Kivalina,2019-10-01,2019,10,commercial_sold_to,45644,outlier_check
A3314100720225003_commercial_sold_to,A3314100720225003,331410,Kivalina,2020-01-01,2020,1,commercial_sold_to,61792,outlier_check
A3314100820225003_commercial_sold_to,A3314100820225003,331410,Kivalina,2020-02-01,2020,2,commercial_sold_to,91083,outlier_check
A3314100920225003_commercial_sold_to,A3314100920225003,331410,Kivalina,2020-03-01,2020,3,commercial_sold_to,79125,outlier_check
A3314101220225003_commercial_sold_to,A3314101220225003,331410,Kivalina,2020-06-01,2020,6,commercial_sold_to,42524,outlier_check
A3314100121225003_commercial_sold_to,A3314100121225003,331410,Kivalina,2020-07-01,2020,7,commercial_sold_to,35985,outlier_check
A3314100221225003_commercial_sold_to,A3314100221225003,331410,Kivalina,2020-08-01,2020,8,commercial_sold_to,37347,outlier_check
A3314100321225003_commercial_sold_to,A3314100321225003,331410,Kivalina,2020-09-01,2020,9,commercial_sold_to,49493,outlier_check
A3314100421225003_commercial_sold_to,A3314100421225003,331410,Kivalina,2020-10-01,2020,10,commercial_sold_to,56404,outlier_check
A3314100721225003_commercial_sold_to,A3314100721225003,331410,Kivalina,2021-01-01,2021,1,commercial_sold_to,34178,outlier_check
A3314100821225003_commercial_sold_to,A3314100821225003,331410,Kivalina,2021-02-01,2021,2,commercial_sold_to,84675,outlier_check
A3314100921225003_commercial_sold_to,A3314100921225003,331410,Kivalina,2021-03-01,2021,3,commercial_sold_to,64256,outlier_check
A3314101021225003_commercial_sold_to,A3314101021225003,331410,Kivalina,2021-04-01,2021,4,commercial_sold_to,58254,outlier_check
A3314101121225003_commercial_sold_to,A3314101121225003,331410,Kivalina,2021-05-01,2021,5,commercial_sold_to,71309,outlier_check
A3314100422225003_commercial_sold_to,A3314100422225003,331410,Kivalina,2021-10-01,2021,10,commercial_sold_to,58052,outlier_check
A3314100522225003_commercial_sold_to,A3314100522225003,331410,Kivalina,2021-11-01,2021,11,commercial_sold_to,77708,outlier_check
A3314100622225003_commercial_sold_to,A3314100622225003,331410,Kivalina,2021-12-01,2021,12,commercial_sold_to,63186,outlier_check
A3314100722225003_commercial_sold_to,A3314100722225003,331410,Kivalina,2022-01-01,2022,1,commercial_sold_to,80201,outlier_check
A3314100822225003_commercial_sold_to,A3314100822225003,331410,Kivalina,2022-02-01,2022,2,commercial_sold_to,68512,outlier_check
A3314100922225003_commercial_sold_to,A3314100922225003,331410,Kivalina,2022-03-01,2022,3,commercial_sold_to,58346,outlier_check
A3314101022225003_commercial_sold_to,A3314101022225003,331410,Kivalina,2022-04-01,2022,4,commercial_sold_to,60408,outlier_check
A3314101122225003_commercial_sold_to,A3314101122225003,331410,Kivalina,2022-05-01,2022,5,commercial_sold_to,57630,outlier_check
A3314101222225003_commercial_sold_to,A3314101222225003,331410,Kivalina,2022-06-01,2022,6,commercial_sold_to,43298,outlier_check
A3314100123225003_commercial_sold_to,A3314100123225003,331410,Kivalina,2022-07-01,2022,7,commercial_sold_to,35648,outlier_check
A3314100223225003_commercial_sold_to,A3314100223225003,331410,Kivalina,2022-08-01,2022,8,commercial_sold_to,41002,outlier_check
A3314100323225003_commercial_sold_to,A3314100323225003,331410,Kivalina,2022-09-01,2022,9,commercial_sold_to,41059,outlier_check
A3314100423225003_commercial_sold_to,A3314100423225003,331410,Kivalina,2022-10-01,2022,10,commercial_sold_to,48228,outlier_check
A3314100523225003_commercial_sold_to,A3314100523225003,331410,Kivalina,2022-11-01,2022,11,commercial_sold_to,53599,outlier_check
A3314100523225003_com_facil_sold_to,A3314100523225003,331410,Kivalina,2022-11-01,2022,11,com_facil_sold_to,55651,outlier_check
A3314100623225003_commercial_sold_to,A3314100623225003,331410,Kivalina,2022-12-01,2022,12,commercial_sold_to,60878,outlier_check
A3314100623225003_com_facil_sold_to,A3314100623225003,331410,Kivalina,2022-12-01,2022,12,com_facil_sold_to,59102,outlier_check
A3314100723225003_commercial_sold_to,A3314100723225003,331410,Kivalina,2023-01-01,2023,1,commercial_sold_to,68131,outlier_check
A3314100723225003_com_facil_sold_to,A3314100723225003,331410,Kivalina,2023-01-01,2023,1,com_facil_sold_to,65560,outlier_check
A3314100823225003_commercial_sold_to,A3314100823225003,331410,Kivalina,2023-02-01,2023,2,commercial_sold_to,36711,outlier_check
A3314100823225003_com_facil_sold_to,A3314100823225003,331410,Kivalina,2023-02-01,2023,2,com_facil_sold_to,65157,outlier_check
A3314100923225003_com_facil_sold_to,A3314100923225003,331410,Kivalina,2023-03-01,2023,3,com_facil_sold_to,66166,outlier_check
A3314101023225003_com_facil_sold_to,A3314101023225003,331410,Kivalina,2023-04-01,2023,4,com_facil_sold_to,65814,outlier_check
A3314101123225003_com_facil_sold_to,A3314101123225003,331410,Kivalina,2023-05-01,2023,5,com_facil_sold_to,64708,outlier_check
A3314100324225003_com_facil_sold_to,A3314100324225003,331410,Kivalina,2023-09-01,2023,9,com_facil_sold_to,52844,outlier_check
A3314100424225003_com_facil_sold_to,A3314100424225003,331410,Kivalina,2023-10-01,2023,10,com_facil_sold_to,63159,outlier_check
A3314100524225003_com_facil_sold_to,A3314100524225003,331410,Kivalina,2023-11-01,2023,11,com_facil_sold_to,62385,outlier_check
A3314100624225003_com_facil_sold_to,A3314100624225003,331410,Kivalina,2023-12-01,2023,12,com_facil_sold_to,64414,outlier_check
A3314100724225003_com_facil_sold_to,A3314100724225003,331410,Kivalina,2024-01-01,2024,1,com_facil_sold_to,68788,outlier_check
A3314100824225003_com_facil_sold_to,A3314100824225003,331410,Kivalina,2024-02-01,2024,2,com_facil_sold_to,61932,outlier_check
A3314100924225003_com_facil_sold_to,A3314100924225003,331410,Kivalina,2024-03-01,2024,3,com_facil_sold_to,70514,outlier_check
A3314101024225003_com_facil_sold_to,A3314101024225003,331410,Kivalina,2024-04-01,2024,4,com_facil_sold_to,69202,outlier_check
A3314101124225003_com_facil_sold_to,A3314101124225003,331410,Kivalina,2024-05-01,2024,5,com_facil_sold_to,65454,outlier_check
A3314100325225003_com_facil_sold_to,A3314100325225003,331410,Kivalina,2024-09-01,2024,9,com_facil_sold_to,56406,outlier_check
A3314100425225003_com_facil_sold_to,A3314100425225003,331410,Kivalina,2024-10-01,2024,10,com_facil_sold_to,60909,outlier_check
A3314100525225003_com_facil_sold_to,A3314100525225003,331410,Kivalina,2024-11-01,2024,11,com_facil_sold_to,57602,outlier_check
A3314100726225003_residential_sold_to,A3314100726225003,331410,Kivalina,2026-01-01,2026,1,residential_sold_to,90324,outlier_check
A3314100726225003_commercial_sold_to,A3314100726225003,331410,Kivalina,2026-01-01,2026,1,commercial_sold_to,32812,outlier_check
A3314101126225003_residential_sold_to,A3314101126225003,331410,Kivalina,2026-05-01,2026,5,residential_sold_to,0,outlier_check
A3311550719225003_commercial_sold_to,A3311550719225003,331155,Klawock,2019-01-01,2019,1,commercial_sold_to,266989,outlier_check
A3311550720225003_commercial_sold_to,A3311550720225003,331155,Klawock,2020-01-01,2020,1,commercial_sold_to,256177,outlier_check
A3311550823225003_powerhouse_consumption_kwh,A3311550823225003,331155,Klawock,2023-02-01,2023,2,powerhouse_consumption_kwh,19977,outlier_check
A3311550726225003_powerhouse_consumption_kwh,A3311550726225003,331155,Klawock,2026-01-01,2026,1,powerhouse_consumption_kwh,19524,outlier_check
A3311550726225003_residential_customers,A3311550726225003,331155,Klawock,2026-01-01,2026,1,residential_customers,348,outlier_check
A3311550826225003_residential_customers,A3311550826225003,331155,Klawock,2026-02-01,2026,2,residential_customers,344,outlier_check
A3311551026225003_powerhouse_consumption_kwh,A3311551026225003,331155,Klawock,2026-04-01,2026,4,powerhouse_consumption_kwh,19420,outlier_check
A3327000123225003_diesel_kwh_generated,A3327000123225003,332700,Klukwan,2022-07-01,2022,7,diesel_kwh_generated,32392,outlier_check
A3327000223225003_diesel_kwh_generated,A3327000223225003,332700,Klukwan,2022-08-01,2022,8,diesel_kwh_generated,29323,outlier_check
A3327000323225003_diesel_kwh_generated,A3327000323225003,332700,Klukwan,2022-09-01,2022,9,diesel_kwh_generated,33178,outlier_check
A3327000423225003_diesel_kwh_generated,A3327000423225003,332700,Klukwan,2022-10-01,2022,10,diesel_kwh_generated,32312,outlier_check
A3327000523225003_diesel_kwh_generated,A3327000523225003,332700,Klukwan,2022-11-01,2022,11,diesel_kwh_generated,32964,outlier_check
A3327000623225003_diesel_kwh_generated,A3327000623225003,332700,Klukwan,2022-12-01,2022,12,diesel_kwh_generated,43054,outlier_check
A3327000623225003_commercial_sold_to,A3327000623225003,332700,Klukwan,2022-12-01,2022,12,commercial_sold_to,15306,outlier_check
A3320900516225003_commercial_sold_to,A3320900516225003,332090,Kobuk,2015-11-01,2015,11,commercial_sold_to,12273,outlier_check
A3320900616225003_commercial_sold_to,A3320900616225003,332090,Kobuk,2015-12-01,2015,12,commercial_sold_to,14685,outlier_check
A3320900716225003_commercial_sold_to,A3320900716225003,332090,Kobuk,2016-01-01,2016,1,commercial_sold_to,14738,outlier_check
A3320900417225003_residential_customers,A3320900417225003,332090,Kobuk,2016-10-01,2016,10,residential_customers,187,outlier_check
A3320900517225003_residential_customers,A3320900517225003,332090,Kobuk,2016-11-01,2016,11,residential_customers,186,outlier_check
A3320900717225003_residential_customers,A3320900717225003,332090,Kobuk,2017-01-01,2017,1,residential_customers,188,outlier_check
A3320900817225003_residential_customers,A3320900817225003,332090,Kobuk,2017-02-01,2017,2,residential_customers,188,outlier_check
A3320900724225003_commercial_sold_to,A3320900724225003,332090,Kobuk,2024-01-01,2024,1,commercial_sold_to,3186,outlier_check
A3320900824225003_commercial_sold_to,A3320900824225003,332090,Kobuk,2024-02-01,2024,2,commercial_sold_to,15718,outlier_check
A3320900526225003_diesel_kwh_generated,A3320900526225003,332090,Kobuk,2025-11-01,2025,11,diesel_kwh_generated,159295,outlier_check
A3320900626225003_commercial_sold_to,A3320900626225003,332090,Kobuk,2025-12-01,2025,12,commercial_sold_to,12100,outlier_check
A3320900726225003_commercial_sold_to,A3320900726225003,332090,Kobuk,2026-01-01,2026,1,commercial_sold_to,14084,outlier_check
A3320900826225003_commercial_sold_to,A3320900826225003,332090,Kobuk,2026-02-01,2026,2,commercial_sold_to,12264,outlier_check
A3320900926225003_commercial_sold_to,A3320900926225003,332090,Kobuk,2026-03-01,2026,3,commercial_sold_to,13193,outlier_check
A3320901026225003_commercial_sold_to,A3320901026225003,332090,Kobuk,2026-04-01,2026,4,commercial_sold_to,11591,outlier_check
A3320901126225003_commercial_sold_to,A3320901126225003,332090,Kobuk,2026-05-01,2026,5,commercial_sold_to,0,outlier_check
A3321000616225003_unbilled_sold_to,A3321000616225003,332100,Kokhanok,2015-12-01,2015,12,unbilled_sold_to,800,outlier_check
A3321000716225003_com_facil_sold_to,A3321000716225003,332100,Kokhanok,2016-01-01,2016,1,com_facil_sold_to,16312,outlier_check
A3321000322225003_fuel_used_gallons,A3321000322225003,332100,Kokhanok,2021-09-01,2021,9,fuel_used_gallons,8526,outlier_check
A3321000322225003_residential_sold_to,A3321000322225003,332100,Kokhanok,2021-09-01,2021,9,residential_sold_to,39440,outlier_check
A3321000523225003_commercial_sold_to,A3321000523225003,332100,Kokhanok,2022-11-01,2022,11,commercial_sold_to,19893,outlier_check
A3321000524225003_fuel_used_gallons,A3321000524225003,332100,Kokhanok,2023-11-01,2023,11,fuel_used_gallons,7051,outlier_check
A3321000624225003_fuel_used_gallons,A3321000624225003,332100,Kokhanok,2023-12-01,2023,12,fuel_used_gallons,140,outlier_check
A3321000724225003_fuel_used_gallons,A3321000724225003,332100,Kokhanok,2024-01-01,2024,1,fuel_used_gallons,56680,outlier_check
A3321000724225003_unbilled_sold_to,A3321000724225003,332100,Kokhanok,2024-01-01,2024,1,unbilled_sold_to,6389,outlier_check
A3321000824225003_fuel_used_gallons,A3321000824225003,332100,Kokhanok,2024-02-01,2024,2,fuel_used_gallons,51087,outlier_check
A3321000824225003_residential_sold_to,A3321000824225003,332100,Kokhanok,2024-02-01,2024,2,residential_sold_to,41086,outlier_check
A3321001024225003_fuel_used_gallons,A3321001024225003,332100,Kokhanok,2024-04-01,2024,4,fuel_used_gallons,322,outlier_check
A3321000125225003_fuel_used_gallons,A3321000125225003,332100,Kokhanok,2024-07-01,2024,7,fuel_used_gallons,192,outlier_check
A3321001225225003_unbilled_sold_to,A3321001225225003,332100,Kokhanok,2025-06-01,2025,6,unbilled_sold_to,864,outlier_check
A3321000626225003_commercial_sold_to,A3321000626225003,332100,Kokhanok,2025-12-01,2025,12,commercial_sold_to,20461,outlier_check
A3321000626225003_unbilled_sold_to,A3321000626225003,332100,Kokhanok,2025-12-01,2025,12,unbilled_sold_to,1376,outlier_check
A3321000726225003_commercial_sold_to,A3321000726225003,332100,Kokhanok,2026-01-01,2026,1,commercial_sold_to,24831,outlier_check
A3321000826225003_commercial_sold_to,A3321000826225003,332100,Kokhanok,2026-02-01,2026,2,commercial_sold_to,19464,outlier_check
A3321000926225003_commercial_sold_to,A3321000926225003,332100,Kokhanok,2026-03-01,2026,3,commercial_sold_to,23398,outlier_check
A3321100116225003_powerhouse_consumption_kwh,A3321100116225003,332110,Koliganek,2015-07-01,2015,7,powerhouse_consumption_kwh,3363,outlier_check
A3321100516225003_peak_consumption_kw,A3321100516225003,332110,Koliganek,2015-11-01,2015,11,peak_consumption_kw,0,outlier_check
A3321100616225003_peak_consumption_kw,A3321100616225003,332110,Koliganek,2015-12-01,2015,12,peak_consumption_kw,0,outlier_check
A3321100716225003_peak_consumption_kw,A3321100716225003,332110,Koliganek,2016-01-01,2016,1,peak_consumption_kw,0,outlier_check
A3321100816225003_peak_consumption_kw,A3321100816225003,332110,Koliganek,2016-02-01,2016,2,peak_consumption_kw,0,outlier_check
A3321100916225003_peak_consumption_kw,A3321100916225003,332110,Koliganek,2016-03-01,2016,3,peak_consumption_kw,0,outlier_check
A3321101016225003_peak_consumption_kw,A3321101016225003,332110,Koliganek,2016-04-01,2016,4,peak_consumption_kw,0,outlier_check
A3321101116225003_peak_consumption_kw,A3321101116225003,332110,Koliganek,2016-05-01,2016,5,peak_consumption_kw,0,outlier_check
A3321101216225003_commercial_sold_to,A3321101216225003,332110,Koliganek,2016-06-01,2016,6,commercial_sold_to,13208,outlier_check
A3321100117225003_powerhouse_consumption_kwh,A3321100117225003,332110,Koliganek,2016-07-01,2016,7,powerhouse_consumption_kwh,3086,outlier_check
A3321100217225003_powerhouse_consumption_kwh,A3321100217225003,332110,Koliganek,2016-08-01,2016,8,powerhouse_consumption_kwh,2987,outlier_check
A3321100417225003_peak_consumption_kw,A3321100417225003,332110,Koliganek,2016-10-01,2016,10,peak_consumption_kw,0,outlier_check
A3321100417225003_residential_sold_to,A3321100417225003,332110,Koliganek,2016-10-01,2016,10,residential_sold_to,34133,outlier_check
A3321100617225003_peak_consumption_kw,A3321100617225003,332110,Koliganek,2016-12-01,2016,12,peak_consumption_kw,0,outlier_check
A3321100817225003_commercial_sold_to,A3321100817225003,332110,Koliganek,2017-02-01,2017,2,commercial_sold_to,11949,outlier_check
A3321101117225003_powerhouse_consumption_kwh,A3321101117225003,332110,Koliganek,2017-05-01,2017,5,powerhouse_consumption_kwh,2717,outlier_check
A3321101217225003_powerhouse_consumption_kwh,A3321101217225003,332110,Koliganek,2017-06-01,2017,6,powerhouse_consumption_kwh,3148,outlier_check
A3321100118225003_powerhouse_consumption_kwh,A3321100118225003,332110,Koliganek,2017-07-01,2017,7,powerhouse_consumption_kwh,3389,outlier_check
A3321100218225003_powerhouse_consumption_kwh,A3321100218225003,332110,Koliganek,2017-08-01,2017,8,powerhouse_consumption_kwh,2957,outlier_check
A3321100218225003_commercial_sold_to,A3321100218225003,332110,Koliganek,2017-08-01,2017,8,commercial_sold_to,17511,outlier_check
A3321100518225003_govt_facil_sold_to,A3321100518225003,332110,Koliganek,2017-11-01,2017,11,govt_facil_sold_to,36987,outlier_check
A3321101218225003_powerhouse_consumption_kwh,A3321101218225003,332110,Koliganek,2018-06-01,2018,6,powerhouse_consumption_kwh,2892,outlier_check
A3321100119225003_powerhouse_consumption_kwh,A3321100119225003,332110,Koliganek,2018-07-01,2018,7,powerhouse_consumption_kwh,3117,outlier_check
A3321100219225003_powerhouse_consumption_kwh,A3321100219225003,332110,Koliganek,2018-08-01,2018,8,powerhouse_consumption_kwh,3519,outlier_check
A3321100319225003_powerhouse_consumption_kwh,A3321100319225003,332110,Koliganek,2018-09-01,2018,9,powerhouse_consumption_kwh,2912,outlier_check
A3321100419225003_diesel_kwh_generated,A3321100419225003,332110,Koliganek,2018-10-01,2018,10,diesel_kwh_generated,0,outlier_check
A3321100519225003_diesel_kwh_generated,A3321100519225003,332110,Koliganek,2018-11-01,2018,11,diesel_kwh_generated,0,outlier_check
A3321100519225003_powerhouse_consumption_kwh,A3321100519225003,332110,Koliganek,2018-11-01,2018,11,powerhouse_consumption_kwh,0,outlier_check
A3321100623225003_fuel_used_gallons,A3321100623225003,332110,Koliganek,2022-12-01,2022,12,fuel_used_gallons,9640,outlier_check
A3321100623225003_powerhouse_consumption_kwh,A3321100623225003,332110,Koliganek,2022-12-01,2022,12,powerhouse_consumption_kwh,2806,outlier_check
A3321100726225003_com_facil_sold_to,A3321100726225003,332110,Koliganek,2026-01-01,2026,1,com_facil_sold_to,13384,outlier_check
A3325100616225003_residential_customers,A3325100616225003,332510,Kongiganak,2015-12-01,2015,12,residential_customers,103,outlier_check
A3325100716225003_residential_customers,A3325100716225003,332510,Kongiganak,2016-01-01,2016,1,residential_customers,101,outlier_check
A3325100816225003_total_kwh_purchased,A3325100816225003,332510,Kongiganak,2016-02-01,2016,2,total_kwh_purchased,13731,outlier_check
A3325100816225003_residential_customers,A3325100816225003,332510,Kongiganak,2016-02-01,2016,2,residential_customers,103,outlier_check
A3325100916225003_total_kwh_purchased,A3325100916225003,332510,Kongiganak,2016-03-01,2016,3,total_kwh_purchased,22342,outlier_check
A3325100916225003_residential_customers,A3325100916225003,332510,Kongiganak,2016-03-01,2016,3,residential_customers,103,outlier_check
A3325101016225003_residential_customers,A3325101016225003,332510,Kongiganak,2016-04-01,2016,4,residential_customers,101,outlier_check
A3325101116225003_total_kwh_purchased,A3325101116225003,332510,Kongiganak,2016-05-01,2016,5,total_kwh_purchased,16464,outlier_check
A3325101116225003_residential_customers,A3325101116225003,332510,Kongiganak,2016-05-01,2016,5,residential_customers,102,outlier_check
A3325100117225003_residential_customers,A3325100117225003,332510,Kongiganak,2016-07-01,2016,7,residential_customers,102,outlier_check
A3325100217225003_residential_customers,A3325100217225003,332510,Kongiganak,2016-08-01,2016,8,residential_customers,102,outlier_check
A3325100317225003_residential_customers,A3325100317225003,332510,Kongiganak,2016-09-01,2016,9,residential_customers,102,outlier_check
A3325100417225003_total_kwh_purchased,A3325100417225003,332510,Kongiganak,2016-10-01,2016,10,total_kwh_purchased,18117,outlier_check
A3325100517225003_total_kwh_purchased,A3325100517225003,332510,Kongiganak,2016-11-01,2016,11,total_kwh_purchased,17345,outlier_check
A3325100617225003_total_kwh_purchased,A3325100617225003,332510,Kongiganak,2016-12-01,2016,12,total_kwh_purchased,17679,outlier_check
A3325100717225003_total_kwh_purchased,A3325100717225003,332510,Kongiganak,2017-01-01,2017,1,total_kwh_purchased,13319,outlier_check
A3325100817225003_total_kwh_purchased,A3325100817225003,332510,Kongiganak,2017-02-01,2017,2,total_kwh_purchased,20895,outlier_check
A3325100917225003_total_kwh_purchased,A3325100917225003,332510,Kongiganak,2017-03-01,2017,3,total_kwh_purchased,23461,outlier_check
A3325100318225003_peak_consumption_kw,A3325100318225003,332510,Kongiganak,2017-09-01,2017,9,peak_consumption_kw,421,outlier_check
A3325100418225003_total_kwh_purchased,A3325100418225003,332510,Kongiganak,2017-10-01,2017,10,total_kwh_purchased,12591,outlier_check
A3325100418225003_peak_consumption_kw,A3325100418225003,332510,Kongiganak,2017-10-01,2017,10,peak_consumption_kw,421,outlier_check
A3325100618225003_total_kwh_purchased,A3325100618225003,332510,Kongiganak,2017-12-01,2017,12,total_kwh_purchased,14311,outlier_check
A3325100618225003_unbilled_sold_to,A3325100618225003,332510,Kongiganak,2017-12-01,2017,12,unbilled_sold_to,19706,outlier_check
A3325100718225003_total_kwh_purchased,A3325100718225003,332510,Kongiganak,2018-01-01,2018,1,total_kwh_purchased,25362,outlier_check
A3325100818225003_total_kwh_purchased,A3325100818225003,332510,Kongiganak,2018-02-01,2018,2,total_kwh_purchased,22721,outlier_check
A3325100918225003_total_kwh_purchased,A3325100918225003,332510,Kongiganak,2018-03-01,2018,3,total_kwh_purchased,16018,outlier_check
A3325101018225003_total_kwh_purchased,A3325101018225003,332510,Kongiganak,2018-04-01,2018,4,total_kwh_purchased,19818,outlier_check
A3325101118225003_total_kwh_purchased,A3325101118225003,332510,Kongiganak,2018-05-01,2018,5,total_kwh_purchased,15819,outlier_check
A3325100119225003_total_kwh_purchased,A3325100119225003,332510,Kongiganak,2018-07-01,2018,7,total_kwh_purchased,12113,outlier_check
A3325101119225003_diesel_kwh_generated,A3325101119225003,332510,Kongiganak,2019-05-01,2019,5,diesel_kwh_generated,0,outlier_check
A3325100126225003_fuel_used_gallons,A3325100126225003,332510,Kongiganak,2025-07-01,2025,7,fuel_used_gallons,13388,outlier_check
A3325100426225003_diesel_kwh_generated,A3325100426225003,332510,Kongiganak,2025-10-01,2025,10,diesel_kwh_generated,0,outlier_check
A3325100526225003_diesel_kwh_generated,A3325100526225003,332510,Kongiganak,2025-11-01,2025,11,diesel_kwh_generated,0,outlier_check
A3325100626225003_fuel_used_gallons,A3325100626225003,332510,Kongiganak,2025-12-01,2025,12,fuel_used_gallons,19986,outlier_check
A3325100626225003_diesel_kwh_generated,A3325100626225003,332510,Kongiganak,2025-12-01,2025,12,diesel_kwh_generated,0,outlier_check
A3325100726225003_diesel_kwh_generated,A3325100726225003,332510,Kongiganak,2026-01-01,2026,1,diesel_kwh_generated,0,outlier_check
A3325100726225003_govt_facil_sold_to,A3325100726225003,332510,Kongiganak,2026-01-01,2026,1,govt_facil_sold_to,5698,outlier_check
A3325100826225003_diesel_kwh_generated,A3325100826225003,332510,Kongiganak,2026-02-01,2026,2,diesel_kwh_generated,0,outlier_check
A3325100926225003_diesel_kwh_generated,A3325100926225003,332510,Kongiganak,2026-03-01,2026,3,diesel_kwh_generated,0,outlier_check
A3325101126225003_fuel_used_gallons,A3325101126225003,332510,Kongiganak,2026-05-01,2026,5,fuel_used_gallons,14978,outlier_check
A3325101226225003_fuel_used_gallons,A3325101226225003,332510,Kongiganak,2026-06-01,2026,6,fuel_used_gallons,14978,outlier_check
A3325100127225003_fuel_used_gallons,A3325100127225003,332510,Kongiganak,2026-07-01,2026,7,fuel_used_gallons,31040,outlier_check
A3325100127225003_govt_facil_sold_to,A3325100127225003,332510,Kongiganak,2026-07-01,2026,7,govt_facil_sold_to,7719,outlier_check
A3321200516225003_commercial_sold_to,A3321200516225003,332120,Kotlik,2015-11-01,2015,11,commercial_sold_to,40143,outlier_check
A3321200616225003_commercial_sold_to,A3321200616225003,332120,Kotlik,2015-12-01,2015,12,commercial_sold_to,42680,outlier_check
A3321200716225003_commercial_sold_to,A3321200716225003,332120,Kotlik,2016-01-01,2016,1,commercial_sold_to,42383,outlier_check
A3321201223225003_fuel_used_gallons,A3321201223225003,332120,Kotlik,2023-06-01,2023,6,fuel_used_gallons,0,outlier_check
A3321201125225003_fuel_used_gallons,A3321201125225003,332120,Kotlik,2025-05-01,2025,5,fuel_used_gallons,0,outlier_check
A3321201126225003_residential_sold_to,A3321201126225003,332120,Kotlik,2026-05-01,2026,5,residential_sold_to,0,outlier_check
A3321201126225003_commercial_sold_to,A3321201126225003,332120,Kotlik,2026-05-01,2026,5,commercial_sold_to,0,outlier_check
A3321201126225003_govt_facil_sold_to,A3321201126225003,332120,Kotlik,2026-05-01,2026,5,govt_facil_sold_to,0,outlier_check
A3321300419225003_diesel_kwh_generated,A3321300419225003,332130,Kotzebue,2018-10-01,2018,10,diesel_kwh_generated,0,outlier_check
A3321300419225003_powerhouse_consumption_kwh,A3321300419225003,332130,Kotzebue,2018-10-01,2018,10,powerhouse_consumption_kwh,0,outlier_check
A3321300719225003_govt_facil_sold_to,A3321300719225003,332130,Kotzebue,2019-01-01,2019,1,govt_facil_sold_to,184866,outlier_check
A3321300819225003_diesel_kwh_generated,A3321300819225003,332130,Kotzebue,2019-02-01,2019,2,diesel_kwh_generated,0,outlier_check
A3321300819225003_powerhouse_consumption_kwh,A3321300819225003,332130,Kotzebue,2019-02-01,2019,2,powerhouse_consumption_kwh,0,outlier_check
A3321301219225003_diesel_kwh_generated,A3321301219225003,332130,Kotzebue,2019-06-01,2019,6,diesel_kwh_generated,0,outlier_check
A3321301219225003_powerhouse_consumption_kwh,A3321301219225003,332130,Kotzebue,2019-06-01,2019,6,powerhouse_consumption_kwh,0,outlier_check
A3321300123225003_diesel_kwh_generated,A3321300123225003,332130,Kotzebue,2022-07-01,2022,7,diesel_kwh_generated,0,outlier_check
A3321300324225003_com_facil_sold_to,A3321300324225003,332130,Kotzebue,2023-09-01,2023,9,com_facil_sold_to,226662,outlier_check
A3321300424225003_solar_kwh_generated,A3321300424225003,332130,Kotzebue,2023-10-01,2023,10,solar_kwh_generated,913987,outlier_check
A3321301124225003_solar_kwh_generated,A3321301124225003,332130,Kotzebue,2024-05-01,2024,5,solar_kwh_generated,387843,outlier_check
A3321300626225003_peak_consumption_kw,A3321300626225003,332130,Kotzebue,2025-12-01,2025,12,peak_consumption_kw,1323,outlier_check
A3321301226225003_peak_consumption_kw,A3321301226225003,332130,Kotzebue,2026-06-01,2026,6,peak_consumption_kw,0,outlier_check
A3314201223225003_fuel_used_gallons,A3314201223225003,331420,Koyuk,2023-06-01,2023,6,fuel_used_gallons,0,outlier_check
A3314200524225003_residential_customers,A3314200524225003,331420,Koyuk,2023-11-01,2023,11,residential_customers,21,outlier_check
A3314200524225003_govt_facil_customers,A3314200524225003,331420,Koyuk,2023-11-01,2023,11,govt_facil_customers,135,outlier_check
A3314201125225003_fuel_used_gallons,A3314201125225003,331420,Koyuk,2025-05-01,2025,5,fuel_used_gallons,0,outlier_check
A3314200526225003_commercial_sold_to,A3314200526225003,331420,Koyuk,2025-11-01,2025,11,commercial_sold_to,31245,outlier_check
A3314200626225003_commercial_sold_to,A3314200626225003,331420,Koyuk,2025-12-01,2025,12,commercial_sold_to,33960,outlier_check
A3314200726225003_commercial_sold_to,A3314200726225003,331420,Koyuk,2026-01-01,2026,1,commercial_sold_to,37318,outlier_check
A3314200826225003_commercial_sold_to,A3314200826225003,331420,Koyuk,2026-02-01,2026,2,commercial_sold_to,29381,outlier_check
A3314200926225003_commercial_sold_to,A3314200926225003,331420,Koyuk,2026-03-01,2026,3,commercial_sold_to,33282,outlier_check
A3314201026225003_commercial_sold_to,A3314201026225003,331420,Koyuk,2026-04-01,2026,4,commercial_sold_to,26304,outlier_check
A3314201126225003_residential_sold_to,A3314201126225003,331420,Koyuk,2026-05-01,2026,5,residential_sold_to,0,outlier_check
A3314201126225003_commercial_sold_to,A3314201126225003,331420,Koyuk,2026-05-01,2026,5,commercial_sold_to,0,outlier_check
A3314201126225003_govt_facil_sold_to,A3314201126225003,331420,Koyuk,2026-05-01,2026,5,govt_facil_sold_to,0,outlier_check
A3321400716225003_fuel_used_gallons,A3321400716225003,332140,Koyukuk,2016-01-01,2016,1,fuel_used_gallons,7920,outlier_check
A3321400521225003_commercial_sold_to,A3321400521225003,332140,Koyukuk,2020-11-01,2020,11,commercial_sold_to,16984,outlier_check
A3321400522225003_fuel_used_gallons,A3321400522225003,332140,Koyukuk,2021-11-01,2021,11,fuel_used_gallons,11751,outlier_check
A3321400522225003_diesel_kwh_generated,A3321400522225003,332140,Koyukuk,2021-11-01,2021,11,diesel_kwh_generated,115431,outlier_check
A3321400522225003_powerhouse_consumption_kwh,A3321400522225003,332140,Koyukuk,2021-11-01,2021,11,powerhouse_consumption_kwh,7038,outlier_check
A3321400522225003_residential_sold_to,A3321400522225003,332140,Koyukuk,2021-11-01,2021,11,residential_sold_to,37356,outlier_check
A3321400522225003_commercial_sold_to,A3321400522225003,332140,Koyukuk,2021-11-01,2021,11,commercial_sold_to,19273,outlier_check
A3321400522225003_com_facil_sold_to,A3321400522225003,332140,Koyukuk,2021-11-01,2021,11,com_facil_sold_to,12323,outlier_check
A3321401022225003_fuel_used_gallons,A3321401022225003,332140,Koyukuk,2022-04-01,2022,4,fuel_used_gallons,16983,outlier_check
A3321401022225003_diesel_kwh_generated,A3321401022225003,332140,Koyukuk,2022-04-01,2022,4,diesel_kwh_generated,169866,outlier_check
A3321401022225003_powerhouse_consumption_kwh,A3321401022225003,332140,Koyukuk,2022-04-01,2022,4,powerhouse_consumption_kwh,7294,outlier_check
A3321401022225003_residential_sold_to,A3321401022225003,332140,Koyukuk,2022-04-01,2022,4,residential_sold_to,57000,outlier_check
A3321401022225003_commercial_sold_to,A3321401022225003,332140,Koyukuk,2022-04-01,2022,4,commercial_sold_to,23152,outlier_check
A3321401022225003_com_facil_sold_to,A3321401022225003,332140,Koyukuk,2022-04-01,2022,4,com_facil_sold_to,18551,outlier_check
A3321401022225003_govt_facil_sold_to,A3321401022225003,332140,Koyukuk,2022-04-01,2022,4,govt_facil_sold_to,11869,outlier_check
A3321400423225003_diesel_kwh_generated,A3321400423225003,332140,Koyukuk,2022-10-01,2022,10,diesel_kwh_generated,63569,outlier_check
A3321400423225003_residential_sold_to,A3321400423225003,332140,Koyukuk,2022-10-01,2022,10,residential_sold_to,29596,outlier_check
A3321400523225003_diesel_kwh_generated,A3321400523225003,332140,Koyukuk,2022-11-01,2022,11,diesel_kwh_generated,75281,outlier_check
A3321400523225003_residential_sold_to,A3321400523225003,332140,Koyukuk,2022-11-01,2022,11,residential_sold_to,24471,outlier_check
A3321400623225003_residential_sold_to,A3321400623225003,332140,Koyukuk,2022-12-01,2022,12,residential_sold_to,26154,outlier_check
A3321400124225003_powerhouse_consumption_kwh,A3321400124225003,332140,Koyukuk,2023-07-01,2023,7,powerhouse_consumption_kwh,6161,outlier_check
A3321400625225003_fuel_used_gallons,A3321400625225003,332140,Koyukuk,2024-12-01,2024,12,fuel_used_gallons,9768,outlier_check
A3321400626225003_govt_facil_sold_to,A3321400626225003,332140,Koyukuk,2025-12-01,2025,12,govt_facil_sold_to,12137,outlier_check
A3321400726225003_govt_facil_sold_to,A3321400726225003,332140,Koyukuk,2026-01-01,2026,1,govt_facil_sold_to,16928,outlier_check
A3321500323225003_fuel_used_gallons,A3321500323225003,332150,Kwethluk,2022-09-01,2022,9,fuel_used_gallons,0,outlier_check
A3321500423225003_fuel_used_gallons,A3321500423225003,332150,Kwethluk,2022-10-01,2022,10,fuel_used_gallons,0,outlier_check
A3321500523225003_fuel_used_gallons,A3321500523225003,332150,Kwethluk,2022-11-01,2022,11,fuel_used_gallons,54614,outlier_check
A3321500523225003_powerhouse_consumption_kwh,A3321500523225003,332150,Kwethluk,2022-11-01,2022,11,powerhouse_consumption_kwh,8799,outlier_check
A3321500224225003_fuel_used_gallons,A3321500224225003,332150,Kwethluk,2023-08-01,2023,8,fuel_used_gallons,0,outlier_check
A3321500324225003_fuel_used_gallons,A3321500324225003,332150,Kwethluk,2023-09-01,2023,9,fuel_used_gallons,0,outlier_check
A3321500424225003_fuel_used_gallons,A3321500424225003,332150,Kwethluk,2023-10-01,2023,10,fuel_used_gallons,0,outlier_check
A3321500524225003_fuel_used_gallons,A3321500524225003,332150,Kwethluk,2023-11-01,2023,11,fuel_used_gallons,0,outlier_check
A3321500624225003_fuel_used_gallons,A3321500624225003,332150,Kwethluk,2023-12-01,2023,12,fuel_used_gallons,0,outlier_check
A3321500724225003_fuel_used_gallons,A3321500724225003,332150,Kwethluk,2024-01-01,2024,1,fuel_used_gallons,0,outlier_check
A3321500824225003_fuel_used_gallons,A3321500824225003,332150,Kwethluk,2024-02-01,2024,2,fuel_used_gallons,0,outlier_check
A3321500924225003_fuel_used_gallons,A3321500924225003,332150,Kwethluk,2024-03-01,2024,3,fuel_used_gallons,0,outlier_check
A3321501024225003_fuel_used_gallons,A3321501024225003,332150,Kwethluk,2024-04-01,2024,4,fuel_used_gallons,0,outlier_check
A3321501024225003_diesel_kwh_generated,A3321501024225003,332150,Kwethluk,2024-04-01,2024,4,diesel_kwh_generated,466729,outlier_check
A3321501124225003_fuel_used_gallons,A3321501124225003,332150,Kwethluk,2024-05-01,2024,5,fuel_used_gallons,0,outlier_check
A3321500225225003_peak_consumption_kw,A3321500225225003,332150,Kwethluk,2024-08-01,2024,8,peak_consumption_kw,678,outlier_check
A3321500425225003_peak_consumption_kw,A3321500425225003,332150,Kwethluk,2024-10-01,2024,10,peak_consumption_kw,618,outlier_check
A3321500126225003_residential_rate,A3321500126225003,332150,Kwethluk,2025-07-01,2025,7,residential_rate,99.99,outlier_check
A3321500426225003_unbilled_sold_to,A3321500426225003,332150,Kwethluk,2025-10-01,2025,10,unbilled_sold_to,45906,outlier_check
A3321600416225003_wind_kwh_generated,A3321600416225003,332160,Kwigillingok,2015-10-01,2015,10,wind_kwh_generated,116614,outlier_check
A3321600416225003_powerhouse_consumption_kwh,A3321600416225003,332160,Kwigillingok,2015-10-01,2015,10,powerhouse_consumption_kwh,9271,outlier_check
A3321600416225003_residential_sold_to,A3321600416225003,332160,Kwigillingok,2015-10-01,2015,10,residential_sold_to,99632,outlier_check
A3321600416225003_commercial_sold_to,A3321600416225003,332160,Kwigillingok,2015-10-01,2015,10,commercial_sold_to,142773,outlier_check
A3321600416225003_com_facil_sold_to,A3321600416225003,332160,Kwigillingok,2015-10-01,2015,10,com_facil_sold_to,13121,outlier_check
A3321600416225003_govt_facil_sold_to,A3321600416225003,332160,Kwigillingok,2015-10-01,2015,10,govt_facil_sold_to,1766,outlier_check
A3321600716225003_com_facil_sold_to,A3321600716225003,332160,Kwigillingok,2016-01-01,2016,1,com_facil_sold_to,12352,outlier_check
A3321600716225003_govt_facil_sold_to,A3321600716225003,332160,Kwigillingok,2016-01-01,2016,1,govt_facil_sold_to,1391,outlier_check
A3321600816225003_com_facil_sold_to,A3321600816225003,332160,Kwigillingok,2016-02-01,2016,2,com_facil_sold_to,10636,outlier_check
A3321600816225003_govt_facil_sold_to,A3321600816225003,332160,Kwigillingok,2016-02-01,2016,2,govt_facil_sold_to,1306,outlier_check
A3321600916225003_com_facil_sold_to,A3321600916225003,332160,Kwigillingok,2016-03-01,2016,3,com_facil_sold_to,11635,outlier_check
A3321600916225003_govt_facil_sold_to,A3321600916225003,332160,Kwigillingok,2016-03-01,2016,3,govt_facil_sold_to,1340,outlier_check
A3321601016225003_powerhouse_consumption_kwh,A3321601016225003,332160,Kwigillingok,2016-04-01,2016,4,powerhouse_consumption_kwh,10184,outlier_check
A3321601016225003_govt_facil_sold_to,A3321601016225003,332160,Kwigillingok,2016-04-01,2016,4,govt_facil_sold_to,1375,outlier_check
A3321600617225003_govt_facil_sold_to,A3321600617225003,332160,Kwigillingok,2016-12-01,2016,12,govt_facil_sold_to,1150,outlier_check
A3321600717225003_residential_sold_to,A3321600717225003,332160,Kwigillingok,2017-01-01,2017,1,residential_sold_to,87180,outlier_check
A3321600717225003_com_facil_sold_to,A3321600717225003,332160,Kwigillingok,2017-01-01,2017,1,com_facil_sold_to,11327,outlier_check
A3321600717225003_govt_facil_sold_to,A3321600717225003,332160,Kwigillingok,2017-01-01,2017,1,govt_facil_sold_to,1139,outlier_check
A3321600817225003_com_facil_sold_to,A3321600817225003,332160,Kwigillingok,2017-02-01,2017,2,com_facil_sold_to,11093,outlier_check
A3321600817225003_govt_facil_sold_to,A3321600817225003,332160,Kwigillingok,2017-02-01,2017,2,govt_facil_sold_to,1060,outlier_check
A3321600917225003_com_facil_sold_to,A3321600917225003,332160,Kwigillingok,2017-03-01,2017,3,com_facil_sold_to,11909,outlier_check
A3321600917225003_govt_facil_sold_to,A3321600917225003,332160,Kwigillingok,2017-03-01,2017,3,govt_facil_sold_to,1173,outlier_check
A3321600618225003_govt_facil_sold_to,A3321600618225003,332160,Kwigillingok,2017-12-01,2017,12,govt_facil_sold_to,1103,outlier_check
A3321600718225003_com_facil_sold_to,A3321600718225003,332160,Kwigillingok,2018-01-01,2018,1,com_facil_sold_to,9374,outlier_check
A3321600718225003_govt_facil_sold_to,A3321600718225003,332160,Kwigillingok,2018-01-01,2018,1,govt_facil_sold_to,1608,outlier_check
A3321600818225003_wind_kwh_generated,A3321600818225003,332160,Kwigillingok,2018-02-01,2018,2,wind_kwh_generated,122432,outlier_check
A3321600918225003_com_facil_sold_to,A3321600918225003,332160,Kwigillingok,2018-03-01,2018,3,com_facil_sold_to,9223,outlier_check
A3321600119225003_powerhouse_consumption_kwh,A3321600119225003,332160,Kwigillingok,2018-07-01,2018,7,powerhouse_consumption_kwh,9890,outlier_check
A3321600219225003_powerhouse_consumption_kwh,A3321600219225003,332160,Kwigillingok,2018-08-01,2018,8,powerhouse_consumption_kwh,10199,outlier_check
A3321600619225003_govt_facil_sold_to,A3321600619225003,332160,Kwigillingok,2018-12-01,2018,12,govt_facil_sold_to,1075,outlier_check
A3321600719225003_powerhouse_consumption_kwh,A3321600719225003,332160,Kwigillingok,2019-01-01,2019,1,powerhouse_consumption_kwh,9504,outlier_check
A3321600719225003_unbilled_sold_to,A3321600719225003,332160,Kwigillingok,2019-01-01,2019,1,unbilled_sold_to,8514,outlier_check
A3321600420225003_fuel_used_gallons,A3321600420225003,332160,Kwigillingok,2019-10-01,2019,10,fuel_used_gallons,0,outlier_check
A3321600620225003_govt_facil_sold_to,A3321600620225003,332160,Kwigillingok,2019-12-01,2019,12,govt_facil_sold_to,1304,outlier_check
A3321600720225003_govt_facil_sold_to,A3321600720225003,332160,Kwigillingok,2020-01-01,2020,1,govt_facil_sold_to,1849,outlier_check
A3321600720225003_unbilled_sold_to,A3321600720225003,332160,Kwigillingok,2020-01-01,2020,1,unbilled_sold_to,10791,outlier_check
A3321600820225003_govt_facil_sold_to,A3321600820225003,332160,Kwigillingok,2020-02-01,2020,2,govt_facil_sold_to,2458,outlier_check
A3321600820225003_unbilled_sold_to,A3321600820225003,332160,Kwigillingok,2020-02-01,2020,2,unbilled_sold_to,9496,outlier_check
A3321600920225003_govt_facil_sold_to,A3321600920225003,332160,Kwigillingok,2020-03-01,2020,3,govt_facil_sold_to,1479,outlier_check
A3321600721225003_powerhouse_consumption_kwh,A3321600721225003,332160,Kwigillingok,2021-01-01,2021,1,powerhouse_consumption_kwh,12326,outlier_check
A3321600322225003_fuel_used_gallons,A3321600322225003,332160,Kwigillingok,2021-09-01,2021,9,fuel_used_gallons,28051,outlier_check
A3321600722225003_fuel_used_gallons,A3321600722225003,332160,Kwigillingok,2022-01-01,2022,1,fuel_used_gallons,34740,outlier_check
A3321600724225003_residential_customers,A3321600724225003,332160,Kwigillingok,2024-01-01,2024,1,residential_customers,16,outlier_check
A3321600625225003_govt_facil_sold_to,A3321600625225003,332160,Kwigillingok,2024-12-01,2024,12,govt_facil_sold_to,1276,outlier_check
A3321600725225003_govt_facil_sold_to,A3321600725225003,332160,Kwigillingok,2025-01-01,2025,1,govt_facil_sold_to,1194,outlier_check
A3321600925225003_govt_facil_sold_to,A3321600925225003,332160,Kwigillingok,2025-03-01,2025,3,govt_facil_sold_to,1207,outlier_check
A3321600326225003_powerhouse_consumption_kwh,A3321600326225003,332160,Kwigillingok,2025-09-01,2025,9,powerhouse_consumption_kwh,9709,outlier_check
A3321600526225003_govt_facil_sold_to,A3321600526225003,332160,Kwigillingok,2025-11-01,2025,11,govt_facil_sold_to,1088,outlier_check
A3321600626225003_residential_sold_to,A3321600626225003,332160,Kwigillingok,2025-12-01,2025,12,residential_sold_to,8648,outlier_check
A3321600726225003_govt_facil_sold_to,A3321600726225003,332160,Kwigillingok,2026-01-01,2026,1,govt_facil_sold_to,1924,outlier_check
A3321600826225003_residential_sold_to,A3321600826225003,332160,Kwigillingok,2026-02-01,2026,2,residential_sold_to,13770,outlier_check
A3321600826225003_govt_facil_sold_to,A3321600826225003,332160,Kwigillingok,2026-02-01,2026,2,govt_facil_sold_to,1601,outlier_check
A3321600926225003_govt_facil_sold_to,A3321600926225003,332160,Kwigillingok,2026-03-01,2026,3,govt_facil_sold_to,2285,outlier_check
A3321700217225003_diesel_kwh_generated,A3321700217225003,332170,Larsen Bay,2016-08-01,2016,8,diesel_kwh_generated,34086,outlier_check
A3321700317225003_diesel_kwh_generated,A3321700317225003,332170,Larsen Bay,2016-09-01,2016,9,diesel_kwh_generated,21966,outlier_check
A3321700817225003_diesel_kwh_generated,A3321700817225003,332170,Larsen Bay,2017-02-01,2017,2,diesel_kwh_generated,32190,outlier_check
A3321700917225003_diesel_kwh_generated,A3321700917225003,332170,Larsen Bay,2017-03-01,2017,3,diesel_kwh_generated,36914,outlier_check
A3321701017225003_diesel_kwh_generated,A3321701017225003,332170,Larsen Bay,2017-04-01,2017,4,diesel_kwh_generated,10719,outlier_check
A3321701217225003_govt_facil_sold_to,A3321701217225003,332170,Larsen Bay,2017-06-01,2017,6,govt_facil_sold_to,8942,outlier_check
A3321700218225003_peak_consumption_kw,A3321700218225003,332170,Larsen Bay,2017-08-01,2017,8,peak_consumption_kw,275,outlier_check
A3321700318225003_diesel_kwh_generated,A3321700318225003,332170,Larsen Bay,2017-09-01,2017,9,diesel_kwh_generated,8890,outlier_check
A3321700318225003_peak_consumption_kw,A3321700318225003,332170,Larsen Bay,2017-09-01,2017,9,peak_consumption_kw,275,outlier_check
A3321700418225003_diesel_kwh_generated,A3321700418225003,332170,Larsen Bay,2017-10-01,2017,10,diesel_kwh_generated,15743,outlier_check
A3321700518225003_peak_consumption_kw,A3321700518225003,332170,Larsen Bay,2017-11-01,2017,11,peak_consumption_kw,100,outlier_check
A3321700718225003_diesel_kwh_generated,A3321700718225003,332170,Larsen Bay,2018-01-01,2018,1,diesel_kwh_generated,2938,outlier_check
A3321700319225003_diesel_kwh_generated,A3321700319225003,332170,Larsen Bay,2018-09-01,2018,9,diesel_kwh_generated,12618,outlier_check
A3321700419225003_diesel_kwh_generated,A3321700419225003,332170,Larsen Bay,2018-10-01,2018,10,diesel_kwh_generated,7831,outlier_check
A3321700519225003_diesel_kwh_generated,A3321700519225003,332170,Larsen Bay,2018-11-01,2018,11,diesel_kwh_generated,7947,outlier_check
A3321701219225003_diesel_kwh_generated,A3321701219225003,332170,Larsen Bay,2019-06-01,2019,6,diesel_kwh_generated,64708,outlier_check
A3321700220225003_diesel_kwh_generated,A3321700220225003,332170,Larsen Bay,2019-08-01,2019,8,diesel_kwh_generated,12798,outlier_check
A3321700320225003_diesel_kwh_generated,A3321700320225003,332170,Larsen Bay,2019-09-01,2019,9,diesel_kwh_generated,14204,outlier_check
A3321700420225003_diesel_kwh_generated,A3321700420225003,332170,Larsen Bay,2019-10-01,2019,10,diesel_kwh_generated,14597,outlier_check
A3321700920225003_diesel_kwh_generated,A3321700920225003,332170,Larsen Bay,2020-03-01,2020,3,diesel_kwh_generated,14723,outlier_check
A3321800817225003_com_facil_sold_to,A3321800817225003,332180,Levelock,2017-02-01,2017,2,com_facil_sold_to,8757,outlier_check
A3321800920225003_fuel_used_gallons,A3321800920225003,332180,Levelock,2020-03-01,2020,3,fuel_used_gallons,6320,outlier_check
A3321800721225003_fuel_used_gallons,A3321800721225003,332180,Levelock,2021-01-01,2021,1,fuel_used_gallons,0,outlier_check
A3321800721225003_diesel_kwh_generated,A3321800721225003,332180,Levelock,2021-01-01,2021,1,diesel_kwh_generated,0,outlier_check
A3321800721225003_peak_consumption_kw,A3321800721225003,332180,Levelock,2021-01-01,2021,1,peak_consumption_kw,0,outlier_check
A3321800821225003_fuel_used_gallons,A3321800821225003,332180,Levelock,2021-02-01,2021,2,fuel_used_gallons,5963,outlier_check
A3321800821225003_diesel_kwh_generated,A3321800821225003,332180,Levelock,2021-02-01,2021,2,diesel_kwh_generated,77087,outlier_check
A3321800522225003_diesel_kwh_generated,A3321800522225003,332180,Levelock,2021-11-01,2021,11,diesel_kwh_generated,100338,outlier_check
A3321800522225003_govt_facil_sold_to,A3321800522225003,332180,Levelock,2021-11-01,2021,11,govt_facil_sold_to,12999,outlier_check
A3321800623225003_peak_consumption_kw,A3321800623225003,332180,Levelock,2022-12-01,2022,12,peak_consumption_kw,28,outlier_check
A3321800225225003_peak_consumption_kw,A3321800225225003,332180,Levelock,2024-08-01,2024,8,peak_consumption_kw,200,outlier_check
A3321800726225003_com_facil_sold_to,A3321800726225003,332180,Levelock,2026-01-01,2026,1,com_facil_sold_to,6563,outlier_check
A3321800826225003_com_facil_sold_to,A3321800826225003,332180,Levelock,2026-02-01,2026,2,com_facil_sold_to,6561,outlier_check
A3321800926225003_com_facil_sold_to,A3321800926225003,332180,Levelock,2026-03-01,2026,3,com_facil_sold_to,8596,outlier_check
A3321801026225003_com_facil_sold_to,A3321801026225003,332180,Levelock,2026-04-01,2026,4,com_facil_sold_to,8067,outlier_check
A3321900617225003_commercial_sold_to,A3321900617225003,332190,Lime Village,2016-12-01,2016,12,commercial_sold_to,3724,outlier_check
A3321900518225003_govt_facil_sold_to,A3321900518225003,332190,Lime Village,2017-11-01,2017,11,govt_facil_sold_to,330,outlier_check
A3321900618225003_govt_facil_sold_to,A3321900618225003,332190,Lime Village,2017-12-01,2017,12,govt_facil_sold_to,614,outlier_check
A3321900818225003_diesel_kwh_generated,A3321900818225003,332190,Lime Village,2018-02-01,2018,2,diesel_kwh_generated,16121,outlier_check
A3321900818225003_commercial_sold_to,A3321900818225003,332190,Lime Village,2018-02-01,2018,2,commercial_sold_to,3275,outlier_check
A3321900818225003_govt_facil_sold_to,A3321900818225003,332190,Lime Village,2018-02-01,2018,2,govt_facil_sold_to,577,outlier_check
A3321900619225003_diesel_kwh_generated,A3321900619225003,332190,Lime Village,2018-12-01,2018,12,diesel_kwh_generated,15562,outlier_check
A3321900619225003_govt_facil_sold_to,A3321900619225003,332190,Lime Village,2018-12-01,2018,12,govt_facil_sold_to,390,outlier_check
A3321900919225003_govt_facil_sold_to,A3321900919225003,332190,Lime Village,2019-03-01,2019,3,govt_facil_sold_to,1261,outlier_check
A3321900520225003_govt_facil_sold_to,A3321900520225003,332190,Lime Village,2019-11-01,2019,11,govt_facil_sold_to,397,outlier_check
A3321900720225003_commercial_sold_to,A3321900720225003,332190,Lime Village,2020-01-01,2020,1,commercial_sold_to,4278,outlier_check
A3321900720225003_govt_facil_sold_to,A3321900720225003,332190,Lime Village,2020-01-01,2020,1,govt_facil_sold_to,1621,outlier_check
A3321900721225003_govt_facil_sold_to,A3321900721225003,332190,Lime Village,2021-01-01,2021,1,govt_facil_sold_to,969,outlier_check
A3321901023225003_fuel_used_gallons,A3321901023225003,332190,Lime Village,2023-04-01,2023,4,fuel_used_gallons,6438,outlier_check
A3321901023225003_diesel_kwh_generated,A3321901023225003,332190,Lime Village,2023-04-01,2023,4,diesel_kwh_generated,59134,outlier_check
A3321901023225003_residential_sold_to,A3321901023225003,332190,Lime Village,2023-04-01,2023,4,residential_sold_to,9042,outlier_check
A3321901023225003_commercial_sold_to,A3321901023225003,332190,Lime Village,2023-04-01,2023,4,commercial_sold_to,10468,outlier_check
A3321901023225003_com_facil_sold_to,A3321901023225003,332190,Lime Village,2023-04-01,2023,4,com_facil_sold_to,11294,outlier_check
A3321901023225003_govt_facil_sold_to,A3321901023225003,332190,Lime Village,2023-04-01,2023,4,govt_facil_sold_to,6923,outlier_check
A3321900224225003_diesel_kwh_generated,A3321900224225003,332190,Lime Village,2023-08-01,2023,8,diesel_kwh_generated,22829,outlier_check
A3321900224225003_residential_sold_to,A3321900224225003,332190,Lime Village,2023-08-01,2023,8,residential_sold_to,6413,outlier_check
A3321900224225003_commercial_sold_to,A3321900224225003,332190,Lime Village,2023-08-01,2023,8,commercial_sold_to,5746,outlier_check
A3321900224225003_com_facil_sold_to,A3321900224225003,332190,Lime Village,2023-08-01,2023,8,com_facil_sold_to,4811,outlier_check
A3321900424225003_com_facil_sold_to,A3321900424225003,332190,Lime Village,2023-10-01,2023,10,com_facil_sold_to,8078,outlier_check
A3321900424225003_govt_facil_sold_to,A3321900424225003,332190,Lime Village,2023-10-01,2023,10,govt_facil_sold_to,702,outlier_check
A3321900524225003_com_facil_sold_to,A3321900524225003,332190,Lime Village,2023-11-01,2023,11,com_facil_sold_to,8078,outlier_check
A3321900524225003_govt_facil_sold_to,A3321900524225003,332190,Lime Village,2023-11-01,2023,11,govt_facil_sold_to,702,outlier_check
A3321900624225003_com_facil_sold_to,A3321900624225003,332190,Lime Village,2023-12-01,2023,12,com_facil_sold_to,8078,outlier_check
A3321900624225003_govt_facil_sold_to,A3321900624225003,332190,Lime Village,2023-12-01,2023,12,govt_facil_sold_to,702,outlier_check
A3321900724225003_com_facil_sold_to,A3321900724225003,332190,Lime Village,2024-01-01,2024,1,com_facil_sold_to,8078,outlier_check
A3321900724225003_govt_facil_sold_to,A3321900724225003,332190,Lime Village,2024-01-01,2024,1,govt_facil_sold_to,702,outlier_check
A3321900824225003_com_facil_sold_to,A3321900824225003,332190,Lime Village,2024-02-01,2024,2,com_facil_sold_to,8078,outlier_check
A3321900824225003_govt_facil_sold_to,A3321900824225003,332190,Lime Village,2024-02-01,2024,2,govt_facil_sold_to,702,outlier_check
A3321900924225003_com_facil_sold_to,A3321900924225003,332190,Lime Village,2024-03-01,2024,3,com_facil_sold_to,8078,outlier_check
A3321900924225003_govt_facil_sold_to,A3321900924225003,332190,Lime Village,2024-03-01,2024,3,govt_facil_sold_to,702,outlier_check
A3321901024225003_fuel_used_gallons,A3321901024225003,332190,Lime Village,2024-04-01,2024,4,fuel_used_gallons,10863,outlier_check
A3321901024225003_diesel_kwh_generated,A3321901024225003,332190,Lime Village,2024-04-01,2024,4,diesel_kwh_generated,100015,outlier_check
A3321901024225003_com_facil_sold_to,A3321901024225003,332190,Lime Village,2024-04-01,2024,4,com_facil_sold_to,8094,outlier_check
A3321901024225003_govt_facil_sold_to,A3321901024225003,332190,Lime Village,2024-04-01,2024,4,govt_facil_sold_to,706,outlier_check
A3321901124225003_residential_sold_to,A3321901124225003,332190,Lime Village,2024-05-01,2024,5,residential_sold_to,5182,outlier_check
A3321900325225003_diesel_kwh_generated,A3321900325225003,332190,Lime Village,2024-09-01,2024,9,diesel_kwh_generated,19565,outlier_check
A3321900325225003_residential_sold_to,A3321900325225003,332190,Lime Village,2024-09-01,2024,9,residential_sold_to,9113,outlier_check
A3321900325225003_commercial_sold_to,A3321900325225003,332190,Lime Village,2024-09-01,2024,9,commercial_sold_to,5443,outlier_check
A3321900325225003_com_facil_sold_to,A3321900325225003,332190,Lime Village,2024-09-01,2024,9,com_facil_sold_to,4824,outlier_check
A3321900925225003_diesel_kwh_generated,A3321900925225003,332190,Lime Village,2025-03-01,2025,3,diesel_kwh_generated,16986,outlier_check
A3321900925225003_commercial_sold_to,A3321900925225003,332190,Lime Village,2025-03-01,2025,3,commercial_sold_to,8620,outlier_check
A3321900925225003_govt_facil_sold_to,A3321900925225003,332190,Lime Village,2025-03-01,2025,3,govt_facil_sold_to,309,outlier_check
A3321900126225003_residential_sold_to,A3321900126225003,332190,Lime Village,2025-07-01,2025,7,residential_sold_to,6379,outlier_check
A3321900126225003_commercial_sold_to,A3321900126225003,332190,Lime Village,2025-07-01,2025,7,commercial_sold_to,3798,outlier_check
A3314300516225003_commercial_sold_to,A3314300516225003,331430,Lower Kalskag,2015-11-01,2015,11,commercial_sold_to,11740,outlier_check
A3314300616225003_commercial_sold_to,A3314300616225003,331430,Lower Kalskag,2015-12-01,2015,12,commercial_sold_to,11264,outlier_check
A3314300716225003_commercial_sold_to,A3314300716225003,331430,Lower Kalskag,2016-01-01,2016,1,commercial_sold_to,11083,outlier_check
A3314300626225003_fuel_used_gallons,A3314300626225003,331430,Lower Kalskag,2025-12-01,2025,12,fuel_used_gallons,20085,outlier_check
A3314300626225003_diesel_kwh_generated,A3314300626225003,331430,Lower Kalskag,2025-12-01,2025,12,diesel_kwh_generated,266501,outlier_check
A3314300626225003_wind_kwh_generated,A3314300626225003,331430,Lower Kalskag,2025-12-01,2025,12,wind_kwh_generated,22485,outlier_check
A3314301126225003_commercial_sold_to,A3314301126225003,331430,Lower Kalskag,2026-05-01,2026,5,commercial_sold_to,0,outlier_check
A3322000816225003_peak_consumption_kw,A3322000816225003,332200,Manley Hot Springs,2016-02-01,2016,2,peak_consumption_kw,0,outlier_check
A3322000623225003_peak_consumption_kw,A3322000623225003,332200,Manley Hot Springs,2022-12-01,2022,12,peak_consumption_kw,0,outlier_check
A3322000723225003_peak_consumption_kw,A3322000723225003,332200,Manley Hot Springs,2023-01-01,2023,1,peak_consumption_kw,0,outlier_check
A3322000823225003_peak_consumption_kw,A3322000823225003,332200,Manley Hot Springs,2023-02-01,2023,2,peak_consumption_kw,0,outlier_check
A3322000225225003_powerhouse_consumption_kwh,A3322000225225003,332200,Manley Hot Springs,2024-08-01,2024,8,powerhouse_consumption_kwh,9317,outlier_check
A3322000325225003_powerhouse_consumption_kwh,A3322000325225003,332200,Manley Hot Springs,2024-09-01,2024,9,powerhouse_consumption_kwh,10283,outlier_check
A3322000425225003_powerhouse_consumption_kwh,A3322000425225003,332200,Manley Hot Springs,2024-10-01,2024,10,powerhouse_consumption_kwh,9174,outlier_check
A3322000726225003_fuel_used_gallons,A3322000726225003,332200,Manley Hot Springs,2026-01-01,2026,1,fuel_used_gallons,6513,outlier_check
A3322000726225003_residential_sold_to,A3322000726225003,332200,Manley Hot Springs,2026-01-01,2026,1,residential_sold_to,24925,outlier_check
A3322100217225003_powerhouse_consumption_kwh,A3322100217225003,332210,Manokotak,2016-08-01,2016,8,powerhouse_consumption_kwh,12749,outlier_check
A3322100818225003_unbilled_sold_to,A3322100818225003,332210,Manokotak,2018-02-01,2018,2,unbilled_sold_to,12274,outlier_check
A3322101019225003_unbilled_sold_to,A3322101019225003,332210,Manokotak,2019-04-01,2019,4,unbilled_sold_to,16663,outlier_check
A3322101119225003_unbilled_sold_to,A3322101119225003,332210,Manokotak,2019-05-01,2019,5,unbilled_sold_to,16663,outlier_check
A3322100320225003_powerhouse_consumption_kwh,A3322100320225003,332210,Manokotak,2019-09-01,2019,9,powerhouse_consumption_kwh,10264,outlier_check
A3322100420225003_powerhouse_consumption_kwh,A3322100420225003,332210,Manokotak,2019-10-01,2019,10,powerhouse_consumption_kwh,12292,outlier_check
A3322100520225003_powerhouse_consumption_kwh,A3322100520225003,332210,Manokotak,2019-11-01,2019,11,powerhouse_consumption_kwh,10171,outlier_check
A3322100620225003_powerhouse_consumption_kwh,A3322100620225003,332210,Manokotak,2019-12-01,2019,12,powerhouse_consumption_kwh,11112,outlier_check
A3322100720225003_powerhouse_consumption_kwh,A3322100720225003,332210,Manokotak,2020-01-01,2020,1,powerhouse_consumption_kwh,10759,outlier_check
A3322101220225003_powerhouse_consumption_kwh,A3322101220225003,332210,Manokotak,2020-06-01,2020,6,powerhouse_consumption_kwh,12865,outlier_check
A3322100721225003_com_facil_sold_to,A3322100721225003,332210,Manokotak,2021-01-01,2021,1,com_facil_sold_to,15931,outlier_check
A3322100522225003_residential_sold_to,A3322100522225003,332210,Manokotak,2021-11-01,2021,11,residential_sold_to,90188,outlier_check
A3322100722225003_govt_facil_sold_to,A3322100722225003,332210,Manokotak,2022-01-01,2022,1,govt_facil_sold_to,60963,outlier_check
A3322100823225003_commercial_sold_to,A3322100823225003,332210,Manokotak,2023-02-01,2023,2,commercial_sold_to,34535,outlier_check
A3322100124225003_commercial_sold_to,A3322100124225003,332210,Manokotak,2023-07-01,2023,7,commercial_sold_to,34117,outlier_check
A3322100525225003_com_facil_sold_to,A3322100525225003,332210,Manokotak,2024-11-01,2024,11,com_facil_sold_to,12334,outlier_check
A3322100625225003_unbilled_sold_to,A3322100625225003,332210,Manokotak,2024-12-01,2024,12,unbilled_sold_to,10303,outlier_check
A3322100726225003_residential_rate,A3322100726225003,332210,Manokotak,2026-01-01,2026,1,residential_rate,3966,outlier_check
A3314400116225003_commercial_sold_to,A3314400116225003,331440,Marshall,2015-07-01,2015,7,commercial_sold_to,18994,outlier_check
A3314400216225003_commercial_sold_to,A3314400216225003,331440,Marshall,2015-08-01,2015,8,commercial_sold_to,19343,outlier_check
A3314400316225003_commercial_sold_to,A3314400316225003,331440,Marshall,2015-09-01,2015,9,commercial_sold_to,21643,outlier_check
A3314400416225003_commercial_sold_to,A3314400416225003,331440,Marshall,2015-10-01,2015,10,commercial_sold_to,23396,outlier_check
A3314400516225003_commercial_sold_to,A3314400516225003,331440,Marshall,2015-11-01,2015,11,commercial_sold_to,22206,outlier_check
A3314400616225003_commercial_sold_to,A3314400616225003,331440,Marshall,2015-12-01,2015,12,commercial_sold_to,22199,outlier_check
A3314400716225003_commercial_sold_to,A3314400716225003,331440,Marshall,2016-01-01,2016,1,commercial_sold_to,23447,outlier_check
A3314400217225003_residential_customers,A3314400217225003,331440,Marshall,2016-08-01,2016,8,residential_customers,161,outlier_check
A3314400417225003_powerhouse_consumption_kwh,A3314400417225003,331440,Marshall,2016-10-01,2016,10,powerhouse_consumption_kwh,6555,outlier_check
A3314400618225003_fuel_used_gallons,A3314400618225003,331440,Marshall,2017-12-01,2017,12,fuel_used_gallons,16927,outlier_check
A3314400620225003_fuel_used_gallons,A3314400620225003,331440,Marshall,2019-12-01,2019,12,fuel_used_gallons,24038,outlier_check
A3314400823225003_fuel_used_gallons,A3314400823225003,331440,Marshall,2023-02-01,2023,2,fuel_used_gallons,964,outlier_check
A3314401223225003_fuel_used_gallons,A3314401223225003,331440,Marshall,2023-06-01,2023,6,fuel_used_gallons,0,outlier_check
A3314401124225003_commercial_sold_to,A3314401124225003,331440,Marshall,2024-05-01,2024,5,commercial_sold_to,18251,outlier_check
A3314401224225003_commercial_sold_to,A3314401224225003,331440,Marshall,2024-06-01,2024,6,commercial_sold_to,17337,outlier_check
A3314400125225003_commercial_sold_to,A3314400125225003,331440,Marshall,2024-07-01,2024,7,commercial_sold_to,17374,outlier_check
A3314400225225003_commercial_sold_to,A3314400225225003,331440,Marshall,2024-08-01,2024,8,commercial_sold_to,19945,outlier_check
A3314400325225003_commercial_sold_to,A3314400325225003,331440,Marshall,2024-09-01,2024,9,commercial_sold_to,19756,outlier_check
A3314400425225003_commercial_sold_to,A3314400425225003,331440,Marshall,2024-10-01,2024,10,commercial_sold_to,17527,outlier_check
A3314401125225003_fuel_used_gallons,A3314401125225003,331440,Marshall,2025-05-01,2025,5,fuel_used_gallons,0,outlier_check
A3314401125225003_commercial_sold_to,A3314401125225003,331440,Marshall,2025-05-01,2025,5,commercial_sold_to,16377,outlier_check
A3314401225225003_commercial_sold_to,A3314401225225003,331440,Marshall,2025-06-01,2025,6,commercial_sold_to,15785,outlier_check
A3314400526225003_commercial_sold_to,A3314400526225003,331440,Marshall,2025-11-01,2025,11,commercial_sold_to,21900,outlier_check
A3314400626225003_powerhouse_consumption_kwh,A3314400626225003,331440,Marshall,2025-12-01,2025,12,powerhouse_consumption_kwh,6648,outlier_check
A3314400626225003_commercial_sold_to,A3314400626225003,331440,Marshall,2025-12-01,2025,12,commercial_sold_to,23267,outlier_check
A3314400726225003_powerhouse_consumption_kwh,A3314400726225003,331440,Marshall,2026-01-01,2026,1,powerhouse_consumption_kwh,6691,outlier_check
A3314400726225003_commercial_sold_to,A3314400726225003,331440,Marshall,2026-01-01,2026,1,commercial_sold_to,26083,outlier_check
A3314400826225003_commercial_sold_to,A3314400826225003,331440,Marshall,2026-02-01,2026,2,commercial_sold_to,25130,outlier_check
A3314400926225003_commercial_sold_to,A3314400926225003,331440,Marshall,2026-03-01,2026,3,commercial_sold_to,26594,outlier_check
A3314401026225003_commercial_sold_to,A3314401026225003,331440,Marshall,2026-04-01,2026,4,commercial_sold_to,22455,outlier_check
A3314401126225003_residential_sold_to,A3314401126225003,331440,Marshall,2026-05-01,2026,5,residential_sold_to,0,outlier_check
A3314401126225003_commercial_sold_to,A3314401126225003,331440,Marshall,2026-05-01,2026,5,commercial_sold_to,0,outlier_check
A3314401126225003_govt_facil_sold_to,A3314401126225003,331440,Marshall,2026-05-01,2026,5,govt_facil_sold_to,0,outlier_check
A3322200117225003_peak_consumption_kw,A3322200117225003,332220,McGrath,2016-07-01,2016,7,peak_consumption_kw,734,outlier_check
A3322200218225003_peak_consumption_kw,A3322200218225003,332220,McGrath,2017-08-01,2017,8,peak_consumption_kw,704,outlier_check
A3322200119225003_peak_consumption_kw,A3322200119225003,332220,McGrath,2018-07-01,2018,7,peak_consumption_kw,1218,outlier_check
A3322201021225003_peak_consumption_kw,A3322201021225003,332220,McGrath,2021-04-01,2021,4,peak_consumption_kw,686,outlier_check
A3322200222225003_peak_consumption_kw,A3322200222225003,332220,McGrath,2021-08-01,2021,8,peak_consumption_kw,799,outlier_check
A3322200622225003_peak_consumption_kw,A3322200622225003,332220,McGrath,2021-12-01,2021,12,peak_consumption_kw,1000,outlier_check
A3322200123225003_peak_consumption_kw,A3322200123225003,332220,McGrath,2022-07-01,2022,7,peak_consumption_kw,1000,outlier_check
A3322200423225003_peak_consumption_kw,A3322200423225003,332220,McGrath,2022-10-01,2022,10,peak_consumption_kw,768,outlier_check
A3322200723225003_peak_consumption_kw,A3322200723225003,332220,McGrath,2023-01-01,2023,1,peak_consumption_kw,1000,outlier_check
A3322201223225003_peak_consumption_kw,A3322201223225003,332220,McGrath,2023-06-01,2023,6,peak_consumption_kw,726,outlier_check
A3322200224225003_fuel_used_gallons,A3322200224225003,332220,McGrath,2023-08-01,2023,8,fuel_used_gallons,0,outlier_check
A3322200225225003_peak_consumption_kw,A3322200225225003,332220,McGrath,2024-08-01,2024,8,peak_consumption_kw,694,outlier_check
A3322200226225003_peak_consumption_kw,A3322200226225003,332220,McGrath,2025-08-01,2025,8,peak_consumption_kw,726,outlier_check
A3314500416225003_commercial_sold_to,A3314500416225003,331450,Mekoryuk,2015-10-01,2015,10,commercial_sold_to,13815,outlier_check
A3314500516225003_commercial_sold_to,A3314500516225003,331450,Mekoryuk,2015-11-01,2015,11,commercial_sold_to,15075,outlier_check
A3314500616225003_commercial_sold_to,A3314500616225003,331450,Mekoryuk,2015-12-01,2015,12,commercial_sold_to,16367,outlier_check
A3314500716225003_commercial_sold_to,A3314500716225003,331450,Mekoryuk,2016-01-01,2016,1,commercial_sold_to,16310,outlier_check
A3314500119225003_powerhouse_consumption_kwh,A3314500119225003,331450,Mekoryuk,2018-07-01,2018,7,powerhouse_consumption_kwh,13366,outlier_check
A3314500620225003_fuel_used_gallons,A3314500620225003,331450,Mekoryuk,2019-12-01,2019,12,fuel_used_gallons,11369,outlier_check
A3314500623225003_fuel_used_gallons,A3314500623225003,331450,Mekoryuk,2022-12-01,2022,12,fuel_used_gallons,21316,outlier_check
A3314500726225003_commercial_sold_to,A3314500726225003,331450,Mekoryuk,2026-01-01,2026,1,commercial_sold_to,14614,outlier_check
A3314500926225003_commercial_sold_to,A3314500926225003,331450,Mekoryuk,2026-03-01,2026,3,commercial_sold_to,13812,outlier_check
A3314501126225003_residential_sold_to,A3314501126225003,331450,Mekoryuk,2026-05-01,2026,5,residential_sold_to,0,outlier_check
A3314501126225003_commercial_sold_to,A3314501126225003,331450,Mekoryuk,2026-05-01,2026,5,commercial_sold_to,0,outlier_check
A3311600522225003_commercial_sold_to,A3311600522225003,331160,Mentasta Lake,2021-11-01,2021,11,commercial_sold_to,30616,outlier_check
A3311600622225003_commercial_sold_to,A3311600622225003,331160,Mentasta Lake,2021-12-01,2021,12,commercial_sold_to,36841,outlier_check
A3311600722225003_commercial_sold_to,A3311600722225003,331160,Mentasta Lake,2022-01-01,2022,1,commercial_sold_to,27192,outlier_check
A3311600822225003_commercial_sold_to,A3311600822225003,331160,Mentasta Lake,2022-02-01,2022,2,commercial_sold_to,32739,outlier_check
A3311600922225003_commercial_sold_to,A3311600922225003,331160,Mentasta Lake,2022-03-01,2022,3,commercial_sold_to,27723,outlier_check
A3311600824225003_com_facil_sold_to,A3311600824225003,331160,Mentasta Lake,2024-02-01,2024,2,com_facil_sold_to,5925,outlier_check
A3311600626225003_com_facil_sold_to,A3311600626225003,331160,Mentasta Lake,2025-12-01,2025,12,com_facil_sold_to,6696,outlier_check
A3311600726225003_residential_sold_to,A3311600726225003,331160,Mentasta Lake,2026-01-01,2026,1,residential_sold_to,21789,outlier_check
A3311600726225003_com_facil_sold_to,A3311600726225003,331160,Mentasta Lake,2026-01-01,2026,1,com_facil_sold_to,6873,outlier_check
A3311600826225003_com_facil_sold_to,A3311600826225003,331160,Mentasta Lake,2026-02-01,2026,2,com_facil_sold_to,6490,outlier_check
A3311600926225003_com_facil_sold_to,A3311600926225003,331160,Mentasta Lake,2026-03-01,2026,3,com_facil_sold_to,5997,outlier_check
A3314600620225003_fuel_used_gallons,A3314600620225003,331460,Minto,2019-12-01,2019,12,fuel_used_gallons,-6624,outlier_check
A3314600623225003_fuel_used_gallons,A3314600623225003,331460,Minto,2022-12-01,2022,12,fuel_used_gallons,-3082,outlier_check
A3314600724225003_govt_facil_sold_to,A3314600724225003,331460,Minto,2024-01-01,2024,1,govt_facil_sold_to,32869,outlier_check
A3314600824225003_govt_facil_sold_to,A3314600824225003,331460,Minto,2024-02-01,2024,2,govt_facil_sold_to,22434,outlier_check
A3314600625225003_govt_facil_sold_to,A3314600625225003,331460,Minto,2024-12-01,2024,12,govt_facil_sold_to,78961,outlier_check
A3314600725225003_govt_facil_sold_to,A3314600725225003,331460,Minto,2025-01-01,2025,1,govt_facil_sold_to,22690,outlier_check
A3314600526225003_powerhouse_consumption_kwh,A3314600526225003,331460,Minto,2025-11-01,2025,11,powerhouse_consumption_kwh,5329,outlier_check
A3314600526225003_commercial_sold_to,A3314600526225003,331460,Minto,2025-11-01,2025,11,commercial_sold_to,26128,outlier_check
A3314600526225003_govt_facil_sold_to,A3314600526225003,331460,Minto,2025-11-01,2025,11,govt_facil_sold_to,36013,outlier_check
A3314600626225003_powerhouse_consumption_kwh,A3314600626225003,331460,Minto,2025-12-01,2025,12,powerhouse_consumption_kwh,5935,outlier_check
A3314600626225003_commercial_sold_to,A3314600626225003,331460,Minto,2025-12-01,2025,12,commercial_sold_to,17286,outlier_check
A3314600626225003_govt_facil_sold_to,A3314600626225003,331460,Minto,2025-12-01,2025,12,govt_facil_sold_to,23518,outlier_check
A3314600726225003_diesel_kwh_generated,A3314600726225003,331460,Minto,2026-01-01,2026,1,diesel_kwh_generated,134242,outlier_check
A3314600726225003_powerhouse_consumption_kwh,A3314600726225003,331460,Minto,2026-01-01,2026,1,powerhouse_consumption_kwh,6045,outlier_check
A3314600726225003_commercial_sold_to,A3314600726225003,331460,Minto,2026-01-01,2026,1,commercial_sold_to,14614,outlier_check
A3314600726225003_govt_facil_sold_to,A3314600726225003,331460,Minto,2026-01-01,2026,1,govt_facil_sold_to,25339,outlier_check
A3314600826225003_commercial_sold_to,A3314600826225003,331460,Minto,2026-02-01,2026,2,commercial_sold_to,16553,outlier_check
A3314600826225003_govt_facil_sold_to,A3314600826225003,331460,Minto,2026-02-01,2026,2,govt_facil_sold_to,24838,outlier_check
A3314600926225003_powerhouse_consumption_kwh,A3314600926225003,331460,Minto,2026-03-01,2026,3,powerhouse_consumption_kwh,4104,outlier_check
A3314600926225003_commercial_sold_to,A3314600926225003,331460,Minto,2026-03-01,2026,3,commercial_sold_to,18964,outlier_check
A3314600926225003_govt_facil_sold_to,A3314600926225003,331460,Minto,2026-03-01,2026,3,govt_facil_sold_to,25185,outlier_check
A3314601026225003_commercial_sold_to,A3314601026225003,331460,Minto,2026-04-01,2026,4,commercial_sold_to,15622,outlier_check
A3314700516225003_commercial_sold_to,A3314700516225003,331470,Mountain Village,2015-11-01,2015,11,commercial_sold_to,44493,outlier_check
A3314700716225003_commercial_sold_to,A3314700716225003,331470,Mountain Village,2016-01-01,2016,1,commercial_sold_to,45911,outlier_check
A3314700217225003_residential_customers,A3314700217225003,331470,Mountain Village,2016-08-01,2016,8,residential_customers,71,outlier_check
A3314700626225003_commercial_sold_to,A3314700626225003,331470,Mountain Village,2025-12-01,2025,12,commercial_sold_to,46215,outlier_check
A3314700726225003_commercial_sold_to,A3314700726225003,331470,Mountain Village,2026-01-01,2026,1,commercial_sold_to,47786,outlier_check
A3314700826225003_commercial_sold_to,A3314700826225003,331470,Mountain Village,2026-02-01,2026,2,commercial_sold_to,46869,outlier_check
A3314700926225003_residential_sold_to,A3314700926225003,331470,Mountain Village,2026-03-01,2026,3,residential_sold_to,126874,outlier_check
A3314700926225003_commercial_sold_to,A3314700926225003,331470,Mountain Village,2026-03-01,2026,3,commercial_sold_to,54778,outlier_check
A3314701126225003_residential_sold_to,A3314701126225003,331470,Mountain Village,2026-05-01,2026,5,residential_sold_to,0,outlier_check
A3314701126225003_commercial_sold_to,A3314701126225003,331470,Mountain Village,2026-05-01,2026,5,commercial_sold_to,0,outlier_check
A3322801016225003_peak_consumption_kw,A3322801016225003,332280,"Naknek, South Naknek, King Salmon",2016-04-01,2016,4,peak_consumption_kw,6645,outlier_check
A3322801216225003_peak_consumption_kw,A3322801216225003,332280,"Naknek, South Naknek, King Salmon",2016-06-01,2016,6,peak_consumption_kw,7200,outlier_check
A3322801216225003_commercial_sold_to,A3322801216225003,332280,"Naknek, South Naknek, King Salmon",2016-06-01,2016,6,commercial_sold_to,1558228,outlier_check
A3322800117225003_fuel_used_gallons,A3322800117225003,332280,"Naknek, South Naknek, King Salmon",2016-07-01,2016,7,fuel_used_gallons,432464,outlier_check
A3322800117225003_diesel_kwh_generated,A3322800117225003,332280,"Naknek, South Naknek, King Salmon",2016-07-01,2016,7,diesel_kwh_generated,6588791,outlier_check
A3322800117225003_powerhouse_consumption_kwh,A3322800117225003,332280,"Naknek, South Naknek, King Salmon",2016-07-01,2016,7,powerhouse_consumption_kwh,108860,outlier_check
A3322800117225003_peak_consumption_kw,A3322800117225003,332280,"Naknek, South Naknek, King Salmon",2016-07-01,2016,7,peak_consumption_kw,13200,outlier_check
A3322800117225003_commercial_sold_to,A3322800117225003,332280,"Naknek, South Naknek, King Salmon",2016-07-01,2016,7,commercial_sold_to,5156780,outlier_check
A3322801017225003_peak_consumption_kw,A3322801017225003,332280,"Naknek, South Naknek, King Salmon",2017-04-01,2017,4,peak_consumption_kw,6050,outlier_check
A3322801117225003_fuel_used_gallons,A3322801117225003,332280,"Naknek, South Naknek, King Salmon",2017-05-01,2017,5,fuel_used_gallons,181332,outlier_check
A3322801117225003_commercial_sold_to,A3322801117225003,332280,"Naknek, South Naknek, King Salmon",2017-05-01,2017,5,commercial_sold_to,1673035,outlier_check
A3322801217225003_fuel_used_gallons,A3322801217225003,332280,"Naknek, South Naknek, King Salmon",2017-06-01,2017,6,fuel_used_gallons,237010,outlier_check
A3322801217225003_diesel_kwh_generated,A3322801217225003,332280,"Naknek, South Naknek, King Salmon",2017-06-01,2017,6,diesel_kwh_generated,2885697,outlier_check
A3322801217225003_peak_consumption_kw,A3322801217225003,332280,"Naknek, South Naknek, King Salmon",2017-06-01,2017,6,peak_consumption_kw,10200,outlier_check
A3322801217225003_commercial_sold_to,A3322801217225003,332280,"Naknek, South Naknek, King Salmon",2017-06-01,2017,6,commercial_sold_to,2094632,outlier_check
A3322800118225003_fuel_used_gallons,A3322800118225003,332280,"Naknek, South Naknek, King Salmon",2017-07-01,2017,7,fuel_used_gallons,435405,outlier_check
A3322800118225003_diesel_kwh_generated,A3322800118225003,332280,"Naknek, South Naknek, King Salmon",2017-07-01,2017,7,diesel_kwh_generated,6238533,outlier_check
A3322800118225003_powerhouse_consumption_kwh,A3322800118225003,332280,"Naknek, South Naknek, King Salmon",2017-07-01,2017,7,powerhouse_consumption_kwh,97764,outlier_check
A3322800118225003_peak_consumption_kw,A3322800118225003,332280,"Naknek, South Naknek, King Salmon",2017-07-01,2017,7,peak_consumption_kw,13400,outlier_check
A3322800118225003_commercial_sold_to,A3322800118225003,332280,"Naknek, South Naknek, King Salmon",2017-07-01,2017,7,commercial_sold_to,5380356,outlier_check
A3322801018225003_peak_consumption_kw,A3322801018225003,332280,"Naknek, South Naknek, King Salmon",2018-04-01,2018,4,peak_consumption_kw,7300,outlier_check
A3322801118225003_diesel_kwh_generated,A3322801118225003,332280,"Naknek, South Naknek, King Salmon",2018-05-01,2018,5,diesel_kwh_generated,2668584,outlier_check
A3322801118225003_peak_consumption_kw,A3322801118225003,332280,"Naknek, South Naknek, King Salmon",2018-05-01,2018,5,peak_consumption_kw,7255,outlier_check
A3322801118225003_commercial_sold_to,A3322801118225003,332280,"Naknek, South Naknek, King Salmon",2018-05-01,2018,5,commercial_sold_to,1910958,outlier_check
A3322801218225003_fuel_used_gallons,A3322801218225003,332280,"Naknek, South Naknek, King Salmon",2018-06-01,2018,6,fuel_used_gallons,206365,outlier_check
A3322801218225003_diesel_kwh_generated,A3322801218225003,332280,"Naknek, South Naknek, King Salmon",2018-06-01,2018,6,diesel_kwh_generated,2912771,outlier_check
A3322801218225003_peak_consumption_kw,A3322801218225003,332280,"Naknek, South Naknek, King Salmon",2018-06-01,2018,6,peak_consumption_kw,10800,outlier_check
A3322801218225003_commercial_sold_to,A3322801218225003,332280,"Naknek, South Naknek, King Salmon",2018-06-01,2018,6,commercial_sold_to,2045269,outlier_check
A3322800119225003_fuel_used_gallons,A3322800119225003,332280,"Naknek, South Naknek, King Salmon",2018-07-01,2018,7,fuel_used_gallons,492928,outlier_check
A3322800119225003_diesel_kwh_generated,A3322800119225003,332280,"Naknek, South Naknek, King Salmon",2018-07-01,2018,7,diesel_kwh_generated,7262232,outlier_check
A3322800119225003_peak_consumption_kw,A3322800119225003,332280,"Naknek, South Naknek, King Salmon",2018-07-01,2018,7,peak_consumption_kw,13335,outlier_check
A3322800119225003_commercial_sold_to,A3322800119225003,332280,"Naknek, South Naknek, King Salmon",2018-07-01,2018,7,commercial_sold_to,6490660,outlier_check
A3322800219225003_peak_consumption_kw,A3322800219225003,332280,"Naknek, South Naknek, King Salmon",2018-08-01,2018,8,peak_consumption_kw,5040,outlier_check
A3322801019225003_diesel_kwh_generated,A3322801019225003,332280,"Naknek, South Naknek, King Salmon",2019-04-01,2019,4,diesel_kwh_generated,2727741,outlier_check
A3322801019225003_peak_consumption_kw,A3322801019225003,332280,"Naknek, South Naknek, King Salmon",2019-04-01,2019,4,peak_consumption_kw,7161,outlier_check
A3322801019225003_commercial_sold_to,A3322801019225003,332280,"Naknek, South Naknek, King Salmon",2019-04-01,2019,4,commercial_sold_to,2012193,outlier_check
A3322801219225003_fuel_used_gallons,A3322801219225003,332280,"Naknek, South Naknek, King Salmon",2019-06-01,2019,6,fuel_used_gallons,257699,outlier_check
A3322801219225003_diesel_kwh_generated,A3322801219225003,332280,"Naknek, South Naknek, King Salmon",2019-06-01,2019,6,diesel_kwh_generated,3819828,outlier_check
A3322801219225003_commercial_sold_to,A3322801219225003,332280,"Naknek, South Naknek, King Salmon",2019-06-01,2019,6,commercial_sold_to,2902947,outlier_check
A3322800120225003_fuel_used_gallons,A3322800120225003,332280,"Naknek, South Naknek, King Salmon",2019-07-01,2019,7,fuel_used_gallons,459564,outlier_check
A3322800120225003_diesel_kwh_generated,A3322800120225003,332280,"Naknek, South Naknek, King Salmon",2019-07-01,2019,7,diesel_kwh_generated,6864486,outlier_check
A3322800120225003_peak_consumption_kw,A3322800120225003,332280,"Naknek, South Naknek, King Salmon",2019-07-01,2019,7,peak_consumption_kw,14700,outlier_check
A3322800120225003_commercial_sold_to,A3322800120225003,332280,"Naknek, South Naknek, King Salmon",2019-07-01,2019,7,commercial_sold_to,5833245,outlier_check
A3322801220225003_commercial_sold_to,A3322801220225003,332280,"Naknek, South Naknek, King Salmon",2020-06-01,2020,6,commercial_sold_to,1538080,outlier_check
A3322800121225003_fuel_used_gallons,A3322800121225003,332280,"Naknek, South Naknek, King Salmon",2020-07-01,2020,7,fuel_used_gallons,441369,outlier_check
A3322800121225003_diesel_kwh_generated,A3322800121225003,332280,"Naknek, South Naknek, King Salmon",2020-07-01,2020,7,diesel_kwh_generated,6636216,outlier_check
A3322800121225003_peak_consumption_kw,A3322800121225003,332280,"Naknek, South Naknek, King Salmon",2020-07-01,2020,7,peak_consumption_kw,13316,outlier_check
A3322800121225003_commercial_sold_to,A3322800121225003,332280,"Naknek, South Naknek, King Salmon",2020-07-01,2020,7,commercial_sold_to,5758701,outlier_check
A3322800221225003_peak_consumption_kw,A3322800221225003,332280,"Naknek, South Naknek, King Salmon",2020-08-01,2020,8,peak_consumption_kw,4683,outlier_check
A3322801121225003_fuel_used_gallons,A3322801121225003,332280,"Naknek, South Naknek, King Salmon",2021-05-01,2021,5,fuel_used_gallons,198364,outlier_check
A3322801121225003_diesel_kwh_generated,A3322801121225003,332280,"Naknek, South Naknek, King Salmon",2021-05-01,2021,5,diesel_kwh_generated,3042663,outlier_check
A3322801121225003_peak_consumption_kw,A3322801121225003,332280,"Naknek, South Naknek, King Salmon",2021-05-01,2021,5,peak_consumption_kw,7230,outlier_check
A3322801121225003_commercial_sold_to,A3322801121225003,332280,"Naknek, South Naknek, King Salmon",2021-05-01,2021,5,commercial_sold_to,2083113,outlier_check
A3322801221225003_fuel_used_gallons,A3322801221225003,332280,"Naknek, South Naknek, King Salmon",2021-06-01,2021,6,fuel_used_gallons,187598,outlier_check
A3322801221225003_diesel_kwh_generated,A3322801221225003,332280,"Naknek, South Naknek, King Salmon",2021-06-01,2021,6,diesel_kwh_generated,2938526,outlier_check
A3322801221225003_peak_consumption_kw,A3322801221225003,332280,"Naknek, South Naknek, King Salmon",2021-06-01,2021,6,peak_consumption_kw,8590,outlier_check
A3322801221225003_commercial_sold_to,A3322801221225003,332280,"Naknek, South Naknek, King Salmon",2021-06-01,2021,6,commercial_sold_to,2137414,outlier_check
A3322800122225003_fuel_used_gallons,A3322800122225003,332280,"Naknek, South Naknek, King Salmon",2021-07-01,2021,7,fuel_used_gallons,428071,outlier_check
A3322800122225003_diesel_kwh_generated,A3322800122225003,332280,"Naknek, South Naknek, King Salmon",2021-07-01,2021,7,diesel_kwh_generated,6887477,outlier_check
A3322800122225003_peak_consumption_kw,A3322800122225003,332280,"Naknek, South Naknek, King Salmon",2021-07-01,2021,7,peak_consumption_kw,13969,outlier_check
A3322800122225003_commercial_sold_to,A3322800122225003,332280,"Naknek, South Naknek, King Salmon",2021-07-01,2021,7,commercial_sold_to,5332894,outlier_check
A3322801022225003_peak_consumption_kw,A3322801022225003,332280,"Naknek, South Naknek, King Salmon",2022-04-01,2022,4,peak_consumption_kw,5635,outlier_check
A3322801122225003_fuel_used_gallons,A3322801122225003,332280,"Naknek, South Naknek, King Salmon",2022-05-01,2022,5,fuel_used_gallons,187008,outlier_check
A3322801122225003_diesel_kwh_generated,A3322801122225003,332280,"Naknek, South Naknek, King Salmon",2022-05-01,2022,5,diesel_kwh_generated,2694528,outlier_check
A3322801122225003_peak_consumption_kw,A3322801122225003,332280,"Naknek, South Naknek, King Salmon",2022-05-01,2022,5,peak_consumption_kw,7866,outlier_check
A3322801122225003_commercial_sold_to,A3322801122225003,332280,"Naknek, South Naknek, King Salmon",2022-05-01,2022,5,commercial_sold_to,2010209,outlier_check
A3322801222225003_fuel_used_gallons,A3322801222225003,332280,"Naknek, South Naknek, King Salmon",2022-06-01,2022,6,fuel_used_gallons,231084,outlier_check
A3322801222225003_diesel_kwh_generated,A3322801222225003,332280,"Naknek, South Naknek, King Salmon",2022-06-01,2022,6,diesel_kwh_generated,3621456,outlier_check
A3322801222225003_peak_consumption_kw,A3322801222225003,332280,"Naknek, South Naknek, King Salmon",2022-06-01,2022,6,peak_consumption_kw,12600,outlier_check
A3322801222225003_commercial_sold_to,A3322801222225003,332280,"Naknek, South Naknek, King Salmon",2022-06-01,2022,6,commercial_sold_to,2473571,outlier_check
A3322800123225003_fuel_used_gallons,A3322800123225003,332280,"Naknek, South Naknek, King Salmon",2022-07-01,2022,7,fuel_used_gallons,417269,outlier_check
A3322800123225003_diesel_kwh_generated,A3322800123225003,332280,"Naknek, South Naknek, King Salmon",2022-07-01,2022,7,diesel_kwh_generated,6230067,outlier_check
A3322800123225003_peak_consumption_kw,A3322800123225003,332280,"Naknek, South Naknek, King Salmon",2022-07-01,2022,7,peak_consumption_kw,12300,outlier_check
A3322800123225003_commercial_sold_to,A3322800123225003,332280,"Naknek, South Naknek, King Salmon",2022-07-01,2022,7,commercial_sold_to,5459371,outlier_check
A3322801223225003_fuel_used_gallons,A3322801223225003,332280,"Naknek, South Naknek, King Salmon",2023-06-01,2023,6,fuel_used_gallons,227885,outlier_check
A3322801223225003_diesel_kwh_generated,A3322801223225003,332280,"Naknek, South Naknek, King Salmon",2023-06-01,2023,6,diesel_kwh_generated,2951793,outlier_check
A3322801223225003_peak_consumption_kw,A3322801223225003,332280,"Naknek, South Naknek, King Salmon",2023-06-01,2023,6,peak_consumption_kw,11926,outlier_check
A3322801223225003_commercial_sold_to,A3322801223225003,332280,"Naknek, South Naknek, King Salmon",2023-06-01,2023,6,commercial_sold_to,2222391,outlier_check
A3322800124225003_fuel_used_gallons,A3322800124225003,332280,"Naknek, South Naknek, King Salmon",2023-07-01,2023,7,fuel_used_gallons,485362,outlier_check
A3322800124225003_diesel_kwh_generated,A3322800124225003,332280,"Naknek, South Naknek, King Salmon",2023-07-01,2023,7,diesel_kwh_generated,7159281,outlier_check
A3322800124225003_peak_consumption_kw,A3322800124225003,332280,"Naknek, South Naknek, King Salmon",2023-07-01,2023,7,peak_consumption_kw,15568,outlier_check
A3322800124225003_commercial_sold_to,A3322800124225003,332280,"Naknek, South Naknek, King Salmon",2023-07-01,2023,7,commercial_sold_to,6403933,outlier_check
A3322800524225003_unbilled_sold_to,A3322800524225003,332280,"Naknek, South Naknek, King Salmon",2023-11-01,2023,11,unbilled_sold_to,25423,outlier_check
A3322800624225003_unbilled_sold_to,A3322800624225003,332280,"Naknek, South Naknek, King Salmon",2023-12-01,2023,12,unbilled_sold_to,32643,outlier_check
A3322800824225003_unbilled_sold_to,A3322800824225003,332280,"Naknek, South Naknek, King Salmon",2024-02-01,2024,2,unbilled_sold_to,13460,outlier_check
A3322800924225003_unbilled_sold_to,A3322800924225003,332280,"Naknek, South Naknek, King Salmon",2024-03-01,2024,3,unbilled_sold_to,13799,outlier_check
A3322801124225003_peak_consumption_kw,A3322801124225003,332280,"Naknek, South Naknek, King Salmon",2024-05-01,2024,5,peak_consumption_kw,4990,outlier_check
A3322801224225003_fuel_used_gallons,A3322801224225003,332280,"Naknek, South Naknek, King Salmon",2024-06-01,2024,6,fuel_used_gallons,188878,outlier_check
A3322801224225003_diesel_kwh_generated,A3322801224225003,332280,"Naknek, South Naknek, King Salmon",2024-06-01,2024,6,diesel_kwh_generated,2893997,outlier_check
A3322801224225003_peak_consumption_kw,A3322801224225003,332280,"Naknek, South Naknek, King Salmon",2024-06-01,2024,6,peak_consumption_kw,10800,outlier_check
A3322801224225003_commercial_sold_to,A3322801224225003,332280,"Naknek, South Naknek, King Salmon",2024-06-01,2024,6,commercial_sold_to,2030681,outlier_check
A3322800125225003_fuel_used_gallons,A3322800125225003,332280,"Naknek, South Naknek, King Salmon",2024-07-01,2024,7,fuel_used_gallons,419418,outlier_check
A3322800125225003_diesel_kwh_generated,A3322800125225003,332280,"Naknek, South Naknek, King Salmon",2024-07-01,2024,7,diesel_kwh_generated,6264146,outlier_check
A3322800125225003_peak_consumption_kw,A3322800125225003,332280,"Naknek, South Naknek, King Salmon",2024-07-01,2024,7,peak_consumption_kw,14200,outlier_check
A3322800125225003_commercial_sold_to,A3322800125225003,332280,"Naknek, South Naknek, King Salmon",2024-07-01,2024,7,commercial_sold_to,5283943,outlier_check
A3322800725225003_unbilled_sold_to,A3322800725225003,332280,"Naknek, South Naknek, King Salmon",2025-01-01,2025,1,unbilled_sold_to,67046,outlier_check
A3322801225225003_fuel_used_gallons,A3322801225225003,332280,"Naknek, South Naknek, King Salmon",2025-06-01,2025,6,fuel_used_gallons,248517,outlier_check
A3322801225225003_diesel_kwh_generated,A3322801225225003,332280,"Naknek, South Naknek, King Salmon",2025-06-01,2025,6,diesel_kwh_generated,3570295,outlier_check
A3322801225225003_peak_consumption_kw,A3322801225225003,332280,"Naknek, South Naknek, King Salmon",2025-06-01,2025,6,peak_consumption_kw,14400,outlier_check
A3322801225225003_commercial_sold_to,A3322801225225003,332280,"Naknek, South Naknek, King Salmon",2025-06-01,2025,6,commercial_sold_to,2630055,outlier_check
A3322800126225003_fuel_used_gallons,A3322800126225003,332280,"Naknek, South Naknek, King Salmon",2025-07-01,2025,7,fuel_used_gallons,405896,outlier_check
A3322800126225003_diesel_kwh_generated,A3322800126225003,332280,"Naknek, South Naknek, King Salmon",2025-07-01,2025,7,diesel_kwh_generated,6207739,outlier_check
A3322800126225003_peak_consumption_kw,A3322800126225003,332280,"Naknek, South Naknek, King Salmon",2025-07-01,2025,7,peak_consumption_kw,15207,outlier_check
A3322800126225003_commercial_sold_to,A3322800126225003,332280,"Naknek, South Naknek, King Salmon",2025-07-01,2025,7,commercial_sold_to,5203692,outlier_check
A3322800926225003_unbilled_sold_to,A3322800926225003,332280,"Naknek, South Naknek, King Salmon",2026-03-01,2026,3,unbilled_sold_to,10430,outlier_check
A3322801226225003_fuel_used_gallons,A3322801226225003,332280,"Naknek, South Naknek, King Salmon",2026-06-01,2026,6,fuel_used_gallons,224788,outlier_check
A3322801226225003_diesel_kwh_generated,A3322801226225003,332280,"Naknek, South Naknek, King Salmon",2026-06-01,2026,6,diesel_kwh_generated,3112267,outlier_check
A3322801226225003_peak_consumption_kw,A3322801226225003,332280,"Naknek, South Naknek, King Salmon",2026-06-01,2026,6,peak_consumption_kw,13100,outlier_check
A3322801226225003_commercial_sold_to,A3322801226225003,332280,"Naknek, South Naknek, King Salmon",2026-06-01,2026,6,commercial_sold_to,2373551,outlier_check
A3322900616225003_unbilled_sold_to,A3322900616225003,332290,Napakiak,2015-12-01,2015,12,unbilled_sold_to,0,outlier_check
A3322900716225003_unbilled_sold_to,A3322900716225003,332290,Napakiak,2016-01-01,2016,1,unbilled_sold_to,0,outlier_check
A3322900816225003_unbilled_sold_to,A3322900816225003,332290,Napakiak,2016-02-01,2016,2,unbilled_sold_to,0,outlier_check
A3322900916225003_unbilled_sold_to,A3322900916225003,332290,Napakiak,2016-03-01,2016,3,unbilled_sold_to,0,outlier_check
A3322901016225003_unbilled_sold_to,A3322901016225003,332290,Napakiak,2016-04-01,2016,4,unbilled_sold_to,0,outlier_check
A3322901116225003_unbilled_sold_to,A3322901116225003,332290,Napakiak,2016-05-01,2016,5,unbilled_sold_to,0,outlier_check
A3322901216225003_unbilled_sold_to,A3322901216225003,332290,Napakiak,2016-06-01,2016,6,unbilled_sold_to,0,outlier_check
A3322900117225003_unbilled_sold_to,A3322900117225003,332290,Napakiak,2016-07-01,2016,7,unbilled_sold_to,0,outlier_check
A3322900217225003_unbilled_sold_to,A3322900217225003,332290,Napakiak,2016-08-01,2016,8,unbilled_sold_to,0,outlier_check
A3322900317225003_unbilled_sold_to,A3322900317225003,332290,Napakiak,2016-09-01,2016,9,unbilled_sold_to,0,outlier_check
A3322900417225003_unbilled_sold_to,A3322900417225003,332290,Napakiak,2016-10-01,2016,10,unbilled_sold_to,0,outlier_check
A3322900517225003_unbilled_sold_to,A3322900517225003,332290,Napakiak,2016-11-01,2016,11,unbilled_sold_to,0,outlier_check
A3322900617225003_unbilled_sold_to,A3322900617225003,332290,Napakiak,2016-12-01,2016,12,unbilled_sold_to,0,outlier_check
A3322900717225003_unbilled_sold_to,A3322900717225003,332290,Napakiak,2017-01-01,2017,1,unbilled_sold_to,0,outlier_check
A3322900817225003_unbilled_sold_to,A3322900817225003,332290,Napakiak,2017-02-01,2017,2,unbilled_sold_to,0,outlier_check
A3322900917225003_unbilled_sold_to,A3322900917225003,332290,Napakiak,2017-03-01,2017,3,unbilled_sold_to,0,outlier_check
A3322901017225003_unbilled_sold_to,A3322901017225003,332290,Napakiak,2017-04-01,2017,4,unbilled_sold_to,0,outlier_check
A3322901117225003_unbilled_sold_to,A3322901117225003,332290,Napakiak,2017-05-01,2017,5,unbilled_sold_to,0,outlier_check
A3322901217225003_unbilled_sold_to,A3322901217225003,332290,Napakiak,2017-06-01,2017,6,unbilled_sold_to,0,outlier_check
A3322900118225003_unbilled_sold_to,A3322900118225003,332290,Napakiak,2017-07-01,2017,7,unbilled_sold_to,0,outlier_check
A3322900218225003_unbilled_sold_to,A3322900218225003,332290,Napakiak,2017-08-01,2017,8,unbilled_sold_to,0,outlier_check
A3322900318225003_unbilled_sold_to,A3322900318225003,332290,Napakiak,2017-09-01,2017,9,unbilled_sold_to,0,outlier_check
A3322900418225003_unbilled_sold_to,A3322900418225003,332290,Napakiak,2017-10-01,2017,10,unbilled_sold_to,0,outlier_check
A3322900518225003_unbilled_sold_to,A3322900518225003,332290,Napakiak,2017-11-01,2017,11,unbilled_sold_to,0,outlier_check
A3322900918225003_unbilled_sold_to,A3322900918225003,332290,Napakiak,2018-03-01,2018,3,unbilled_sold_to,10553,outlier_check
A3323001016225003_commercial_sold_to,A3323001016225003,332300,Napaskiak,2016-04-01,2016,4,commercial_sold_to,47889,outlier_check
A3323001016225003_residential_customers,A3323001016225003,332300,Napaskiak,2016-04-01,2016,4,residential_customers,0,outlier_check
A3323001216225003_peak_consumption_kw,A3323001216225003,332300,Napaskiak,2016-06-01,2016,6,peak_consumption_kw,0,outlier_check
A3323000117225003_commercial_sold_to,A3323000117225003,332300,Napaskiak,2016-07-01,2016,7,commercial_sold_to,43650,outlier_check
A3323000117225003_com_facil_sold_to,A3323000117225003,332300,Napaskiak,2016-07-01,2016,7,com_facil_sold_to,25915,outlier_check
A3323000217225003_com_facil_sold_to,A3323000217225003,332300,Napaskiak,2016-08-01,2016,8,com_facil_sold_to,25865,outlier_check
A3323000317225003_com_facil_sold_to,A3323000317225003,332300,Napaskiak,2016-09-01,2016,9,com_facil_sold_to,10301,outlier_check
A3323000817225003_commercial_sold_to,A3323000817225003,332300,Napaskiak,2017-02-01,2017,2,commercial_sold_to,72453,outlier_check
A3323000817225003_unbilled_sold_to,A3323000817225003,332300,Napaskiak,2017-02-01,2017,2,unbilled_sold_to,12680,outlier_check
A3323001017225003_unbilled_sold_to,A3323001017225003,332300,Napaskiak,2017-04-01,2017,4,unbilled_sold_to,21919,outlier_check
A3323000118225003_com_facil_sold_to,A3323000118225003,332300,Napaskiak,2017-07-01,2017,7,com_facil_sold_to,9044,outlier_check
A3323001123225003_peak_consumption_kw,A3323001123225003,332300,Napaskiak,2023-05-01,2023,5,peak_consumption_kw,0,outlier_check
A3323001223225003_peak_consumption_kw,A3323001223225003,332300,Napaskiak,2023-06-01,2023,6,peak_consumption_kw,0,outlier_check
A3323000324225003_diesel_kwh_generated,A3323000324225003,332300,Napaskiak,2023-09-01,2023,9,diesel_kwh_generated,277354,outlier_check
A3323000424225003_powerhouse_consumption_kwh,A3323000424225003,332300,Napaskiak,2023-10-01,2023,10,powerhouse_consumption_kwh,34108,outlier_check
A3323000524225003_powerhouse_consumption_kwh,A3323000524225003,332300,Napaskiak,2023-11-01,2023,11,powerhouse_consumption_kwh,38097,outlier_check
A3323000624225003_powerhouse_consumption_kwh,A3323000624225003,332300,Napaskiak,2023-12-01,2023,12,powerhouse_consumption_kwh,13010,outlier_check
A3323000724225003_diesel_kwh_generated,A3323000724225003,332300,Napaskiak,2024-01-01,2024,1,diesel_kwh_generated,681700,outlier_check
A3323000724225003_powerhouse_consumption_kwh,A3323000724225003,332300,Napaskiak,2024-01-01,2024,1,powerhouse_consumption_kwh,43082,outlier_check
A3323000724225003_residential_sold_to,A3323000724225003,332300,Napaskiak,2024-01-01,2024,1,residential_sold_to,92204,outlier_check
A3323001224225003_diesel_kwh_generated,A3323001224225003,332300,Napaskiak,2024-06-01,2024,6,diesel_kwh_generated,731992,outlier_check
A3323000125225003_diesel_kwh_generated,A3323000125225003,332300,Napaskiak,2024-07-01,2024,7,diesel_kwh_generated,385793,outlier_check
A3323000125225003_unbilled_sold_to,A3323000125225003,332300,Napaskiak,2024-07-01,2024,7,unbilled_sold_to,35325,outlier_check
A3323000325225003_fuel_used_gallons,A3323000325225003,332300,Napaskiak,2024-09-01,2024,9,fuel_used_gallons,45104,outlier_check
A3323000325225003_powerhouse_consumption_kwh,A3323000325225003,332300,Napaskiak,2024-09-01,2024,9,powerhouse_consumption_kwh,62691,outlier_check
A3323000625225003_diesel_kwh_generated,A3323000625225003,332300,Napaskiak,2024-12-01,2024,12,diesel_kwh_generated,295713,outlier_check
A3323000925225003_unbilled_sold_to,A3323000925225003,332300,Napaskiak,2025-03-01,2025,3,unbilled_sold_to,33686,outlier_check
A3323000526225003_commercial_sold_to,A3323000526225003,332300,Napaskiak,2025-11-01,2025,11,commercial_sold_to,50456,outlier_check
A3323000726225003_commercial_sold_to,A3323000726225003,332300,Napaskiak,2026-01-01,2026,1,commercial_sold_to,54210,outlier_check
A3323000826225003_commercial_sold_to,A3323000826225003,332300,Napaskiak,2026-02-01,2026,2,commercial_sold_to,48721,outlier_check
A3323000926225003_commercial_sold_to,A3323000926225003,332300,Napaskiak,2026-03-01,2026,3,commercial_sold_to,47799,outlier_check
A3323001026225003_commercial_sold_to,A3323001026225003,332300,Napaskiak,2026-04-01,2026,4,commercial_sold_to,45362,outlier_check
A3323001226225003_peak_consumption_kw,A3323001226225003,332300,Napaskiak,2026-06-01,2026,6,peak_consumption_kw,492,outlier_check
A3323000127225003_residential_rate,A3323000127225003,332300,Napaskiak,2026-07-01,2026,7,residential_rate,11242.16,outlier_check
A3311700726225003_residential_sold_to,A3311700726225003,331170,Naukati Bay,2026-01-01,2026,1,residential_sold_to,61259,outlier_check
A3323200716225003_fuel_used_gallons,A3323200716225003,332320,Nelson Lagoon,2016-01-01,2016,1,fuel_used_gallons,8875,outlier_check
A3323200816225003_powerhouse_consumption_kwh,A3323200816225003,332320,Nelson Lagoon,2016-02-01,2016,2,powerhouse_consumption_kwh,5229,outlier_check
A3323200618225003_fuel_used_gallons,A3323200618225003,332320,Nelson Lagoon,2017-12-01,2017,12,fuel_used_gallons,4253,outlier_check
A3323200920225003_fuel_used_gallons,A3323200920225003,332320,Nelson Lagoon,2020-03-01,2020,3,fuel_used_gallons,6690,outlier_check
A3323201020225003_fuel_used_gallons,A3323201020225003,332320,Nelson Lagoon,2020-04-01,2020,4,fuel_used_gallons,8677,outlier_check
A3323201021225003_peak_consumption_kw,A3323201021225003,332320,Nelson Lagoon,2021-04-01,2021,4,peak_consumption_kw,7202,outlier_check
A3323201121225003_peak_consumption_kw,A3323201121225003,332320,Nelson Lagoon,2021-05-01,2021,5,peak_consumption_kw,7202,outlier_check
A3323201221225003_peak_consumption_kw,A3323201221225003,332320,Nelson Lagoon,2021-06-01,2021,6,peak_consumption_kw,7202,outlier_check
A3323200822225003_peak_consumption_kw,A3323200822225003,332320,Nelson Lagoon,2022-02-01,2022,2,peak_consumption_kw,7202,outlier_check
A3323200922225003_peak_consumption_kw,A3323200922225003,332320,Nelson Lagoon,2022-03-01,2022,3,peak_consumption_kw,7202,outlier_check
A3323201022225003_fuel_used_gallons,A3323201022225003,332320,Nelson Lagoon,2022-04-01,2022,4,fuel_used_gallons,6092,outlier_check
A3323201022225003_peak_consumption_kw,A3323201022225003,332320,Nelson Lagoon,2022-04-01,2022,4,peak_consumption_kw,7202,outlier_check
A3323201122225003_peak_consumption_kw,A3323201122225003,332320,Nelson Lagoon,2022-05-01,2022,5,peak_consumption_kw,7202,outlier_check
A3323201222225003_peak_consumption_kw,A3323201222225003,332320,Nelson Lagoon,2022-06-01,2022,6,peak_consumption_kw,7202,outlier_check
A3323200123225003_peak_consumption_kw,A3323200123225003,332320,Nelson Lagoon,2022-07-01,2022,7,peak_consumption_kw,7202,outlier_check
A3323200223225003_peak_consumption_kw,A3323200223225003,332320,Nelson Lagoon,2022-08-01,2022,8,peak_consumption_kw,7202,outlier_check
A3323200323225003_peak_consumption_kw,A3323200323225003,332320,Nelson Lagoon,2022-09-01,2022,9,peak_consumption_kw,7202,outlier_check
A3323200423225003_peak_consumption_kw,A3323200423225003,332320,Nelson Lagoon,2022-10-01,2022,10,peak_consumption_kw,7202,outlier_check
A3323200523225003_peak_consumption_kw,A3323200523225003,332320,Nelson Lagoon,2022-11-01,2022,11,peak_consumption_kw,7202,outlier_check
A3323200623225003_peak_consumption_kw,A3323200623225003,332320,Nelson Lagoon,2022-12-01,2022,12,peak_consumption_kw,7202,outlier_check
A3323200723225003_peak_consumption_kw,A3323200723225003,332320,Nelson Lagoon,2023-01-01,2023,1,peak_consumption_kw,7202,outlier_check
A3323200723225003_com_facil_sold_to,A3323200723225003,332320,Nelson Lagoon,2023-01-01,2023,1,com_facil_sold_to,8649,outlier_check
A3323200823225003_peak_consumption_kw,A3323200823225003,332320,Nelson Lagoon,2023-02-01,2023,2,peak_consumption_kw,7202,outlier_check
A3323200923225003_peak_consumption_kw,A3323200923225003,332320,Nelson Lagoon,2023-03-01,2023,3,peak_consumption_kw,7202,outlier_check
A3323201023225003_peak_consumption_kw,A3323201023225003,332320,Nelson Lagoon,2023-04-01,2023,4,peak_consumption_kw,7202,outlier_check
A3323201123225003_fuel_used_gallons,A3323201123225003,332320,Nelson Lagoon,2023-05-01,2023,5,fuel_used_gallons,25196,outlier_check
A3323201123225003_peak_consumption_kw,A3323201123225003,332320,Nelson Lagoon,2023-05-01,2023,5,peak_consumption_kw,7202,outlier_check
A3323201223225003_peak_consumption_kw,A3323201223225003,332320,Nelson Lagoon,2023-06-01,2023,6,peak_consumption_kw,7202,outlier_check
A3323200124225003_peak_consumption_kw,A3323200124225003,332320,Nelson Lagoon,2023-07-01,2023,7,peak_consumption_kw,7202,outlier_check
A3323200224225003_peak_consumption_kw,A3323200224225003,332320,Nelson Lagoon,2023-08-01,2023,8,peak_consumption_kw,7202,outlier_check
A3323200324225003_peak_consumption_kw,A3323200324225003,332320,Nelson Lagoon,2023-09-01,2023,9,peak_consumption_kw,7202,outlier_check
A3323200424225003_peak_consumption_kw,A3323200424225003,332320,Nelson Lagoon,2023-10-01,2023,10,peak_consumption_kw,7202,outlier_check
A3323200524225003_peak_consumption_kw,A3323200524225003,332320,Nelson Lagoon,2023-11-01,2023,11,peak_consumption_kw,7202,outlier_check
A3323200624225003_peak_consumption_kw,A3323200624225003,332320,Nelson Lagoon,2023-12-01,2023,12,peak_consumption_kw,7202,outlier_check
A3323200724225003_peak_consumption_kw,A3323200724225003,332320,Nelson Lagoon,2024-01-01,2024,1,peak_consumption_kw,7202,outlier_check
A3323200824225003_peak_consumption_kw,A3323200824225003,332320,Nelson Lagoon,2024-02-01,2024,2,peak_consumption_kw,7202,outlier_check
A3323200924225003_peak_consumption_kw,A3323200924225003,332320,Nelson Lagoon,2024-03-01,2024,3,peak_consumption_kw,7202,outlier_check
A3323201024225003_fuel_used_gallons,A3323201024225003,332320,Nelson Lagoon,2024-04-01,2024,4,fuel_used_gallons,8261,outlier_check
A3323201024225003_peak_consumption_kw,A3323201024225003,332320,Nelson Lagoon,2024-04-01,2024,4,peak_consumption_kw,7202,outlier_check
A3323201124225003_fuel_used_gallons,A3323201124225003,332320,Nelson Lagoon,2024-05-01,2024,5,fuel_used_gallons,9876,outlier_check
A3323201124225003_peak_consumption_kw,A3323201124225003,332320,Nelson Lagoon,2024-05-01,2024,5,peak_consumption_kw,7202,outlier_check
A3323201224225003_peak_consumption_kw,A3323201224225003,332320,Nelson Lagoon,2024-06-01,2024,6,peak_consumption_kw,7202,outlier_check
A3323201224225003_commercial_sold_to,A3323201224225003,332320,Nelson Lagoon,2024-06-01,2024,6,commercial_sold_to,16305,outlier_check
A3323200125225003_peak_consumption_kw,A3323200125225003,332320,Nelson Lagoon,2024-07-01,2024,7,peak_consumption_kw,7202,outlier_check
A3323200125225003_commercial_sold_to,A3323200125225003,332320,Nelson Lagoon,2024-07-01,2024,7,commercial_sold_to,16132,outlier_check
A3323200225225003_peak_consumption_kw,A3323200225225003,332320,Nelson Lagoon,2024-08-01,2024,8,peak_consumption_kw,7202,outlier_check
A3323200325225003_fuel_used_gallons,A3323200325225003,332320,Nelson Lagoon,2024-09-01,2024,9,fuel_used_gallons,10128,outlier_check
A3323200325225003_peak_consumption_kw,A3323200325225003,332320,Nelson Lagoon,2024-09-01,2024,9,peak_consumption_kw,7202,outlier_check
A3323200425225003_fuel_used_gallons,A3323200425225003,332320,Nelson Lagoon,2024-10-01,2024,10,fuel_used_gallons,10835,outlier_check
A3323200425225003_peak_consumption_kw,A3323200425225003,332320,Nelson Lagoon,2024-10-01,2024,10,peak_consumption_kw,7202,outlier_check
A3323200525225003_peak_consumption_kw,A3323200525225003,332320,Nelson Lagoon,2024-11-01,2024,11,peak_consumption_kw,7202,outlier_check
A3323200625225003_peak_consumption_kw,A3323200625225003,332320,Nelson Lagoon,2024-12-01,2024,12,peak_consumption_kw,7202,outlier_check
A3323200725225003_peak_consumption_kw,A3323200725225003,332320,Nelson Lagoon,2025-01-01,2025,1,peak_consumption_kw,7202,outlier_check
A3323200825225003_peak_consumption_kw,A3323200825225003,332320,Nelson Lagoon,2025-02-01,2025,2,peak_consumption_kw,7202,outlier_check
A3323200925225003_peak_consumption_kw,A3323200925225003,332320,Nelson Lagoon,2025-03-01,2025,3,peak_consumption_kw,7202,outlier_check
A3323201025225003_peak_consumption_kw,A3323201025225003,332320,Nelson Lagoon,2025-04-01,2025,4,peak_consumption_kw,7202,outlier_check
A3323201125225003_peak_consumption_kw,A3323201125225003,332320,Nelson Lagoon,2025-05-01,2025,5,peak_consumption_kw,7202,outlier_check
A3323201225225003_peak_consumption_kw,A3323201225225003,332320,Nelson Lagoon,2025-06-01,2025,6,peak_consumption_kw,7202,outlier_check
A3323201225225003_commercial_sold_to,A3323201225225003,332320,Nelson Lagoon,2025-06-01,2025,6,commercial_sold_to,22278,outlier_check
A3323200126225003_peak_consumption_kw,A3323200126225003,332320,Nelson Lagoon,2025-07-01,2025,7,peak_consumption_kw,7202,outlier_check
A3323200126225003_commercial_sold_to,A3323200126225003,332320,Nelson Lagoon,2025-07-01,2025,7,commercial_sold_to,14285,outlier_check
A3323200226225003_fuel_used_gallons,A3323200226225003,332320,Nelson Lagoon,2025-08-01,2025,8,fuel_used_gallons,4860,outlier_check
A3323200226225003_peak_consumption_kw,A3323200226225003,332320,Nelson Lagoon,2025-08-01,2025,8,peak_consumption_kw,7202,outlier_check
A3323200326225003_fuel_used_gallons,A3323200326225003,332320,Nelson Lagoon,2025-09-01,2025,9,fuel_used_gallons,5628,outlier_check
A3323200426225003_fuel_used_gallons,A3323200426225003,332320,Nelson Lagoon,2025-10-01,2025,10,fuel_used_gallons,5425,outlier_check
A3323200826225003_total_kwh_purchased,A3323200826225003,332320,Nelson Lagoon,2026-02-01,2026,2,total_kwh_purchased,25279,outlier_check
A3323201026225003_fuel_used_gallons,A3323201026225003,332320,Nelson Lagoon,2026-04-01,2026,4,fuel_used_gallons,9551,outlier_check
A3323201226225003_commercial_sold_to,A3323201226225003,332320,Nelson Lagoon,2026-06-01,2026,6,commercial_sold_to,19778,outlier_check
A3323200127225003_commercial_sold_to,A3323200127225003,332320,Nelson Lagoon,2026-07-01,2026,7,commercial_sold_to,24504,outlier_check
A3314800116225003_commercial_sold_to,A3314800116225003,331480,New Stuyahok,2015-07-01,2015,7,commercial_sold_to,19107,outlier_check
A3314800216225003_commercial_sold_to,A3314800216225003,331480,New Stuyahok,2015-08-01,2015,8,commercial_sold_to,18882,outlier_check
A3314800316225003_commercial_sold_to,A3314800316225003,331480,New Stuyahok,2015-09-01,2015,9,commercial_sold_to,21639,outlier_check
A3314800416225003_commercial_sold_to,A3314800416225003,331480,New Stuyahok,2015-10-01,2015,10,commercial_sold_to,20657,outlier_check
A3314800516225003_commercial_sold_to,A3314800516225003,331480,New Stuyahok,2015-11-01,2015,11,commercial_sold_to,20037,outlier_check
A3314800616225003_commercial_sold_to,A3314800616225003,331480,New Stuyahok,2015-12-01,2015,12,commercial_sold_to,19954,outlier_check
A3314800716225003_commercial_sold_to,A3314800716225003,331480,New Stuyahok,2016-01-01,2016,1,commercial_sold_to,21334,outlier_check
A3314800618225003_fuel_used_gallons,A3314800618225003,331480,New Stuyahok,2017-12-01,2017,12,fuel_used_gallons,-9920,outlier_check
A3314800823225003_fuel_used_gallons,A3314800823225003,331480,New Stuyahok,2023-02-01,2023,2,fuel_used_gallons,879,outlier_check
A3314801223225003_fuel_used_gallons,A3314801223225003,331480,New Stuyahok,2023-06-01,2023,6,fuel_used_gallons,0,outlier_check
A3314800924225003_powerhouse_consumption_kwh,A3314800924225003,331480,New Stuyahok,2024-03-01,2024,3,powerhouse_consumption_kwh,14957,outlier_check
A3314800225225003_powerhouse_consumption_kwh,A3314800225225003,331480,New Stuyahok,2024-08-01,2024,8,powerhouse_consumption_kwh,7738,outlier_check
A3314800325225003_powerhouse_consumption_kwh,A3314800325225003,331480,New Stuyahok,2024-09-01,2024,9,powerhouse_consumption_kwh,7730,outlier_check
A3314800425225003_powerhouse_consumption_kwh,A3314800425225003,331480,New Stuyahok,2024-10-01,2024,10,powerhouse_consumption_kwh,7534,outlier_check
A3314801125225003_fuel_used_gallons,A3314801125225003,331480,New Stuyahok,2025-05-01,2025,5,fuel_used_gallons,0,outlier_check
A3314800526225003_commercial_sold_to,A3314800526225003,331480,New Stuyahok,2025-11-01,2025,11,commercial_sold_to,-5399,outlier_check
A3314800626225003_commercial_sold_to,A3314800626225003,331480,New Stuyahok,2025-12-01,2025,12,commercial_sold_to,47865,outlier_check
A3314800726225003_commercial_sold_to,A3314800726225003,331480,New Stuyahok,2026-01-01,2026,1,commercial_sold_to,26393,outlier_check
A3314800826225003_commercial_sold_to,A3314800826225003,331480,New Stuyahok,2026-02-01,2026,2,commercial_sold_to,24144,outlier_check
A3314800926225003_commercial_sold_to,A3314800926225003,331480,New Stuyahok,2026-03-01,2026,3,commercial_sold_to,26907,outlier_check
A3314801026225003_commercial_sold_to,A3314801026225003,331480,New Stuyahok,2026-04-01,2026,4,commercial_sold_to,23202,outlier_check
A3314801126225003_residential_sold_to,A3314801126225003,331480,New Stuyahok,2026-05-01,2026,5,residential_sold_to,0,outlier_check
A3314801126225003_commercial_sold_to,A3314801126225003,331480,New Stuyahok,2026-05-01,2026,5,commercial_sold_to,0,outlier_check
A3314801126225003_com_facil_sold_to,A3314801126225003,331480,New Stuyahok,2026-05-01,2026,5,com_facil_sold_to,0,outlier_check
A3314801126225003_govt_facil_sold_to,A3314801126225003,331480,New Stuyahok,2026-05-01,2026,5,govt_facil_sold_to,0,outlier_check
A3328700716225003_govt_facil_sold_to,A3328700716225003,332870,Newtok,2016-01-01,2016,1,govt_facil_sold_to,1132,outlier_check
A3328700916225003_unbilled_sold_to,A3328700916225003,332870,Newtok,2016-03-01,2016,3,unbilled_sold_to,1505,outlier_check
A3328700817225003_govt_facil_sold_to,A3328700817225003,332870,Newtok,2017-02-01,2017,2,govt_facil_sold_to,1193,outlier_check
A3328700519225003_govt_facil_sold_to,A3328700519225003,332870,Newtok,2018-11-01,2018,11,govt_facil_sold_to,1171,outlier_check
A3328700619225003_govt_facil_sold_to,A3328700619225003,332870,Newtok,2018-12-01,2018,12,govt_facil_sold_to,1191,outlier_check
A3328700222225003_commercial_sold_to,A3328700222225003,332870,Newtok,2021-08-01,2021,8,commercial_sold_to,38198,outlier_check
A3328700522225003_commercial_sold_to,A3328700522225003,332870,Newtok,2021-11-01,2021,11,commercial_sold_to,30152,outlier_check
A3328700622225003_fuel_used_gallons,A3328700622225003,332870,Newtok,2021-12-01,2021,12,fuel_used_gallons,9552,outlier_check
A3328700722225003_fuel_used_gallons,A3328700722225003,332870,Newtok,2022-01-01,2022,1,fuel_used_gallons,9037,outlier_check
A3328700822225003_powerhouse_consumption_kwh,A3328700822225003,332870,Newtok,2022-02-01,2022,2,powerhouse_consumption_kwh,3414,outlier_check
A3328701022225003_commercial_sold_to,A3328701022225003,332870,Newtok,2022-04-01,2022,4,commercial_sold_to,22783,outlier_check
A3328701222225003_fuel_used_gallons,A3328701222225003,332870,Newtok,2022-06-01,2022,6,fuel_used_gallons,12958,outlier_check
A3328701222225003_powerhouse_consumption_kwh,A3328701222225003,332870,Newtok,2022-06-01,2022,6,powerhouse_consumption_kwh,3964,outlier_check
A3328700223225003_commercial_sold_to,A3328700223225003,332870,Newtok,2022-08-01,2022,8,commercial_sold_to,23759,outlier_check
A3328700323225003_commercial_sold_to,A3328700323225003,332870,Newtok,2022-09-01,2022,9,commercial_sold_to,28047,outlier_check
A3328700823225003_com_facil_sold_to,A3328700823225003,332870,Newtok,2023-02-01,2023,2,com_facil_sold_to,6908,outlier_check
A3328701123225003_commercial_sold_to,A3328701123225003,332870,Newtok,2023-05-01,2023,5,commercial_sold_to,23904,outlier_check
A3328700524225003_fuel_used_gallons,A3328700524225003,332870,Newtok,2023-11-01,2023,11,fuel_used_gallons,7800,outlier_check
A3328700624225003_powerhouse_consumption_kwh,A3328700624225003,332870,Newtok,2023-12-01,2023,12,powerhouse_consumption_kwh,2434,outlier_check
A3328700624225003_commercial_sold_to,A3328700624225003,332870,Newtok,2023-12-01,2023,12,commercial_sold_to,24221,outlier_check
A3328700724225003_powerhouse_consumption_kwh,A3328700724225003,332870,Newtok,2024-01-01,2024,1,powerhouse_consumption_kwh,2434,outlier_check
A3328700824225003_fuel_used_gallons,A3328700824225003,332870,Newtok,2024-02-01,2024,2,fuel_used_gallons,11736,outlier_check
A3328700824225003_powerhouse_consumption_kwh,A3328700824225003,332870,Newtok,2024-02-01,2024,2,powerhouse_consumption_kwh,4570,outlier_check
A3328700924225003_com_facil_sold_to,A3328700924225003,332870,Newtok,2024-03-01,2024,3,com_facil_sold_to,7429,outlier_check
A3328701124225003_fuel_used_gallons,A3328701124225003,332870,Newtok,2024-05-01,2024,5,fuel_used_gallons,11907,outlier_check
A3328701124225003_powerhouse_consumption_kwh,A3328701124225003,332870,Newtok,2024-05-01,2024,5,powerhouse_consumption_kwh,3111,outlier_check
A3328701124225003_govt_facil_sold_to,A3328701124225003,332870,Newtok,2024-05-01,2024,5,govt_facil_sold_to,1435,outlier_check
A3328701224225003_govt_facil_sold_to,A3328701224225003,332870,Newtok,2024-06-01,2024,6,govt_facil_sold_to,1502,outlier_check
A3328700125225003_commercial_sold_to,A3328700125225003,332870,Newtok,2024-07-01,2024,7,commercial_sold_to,24896,outlier_check
A3328700125225003_govt_facil_sold_to,A3328700125225003,332870,Newtok,2024-07-01,2024,7,govt_facil_sold_to,1879,outlier_check
A3328700225225003_fuel_used_gallons,A3328700225225003,332870,Newtok,2024-08-01,2024,8,fuel_used_gallons,10205,outlier_check
A3328700225225003_powerhouse_consumption_kwh,A3328700225225003,332870,Newtok,2024-08-01,2024,8,powerhouse_consumption_kwh,2444,outlier_check
A3328700425225003_fuel_used_gallons,A3328700425225003,332870,Newtok,2024-10-01,2024,10,fuel_used_gallons,11062,outlier_check
A3328700525225003_govt_facil_sold_to,A3328700525225003,332870,Newtok,2024-11-01,2024,11,govt_facil_sold_to,2092,outlier_check
A3328700625225003_govt_facil_sold_to,A3328700625225003,332870,Newtok,2024-12-01,2024,12,govt_facil_sold_to,1324,outlier_check
A3328700725225003_govt_facil_sold_to,A3328700725225003,332870,Newtok,2025-01-01,2025,1,govt_facil_sold_to,1326,outlier_check
A3328700825225003_powerhouse_consumption_kwh,A3328700825225003,332870,Newtok,2025-02-01,2025,2,powerhouse_consumption_kwh,6287,outlier_check
A3328700925225003_powerhouse_consumption_kwh,A3328700925225003,332870,Newtok,2025-03-01,2025,3,powerhouse_consumption_kwh,6287,outlier_check
A3328701025225003_fuel_used_gallons,A3328701025225003,332870,Newtok,2025-04-01,2025,4,fuel_used_gallons,13414,outlier_check
A3328701025225003_powerhouse_consumption_kwh,A3328701025225003,332870,Newtok,2025-04-01,2025,4,powerhouse_consumption_kwh,8954,outlier_check
A3328701125225003_fuel_used_gallons,A3328701125225003,332870,Newtok,2025-05-01,2025,5,fuel_used_gallons,13764,outlier_check
A3328701125225003_powerhouse_consumption_kwh,A3328701125225003,332870,Newtok,2025-05-01,2025,5,powerhouse_consumption_kwh,3815,outlier_check
A3328701125225003_govt_facil_sold_to,A3328701125225003,332870,Newtok,2025-05-01,2025,5,govt_facil_sold_to,3720,outlier_check
A3328701225225003_govt_facil_sold_to,A3328701225225003,332870,Newtok,2025-06-01,2025,6,govt_facil_sold_to,1395,outlier_check
A3328700126225003_govt_facil_sold_to,A3328700126225003,332870,Newtok,2025-07-01,2025,7,govt_facil_sold_to,1396,outlier_check
A3328700226225003_govt_facil_sold_to,A3328700226225003,332870,Newtok,2025-08-01,2025,8,govt_facil_sold_to,1498,outlier_check
A3328700426225003_fuel_used_gallons,A3328700426225003,332870,Newtok,2025-10-01,2025,10,fuel_used_gallons,10024,outlier_check
A3328700426225003_powerhouse_consumption_kwh,A3328700426225003,332870,Newtok,2025-10-01,2025,10,powerhouse_consumption_kwh,3696,outlier_check
A3328700426225003_commercial_sold_to,A3328700426225003,332870,Newtok,2025-10-01,2025,10,commercial_sold_to,22389,outlier_check
A3328700626225003_fuel_used_gallons,A3328700626225003,332870,Newtok,2025-12-01,2025,12,fuel_used_gallons,10781,outlier_check
A3328700626225003_powerhouse_consumption_kwh,A3328700626225003,332870,Newtok,2025-12-01,2025,12,powerhouse_consumption_kwh,3288,outlier_check
A3328700626225003_residential_sold_to,A3328700626225003,332870,Newtok,2025-12-01,2025,12,residential_sold_to,53739,outlier_check
A3328700626225003_commercial_sold_to,A3328700626225003,332870,Newtok,2025-12-01,2025,12,commercial_sold_to,34830,outlier_check
A3328700626225003_govt_facil_sold_to,A3328700626225003,332870,Newtok,2025-12-01,2025,12,govt_facil_sold_to,1776,outlier_check
A3328700726225003_fuel_used_gallons,A3328700726225003,332870,Newtok,2026-01-01,2026,1,fuel_used_gallons,10781,outlier_check
A3328700726225003_powerhouse_consumption_kwh,A3328700726225003,332870,Newtok,2026-01-01,2026,1,powerhouse_consumption_kwh,3288,outlier_check
A3328700726225003_govt_facil_sold_to,A3328700726225003,332870,Newtok,2026-01-01,2026,1,govt_facil_sold_to,1710,outlier_check
A3328700826225003_fuel_used_gallons,A3328700826225003,332870,Newtok,2026-02-01,2026,2,fuel_used_gallons,11669,outlier_check
A3328700826225003_powerhouse_consumption_kwh,A3328700826225003,332870,Newtok,2026-02-01,2026,2,powerhouse_consumption_kwh,5954,outlier_check
A3328700826225003_peak_consumption_kw,A3328700826225003,332870,Newtok,2026-02-01,2026,2,peak_consumption_kw,198,outlier_check
A3328700926225003_fuel_used_gallons,A3328700926225003,332870,Newtok,2026-03-01,2026,3,fuel_used_gallons,12648,outlier_check
A3328700926225003_powerhouse_consumption_kwh,A3328700926225003,332870,Newtok,2026-03-01,2026,3,powerhouse_consumption_kwh,3653,outlier_check
A3328700926225003_peak_consumption_kw,A3328700926225003,332870,Newtok,2026-03-01,2026,3,peak_consumption_kw,240,outlier_check
A3328700926225003_commercial_sold_to,A3328700926225003,332870,Newtok,2026-03-01,2026,3,commercial_sold_to,25894,outlier_check
A3328700926225003_govt_facil_sold_to,A3328700926225003,332870,Newtok,2026-03-01,2026,3,govt_facil_sold_to,1576,outlier_check
A3328701026225003_fuel_used_gallons,A3328701026225003,332870,Newtok,2026-04-01,2026,4,fuel_used_gallons,12648,outlier_check
A3328701026225003_powerhouse_consumption_kwh,A3328701026225003,332870,Newtok,2026-04-01,2026,4,powerhouse_consumption_kwh,3653,outlier_check
A3328701026225003_peak_consumption_kw,A3328701026225003,332870,Newtok,2026-04-01,2026,4,peak_consumption_kw,240,outlier_check
A3328701026225003_govt_facil_sold_to,A3328701026225003,332870,Newtok,2026-04-01,2026,4,govt_facil_sold_to,1277,outlier_check
A3328701126225003_fuel_used_gallons,A3328701126225003,332870,Newtok,2026-05-01,2026,5,fuel_used_gallons,12648,outlier_check
A3328701126225003_powerhouse_consumption_kwh,A3328701126225003,332870,Newtok,2026-05-01,2026,5,powerhouse_consumption_kwh,3653,outlier_check
A3328701126225003_peak_consumption_kw,A3328701126225003,332870,Newtok,2026-05-01,2026,5,peak_consumption_kw,240,outlier_check
A3328701226225003_peak_consumption_kw,A3328701226225003,332870,Newtok,2026-06-01,2026,6,peak_consumption_kw,198,outlier_check
A3314900516225003_commercial_sold_to,A3314900516225003,331490,Nightmute,2015-11-01,2015,11,commercial_sold_to,8688,outlier_check
A3314900616225003_commercial_sold_to,A3314900616225003,331490,Nightmute,2015-12-01,2015,12,commercial_sold_to,9718,outlier_check
A3314900716225003_commercial_sold_to,A3314900716225003,331490,Nightmute,2016-01-01,2016,1,commercial_sold_to,11219,outlier_check
A3314900217225003_residential_customers,A3314900217225003,331490,Nightmute,2016-08-01,2016,8,residential_customers,262,outlier_check
A3314900417225003_residential_customers,A3314900417225003,331490,Nightmute,2016-10-01,2016,10,residential_customers,259,outlier_check
A3314900517225003_residential_customers,A3314900517225003,331490,Nightmute,2016-11-01,2016,11,residential_customers,262,outlier_check
A3314900717225003_residential_customers,A3314900717225003,331490,Nightmute,2017-01-01,2017,1,residential_customers,265,outlier_check
A3314900817225003_residential_customers,A3314900817225003,331490,Nightmute,2017-02-01,2017,2,residential_customers,265,outlier_check
A3314900518225003_com_facil_sold_to,A3314900518225003,331490,Nightmute,2017-11-01,2017,11,com_facil_sold_to,31507,outlier_check
A3314900618225003_com_facil_sold_to,A3314900618225003,331490,Nightmute,2017-12-01,2017,12,com_facil_sold_to,34862,outlier_check
A3314900718225003_com_facil_sold_to,A3314900718225003,331490,Nightmute,2018-01-01,2018,1,com_facil_sold_to,37490,outlier_check
A3314900818225003_com_facil_sold_to,A3314900818225003,331490,Nightmute,2018-02-01,2018,2,com_facil_sold_to,36081,outlier_check
A3314900918225003_com_facil_sold_to,A3314900918225003,331490,Nightmute,2018-03-01,2018,3,com_facil_sold_to,33736,outlier_check
A3314901018225003_com_facil_sold_to,A3314901018225003,331490,Nightmute,2018-04-01,2018,4,com_facil_sold_to,35541,outlier_check
A3314901118225003_com_facil_sold_to,A3314901118225003,331490,Nightmute,2018-05-01,2018,5,com_facil_sold_to,29415,outlier_check
A3314900519225003_com_facil_sold_to,A3314900519225003,331490,Nightmute,2018-11-01,2018,11,com_facil_sold_to,30985,outlier_check
A3314900619225003_com_facil_sold_to,A3314900619225003,331490,Nightmute,2018-12-01,2018,12,com_facil_sold_to,37626,outlier_check
A3314900719225003_com_facil_sold_to,A3314900719225003,331490,Nightmute,2019-01-01,2019,1,com_facil_sold_to,35301,outlier_check
A3314900919225003_com_facil_sold_to,A3314900919225003,331490,Nightmute,2019-03-01,2019,3,com_facil_sold_to,29270,outlier_check
A3314900726225003_residential_sold_to,A3314900726225003,331490,Nightmute,2026-01-01,2026,1,residential_sold_to,66990,outlier_check
A3314900726225003_commercial_sold_to,A3314900726225003,331490,Nightmute,2026-01-01,2026,1,commercial_sold_to,26393,outlier_check
A3314900726225003_residential_customers,A3314900726225003,331490,Nightmute,2026-01-01,2026,1,residential_customers,106,outlier_check
A3314901026225003_commercial_sold_to,A3314901026225003,331490,Nightmute,2026-04-01,2026,4,commercial_sold_to,18579,outlier_check
A3314901126225003_residential_sold_to,A3314901126225003,331490,Nightmute,2026-05-01,2026,5,residential_sold_to,0,outlier_check
A3323300318225003_powerhouse_consumption_kwh,A3323300318225003,332330,Nikolai,2017-09-01,2017,9,powerhouse_consumption_kwh,4356,outlier_check
A3323300719225003_fuel_used_gallons,A3323300719225003,332330,Nikolai,2019-01-01,2019,1,fuel_used_gallons,7597,outlier_check
A3323300719225003_residential_sold_to,A3323300719225003,332330,Nikolai,2019-01-01,2019,1,residential_sold_to,27661,outlier_check
A3323300220225003_commercial_sold_to,A3323300220225003,332330,Nikolai,2019-08-01,2019,8,commercial_sold_to,26314,outlier_check
A3323300520225003_residential_sold_to,A3323300520225003,332330,Nikolai,2019-11-01,2019,11,residential_sold_to,23612,outlier_check
A3323300521225003_fuel_used_gallons,A3323300521225003,332330,Nikolai,2020-11-01,2020,11,fuel_used_gallons,8000,outlier_check
A3323300521225003_residential_sold_to,A3323300521225003,332330,Nikolai,2020-11-01,2020,11,residential_sold_to,35853,outlier_check
A3323301021225003_fuel_used_gallons,A3323301021225003,332330,Nikolai,2021-04-01,2021,4,fuel_used_gallons,6644,outlier_check
A3323301021225003_residential_sold_to,A3323301021225003,332330,Nikolai,2021-04-01,2021,4,residential_sold_to,28337,outlier_check
A3323300122225003_fuel_used_gallons,A3323300122225003,332330,Nikolai,2021-07-01,2021,7,fuel_used_gallons,9079,outlier_check
A3323300122225003_powerhouse_consumption_kwh,A3323300122225003,332330,Nikolai,2021-07-01,2021,7,powerhouse_consumption_kwh,5872,outlier_check
A3323300222225003_fuel_used_gallons,A3323300222225003,332330,Nikolai,2021-08-01,2021,8,fuel_used_gallons,8457,outlier_check
A3323300222225003_residential_sold_to,A3323300222225003,332330,Nikolai,2021-08-01,2021,8,residential_sold_to,22821,outlier_check
A3323300522225003_govt_facil_sold_to,A3323300522225003,332330,Nikolai,2021-11-01,2021,11,govt_facil_sold_to,14439,outlier_check
A3323300622225003_residential_sold_to,A3323300622225003,332330,Nikolai,2021-12-01,2021,12,residential_sold_to,26049,outlier_check
A3323300822225003_unbilled_sold_to,A3323300822225003,332330,Nikolai,2022-02-01,2022,2,unbilled_sold_to,12526,outlier_check
A3323300823225003_powerhouse_consumption_kwh,A3323300823225003,332330,Nikolai,2023-02-01,2023,2,powerhouse_consumption_kwh,4274,outlier_check
A3323301123225003_fuel_used_gallons,A3323301123225003,332330,Nikolai,2023-05-01,2023,5,fuel_used_gallons,0,outlier_check
A3323301123225003_peak_consumption_kw,A3323301123225003,332330,Nikolai,2023-05-01,2023,5,peak_consumption_kw,0,outlier_check
A3323301223225003_fuel_used_gallons,A3323301223225003,332330,Nikolai,2023-06-01,2023,6,fuel_used_gallons,0,outlier_check
A3323301223225003_peak_consumption_kw,A3323301223225003,332330,Nikolai,2023-06-01,2023,6,peak_consumption_kw,0,outlier_check
A3323300426225003_residential_sold_to,A3323300426225003,332330,Nikolai,2025-10-01,2025,10,residential_sold_to,23734,outlier_check
A3323300526225003_fuel_used_gallons,A3323300526225003,332330,Nikolai,2025-11-01,2025,11,fuel_used_gallons,0,outlier_check
A3323300726225003_diesel_kwh_generated,A3323300726225003,332330,Nikolai,2026-01-01,2026,1,diesel_kwh_generated,90192,outlier_check
A3323300726225003_residential_sold_to,A3323300726225003,332330,Nikolai,2026-01-01,2026,1,residential_sold_to,25097,outlier_check
A3323300726225003_govt_facil_sold_to,A3323300726225003,332330,Nikolai,2026-01-01,2026,1,govt_facil_sold_to,12108,outlier_check
A3323300726225003_unbilled_sold_to,A3323300726225003,332330,Nikolai,2026-01-01,2026,1,unbilled_sold_to,10917,outlier_check
A3327400221225003_fuel_used_gallons,A3327400221225003,332740,Nikolski,2020-08-01,2020,8,fuel_used_gallons,3072,outlier_check
A3327400422225003_fuel_used_gallons,A3327400422225003,332740,Nikolski,2021-10-01,2021,10,fuel_used_gallons,0,outlier_check
A3327400422225003_diesel_kwh_generated,A3327400422225003,332740,Nikolski,2021-10-01,2021,10,diesel_kwh_generated,0,outlier_check
A3327400422225003_peak_consumption_kw,A3327400422225003,332740,Nikolski,2021-10-01,2021,10,peak_consumption_kw,0,outlier_check
A3327400522225003_diesel_kwh_generated,A3327400522225003,332740,Nikolski,2021-11-01,2021,11,diesel_kwh_generated,0,outlier_check
A3327401123225003_fuel_used_gallons,A3327401123225003,332740,Nikolski,2023-05-01,2023,5,fuel_used_gallons,3630,outlier_check
A3327401224225003_fuel_used_gallons,A3327401224225003,332740,Nikolski,2024-06-01,2024,6,fuel_used_gallons,4610,outlier_check
A3327401224225003_diesel_kwh_generated,A3327401224225003,332740,Nikolski,2024-06-01,2024,6,diesel_kwh_generated,44654,outlier_check
A3327400125225003_powerhouse_consumption_kwh,A3327400125225003,332740,Nikolski,2024-07-01,2024,7,powerhouse_consumption_kwh,4984,outlier_check
A3327400725225003_fuel_used_gallons,A3327400725225003,332740,Nikolski,2025-01-01,2025,1,fuel_used_gallons,3042,outlier_check
A3327400825225003_fuel_used_gallons,A3327400825225003,332740,Nikolski,2025-02-01,2025,2,fuel_used_gallons,2885,outlier_check
A3327400925225003_fuel_used_gallons,A3327400925225003,332740,Nikolski,2025-03-01,2025,3,fuel_used_gallons,3170,outlier_check
A3327400925225003_com_facil_sold_to,A3327400925225003,332740,Nikolski,2025-03-01,2025,3,com_facil_sold_to,9925,outlier_check
A3327400626225003_powerhouse_consumption_kwh,A3327400626225003,332740,Nikolski,2025-12-01,2025,12,powerhouse_consumption_kwh,4878,outlier_check
A3327400926225003_fuel_used_gallons,A3327400926225003,332740,Nikolski,2026-03-01,2026,3,fuel_used_gallons,4100,outlier_check
A3327400926225003_com_facil_sold_to,A3327400926225003,332740,Nikolski,2026-03-01,2026,3,com_facil_sold_to,7247,outlier_check
A3327401026225003_fuel_used_gallons,A3327401026225003,332740,Nikolski,2026-04-01,2026,4,fuel_used_gallons,3493,outlier_check
A3327401126225003_fuel_used_gallons,A3327401126225003,332740,Nikolski,2026-05-01,2026,5,fuel_used_gallons,2962,outlier_check
A3327401226225003_fuel_used_gallons,A3327401226225003,332740,Nikolski,2026-06-01,2026,6,fuel_used_gallons,3151,outlier_check
A3315000116225003_commercial_sold_to,A3315000116225003,331500,Noatak,2015-07-01,2015,7,commercial_sold_to,18522,outlier_check
A3315000216225003_commercial_sold_to,A3315000216225003,331500,Noatak,2015-08-01,2015,8,commercial_sold_to,17564,outlier_check
A3315000416225003_commercial_sold_to,A3315000416225003,331500,Noatak,2015-10-01,2015,10,commercial_sold_to,18443,outlier_check
A3315000516225003_commercial_sold_to,A3315000516225003,331500,Noatak,2015-11-01,2015,11,commercial_sold_to,17508,outlier_check
A3315000616225003_commercial_sold_to,A3315000616225003,331500,Noatak,2015-12-01,2015,12,commercial_sold_to,18494,outlier_check
A3315000716225003_commercial_sold_to,A3315000716225003,331500,Noatak,2016-01-01,2016,1,commercial_sold_to,19623,outlier_check
A3315000722225003_powerhouse_consumption_kwh,A3315000722225003,331500,Noatak,2022-01-01,2022,1,powerhouse_consumption_kwh,12428,outlier_check
A3315000623225003_fuel_used_gallons,A3315000623225003,331500,Noatak,2022-12-01,2022,12,fuel_used_gallons,-3114,outlier_check
A3315000823225003_fuel_used_gallons,A3315000823225003,331500,Noatak,2023-02-01,2023,2,fuel_used_gallons,954,outlier_check
A3315001223225003_fuel_used_gallons,A3315001223225003,331500,Noatak,2023-06-01,2023,6,fuel_used_gallons,0,outlier_check
A3315000324225003_powerhouse_consumption_kwh,A3315000324225003,331500,Noatak,2023-09-01,2023,9,powerhouse_consumption_kwh,16994,outlier_check
A3315000724225003_powerhouse_consumption_kwh,A3315000724225003,331500,Noatak,2024-01-01,2024,1,powerhouse_consumption_kwh,9203,outlier_check
A3315001024225003_solar_kwh_generated,A3315001024225003,331500,Noatak,2024-04-01,2024,4,solar_kwh_generated,35382,outlier_check
A3315001124225003_solar_kwh_generated,A3315001124225003,331500,Noatak,2024-05-01,2024,5,solar_kwh_generated,45141,outlier_check
A3315001224225003_solar_kwh_generated,A3315001224225003,331500,Noatak,2024-06-01,2024,6,solar_kwh_generated,36308,outlier_check
A3315000525225003_powerhouse_consumption_kwh,A3315000525225003,331500,Noatak,2024-11-01,2024,11,powerhouse_consumption_kwh,9126,outlier_check
A3315001125225003_fuel_used_gallons,A3315001125225003,331500,Noatak,2025-05-01,2025,5,fuel_used_gallons,0,outlier_check
A3315001125225003_solar_kwh_generated,A3315001125225003,331500,Noatak,2025-05-01,2025,5,solar_kwh_generated,17578,outlier_check
A3315000126225003_powerhouse_consumption_kwh,A3315000126225003,331500,Noatak,2025-07-01,2025,7,powerhouse_consumption_kwh,9593,outlier_check
A3315000226225003_powerhouse_consumption_kwh,A3315000226225003,331500,Noatak,2025-08-01,2025,8,powerhouse_consumption_kwh,10100,outlier_check
A3315000526225003_commercial_sold_to,A3315000526225003,331500,Noatak,2025-11-01,2025,11,commercial_sold_to,20925,outlier_check
A3315000626225003_commercial_sold_to,A3315000626225003,331500,Noatak,2025-12-01,2025,12,commercial_sold_to,24044,outlier_check
A3315000726225003_commercial_sold_to,A3315000726225003,331500,Noatak,2026-01-01,2026,1,commercial_sold_to,5640,outlier_check
A3315000726225003_residential_customers,A3315000726225003,331500,Noatak,2026-01-01,2026,1,residential_customers,55,outlier_check
A3315000826225003_commercial_sold_to,A3315000826225003,331500,Noatak,2026-02-01,2026,2,commercial_sold_to,21336,outlier_check
A3315000926225003_commercial_sold_to,A3315000926225003,331500,Noatak,2026-03-01,2026,3,commercial_sold_to,26907,outlier_check
A3315001026225003_commercial_sold_to,A3315001026225003,331500,Noatak,2026-04-01,2026,4,commercial_sold_to,20731,outlier_check
A3315001126225003_residential_sold_to,A3315001126225003,331500,Noatak,2026-05-01,2026,5,residential_sold_to,0,outlier_check
A3315001126225003_commercial_sold_to,A3315001126225003,331500,Noatak,2026-05-01,2026,5,commercial_sold_to,0,outlier_check
A3323400121225003_powerhouse_consumption_kwh,A3323400121225003,332340,Nome,2020-07-01,2020,7,powerhouse_consumption_kwh,195374,outlier_check
A3323400324225003_peak_consumption_kw,A3323400324225003,332340,Nome,2023-09-01,2023,9,peak_consumption_kw,8169,outlier_check
A3323400325225003_residential_customers,A3323400325225003,332340,Nome,2024-09-01,2024,9,residential_customers,1315,outlier_check
A3323400825225003_powerhouse_consumption_kwh,A3323400825225003,332340,Nome,2025-02-01,2025,2,powerhouse_consumption_kwh,159368,outlier_check
A3323401126225003_commercial_customers,A3323401126225003,332340,Nome,2026-05-01,2026,5,commercial_customers,381,outlier_check
A3323401226225003_commercial_customers,A3323401226225003,332340,Nome,2026-06-01,2026,6,commercial_customers,381,outlier_check
A3315100217225003_residential_customers,A3315100217225003,331510,Noorvik,2016-08-01,2016,8,residential_customers,85,outlier_check
A3315100417225003_residential_customers,A3315100417225003,331510,Noorvik,2016-10-01,2016,10,residential_customers,84,outlier_check
A3315100517225003_residential_customers,A3315100517225003,331510,Noorvik,2016-11-01,2016,11,residential_customers,85,outlier_check
A3315100717225003_residential_customers,A3315100717225003,331510,Noorvik,2017-01-01,2017,1,residential_customers,83,outlier_check
A3315100817225003_residential_customers,A3315100817225003,331510,Noorvik,2017-02-01,2017,2,residential_customers,85,outlier_check
A3315100526225003_commercial_sold_to,A3315100526225003,331510,Noorvik,2025-11-01,2025,11,commercial_sold_to,25886,outlier_check
A3315100626225003_commercial_sold_to,A3315100626225003,331510,Noorvik,2025-12-01,2025,12,commercial_sold_to,24490,outlier_check
A3315100726225003_powerhouse_consumption_kwh,A3315100726225003,331510,Noorvik,2026-01-01,2026,1,powerhouse_consumption_kwh,6910,outlier_check
A3315100726225003_commercial_sold_to,A3315100726225003,331510,Noorvik,2026-01-01,2026,1,commercial_sold_to,25527,outlier_check
A3315100826225003_commercial_sold_to,A3315100826225003,331510,Noorvik,2026-02-01,2026,2,commercial_sold_to,24947,outlier_check
A3315100926225003_commercial_sold_to,A3315100926225003,331510,Noorvik,2026-03-01,2026,3,commercial_sold_to,26843,outlier_check
A3315101126225003_commercial_sold_to,A3315101126225003,331510,Noorvik,2026-05-01,2026,5,commercial_sold_to,0,outlier_check
A3311800919225003_peak_consumption_kw,A3311800919225003,331180,"Northway, Northway Village, Northway Junction",2019-03-01,2019,3,peak_consumption_kw,412,outlier_check
A3311800621225003_govt_facil_sold_to,A3311800621225003,331180,"Northway, Northway Village, Northway Junction",2020-12-01,2020,12,govt_facil_sold_to,0,outlier_check
A3311800621225003_unbilled_sold_to,A3311800621225003,331180,"Northway, Northway Village, Northway Junction",2020-12-01,2020,12,unbilled_sold_to,25680,outlier_check
A3311801125225003_powerhouse_consumption_kwh,A3311801125225003,331180,"Northway, Northway Village, Northway Junction",2025-05-01,2025,5,powerhouse_consumption_kwh,5040,outlier_check
A3311800626225003_powerhouse_consumption_kwh,A3311800626225003,331180,"Northway, Northway Village, Northway Junction",2025-12-01,2025,12,powerhouse_consumption_kwh,3936,outlier_check
A3311800626225003_residential_sold_to,A3311800626225003,331180,"Northway, Northway Village, Northway Junction",2025-12-01,2025,12,residential_sold_to,54557,outlier_check
A3311800726225003_powerhouse_consumption_kwh,A3311800726225003,331180,"Northway, Northway Village, Northway Junction",2026-01-01,2026,1,powerhouse_consumption_kwh,4248,outlier_check
A3311800726225003_residential_sold_to,A3311800726225003,331180,"Northway, Northway Village, Northway Junction",2026-01-01,2026,1,residential_sold_to,59563,outlier_check
A3311801026225003_powerhouse_consumption_kwh,A3311801026225003,331180,"Northway, Northway Village, Northway Junction",2026-04-01,2026,4,powerhouse_consumption_kwh,3960,outlier_check
A3323800119225003_powerhouse_consumption_kwh,A3323800119225003,332380,Nuiqsut,2018-07-01,2018,7,powerhouse_consumption_kwh,0,outlier_check
A3323800719225003_powerhouse_consumption_kwh,A3323800719225003,332380,Nuiqsut,2019-01-01,2019,1,powerhouse_consumption_kwh,0,outlier_check
A3323800819225003_powerhouse_consumption_kwh,A3323800819225003,332380,Nuiqsut,2019-02-01,2019,2,powerhouse_consumption_kwh,0,outlier_check
A3323800919225003_powerhouse_consumption_kwh,A3323800919225003,332380,Nuiqsut,2019-03-01,2019,3,powerhouse_consumption_kwh,0,outlier_check
A3323801019225003_peak_consumption_kw,A3323801019225003,332380,Nuiqsut,2019-04-01,2019,4,peak_consumption_kw,5077,outlier_check
A3323800220225003_powerhouse_consumption_kwh,A3323800220225003,332380,Nuiqsut,2019-08-01,2019,8,powerhouse_consumption_kwh,0,outlier_check
A3323800121225003_powerhouse_consumption_kwh,A3323800121225003,332380,Nuiqsut,2020-07-01,2020,7,powerhouse_consumption_kwh,0,outlier_check
A3323800221225003_powerhouse_consumption_kwh,A3323800221225003,332380,Nuiqsut,2020-08-01,2020,8,powerhouse_consumption_kwh,0,outlier_check
A3323800321225003_powerhouse_consumption_kwh,A3323800321225003,332380,Nuiqsut,2020-09-01,2020,9,powerhouse_consumption_kwh,0,outlier_check
A3323800421225003_powerhouse_consumption_kwh,A3323800421225003,332380,Nuiqsut,2020-10-01,2020,10,powerhouse_consumption_kwh,0,outlier_check
A3323800521225003_powerhouse_consumption_kwh,A3323800521225003,332380,Nuiqsut,2020-11-01,2020,11,powerhouse_consumption_kwh,0,outlier_check
A3323800821225003_diesel_kwh_generated,A3323800821225003,332380,Nuiqsut,2021-02-01,2021,2,diesel_kwh_generated,652888,outlier_check
A3323800821225003_peak_consumption_kw,A3323800821225003,332380,Nuiqsut,2021-02-01,2021,2,peak_consumption_kw,2522,outlier_check
A3323800921225003_powerhouse_consumption_kwh,A3323800921225003,332380,Nuiqsut,2021-03-01,2021,3,powerhouse_consumption_kwh,0,outlier_check
A3323800122225003_powerhouse_consumption_kwh,A3323800122225003,332380,Nuiqsut,2021-07-01,2021,7,powerhouse_consumption_kwh,0,outlier_check
A3323800425225003_powerhouse_consumption_kwh,A3323800425225003,332380,Nuiqsut,2024-10-01,2024,10,powerhouse_consumption_kwh,57674,outlier_check
A3323800625225003_diesel_kwh_generated,A3323800625225003,332380,Nuiqsut,2024-12-01,2024,12,diesel_kwh_generated,645329,outlier_check
A3323800725225003_diesel_kwh_generated,A3323800725225003,332380,Nuiqsut,2025-01-01,2025,1,diesel_kwh_generated,729664,outlier_check
A3323800926225003_peak_consumption_kw,A3323800926225003,332380,Nuiqsut,2026-03-01,2026,3,peak_consumption_kw,3802,outlier_check
A3315200616225003_fuel_used_gallons,A3315200616225003,331520,Nulato,2015-12-01,2015,12,fuel_used_gallons,-200,outlier_check
A3315200616225003_commercial_sold_to,A3315200616225003,331520,Nulato,2015-12-01,2015,12,commercial_sold_to,11969,outlier_check
A3315200716225003_commercial_sold_to,A3315200716225003,331520,Nulato,2016-01-01,2016,1,commercial_sold_to,12488,outlier_check
A3315200217225003_residential_customers,A3315200217225003,331520,Nulato,2016-08-01,2016,8,residential_customers,1859,outlier_check
A3315200417225003_residential_customers,A3315200417225003,331520,Nulato,2016-10-01,2016,10,residential_customers,1893,outlier_check
A3315200517225003_residential_customers,A3315200517225003,331520,Nulato,2016-11-01,2016,11,residential_customers,1880,outlier_check
A3315200717225003_residential_customers,A3315200717225003,331520,Nulato,2017-01-01,2017,1,residential_customers,1864,outlier_check
A3315200817225003_residential_customers,A3315200817225003,331520,Nulato,2017-02-01,2017,2,residential_customers,1861,outlier_check
A3315200618225003_fuel_used_gallons,A3315200618225003,331520,Nulato,2017-12-01,2017,12,fuel_used_gallons,-5464,outlier_check
A3315200620225003_fuel_used_gallons,A3315200620225003,331520,Nulato,2019-12-01,2019,12,fuel_used_gallons,-2619,outlier_check
A3315200623225003_fuel_used_gallons,A3315200623225003,331520,Nulato,2022-12-01,2022,12,fuel_used_gallons,-12748,outlier_check
A3315200723225003_com_facil_sold_to,A3315200723225003,331520,Nulato,2023-01-01,2023,1,com_facil_sold_to,47336,outlier_check
A3315200823225003_fuel_used_gallons,A3315200823225003,331520,Nulato,2023-02-01,2023,2,fuel_used_gallons,583,outlier_check
A3315201123225003_powerhouse_consumption_kwh,A3315201123225003,331520,Nulato,2023-05-01,2023,5,powerhouse_consumption_kwh,3000,outlier_check
A3315201223225003_fuel_used_gallons,A3315201223225003,331520,Nulato,2023-06-01,2023,6,fuel_used_gallons,0,outlier_check
A3315201125225003_fuel_used_gallons,A3315201125225003,331520,Nulato,2025-05-01,2025,5,fuel_used_gallons,0,outlier_check
A3315200626225003_commercial_sold_to,A3315200626225003,331520,Nulato,2025-12-01,2025,12,commercial_sold_to,10015,outlier_check
A3315200726225003_commercial_sold_to,A3315200726225003,331520,Nulato,2026-01-01,2026,1,commercial_sold_to,11763,outlier_check
A3315200926225003_commercial_sold_to,A3315200926225003,331520,Nulato,2026-03-01,2026,3,commercial_sold_to,11849,outlier_check
A3315201126225003_residential_sold_to,A3315201126225003,331520,Nulato,2026-05-01,2026,5,residential_sold_to,0,outlier_check
A3324200916225003_unbilled_sold_to,A3324200916225003,332420,Nunam Iqua,2016-03-01,2016,3,unbilled_sold_to,1873,outlier_check
A3324201019225003_residential_customers,A3324201019225003,332420,Nunam Iqua,2019-04-01,2019,4,residential_customers,476,outlier_check
A3315300616225003_commercial_sold_to,A3315300616225003,331530,Nunapitchuk,2015-12-01,2015,12,commercial_sold_to,15451,outlier_check
A3315300716225003_commercial_sold_to,A3315300716225003,331530,Nunapitchuk,2016-01-01,2016,1,commercial_sold_to,16111,outlier_check
A3315300217225003_residential_customers,A3315300217225003,331530,Nunapitchuk,2016-08-01,2016,8,residential_customers,50,outlier_check
A3315300417225003_residential_customers,A3315300417225003,331530,Nunapitchuk,2016-10-01,2016,10,residential_customers,50,outlier_check
A3315300517225003_residential_customers,A3315300517225003,331530,Nunapitchuk,2016-11-01,2016,11,residential_customers,49,outlier_check
A3315300717225003_residential_customers,A3315300717225003,331530,Nunapitchuk,2017-01-01,2017,1,residential_customers,50,outlier_check
A3315300817225003_residential_customers,A3315300817225003,331530,Nunapitchuk,2017-02-01,2017,2,residential_customers,50,outlier_check
A3315300524225003_commercial_sold_to,A3315300524225003,331530,Nunapitchuk,2023-11-01,2023,11,commercial_sold_to,15805,outlier_check
A3315300624225003_commercial_sold_to,A3315300624225003,331530,Nunapitchuk,2023-12-01,2023,12,commercial_sold_to,15389,outlier_check
A3315300724225003_commercial_sold_to,A3315300724225003,331530,Nunapitchuk,2024-01-01,2024,1,commercial_sold_to,17360,outlier_check
A3315300824225003_commercial_sold_to,A3315300824225003,331530,Nunapitchuk,2024-02-01,2024,2,commercial_sold_to,15858,outlier_check
A3315300924225003_commercial_sold_to,A3315300924225003,331530,Nunapitchuk,2024-03-01,2024,3,commercial_sold_to,16798,outlier_check
A3315301024225003_commercial_sold_to,A3315301024225003,331530,Nunapitchuk,2024-04-01,2024,4,commercial_sold_to,17171,outlier_check
A3315300425225003_commercial_sold_to,A3315300425225003,331530,Nunapitchuk,2024-10-01,2024,10,commercial_sold_to,-50916,outlier_check
A3315300425225003_com_facil_sold_to,A3315300425225003,331530,Nunapitchuk,2024-10-01,2024,10,com_facil_sold_to,74476,outlier_check
A3315300726225003_commercial_sold_to,A3315300726225003,331530,Nunapitchuk,2026-01-01,2026,1,commercial_sold_to,15894,outlier_check
A3315300926225003_commercial_sold_to,A3315300926225003,331530,Nunapitchuk,2026-03-01,2026,3,commercial_sold_to,15706,outlier_check
A3315301126225003_residential_sold_to,A3315301126225003,331530,Nunapitchuk,2026-05-01,2026,5,residential_sold_to,0,outlier_check
A3315301126225003_commercial_sold_to,A3315301126225003,331530,Nunapitchuk,2026-05-01,2026,5,commercial_sold_to,0,outlier_check
A3315400116225003_commercial_sold_to,A3315400116225003,331540,Old Harbor,2015-07-01,2015,7,commercial_sold_to,10037,outlier_check
A3315400216225003_commercial_sold_to,A3315400216225003,331540,Old Harbor,2015-08-01,2015,8,commercial_sold_to,11869,outlier_check
A3315400316225003_commercial_sold_to,A3315400316225003,331540,Old Harbor,2015-09-01,2015,9,commercial_sold_to,10124,outlier_check
A3315400616225003_fuel_used_gallons,A3315400616225003,331540,Old Harbor,2015-12-01,2015,12,fuel_used_gallons,823,outlier_check
A3315400217225003_residential_customers,A3315400217225003,331540,Old Harbor,2016-08-01,2016,8,residential_customers,203,outlier_check
A3315400417225003_residential_customers,A3315400417225003,331540,Old Harbor,2016-10-01,2016,10,residential_customers,208,outlier_check
A3315400517225003_residential_customers,A3315400517225003,331540,Old Harbor,2016-11-01,2016,11,residential_customers,207,outlier_check
A3315400617225003_fuel_used_gallons,A3315400617225003,331540,Old Harbor,2016-12-01,2016,12,fuel_used_gallons,7148,outlier_check
A3315400717225003_residential_customers,A3315400717225003,331540,Old Harbor,2017-01-01,2017,1,residential_customers,207,outlier_check
A3315400817225003_residential_customers,A3315400817225003,331540,Old Harbor,2017-02-01,2017,2,residential_customers,207,outlier_check
A3315400618225003_fuel_used_gallons,A3315400618225003,331540,Old Harbor,2017-12-01,2017,12,fuel_used_gallons,1183,outlier_check
A3315400619225003_fuel_used_gallons,A3315400619225003,331540,Old Harbor,2018-12-01,2018,12,fuel_used_gallons,1928,outlier_check
A3315400620225003_fuel_used_gallons,A3315400620225003,331540,Old Harbor,2019-12-01,2019,12,fuel_used_gallons,-2467,outlier_check
A3315400722225003_fuel_used_gallons,A3315400722225003,331540,Old Harbor,2022-01-01,2022,1,fuel_used_gallons,7347,outlier_check
A3315400623225003_fuel_used_gallons,A3315400623225003,331540,Old Harbor,2022-12-01,2022,12,fuel_used_gallons,1824,outlier_check
A3315400823225003_fuel_used_gallons,A3315400823225003,331540,Old Harbor,2023-02-01,2023,2,fuel_used_gallons,195,outlier_check
A3315401223225003_fuel_used_gallons,A3315401223225003,331540,Old Harbor,2023-06-01,2023,6,fuel_used_gallons,0,outlier_check
A3315401125225003_fuel_used_gallons,A3315401125225003,331540,Old Harbor,2025-05-01,2025,5,fuel_used_gallons,0,outlier_check
A3315400626225003_fuel_used_gallons,A3315400626225003,331540,Old Harbor,2025-12-01,2025,12,fuel_used_gallons,7076,outlier_check
A3315400626225003_powerhouse_consumption_kwh,A3315400626225003,331540,Old Harbor,2025-12-01,2025,12,powerhouse_consumption_kwh,14745,outlier_check
A3315401126225003_residential_sold_to,A3315401126225003,331540,Old Harbor,2026-05-01,2026,5,residential_sold_to,0,outlier_check
A3315401126225003_com_facil_sold_to,A3315401126225003,331540,Old Harbor,2026-05-01,2026,5,com_facil_sold_to,0,outlier_check
A3315401126225003_govt_facil_sold_to,A3315401126225003,331540,Old Harbor,2026-05-01,2026,5,govt_facil_sold_to,0,outlier_check
A3324400819225003_govt_facil_sold_to,A3324400819225003,332440,Ouzinkie,2019-02-01,2019,2,govt_facil_sold_to,2025,outlier_check
A3324500121225003_diesel_kwh_generated,A3324500121225003,332450,Pedro Bay,2020-07-01,2020,7,diesel_kwh_generated,0,outlier_check
A3324500121225003_powerhouse_consumption_kwh,A3324500121225003,332450,Pedro Bay,2020-07-01,2020,7,powerhouse_consumption_kwh,0,outlier_check
A3324501222225003_powerhouse_consumption_kwh,A3324501222225003,332450,Pedro Bay,2022-06-01,2022,6,powerhouse_consumption_kwh,3083,outlier_check
A3324500123225003_powerhouse_consumption_kwh,A3324500123225003,332450,Pedro Bay,2022-07-01,2022,7,powerhouse_consumption_kwh,3075,outlier_check
A3324500223225003_powerhouse_consumption_kwh,A3324500223225003,332450,Pedro Bay,2022-08-01,2022,8,powerhouse_consumption_kwh,2049,outlier_check
A3324500425225003_peak_consumption_kw,A3324500425225003,332450,Pedro Bay,2024-10-01,2024,10,peak_consumption_kw,123,outlier_check
A3324600117225003_diesel_kwh_generated,A3324600117225003,332460,Pelican,2016-07-01,2016,7,diesel_kwh_generated,25914,outlier_check
A3324600217225003_diesel_kwh_generated,A3324600217225003,332460,Pelican,2016-08-01,2016,8,diesel_kwh_generated,38172,outlier_check
A3324600517225003_powerhouse_consumption_kwh,A3324600517225003,332460,Pelican,2016-11-01,2016,11,powerhouse_consumption_kwh,13667,outlier_check
A3324600617225003_diesel_kwh_generated,A3324600617225003,332460,Pelican,2016-12-01,2016,12,diesel_kwh_generated,257720,outlier_check
A3324600617225003_powerhouse_consumption_kwh,A3324600617225003,332460,Pelican,2016-12-01,2016,12,powerhouse_consumption_kwh,115654,outlier_check
A3324600122225003_fuel_used_gallons,A3324600122225003,332460,Pelican,2021-07-01,2021,7,fuel_used_gallons,350,outlier_check
A3324600122225003_diesel_kwh_generated,A3324600122225003,332460,Pelican,2021-07-01,2021,7,diesel_kwh_generated,5467,outlier_check
A3324600322225003_fuel_used_gallons,A3324600322225003,332460,Pelican,2021-09-01,2021,9,fuel_used_gallons,115,outlier_check
A3324600422225003_fuel_used_gallons,A3324600422225003,332460,Pelican,2021-10-01,2021,10,fuel_used_gallons,856,outlier_check
A3324600422225003_diesel_kwh_generated,A3324600422225003,332460,Pelican,2021-10-01,2021,10,diesel_kwh_generated,10548,outlier_check
A3324600622225003_fuel_used_gallons,A3324600622225003,332460,Pelican,2021-12-01,2021,12,fuel_used_gallons,5027,outlier_check
A3324600622225003_diesel_kwh_generated,A3324600622225003,332460,Pelican,2021-12-01,2021,12,diesel_kwh_generated,64395,outlier_check
A3324600722225003_fuel_used_gallons,A3324600722225003,332460,Pelican,2022-01-01,2022,1,fuel_used_gallons,3461,outlier_check
A3324600722225003_diesel_kwh_generated,A3324600722225003,332460,Pelican,2022-01-01,2022,1,diesel_kwh_generated,48240,outlier_check
A3324600922225003_residential_customers,A3324600922225003,332460,Pelican,2022-03-01,2022,3,residential_customers,25971,outlier_check
A3324600922225003_commercial_customers,A3324600922225003,332460,Pelican,2022-03-01,2022,3,commercial_customers,24989,outlier_check
A3324600922225003_com_facil_customers,A3324600922225003,332460,Pelican,2022-03-01,2022,3,com_facil_customers,24789,outlier_check
A3324600922225003_govt_facil_customers,A3324600922225003,332460,Pelican,2022-03-01,2022,3,govt_facil_customers,297,outlier_check
A3324600922225003_unbilled_customers,A3324600922225003,332460,Pelican,2022-03-01,2022,3,unbilled_customers,24436,outlier_check
A3324601022225003_fuel_used_gallons,A3324601022225003,332460,Pelican,2022-04-01,2022,4,fuel_used_gallons,727,outlier_check
A3324601022225003_diesel_kwh_generated,A3324601022225003,332460,Pelican,2022-04-01,2022,4,diesel_kwh_generated,8893,outlier_check
A3324600323225003_fuel_used_gallons,A3324600323225003,332460,Pelican,2022-09-01,2022,9,fuel_used_gallons,697,outlier_check
A3324600323225003_diesel_kwh_generated,A3324600323225003,332460,Pelican,2022-09-01,2022,9,diesel_kwh_generated,9444,outlier_check
A3324600423225003_fuel_used_gallons,A3324600423225003,332460,Pelican,2022-10-01,2022,10,fuel_used_gallons,3186,outlier_check
A3324600423225003_diesel_kwh_generated,A3324600423225003,332460,Pelican,2022-10-01,2022,10,diesel_kwh_generated,43590,outlier_check
A3324600523225003_fuel_used_gallons,A3324600523225003,332460,Pelican,2022-11-01,2022,11,fuel_used_gallons,8054,outlier_check
A3324600523225003_diesel_kwh_generated,A3324600523225003,332460,Pelican,2022-11-01,2022,11,diesel_kwh_generated,110202,outlier_check
A3324600623225003_fuel_used_gallons,A3324600623225003,332460,Pelican,2022-12-01,2022,12,fuel_used_gallons,7847,outlier_check
A3324600623225003_diesel_kwh_generated,A3324600623225003,332460,Pelican,2022-12-01,2022,12,diesel_kwh_generated,111335,outlier_check
A3324600723225003_fuel_used_gallons,A3324600723225003,332460,Pelican,2023-01-01,2023,1,fuel_used_gallons,7552,outlier_check
A3324600723225003_diesel_kwh_generated,A3324600723225003,332460,Pelican,2023-01-01,2023,1,diesel_kwh_generated,106075,outlier_check
A3324600823225003_fuel_used_gallons,A3324600823225003,332460,Pelican,2023-02-01,2023,2,fuel_used_gallons,2738,outlier_check
A3324600823225003_diesel_kwh_generated,A3324600823225003,332460,Pelican,2023-02-01,2023,2,diesel_kwh_generated,38170,outlier_check
A3324600923225003_fuel_used_gallons,A3324600923225003,332460,Pelican,2023-03-01,2023,3,fuel_used_gallons,3920,outlier_check
A3324600923225003_diesel_kwh_generated,A3324600923225003,332460,Pelican,2023-03-01,2023,3,diesel_kwh_generated,55610,outlier_check
A3324600324225003_fuel_used_gallons,A3324600324225003,332460,Pelican,2023-09-01,2023,9,fuel_used_gallons,172,outlier_check
A3324600724225003_fuel_used_gallons,A3324600724225003,332460,Pelican,2024-01-01,2024,1,fuel_used_gallons,3461,outlier_check
A3324600724225003_diesel_kwh_generated,A3324600724225003,332460,Pelican,2024-01-01,2024,1,diesel_kwh_generated,43553,outlier_check
A3324600824225003_fuel_used_gallons,A3324600824225003,332460,Pelican,2024-02-01,2024,2,fuel_used_gallons,592,outlier_check
A3324600824225003_diesel_kwh_generated,A3324600824225003,332460,Pelican,2024-02-01,2024,2,diesel_kwh_generated,10713,outlier_check
A3324600924225003_fuel_used_gallons,A3324600924225003,332460,Pelican,2024-03-01,2024,3,fuel_used_gallons,1871,outlier_check
A3324600924225003_diesel_kwh_generated,A3324600924225003,332460,Pelican,2024-03-01,2024,3,diesel_kwh_generated,24541,outlier_check
A3324600225225003_fuel_used_gallons,A3324600225225003,332460,Pelican,2024-08-01,2024,8,fuel_used_gallons,1769,outlier_check
A3324600225225003_diesel_kwh_generated,A3324600225225003,332460,Pelican,2024-08-01,2024,8,diesel_kwh_generated,21828,outlier_check
A3324600325225003_govt_facil_sold_to,A3324600325225003,332460,Pelican,2024-09-01,2024,9,govt_facil_sold_to,860,outlier_check
A3324600425225003_fuel_used_gallons,A3324600425225003,332460,Pelican,2024-10-01,2024,10,fuel_used_gallons,682,outlier_check
A3324600425225003_diesel_kwh_generated,A3324600425225003,332460,Pelican,2024-10-01,2024,10,diesel_kwh_generated,9603,outlier_check
A3324600425225003_govt_facil_sold_to,A3324600425225003,332460,Pelican,2024-10-01,2024,10,govt_facil_sold_to,1191,outlier_check
A3324600525225003_fuel_used_gallons,A3324600525225003,332460,Pelican,2024-11-01,2024,11,fuel_used_gallons,301,outlier_check
A3324600525225003_diesel_kwh_generated,A3324600525225003,332460,Pelican,2024-11-01,2024,11,diesel_kwh_generated,5725,outlier_check
A3324600525225003_govt_facil_sold_to,A3324600525225003,332460,Pelican,2024-11-01,2024,11,govt_facil_sold_to,2172,outlier_check
A3324600625225003_fuel_used_gallons,A3324600625225003,332460,Pelican,2024-12-01,2024,12,fuel_used_gallons,1436,outlier_check
A3324600625225003_diesel_kwh_generated,A3324600625225003,332460,Pelican,2024-12-01,2024,12,diesel_kwh_generated,18983,outlier_check
A3324600625225003_govt_facil_sold_to,A3324600625225003,332460,Pelican,2024-12-01,2024,12,govt_facil_sold_to,2408,outlier_check
A3324600725225003_fuel_used_gallons,A3324600725225003,332460,Pelican,2025-01-01,2025,1,fuel_used_gallons,2789,outlier_check
A3324600725225003_diesel_kwh_generated,A3324600725225003,332460,Pelican,2025-01-01,2025,1,diesel_kwh_generated,29995,outlier_check
A3324600725225003_govt_facil_sold_to,A3324600725225003,332460,Pelican,2025-01-01,2025,1,govt_facil_sold_to,1869,outlier_check
A3324600825225003_fuel_used_gallons,A3324600825225003,332460,Pelican,2025-02-01,2025,2,fuel_used_gallons,4122,outlier_check
A3324600825225003_diesel_kwh_generated,A3324600825225003,332460,Pelican,2025-02-01,2025,2,diesel_kwh_generated,48733,outlier_check
A3324600825225003_govt_facil_sold_to,A3324600825225003,332460,Pelican,2025-02-01,2025,2,govt_facil_sold_to,2415,outlier_check
A3324600925225003_fuel_used_gallons,A3324600925225003,332460,Pelican,2025-03-01,2025,3,fuel_used_gallons,1553,outlier_check
A3324600925225003_diesel_kwh_generated,A3324600925225003,332460,Pelican,2025-03-01,2025,3,diesel_kwh_generated,18035,outlier_check
A3324600925225003_govt_facil_sold_to,A3324600925225003,332460,Pelican,2025-03-01,2025,3,govt_facil_sold_to,1775,outlier_check
A3324601025225003_govt_facil_sold_to,A3324601025225003,332460,Pelican,2025-04-01,2025,4,govt_facil_sold_to,1613,outlier_check
A3324601125225003_govt_facil_sold_to,A3324601125225003,332460,Pelican,2025-05-01,2025,5,govt_facil_sold_to,1095,outlier_check
A3324601225225003_govt_facil_sold_to,A3324601225225003,332460,Pelican,2025-06-01,2025,6,govt_facil_sold_to,699,outlier_check
A3324700716225003_com_facil_sold_to,A3324700716225003,332470,Perryville,2016-01-01,2016,1,com_facil_sold_to,10352,outlier_check
A3324700119225003_diesel_kwh_generated,A3324700119225003,332470,Perryville,2018-07-01,2018,7,diesel_kwh_generated,106080,outlier_check
A3324700219225003_diesel_kwh_generated,A3324700219225003,332470,Perryville,2018-08-01,2018,8,diesel_kwh_generated,123920,outlier_check
A3324700319225003_diesel_kwh_generated,A3324700319225003,332470,Perryville,2018-09-01,2018,9,diesel_kwh_generated,101280,outlier_check
A3324700419225003_diesel_kwh_generated,A3324700419225003,332470,Perryville,2018-10-01,2018,10,diesel_kwh_generated,102400,outlier_check
A3324700519225003_diesel_kwh_generated,A3324700519225003,332470,Perryville,2018-11-01,2018,11,diesel_kwh_generated,116640,outlier_check
A3324700619225003_commercial_sold_to,A3324700619225003,332470,Perryville,2018-12-01,2018,12,commercial_sold_to,83046,outlier_check
A3324700719225003_diesel_kwh_generated,A3324700719225003,332470,Perryville,2019-01-01,2019,1,diesel_kwh_generated,107040,outlier_check
A3324700819225003_diesel_kwh_generated,A3324700819225003,332470,Perryville,2019-02-01,2019,2,diesel_kwh_generated,112560,outlier_check
A3324700919225003_diesel_kwh_generated,A3324700919225003,332470,Perryville,2019-03-01,2019,3,diesel_kwh_generated,102880,outlier_check
A3324701019225003_diesel_kwh_generated,A3324701019225003,332470,Perryville,2019-04-01,2019,4,diesel_kwh_generated,108320,outlier_check
A3324701119225003_diesel_kwh_generated,A3324701119225003,332470,Perryville,2019-05-01,2019,5,diesel_kwh_generated,128240,outlier_check
A3324701219225003_diesel_kwh_generated,A3324701219225003,332470,Perryville,2019-06-01,2019,6,diesel_kwh_generated,109040,outlier_check
A3324700220225003_powerhouse_consumption_kwh,A3324700220225003,332470,Perryville,2019-08-01,2019,8,powerhouse_consumption_kwh,2492,outlier_check
A3324700320225003_powerhouse_consumption_kwh,A3324700320225003,332470,Perryville,2019-09-01,2019,9,powerhouse_consumption_kwh,2314,outlier_check
A3324700420225003_powerhouse_consumption_kwh,A3324700420225003,332470,Perryville,2019-10-01,2019,10,powerhouse_consumption_kwh,1734,outlier_check
A3324700520225003_powerhouse_consumption_kwh,A3324700520225003,332470,Perryville,2019-11-01,2019,11,powerhouse_consumption_kwh,1722,outlier_check
A3324700620225003_powerhouse_consumption_kwh,A3324700620225003,332470,Perryville,2019-12-01,2019,12,powerhouse_consumption_kwh,1711,outlier_check
A3324700720225003_powerhouse_consumption_kwh,A3324700720225003,332470,Perryville,2020-01-01,2020,1,powerhouse_consumption_kwh,1752,outlier_check
A3324700920225003_powerhouse_consumption_kwh,A3324700920225003,332470,Perryville,2020-03-01,2020,3,powerhouse_consumption_kwh,1678,outlier_check
A3324701020225003_powerhouse_consumption_kwh,A3324701020225003,332470,Perryville,2020-04-01,2020,4,powerhouse_consumption_kwh,1594,outlier_check
A3324701120225003_powerhouse_consumption_kwh,A3324701120225003,332470,Perryville,2020-05-01,2020,5,powerhouse_consumption_kwh,1703,outlier_check
A3324701220225003_powerhouse_consumption_kwh,A3324701220225003,332470,Perryville,2020-06-01,2020,6,powerhouse_consumption_kwh,1702,outlier_check
A3324700121225003_powerhouse_consumption_kwh,A3324700121225003,332470,Perryville,2020-07-01,2020,7,powerhouse_consumption_kwh,2081,outlier_check
A3324700321225003_powerhouse_consumption_kwh,A3324700321225003,332470,Perryville,2020-09-01,2020,9,powerhouse_consumption_kwh,1569,outlier_check
A3324700421225003_powerhouse_consumption_kwh,A3324700421225003,332470,Perryville,2020-10-01,2020,10,powerhouse_consumption_kwh,1680,outlier_check
A3324800919225003_diesel_kwh_generated,A3324800919225003,332480,Pilot Point,2019-03-01,2019,3,diesel_kwh_generated,0,outlier_check
A3324800919225003_powerhouse_consumption_kwh,A3324800919225003,332480,Pilot Point,2019-03-01,2019,3,powerhouse_consumption_kwh,0,outlier_check
A3324800220225003_diesel_kwh_generated,A3324800220225003,332480,Pilot Point,2019-08-01,2019,8,diesel_kwh_generated,0,outlier_check
A3324800220225003_powerhouse_consumption_kwh,A3324800220225003,332480,Pilot Point,2019-08-01,2019,8,powerhouse_consumption_kwh,0,outlier_check
A3324800320225003_diesel_kwh_generated,A3324800320225003,332480,Pilot Point,2019-09-01,2019,9,diesel_kwh_generated,0,outlier_check
A3324800320225003_powerhouse_consumption_kwh,A3324800320225003,332480,Pilot Point,2019-09-01,2019,9,powerhouse_consumption_kwh,0,outlier_check
A3324800420225003_diesel_kwh_generated,A3324800420225003,332480,Pilot Point,2019-10-01,2019,10,diesel_kwh_generated,0,outlier_check
A3324800420225003_powerhouse_consumption_kwh,A3324800420225003,332480,Pilot Point,2019-10-01,2019,10,powerhouse_consumption_kwh,0,outlier_check
A3324800520225003_diesel_kwh_generated,A3324800520225003,332480,Pilot Point,2019-11-01,2019,11,diesel_kwh_generated,0,outlier_check
A3324800520225003_powerhouse_consumption_kwh,A3324800520225003,332480,Pilot Point,2019-11-01,2019,11,powerhouse_consumption_kwh,0,outlier_check
A3324800122225003_residential_sold_to,A3324800122225003,332480,Pilot Point,2021-07-01,2021,7,residential_sold_to,20436,outlier_check
A3324800123225003_residential_sold_to,A3324800123225003,332480,Pilot Point,2022-07-01,2022,7,residential_sold_to,20036,outlier_check
A3324800724225003_powerhouse_consumption_kwh,A3324800724225003,332480,Pilot Point,2024-01-01,2024,1,powerhouse_consumption_kwh,9848,outlier_check
A3315500217225003_residential_customers,A3315500217225003,331550,Pilot Station,2016-08-01,2016,8,residential_customers,36,outlier_check
A3315500417225003_residential_customers,A3315500417225003,331550,Pilot Station,2016-10-01,2016,10,residential_customers,37,outlier_check
A3315500517225003_residential_customers,A3315500517225003,331550,Pilot Station,2016-11-01,2016,11,residential_customers,36,outlier_check
A3315500717225003_residential_customers,A3315500717225003,331550,Pilot Station,2017-01-01,2017,1,residential_customers,38,outlier_check
A3315500817225003_residential_customers,A3315500817225003,331550,Pilot Station,2017-02-01,2017,2,residential_customers,38,outlier_check
A3315500918225003_residential_sold_to,A3315500918225003,331550,Pilot Station,2018-03-01,2018,3,residential_sold_to,1061401,outlier_check
A3315501018225003_residential_sold_to,A3315501018225003,331550,Pilot Station,2018-04-01,2018,4,residential_sold_to,-940682,outlier_check
A3315500619225003_fuel_used_gallons,A3315500619225003,331550,Pilot Station,2018-12-01,2018,12,fuel_used_gallons,-313,outlier_check
A3315500620225003_fuel_used_gallons,A3315500620225003,331550,Pilot Station,2019-12-01,2019,12,fuel_used_gallons,500,outlier_check
A3315500621225003_fuel_used_gallons,A3315500621225003,331550,Pilot Station,2020-12-01,2020,12,fuel_used_gallons,1117,outlier_check
A3315500622225003_fuel_used_gallons,A3315500622225003,331550,Pilot Station,2021-12-01,2021,12,fuel_used_gallons,29783,outlier_check
A3315500623225003_fuel_used_gallons,A3315500623225003,331550,Pilot Station,2022-12-01,2022,12,fuel_used_gallons,-26625,outlier_check
A3315501223225003_fuel_used_gallons,A3315501223225003,331550,Pilot Station,2023-06-01,2023,6,fuel_used_gallons,0,outlier_check
A3315501223225003_commercial_sold_to,A3315501223225003,331550,Pilot Station,2023-06-01,2023,6,commercial_sold_to,8471,outlier_check
A3315500124225003_commercial_sold_to,A3315500124225003,331550,Pilot Station,2023-07-01,2023,7,commercial_sold_to,30201,outlier_check
A3315501125225003_fuel_used_gallons,A3315501125225003,331550,Pilot Station,2025-05-01,2025,5,fuel_used_gallons,0,outlier_check
A3315501126225003_residential_sold_to,A3315501126225003,331550,Pilot Station,2026-05-01,2026,5,residential_sold_to,0,outlier_check
A3315501126225003_commercial_sold_to,A3315501126225003,331550,Pilot Station,2026-05-01,2026,5,commercial_sold_to,0,outlier_check
A3315600217225003_residential_customers,A3315600217225003,331560,Pitkas Point,2016-08-01,2016,8,residential_customers,90,outlier_check
A3315600417225003_residential_customers,A3315600417225003,331560,Pitkas Point,2016-10-01,2016,10,residential_customers,141,outlier_check
A3315600517225003_residential_customers,A3315600517225003,331560,Pitkas Point,2016-11-01,2016,11,residential_customers,141,outlier_check
A3315600717225003_residential_customers,A3315600717225003,331560,Pitkas Point,2017-01-01,2017,1,residential_customers,142,outlier_check
A3315600817225003_residential_customers,A3315600817225003,331560,Pitkas Point,2017-02-01,2017,2,residential_customers,142,outlier_check
A3315600726225003_residential_sold_to,A3315600726225003,331560,Pitkas Point,2026-01-01,2026,1,residential_sold_to,66768,outlier_check
A3315600726225003_commercial_sold_to,A3315600726225003,331560,Pitkas Point,2026-01-01,2026,1,commercial_sold_to,23198,outlier_check
A3315600726225003_govt_facil_sold_to,A3315600726225003,331560,Pitkas Point,2026-01-01,2026,1,govt_facil_sold_to,65702,outlier_check
A3315600726225003_residential_customers,A3315600726225003,331560,Pitkas Point,2026-01-01,2026,1,residential_customers,131,outlier_check
A3315601126225003_residential_sold_to,A3315601126225003,331560,Pitkas Point,2026-05-01,2026,5,residential_sold_to,0,outlier_check
A3324900418225003_diesel_kwh_generated,A3324900418225003,332490,Platinum,2017-10-01,2017,10,diesel_kwh_generated,29341,outlier_check
A3324900418225003_com_facil_sold_to,A3324900418225003,332490,Platinum,2017-10-01,2017,10,com_facil_sold_to,2221,outlier_check
A3323900916225003_powerhouse_consumption_kwh,A3323900916225003,332390,Point Hope,2016-03-01,2016,3,powerhouse_consumption_kwh,39162,outlier_check
A3323900617225003_fuel_used_gallons,A3323900617225003,332390,Point Hope,2016-12-01,2016,12,fuel_used_gallons,9909,outlier_check
A3323900620225003_diesel_kwh_generated,A3323900620225003,332390,Point Hope,2019-12-01,2019,12,diesel_kwh_generated,0,outlier_check
A3323900720225003_diesel_kwh_generated,A3323900720225003,332390,Point Hope,2020-01-01,2020,1,diesel_kwh_generated,0,outlier_check
A3323900820225003_diesel_kwh_generated,A3323900820225003,332390,Point Hope,2020-02-01,2020,2,diesel_kwh_generated,0,outlier_check
A3323900920225003_diesel_kwh_generated,A3323900920225003,332390,Point Hope,2020-03-01,2020,3,diesel_kwh_generated,0,outlier_check
A3323900121225003_diesel_kwh_generated,A3323900121225003,332390,Point Hope,2020-07-01,2020,7,diesel_kwh_generated,0,outlier_check
A3323900121225003_powerhouse_consumption_kwh,A3323900121225003,332390,Point Hope,2020-07-01,2020,7,powerhouse_consumption_kwh,0,outlier_check
A3323900321225003_powerhouse_consumption_kwh,A3323900321225003,332390,Point Hope,2020-09-01,2020,9,powerhouse_consumption_kwh,37860,outlier_check
A3323901121225003_diesel_kwh_generated,A3323901121225003,332390,Point Hope,2021-05-01,2021,5,diesel_kwh_generated,0,outlier_check
A3323901121225003_powerhouse_consumption_kwh,A3323901121225003,332390,Point Hope,2021-05-01,2021,5,powerhouse_consumption_kwh,0,outlier_check
A3323901221225003_diesel_kwh_generated,A3323901221225003,332390,Point Hope,2021-06-01,2021,6,diesel_kwh_generated,0,outlier_check
A3323901221225003_powerhouse_consumption_kwh,A3323901221225003,332390,Point Hope,2021-06-01,2021,6,powerhouse_consumption_kwh,0,outlier_check
A3324000616225003_fuel_used_gallons,A3324000616225003,332400,Point Lay,2015-12-01,2015,12,fuel_used_gallons,8185,outlier_check
A3324000421225003_diesel_kwh_generated,A3324000421225003,332400,Point Lay,2020-10-01,2020,10,diesel_kwh_generated,0,outlier_check
A3324000421225003_peak_consumption_kw,A3324000421225003,332400,Point Lay,2020-10-01,2020,10,peak_consumption_kw,0,outlier_check
A3324000821225003_diesel_kwh_generated,A3324000821225003,332400,Point Lay,2021-02-01,2021,2,diesel_kwh_generated,0,outlier_check
A3325900917225003_govt_facil_sold_to,A3325900917225003,332590,Port Alsworth,2017-03-01,2017,3,govt_facil_sold_to,10814,outlier_check
A3325900818225003_powerhouse_consumption_kwh,A3325900818225003,332590,Port Alsworth,2018-02-01,2018,2,powerhouse_consumption_kwh,2890,outlier_check
A3325900123225003_peak_consumption_kw,A3325900123225003,332590,Port Alsworth,2022-07-01,2022,7,peak_consumption_kw,418,outlier_check
A3325900824225003_peak_consumption_kw,A3325900824225003,332590,Port Alsworth,2024-02-01,2024,2,peak_consumption_kw,395,outlier_check
A3325900926225003_peak_consumption_kw,A3325900926225003,332590,Port Alsworth,2026-03-01,2026,3,peak_consumption_kw,600,outlier_check
A3325901026225003_peak_consumption_kw,A3325901026225003,332590,Port Alsworth,2026-04-01,2026,4,peak_consumption_kw,600,outlier_check
A3325000118225003_peak_consumption_kw,A3325000118225003,332500,Port Heiden,2017-07-01,2017,7,peak_consumption_kw,718,outlier_check
A3325000218225003_peak_consumption_kw,A3325000218225003,332500,Port Heiden,2017-08-01,2017,8,peak_consumption_kw,718,outlier_check
A3325000318225003_peak_consumption_kw,A3325000318225003,332500,Port Heiden,2017-09-01,2017,9,peak_consumption_kw,718,outlier_check
A3325000418225003_peak_consumption_kw,A3325000418225003,332500,Port Heiden,2017-10-01,2017,10,peak_consumption_kw,718,outlier_check
A3325001019225003_peak_consumption_kw,A3325001019225003,332500,Port Heiden,2019-04-01,2019,4,peak_consumption_kw,470,outlier_check
A3325000620225003_com_facil_sold_to,A3325000620225003,332500,Port Heiden,2019-12-01,2019,12,com_facil_sold_to,10131,outlier_check
A3325000521225003_com_facil_sold_to,A3325000521225003,332500,Port Heiden,2020-11-01,2020,11,com_facil_sold_to,13415,outlier_check
A3325000723225003_commercial_sold_to,A3325000723225003,332500,Port Heiden,2023-01-01,2023,1,commercial_sold_to,39511,outlier_check
A3325000923225003_diesel_kwh_generated,A3325000923225003,332500,Port Heiden,2023-03-01,2023,3,diesel_kwh_generated,100294,outlier_check
A3325000923225003_commercial_sold_to,A3325000923225003,332500,Port Heiden,2023-03-01,2023,3,commercial_sold_to,19475,outlier_check
A3325000923225003_govt_facil_sold_to,A3325000923225003,332500,Port Heiden,2023-03-01,2023,3,govt_facil_sold_to,47323,outlier_check
A3325001023225003_fuel_used_gallons,A3325001023225003,332500,Port Heiden,2023-04-01,2023,4,fuel_used_gallons,27720,outlier_check
A3325001023225003_diesel_kwh_generated,A3325001023225003,332500,Port Heiden,2023-04-01,2023,4,diesel_kwh_generated,347100,outlier_check
A3325001023225003_powerhouse_consumption_kwh,A3325001023225003,332500,Port Heiden,2023-04-01,2023,4,powerhouse_consumption_kwh,9656,outlier_check
A3325000124225003_fuel_used_gallons,A3325000124225003,332500,Port Heiden,2023-07-01,2023,7,fuel_used_gallons,10910,outlier_check
A3325000124225003_diesel_kwh_generated,A3325000124225003,332500,Port Heiden,2023-07-01,2023,7,diesel_kwh_generated,127213,outlier_check
A3325000224225003_fuel_used_gallons,A3325000224225003,332500,Port Heiden,2023-08-01,2023,8,fuel_used_gallons,12134,outlier_check
A3325000224225003_diesel_kwh_generated,A3325000224225003,332500,Port Heiden,2023-08-01,2023,8,diesel_kwh_generated,137712,outlier_check
A3325000824225003_diesel_kwh_generated,A3325000824225003,332500,Port Heiden,2024-02-01,2024,2,diesel_kwh_generated,110977,outlier_check
A3325000824225003_residential_sold_to,A3325000824225003,332500,Port Heiden,2024-02-01,2024,2,residential_sold_to,38156,outlier_check
A3325000824225003_commercial_sold_to,A3325000824225003,332500,Port Heiden,2024-02-01,2024,2,commercial_sold_to,22729,outlier_check
A3325000824225003_govt_facil_sold_to,A3325000824225003,332500,Port Heiden,2024-02-01,2024,2,govt_facil_sold_to,42180,outlier_check
A3325000525225003_commercial_sold_to,A3325000525225003,332500,Port Heiden,2024-11-01,2024,11,commercial_sold_to,23902,outlier_check
A3325000726225003_com_facil_sold_to,A3325000726225003,332500,Port Heiden,2026-01-01,2026,1,com_facil_sold_to,9572,outlier_check
A3315700116225003_commercial_sold_to,A3315700116225003,331570,Quinhagak,2015-07-01,2015,7,commercial_sold_to,40715,outlier_check
A3315700216225003_commercial_sold_to,A3315700216225003,331570,Quinhagak,2015-08-01,2015,8,commercial_sold_to,42107,outlier_check
A3315700316225003_powerhouse_consumption_kwh,A3315700316225003,331570,Quinhagak,2015-09-01,2015,9,powerhouse_consumption_kwh,37430,outlier_check
A3315700316225003_commercial_sold_to,A3315700316225003,331570,Quinhagak,2015-09-01,2015,9,commercial_sold_to,36465,outlier_check
A3315700416225003_powerhouse_consumption_kwh,A3315700416225003,331570,Quinhagak,2015-10-01,2015,10,powerhouse_consumption_kwh,23244,outlier_check
A3315700616225003_commercial_sold_to,A3315700616225003,331570,Quinhagak,2015-12-01,2015,12,commercial_sold_to,38180,outlier_check
A3315700716225003_commercial_sold_to,A3315700716225003,331570,Quinhagak,2016-01-01,2016,1,commercial_sold_to,39865,outlier_check
A3315700217225003_residential_customers,A3315700217225003,331570,Quinhagak,2016-08-01,2016,8,residential_customers,87,outlier_check
A3315700417225003_powerhouse_consumption_kwh,A3315700417225003,331570,Quinhagak,2016-10-01,2016,10,powerhouse_consumption_kwh,11622,outlier_check
A3315700417225003_residential_customers,A3315700417225003,331570,Quinhagak,2016-10-01,2016,10,residential_customers,87,outlier_check
A3315700517225003_residential_customers,A3315700517225003,331570,Quinhagak,2016-11-01,2016,11,residential_customers,86,outlier_check
A3315700617225003_fuel_used_gallons,A3315700617225003,331570,Quinhagak,2016-12-01,2016,12,fuel_used_gallons,33510,outlier_check
A3315700717225003_residential_customers,A3315700717225003,331570,Quinhagak,2017-01-01,2017,1,residential_customers,88,outlier_check
A3315700817225003_residential_customers,A3315700817225003,331570,Quinhagak,2017-02-01,2017,2,residential_customers,89,outlier_check
A3315700320225003_powerhouse_consumption_kwh,A3315700320225003,331570,Quinhagak,2019-09-01,2019,9,powerhouse_consumption_kwh,12448,outlier_check
A3315700621225003_fuel_used_gallons,A3315700621225003,331570,Quinhagak,2020-12-01,2020,12,fuel_used_gallons,23881,outlier_check
A3315700823225003_commercial_sold_to,A3315700823225003,331570,Quinhagak,2023-02-01,2023,2,commercial_sold_to,8014,outlier_check
A3315701123225003_commercial_sold_to,A3315701123225003,331570,Quinhagak,2023-05-01,2023,5,commercial_sold_to,46053,outlier_check
A3315700526225003_commercial_sold_to,A3315700526225003,331570,Quinhagak,2025-11-01,2025,11,commercial_sold_to,36510,outlier_check
A3315700626225003_commercial_sold_to,A3315700626225003,331570,Quinhagak,2025-12-01,2025,12,commercial_sold_to,36782,outlier_check
A3315700726225003_commercial_sold_to,A3315700726225003,331570,Quinhagak,2026-01-01,2026,1,commercial_sold_to,43129,outlier_check
A3315700826225003_commercial_sold_to,A3315700826225003,331570,Quinhagak,2026-02-01,2026,2,commercial_sold_to,38212,outlier_check
A3315700926225003_commercial_sold_to,A3315700926225003,331570,Quinhagak,2026-03-01,2026,3,commercial_sold_to,45651,outlier_check
A3315701026225003_commercial_sold_to,A3315701026225003,331570,Quinhagak,2026-04-01,2026,4,commercial_sold_to,37568,outlier_check
A3315701126225003_commercial_sold_to,A3315701126225003,331570,Quinhagak,2026-05-01,2026,5,commercial_sold_to,0,outlier_check
A3325200619225003_fuel_used_gallons,A3325200619225003,332520,Rampart,2018-12-01,2018,12,fuel_used_gallons,3987,outlier_check
A3325200920225003_fuel_used_gallons,A3325200920225003,332520,Rampart,2020-03-01,2020,3,fuel_used_gallons,5320,outlier_check
A3325200522225003_fuel_used_gallons,A3325200522225003,332520,Rampart,2021-11-01,2021,11,fuel_used_gallons,3828,outlier_check
A3325200824225003_diesel_kwh_generated,A3325200824225003,332520,Rampart,2024-02-01,2024,2,diesel_kwh_generated,225243,outlier_check
A3325200824225003_powerhouse_consumption_kwh,A3325200824225003,332520,Rampart,2024-02-01,2024,2,powerhouse_consumption_kwh,9137,outlier_check
A3325200824225003_peak_consumption_kw,A3325200824225003,332520,Rampart,2024-02-01,2024,2,peak_consumption_kw,7358,outlier_check
A3325200924225003_diesel_kwh_generated,A3325200924225003,332520,Rampart,2024-03-01,2024,3,diesel_kwh_generated,227648,outlier_check
A3325200924225003_peak_consumption_kw,A3325200924225003,332520,Rampart,2024-03-01,2024,3,peak_consumption_kw,7368,outlier_check
A3325200924225003_commercial_sold_to,A3325200924225003,332520,Rampart,2024-03-01,2024,3,commercial_sold_to,37895,outlier_check
A3325201024225003_fuel_used_gallons,A3325201024225003,332520,Rampart,2024-04-01,2024,4,fuel_used_gallons,4444,outlier_check
A3325201024225003_diesel_kwh_generated,A3325201024225003,332520,Rampart,2024-04-01,2024,4,diesel_kwh_generated,229600,outlier_check
A3325201024225003_peak_consumption_kw,A3325201024225003,332520,Rampart,2024-04-01,2024,4,peak_consumption_kw,7368,outlier_check
A3325201024225003_commercial_sold_to,A3325201024225003,332520,Rampart,2024-04-01,2024,4,commercial_sold_to,75569,outlier_check
A3325201124225003_fuel_used_gallons,A3325201124225003,332520,Rampart,2024-05-01,2024,5,fuel_used_gallons,5655,outlier_check
A3325201124225003_diesel_kwh_generated,A3325201124225003,332520,Rampart,2024-05-01,2024,5,diesel_kwh_generated,231622,outlier_check
A3325201124225003_powerhouse_consumption_kwh,A3325201124225003,332520,Rampart,2024-05-01,2024,5,powerhouse_consumption_kwh,7196,outlier_check
A3325201124225003_peak_consumption_kw,A3325201124225003,332520,Rampart,2024-05-01,2024,5,peak_consumption_kw,7368,outlier_check
A3325201224225003_fuel_used_gallons,A3325201224225003,332520,Rampart,2024-06-01,2024,6,fuel_used_gallons,7253,outlier_check
A3325201224225003_diesel_kwh_generated,A3325201224225003,332520,Rampart,2024-06-01,2024,6,diesel_kwh_generated,233609,outlier_check
A3325201224225003_peak_consumption_kw,A3325201224225003,332520,Rampart,2024-06-01,2024,6,peak_consumption_kw,7368,outlier_check
A3325200125225003_peak_consumption_kw,A3325200125225003,332520,Rampart,2024-07-01,2024,7,peak_consumption_kw,7368,outlier_check
A3325200225225003_peak_consumption_kw,A3325200225225003,332520,Rampart,2024-08-01,2024,8,peak_consumption_kw,7368,outlier_check
A3325200325225003_peak_consumption_kw,A3325200325225003,332520,Rampart,2024-09-01,2024,9,peak_consumption_kw,7368,outlier_check
A3325200425225003_residential_sold_to,A3325200425225003,332520,Rampart,2024-10-01,2024,10,residential_sold_to,17438,outlier_check
A3325200525225003_residential_sold_to,A3325200525225003,332520,Rampart,2024-11-01,2024,11,residential_sold_to,15898,outlier_check
A3325200625225003_fuel_used_gallons,A3325200625225003,332520,Rampart,2024-12-01,2024,12,fuel_used_gallons,3816,outlier_check
A3325200625225003_residential_sold_to,A3325200625225003,332520,Rampart,2024-12-01,2024,12,residential_sold_to,17922,outlier_check
A3325200725225003_residential_sold_to,A3325200725225003,332520,Rampart,2025-01-01,2025,1,residential_sold_to,18160,outlier_check
A3325200825225003_residential_sold_to,A3325200825225003,332520,Rampart,2025-02-01,2025,2,residential_sold_to,17704,outlier_check
A3325200426225003_residential_sold_to,A3325200426225003,332520,Rampart,2025-10-01,2025,10,residential_sold_to,15352,outlier_check
A3325200426225003_commercial_sold_to,A3325200426225003,332520,Rampart,2025-10-01,2025,10,commercial_sold_to,14798,outlier_check
A3325200526225003_residential_sold_to,A3325200526225003,332520,Rampart,2025-11-01,2025,11,residential_sold_to,16466,outlier_check
A3325200526225003_commercial_sold_to,A3325200526225003,332520,Rampart,2025-11-01,2025,11,commercial_sold_to,14029,outlier_check
A3325200626225003_fuel_used_gallons,A3325200626225003,332520,Rampart,2025-12-01,2025,12,fuel_used_gallons,4476,outlier_check
A3325200626225003_diesel_kwh_generated,A3325200626225003,332520,Rampart,2025-12-01,2025,12,diesel_kwh_generated,57937,outlier_check
A3325200626225003_residential_sold_to,A3325200626225003,332520,Rampart,2025-12-01,2025,12,residential_sold_to,22507,outlier_check
A3325200626225003_commercial_sold_to,A3325200626225003,332520,Rampart,2025-12-01,2025,12,commercial_sold_to,18025,outlier_check
A3325200726225003_diesel_kwh_generated,A3325200726225003,332520,Rampart,2026-01-01,2026,1,diesel_kwh_generated,55184,outlier_check
A3325200726225003_residential_sold_to,A3325200726225003,332520,Rampart,2026-01-01,2026,1,residential_sold_to,21398,outlier_check
A3325200726225003_commercial_sold_to,A3325200726225003,332520,Rampart,2026-01-01,2026,1,commercial_sold_to,17888,outlier_check
A3325200726225003_govt_facil_sold_to,A3325200726225003,332520,Rampart,2026-01-01,2026,1,govt_facil_sold_to,4408,outlier_check
A3325200826225003_residential_sold_to,A3325200826225003,332520,Rampart,2026-02-01,2026,2,residential_sold_to,18688,outlier_check
A3325200826225003_commercial_sold_to,A3325200826225003,332520,Rampart,2026-02-01,2026,2,commercial_sold_to,12777,outlier_check
A3325200926225003_residential_sold_to,A3325200926225003,332520,Rampart,2026-03-01,2026,3,residential_sold_to,18774,outlier_check
A3325200926225003_commercial_sold_to,A3325200926225003,332520,Rampart,2026-03-01,2026,3,commercial_sold_to,32739,outlier_check
A3322500417225003_govt_facil_sold_to,A3322500417225003,332250,Red Devil,2016-10-01,2016,10,govt_facil_sold_to,1015,outlier_check
A3322500517225003_govt_facil_sold_to,A3322500517225003,332250,Red Devil,2016-11-01,2016,11,govt_facil_sold_to,1918,outlier_check
A3322500617225003_govt_facil_sold_to,A3322500617225003,332250,Red Devil,2016-12-01,2016,12,govt_facil_sold_to,2921,outlier_check
A3322500717225003_govt_facil_sold_to,A3322500717225003,332250,Red Devil,2017-01-01,2017,1,govt_facil_sold_to,2552,outlier_check
A3322500817225003_govt_facil_sold_to,A3322500817225003,332250,Red Devil,2017-02-01,2017,2,govt_facil_sold_to,2415,outlier_check
A3322500917225003_govt_facil_sold_to,A3322500917225003,332250,Red Devil,2017-03-01,2017,3,govt_facil_sold_to,2209,outlier_check
A3322501017225003_govt_facil_sold_to,A3322501017225003,332250,Red Devil,2017-04-01,2017,4,govt_facil_sold_to,2326,outlier_check
A3322500518225003_govt_facil_sold_to,A3322500518225003,332250,Red Devil,2017-11-01,2017,11,govt_facil_sold_to,1533,outlier_check
A3322500618225003_govt_facil_sold_to,A3322500618225003,332250,Red Devil,2017-12-01,2017,12,govt_facil_sold_to,1956,outlier_check
A3322500718225003_govt_facil_sold_to,A3322500718225003,332250,Red Devil,2018-01-01,2018,1,govt_facil_sold_to,2225,outlier_check
A3322500818225003_govt_facil_sold_to,A3322500818225003,332250,Red Devil,2018-02-01,2018,2,govt_facil_sold_to,1741,outlier_check
A3322500918225003_govt_facil_sold_to,A3322500918225003,332250,Red Devil,2018-03-01,2018,3,govt_facil_sold_to,1017,outlier_check
A3322501219225003_fuel_used_gallons,A3322501219225003,332250,Red Devil,2019-06-01,2019,6,fuel_used_gallons,1413,outlier_check
A3322500820225003_govt_facil_sold_to,A3322500820225003,332250,Red Devil,2020-02-01,2020,2,govt_facil_sold_to,987,outlier_check
A3322500621225003_govt_facil_sold_to,A3322500621225003,332250,Red Devil,2020-12-01,2020,12,govt_facil_sold_to,1629,outlier_check
A3322500721225003_govt_facil_sold_to,A3322500721225003,332250,Red Devil,2021-01-01,2021,1,govt_facil_sold_to,1636,outlier_check
A3322500821225003_govt_facil_sold_to,A3322500821225003,332250,Red Devil,2021-02-01,2021,2,govt_facil_sold_to,1008,outlier_check
A3322500921225003_govt_facil_sold_to,A3322500921225003,332250,Red Devil,2021-03-01,2021,3,govt_facil_sold_to,1109,outlier_check
A3322500222225003_fuel_used_gallons,A3322500222225003,332250,Red Devil,2021-08-01,2021,8,fuel_used_gallons,1644,outlier_check
A3322500222225003_diesel_kwh_generated,A3322500222225003,332250,Red Devil,2021-08-01,2021,8,diesel_kwh_generated,11502,outlier_check
A3322500822225003_govt_facil_sold_to,A3322500822225003,332250,Red Devil,2022-02-01,2022,2,govt_facil_sold_to,1028,outlier_check
A3322501223225003_fuel_used_gallons,A3322501223225003,332250,Red Devil,2023-06-01,2023,6,fuel_used_gallons,1460,outlier_check
A3325300219225003_diesel_kwh_generated,A3325300219225003,332530,Ruby,2018-08-01,2018,8,diesel_kwh_generated,0,outlier_check
A3325300219225003_powerhouse_consumption_kwh,A3325300219225003,332530,Ruby,2018-08-01,2018,8,powerhouse_consumption_kwh,0,outlier_check
A3325300819225003_diesel_kwh_generated,A3325300819225003,332530,Ruby,2019-02-01,2019,2,diesel_kwh_generated,0,outlier_check
A3325300819225003_powerhouse_consumption_kwh,A3325300819225003,332530,Ruby,2019-02-01,2019,2,powerhouse_consumption_kwh,0,outlier_check
A3325300919225003_diesel_kwh_generated,A3325300919225003,332530,Ruby,2019-03-01,2019,3,diesel_kwh_generated,0,outlier_check
A3325300919225003_powerhouse_consumption_kwh,A3325300919225003,332530,Ruby,2019-03-01,2019,3,powerhouse_consumption_kwh,0,outlier_check
A3325301119225003_diesel_kwh_generated,A3325301119225003,332530,Ruby,2019-05-01,2019,5,diesel_kwh_generated,0,outlier_check
A3325301119225003_powerhouse_consumption_kwh,A3325301119225003,332530,Ruby,2019-05-01,2019,5,powerhouse_consumption_kwh,0,outlier_check
A3325300220225003_diesel_kwh_generated,A3325300220225003,332530,Ruby,2019-08-01,2019,8,diesel_kwh_generated,0,outlier_check
A3325300220225003_powerhouse_consumption_kwh,A3325300220225003,332530,Ruby,2019-08-01,2019,8,powerhouse_consumption_kwh,0,outlier_check
A3325300320225003_diesel_kwh_generated,A3325300320225003,332530,Ruby,2019-09-01,2019,9,diesel_kwh_generated,0,outlier_check
A3325300320225003_powerhouse_consumption_kwh,A3325300320225003,332530,Ruby,2019-09-01,2019,9,powerhouse_consumption_kwh,0,outlier_check
A3325300420225003_diesel_kwh_generated,A3325300420225003,332530,Ruby,2019-10-01,2019,10,diesel_kwh_generated,0,outlier_check
A3325300420225003_powerhouse_consumption_kwh,A3325300420225003,332530,Ruby,2019-10-01,2019,10,powerhouse_consumption_kwh,0,outlier_check
A3325300520225003_diesel_kwh_generated,A3325300520225003,332530,Ruby,2019-11-01,2019,11,diesel_kwh_generated,0,outlier_check
A3325300520225003_powerhouse_consumption_kwh,A3325300520225003,332530,Ruby,2019-11-01,2019,11,powerhouse_consumption_kwh,0,outlier_check
A3325300720225003_diesel_kwh_generated,A3325300720225003,332530,Ruby,2020-01-01,2020,1,diesel_kwh_generated,0,outlier_check
A3325300720225003_powerhouse_consumption_kwh,A3325300720225003,332530,Ruby,2020-01-01,2020,1,powerhouse_consumption_kwh,0,outlier_check
A3325300920225003_diesel_kwh_generated,A3325300920225003,332530,Ruby,2020-03-01,2020,3,diesel_kwh_generated,0,outlier_check
A3325300920225003_powerhouse_consumption_kwh,A3325300920225003,332530,Ruby,2020-03-01,2020,3,powerhouse_consumption_kwh,0,outlier_check
A3325301120225003_diesel_kwh_generated,A3325301120225003,332530,Ruby,2020-05-01,2020,5,diesel_kwh_generated,0,outlier_check
A3325301120225003_powerhouse_consumption_kwh,A3325301120225003,332530,Ruby,2020-05-01,2020,5,powerhouse_consumption_kwh,0,outlier_check
A3325301221225003_fuel_used_gallons,A3325301221225003,332530,Ruby,2021-06-01,2021,6,fuel_used_gallons,7895,outlier_check
A3325300622225003_peak_consumption_kw,A3325300622225003,332530,Ruby,2021-12-01,2021,12,peak_consumption_kw,0,outlier_check
A3325301022225003_fuel_used_gallons,A3325301022225003,332530,Ruby,2022-04-01,2022,4,fuel_used_gallons,44292,outlier_check
A3325301122225003_fuel_used_gallons,A3325301122225003,332530,Ruby,2022-05-01,2022,5,fuel_used_gallons,8068,outlier_check
A3325301122225003_powerhouse_consumption_kwh,A3325301122225003,332530,Ruby,2022-05-01,2022,5,powerhouse_consumption_kwh,4365,outlier_check
A3325300324225003_fuel_used_gallons,A3325300324225003,332530,Ruby,2023-09-01,2023,9,fuel_used_gallons,7949,outlier_check
A3325300524225003_residential_sold_to,A3325300524225003,332530,Ruby,2023-11-01,2023,11,residential_sold_to,33661,outlier_check
A3325300526225003_powerhouse_consumption_kwh,A3325300526225003,332530,Ruby,2025-11-01,2025,11,powerhouse_consumption_kwh,17400,outlier_check
A3315800116225003_commercial_sold_to,A3315800116225003,331580,Russian Mission,2015-07-01,2015,7,commercial_sold_to,8044,outlier_check
A3315800216225003_commercial_sold_to,A3315800216225003,331580,Russian Mission,2015-08-01,2015,8,commercial_sold_to,8432,outlier_check
A3315800316225003_commercial_sold_to,A3315800316225003,331580,Russian Mission,2015-09-01,2015,9,commercial_sold_to,8482,outlier_check
A3315800416225003_commercial_sold_to,A3315800416225003,331580,Russian Mission,2015-10-01,2015,10,commercial_sold_to,8488,outlier_check
A3315800516225003_commercial_sold_to,A3315800516225003,331580,Russian Mission,2015-11-01,2015,11,commercial_sold_to,9018,outlier_check
A3315800616225003_fuel_used_gallons,A3315800616225003,331580,Russian Mission,2015-12-01,2015,12,fuel_used_gallons,87,outlier_check
A3315800616225003_commercial_sold_to,A3315800616225003,331580,Russian Mission,2015-12-01,2015,12,commercial_sold_to,9796,outlier_check
A3315800716225003_commercial_sold_to,A3315800716225003,331580,Russian Mission,2016-01-01,2016,1,commercial_sold_to,10700,outlier_check
A3315800417225003_residential_customers,A3315800417225003,331580,Russian Mission,2016-10-01,2016,10,residential_customers,176,outlier_check
A3315800517225003_residential_customers,A3315800517225003,331580,Russian Mission,2016-11-01,2016,11,residential_customers,176,outlier_check
A3315800617225003_fuel_used_gallons,A3315800617225003,331580,Russian Mission,2016-12-01,2016,12,fuel_used_gallons,1250,outlier_check
A3315800717225003_residential_customers,A3315800717225003,331580,Russian Mission,2017-01-01,2017,1,residential_customers,175,outlier_check
A3315800817225003_residential_customers,A3315800817225003,331580,Russian Mission,2017-02-01,2017,2,residential_customers,175,outlier_check
A3315800619225003_fuel_used_gallons,A3315800619225003,331580,Russian Mission,2018-12-01,2018,12,fuel_used_gallons,1506,outlier_check
A3315800621225003_fuel_used_gallons,A3315800621225003,331580,Russian Mission,2020-12-01,2020,12,fuel_used_gallons,-1362,outlier_check
A3315800623225003_fuel_used_gallons,A3315800623225003,331580,Russian Mission,2022-12-01,2022,12,fuel_used_gallons,-2421,outlier_check
A3315800823225003_fuel_used_gallons,A3315800823225003,331580,Russian Mission,2023-02-01,2023,2,fuel_used_gallons,71,outlier_check
A3315801223225003_fuel_used_gallons,A3315801223225003,331580,Russian Mission,2023-06-01,2023,6,fuel_used_gallons,0,outlier_check
A3315800725225003_residential_sold_to,A3315800725225003,331580,Russian Mission,2025-01-01,2025,1,residential_sold_to,48929,outlier_check
A3315801125225003_fuel_used_gallons,A3315801125225003,331580,Russian Mission,2025-05-01,2025,5,fuel_used_gallons,0,outlier_check
A3315800526225003_commercial_sold_to,A3315800526225003,331580,Russian Mission,2025-11-01,2025,11,commercial_sold_to,6692,outlier_check
A3315800626225003_commercial_sold_to,A3315800626225003,331580,Russian Mission,2025-12-01,2025,12,commercial_sold_to,6606,outlier_check
A3315800726225003_powerhouse_consumption_kwh,A3315800726225003,331580,Russian Mission,2026-01-01,2026,1,powerhouse_consumption_kwh,20507,outlier_check
A3315800726225003_commercial_sold_to,A3315800726225003,331580,Russian Mission,2026-01-01,2026,1,commercial_sold_to,7796,outlier_check
A3315800826225003_commercial_sold_to,A3315800826225003,331580,Russian Mission,2026-02-01,2026,2,commercial_sold_to,8115,outlier_check
A3315800926225003_commercial_sold_to,A3315800926225003,331580,Russian Mission,2026-03-01,2026,3,commercial_sold_to,8803,outlier_check
A3315801026225003_commercial_sold_to,A3315801026225003,331580,Russian Mission,2026-04-01,2026,4,commercial_sold_to,8033,outlier_check
A3315801126225003_residential_sold_to,A3315801126225003,331580,Russian Mission,2026-05-01,2026,5,residential_sold_to,0,outlier_check
A3315801126225003_commercial_sold_to,A3315801126225003,331580,Russian Mission,2026-05-01,2026,5,commercial_sold_to,0,outlier_check
A3315801126225003_govt_facil_sold_to,A3315801126225003,331580,Russian Mission,2026-05-01,2026,5,govt_facil_sold_to,0,outlier_check
A3325500216225003_fuel_used_gallons,A3325500216225003,332550,Saint George,2015-08-01,2015,8,fuel_used_gallons,6757,outlier_check
A3325500316225003_powerhouse_consumption_kwh,A3325500316225003,332550,Saint George,2015-09-01,2015,9,powerhouse_consumption_kwh,4656,outlier_check
A3325500217225003_wind_kwh_generated,A3325500217225003,332550,Saint George,2016-08-01,2016,8,wind_kwh_generated,26488,outlier_check
A3325500317225003_wind_kwh_generated,A3325500317225003,332550,Saint George,2016-09-01,2016,9,wind_kwh_generated,20849,outlier_check
A3325500717225003_fuel_used_gallons,A3325500717225003,332550,Saint George,2017-01-01,2017,1,fuel_used_gallons,0,outlier_check
A3325500817225003_fuel_used_gallons,A3325500817225003,332550,Saint George,2017-02-01,2017,2,fuel_used_gallons,0,outlier_check
A3325500917225003_fuel_used_gallons,A3325500917225003,332550,Saint George,2017-03-01,2017,3,fuel_used_gallons,0,outlier_check
A3325501017225003_fuel_used_gallons,A3325501017225003,332550,Saint George,2017-04-01,2017,4,fuel_used_gallons,0,outlier_check
A3325501217225003_powerhouse_consumption_kwh,A3325501217225003,332550,Saint George,2017-06-01,2017,6,powerhouse_consumption_kwh,5841,outlier_check
A3325500618225003_powerhouse_consumption_kwh,A3325500618225003,332550,Saint George,2017-12-01,2017,12,powerhouse_consumption_kwh,6642,outlier_check
A3325501018225003_powerhouse_consumption_kwh,A3325501018225003,332550,Saint George,2018-04-01,2018,4,powerhouse_consumption_kwh,5305,outlier_check
A3325501118225003_fuel_used_gallons,A3325501118225003,332550,Saint George,2018-05-01,2018,5,fuel_used_gallons,6787,outlier_check
A3325500519225003_peak_consumption_kw,A3325500519225003,332550,Saint George,2018-11-01,2018,11,peak_consumption_kw,869,outlier_check
A3325501121225003_powerhouse_consumption_kwh,A3325501121225003,332550,Saint George,2021-05-01,2021,5,powerhouse_consumption_kwh,4608,outlier_check
A3325500222225003_powerhouse_consumption_kwh,A3325500222225003,332550,Saint George,2021-08-01,2021,8,powerhouse_consumption_kwh,0,outlier_check
A3325500322225003_powerhouse_consumption_kwh,A3325500322225003,332550,Saint George,2021-09-01,2021,9,powerhouse_consumption_kwh,0,outlier_check
A3325501222225003_powerhouse_consumption_kwh,A3325501222225003,332550,Saint George,2022-06-01,2022,6,powerhouse_consumption_kwh,12769,outlier_check
A3325500724225003_fuel_used_gallons,A3325500724225003,332550,Saint George,2024-01-01,2024,1,fuel_used_gallons,8045,outlier_check
A3325500724225003_powerhouse_consumption_kwh,A3325500724225003,332550,Saint George,2024-01-01,2024,1,powerhouse_consumption_kwh,5542,outlier_check
A3325501024225003_powerhouse_consumption_kwh,A3325501024225003,332550,Saint George,2024-04-01,2024,4,powerhouse_consumption_kwh,223,outlier_check
A3325501124225003_powerhouse_consumption_kwh,A3325501124225003,332550,Saint George,2024-05-01,2024,5,powerhouse_consumption_kwh,5183,outlier_check
A3325501224225003_com_facil_sold_to,A3325501224225003,332550,Saint George,2024-06-01,2024,6,com_facil_sold_to,20737,outlier_check
A3325500525225003_fuel_used_gallons,A3325500525225003,332550,Saint George,2024-11-01,2024,11,fuel_used_gallons,7765,outlier_check
A3325500525225003_diesel_kwh_generated,A3325500525225003,332550,Saint George,2024-11-01,2024,11,diesel_kwh_generated,92959,outlier_check
A3325500525225003_powerhouse_consumption_kwh,A3325500525225003,332550,Saint George,2024-11-01,2024,11,powerhouse_consumption_kwh,5437,outlier_check
A3325500525225003_unbilled_sold_to,A3325500525225003,332550,Saint George,2024-11-01,2024,11,unbilled_sold_to,17904,outlier_check
A3316600116225003_commercial_sold_to,A3316600116225003,331660,"Saint Mary's, Andreafsky",2015-07-01,2015,7,commercial_sold_to,53114,outlier_check
A3316600216225003_commercial_sold_to,A3316600216225003,331660,"Saint Mary's, Andreafsky",2015-08-01,2015,8,commercial_sold_to,56835,outlier_check
A3316600316225003_commercial_sold_to,A3316600316225003,331660,"Saint Mary's, Andreafsky",2015-09-01,2015,9,commercial_sold_to,62055,outlier_check
A3316600416225003_commercial_sold_to,A3316600416225003,331660,"Saint Mary's, Andreafsky",2015-10-01,2015,10,commercial_sold_to,62582,outlier_check
A3316600516225003_commercial_sold_to,A3316600516225003,331660,"Saint Mary's, Andreafsky",2015-11-01,2015,11,commercial_sold_to,66232,outlier_check
A3316600616225003_commercial_sold_to,A3316600616225003,331660,"Saint Mary's, Andreafsky",2015-12-01,2015,12,commercial_sold_to,66680,outlier_check
A3316600716225003_commercial_sold_to,A3316600716225003,331660,"Saint Mary's, Andreafsky",2016-01-01,2016,1,commercial_sold_to,68967,outlier_check
A3316600622225003_fuel_used_gallons,A3316600622225003,331660,"Saint Mary's, Andreafsky",2021-12-01,2021,12,fuel_used_gallons,-84503,outlier_check
A3316600623225003_fuel_used_gallons,A3316600623225003,331660,"Saint Mary's, Andreafsky",2022-12-01,2022,12,fuel_used_gallons,280308,outlier_check
A3316600723225003_powerhouse_consumption_kwh,A3316600723225003,331660,"Saint Mary's, Andreafsky",2023-01-01,2023,1,powerhouse_consumption_kwh,91390,outlier_check
A3316600724225003_powerhouse_consumption_kwh,A3316600724225003,331660,"Saint Mary's, Andreafsky",2024-01-01,2024,1,powerhouse_consumption_kwh,73444,outlier_check
A3316600625225003_powerhouse_consumption_kwh,A3316600625225003,331660,"Saint Mary's, Andreafsky",2024-12-01,2024,12,powerhouse_consumption_kwh,79623,outlier_check
A3316600725225003_diesel_kwh_generated,A3316600725225003,331660,"Saint Mary's, Andreafsky",2025-01-01,2025,1,diesel_kwh_generated,682368,outlier_check
A3316600725225003_powerhouse_consumption_kwh,A3316600725225003,331660,"Saint Mary's, Andreafsky",2025-01-01,2025,1,powerhouse_consumption_kwh,75635,outlier_check
A3316600526225003_commercial_sold_to,A3316600526225003,331660,"Saint Mary's, Andreafsky",2025-11-01,2025,11,commercial_sold_to,55219,outlier_check
A3316600626225003_commercial_sold_to,A3316600626225003,331660,"Saint Mary's, Andreafsky",2025-12-01,2025,12,commercial_sold_to,55705,outlier_check
A3316600726225003_diesel_kwh_generated,A3316600726225003,331660,"Saint Mary's, Andreafsky",2026-01-01,2026,1,diesel_kwh_generated,664153,outlier_check
A3316600726225003_commercial_sold_to,A3316600726225003,331660,"Saint Mary's, Andreafsky",2026-01-01,2026,1,commercial_sold_to,15610,outlier_check
A3316600726225003_residential_customers,A3316600726225003,331660,"Saint Mary's, Andreafsky",2026-01-01,2026,1,residential_customers,60,outlier_check
A3316600826225003_commercial_sold_to,A3316600826225003,331660,"Saint Mary's, Andreafsky",2026-02-01,2026,2,commercial_sold_to,61086,outlier_check
A3316600926225003_commercial_sold_to,A3316600926225003,331660,"Saint Mary's, Andreafsky",2026-03-01,2026,3,commercial_sold_to,66306,outlier_check
A3316601126225003_residential_sold_to,A3316601126225003,331660,"Saint Mary's, Andreafsky",2026-05-01,2026,5,residential_sold_to,0,outlier_check
A3316601126225003_commercial_sold_to,A3316601126225003,331660,"Saint Mary's, Andreafsky",2026-05-01,2026,5,commercial_sold_to,0,outlier_check
A3316601126225003_govt_facil_sold_to,A3316601126225003,331660,"Saint Mary's, Andreafsky",2026-05-01,2026,5,govt_facil_sold_to,0,outlier_check
A3316700116225003_diesel_kwh_generated,A3316700116225003,331670,Saint Michael,2015-07-01,2015,7,diesel_kwh_generated,117828,outlier_check
A3316700116225003_commercial_sold_to,A3316700116225003,331670,Saint Michael,2015-07-01,2015,7,commercial_sold_to,33885,outlier_check
A3316700216225003_diesel_kwh_generated,A3316700216225003,331670,Saint Michael,2015-08-01,2015,8,diesel_kwh_generated,118421,outlier_check
A3316700216225003_commercial_sold_to,A3316700216225003,331670,Saint Michael,2015-08-01,2015,8,commercial_sold_to,35567,outlier_check
A3316700516225003_commercial_sold_to,A3316700516225003,331670,Saint Michael,2015-11-01,2015,11,commercial_sold_to,37138,outlier_check
A3316700616225003_commercial_sold_to,A3316700616225003,331670,Saint Michael,2015-12-01,2015,12,commercial_sold_to,40715,outlier_check
A3316700716225003_commercial_sold_to,A3316700716225003,331670,Saint Michael,2016-01-01,2016,1,commercial_sold_to,41145,outlier_check
A3316700526225003_commercial_sold_to,A3316700526225003,331670,Saint Michael,2025-11-01,2025,11,commercial_sold_to,43033,outlier_check
A3316700626225003_commercial_sold_to,A3316700626225003,331670,Saint Michael,2025-12-01,2025,12,commercial_sold_to,40304,outlier_check
A3316700726225003_commercial_sold_to,A3316700726225003,331670,Saint Michael,2026-01-01,2026,1,commercial_sold_to,47751,outlier_check
A3316700826225003_commercial_sold_to,A3316700826225003,331670,Saint Michael,2026-02-01,2026,2,commercial_sold_to,37886,outlier_check
A3316700926225003_commercial_sold_to,A3316700926225003,331670,Saint Michael,2026-03-01,2026,3,commercial_sold_to,45833,outlier_check
A3316701026225003_commercial_sold_to,A3316701026225003,331670,Saint Michael,2026-04-01,2026,4,commercial_sold_to,36016,outlier_check
A3316701126225003_commercial_sold_to,A3316701126225003,331670,Saint Michael,2026-05-01,2026,5,commercial_sold_to,0,outlier_check
A3316701126225003_govt_facil_sold_to,A3316701126225003,331670,Saint Michael,2026-05-01,2026,5,govt_facil_sold_to,0,outlier_check
A3325600516225003_total_kwh_purchased,A3325600516225003,332560,Saint Paul,2015-11-01,2015,11,total_kwh_purchased,50009,outlier_check
A3325600616225003_total_kwh_purchased,A3325600616225003,332560,Saint Paul,2015-12-01,2015,12,total_kwh_purchased,63245,outlier_check
A3325600716225003_total_kwh_purchased,A3325600716225003,332560,Saint Paul,2016-01-01,2016,1,total_kwh_purchased,76541,outlier_check
A3325600816225003_total_kwh_purchased,A3325600816225003,332560,Saint Paul,2016-02-01,2016,2,total_kwh_purchased,89259,outlier_check
A3325600916225003_total_kwh_purchased,A3325600916225003,332560,Saint Paul,2016-03-01,2016,3,total_kwh_purchased,37995,outlier_check
A3325601016225003_total_kwh_purchased,A3325601016225003,332560,Saint Paul,2016-04-01,2016,4,total_kwh_purchased,64763,outlier_check
A3325601116225003_total_kwh_purchased,A3325601116225003,332560,Saint Paul,2016-05-01,2016,5,total_kwh_purchased,36595,outlier_check
A3325601216225003_total_kwh_purchased,A3325601216225003,332560,Saint Paul,2016-06-01,2016,6,total_kwh_purchased,33416,outlier_check
A3325600117225003_total_kwh_purchased,A3325600117225003,332560,Saint Paul,2016-07-01,2016,7,total_kwh_purchased,25709,outlier_check
A3325600217225003_total_kwh_purchased,A3325600217225003,332560,Saint Paul,2016-08-01,2016,8,total_kwh_purchased,40002,outlier_check
A3325600317225003_total_kwh_purchased,A3325600317225003,332560,Saint Paul,2016-09-01,2016,9,total_kwh_purchased,44136,outlier_check
A3325600417225003_total_kwh_purchased,A3325600417225003,332560,Saint Paul,2016-10-01,2016,10,total_kwh_purchased,46126,outlier_check
A3325600517225003_total_kwh_purchased,A3325600517225003,332560,Saint Paul,2016-11-01,2016,11,total_kwh_purchased,52450,outlier_check
A3325600617225003_total_kwh_purchased,A3325600617225003,332560,Saint Paul,2016-12-01,2016,12,total_kwh_purchased,45977,outlier_check
A3325600717225003_total_kwh_purchased,A3325600717225003,332560,Saint Paul,2017-01-01,2017,1,total_kwh_purchased,56729,outlier_check
A3325600817225003_total_kwh_purchased,A3325600817225003,332560,Saint Paul,2017-02-01,2017,2,total_kwh_purchased,77972,outlier_check
A3325600917225003_total_kwh_purchased,A3325600917225003,332560,Saint Paul,2017-03-01,2017,3,total_kwh_purchased,60614,outlier_check
A3325601017225003_total_kwh_purchased,A3325601017225003,332560,Saint Paul,2017-04-01,2017,4,total_kwh_purchased,47840,outlier_check
A3325601117225003_total_kwh_purchased,A3325601117225003,332560,Saint Paul,2017-05-01,2017,5,total_kwh_purchased,44357,outlier_check
A3325601217225003_total_kwh_purchased,A3325601217225003,332560,Saint Paul,2017-06-01,2017,6,total_kwh_purchased,16665,outlier_check
A3325600118225003_total_kwh_purchased,A3325600118225003,332560,Saint Paul,2017-07-01,2017,7,total_kwh_purchased,26005,outlier_check
A3325600218225003_total_kwh_purchased,A3325600218225003,332560,Saint Paul,2017-08-01,2017,8,total_kwh_purchased,19843,outlier_check
A3325600318225003_total_kwh_purchased,A3325600318225003,332560,Saint Paul,2017-09-01,2017,9,total_kwh_purchased,21978,outlier_check
A3325600418225003_total_kwh_purchased,A3325600418225003,332560,Saint Paul,2017-10-01,2017,10,total_kwh_purchased,12299,outlier_check
A3325600518225003_total_kwh_purchased,A3325600518225003,332560,Saint Paul,2017-11-01,2017,11,total_kwh_purchased,47095,outlier_check
A3325600618225003_total_kwh_purchased,A3325600618225003,332560,Saint Paul,2017-12-01,2017,12,total_kwh_purchased,54964,outlier_check
A3325600718225003_total_kwh_purchased,A3325600718225003,332560,Saint Paul,2018-01-01,2018,1,total_kwh_purchased,59369,outlier_check
A3325600818225003_total_kwh_purchased,A3325600818225003,332560,Saint Paul,2018-02-01,2018,2,total_kwh_purchased,61072,outlier_check
A3325600918225003_total_kwh_purchased,A3325600918225003,332560,Saint Paul,2018-03-01,2018,3,total_kwh_purchased,20128,outlier_check
A3325601018225003_total_kwh_purchased,A3325601018225003,332560,Saint Paul,2018-04-01,2018,4,total_kwh_purchased,32998,outlier_check
A3325601118225003_total_kwh_purchased,A3325601118225003,332560,Saint Paul,2018-05-01,2018,5,total_kwh_purchased,42038,outlier_check
A3325601218225003_total_kwh_purchased,A3325601218225003,332560,Saint Paul,2018-06-01,2018,6,total_kwh_purchased,20554,outlier_check
A3325600119225003_total_kwh_purchased,A3325600119225003,332560,Saint Paul,2018-07-01,2018,7,total_kwh_purchased,14210,outlier_check
A3325600219225003_total_kwh_purchased,A3325600219225003,332560,Saint Paul,2018-08-01,2018,8,total_kwh_purchased,26980,outlier_check
A3325600319225003_total_kwh_purchased,A3325600319225003,332560,Saint Paul,2018-09-01,2018,9,total_kwh_purchased,13115,outlier_check
A3325600419225003_total_kwh_purchased,A3325600419225003,332560,Saint Paul,2018-10-01,2018,10,total_kwh_purchased,21655,outlier_check
A3325600519225003_total_kwh_purchased,A3325600519225003,332560,Saint Paul,2018-11-01,2018,11,total_kwh_purchased,19126,outlier_check
A3325600619225003_total_kwh_purchased,A3325600619225003,332560,Saint Paul,2018-12-01,2018,12,total_kwh_purchased,27016,outlier_check
A3325600719225003_total_kwh_purchased,A3325600719225003,332560,Saint Paul,2019-01-01,2019,1,total_kwh_purchased,28325,outlier_check
A3325600819225003_total_kwh_purchased,A3325600819225003,332560,Saint Paul,2019-02-01,2019,2,total_kwh_purchased,24166,outlier_check
A3325600919225003_total_kwh_purchased,A3325600919225003,332560,Saint Paul,2019-03-01,2019,3,total_kwh_purchased,19903,outlier_check
A3325600520225003_total_kwh_purchased,A3325600520225003,332560,Saint Paul,2019-11-01,2019,11,total_kwh_purchased,16355,outlier_check
A3325600620225003_total_kwh_purchased,A3325600620225003,332560,Saint Paul,2019-12-01,2019,12,total_kwh_purchased,22351,outlier_check
A3325600720225003_total_kwh_purchased,A3325600720225003,332560,Saint Paul,2020-01-01,2020,1,total_kwh_purchased,57206,outlier_check
A3325600820225003_total_kwh_purchased,A3325600820225003,332560,Saint Paul,2020-02-01,2020,2,total_kwh_purchased,40428,outlier_check
A3325600920225003_total_kwh_purchased,A3325600920225003,332560,Saint Paul,2020-03-01,2020,3,total_kwh_purchased,26977,outlier_check
A3325601020225003_total_kwh_purchased,A3325601020225003,332560,Saint Paul,2020-04-01,2020,4,total_kwh_purchased,15444,outlier_check
A3325600521225003_total_kwh_purchased,A3325600521225003,332560,Saint Paul,2020-11-01,2020,11,total_kwh_purchased,25398,outlier_check
A3325600621225003_total_kwh_purchased,A3325600621225003,332560,Saint Paul,2020-12-01,2020,12,total_kwh_purchased,17240,outlier_check
A3325600721225003_total_kwh_purchased,A3325600721225003,332560,Saint Paul,2021-01-01,2021,1,total_kwh_purchased,27543,outlier_check
A3325601023225003_residential_rate,A3325601023225003,332560,Saint Paul,2023-04-01,2023,4,residential_rate,57,outlier_check
A3325600625225003_fuel_used_gallons,A3325600625225003,332560,Saint Paul,2024-12-01,2024,12,fuel_used_gallons,28791,outlier_check
A3325600725225003_fuel_used_gallons,A3325600725225003,332560,Saint Paul,2025-01-01,2025,1,fuel_used_gallons,29672,outlier_check
A3325600725225003_diesel_kwh_generated,A3325600725225003,332560,Saint Paul,2025-01-01,2025,1,diesel_kwh_generated,424495,outlier_check
A3325601225225003_wind_kwh_generated,A3325601225225003,332560,Saint Paul,2025-06-01,2025,6,wind_kwh_generated,36665,outlier_check
A3325600126225003_wind_kwh_generated,A3325600126225003,332560,Saint Paul,2025-07-01,2025,7,wind_kwh_generated,21365,outlier_check
A3325600226225003_wind_kwh_generated,A3325600226225003,332560,Saint Paul,2025-08-01,2025,8,wind_kwh_generated,15221,outlier_check
A3325600326225003_wind_kwh_generated,A3325600326225003,332560,Saint Paul,2025-09-01,2025,9,wind_kwh_generated,13257,outlier_check
A3325600426225003_wind_kwh_generated,A3325600426225003,332560,Saint Paul,2025-10-01,2025,10,wind_kwh_generated,37679,outlier_check
A3325600526225003_wind_kwh_generated,A3325600526225003,332560,Saint Paul,2025-11-01,2025,11,wind_kwh_generated,37679,outlier_check
A3325600526225003_total_kwh_purchased,A3325600526225003,332560,Saint Paul,2025-11-01,2025,11,total_kwh_purchased,61591,outlier_check
A3325600626225003_total_kwh_purchased,A3325600626225003,332560,Saint Paul,2025-12-01,2025,12,total_kwh_purchased,50305,outlier_check
A3325600626225003_residential_sold_to,A3325600626225003,332560,Saint Paul,2025-12-01,2025,12,residential_sold_to,123700,outlier_check
A3325600726225003_total_kwh_purchased,A3325600726225003,332560,Saint Paul,2026-01-01,2026,1,total_kwh_purchased,46811,outlier_check
A3325600926225003_fuel_used_gallons,A3325600926225003,332560,Saint Paul,2026-03-01,2026,3,fuel_used_gallons,29608,outlier_check
A3325601026225003_fuel_used_gallons,A3325601026225003,332560,Saint Paul,2026-04-01,2026,4,fuel_used_gallons,29608,outlier_check
A3325401117225003_wind_kwh_generated,A3325401117225003,332540,Sand Point,2017-05-01,2017,5,wind_kwh_generated,52248,outlier_check
A3325401217225003_wind_kwh_generated,A3325401217225003,332540,Sand Point,2017-06-01,2017,6,wind_kwh_generated,40099,outlier_check
A3325400519225003_unbilled_sold_to,A3325400519225003,332540,Sand Point,2018-11-01,2018,11,unbilled_sold_to,20807,outlier_check
A3325400619225003_unbilled_sold_to,A3325400619225003,332540,Sand Point,2018-12-01,2018,12,unbilled_sold_to,62726,outlier_check
A3325400719225003_unbilled_sold_to,A3325400719225003,332540,Sand Point,2019-01-01,2019,1,unbilled_sold_to,43461,outlier_check
A3325400819225003_unbilled_sold_to,A3325400819225003,332540,Sand Point,2019-02-01,2019,2,unbilled_sold_to,33464,outlier_check
A3325400919225003_unbilled_sold_to,A3325400919225003,332540,Sand Point,2019-03-01,2019,3,unbilled_sold_to,45111,outlier_check
A3325401019225003_unbilled_sold_to,A3325401019225003,332540,Sand Point,2019-04-01,2019,4,unbilled_sold_to,23922,outlier_check
A3325401119225003_unbilled_sold_to,A3325401119225003,332540,Sand Point,2019-05-01,2019,5,unbilled_sold_to,9381,outlier_check
A3325400120225003_unbilled_sold_to,A3325400120225003,332540,Sand Point,2019-07-01,2019,7,unbilled_sold_to,763,outlier_check
A3325400320225003_unbilled_sold_to,A3325400320225003,332540,Sand Point,2019-09-01,2019,9,unbilled_sold_to,9854,outlier_check
A3325400420225003_unbilled_sold_to,A3325400420225003,332540,Sand Point,2019-10-01,2019,10,unbilled_sold_to,10780,outlier_check
A3325400520225003_unbilled_sold_to,A3325400520225003,332540,Sand Point,2019-11-01,2019,11,unbilled_sold_to,4567,outlier_check
A3325400620225003_unbilled_sold_to,A3325400620225003,332540,Sand Point,2019-12-01,2019,12,unbilled_sold_to,6307,outlier_check
A3325400621225003_fuel_used_gallons,A3325400621225003,332540,Sand Point,2020-12-01,2020,12,fuel_used_gallons,38672,outlier_check
A3325401221225003_wind_kwh_generated,A3325401221225003,332540,Sand Point,2021-06-01,2021,6,wind_kwh_generated,29770,outlier_check
A3325400423225003_powerhouse_consumption_kwh,A3325400423225003,332540,Sand Point,2022-10-01,2022,10,powerhouse_consumption_kwh,25537,outlier_check
A3315900116225003_commercial_sold_to,A3315900116225003,331590,Savoonga,2015-07-01,2015,7,commercial_sold_to,28118,outlier_check
A3315900116225003_com_facil_sold_to,A3315900116225003,331590,Savoonga,2015-07-01,2015,7,com_facil_sold_to,11565,outlier_check
A3315900216225003_commercial_sold_to,A3315900216225003,331590,Savoonga,2015-08-01,2015,8,commercial_sold_to,29118,outlier_check
A3315900216225003_com_facil_sold_to,A3315900216225003,331590,Savoonga,2015-08-01,2015,8,com_facil_sold_to,12519,outlier_check
A3315900316225003_commercial_sold_to,A3315900316225003,331590,Savoonga,2015-09-01,2015,9,commercial_sold_to,31740,outlier_check
A3315900316225003_com_facil_sold_to,A3315900316225003,331590,Savoonga,2015-09-01,2015,9,com_facil_sold_to,13422,outlier_check
A3315900416225003_commercial_sold_to,A3315900416225003,331590,Savoonga,2015-10-01,2015,10,commercial_sold_to,39208,outlier_check
A3315900516225003_commercial_sold_to,A3315900516225003,331590,Savoonga,2015-11-01,2015,11,commercial_sold_to,42913,outlier_check
A3315900616225003_powerhouse_consumption_kwh,A3315900616225003,331590,Savoonga,2015-12-01,2015,12,powerhouse_consumption_kwh,5532,outlier_check
A3315900616225003_commercial_sold_to,A3315900616225003,331590,Savoonga,2015-12-01,2015,12,commercial_sold_to,42702,outlier_check
A3315900716225003_powerhouse_consumption_kwh,A3315900716225003,331590,Savoonga,2016-01-01,2016,1,powerhouse_consumption_kwh,6092,outlier_check
A3315900716225003_commercial_sold_to,A3315900716225003,331590,Savoonga,2016-01-01,2016,1,commercial_sold_to,46701,outlier_check
A3315900816225003_commercial_sold_to,A3315900816225003,331590,Savoonga,2016-02-01,2016,2,commercial_sold_to,13279,outlier_check
A3315901016225003_commercial_sold_to,A3315901016225003,331590,Savoonga,2016-04-01,2016,4,commercial_sold_to,12853,outlier_check
A3315901116225003_commercial_sold_to,A3315901116225003,331590,Savoonga,2016-05-01,2016,5,commercial_sold_to,11783,outlier_check
A3315900217225003_residential_customers,A3315900217225003,331590,Savoonga,2016-08-01,2016,8,residential_customers,82,outlier_check
A3315900417225003_residential_customers,A3315900417225003,331590,Savoonga,2016-10-01,2016,10,residential_customers,83,outlier_check
A3315900517225003_residential_customers,A3315900517225003,331590,Savoonga,2016-11-01,2016,11,residential_customers,83,outlier_check
A3315900617225003_commercial_sold_to,A3315900617225003,331590,Savoonga,2016-12-01,2016,12,commercial_sold_to,15196,outlier_check
A3315900717225003_residential_customers,A3315900717225003,331590,Savoonga,2017-01-01,2017,1,residential_customers,86,outlier_check
A3315900817225003_commercial_sold_to,A3315900817225003,331590,Savoonga,2017-02-01,2017,2,commercial_sold_to,-37595,outlier_check
A3315900817225003_residential_customers,A3315900817225003,331590,Savoonga,2017-02-01,2017,2,residential_customers,85,outlier_check
A3315901121225003_powerhouse_consumption_kwh,A3315901121225003,331590,Savoonga,2021-05-01,2021,5,powerhouse_consumption_kwh,5667,outlier_check
A3315900323225003_commercial_sold_to,A3315900323225003,331590,Savoonga,2022-09-01,2022,9,commercial_sold_to,12246,outlier_check
A3315900623225003_fuel_used_gallons,A3315900623225003,331590,Savoonga,2022-12-01,2022,12,fuel_used_gallons,39691,outlier_check
A3315901223225003_fuel_used_gallons,A3315901223225003,331590,Savoonga,2023-06-01,2023,6,fuel_used_gallons,0,outlier_check
A3315900124225003_powerhouse_consumption_kwh,A3315900124225003,331590,Savoonga,2023-07-01,2023,7,powerhouse_consumption_kwh,10465,outlier_check
A3315900225225003_powerhouse_consumption_kwh,A3315900225225003,331590,Savoonga,2024-08-01,2024,8,powerhouse_consumption_kwh,5533,outlier_check
A3315901125225003_fuel_used_gallons,A3315901125225003,331590,Savoonga,2025-05-01,2025,5,fuel_used_gallons,0,outlier_check
A3315900526225003_commercial_sold_to,A3315900526225003,331590,Savoonga,2025-11-01,2025,11,commercial_sold_to,43840,outlier_check
A3315900626225003_commercial_sold_to,A3315900626225003,331590,Savoonga,2025-12-01,2025,12,commercial_sold_to,43765,outlier_check
A3315900726225003_commercial_sold_to,A3315900726225003,331590,Savoonga,2026-01-01,2026,1,commercial_sold_to,46549,outlier_check
A3315900826225003_commercial_sold_to,A3315900826225003,331590,Savoonga,2026-02-01,2026,2,commercial_sold_to,42288,outlier_check
A3315900926225003_fuel_used_gallons,A3315900926225003,331590,Savoonga,2026-03-01,2026,3,fuel_used_gallons,46206,outlier_check
A3315900926225003_commercial_sold_to,A3315900926225003,331590,Savoonga,2026-03-01,2026,3,commercial_sold_to,43983,outlier_check
A3315901026225003_commercial_sold_to,A3315901026225003,331590,Savoonga,2026-04-01,2026,4,commercial_sold_to,44162,outlier_check
A3315901126225003_residential_sold_to,A3315901126225003,331590,Savoonga,2026-05-01,2026,5,residential_sold_to,0,outlier_check
A3315901126225003_com_facil_sold_to,A3315901126225003,331590,Savoonga,2026-05-01,2026,5,com_facil_sold_to,0,outlier_check
A3315901126225003_govt_facil_sold_to,A3315901126225003,331590,Savoonga,2026-05-01,2026,5,govt_facil_sold_to,0,outlier_check
A3316000116225003_commercial_sold_to,A3316000116225003,331600,Scammon Bay,2015-07-01,2015,7,commercial_sold_to,13355,outlier_check
A3316000216225003_commercial_sold_to,A3316000216225003,331600,Scammon Bay,2015-08-01,2015,8,commercial_sold_to,13256,outlier_check
A3316000316225003_commercial_sold_to,A3316000316225003,331600,Scammon Bay,2015-09-01,2015,9,commercial_sold_to,14352,outlier_check
A3316000416225003_commercial_sold_to,A3316000416225003,331600,Scammon Bay,2015-10-01,2015,10,commercial_sold_to,16433,outlier_check
A3316000516225003_commercial_sold_to,A3316000516225003,331600,Scammon Bay,2015-11-01,2015,11,commercial_sold_to,13599,outlier_check
A3316000616225003_commercial_sold_to,A3316000616225003,331600,Scammon Bay,2015-12-01,2015,12,commercial_sold_to,13788,outlier_check
A3316000716225003_commercial_sold_to,A3316000716225003,331600,Scammon Bay,2016-01-01,2016,1,commercial_sold_to,16670,outlier_check
A3316000223225003_powerhouse_consumption_kwh,A3316000223225003,331600,Scammon Bay,2022-08-01,2022,8,powerhouse_consumption_kwh,6428,outlier_check
A3316000323225003_powerhouse_consumption_kwh,A3316000323225003,331600,Scammon Bay,2022-09-01,2022,9,powerhouse_consumption_kwh,6027,outlier_check
A3316000423225003_powerhouse_consumption_kwh,A3316000423225003,331600,Scammon Bay,2022-10-01,2022,10,powerhouse_consumption_kwh,5974,outlier_check
A3316000723225003_powerhouse_consumption_kwh,A3316000723225003,331600,Scammon Bay,2023-01-01,2023,1,powerhouse_consumption_kwh,7532,outlier_check
A3316000823225003_fuel_used_gallons,A3316000823225003,331600,Scammon Bay,2023-02-01,2023,2,fuel_used_gallons,1628,outlier_check
A3316001023225003_powerhouse_consumption_kwh,A3316001023225003,331600,Scammon Bay,2023-04-01,2023,4,powerhouse_consumption_kwh,6528,outlier_check
A3316001223225003_fuel_used_gallons,A3316001223225003,331600,Scammon Bay,2023-06-01,2023,6,fuel_used_gallons,0,outlier_check
A3316001125225003_fuel_used_gallons,A3316001125225003,331600,Scammon Bay,2025-05-01,2025,5,fuel_used_gallons,0,outlier_check
A3316000226225003_powerhouse_consumption_kwh,A3316000226225003,331600,Scammon Bay,2025-08-01,2025,8,powerhouse_consumption_kwh,6402,outlier_check
A3316000426225003_powerhouse_consumption_kwh,A3316000426225003,331600,Scammon Bay,2025-10-01,2025,10,powerhouse_consumption_kwh,6404,outlier_check
A3316000526225003_commercial_sold_to,A3316000526225003,331600,Scammon Bay,2025-11-01,2025,11,commercial_sold_to,14356,outlier_check
A3316000626225003_commercial_sold_to,A3316000626225003,331600,Scammon Bay,2025-12-01,2025,12,commercial_sold_to,13980,outlier_check
A3316000726225003_fuel_used_gallons,A3316000726225003,331600,Scammon Bay,2026-01-01,2026,1,fuel_used_gallons,0,outlier_check
A3316000726225003_commercial_sold_to,A3316000726225003,331600,Scammon Bay,2026-01-01,2026,1,commercial_sold_to,15948,outlier_check
A3316000826225003_commercial_sold_to,A3316000826225003,331600,Scammon Bay,2026-02-01,2026,2,commercial_sold_to,13935,outlier_check
A3316000926225003_commercial_sold_to,A3316000926225003,331600,Scammon Bay,2026-03-01,2026,3,commercial_sold_to,15146,outlier_check
A3316001026225003_commercial_sold_to,A3316001026225003,331600,Scammon Bay,2026-04-01,2026,4,commercial_sold_to,19092,outlier_check
A3316001126225003_residential_sold_to,A3316001126225003,331600,Scammon Bay,2026-05-01,2026,5,residential_sold_to,0,outlier_check
A3316001126225003_commercial_sold_to,A3316001126225003,331600,Scammon Bay,2026-05-01,2026,5,commercial_sold_to,0,outlier_check
A3316001126225003_govt_facil_sold_to,A3316001126225003,331600,Scammon Bay,2026-05-01,2026,5,govt_facil_sold_to,0,outlier_check
A3316100216225003_wind_kwh_generated,A3316100216225003,331610,Selawik,2015-08-01,2015,8,wind_kwh_generated,7872,outlier_check
A3316100316225003_wind_kwh_generated,A3316100316225003,331610,Selawik,2015-09-01,2015,9,wind_kwh_generated,6153,outlier_check
A3316100516225003_wind_kwh_generated,A3316100516225003,331610,Selawik,2015-11-01,2015,11,wind_kwh_generated,18994,outlier_check
A3316100516225003_commercial_sold_to,A3316100516225003,331610,Selawik,2015-11-01,2015,11,commercial_sold_to,32418,outlier_check
A3316100616225003_wind_kwh_generated,A3316100616225003,331610,Selawik,2015-12-01,2015,12,wind_kwh_generated,16429,outlier_check
A3316100616225003_commercial_sold_to,A3316100616225003,331610,Selawik,2015-12-01,2015,12,commercial_sold_to,62937,outlier_check
A3316100716225003_wind_kwh_generated,A3316100716225003,331610,Selawik,2016-01-01,2016,1,wind_kwh_generated,34826,outlier_check
A3316100716225003_commercial_sold_to,A3316100716225003,331610,Selawik,2016-01-01,2016,1,commercial_sold_to,63290,outlier_check
A3316100816225003_wind_kwh_generated,A3316100816225003,331610,Selawik,2016-02-01,2016,2,wind_kwh_generated,8388,outlier_check
A3316101016225003_wind_kwh_generated,A3316101016225003,331610,Selawik,2016-04-01,2016,4,wind_kwh_generated,8659,outlier_check
A3316100217225003_residential_customers,A3316100217225003,331610,Selawik,2016-08-01,2016,8,residential_customers,30,outlier_check
A3316100417225003_residential_customers,A3316100417225003,331610,Selawik,2016-10-01,2016,10,residential_customers,31,outlier_check
A3316100517225003_residential_customers,A3316100517225003,331610,Selawik,2016-11-01,2016,11,residential_customers,30,outlier_check
A3316100717225003_residential_customers,A3316100717225003,331610,Selawik,2017-01-01,2017,1,residential_customers,29,outlier_check
A3316100817225003_residential_customers,A3316100817225003,331610,Selawik,2017-02-01,2017,2,residential_customers,29,outlier_check
A3316100518225003_wind_kwh_generated,A3316100518225003,331610,Selawik,2017-11-01,2017,11,wind_kwh_generated,4887,outlier_check
A3316100526225003_commercial_sold_to,A3316100526225003,331610,Selawik,2025-11-01,2025,11,commercial_sold_to,32402,outlier_check
A3316100626225003_commercial_sold_to,A3316100626225003,331610,Selawik,2025-12-01,2025,12,commercial_sold_to,34464,outlier_check
A3316100726225003_commercial_sold_to,A3316100726225003,331610,Selawik,2026-01-01,2026,1,commercial_sold_to,37206,outlier_check
A3316100826225003_commercial_sold_to,A3316100826225003,331610,Selawik,2026-02-01,2026,2,commercial_sold_to,33667,outlier_check
A3316100926225003_commercial_sold_to,A3316100926225003,331610,Selawik,2026-03-01,2026,3,commercial_sold_to,37546,outlier_check
A3316101126225003_commercial_sold_to,A3316101126225003,331610,Selawik,2026-05-01,2026,5,commercial_sold_to,0,outlier_check
A3316200616225003_fuel_used_gallons,A3316200616225003,331620,Shageluk,2015-12-01,2015,12,fuel_used_gallons,479,outlier_check
A3316200217225003_residential_customers,A3316200217225003,331620,Shageluk,2016-08-01,2016,8,residential_customers,137,outlier_check
A3316200619225003_fuel_used_gallons,A3316200619225003,331620,Shageluk,2018-12-01,2018,12,fuel_used_gallons,-569,outlier_check
A3316200621225003_fuel_used_gallons,A3316200621225003,331620,Shageluk,2020-12-01,2020,12,fuel_used_gallons,510,outlier_check
A3316200823225003_fuel_used_gallons,A3316200823225003,331620,Shageluk,2023-02-01,2023,2,fuel_used_gallons,356,outlier_check
A3316201223225003_fuel_used_gallons,A3316201223225003,331620,Shageluk,2023-06-01,2023,6,fuel_used_gallons,0,outlier_check
A3316200424225003_com_facil_sold_to,A3316200424225003,331620,Shageluk,2023-10-01,2023,10,com_facil_sold_to,20856,outlier_check
A3316201125225003_fuel_used_gallons,A3316201125225003,331620,Shageluk,2025-05-01,2025,5,fuel_used_gallons,0,outlier_check
A3316201225225003_powerhouse_consumption_kwh,A3316201225225003,331620,Shageluk,2025-06-01,2025,6,powerhouse_consumption_kwh,2522,outlier_check
A3316200126225003_powerhouse_consumption_kwh,A3316200126225003,331620,Shageluk,2025-07-01,2025,7,powerhouse_consumption_kwh,3091,outlier_check
A3316200526225003_powerhouse_consumption_kwh,A3316200526225003,331620,Shageluk,2025-11-01,2025,11,powerhouse_consumption_kwh,2442,outlier_check
A3316200626225003_powerhouse_consumption_kwh,A3316200626225003,331620,Shageluk,2025-12-01,2025,12,powerhouse_consumption_kwh,2886,outlier_check
A3316200726225003_residential_sold_to,A3316200726225003,331620,Shageluk,2026-01-01,2026,1,residential_sold_to,23749,outlier_check
A3316200726225003_commercial_sold_to,A3316200726225003,331620,Shageluk,2026-01-01,2026,1,commercial_sold_to,13738,outlier_check
A3316201126225003_commercial_sold_to,A3316201126225003,331620,Shageluk,2026-05-01,2026,5,commercial_sold_to,0,outlier_check
A3316300116225003_commercial_sold_to,A3316300116225003,331630,Shaktoolik,2015-07-01,2015,7,commercial_sold_to,22820,outlier_check
A3316300216225003_commercial_sold_to,A3316300216225003,331630,Shaktoolik,2015-08-01,2015,8,commercial_sold_to,21374,outlier_check
A3316301016225003_powerhouse_consumption_kwh,A3316301016225003,331630,Shaktoolik,2016-04-01,2016,4,powerhouse_consumption_kwh,24528,outlier_check
A3316300417225003_residential_customers,A3316300417225003,331630,Shaktoolik,2016-10-01,2016,10,residential_customers,137,outlier_check
A3316300517225003_residential_customers,A3316300517225003,331630,Shaktoolik,2016-11-01,2016,11,residential_customers,138,outlier_check
A3316300717225003_residential_customers,A3316300717225003,331630,Shaktoolik,2017-01-01,2017,1,residential_customers,141,outlier_check
A3316300817225003_residential_customers,A3316300817225003,331630,Shaktoolik,2017-02-01,2017,2,residential_customers,139,outlier_check
A3316300823225003_fuel_used_gallons,A3316300823225003,331630,Shaktoolik,2023-02-01,2023,2,fuel_used_gallons,34,outlier_check
A3316301223225003_fuel_used_gallons,A3316301223225003,331630,Shaktoolik,2023-06-01,2023,6,fuel_used_gallons,0,outlier_check
A3316301125225003_fuel_used_gallons,A3316301125225003,331630,Shaktoolik,2025-05-01,2025,5,fuel_used_gallons,0,outlier_check
A3316300526225003_commercial_sold_to,A3316300526225003,331630,Shaktoolik,2025-11-01,2025,11,commercial_sold_to,27197,outlier_check
A3316300626225003_commercial_sold_to,A3316300626225003,331630,Shaktoolik,2025-12-01,2025,12,commercial_sold_to,30834,outlier_check
A3316300726225003_diesel_kwh_generated,A3316300726225003,331630,Shaktoolik,2026-01-01,2026,1,diesel_kwh_generated,129942,outlier_check
A3316300726225003_commercial_sold_to,A3316300726225003,331630,Shaktoolik,2026-01-01,2026,1,commercial_sold_to,34338,outlier_check
A3316300826225003_commercial_sold_to,A3316300826225003,331630,Shaktoolik,2026-02-01,2026,2,commercial_sold_to,30990,outlier_check
A3316300926225003_commercial_sold_to,A3316300926225003,331630,Shaktoolik,2026-03-01,2026,3,commercial_sold_to,35335,outlier_check
A3316301026225003_commercial_sold_to,A3316301026225003,331630,Shaktoolik,2026-04-01,2026,4,commercial_sold_to,30237,outlier_check
A3316301126225003_residential_sold_to,A3316301126225003,331630,Shaktoolik,2026-05-01,2026,5,residential_sold_to,0,outlier_check
A3316301126225003_commercial_sold_to,A3316301126225003,331630,Shaktoolik,2026-05-01,2026,5,commercial_sold_to,0,outlier_check
A3316400616225003_fuel_used_gallons,A3316400616225003,331640,Shishmaref,2015-12-01,2015,12,fuel_used_gallons,1026,outlier_check
A3316400217225003_residential_customers,A3316400217225003,331640,Shishmaref,2016-08-01,2016,8,residential_customers,89,outlier_check
A3316400417225003_residential_customers,A3316400417225003,331640,Shishmaref,2016-10-01,2016,10,residential_customers,91,outlier_check
A3316400517225003_residential_customers,A3316400517225003,331640,Shishmaref,2016-11-01,2016,11,residential_customers,90,outlier_check
A3316400617225003_fuel_used_gallons,A3316400617225003,331640,Shishmaref,2016-12-01,2016,12,fuel_used_gallons,3326,outlier_check
A3316400717225003_residential_customers,A3316400717225003,331640,Shishmaref,2017-01-01,2017,1,residential_customers,92,outlier_check
A3316400817225003_residential_customers,A3316400817225003,331640,Shishmaref,2017-02-01,2017,2,residential_customers,92,outlier_check
A3316400619225003_fuel_used_gallons,A3316400619225003,331640,Shishmaref,2018-12-01,2018,12,fuel_used_gallons,18063,outlier_check
A3316400823225003_fuel_used_gallons,A3316400823225003,331640,Shishmaref,2023-02-01,2023,2,fuel_used_gallons,33823,outlier_check
A3316401223225003_fuel_used_gallons,A3316401223225003,331640,Shishmaref,2023-06-01,2023,6,fuel_used_gallons,0,outlier_check
A3316401125225003_fuel_used_gallons,A3316401125225003,331640,Shishmaref,2025-05-01,2025,5,fuel_used_gallons,0,outlier_check
A3316401126225003_residential_sold_to,A3316401126225003,331640,Shishmaref,2026-05-01,2026,5,residential_sold_to,0,outlier_check
A3316401126225003_govt_facil_sold_to,A3316401126225003,331640,Shishmaref,2026-05-01,2026,5,govt_facil_sold_to,0,outlier_check
A3316500116225003_commercial_sold_to,A3316500116225003,331650,Shungnak,2015-07-01,2015,7,commercial_sold_to,14820,outlier_check
A3316500216225003_commercial_sold_to,A3316500216225003,331650,Shungnak,2015-08-01,2015,8,commercial_sold_to,13140,outlier_check
A3316500316225003_commercial_sold_to,A3316500316225003,331650,Shungnak,2015-09-01,2015,9,commercial_sold_to,14426,outlier_check
A3316500416225003_commercial_sold_to,A3316500416225003,331650,Shungnak,2015-10-01,2015,10,commercial_sold_to,14635,outlier_check
A3316500516225003_commercial_sold_to,A3316500516225003,331650,Shungnak,2015-11-01,2015,11,commercial_sold_to,13729,outlier_check
A3316500616225003_commercial_sold_to,A3316500616225003,331650,Shungnak,2015-12-01,2015,12,commercial_sold_to,13848,outlier_check
A3316500716225003_commercial_sold_to,A3316500716225003,331650,Shungnak,2016-01-01,2016,1,commercial_sold_to,14277,outlier_check
A3316500217225003_residential_customers,A3316500217225003,331650,Shungnak,2016-08-01,2016,8,residential_customers,185,outlier_check
A3316500522225003_commercial_sold_to,A3316500522225003,331650,Shungnak,2021-11-01,2021,11,commercial_sold_to,13672,outlier_check
A3316500622225003_fuel_used_gallons,A3316500622225003,331650,Shungnak,2021-12-01,2021,12,fuel_used_gallons,27862,outlier_check
A3316500622225003_commercial_sold_to,A3316500622225003,331650,Shungnak,2021-12-01,2021,12,commercial_sold_to,12933,outlier_check
A3316500722225003_commercial_sold_to,A3316500722225003,331650,Shungnak,2022-01-01,2022,1,commercial_sold_to,-9040,outlier_check
A3316500623225003_fuel_used_gallons,A3316500623225003,331650,Shungnak,2022-12-01,2022,12,fuel_used_gallons,23885,outlier_check
A3316500224225003_commercial_sold_to,A3316500224225003,331650,Shungnak,2023-08-01,2023,8,commercial_sold_to,3527,outlier_check
A3316500324225003_commercial_sold_to,A3316500324225003,331650,Shungnak,2023-09-01,2023,9,commercial_sold_to,3084,outlier_check
A3316500424225003_commercial_sold_to,A3316500424225003,331650,Shungnak,2023-10-01,2023,10,commercial_sold_to,3401,outlier_check
A3316500524225003_commercial_sold_to,A3316500524225003,331650,Shungnak,2023-11-01,2023,11,commercial_sold_to,3245,outlier_check
A3316500624225003_commercial_sold_to,A3316500624225003,331650,Shungnak,2023-12-01,2023,12,commercial_sold_to,23163,outlier_check
A3316500526225003_commercial_sold_to,A3316500526225003,331650,Shungnak,2025-11-01,2025,11,commercial_sold_to,13217,outlier_check
A3316500626225003_commercial_sold_to,A3316500626225003,331650,Shungnak,2025-12-01,2025,12,commercial_sold_to,15975,outlier_check
A3316500726225003_residential_sold_to,A3316500726225003,331650,Shungnak,2026-01-01,2026,1,residential_sold_to,75133,outlier_check
A3316500726225003_commercial_sold_to,A3316500726225003,331650,Shungnak,2026-01-01,2026,1,commercial_sold_to,41080,outlier_check
A3316500726225003_govt_facil_sold_to,A3316500726225003,331650,Shungnak,2026-01-01,2026,1,govt_facil_sold_to,48562,outlier_check
A3316500726225003_residential_customers,A3316500726225003,331650,Shungnak,2026-01-01,2026,1,residential_customers,149,outlier_check
A3316500826225003_commercial_sold_to,A3316500826225003,331650,Shungnak,2026-02-01,2026,2,commercial_sold_to,13564,outlier_check
A3316500926225003_commercial_sold_to,A3316500926225003,331650,Shungnak,2026-03-01,2026,3,commercial_sold_to,14417,outlier_check
A3316501026225003_commercial_sold_to,A3316501026225003,331650,Shungnak,2026-04-01,2026,4,commercial_sold_to,12711,outlier_check
A3316501126225003_commercial_sold_to,A3316501126225003,331650,Shungnak,2026-05-01,2026,5,commercial_sold_to,0,outlier_check
A3311900817225003_govt_facil_customers,A3311900817225003,331190,Skagway,2017-02-01,2017,2,govt_facil_customers,0,outlier_check
A3311901117225003_fuel_used_gallons,A3311901117225003,331190,Skagway,2017-05-01,2017,5,fuel_used_gallons,20729,outlier_check
A3311901117225003_diesel_kwh_generated,A3311901117225003,331190,Skagway,2017-05-01,2017,5,diesel_kwh_generated,308000,outlier_check
A3311900919225003_diesel_kwh_generated,A3311900919225003,331190,Skagway,2019-03-01,2019,3,diesel_kwh_generated,202518,outlier_check
A3311900820225003_fuel_used_gallons,A3311900820225003,331190,Skagway,2020-02-01,2020,2,fuel_used_gallons,18557,outlier_check
A3311900820225003_diesel_kwh_generated,A3311900820225003,331190,Skagway,2020-02-01,2020,2,diesel_kwh_generated,239294,outlier_check
A3311901020225003_fuel_used_gallons,A3311901020225003,331190,Skagway,2020-04-01,2020,4,fuel_used_gallons,31913,outlier_check
A3311901020225003_diesel_kwh_generated,A3311901020225003,331190,Skagway,2020-04-01,2020,4,diesel_kwh_generated,467772,outlier_check
A3311900821225003_fuel_used_gallons,A3311900821225003,331190,Skagway,2021-02-01,2021,2,fuel_used_gallons,20675,outlier_check
A3311900821225003_diesel_kwh_generated,A3311900821225003,331190,Skagway,2021-02-01,2021,2,diesel_kwh_generated,301625,outlier_check
A3311901021225003_fuel_used_gallons,A3311901021225003,331190,Skagway,2021-04-01,2021,4,fuel_used_gallons,30573,outlier_check
A3311901021225003_diesel_kwh_generated,A3311901021225003,331190,Skagway,2021-04-01,2021,4,diesel_kwh_generated,444461,outlier_check
A3311901121225003_fuel_used_gallons,A3311901121225003,331190,Skagway,2021-05-01,2021,5,fuel_used_gallons,33941,outlier_check
A3311901121225003_diesel_kwh_generated,A3311901121225003,331190,Skagway,2021-05-01,2021,5,diesel_kwh_generated,494196,outlier_check
A3311901121225003_total_kwh_purchased,A3311901121225003,331190,Skagway,2021-05-01,2021,5,total_kwh_purchased,46993,outlier_check
A3311900922225003_diesel_kwh_generated,A3311900922225003,331190,Skagway,2022-03-01,2022,3,diesel_kwh_generated,218921,outlier_check
A3311901022225003_diesel_kwh_generated,A3311901022225003,331190,Skagway,2022-04-01,2022,4,diesel_kwh_generated,211285,outlier_check
A3311901122225003_fuel_used_gallons,A3311901122225003,331190,Skagway,2022-05-01,2022,5,fuel_used_gallons,26909,outlier_check
A3311901122225003_diesel_kwh_generated,A3311901122225003,331190,Skagway,2022-05-01,2022,5,diesel_kwh_generated,394990,outlier_check
A3311900723225003_fuel_used_gallons,A3311900723225003,331190,Skagway,2023-01-01,2023,1,fuel_used_gallons,21367,outlier_check
A3311900723225003_diesel_kwh_generated,A3311900723225003,331190,Skagway,2023-01-01,2023,1,diesel_kwh_generated,311055,outlier_check
A3311900723225003_peak_consumption_kw,A3311900723225003,331190,Skagway,2023-01-01,2023,1,peak_consumption_kw,22920,outlier_check
A3311900823225003_fuel_used_gallons,A3311900823225003,331190,Skagway,2023-02-01,2023,2,fuel_used_gallons,18996,outlier_check
A3311900823225003_diesel_kwh_generated,A3311900823225003,331190,Skagway,2023-02-01,2023,2,diesel_kwh_generated,266406,outlier_check
A3311900923225003_fuel_used_gallons,A3311900923225003,331190,Skagway,2023-03-01,2023,3,fuel_used_gallons,37095,outlier_check
A3311900923225003_diesel_kwh_generated,A3311900923225003,331190,Skagway,2023-03-01,2023,3,diesel_kwh_generated,518983,outlier_check
A3311901023225003_fuel_used_gallons,A3311901023225003,331190,Skagway,2023-04-01,2023,4,fuel_used_gallons,23871,outlier_check
A3311901023225003_diesel_kwh_generated,A3311901023225003,331190,Skagway,2023-04-01,2023,4,diesel_kwh_generated,332757,outlier_check
A3311901123225003_diesel_kwh_generated,A3311901123225003,331190,Skagway,2023-05-01,2023,5,diesel_kwh_generated,206153,outlier_check
A3311900224225003_fuel_used_gallons,A3311900224225003,331190,Skagway,2023-08-01,2023,8,fuel_used_gallons,29954,outlier_check
A3311900224225003_diesel_kwh_generated,A3311900224225003,331190,Skagway,2023-08-01,2023,8,diesel_kwh_generated,441333,outlier_check
A3311900824225003_fuel_used_gallons,A3311900824225003,331190,Skagway,2024-02-01,2024,2,fuel_used_gallons,42863,outlier_check
A3311900824225003_diesel_kwh_generated,A3311900824225003,331190,Skagway,2024-02-01,2024,2,diesel_kwh_generated,599435,outlier_check
A3311900924225003_fuel_used_gallons,A3311900924225003,331190,Skagway,2024-03-01,2024,3,fuel_used_gallons,33416,outlier_check
A3311900924225003_diesel_kwh_generated,A3311900924225003,331190,Skagway,2024-03-01,2024,3,diesel_kwh_generated,468860,outlier_check
A3311901024225003_fuel_used_gallons,A3311901024225003,331190,Skagway,2024-04-01,2024,4,fuel_used_gallons,17267,outlier_check
A3311901024225003_diesel_kwh_generated,A3311901024225003,331190,Skagway,2024-04-01,2024,4,diesel_kwh_generated,240476,outlier_check
A3311900625225003_diesel_kwh_generated,A3311900625225003,331190,Skagway,2024-12-01,2024,12,diesel_kwh_generated,201871,outlier_check
A3311900725225003_fuel_used_gallons,A3311900725225003,331190,Skagway,2025-01-01,2025,1,fuel_used_gallons,19129,outlier_check
A3311900725225003_diesel_kwh_generated,A3311900725225003,331190,Skagway,2025-01-01,2025,1,diesel_kwh_generated,270477,outlier_check
A3311900825225003_fuel_used_gallons,A3311900825225003,331190,Skagway,2025-02-01,2025,2,fuel_used_gallons,34432,outlier_check
A3311900825225003_diesel_kwh_generated,A3311900825225003,331190,Skagway,2025-02-01,2025,2,diesel_kwh_generated,479727,outlier_check
A3311900925225003_fuel_used_gallons,A3311900925225003,331190,Skagway,2025-03-01,2025,3,fuel_used_gallons,24290,outlier_check
A3311900925225003_diesel_kwh_generated,A3311900925225003,331190,Skagway,2025-03-01,2025,3,diesel_kwh_generated,347162,outlier_check
A3311901025225003_fuel_used_gallons,A3311901025225003,331190,Skagway,2025-04-01,2025,4,fuel_used_gallons,28738,outlier_check
A3311901025225003_diesel_kwh_generated,A3311901025225003,331190,Skagway,2025-04-01,2025,4,diesel_kwh_generated,405969,outlier_check
A3311901125225003_fuel_used_gallons,A3311901125225003,331190,Skagway,2025-05-01,2025,5,fuel_used_gallons,15988,outlier_check
A3311901125225003_diesel_kwh_generated,A3311901125225003,331190,Skagway,2025-05-01,2025,5,diesel_kwh_generated,224612,outlier_check
A3311900726225003_fuel_used_gallons,A3311900726225003,331190,Skagway,2026-01-01,2026,1,fuel_used_gallons,59068,outlier_check
A3311900726225003_diesel_kwh_generated,A3311900726225003,331190,Skagway,2026-01-01,2026,1,diesel_kwh_generated,838883,outlier_check
A3311900726225003_residential_sold_to,A3311900726225003,331190,Skagway,2026-01-01,2026,1,residential_sold_to,423601,outlier_check
A3311900726225003_residential_customers,A3311900726225003,331190,Skagway,2026-01-01,2026,1,residential_customers,438,outlier_check
A3311900826225003_fuel_used_gallons,A3311900826225003,331190,Skagway,2026-02-01,2026,2,fuel_used_gallons,19376,outlier_check
A3311900826225003_diesel_kwh_generated,A3311900826225003,331190,Skagway,2026-02-01,2026,2,diesel_kwh_generated,281950,outlier_check
A3311900826225003_residential_customers,A3311900826225003,331190,Skagway,2026-02-01,2026,2,residential_customers,435,outlier_check
A3311900926225003_fuel_used_gallons,A3311900926225003,331190,Skagway,2026-03-01,2026,3,fuel_used_gallons,44322,outlier_check
A3311900926225003_diesel_kwh_generated,A3311900926225003,331190,Skagway,2026-03-01,2026,3,diesel_kwh_generated,620548,outlier_check
A3311901026225003_fuel_used_gallons,A3311901026225003,331190,Skagway,2026-04-01,2026,4,fuel_used_gallons,54294,outlier_check
A3311901026225003_diesel_kwh_generated,A3311901026225003,331190,Skagway,2026-04-01,2026,4,diesel_kwh_generated,765086,outlier_check
A3311901126225003_fuel_used_gallons,A3311901126225003,331190,Skagway,2026-05-01,2026,5,fuel_used_gallons,25253,outlier_check
A3311901126225003_diesel_kwh_generated,A3311901126225003,331190,Skagway,2026-05-01,2026,5,diesel_kwh_generated,345796,outlier_check
A3311950616225003_com_facil_sold_to,A3311950616225003,331195,Slana,2015-12-01,2015,12,com_facil_sold_to,607,outlier_check
A3311950816225003_peak_consumption_kw,A3311950816225003,331195,Slana,2016-02-01,2016,2,peak_consumption_kw,0,outlier_check
A3311950916225003_peak_consumption_kw,A3311950916225003,331195,Slana,2016-03-01,2016,3,peak_consumption_kw,0,outlier_check
A3311951016225003_peak_consumption_kw,A3311951016225003,331195,Slana,2016-04-01,2016,4,peak_consumption_kw,0,outlier_check
A3311950720225003_com_facil_sold_to,A3311950720225003,331195,Slana,2020-01-01,2020,1,com_facil_sold_to,578,outlier_check
A3311950622225003_fuel_used_gallons,A3311950622225003,331195,Slana,2021-12-01,2021,12,fuel_used_gallons,13609,outlier_check
A3311950523225003_com_facil_sold_to,A3311950523225003,331195,Slana,2022-11-01,2022,11,com_facil_sold_to,573,outlier_check
A3311950726225003_fuel_used_gallons,A3311950726225003,331195,Slana,2026-01-01,2026,1,fuel_used_gallons,13515,outlier_check
A3322600516225003_peak_consumption_kw,A3322600516225003,332260,Sleetmute,2015-11-01,2015,11,peak_consumption_kw,0,outlier_check
A3322600616225003_peak_consumption_kw,A3322600616225003,332260,Sleetmute,2015-12-01,2015,12,peak_consumption_kw,0,outlier_check
A3322600716225003_fuel_used_gallons,A3322600716225003,332260,Sleetmute,2016-01-01,2016,1,fuel_used_gallons,0,outlier_check
A3322601216225003_powerhouse_consumption_kwh,A3322601216225003,332260,Sleetmute,2016-06-01,2016,6,powerhouse_consumption_kwh,0,outlier_check
A3322600920225003_diesel_kwh_generated,A3322600920225003,332260,Sleetmute,2020-03-01,2020,3,diesel_kwh_generated,0,outlier_check
A3322600920225003_powerhouse_consumption_kwh,A3322600920225003,332260,Sleetmute,2020-03-01,2020,3,powerhouse_consumption_kwh,0,outlier_check
A3322600622225003_residential_sold_to,A3322600622225003,332260,Sleetmute,2021-12-01,2021,12,residential_sold_to,13963,outlier_check
A3322601022225003_residential_sold_to,A3322601022225003,332260,Sleetmute,2022-04-01,2022,4,residential_sold_to,13108,outlier_check
A3322600923225003_residential_sold_to,A3322600923225003,332260,Sleetmute,2023-03-01,2023,3,residential_sold_to,13824,outlier_check
A3322600224225003_com_facil_sold_to,A3322600224225003,332260,Sleetmute,2023-08-01,2023,8,com_facil_sold_to,16393,outlier_check
A3322600724225003_powerhouse_consumption_kwh,A3322600724225003,332260,Sleetmute,2024-01-01,2024,1,powerhouse_consumption_kwh,2252,outlier_check
A3322600924225003_powerhouse_consumption_kwh,A3322600924225003,332260,Sleetmute,2024-03-01,2024,3,powerhouse_consumption_kwh,2146,outlier_check
A3322600225225003_commercial_sold_to,A3322600225225003,332260,Sleetmute,2024-08-01,2024,8,commercial_sold_to,12385,outlier_check
A3322600726225003_powerhouse_consumption_kwh,A3322600726225003,332260,Sleetmute,2026-01-01,2026,1,powerhouse_consumption_kwh,2751,outlier_check
A3322600926225003_powerhouse_consumption_kwh,A3322600926225003,332260,Sleetmute,2026-03-01,2026,3,powerhouse_consumption_kwh,2237,outlier_check
A3316800417225003_residential_customers,A3316800417225003,331680,Stebbins,2016-10-01,2016,10,residential_customers,228,outlier_check
A3316800517225003_residential_customers,A3316800517225003,331680,Stebbins,2016-11-01,2016,11,residential_customers,225,outlier_check
A3316800617225003_fuel_used_gallons,A3316800617225003,331680,Stebbins,2016-12-01,2016,12,fuel_used_gallons,48247,outlier_check
A3316800717225003_residential_customers,A3316800717225003,331680,Stebbins,2017-01-01,2017,1,residential_customers,227,outlier_check
A3316800817225003_residential_customers,A3316800817225003,331680,Stebbins,2017-02-01,2017,2,residential_customers,227,outlier_check
A3316800625225003_com_facil_sold_to,A3316800625225003,331680,Stebbins,2024-12-01,2024,12,com_facil_sold_to,75981,outlier_check
A3316800725225003_com_facil_sold_to,A3316800725225003,331680,Stebbins,2025-01-01,2025,1,com_facil_sold_to,81638,outlier_check
A3316800426225003_powerhouse_consumption_kwh,A3316800426225003,331680,Stebbins,2025-10-01,2025,10,powerhouse_consumption_kwh,19228,outlier_check
A3316800526225003_powerhouse_consumption_kwh,A3316800526225003,331680,Stebbins,2025-11-01,2025,11,powerhouse_consumption_kwh,20140,outlier_check
A3316800526225003_commercial_sold_to,A3316800526225003,331680,Stebbins,2025-11-01,2025,11,commercial_sold_to,36475,outlier_check
A3316800626225003_commercial_sold_to,A3316800626225003,331680,Stebbins,2025-12-01,2025,12,commercial_sold_to,40142,outlier_check
A3316800726225003_commercial_sold_to,A3316800726225003,331680,Stebbins,2026-01-01,2026,1,commercial_sold_to,43510,outlier_check
A3316800826225003_commercial_sold_to,A3316800826225003,331680,Stebbins,2026-02-01,2026,2,commercial_sold_to,38913,outlier_check
A3316800926225003_commercial_sold_to,A3316800926225003,331680,Stebbins,2026-03-01,2026,3,commercial_sold_to,43481,outlier_check
A3316801126225003_residential_sold_to,A3316801126225003,331680,Stebbins,2026-05-01,2026,5,residential_sold_to,0,outlier_check
A3316801126225003_commercial_sold_to,A3316801126225003,331680,Stebbins,2026-05-01,2026,5,commercial_sold_to,0,outlier_check
A3325700916225003_com_facil_sold_to,A3325700916225003,332570,Stevens Village,2016-03-01,2016,3,com_facil_sold_to,9877,outlier_check
A3325700718225003_com_facil_sold_to,A3325700718225003,332570,Stevens Village,2018-01-01,2018,1,com_facil_sold_to,13257,outlier_check
A3322700616225003_govt_facil_sold_to,A3322700616225003,332270,Stony River,2015-12-01,2015,12,govt_facil_sold_to,1212,outlier_check
A3322700716225003_govt_facil_sold_to,A3322700716225003,332270,Stony River,2016-01-01,2016,1,govt_facil_sold_to,1212,outlier_check
A3322700816225003_govt_facil_sold_to,A3322700816225003,332270,Stony River,2016-02-01,2016,2,govt_facil_sold_to,760,outlier_check
A3322700916225003_govt_facil_sold_to,A3322700916225003,332270,Stony River,2016-03-01,2016,3,govt_facil_sold_to,752,outlier_check
A3322701216225003_fuel_used_gallons,A3322701216225003,332270,Stony River,2016-06-01,2016,6,fuel_used_gallons,0,outlier_check
A3322700517225003_govt_facil_sold_to,A3322700517225003,332270,Stony River,2016-11-01,2016,11,govt_facil_sold_to,1117,outlier_check
A3322700617225003_govt_facil_sold_to,A3322700617225003,332270,Stony River,2016-12-01,2016,12,govt_facil_sold_to,1481,outlier_check
A3322700717225003_govt_facil_sold_to,A3322700717225003,332270,Stony River,2017-01-01,2017,1,govt_facil_sold_to,1236,outlier_check
A3322700817225003_govt_facil_sold_to,A3322700817225003,332270,Stony River,2017-02-01,2017,2,govt_facil_sold_to,1193,outlier_check
A3322700917225003_fuel_used_gallons,A3322700917225003,332270,Stony River,2017-03-01,2017,3,fuel_used_gallons,7370,outlier_check
A3322700917225003_govt_facil_sold_to,A3322700917225003,332270,Stony River,2017-03-01,2017,3,govt_facil_sold_to,1410,outlier_check
A3322701017225003_govt_facil_sold_to,A3322701017225003,332270,Stony River,2017-04-01,2017,4,govt_facil_sold_to,1358,outlier_check
A3322700518225003_govt_facil_sold_to,A3322700518225003,332270,Stony River,2017-11-01,2017,11,govt_facil_sold_to,1093,outlier_check
A3322700618225003_govt_facil_sold_to,A3322700618225003,332270,Stony River,2017-12-01,2017,12,govt_facil_sold_to,1022,outlier_check
A3322700718225003_govt_facil_sold_to,A3322700718225003,332270,Stony River,2018-01-01,2018,1,govt_facil_sold_to,1362,outlier_check
A3322700818225003_govt_facil_sold_to,A3322700818225003,332270,Stony River,2018-02-01,2018,2,govt_facil_sold_to,687,outlier_check
A3322700519225003_govt_facil_sold_to,A3322700519225003,332270,Stony River,2018-11-01,2018,11,govt_facil_sold_to,1457,outlier_check
A3322700619225003_govt_facil_sold_to,A3322700619225003,332270,Stony River,2018-12-01,2018,12,govt_facil_sold_to,627,outlier_check
A3322701019225003_govt_facil_sold_to,A3322701019225003,332270,Stony River,2019-04-01,2019,4,govt_facil_sold_to,1079,outlier_check
A3322700520225003_govt_facil_sold_to,A3322700520225003,332270,Stony River,2019-11-01,2019,11,govt_facil_sold_to,822,outlier_check
A3322700620225003_govt_facil_sold_to,A3322700620225003,332270,Stony River,2019-12-01,2019,12,govt_facil_sold_to,786,outlier_check
A3322700720225003_govt_facil_sold_to,A3322700720225003,332270,Stony River,2020-01-01,2020,1,govt_facil_sold_to,1258,outlier_check
A3322700820225003_govt_facil_sold_to,A3322700820225003,332270,Stony River,2020-02-01,2020,2,govt_facil_sold_to,1283,outlier_check
A3322700920225003_govt_facil_sold_to,A3322700920225003,332270,Stony River,2020-03-01,2020,3,govt_facil_sold_to,1366,outlier_check
A3322701020225003_govt_facil_sold_to,A3322701020225003,332270,Stony River,2020-04-01,2020,4,govt_facil_sold_to,1318,outlier_check
A3322700521225003_govt_facil_sold_to,A3322700521225003,332270,Stony River,2020-11-01,2020,11,govt_facil_sold_to,1001,outlier_check
A3322700621225003_govt_facil_sold_to,A3322700621225003,332270,Stony River,2020-12-01,2020,12,govt_facil_sold_to,1031,outlier_check
A3322700821225003_govt_facil_sold_to,A3322700821225003,332270,Stony River,2021-02-01,2021,2,govt_facil_sold_to,636,outlier_check
A3322700921225003_govt_facil_sold_to,A3322700921225003,332270,Stony River,2021-03-01,2021,3,govt_facil_sold_to,666,outlier_check
A3322700522225003_govt_facil_sold_to,A3322700522225003,332270,Stony River,2021-11-01,2021,11,govt_facil_sold_to,623,outlier_check
A3322700722225003_govt_facil_sold_to,A3322700722225003,332270,Stony River,2022-01-01,2022,1,govt_facil_sold_to,631,outlier_check
A3322700523225003_fuel_used_gallons,A3322700523225003,332270,Stony River,2022-11-01,2022,11,fuel_used_gallons,3481,outlier_check
A3322700723225003_fuel_used_gallons,A3322700723225003,332270,Stony River,2023-01-01,2023,1,fuel_used_gallons,2631,outlier_check
A3322700723225003_powerhouse_consumption_kwh,A3322700723225003,332270,Stony River,2023-01-01,2023,1,powerhouse_consumption_kwh,2831,outlier_check
A3322700723225003_govt_facil_sold_to,A3322700723225003,332270,Stony River,2023-01-01,2023,1,govt_facil_sold_to,735,outlier_check
A3322700923225003_govt_facil_sold_to,A3322700923225003,332270,Stony River,2023-03-01,2023,3,govt_facil_sold_to,1236,outlier_check
A3322701023225003_govt_facil_sold_to,A3322701023225003,332270,Stony River,2023-04-01,2023,4,govt_facil_sold_to,1027,outlier_check
A3322700724225003_govt_facil_sold_to,A3322700724225003,332270,Stony River,2024-01-01,2024,1,govt_facil_sold_to,1671,outlier_check
A3322700824225003_powerhouse_consumption_kwh,A3322700824225003,332270,Stony River,2024-02-01,2024,2,powerhouse_consumption_kwh,2163,outlier_check
A3322700824225003_govt_facil_sold_to,A3322700824225003,332270,Stony River,2024-02-01,2024,2,govt_facil_sold_to,1128,outlier_check
A3322700924225003_govt_facil_sold_to,A3322700924225003,332270,Stony River,2024-03-01,2024,3,govt_facil_sold_to,1027,outlier_check
A3322701024225003_govt_facil_sold_to,A3322701024225003,332270,Stony River,2024-04-01,2024,4,govt_facil_sold_to,707,outlier_check
A3322700125225003_powerhouse_consumption_kwh,A3322700125225003,332270,Stony River,2024-07-01,2024,7,powerhouse_consumption_kwh,2585,outlier_check
A3322700225225003_powerhouse_consumption_kwh,A3322700225225003,332270,Stony River,2024-08-01,2024,8,powerhouse_consumption_kwh,3425,outlier_check
A3322700325225003_powerhouse_consumption_kwh,A3322700325225003,332270,Stony River,2024-09-01,2024,9,powerhouse_consumption_kwh,2326,outlier_check
A3322700525225003_govt_facil_sold_to,A3322700525225003,332270,Stony River,2024-11-01,2024,11,govt_facil_sold_to,1069,outlier_check
A3322700725225003_powerhouse_consumption_kwh,A3322700725225003,332270,Stony River,2025-01-01,2025,1,powerhouse_consumption_kwh,2984,outlier_check
A3322700825225003_govt_facil_sold_to,A3322700825225003,332270,Stony River,2025-02-01,2025,2,govt_facil_sold_to,664,outlier_check
A3322700925225003_powerhouse_consumption_kwh,A3322700925225003,332270,Stony River,2025-03-01,2025,3,powerhouse_consumption_kwh,2295,outlier_check
A3322700925225003_govt_facil_sold_to,A3322700925225003,332270,Stony River,2025-03-01,2025,3,govt_facil_sold_to,1076,outlier_check
A3322701225225003_powerhouse_consumption_kwh,A3322701225225003,332270,Stony River,2025-06-01,2025,6,powerhouse_consumption_kwh,2656,outlier_check
A3322700226225003_govt_facil_sold_to,A3322700226225003,332270,Stony River,2025-08-01,2025,8,govt_facil_sold_to,2000,outlier_check
A3322700426225003_powerhouse_consumption_kwh,A3322700426225003,332270,Stony River,2025-10-01,2025,10,powerhouse_consumption_kwh,3174,outlier_check
A3322700526225003_powerhouse_consumption_kwh,A3322700526225003,332270,Stony River,2025-11-01,2025,11,powerhouse_consumption_kwh,3816,outlier_check
A3322700626225003_diesel_kwh_generated,A3322700626225003,332270,Stony River,2025-12-01,2025,12,diesel_kwh_generated,24272,outlier_check
A3322700626225003_powerhouse_consumption_kwh,A3322700626225003,332270,Stony River,2025-12-01,2025,12,powerhouse_consumption_kwh,5382,outlier_check
A3322700626225003_govt_facil_sold_to,A3322700626225003,332270,Stony River,2025-12-01,2025,12,govt_facil_sold_to,729,outlier_check
A3322700726225003_govt_facil_sold_to,A3322700726225003,332270,Stony River,2026-01-01,2026,1,govt_facil_sold_to,855,outlier_check
A3322700826225003_govt_facil_sold_to,A3322700826225003,332270,Stony River,2026-02-01,2026,2,govt_facil_sold_to,651,outlier_check
A3322700926225003_govt_facil_sold_to,A3322700926225003,332270,Stony River,2026-03-01,2026,3,govt_facil_sold_to,1270,outlier_check
A3322701226225003_powerhouse_consumption_kwh,A3322701226225003,332270,Stony River,2026-06-01,2026,6,powerhouse_consumption_kwh,2994,outlier_check
A3322700127225003_powerhouse_consumption_kwh,A3322700127225003,332270,Stony River,2026-07-01,2026,7,powerhouse_consumption_kwh,3004,outlier_check
A3325801122225003_fuel_used_gallons,A3325801122225003,332580,Takotna,2022-05-01,2022,5,fuel_used_gallons,4145,outlier_check
A3325800723225003_powerhouse_consumption_kwh,A3325800723225003,332580,Takotna,2023-01-01,2023,1,powerhouse_consumption_kwh,5723,outlier_check
A3325800624225003_fuel_used_gallons,A3325800624225003,332580,Takotna,2023-12-01,2023,12,fuel_used_gallons,6537,outlier_check
A3325800824225003_fuel_used_gallons,A3325800824225003,332580,Takotna,2024-02-01,2024,2,fuel_used_gallons,6975,outlier_check
A3325800924225003_com_facil_sold_to,A3325800924225003,332580,Takotna,2024-03-01,2024,3,com_facil_sold_to,8228,outlier_check
A3325801124225003_fuel_used_gallons,A3325801124225003,332580,Takotna,2024-05-01,2024,5,fuel_used_gallons,7608,outlier_check
A3325800925225003_fuel_used_gallons,A3325800925225003,332580,Takotna,2025-03-01,2025,3,fuel_used_gallons,9610,outlier_check
A3326000618225003_peak_consumption_kw,A3326000618225003,332600,Tanana,2017-12-01,2017,12,peak_consumption_kw,0,outlier_check
A3326000626225003_residential_sold_to,A3326000626225003,332600,Tanana,2025-12-01,2025,12,residential_sold_to,51471,outlier_check
A3326100218225003_commercial_sold_to,A3326100218225003,332610,Tatitlek,2017-08-01,2017,8,commercial_sold_to,9496,outlier_check
A3326101118225003_com_facil_sold_to,A3326101118225003,332610,Tatitlek,2018-05-01,2018,5,com_facil_sold_to,12524,outlier_check
A3326100920225003_residential_sold_to,A3326100920225003,332610,Tatitlek,2020-03-01,2020,3,residential_sold_to,17841,outlier_check
A3326101221225003_powerhouse_consumption_kwh,A3326101221225003,332610,Tatitlek,2021-06-01,2021,6,powerhouse_consumption_kwh,5463,outlier_check
A3326100122225003_powerhouse_consumption_kwh,A3326100122225003,332610,Tatitlek,2021-07-01,2021,7,powerhouse_consumption_kwh,7699,outlier_check
A3326100822225003_peak_consumption_kw,A3326100822225003,332610,Tatitlek,2022-02-01,2022,2,peak_consumption_kw,158,outlier_check
A3326100523225003_powerhouse_consumption_kwh,A3326100523225003,332610,Tatitlek,2022-11-01,2022,11,powerhouse_consumption_kwh,5351,outlier_check
A3326100624225003_residential_sold_to,A3326100624225003,332610,Tatitlek,2023-12-01,2023,12,residential_sold_to,21024,outlier_check
A3326100225225003_powerhouse_consumption_kwh,A3326100225225003,332610,Tatitlek,2024-08-01,2024,8,powerhouse_consumption_kwh,100,outlier_check
A3326100225225003_peak_consumption_kw,A3326100225225003,332610,Tatitlek,2024-08-01,2024,8,peak_consumption_kw,4005,outlier_check
A3326100226225003_powerhouse_consumption_kwh,A3326100226225003,332610,Tatitlek,2025-08-01,2025,8,powerhouse_consumption_kwh,77,outlier_check
A3326100226225003_peak_consumption_kw,A3326100226225003,332610,Tatitlek,2025-08-01,2025,8,peak_consumption_kw,1806,outlier_check
A3316850116225003_commercial_sold_to,A3316850116225003,331685,Teller,2015-07-01,2015,7,commercial_sold_to,11535,outlier_check
A3316850116225003_com_facil_sold_to,A3316850116225003,331685,Teller,2015-07-01,2015,7,com_facil_sold_to,3024,outlier_check
A3316850216225003_commercial_sold_to,A3316850216225003,331685,Teller,2015-08-01,2015,8,commercial_sold_to,11397,outlier_check
A3316850216225003_com_facil_sold_to,A3316850216225003,331685,Teller,2015-08-01,2015,8,com_facil_sold_to,2773,outlier_check
A3316850316225003_commercial_sold_to,A3316850316225003,331685,Teller,2015-09-01,2015,9,commercial_sold_to,13003,outlier_check
A3316850316225003_com_facil_sold_to,A3316850316225003,331685,Teller,2015-09-01,2015,9,com_facil_sold_to,3202,outlier_check
A3316850416225003_commercial_sold_to,A3316850416225003,331685,Teller,2015-10-01,2015,10,commercial_sold_to,14936,outlier_check
A3316850416225003_com_facil_sold_to,A3316850416225003,331685,Teller,2015-10-01,2015,10,com_facil_sold_to,3373,outlier_check
A3316850516225003_commercial_sold_to,A3316850516225003,331685,Teller,2015-11-01,2015,11,commercial_sold_to,16859,outlier_check
A3316850516225003_com_facil_sold_to,A3316850516225003,331685,Teller,2015-11-01,2015,11,com_facil_sold_to,3208,outlier_check
A3316850616225003_commercial_sold_to,A3316850616225003,331685,Teller,2015-12-01,2015,12,commercial_sold_to,17923,outlier_check
A3316850616225003_com_facil_sold_to,A3316850616225003,331685,Teller,2015-12-01,2015,12,com_facil_sold_to,3967,outlier_check
A3316850716225003_commercial_sold_to,A3316850716225003,331685,Teller,2016-01-01,2016,1,commercial_sold_to,17370,outlier_check
A3316850716225003_com_facil_sold_to,A3316850716225003,331685,Teller,2016-01-01,2016,1,com_facil_sold_to,4066,outlier_check
A3316850617225003_fuel_used_gallons,A3316850617225003,331685,Teller,2016-12-01,2016,12,fuel_used_gallons,-6497,outlier_check
A3316850318225003_powerhouse_consumption_kwh,A3316850318225003,331685,Teller,2017-09-01,2017,9,powerhouse_consumption_kwh,8666,outlier_check
A3316850618225003_fuel_used_gallons,A3316850618225003,331685,Teller,2017-12-01,2017,12,fuel_used_gallons,-705,outlier_check
A3316850320225003_powerhouse_consumption_kwh,A3316850320225003,331685,Teller,2019-09-01,2019,9,powerhouse_consumption_kwh,7825,outlier_check
A3316850623225003_fuel_used_gallons,A3316850623225003,331685,Teller,2022-12-01,2022,12,fuel_used_gallons,11673,outlier_check
A3316851223225003_fuel_used_gallons,A3316851223225003,331685,Teller,2023-06-01,2023,6,fuel_used_gallons,0,outlier_check
A3316851125225003_fuel_used_gallons,A3316851125225003,331685,Teller,2025-05-01,2025,5,fuel_used_gallons,0,outlier_check
A3316850526225003_commercial_sold_to,A3316850526225003,331685,Teller,2025-11-01,2025,11,commercial_sold_to,16099,outlier_check
A3316850526225003_com_facil_sold_to,A3316850526225003,331685,Teller,2025-11-01,2025,11,com_facil_sold_to,3168,outlier_check
A3316850626225003_commercial_sold_to,A3316850626225003,331685,Teller,2025-12-01,2025,12,commercial_sold_to,16430,outlier_check
A3316850626225003_com_facil_sold_to,A3316850626225003,331685,Teller,2025-12-01,2025,12,com_facil_sold_to,3042,outlier_check
A3316850726225003_commercial_sold_to,A3316850726225003,331685,Teller,2026-01-01,2026,1,commercial_sold_to,18424,outlier_check
A3316850726225003_com_facil_sold_to,A3316850726225003,331685,Teller,2026-01-01,2026,1,com_facil_sold_to,3345,outlier_check
A3316850826225003_commercial_sold_to,A3316850826225003,331685,Teller,2026-02-01,2026,2,commercial_sold_to,17006,outlier_check
A3316850826225003_com_facil_sold_to,A3316850826225003,331685,Teller,2026-02-01,2026,2,com_facil_sold_to,3746,outlier_check
A3316850926225003_commercial_sold_to,A3316850926225003,331685,Teller,2026-03-01,2026,3,commercial_sold_to,21673,outlier_check
A3316850926225003_com_facil_sold_to,A3316850926225003,331685,Teller,2026-03-01,2026,3,com_facil_sold_to,4830,outlier_check
A3316851026225003_commercial_sold_to,A3316851026225003,331685,Teller,2026-04-01,2026,4,commercial_sold_to,16886,outlier_check
A3316851026225003_com_facil_sold_to,A3316851026225003,331685,Teller,2026-04-01,2026,4,com_facil_sold_to,4038,outlier_check
A3316851126225003_residential_sold_to,A3316851126225003,331685,Teller,2026-05-01,2026,5,residential_sold_to,0,outlier_check
A3316851126225003_commercial_sold_to,A3316851126225003,331685,Teller,2026-05-01,2026,5,commercial_sold_to,0,outlier_check
A3316851126225003_com_facil_sold_to,A3316851126225003,331685,Teller,2026-05-01,2026,5,com_facil_sold_to,0,outlier_check
A3316851126225003_govt_facil_sold_to,A3316851126225003,331685,Teller,2026-05-01,2026,5,govt_facil_sold_to,0,outlier_check
A3326300217225003_govt_facil_sold_to,A3326300217225003,332630,Tenakee Springs,2016-08-01,2016,8,govt_facil_sold_to,58,outlier_check
A3326300317225003_govt_facil_sold_to,A3326300317225003,332630,Tenakee Springs,2016-09-01,2016,9,govt_facil_sold_to,43,outlier_check
A3326300623225003_fuel_used_gallons,A3326300623225003,332630,Tenakee Springs,2022-12-01,2022,12,fuel_used_gallons,4060,outlier_check
A3326300823225003_peak_consumption_kw,A3326300823225003,332630,Tenakee Springs,2023-02-01,2023,2,peak_consumption_kw,185,outlier_check
A3326300125225003_peak_consumption_kw,A3326300125225003,332630,Tenakee Springs,2024-07-01,2024,7,peak_consumption_kw,219,outlier_check
A3326300225225003_peak_consumption_kw,A3326300225225003,332630,Tenakee Springs,2024-08-01,2024,8,peak_consumption_kw,217,outlier_check
A3326300425225003_peak_consumption_kw,A3326300425225003,332630,Tenakee Springs,2024-10-01,2024,10,peak_consumption_kw,232,outlier_check
A3312000621225003_commercial_sold_to,A3312000621225003,331200,Tetlin,2020-12-01,2020,12,commercial_sold_to,13893,outlier_check
A3312000523225003_commercial_sold_to,A3312000523225003,331200,Tetlin,2022-11-01,2022,11,commercial_sold_to,14731,outlier_check
A3312101125225003_powerhouse_consumption_kwh,A3312101125225003,331210,"Thorne Bay, City of",2025-05-01,2025,5,powerhouse_consumption_kwh,2077,outlier_check
A3316900116225003_commercial_sold_to,A3316900116225003,331690,Togiak,2015-07-01,2015,7,commercial_sold_to,149671,outlier_check
A3316900216225003_commercial_sold_to,A3316900216225003,331690,Togiak,2015-08-01,2015,8,commercial_sold_to,124035,outlier_check
A3316901216225003_commercial_sold_to,A3316901216225003,331690,Togiak,2016-06-01,2016,6,commercial_sold_to,74746,outlier_check
A3316900117225003_commercial_sold_to,A3316900117225003,331690,Togiak,2016-07-01,2016,7,commercial_sold_to,163557,outlier_check
A3316900217225003_commercial_sold_to,A3316900217225003,331690,Togiak,2016-08-01,2016,8,commercial_sold_to,111241,outlier_check
A3316900217225003_residential_customers,A3316900217225003,331690,Togiak,2016-08-01,2016,8,residential_customers,89,outlier_check
A3316900417225003_residential_customers,A3316900417225003,331690,Togiak,2016-10-01,2016,10,residential_customers,92,outlier_check
A3316900517225003_residential_customers,A3316900517225003,331690,Togiak,2016-11-01,2016,11,residential_customers,90,outlier_check
A3316900717225003_residential_customers,A3316900717225003,331690,Togiak,2017-01-01,2017,1,residential_customers,90,outlier_check
A3316900817225003_residential_customers,A3316900817225003,331690,Togiak,2017-02-01,2017,2,residential_customers,90,outlier_check
A3316901217225003_commercial_sold_to,A3316901217225003,331690,Togiak,2017-06-01,2017,6,commercial_sold_to,74615,outlier_check
A3316900118225003_commercial_sold_to,A3316900118225003,331690,Togiak,2017-07-01,2017,7,commercial_sold_to,158919,outlier_check
A3316900218225003_commercial_sold_to,A3316900218225003,331690,Togiak,2017-08-01,2017,8,commercial_sold_to,88855,outlier_check
A3316900119225003_commercial_sold_to,A3316900119225003,331690,Togiak,2018-07-01,2018,7,commercial_sold_to,136229,outlier_check
A3316900219225003_commercial_sold_to,A3316900219225003,331690,Togiak,2018-08-01,2018,8,commercial_sold_to,109518,outlier_check
A3316900319225003_powerhouse_consumption_kwh,A3316900319225003,331690,Togiak,2018-09-01,2018,9,powerhouse_consumption_kwh,10287,outlier_check
A3316900619225003_fuel_used_gallons,A3316900619225003,331690,Togiak,2018-12-01,2018,12,fuel_used_gallons,37434,outlier_check
A3316900120225003_commercial_sold_to,A3316900120225003,331690,Togiak,2019-07-01,2019,7,commercial_sold_to,141921,outlier_check
A3316900220225003_commercial_sold_to,A3316900220225003,331690,Togiak,2019-08-01,2019,8,commercial_sold_to,100206,outlier_check
A3316900121225003_commercial_sold_to,A3316900121225003,331690,Togiak,2020-07-01,2020,7,commercial_sold_to,98256,outlier_check
A3316900221225003_commercial_sold_to,A3316900221225003,331690,Togiak,2020-08-01,2020,8,commercial_sold_to,92450,outlier_check
A3316900122225003_commercial_sold_to,A3316900122225003,331690,Togiak,2021-07-01,2021,7,commercial_sold_to,118514,outlier_check
A3316900222225003_commercial_sold_to,A3316900222225003,331690,Togiak,2021-08-01,2021,8,commercial_sold_to,92957,outlier_check
A3316900123225003_commercial_sold_to,A3316900123225003,331690,Togiak,2022-07-01,2022,7,commercial_sold_to,102953,outlier_check
A3316900223225003_commercial_sold_to,A3316900223225003,331690,Togiak,2022-08-01,2022,8,commercial_sold_to,100730,outlier_check
A3316901223225003_fuel_used_gallons,A3316901223225003,331690,Togiak,2023-06-01,2023,6,fuel_used_gallons,0,outlier_check
A3316900124225003_commercial_sold_to,A3316900124225003,331690,Togiak,2023-07-01,2023,7,commercial_sold_to,100089,outlier_check
A3316900924225003_powerhouse_consumption_kwh,A3316900924225003,331690,Togiak,2024-03-01,2024,3,powerhouse_consumption_kwh,14403,outlier_check
A3316901125225003_fuel_used_gallons,A3316901125225003,331690,Togiak,2025-05-01,2025,5,fuel_used_gallons,0,outlier_check
A3316900926225003_fuel_used_gallons,A3316900926225003,331690,Togiak,2026-03-01,2026,3,fuel_used_gallons,7066,outlier_check
A3316901126225003_residential_sold_to,A3316901126225003,331690,Togiak,2026-05-01,2026,5,residential_sold_to,0,outlier_check
A3312200623225003_com_facil_sold_to,A3312200623225003,331220,"Tok, Tanacross",2022-12-01,2022,12,com_facil_sold_to,67083,outlier_check
A3312200723225003_com_facil_sold_to,A3312200723225003,331220,"Tok, Tanacross",2023-01-01,2023,1,com_facil_sold_to,74674,outlier_check
A3312200823225003_com_facil_sold_to,A3312200823225003,331220,"Tok, Tanacross",2023-02-01,2023,2,com_facil_sold_to,68039,outlier_check
A3312200724225003_com_facil_sold_to,A3312200724225003,331220,"Tok, Tanacross",2024-01-01,2024,1,com_facil_sold_to,66776,outlier_check
A3312200626225003_com_facil_sold_to,A3312200626225003,331220,"Tok, Tanacross",2025-12-01,2025,12,com_facil_sold_to,73362,outlier_check
A3312200726225003_residential_sold_to,A3312200726225003,331220,"Tok, Tanacross",2026-01-01,2026,1,residential_sold_to,541244,outlier_check
A3312200726225003_com_facil_sold_to,A3312200726225003,331220,"Tok, Tanacross",2026-01-01,2026,1,com_facil_sold_to,73981,outlier_check
A3312200826225003_com_facil_sold_to,A3312200826225003,331220,"Tok, Tanacross",2026-02-01,2026,2,com_facil_sold_to,70576,outlier_check
A3317000116225003_commercial_sold_to,A3317000116225003,331700,Toksook Bay,2015-07-01,2015,7,commercial_sold_to,23532,outlier_check
A3317000216225003_commercial_sold_to,A3317000216225003,331700,Toksook Bay,2015-08-01,2015,8,commercial_sold_to,22887,outlier_check
A3317000316225003_commercial_sold_to,A3317000316225003,331700,Toksook Bay,2015-09-01,2015,9,commercial_sold_to,24497,outlier_check
A3317000416225003_commercial_sold_to,A3317000416225003,331700,Toksook Bay,2015-10-01,2015,10,commercial_sold_to,27116,outlier_check
A3317000516225003_commercial_sold_to,A3317000516225003,331700,Toksook Bay,2015-11-01,2015,11,commercial_sold_to,31362,outlier_check
A3317000616225003_commercial_sold_to,A3317000616225003,331700,Toksook Bay,2015-12-01,2015,12,commercial_sold_to,33943,outlier_check
A3317000716225003_commercial_sold_to,A3317000716225003,331700,Toksook Bay,2016-01-01,2016,1,commercial_sold_to,36402,outlier_check
A3317000618225003_fuel_used_gallons,A3317000618225003,331700,Toksook Bay,2017-12-01,2017,12,fuel_used_gallons,59395,outlier_check
A3317001223225003_fuel_used_gallons,A3317001223225003,331700,Toksook Bay,2023-06-01,2023,6,fuel_used_gallons,0,outlier_check
A3317000724225003_wind_kwh_generated,A3317000724225003,331700,Toksook Bay,2024-01-01,2024,1,wind_kwh_generated,327102,outlier_check
A3317001125225003_fuel_used_gallons,A3317001125225003,331700,Toksook Bay,2025-05-01,2025,5,fuel_used_gallons,0,outlier_check
A3317000526225003_commercial_sold_to,A3317000526225003,331700,Toksook Bay,2025-11-01,2025,11,commercial_sold_to,24287,outlier_check
A3317000626225003_commercial_sold_to,A3317000626225003,331700,Toksook Bay,2025-12-01,2025,12,commercial_sold_to,24946,outlier_check
A3317000726225003_commercial_sold_to,A3317000726225003,331700,Toksook Bay,2026-01-01,2026,1,commercial_sold_to,24195,outlier_check
A3317000826225003_commercial_sold_to,A3317000826225003,331700,Toksook Bay,2026-02-01,2026,2,commercial_sold_to,29318,outlier_check
A3317000926225003_commercial_sold_to,A3317000926225003,331700,Toksook Bay,2026-03-01,2026,3,commercial_sold_to,28699,outlier_check
A3317001026225003_commercial_sold_to,A3317001026225003,331700,Toksook Bay,2026-04-01,2026,4,commercial_sold_to,22556,outlier_check
A3317001126225003_residential_sold_to,A3317001126225003,331700,Toksook Bay,2026-05-01,2026,5,residential_sold_to,0,outlier_check
A3317001126225003_commercial_sold_to,A3317001126225003,331700,Toksook Bay,2026-05-01,2026,5,commercial_sold_to,0,outlier_check
A3317001126225003_com_facil_sold_to,A3317001126225003,331700,Toksook Bay,2026-05-01,2026,5,com_facil_sold_to,0,outlier_check
A3317001126225003_govt_facil_sold_to,A3317001126225003,331700,Toksook Bay,2026-05-01,2026,5,govt_facil_sold_to,0,outlier_check
A3327100124225003_residential_sold_to,A3327100124225003,332710,Tuluksak,2023-07-01,2023,7,residential_sold_to,66235,outlier_check
A3327100124225003_unbilled_sold_to,A3327100124225003,332710,Tuluksak,2023-07-01,2023,7,unbilled_sold_to,5229,outlier_check
A3327100224225003_commercial_sold_to,A3327100224225003,332710,Tuluksak,2023-08-01,2023,8,commercial_sold_to,67036,outlier_check
A3327100324225003_govt_facil_sold_to,A3327100324225003,332710,Tuluksak,2023-09-01,2023,9,govt_facil_sold_to,5874,outlier_check
A3327100724225003_commercial_sold_to,A3327100724225003,332710,Tuluksak,2024-01-01,2024,1,commercial_sold_to,46117,outlier_check
A3327100924225003_residential_sold_to,A3327100924225003,332710,Tuluksak,2024-03-01,2024,3,residential_sold_to,60962,outlier_check
A3327101224225003_diesel_kwh_generated,A3327101224225003,332710,Tuluksak,2024-06-01,2024,6,diesel_kwh_generated,144464,outlier_check
A3327101224225003_peak_consumption_kw,A3327101224225003,332710,Tuluksak,2024-06-01,2024,6,peak_consumption_kw,0,outlier_check
A3327101224225003_residential_sold_to,A3327101224225003,332710,Tuluksak,2024-06-01,2024,6,residential_sold_to,57936,outlier_check
A3327101224225003_com_facil_sold_to,A3327101224225003,332710,Tuluksak,2024-06-01,2024,6,com_facil_sold_to,47673,outlier_check
A3327100325225003_peak_consumption_kw,A3327100325225003,332710,Tuluksak,2024-09-01,2024,9,peak_consumption_kw,0,outlier_check
A3327100425225003_peak_consumption_kw,A3327100425225003,332710,Tuluksak,2024-10-01,2024,10,peak_consumption_kw,0,outlier_check
A3327100126225003_residential_rate,A3327100126225003,332710,Tuluksak,2025-07-01,2025,7,residential_rate,99.99,outlier_check
A3327100726225003_total_kwh_purchased,A3327100726225003,332710,Tuluksak,2026-01-01,2026,1,total_kwh_purchased,93710,outlier_check
A3327100926225003_com_facil_sold_to,A3327100926225003,332710,Tuluksak,2026-03-01,2026,3,com_facil_sold_to,12142,outlier_check
A3327200716225003_wind_kwh_generated,A3327200716225003,332720,Tuntutuliak,2016-01-01,2016,1,wind_kwh_generated,55057,outlier_check
A3327200716225003_total_kwh_purchased,A3327200716225003,332720,Tuntutuliak,2016-01-01,2016,1,total_kwh_purchased,18477,outlier_check
A3327200916225003_total_kwh_purchased,A3327200916225003,332720,Tuntutuliak,2016-03-01,2016,3,total_kwh_purchased,11420,outlier_check
A3327200117225003_powerhouse_consumption_kwh,A3327200117225003,332720,Tuntutuliak,2016-07-01,2016,7,powerhouse_consumption_kwh,5060,outlier_check
A3327200417225003_total_kwh_purchased,A3327200417225003,332720,Tuntutuliak,2016-10-01,2016,10,total_kwh_purchased,14426,outlier_check
A3327200517225003_total_kwh_purchased,A3327200517225003,332720,Tuntutuliak,2016-11-01,2016,11,total_kwh_purchased,10579,outlier_check
A3327200617225003_total_kwh_purchased,A3327200617225003,332720,Tuntutuliak,2016-12-01,2016,12,total_kwh_purchased,13611,outlier_check
A3327200717225003_total_kwh_purchased,A3327200717225003,332720,Tuntutuliak,2017-01-01,2017,1,total_kwh_purchased,10062,outlier_check
A3327200618225003_total_kwh_purchased,A3327200618225003,332720,Tuntutuliak,2017-12-01,2017,12,total_kwh_purchased,10941,outlier_check
A3327200918225003_powerhouse_consumption_kwh,A3327200918225003,332720,Tuntutuliak,2018-03-01,2018,3,powerhouse_consumption_kwh,4700,outlier_check
A3327201018225003_total_kwh_purchased,A3327201018225003,332720,Tuntutuliak,2018-04-01,2018,4,total_kwh_purchased,11572,outlier_check
A3327200221225003_powerhouse_consumption_kwh,A3327200221225003,332720,Tuntutuliak,2020-08-01,2020,8,powerhouse_consumption_kwh,0,outlier_check
A3327200321225003_powerhouse_consumption_kwh,A3327200321225003,332720,Tuntutuliak,2020-09-01,2020,9,powerhouse_consumption_kwh,0,outlier_check
A3327200421225003_powerhouse_consumption_kwh,A3327200421225003,332720,Tuntutuliak,2020-10-01,2020,10,powerhouse_consumption_kwh,0,outlier_check
A3327200921225003_powerhouse_consumption_kwh,A3327200921225003,332720,Tuntutuliak,2021-03-01,2021,3,powerhouse_consumption_kwh,4963,outlier_check
A3327200126225003_powerhouse_consumption_kwh,A3327200126225003,332720,Tuntutuliak,2025-07-01,2025,7,powerhouse_consumption_kwh,10647,outlier_check
A3327200426225003_powerhouse_consumption_kwh,A3327200426225003,332720,Tuntutuliak,2025-10-01,2025,10,powerhouse_consumption_kwh,5379,outlier_check
A3327200526225003_powerhouse_consumption_kwh,A3327200526225003,332720,Tuntutuliak,2025-11-01,2025,11,powerhouse_consumption_kwh,8238,outlier_check
A3327200626225003_powerhouse_consumption_kwh,A3327200626225003,332720,Tuntutuliak,2025-12-01,2025,12,powerhouse_consumption_kwh,6152,outlier_check
A3327200726225003_powerhouse_consumption_kwh,A3327200726225003,332720,Tuntutuliak,2026-01-01,2026,1,powerhouse_consumption_kwh,6924,outlier_check
A3327201026225003_powerhouse_consumption_kwh,A3327201026225003,332720,Tuntutuliak,2026-04-01,2026,4,powerhouse_consumption_kwh,6258,outlier_check
A3327201126225003_powerhouse_consumption_kwh,A3327201126225003,332720,Tuntutuliak,2026-05-01,2026,5,powerhouse_consumption_kwh,4820,outlier_check
A3327201226225003_powerhouse_consumption_kwh,A3327201226225003,332720,Tuntutuliak,2026-06-01,2026,6,powerhouse_consumption_kwh,7371,outlier_check
A3327200127225003_powerhouse_consumption_kwh,A3327200127225003,332720,Tuntutuliak,2026-07-01,2026,7,powerhouse_consumption_kwh,6574,outlier_check
A3317100516225003_commercial_sold_to,A3317100516225003,331710,Tununak,2015-11-01,2015,11,commercial_sold_to,15502,outlier_check
A3317100616225003_commercial_sold_to,A3317100616225003,331710,Tununak,2015-12-01,2015,12,commercial_sold_to,17061,outlier_check
A3317100716225003_commercial_sold_to,A3317100716225003,331710,Tununak,2016-01-01,2016,1,commercial_sold_to,17482,outlier_check
A3317100526225003_commercial_sold_to,A3317100526225003,331710,Tununak,2025-11-01,2025,11,commercial_sold_to,18389,outlier_check
A3317100626225003_commercial_sold_to,A3317100626225003,331710,Tununak,2025-12-01,2025,12,commercial_sold_to,18328,outlier_check
A3317100726225003_commercial_sold_to,A3317100726225003,331710,Tununak,2026-01-01,2026,1,commercial_sold_to,19043,outlier_check
A3317100826225003_commercial_sold_to,A3317100826225003,331710,Tununak,2026-02-01,2026,2,commercial_sold_to,17793,outlier_check
A3317100926225003_commercial_sold_to,A3317100926225003,331710,Tununak,2026-03-01,2026,3,commercial_sold_to,21998,outlier_check
A3317101026225003_commercial_sold_to,A3317101026225003,331710,Tununak,2026-04-01,2026,4,commercial_sold_to,18663,outlier_check
A3317101026225003_com_facil_sold_to,A3317101026225003,331710,Tununak,2026-04-01,2026,4,com_facil_sold_to,2117,outlier_check
A3317101126225003_residential_sold_to,A3317101126225003,331710,Tununak,2026-05-01,2026,5,residential_sold_to,0,outlier_check
A3317101126225003_com_facil_sold_to,A3317101126225003,331710,Tununak,2026-05-01,2026,5,com_facil_sold_to,0,outlier_check
A3317101126225003_govt_facil_sold_to,A3317101126225003,331710,Tununak,2026-05-01,2026,5,govt_facil_sold_to,0,outlier_check
A3327300122225003_total_kwh_purchased,A3327300122225003,332730,Twin Hills,2021-07-01,2021,7,total_kwh_purchased,20269,outlier_check
A3327300222225003_total_kwh_purchased,A3327300222225003,332730,Twin Hills,2021-08-01,2021,8,total_kwh_purchased,22010,outlier_check
A3327300322225003_total_kwh_purchased,A3327300322225003,332730,Twin Hills,2021-09-01,2021,9,total_kwh_purchased,22216,outlier_check
A3327300422225003_total_kwh_purchased,A3327300422225003,332730,Twin Hills,2021-10-01,2021,10,total_kwh_purchased,24213,outlier_check
A3327300522225003_total_kwh_purchased,A3327300522225003,332730,Twin Hills,2021-11-01,2021,11,total_kwh_purchased,32914,outlier_check
A3327300622225003_total_kwh_purchased,A3327300622225003,332730,Twin Hills,2021-12-01,2021,12,total_kwh_purchased,35189,outlier_check
A3327300722225003_total_kwh_purchased,A3327300722225003,332730,Twin Hills,2022-01-01,2022,1,total_kwh_purchased,38064,outlier_check
A3327300822225003_total_kwh_purchased,A3327300822225003,332730,Twin Hills,2022-02-01,2022,2,total_kwh_purchased,34474,outlier_check
A3327300922225003_total_kwh_purchased,A3327300922225003,332730,Twin Hills,2022-03-01,2022,3,total_kwh_purchased,33926,outlier_check
A3327300922225003_residential_sold_to,A3327300922225003,332730,Twin Hills,2022-03-01,2022,3,residential_sold_to,20548,outlier_check
A3327301022225003_total_kwh_purchased,A3327301022225003,332730,Twin Hills,2022-04-01,2022,4,total_kwh_purchased,27760,outlier_check
A3327301122225003_total_kwh_purchased,A3327301122225003,332730,Twin Hills,2022-05-01,2022,5,total_kwh_purchased,28431,outlier_check
A3327301222225003_total_kwh_purchased,A3327301222225003,332730,Twin Hills,2022-06-01,2022,6,total_kwh_purchased,21717,outlier_check
A3327300123225003_total_kwh_purchased,A3327300123225003,332730,Twin Hills,2022-07-01,2022,7,total_kwh_purchased,23101,outlier_check
A3327300223225003_total_kwh_purchased,A3327300223225003,332730,Twin Hills,2022-08-01,2022,8,total_kwh_purchased,25188,outlier_check
A3327300323225003_total_kwh_purchased,A3327300323225003,332730,Twin Hills,2022-09-01,2022,9,total_kwh_purchased,22662,outlier_check
A3327300423225003_total_kwh_purchased,A3327300423225003,332730,Twin Hills,2022-10-01,2022,10,total_kwh_purchased,23467,outlier_check
A3327300523225003_total_kwh_purchased,A3327300523225003,332730,Twin Hills,2022-11-01,2022,11,total_kwh_purchased,21960,outlier_check
A3327300623225003_total_kwh_purchased,A3327300623225003,332730,Twin Hills,2022-12-01,2022,12,total_kwh_purchased,26786,outlier_check
A3327300723225003_total_kwh_purchased,A3327300723225003,332730,Twin Hills,2023-01-01,2023,1,total_kwh_purchased,29009,outlier_check
A3327300823225003_total_kwh_purchased,A3327300823225003,332730,Twin Hills,2023-02-01,2023,2,total_kwh_purchased,26548,outlier_check
A3327300923225003_total_kwh_purchased,A3327300923225003,332730,Twin Hills,2023-03-01,2023,3,total_kwh_purchased,27801,outlier_check
A3327301023225003_total_kwh_purchased,A3327301023225003,332730,Twin Hills,2023-04-01,2023,4,total_kwh_purchased,25457,outlier_check
A3327301123225003_total_kwh_purchased,A3327301123225003,332730,Twin Hills,2023-05-01,2023,5,total_kwh_purchased,27177,outlier_check
A3327301223225003_total_kwh_purchased,A3327301223225003,332730,Twin Hills,2023-06-01,2023,6,total_kwh_purchased,21012,outlier_check
A3327300424225003_govt_facil_sold_to,A3327300424225003,332730,Twin Hills,2023-10-01,2023,10,govt_facil_sold_to,7487,outlier_check
A3327300624225003_residential_sold_to,A3327300624225003,332730,Twin Hills,2023-12-01,2023,12,residential_sold_to,21479,outlier_check
A3327300624225003_com_facil_sold_to,A3327300624225003,332730,Twin Hills,2023-12-01,2023,12,com_facil_sold_to,10256,outlier_check
A3327300624225003_govt_facil_sold_to,A3327300624225003,332730,Twin Hills,2023-12-01,2023,12,govt_facil_sold_to,11764,outlier_check
A3327300724225003_com_facil_sold_to,A3327300724225003,332730,Twin Hills,2024-01-01,2024,1,com_facil_sold_to,9000,outlier_check
A3327300724225003_govt_facil_sold_to,A3327300724225003,332730,Twin Hills,2024-01-01,2024,1,govt_facil_sold_to,7597,outlier_check
A3327300824225003_govt_facil_sold_to,A3327300824225003,332730,Twin Hills,2024-02-01,2024,2,govt_facil_sold_to,9166,outlier_check
A3327300924225003_govt_facil_sold_to,A3327300924225003,332730,Twin Hills,2024-03-01,2024,3,govt_facil_sold_to,7796,outlier_check
A3327301024225003_govt_facil_sold_to,A3327301024225003,332730,Twin Hills,2024-04-01,2024,4,govt_facil_sold_to,8855,outlier_check
A3327301124225003_govt_facil_sold_to,A3327301124225003,332730,Twin Hills,2024-05-01,2024,5,govt_facil_sold_to,6688,outlier_check
A3327300225225003_govt_facil_sold_to,A3327300225225003,332730,Twin Hills,2024-08-01,2024,8,govt_facil_sold_to,4404,outlier_check
A3327300325225003_govt_facil_sold_to,A3327300325225003,332730,Twin Hills,2024-09-01,2024,9,govt_facil_sold_to,5494,outlier_check
A3327300425225003_govt_facil_sold_to,A3327300425225003,332730,Twin Hills,2024-10-01,2024,10,govt_facil_sold_to,6465,outlier_check
A3327300525225003_govt_facil_sold_to,A3327300525225003,332730,Twin Hills,2024-11-01,2024,11,govt_facil_sold_to,6751,outlier_check
A3327300625225003_govt_facil_sold_to,A3327300625225003,332730,Twin Hills,2024-12-01,2024,12,govt_facil_sold_to,7098,outlier_check
A3327300725225003_com_facil_sold_to,A3327300725225003,332730,Twin Hills,2025-01-01,2025,1,com_facil_sold_to,8615,outlier_check
A3327300725225003_govt_facil_sold_to,A3327300725225003,332730,Twin Hills,2025-01-01,2025,1,govt_facil_sold_to,7221,outlier_check
A3327300825225003_govt_facil_sold_to,A3327300825225003,332730,Twin Hills,2025-02-01,2025,2,govt_facil_sold_to,6574,outlier_check
A3327300925225003_govt_facil_sold_to,A3327300925225003,332730,Twin Hills,2025-03-01,2025,3,govt_facil_sold_to,7313,outlier_check
A3327301025225003_govt_facil_sold_to,A3327301025225003,332730,Twin Hills,2025-04-01,2025,4,govt_facil_sold_to,7270,outlier_check
A3327301125225003_govt_facil_sold_to,A3327301125225003,332730,Twin Hills,2025-05-01,2025,5,govt_facil_sold_to,5713,outlier_check
A3327301225225003_govt_facil_sold_to,A3327301225225003,332730,Twin Hills,2025-06-01,2025,6,govt_facil_sold_to,4539,outlier_check
A3327300126225003_govt_facil_sold_to,A3327300126225003,332730,Twin Hills,2025-07-01,2025,7,govt_facil_sold_to,5201,outlier_check
A3327300226225003_govt_facil_sold_to,A3327300226225003,332730,Twin Hills,2025-08-01,2025,8,govt_facil_sold_to,5234,outlier_check
A3327300326225003_govt_facil_sold_to,A3327300326225003,332730,Twin Hills,2025-09-01,2025,9,govt_facil_sold_to,6430,outlier_check
A3327300426225003_govt_facil_sold_to,A3327300426225003,332730,Twin Hills,2025-10-01,2025,10,govt_facil_sold_to,6430,outlier_check
A3327300526225003_govt_facil_sold_to,A3327300526225003,332730,Twin Hills,2025-11-01,2025,11,govt_facil_sold_to,7864,outlier_check
A3327300626225003_govt_facil_sold_to,A3327300626225003,332730,Twin Hills,2025-12-01,2025,12,govt_facil_sold_to,7754,outlier_check
A3327300726225003_residential_sold_to,A3327300726225003,332730,Twin Hills,2026-01-01,2026,1,residential_sold_to,53782,outlier_check
A3327300726225003_govt_facil_sold_to,A3327300726225003,332730,Twin Hills,2026-01-01,2026,1,govt_facil_sold_to,36884,outlier_check
A3327300726225003_residential_customers,A3327300726225003,332730,Twin Hills,2026-01-01,2026,1,residential_customers,92,outlier_check
A3327300826225003_govt_facil_sold_to,A3327300826225003,332730,Twin Hills,2026-02-01,2026,2,govt_facil_sold_to,8535,outlier_check
A3327300926225003_govt_facil_sold_to,A3327300926225003,332730,Twin Hills,2026-03-01,2026,3,govt_facil_sold_to,10145,outlier_check
A3327301026225003_govt_facil_sold_to,A3327301026225003,332730,Twin Hills,2026-04-01,2026,4,govt_facil_sold_to,7954,outlier_check
A3327301126225003_residential_sold_to,A3327301126225003,332730,Twin Hills,2026-05-01,2026,5,residential_sold_to,0,outlier_check
A3328500117225003_peak_consumption_kw,A3328500117225003,332850,Unalakleet,2016-07-01,2016,7,peak_consumption_kw,0,outlier_check
A3328500217225003_peak_consumption_kw,A3328500217225003,332850,Unalakleet,2016-08-01,2016,8,peak_consumption_kw,0,outlier_check
A3328500219225003_unbilled_sold_to,A3328500219225003,332850,Unalakleet,2018-08-01,2018,8,unbilled_sold_to,1818,outlier_check
A3328500319225003_unbilled_sold_to,A3328500319225003,332850,Unalakleet,2018-09-01,2018,9,unbilled_sold_to,1818,outlier_check
A3328500619225003_unbilled_sold_to,A3328500619225003,332850,Unalakleet,2018-12-01,2018,12,unbilled_sold_to,1944,outlier_check
A3328500819225003_unbilled_sold_to,A3328500819225003,332850,Unalakleet,2019-02-01,2019,2,unbilled_sold_to,1548,outlier_check
A3328501023225003_unbilled_sold_to,A3328501023225003,332850,Unalakleet,2023-04-01,2023,4,unbilled_sold_to,1440,outlier_check
A3328500625225003_com_facil_sold_to,A3328500625225003,332850,Unalakleet,2024-12-01,2024,12,com_facil_sold_to,113903,outlier_check
A3328500725225003_com_facil_sold_to,A3328500725225003,332850,Unalakleet,2025-01-01,2025,1,com_facil_sold_to,101276,outlier_check
A3328500825225003_powerhouse_consumption_kwh,A3328500825225003,332850,Unalakleet,2025-02-01,2025,2,powerhouse_consumption_kwh,41714,outlier_check
A3328500726225003_unbilled_sold_to,A3328500726225003,332850,Unalakleet,2026-01-01,2026,1,unbilled_sold_to,2268,outlier_check
A3328500826225003_com_facil_sold_to,A3328500826225003,332850,Unalakleet,2026-02-01,2026,2,com_facil_sold_to,125281,outlier_check
A3328500826225003_unbilled_sold_to,A3328500826225003,332850,Unalakleet,2026-02-01,2026,2,unbilled_sold_to,2106,outlier_check
A3328500926225003_unbilled_sold_to,A3328500926225003,332850,Unalakleet,2026-03-01,2026,3,unbilled_sold_to,2106,outlier_check
A3328601218225003_govt_facil_sold_to,A3328601218225003,332860,Unalaska,2018-06-01,2018,6,govt_facil_sold_to,45039,outlier_check
A3328600120225003_powerhouse_consumption_kwh,A3328600120225003,332860,Unalaska,2019-07-01,2019,7,powerhouse_consumption_kwh,127369,outlier_check
A3328600220225003_powerhouse_consumption_kwh,A3328600220225003,332860,Unalaska,2019-08-01,2019,8,powerhouse_consumption_kwh,156709,outlier_check
A3328600226225003_residential_rate,A3328600226225003,332860,Unalaska,2025-08-01,2025,8,residential_rate,99.99,outlier_check
A3328800416225003_govt_facil_sold_to,A3328800416225003,332880,Venetie,2015-10-01,2015,10,govt_facil_sold_to,2291,outlier_check
A3328800618225003_diesel_kwh_generated,A3328800618225003,332880,Venetie,2017-12-01,2017,12,diesel_kwh_generated,143300,outlier_check
A3328800618225003_commercial_sold_to,A3328800618225003,332880,Venetie,2017-12-01,2017,12,commercial_sold_to,40550,outlier_check
A3328800720225003_commercial_sold_to,A3328800720225003,332880,Venetie,2020-01-01,2020,1,commercial_sold_to,48852,outlier_check
A3328801120225003_commercial_sold_to,A3328801120225003,332880,Venetie,2020-05-01,2020,5,commercial_sold_to,56894,outlier_check
A3328801220225003_commercial_sold_to,A3328801220225003,332880,Venetie,2020-06-01,2020,6,commercial_sold_to,48734,outlier_check
A3328800824225003_residential_sold_to,A3328800824225003,332880,Venetie,2024-02-01,2024,2,residential_sold_to,56211,outlier_check
A3328800825225003_govt_facil_sold_to,A3328800825225003,332880,Venetie,2025-02-01,2025,2,govt_facil_sold_to,3334,outlier_check
A3324100216225003_peak_consumption_kw,A3324100216225003,332410,Wainwright,2015-08-01,2015,8,peak_consumption_kw,1724,outlier_check
A3324100218225003_peak_consumption_kw,A3324100218225003,332410,Wainwright,2017-08-01,2017,8,peak_consumption_kw,4272,outlier_check
A3324100718225003_peak_consumption_kw,A3324100718225003,332410,Wainwright,2018-01-01,2018,1,peak_consumption_kw,7847,outlier_check
A3317300116225003_commercial_sold_to,A3317300116225003,331730,Wales,2015-07-01,2015,7,commercial_sold_to,10225,outlier_check
A3317300216225003_commercial_sold_to,A3317300216225003,331730,Wales,2015-08-01,2015,8,commercial_sold_to,11040,outlier_check
A3317300316225003_commercial_sold_to,A3317300316225003,331730,Wales,2015-09-01,2015,9,commercial_sold_to,12591,outlier_check
A3317300416225003_commercial_sold_to,A3317300416225003,331730,Wales,2015-10-01,2015,10,commercial_sold_to,12241,outlier_check
A3317300516225003_commercial_sold_to,A3317300516225003,331730,Wales,2015-11-01,2015,11,commercial_sold_to,12089,outlier_check
A3317300616225003_commercial_sold_to,A3317300616225003,331730,Wales,2015-12-01,2015,12,commercial_sold_to,13596,outlier_check
A3317300716225003_commercial_sold_to,A3317300716225003,331730,Wales,2016-01-01,2016,1,commercial_sold_to,15498,outlier_check
A3317300217225003_residential_customers,A3317300217225003,331730,Wales,2016-08-01,2016,8,residential_customers,145,outlier_check
A3317300617225003_fuel_used_gallons,A3317300617225003,331730,Wales,2016-12-01,2016,12,fuel_used_gallons,-85,outlier_check
A3317300620225003_fuel_used_gallons,A3317300620225003,331730,Wales,2019-12-01,2019,12,fuel_used_gallons,-1464,outlier_check
A3317300423225003_com_facil_sold_to,A3317300423225003,331730,Wales,2022-10-01,2022,10,com_facil_sold_to,33983,outlier_check
A3317300523225003_com_facil_sold_to,A3317300523225003,331730,Wales,2022-11-01,2022,11,com_facil_sold_to,39621,outlier_check
A3317300623225003_fuel_used_gallons,A3317300623225003,331730,Wales,2022-12-01,2022,12,fuel_used_gallons,-6502,outlier_check
A3317300623225003_com_facil_sold_to,A3317300623225003,331730,Wales,2022-12-01,2022,12,com_facil_sold_to,27159,outlier_check
A3317300723225003_com_facil_sold_to,A3317300723225003,331730,Wales,2023-01-01,2023,1,com_facil_sold_to,28653,outlier_check
A3317300923225003_fuel_used_gallons,A3317300923225003,331730,Wales,2023-03-01,2023,3,fuel_used_gallons,0,outlier_check
A3317300923225003_diesel_kwh_generated,A3317300923225003,331730,Wales,2023-03-01,2023,3,diesel_kwh_generated,0,outlier_check
A3317300923225003_residential_sold_to,A3317300923225003,331730,Wales,2023-03-01,2023,3,residential_sold_to,41445,outlier_check
A3317300923225003_residential_customers,A3317300923225003,331730,Wales,2023-03-01,2023,3,residential_customers,93,outlier_check
A3317301023225003_com_facil_sold_to,A3317301023225003,331730,Wales,2023-04-01,2023,4,com_facil_sold_to,35269,outlier_check
A3317301123225003_com_facil_sold_to,A3317301123225003,331730,Wales,2023-05-01,2023,5,com_facil_sold_to,40363,outlier_check
A3317301223225003_fuel_used_gallons,A3317301223225003,331730,Wales,2023-06-01,2023,6,fuel_used_gallons,0,outlier_check
A3317301223225003_com_facil_sold_to,A3317301223225003,331730,Wales,2023-06-01,2023,6,com_facil_sold_to,29125,outlier_check
A3317300124225003_com_facil_sold_to,A3317300124225003,331730,Wales,2023-07-01,2023,7,com_facil_sold_to,24356,outlier_check
A3317300224225003_com_facil_sold_to,A3317300224225003,331730,Wales,2023-08-01,2023,8,com_facil_sold_to,27088,outlier_check
A3317300324225003_com_facil_sold_to,A3317300324225003,331730,Wales,2023-09-01,2023,9,com_facil_sold_to,34280,outlier_check
A3317300424225003_com_facil_sold_to,A3317300424225003,331730,Wales,2023-10-01,2023,10,com_facil_sold_to,41267,outlier_check
A3317300524225003_com_facil_sold_to,A3317300524225003,331730,Wales,2023-11-01,2023,11,com_facil_sold_to,41492,outlier_check
A3317300624225003_com_facil_sold_to,A3317300624225003,331730,Wales,2023-12-01,2023,12,com_facil_sold_to,45279,outlier_check
A3317300724225003_com_facil_sold_to,A3317300724225003,331730,Wales,2024-01-01,2024,1,com_facil_sold_to,53341,outlier_check
A3317300824225003_com_facil_sold_to,A3317300824225003,331730,Wales,2024-02-01,2024,2,com_facil_sold_to,45691,outlier_check
A3317300924225003_powerhouse_consumption_kwh,A3317300924225003,331730,Wales,2024-03-01,2024,3,powerhouse_consumption_kwh,7927,outlier_check
A3317300924225003_com_facil_sold_to,A3317300924225003,331730,Wales,2024-03-01,2024,3,com_facil_sold_to,46709,outlier_check
A3317301024225003_com_facil_sold_to,A3317301024225003,331730,Wales,2024-04-01,2024,4,com_facil_sold_to,46954,outlier_check
A3317301124225003_com_facil_sold_to,A3317301124225003,331730,Wales,2024-05-01,2024,5,com_facil_sold_to,44917,outlier_check
A3317300425225003_commercial_sold_to,A3317300425225003,331730,Wales,2024-10-01,2024,10,commercial_sold_to,9764,outlier_check
A3317300625225003_commercial_sold_to,A3317300625225003,331730,Wales,2024-12-01,2024,12,commercial_sold_to,10708,outlier_check
A3317300725225003_commercial_sold_to,A3317300725225003,331730,Wales,2025-01-01,2025,1,commercial_sold_to,11658,outlier_check
A3317300825225003_commercial_sold_to,A3317300825225003,331730,Wales,2025-02-01,2025,2,commercial_sold_to,10926,outlier_check
A3317300925225003_commercial_sold_to,A3317300925225003,331730,Wales,2025-03-01,2025,3,commercial_sold_to,12559,outlier_check
A3317301025225003_commercial_sold_to,A3317301025225003,331730,Wales,2025-04-01,2025,4,commercial_sold_to,10533,outlier_check
A3317301125225003_fuel_used_gallons,A3317301125225003,331730,Wales,2025-05-01,2025,5,fuel_used_gallons,0,outlier_check
A3317300226225003_commercial_sold_to,A3317300226225003,331730,Wales,2025-08-01,2025,8,commercial_sold_to,11646,outlier_check
A3317300326225003_powerhouse_consumption_kwh,A3317300326225003,331730,Wales,2025-09-01,2025,9,powerhouse_consumption_kwh,6434,outlier_check
A3317300326225003_commercial_sold_to,A3317300326225003,331730,Wales,2025-09-01,2025,9,commercial_sold_to,11474,outlier_check
A3317300426225003_powerhouse_consumption_kwh,A3317300426225003,331730,Wales,2025-10-01,2025,10,powerhouse_consumption_kwh,6525,outlier_check
A3317300426225003_commercial_sold_to,A3317300426225003,331730,Wales,2025-10-01,2025,10,commercial_sold_to,11474,outlier_check
A3317300526225003_powerhouse_consumption_kwh,A3317300526225003,331730,Wales,2025-11-01,2025,11,powerhouse_consumption_kwh,7938,outlier_check
A3317300526225003_commercial_sold_to,A3317300526225003,331730,Wales,2025-11-01,2025,11,commercial_sold_to,22698,outlier_check
A3317300626225003_powerhouse_consumption_kwh,A3317300626225003,331730,Wales,2025-12-01,2025,12,powerhouse_consumption_kwh,6854,outlier_check
A3317300626225003_commercial_sold_to,A3317300626225003,331730,Wales,2025-12-01,2025,12,commercial_sold_to,25179,outlier_check
A3317300726225003_commercial_sold_to,A3317300726225003,331730,Wales,2026-01-01,2026,1,commercial_sold_to,33496,outlier_check
A3317300826225003_commercial_sold_to,A3317300826225003,331730,Wales,2026-02-01,2026,2,commercial_sold_to,29382,outlier_check
A3317300926225003_powerhouse_consumption_kwh,A3317300926225003,331730,Wales,2026-03-01,2026,3,powerhouse_consumption_kwh,6919,outlier_check
A3317300926225003_commercial_sold_to,A3317300926225003,331730,Wales,2026-03-01,2026,3,commercial_sold_to,31022,outlier_check
A3317301026225003_powerhouse_consumption_kwh,A3317301026225003,331730,Wales,2026-04-01,2026,4,powerhouse_consumption_kwh,6926,outlier_check
A3317301026225003_commercial_sold_to,A3317301026225003,331730,Wales,2026-04-01,2026,4,commercial_sold_to,26714,outlier_check
A3317301126225003_com_facil_sold_to,A3317301126225003,331730,Wales,2026-05-01,2026,5,com_facil_sold_to,0,outlier_check
A3312300616225003_peak_consumption_kw,A3312300616225003,331230,Whale Pass,2015-12-01,2015,12,peak_consumption_kw,219,outlier_check
A3312300716225003_peak_consumption_kw,A3312300716225003,331230,Whale Pass,2016-01-01,2016,1,peak_consumption_kw,219,outlier_check
A3312300816225003_peak_consumption_kw,A3312300816225003,331230,Whale Pass,2016-02-01,2016,2,peak_consumption_kw,219,outlier_check
A3312300916225003_peak_consumption_kw,A3312300916225003,331230,Whale Pass,2016-03-01,2016,3,peak_consumption_kw,219,outlier_check
A3312301016225003_peak_consumption_kw,A3312301016225003,331230,Whale Pass,2016-04-01,2016,4,peak_consumption_kw,219,outlier_check
A3312301116225003_peak_consumption_kw,A3312301116225003,331230,Whale Pass,2016-05-01,2016,5,peak_consumption_kw,219,outlier_check
A3312301216225003_peak_consumption_kw,A3312301216225003,331230,Whale Pass,2016-06-01,2016,6,peak_consumption_kw,219,outlier_check
A3312300117225003_peak_consumption_kw,A3312300117225003,331230,Whale Pass,2016-07-01,2016,7,peak_consumption_kw,219,outlier_check
A3312300217225003_peak_consumption_kw,A3312300217225003,331230,Whale Pass,2016-08-01,2016,8,peak_consumption_kw,219,outlier_check
A3312300317225003_peak_consumption_kw,A3312300317225003,331230,Whale Pass,2016-09-01,2016,9,peak_consumption_kw,219,outlier_check
A3312300417225003_peak_consumption_kw,A3312300417225003,331230,Whale Pass,2016-10-01,2016,10,peak_consumption_kw,219,outlier_check
A3312300517225003_peak_consumption_kw,A3312300517225003,331230,Whale Pass,2016-11-01,2016,11,peak_consumption_kw,219,outlier_check
A3312300617225003_peak_consumption_kw,A3312300617225003,331230,Whale Pass,2016-12-01,2016,12,peak_consumption_kw,219,outlier_check
A3312300717225003_peak_consumption_kw,A3312300717225003,331230,Whale Pass,2017-01-01,2017,1,peak_consumption_kw,219,outlier_check
A3312300817225003_peak_consumption_kw,A3312300817225003,331230,Whale Pass,2017-02-01,2017,2,peak_consumption_kw,219,outlier_check
A3312300917225003_peak_consumption_kw,A3312300917225003,331230,Whale Pass,2017-03-01,2017,3,peak_consumption_kw,219,outlier_check
A3312301017225003_peak_consumption_kw,A3312301017225003,331230,Whale Pass,2017-04-01,2017,4,peak_consumption_kw,219,outlier_check
A3312301117225003_peak_consumption_kw,A3312301117225003,331230,Whale Pass,2017-05-01,2017,5,peak_consumption_kw,219,outlier_check
A3312301217225003_peak_consumption_kw,A3312301217225003,331230,Whale Pass,2017-06-01,2017,6,peak_consumption_kw,219,outlier_check
A3312300118225003_peak_consumption_kw,A3312300118225003,331230,Whale Pass,2017-07-01,2017,7,peak_consumption_kw,219,outlier_check
A3312300218225003_peak_consumption_kw,A3312300218225003,331230,Whale Pass,2017-08-01,2017,8,peak_consumption_kw,219,outlier_check
A3312300318225003_peak_consumption_kw,A3312300318225003,331230,Whale Pass,2017-09-01,2017,9,peak_consumption_kw,219,outlier_check
A3312300418225003_peak_consumption_kw,A3312300418225003,331230,Whale Pass,2017-10-01,2017,10,peak_consumption_kw,219,outlier_check
A3312300518225003_peak_consumption_kw,A3312300518225003,331230,Whale Pass,2017-11-01,2017,11,peak_consumption_kw,219,outlier_check
A3312300618225003_peak_consumption_kw,A3312300618225003,331230,Whale Pass,2017-12-01,2017,12,peak_consumption_kw,219,outlier_check
A3312300718225003_peak_consumption_kw,A3312300718225003,331230,Whale Pass,2018-01-01,2018,1,peak_consumption_kw,219,outlier_check
A3312300818225003_peak_consumption_kw,A3312300818225003,331230,Whale Pass,2018-02-01,2018,2,peak_consumption_kw,219,outlier_check
A3312300918225003_peak_consumption_kw,A3312300918225003,331230,Whale Pass,2018-03-01,2018,3,peak_consumption_kw,219,outlier_check
A3312300823225003_com_facil_sold_to,A3312300823225003,331230,Whale Pass,2023-02-01,2023,2,com_facil_sold_to,1709,outlier_check
A3312300923225003_com_facil_sold_to,A3312300923225003,331230,Whale Pass,2023-03-01,2023,3,com_facil_sold_to,1689,outlier_check
A3312300924225003_com_facil_sold_to,A3312300924225003,331230,Whale Pass,2024-03-01,2024,3,com_facil_sold_to,1569,outlier_check
A3312301024225003_com_facil_sold_to,A3312301024225003,331230,Whale Pass,2024-04-01,2024,4,com_facil_sold_to,1843,outlier_check
A3312301124225003_com_facil_sold_to,A3312301124225003,331230,Whale Pass,2024-05-01,2024,5,com_facil_sold_to,1641,outlier_check
A3312300725225003_com_facil_sold_to,A3312300725225003,331230,Whale Pass,2025-01-01,2025,1,com_facil_sold_to,1803,outlier_check
A3312300825225003_com_facil_sold_to,A3312300825225003,331230,Whale Pass,2025-02-01,2025,2,com_facil_sold_to,1841,outlier_check
A3328900919225003_peak_consumption_kw,A3328900919225003,332890,White Mountain,2019-03-01,2019,3,peak_consumption_kw,0,outlier_check
A3328900721225003_com_facil_sold_to,A3328900721225003,332890,White Mountain,2021-01-01,2021,1,com_facil_sold_to,18046,outlier_check
A3328900626225003_govt_facil_sold_to,A3328900626225003,332890,White Mountain,2025-12-01,2025,12,govt_facil_sold_to,7459,outlier_check
A3329001223225003_fuel_used_gallons,A3329001223225003,332900,Yakutat,2023-06-01,2023,6,fuel_used_gallons,0,outlier_check
A3329001125225003_fuel_used_gallons,A3329001125225003,332900,Yakutat,2025-05-01,2025,5,fuel_used_gallons,0,outlier_check
A3329001126225003_residential_sold_to,A3329001126225003,332900,Yakutat,2026-05-01,2026,5,residential_sold_to,0,outlier_check
A3329001126225003_com_facil_sold_to,A3329001126225003,332900,Yakutat,2026-05-01,2026,5,com_facil_sold_to,0,outlier_check
A3329001126225003_govt_facil_sold_to,A3329001126225003,332900,Yakutat,2026-05-01,2026,5,govt_facil_sold_to,0,outlier_check
A3310100123225003_diesel_kwh_generated,A3310100123225003,331010,Akhiok,2022-07-01,2022,7,diesel_kwh_generated,20200,quality_check
A3310100524225003_diesel_kwh_generated,A3310100524225003,331010,Akhiok,2023-11-01,2023,11,diesel_kwh_generated,24002,quality_check
A3310100821225003_diesel_kwh_generated,A3310100821225003,331010,Akhiok,2021-02-01,2021,2,diesel_kwh_generated,20233,quality_check
A3310101224225003_diesel_kwh_generated,A3310101224225003,331010,Akhiok,2024-06-01,2024,6,diesel_kwh_generated,18136,quality_check
A3310300223225003_fuel_used_gallons,A3310300223225003,331030,Akiak,2022-08-01,2022,8,fuel_used_gallons,7169,quality_check
A3310300924225003_fuel_used_gallons,A3310300924225003,331030,Akiak,2024-03-01,2024,3,fuel_used_gallons,8923,quality_check
A3310300223225003_diesel_kwh_generated,A3310300223225003,331030,Akiak,2022-08-01,2022,8,diesel_kwh_generated,314056,quality_check
A3310300620225003_diesel_kwh_generated,A3310300620225003,331030,Akiak,2019-12-01,2019,12,diesel_kwh_generated,147574,quality_check
A3310300924225003_diesel_kwh_generated,A3310300924225003,331030,Akiak,2024-03-01,2024,3,diesel_kwh_generated,799823,quality_check
A3312400616225003_fuel_used_gallons,A3312400616225003,331240,Alakanuk,2015-12-01,2015,12,fuel_used_gallons,4560,quality_check
A3312400616225003_diesel_kwh_generated,A3312400616225003,331240,Alakanuk,2015-12-01,2015,12,diesel_kwh_generated,214630,quality_check
A3312500823225003_fuel_used_gallons,A3312500823225003,331250,Ambler,2023-02-01,2023,2,fuel_used_gallons,170,quality_check
A3312500823225003_diesel_kwh_generated,A3312500823225003,331250,Ambler,2023-02-01,2023,2,diesel_kwh_generated,118438,quality_check
A3312501125225003_diesel_kwh_generated,A3312501125225003,331250,Ambler,2025-05-01,2025,5,diesel_kwh_generated,98641,quality_check
A3312501223225003_diesel_kwh_generated,A3312501223225003,331250,Ambler,2023-06-01,2023,6,diesel_kwh_generated,79758,quality_check
A3312500323225003_residential_rate,A3312500323225003,331250,Ambler,2022-09-01,2022,9,residential_rate,0.8399,quality_check
A3312500323225003_residential_rate,A3312500323225003,331250,Ambler,2022-09-01,2022,9,residential_rate,0.8399,quality_check
A3312500423225003_residential_rate,A3312500423225003,331250,Ambler,2022-10-01,2022,10,residential_rate,0.8399,quality_check
A3312501223225003_residential_rate,A3312501223225003,331250,Ambler,2023-06-01,2023,6,residential_rate,0.858,quality_check
A3312501223225003_residential_rate,A3312501223225003,331250,Ambler,2023-06-01,2023,6,residential_rate,0.858,quality_check
A3323500117225003_residential_rate,A3323500117225003,332350,Anaktuvuk Pass,2016-07-01,2016,7,residential_rate,0.15,quality_check
A3323500118225003_residential_rate,A3323500118225003,332350,Anaktuvuk Pass,2017-07-01,2017,7,residential_rate,0.15,quality_check
A3323500123225003_residential_rate,A3323500123225003,332350,Anaktuvuk Pass,2022-07-01,2022,7,residential_rate,0.15,quality_check
A3323500216225003_residential_rate,A3323500216225003,332350,Anaktuvuk Pass,2015-08-01,2015,8,residential_rate,0.15,quality_check
A3323500217225003_residential_rate,A3323500217225003,332350,Anaktuvuk Pass,2016-08-01,2016,8,residential_rate,0.15,quality_check
A3323500218225003_residential_rate,A3323500218225003,332350,Anaktuvuk Pass,2017-08-01,2017,8,residential_rate,0.15,quality_check
A3323500316225003_residential_rate,A3323500316225003,332350,Anaktuvuk Pass,2015-09-01,2015,9,residential_rate,0.15,quality_check
A3323500317225003_residential_rate,A3323500317225003,332350,Anaktuvuk Pass,2016-09-01,2016,9,residential_rate,0.15,quality_check
A3323500416225003_residential_rate,A3323500416225003,332350,Anaktuvuk Pass,2015-10-01,2015,10,residential_rate,0.15,quality_check
A3323500417225003_residential_rate,A3323500417225003,332350,Anaktuvuk Pass,2016-10-01,2016,10,residential_rate,0.15,quality_check
A3323500516225003_residential_rate,A3323500516225003,332350,Anaktuvuk Pass,2015-11-01,2015,11,residential_rate,0.15,quality_check
A3323500517225003_residential_rate,A3323500517225003,332350,Anaktuvuk Pass,2016-11-01,2016,11,residential_rate,0.15,quality_check
A3323500616225003_residential_rate,A3323500616225003,332350,Anaktuvuk Pass,2015-12-01,2015,12,residential_rate,0.15,quality_check
A3323500617225003_residential_rate,A3323500617225003,332350,Anaktuvuk Pass,2016-12-01,2016,12,residential_rate,0.15,quality_check
A3323500716225003_residential_rate,A3323500716225003,332350,Anaktuvuk Pass,2016-01-01,2016,1,residential_rate,0.15,quality_check
A3323500717225003_residential_rate,A3323500717225003,332350,Anaktuvuk Pass,2017-01-01,2017,1,residential_rate,0.15,quality_check
A3323500816225003_residential_rate,A3323500816225003,332350,Anaktuvuk Pass,2016-02-01,2016,2,residential_rate,0.15,quality_check
A3323500817225003_residential_rate,A3323500817225003,332350,Anaktuvuk Pass,2017-02-01,2017,2,residential_rate,0.15,quality_check
A3323500916225003_residential_rate,A3323500916225003,332350,Anaktuvuk Pass,2016-03-01,2016,3,residential_rate,0.15,quality_check
A3323500917225003_residential_rate,A3323500917225003,332350,Anaktuvuk Pass,2017-03-01,2017,3,residential_rate,0.1891,quality_check
A3323500919225003_residential_rate,A3323500919225003,332350,Anaktuvuk Pass,2019-03-01,2019,3,residential_rate,0.1517,quality_check
A3323500921225003_residential_rate,A3323500921225003,332350,Anaktuvuk Pass,2021-03-01,2021,3,residential_rate,0.15,quality_check
A3323500922225003_residential_rate,A3323500922225003,332350,Anaktuvuk Pass,2022-03-01,2022,3,residential_rate,0.15,quality_check
A3323501016225003_residential_rate,A3323501016225003,332350,Anaktuvuk Pass,2016-04-01,2016,4,residential_rate,0.15,quality_check
A3323501017225003_residential_rate,A3323501017225003,332350,Anaktuvuk Pass,2017-04-01,2017,4,residential_rate,0.1651,quality_check
A3323501019225003_residential_rate,A3323501019225003,332350,Anaktuvuk Pass,2019-04-01,2019,4,residential_rate,0.15,quality_check
A3323501021225003_residential_rate,A3323501021225003,332350,Anaktuvuk Pass,2021-04-01,2021,4,residential_rate,0.15,quality_check
A3323501116225003_residential_rate,A3323501116225003,332350,Anaktuvuk Pass,2016-05-01,2016,5,residential_rate,0.15,quality_check
A3323501117225003_residential_rate,A3323501117225003,332350,Anaktuvuk Pass,2017-05-01,2017,5,residential_rate,0.1548,quality_check
A3323501119225003_residential_rate,A3323501119225003,332350,Anaktuvuk Pass,2019-05-01,2019,5,residential_rate,0.1665,quality_check
A3323501121225003_residential_rate,A3323501121225003,332350,Anaktuvuk Pass,2021-05-01,2021,5,residential_rate,0.15,quality_check
A3323501122225003_residential_rate,A3323501122225003,332350,Anaktuvuk Pass,2022-05-01,2022,5,residential_rate,0.15,quality_check
A3323501221225003_residential_rate,A3323501221225003,332350,Anaktuvuk Pass,2021-06-01,2021,6,residential_rate,0.15,quality_check
A3323501222225003_residential_rate,A3323501222225003,332350,Anaktuvuk Pass,2022-06-01,2022,6,residential_rate,0.15,quality_check
A3312600616225003_fuel_used_gallons,A3312600616225003,331260,Anvik,2015-12-01,2015,12,fuel_used_gallons,1194,quality_check
A3312600617225003_fuel_used_gallons,A3312600617225003,331260,Anvik,2016-12-01,2016,12,fuel_used_gallons,-4248,quality_check
A3312600618225003_fuel_used_gallons,A3312600618225003,331260,Anvik,2017-12-01,2017,12,fuel_used_gallons,872,quality_check
A3312600620225003_fuel_used_gallons,A3312600620225003,331260,Anvik,2019-12-01,2019,12,fuel_used_gallons,614,quality_check
A3312600621225003_fuel_used_gallons,A3312600621225003,331260,Anvik,2020-12-01,2020,12,fuel_used_gallons,429,quality_check
A3312600623225003_fuel_used_gallons,A3312600623225003,331260,Anvik,2022-12-01,2022,12,fuel_used_gallons,-3228,quality_check
A3312600616225003_diesel_kwh_generated,A3312600616225003,331260,Anvik,2015-12-01,2015,12,diesel_kwh_generated,44222,quality_check
A3312600617225003_diesel_kwh_generated,A3312600617225003,331260,Anvik,2016-12-01,2016,12,diesel_kwh_generated,45120,quality_check
A3312600618225003_diesel_kwh_generated,A3312600618225003,331260,Anvik,2017-12-01,2017,12,diesel_kwh_generated,37266,quality_check
A3312600620225003_diesel_kwh_generated,A3312600620225003,331260,Anvik,2019-12-01,2019,12,diesel_kwh_generated,43778,quality_check
A3312600621225003_diesel_kwh_generated,A3312600621225003,331260,Anvik,2020-12-01,2020,12,diesel_kwh_generated,39508,quality_check
A3312600623225003_diesel_kwh_generated,A3312600623225003,331260,Anvik,2022-12-01,2022,12,diesel_kwh_generated,37095,quality_check
A3312601125225003_diesel_kwh_generated,A3312601125225003,331260,Anvik,2025-05-01,2025,5,diesel_kwh_generated,28184,quality_check
A3312601223225003_diesel_kwh_generated,A3312601223225003,331260,Anvik,2023-06-01,2023,6,diesel_kwh_generated,26830,quality_check
A3317700626225003_fuel_used_gallons,A3317700626225003,331770,Arctic Village,2025-12-01,2025,12,fuel_used_gallons,26187,quality_check
A3317700723225003_fuel_used_gallons,A3317700723225003,331770,Arctic Village,2023-01-01,2023,1,fuel_used_gallons,2092,quality_check
A3317700117225003_diesel_kwh_generated,A3317700117225003,331770,Arctic Village,2016-07-01,2016,7,diesel_kwh_generated,28373,quality_check
A3317700118225003_diesel_kwh_generated,A3317700118225003,331770,Arctic Village,2017-07-01,2017,7,diesel_kwh_generated,32376,quality_check
A3317700123225003_diesel_kwh_generated,A3317700123225003,331770,Arctic Village,2022-07-01,2022,7,diesel_kwh_generated,44278,quality_check
A3317700124225003_diesel_kwh_generated,A3317700124225003,331770,Arctic Village,2023-07-01,2023,7,diesel_kwh_generated,120536,quality_check
A3317700125225003_diesel_kwh_generated,A3317700125225003,331770,Arctic Village,2024-07-01,2024,7,diesel_kwh_generated,99266,quality_check
A3317700218225003_diesel_kwh_generated,A3317700218225003,331770,Arctic Village,2017-08-01,2017,8,diesel_kwh_generated,35624,quality_check
A3317700223225003_diesel_kwh_generated,A3317700223225003,331770,Arctic Village,2022-08-01,2022,8,diesel_kwh_generated,1,quality_check
A3317700224225003_diesel_kwh_generated,A3317700224225003,331770,Arctic Village,2023-08-01,2023,8,diesel_kwh_generated,77776,quality_check
A3317700225225003_diesel_kwh_generated,A3317700225225003,331770,Arctic Village,2024-08-01,2024,8,diesel_kwh_generated,68788,quality_check
A3317700317225003_diesel_kwh_generated,A3317700317225003,331770,Arctic Village,2016-09-01,2016,9,diesel_kwh_generated,80396,quality_check
A3317700318225003_diesel_kwh_generated,A3317700318225003,331770,Arctic Village,2017-09-01,2017,9,diesel_kwh_generated,39924,quality_check
A3317700323225003_diesel_kwh_generated,A3317700323225003,331770,Arctic Village,2022-09-01,2022,9,diesel_kwh_generated,95015,quality_check
A3317700324225003_diesel_kwh_generated,A3317700324225003,331770,Arctic Village,2023-09-01,2023,9,diesel_kwh_generated,78008,quality_check
A3317700417225003_diesel_kwh_generated,A3317700417225003,331770,Arctic Village,2016-10-01,2016,10,diesel_kwh_generated,42942,quality_check
A3317700418225003_diesel_kwh_generated,A3317700418225003,331770,Arctic Village,2017-10-01,2017,10,diesel_kwh_generated,56429,quality_check
A3317700420225003_diesel_kwh_generated,A3317700420225003,331770,Arctic Village,2019-10-01,2019,10,diesel_kwh_generated,66602,quality_check
A3317700423225003_diesel_kwh_generated,A3317700423225003,331770,Arctic Village,2022-10-01,2022,10,diesel_kwh_generated,1,quality_check
A3317700424225003_diesel_kwh_generated,A3317700424225003,331770,Arctic Village,2023-10-01,2023,10,diesel_kwh_generated,77540,quality_check
A3317700425225003_diesel_kwh_generated,A3317700425225003,331770,Arctic Village,2024-10-01,2024,10,diesel_kwh_generated,82609,quality_check
A3317700517225003_diesel_kwh_generated,A3317700517225003,331770,Arctic Village,2016-11-01,2016,11,diesel_kwh_generated,58376,quality_check
A3317700523225003_diesel_kwh_generated,A3317700523225003,331770,Arctic Village,2022-11-01,2022,11,diesel_kwh_generated,131095,quality_check
A3317700524225003_diesel_kwh_generated,A3317700524225003,331770,Arctic Village,2023-11-01,2023,11,diesel_kwh_generated,78012,quality_check
A3317700525225003_diesel_kwh_generated,A3317700525225003,331770,Arctic Village,2024-11-01,2024,11,diesel_kwh_generated,65489,quality_check
A3317700617225003_diesel_kwh_generated,A3317700617225003,331770,Arctic Village,2016-12-01,2016,12,diesel_kwh_generated,57904,quality_check
A3317700623225003_diesel_kwh_generated,A3317700623225003,331770,Arctic Village,2022-12-01,2022,12,diesel_kwh_generated,1,quality_check
A3317700624225003_diesel_kwh_generated,A3317700624225003,331770,Arctic Village,2023-12-01,2023,12,diesel_kwh_generated,77776,quality_check
A3317700625225003_diesel_kwh_generated,A3317700625225003,331770,Arctic Village,2024-12-01,2024,12,diesel_kwh_generated,60802,quality_check
A3317700626225003_diesel_kwh_generated,A3317700626225003,331770,Arctic Village,2025-12-01,2025,12,diesel_kwh_generated,2903112,quality_check
A3317700717225003_diesel_kwh_generated,A3317700717225003,331770,Arctic Village,2017-01-01,2017,1,diesel_kwh_generated,56064,quality_check
A3317700723225003_diesel_kwh_generated,A3317700723225003,331770,Arctic Village,2023-01-01,2023,1,diesel_kwh_generated,124685,quality_check
A3317700724225003_diesel_kwh_generated,A3317700724225003,331770,Arctic Village,2024-01-01,2024,1,diesel_kwh_generated,77821,quality_check
A3317700725225003_diesel_kwh_generated,A3317700725225003,331770,Arctic Village,2025-01-01,2025,1,diesel_kwh_generated,57537,quality_check
A3317700817225003_diesel_kwh_generated,A3317700817225003,331770,Arctic Village,2017-02-01,2017,2,diesel_kwh_generated,49897,quality_check
A3317700823225003_diesel_kwh_generated,A3317700823225003,331770,Arctic Village,2023-02-01,2023,2,diesel_kwh_generated,1,quality_check
A3317700824225003_diesel_kwh_generated,A3317700824225003,331770,Arctic Village,2024-02-01,2024,2,diesel_kwh_generated,85300,quality_check
A3317700825225003_diesel_kwh_generated,A3317700825225003,331770,Arctic Village,2025-02-01,2025,2,diesel_kwh_generated,78268,quality_check
A3317700917225003_diesel_kwh_generated,A3317700917225003,331770,Arctic Village,2017-03-01,2017,3,diesel_kwh_generated,65062,quality_check
A3317700923225003_diesel_kwh_generated,A3317700923225003,331770,Arctic Village,2023-03-01,2023,3,diesel_kwh_generated,129387,quality_check
A3317700924225003_diesel_kwh_generated,A3317700924225003,331770,Arctic Village,2024-03-01,2024,3,diesel_kwh_generated,85300,quality_check
A3317700925225003_diesel_kwh_generated,A3317700925225003,331770,Arctic Village,2025-03-01,2025,3,diesel_kwh_generated,60168,quality_check
A3317701017225003_diesel_kwh_generated,A3317701017225003,331770,Arctic Village,2017-04-01,2017,4,diesel_kwh_generated,35780,quality_check
A3317701023225003_diesel_kwh_generated,A3317701023225003,331770,Arctic Village,2023-04-01,2023,4,diesel_kwh_generated,41769,quality_check
A3317701024225003_diesel_kwh_generated,A3317701024225003,331770,Arctic Village,2024-04-01,2024,4,diesel_kwh_generated,85300,quality_check
A3317701025225003_diesel_kwh_generated,A3317701025225003,331770,Arctic Village,2025-04-01,2025,4,diesel_kwh_generated,63935,quality_check
A3317701117225003_diesel_kwh_generated,A3317701117225003,331770,Arctic Village,2017-05-01,2017,5,diesel_kwh_generated,44374,quality_check
A3317701124225003_diesel_kwh_generated,A3317701124225003,331770,Arctic Village,2024-05-01,2024,5,diesel_kwh_generated,85300,quality_check
A3317701125225003_diesel_kwh_generated,A3317701125225003,331770,Arctic Village,2025-05-01,2025,5,diesel_kwh_generated,49024,quality_check
A3317701217225003_diesel_kwh_generated,A3317701217225003,331770,Arctic Village,2017-06-01,2017,6,diesel_kwh_generated,31126,quality_check
A3317701224225003_diesel_kwh_generated,A3317701224225003,331770,Arctic Village,2024-06-01,2024,6,diesel_kwh_generated,85800,quality_check
A3317701225225003_diesel_kwh_generated,A3317701225225003,331770,Arctic Village,2025-06-01,2025,6,diesel_kwh_generated,45852,quality_check
A3317500820225003_fuel_used_gallons,A3317500820225003,331750,Atka,2020-02-01,2020,2,fuel_used_gallons,997,quality_check
A3317501217225003_fuel_used_gallons,A3317501217225003,331750,Atka,2017-06-01,2017,6,fuel_used_gallons,370,quality_check
A3317500118225003_diesel_kwh_generated,A3317500118225003,331750,Atka,2017-07-01,2017,7,diesel_kwh_generated,181,quality_check
A3317500519225003_diesel_kwh_generated,A3317500519225003,331750,Atka,2018-11-01,2018,11,diesel_kwh_generated,72,quality_check
A3317500720225003_diesel_kwh_generated,A3317500720225003,331750,Atka,2020-01-01,2020,1,diesel_kwh_generated,4474,quality_check
A3317500922225003_diesel_kwh_generated,A3317500922225003,331750,Atka,2022-03-01,2022,3,diesel_kwh_generated,52,quality_check
A3317501019225003_diesel_kwh_generated,A3317501019225003,331750,Atka,2019-04-01,2019,4,diesel_kwh_generated,45,quality_check
A3317501120225003_diesel_kwh_generated,A3317501120225003,331750,Atka,2020-05-01,2020,5,diesel_kwh_generated,1824,quality_check
A3317500820225003_diesel_kwh_generated,A3317500820225003,331750,Atka,2020-02-01,2020,2,diesel_kwh_generated,1593,quality_check
A3317501217225003_diesel_kwh_generated,A3317501217225003,331750,Atka,2017-06-01,2017,6,diesel_kwh_generated,1027,quality_check
A3317800126225003_residential_rate,A3317800126225003,331780,Atmautluak,2025-07-01,2025,7,residential_rate,99.99,quality_check
A3323600117225003_residential_rate,A3323600117225003,332360,Atqasuk,2016-07-01,2016,7,residential_rate,0.15,quality_check
A3323600123225003_residential_rate,A3323600123225003,332360,Atqasuk,2022-07-01,2022,7,residential_rate,0.15,quality_check
A3323600217225003_residential_rate,A3323600217225003,332360,Atqasuk,2016-08-01,2016,8,residential_rate,0.15,quality_check
A3323600218225003_residential_rate,A3323600218225003,332360,Atqasuk,2017-08-01,2017,8,residential_rate,0.15,quality_check
A3323600316225003_residential_rate,A3323600316225003,332360,Atqasuk,2015-09-01,2015,9,residential_rate,0.15,quality_check
A3323600317225003_residential_rate,A3323600317225003,332360,Atqasuk,2016-09-01,2016,9,residential_rate,0.15,quality_check
A3323600416225003_residential_rate,A3323600416225003,332360,Atqasuk,2015-10-01,2015,10,residential_rate,0.15,quality_check
A3323600417225003_residential_rate,A3323600417225003,332360,Atqasuk,2016-10-01,2016,10,residential_rate,0.15,quality_check
A3323600516225003_residential_rate,A3323600516225003,332360,Atqasuk,2015-11-01,2015,11,residential_rate,0.15,quality_check
A3323600517225003_residential_rate,A3323600517225003,332360,Atqasuk,2016-11-01,2016,11,residential_rate,0.15,quality_check
A3323600616225003_residential_rate,A3323600616225003,332360,Atqasuk,2015-12-01,2015,12,residential_rate,0.15,quality_check
A3323600617225003_residential_rate,A3323600617225003,332360,Atqasuk,2016-12-01,2016,12,residential_rate,0.15,quality_check
A3323600716225003_residential_rate,A3323600716225003,332360,Atqasuk,2016-01-01,2016,1,residential_rate,0.15,quality_check
A3323600717225003_residential_rate,A3323600717225003,332360,Atqasuk,2017-01-01,2017,1,residential_rate,0.15,quality_check
A3323600816225003_residential_rate,A3323600816225003,332360,Atqasuk,2016-02-01,2016,2,residential_rate,0.15,quality_check
A3323600817225003_residential_rate,A3323600817225003,332360,Atqasuk,2017-02-01,2017,2,residential_rate,0.15,quality_check
A3323600916225003_residential_rate,A3323600916225003,332360,Atqasuk,2016-03-01,2016,3,residential_rate,0.15,quality_check
A3323600921225003_residential_rate,A3323600921225003,332360,Atqasuk,2021-03-01,2021,3,residential_rate,0.15,quality_check
A3323600922225003_residential_rate,A3323600922225003,332360,Atqasuk,2022-03-01,2022,3,residential_rate,0.15,quality_check
A3323601016225003_residential_rate,A3323601016225003,332360,Atqasuk,2016-04-01,2016,4,residential_rate,0.15,quality_check
A3323601021225003_residential_rate,A3323601021225003,332360,Atqasuk,2021-04-01,2021,4,residential_rate,0.15,quality_check
A3323601022225003_residential_rate,A3323601022225003,332360,Atqasuk,2022-04-01,2022,4,residential_rate,0.15,quality_check
A3323601116225003_residential_rate,A3323601116225003,332360,Atqasuk,2016-05-01,2016,5,residential_rate,0.15,quality_check
A3323601117225003_residential_rate,A3323601117225003,332360,Atqasuk,2017-05-01,2017,5,residential_rate,0.1933,quality_check
A3323601121225003_residential_rate,A3323601121225003,332360,Atqasuk,2021-05-01,2021,5,residential_rate,0.15,quality_check
A3323601122225003_residential_rate,A3323601122225003,332360,Atqasuk,2022-05-01,2022,5,residential_rate,0.15,quality_check
A3323601216225003_residential_rate,A3323601216225003,332360,Atqasuk,2016-06-01,2016,6,residential_rate,0.15,quality_check
A3323601217225003_residential_rate,A3323601217225003,332360,Atqasuk,2017-06-01,2017,6,residential_rate,0.1854,quality_check
A3323601221225003_residential_rate,A3323601221225003,332360,Atqasuk,2021-06-01,2021,6,residential_rate,0.15,quality_check
A3323601222225003_residential_rate,A3323601222225003,332360,Atqasuk,2022-06-01,2022,6,residential_rate,0.15,quality_check
A3317900517225003_fuel_used_gallons,A3317900517225003,331790,Beaver,2016-11-01,2016,11,fuel_used_gallons,2962,quality_check
A3317900517225003_diesel_kwh_generated,A3317900517225003,331790,Beaver,2016-11-01,2016,11,diesel_kwh_generated,167557,quality_check
A3318001125225003_diesel_kwh_generated,A3318001125225003,331800,"Bethel, Oscarville",2025-05-01,2025,5,diesel_kwh_generated,3229840,quality_check
A3318001223225003_diesel_kwh_generated,A3318001223225003,331800,"Bethel, Oscarville",2023-06-01,2023,6,diesel_kwh_generated,3104384,quality_check
A3318100418225003_diesel_kwh_generated,A3318100418225003,331810,Birch Creek,2017-10-01,2017,10,diesel_kwh_generated,8129,quality_check
A3318100518225003_diesel_kwh_generated,A3318100518225003,331810,Birch Creek,2017-11-01,2017,11,diesel_kwh_generated,9530,quality_check
A3312700621225003_fuel_used_gallons,A3312700621225003,331270,Brevig Mission,2020-12-01,2020,12,fuel_used_gallons,1816,quality_check
A3312700823225003_fuel_used_gallons,A3312700823225003,331270,Brevig Mission,2023-02-01,2023,2,fuel_used_gallons,393,quality_check
A3312700621225003_diesel_kwh_generated,A3312700621225003,331270,Brevig Mission,2020-12-01,2020,12,diesel_kwh_generated,126669,quality_check
A3312700823225003_diesel_kwh_generated,A3312700823225003,331270,Brevig Mission,2023-02-01,2023,2,diesel_kwh_generated,125904,quality_check
A3312701125225003_diesel_kwh_generated,A3312701125225003,331270,Brevig Mission,2025-05-01,2025,5,diesel_kwh_generated,108720,quality_check
A3312701223225003_diesel_kwh_generated,A3312701223225003,331270,Brevig Mission,2023-06-01,2023,6,diesel_kwh_generated,90813,quality_check
A3318200717225003_fuel_used_gallons,A3318200717225003,331820,Buckland,2017-01-01,2017,1,fuel_used_gallons,4713,quality_check
A3318200717225003_diesel_kwh_generated,A3318200717225003,331820,Buckland,2017-01-01,2017,1,diesel_kwh_generated,168000,quality_check
A3318400617225003_fuel_used_gallons,A3318400617225003,331840,Chalkyitsik,2016-12-01,2016,12,fuel_used_gallons,13237,quality_check
A3318400621225003_diesel_kwh_generated,A3318400621225003,331840,Chalkyitsik,2020-12-01,2020,12,diesel_kwh_generated,29880,quality_check
A3318400721225003_diesel_kwh_generated,A3318400721225003,331840,Chalkyitsik,2021-01-01,2021,1,diesel_kwh_generated,24390,quality_check
A3318400821225003_diesel_kwh_generated,A3318400821225003,331840,Chalkyitsik,2021-02-01,2021,2,diesel_kwh_generated,26280,quality_check
A3318400617225003_diesel_kwh_generated,A3318400617225003,331840,Chalkyitsik,2016-12-01,2016,12,diesel_kwh_generated,35250,quality_check
A3323100226225003_fuel_used_gallons,A3323100226225003,332310,Chefornak,2025-08-01,2025,8,fuel_used_gallons,597,quality_check
A3323100226225003_diesel_kwh_generated,A3323100226225003,332310,Chefornak,2025-08-01,2025,8,diesel_kwh_generated,103204,quality_check
A3318500519225003_diesel_kwh_generated,A3318500519225003,331850,Chenega Bay,2018-11-01,2018,11,diesel_kwh_generated,20688,quality_check
A3318500921225003_diesel_kwh_generated,A3318500921225003,331850,Chenega Bay,2021-03-01,2021,3,diesel_kwh_generated,24414,quality_check
A3312800618225003_fuel_used_gallons,A3312800618225003,331280,Chevak,2017-12-01,2017,12,fuel_used_gallons,2591,quality_check
A3312800620225003_fuel_used_gallons,A3312800620225003,331280,Chevak,2019-12-01,2019,12,fuel_used_gallons,3046,quality_check
A3312800623225003_fuel_used_gallons,A3312800623225003,331280,Chevak,2022-12-01,2022,12,fuel_used_gallons,-35982,quality_check
A3312800823225003_fuel_used_gallons,A3312800823225003,331280,Chevak,2023-02-01,2023,2,fuel_used_gallons,1751,quality_check
A3312800618225003_diesel_kwh_generated,A3312800618225003,331280,Chevak,2017-12-01,2017,12,diesel_kwh_generated,174386,quality_check
A3312800620225003_diesel_kwh_generated,A3312800620225003,331280,Chevak,2019-12-01,2019,12,diesel_kwh_generated,187047,quality_check
A3312800623225003_diesel_kwh_generated,A3312800623225003,331280,Chevak,2022-12-01,2022,12,diesel_kwh_generated,219211,quality_check
A3312800823225003_diesel_kwh_generated,A3312800823225003,331280,Chevak,2023-02-01,2023,2,diesel_kwh_generated,219590,quality_check
A3312801125225003_diesel_kwh_generated,A3312801125225003,331280,Chevak,2025-05-01,2025,5,diesel_kwh_generated,124403,quality_check
A3312801223225003_diesel_kwh_generated,A3312801223225003,331280,Chevak,2023-06-01,2023,6,diesel_kwh_generated,146414,quality_check
A3318600123225003_most_recent_fuel_purch_price,A3318600123225003,331860,Chignik,2022-07-01,2022,7,most_recent_fuel_purch_price,0.2536,quality_check
A3318600223225003_most_recent_fuel_purch_price,A3318600223225003,331860,Chignik,2022-08-01,2022,8,most_recent_fuel_purch_price,0.2536,quality_check
A3318600323225003_most_recent_fuel_purch_price,A3318600323225003,331860,Chignik,2022-09-01,2022,9,most_recent_fuel_purch_price,0.2536,quality_check
A3318600423225003_most_recent_fuel_purch_price,A3318600423225003,331860,Chignik,2022-10-01,2022,10,most_recent_fuel_purch_price,0.2536,quality_check
A3318600523225003_most_recent_fuel_purch_price,A3318600523225003,331860,Chignik,2022-11-01,2022,11,most_recent_fuel_purch_price,0.2536,quality_check
A3318600623225003_most_recent_fuel_purch_price,A3318600623225003,331860,Chignik,2022-12-01,2022,12,most_recent_fuel_purch_price,0.2536,quality_check
A3318600922225003_most_recent_fuel_purch_price,A3318600922225003,331860,Chignik,2022-03-01,2022,3,most_recent_fuel_purch_price,0.2536,quality_check
A3318601022225003_most_recent_fuel_purch_price,A3318601022225003,331860,Chignik,2022-04-01,2022,4,most_recent_fuel_purch_price,0.2536,quality_check
A3318601122225003_most_recent_fuel_purch_price,A3318601122225003,331860,Chignik,2022-05-01,2022,5,most_recent_fuel_purch_price,0.2536,quality_check
A3318601222225003_most_recent_fuel_purch_price,A3318601222225003,331860,Chignik,2022-06-01,2022,6,most_recent_fuel_purch_price,0.2536,quality_check
A3318601120225003_fuel_used_gallons,A3318601120225003,331860,Chignik,2020-05-01,2020,5,fuel_used_gallons,3326,quality_check
A3318601120225003_diesel_kwh_generated,A3318601120225003,331860,Chignik,2020-05-01,2020,5,diesel_kwh_generated,321967,quality_check
A3318700419225003_fuel_used_gallons,A3318700419225003,331870,Chignik Lagoon,2018-10-01,2018,10,fuel_used_gallons,20,quality_check
A3318700825225003_fuel_used_gallons,A3318700825225003,331870,Chignik Lagoon,2025-02-01,2025,2,fuel_used_gallons,119,quality_check
A3318701118225003_fuel_used_gallons,A3318701118225003,331870,Chignik Lagoon,2018-05-01,2018,5,fuel_used_gallons,108,quality_check
A3318700118225003_fuel_used_gallons,A3318700118225003,331870,Chignik Lagoon,2017-07-01,2017,7,fuel_used_gallons,3847,quality_check
A3318700217225003_fuel_used_gallons,A3318700217225003,331870,Chignik Lagoon,2016-08-01,2016,8,fuel_used_gallons,621,quality_check
A3318700220225003_fuel_used_gallons,A3318700220225003,331870,Chignik Lagoon,2019-08-01,2019,8,fuel_used_gallons,3196,quality_check
A3318700317225003_fuel_used_gallons,A3318700317225003,331870,Chignik Lagoon,2016-09-01,2016,9,fuel_used_gallons,1080,quality_check
A3318700417225003_fuel_used_gallons,A3318700417225003,331870,Chignik Lagoon,2016-10-01,2016,10,fuel_used_gallons,1350,quality_check
A3318700516225003_fuel_used_gallons,A3318700516225003,331870,Chignik Lagoon,2015-11-01,2015,11,fuel_used_gallons,14,quality_check
A3318700517225003_fuel_used_gallons,A3318700517225003,331870,Chignik Lagoon,2016-11-01,2016,11,fuel_used_gallons,943,quality_check
A3318700616225003_fuel_used_gallons,A3318700616225003,331870,Chignik Lagoon,2015-12-01,2015,12,fuel_used_gallons,45,quality_check
A3318700617225003_fuel_used_gallons,A3318700617225003,331870,Chignik Lagoon,2016-12-01,2016,12,fuel_used_gallons,2841,quality_check
A3318700716225003_fuel_used_gallons,A3318700716225003,331870,Chignik Lagoon,2016-01-01,2016,1,fuel_used_gallons,1495,quality_check
A3318700717225003_fuel_used_gallons,A3318700717225003,331870,Chignik Lagoon,2017-01-01,2017,1,fuel_used_gallons,3480,quality_check
A3318700725225003_fuel_used_gallons,A3318700725225003,331870,Chignik Lagoon,2025-01-01,2025,1,fuel_used_gallons,923,quality_check
A3318700816225003_fuel_used_gallons,A3318700816225003,331870,Chignik Lagoon,2016-02-01,2016,2,fuel_used_gallons,19,quality_check
A3318700916225003_fuel_used_gallons,A3318700916225003,331870,Chignik Lagoon,2016-03-01,2016,3,fuel_used_gallons,1053,quality_check
A3318701117225003_fuel_used_gallons,A3318701117225003,331870,Chignik Lagoon,2017-05-01,2017,5,fuel_used_gallons,17,quality_check
A3318701216225003_fuel_used_gallons,A3318701216225003,331870,Chignik Lagoon,2016-06-01,2016,6,fuel_used_gallons,75,quality_check
A3318700419225003_diesel_kwh_generated,A3318700419225003,331870,Chignik Lagoon,2018-10-01,2018,10,diesel_kwh_generated,4704,quality_check
A3318700825225003_diesel_kwh_generated,A3318700825225003,331870,Chignik Lagoon,2025-02-01,2025,2,diesel_kwh_generated,13320,quality_check
A3318701116225003_diesel_kwh_generated,A3318701116225003,331870,Chignik Lagoon,2016-05-01,2016,5,diesel_kwh_generated,1,quality_check
A3318701118225003_diesel_kwh_generated,A3318701118225003,331870,Chignik Lagoon,2018-05-01,2018,5,diesel_kwh_generated,3929,quality_check
A3318701218225003_diesel_kwh_generated,A3318701218225003,331870,Chignik Lagoon,2018-06-01,2018,6,diesel_kwh_generated,3314,quality_check
A3318700118225003_diesel_kwh_generated,A3318700118225003,331870,Chignik Lagoon,2017-07-01,2017,7,diesel_kwh_generated,3944,quality_check
A3318700217225003_diesel_kwh_generated,A3318700217225003,331870,Chignik Lagoon,2016-08-01,2016,8,diesel_kwh_generated,507,quality_check
A3318700220225003_diesel_kwh_generated,A3318700220225003,331870,Chignik Lagoon,2019-08-01,2019,8,diesel_kwh_generated,2689,quality_check
A3318700317225003_diesel_kwh_generated,A3318700317225003,331870,Chignik Lagoon,2016-09-01,2016,9,diesel_kwh_generated,953,quality_check
A3318700417225003_diesel_kwh_generated,A3318700417225003,331870,Chignik Lagoon,2016-10-01,2016,10,diesel_kwh_generated,1383,quality_check
A3318700516225003_diesel_kwh_generated,A3318700516225003,331870,Chignik Lagoon,2015-11-01,2015,11,diesel_kwh_generated,14,quality_check
A3318700517225003_diesel_kwh_generated,A3318700517225003,331870,Chignik Lagoon,2016-11-01,2016,11,diesel_kwh_generated,879,quality_check
A3318700616225003_diesel_kwh_generated,A3318700616225003,331870,Chignik Lagoon,2015-12-01,2015,12,diesel_kwh_generated,43,quality_check
A3318700617225003_diesel_kwh_generated,A3318700617225003,331870,Chignik Lagoon,2016-12-01,2016,12,diesel_kwh_generated,2506,quality_check
A3318700716225003_diesel_kwh_generated,A3318700716225003,331870,Chignik Lagoon,2016-01-01,2016,1,diesel_kwh_generated,1582,quality_check
A3318700717225003_diesel_kwh_generated,A3318700717225003,331870,Chignik Lagoon,2017-01-01,2017,1,diesel_kwh_generated,3687,quality_check
A3318700725225003_diesel_kwh_generated,A3318700725225003,331870,Chignik Lagoon,2025-01-01,2025,1,diesel_kwh_generated,1288,quality_check
A3318700816225003_diesel_kwh_generated,A3318700816225003,331870,Chignik Lagoon,2016-02-01,2016,2,diesel_kwh_generated,14,quality_check
A3318700916225003_diesel_kwh_generated,A3318700916225003,331870,Chignik Lagoon,2016-03-01,2016,3,diesel_kwh_generated,632,quality_check
A3318701117225003_diesel_kwh_generated,A3318701117225003,331870,Chignik Lagoon,2017-05-01,2017,5,diesel_kwh_generated,2,quality_check
A3318701216225003_diesel_kwh_generated,A3318701216225003,331870,Chignik Lagoon,2016-06-01,2016,6,diesel_kwh_generated,91,quality_check
A3318800222225003_diesel_kwh_generated,A3318800222225003,331880,Chignik Lake,2021-08-01,2021,8,diesel_kwh_generated,16815,quality_check
A3318801125225003_diesel_kwh_generated,A3318801125225003,331880,Chignik Lake,2025-05-01,2025,5,diesel_kwh_generated,20842,quality_check
A3318801225225003_diesel_kwh_generated,A3318801225225003,331880,Chignik Lake,2025-06-01,2025,6,diesel_kwh_generated,20842,quality_check
A3318800626225003_residential_rate,A3318800626225003,331880,Chignik Lake,2025-12-01,2025,12,residential_rate,9.999,quality_check
A3318800626225003_residential_rate,A3318800626225003,331880,Chignik Lake,2025-12-01,2025,12,residential_rate,9.999,quality_check
A3318800726225003_residential_rate,A3318800726225003,331880,Chignik Lake,2026-01-01,2026,1,residential_rate,9.999,quality_check
A3318800726225003_residential_rate,A3318800726225003,331880,Chignik Lake,2026-01-01,2026,1,residential_rate,9.999,quality_check
A3318800826225003_residential_rate,A3318800826225003,331880,Chignik Lake,2026-02-01,2026,2,residential_rate,9.9999,quality_check
A3318800826225003_residential_rate,A3318800826225003,331880,Chignik Lake,2026-02-01,2026,2,residential_rate,9.9999,quality_check
A3318800926225003_residential_rate,A3318800926225003,331880,Chignik Lake,2026-03-01,2026,3,residential_rate,9.9999,quality_check
A3318800926225003_residential_rate,A3318800926225003,331880,Chignik Lake,2026-03-01,2026,3,residential_rate,9.9999,quality_check
A3318801026225003_residential_rate,A3318801026225003,331880,Chignik Lake,2026-04-01,2026,4,residential_rate,9.9999,quality_check
A3318801026225003_residential_rate,A3318801026225003,331880,Chignik Lake,2026-04-01,2026,4,residential_rate,9.9999,quality_check
A3318801126225003_residential_rate,A3318801126225003,331880,Chignik Lake,2026-05-01,2026,5,residential_rate,9.9999,quality_check
A3318801126225003_residential_rate,A3318801126225003,331880,Chignik Lake,2026-05-01,2026,5,residential_rate,9.9999,quality_check
A3326900325225003_diesel_kwh_generated,A3326900325225003,332690,Chilkat Valley/Klukwan,2024-09-01,2024,9,diesel_kwh_generated,1,quality_check
A3326900425225003_diesel_kwh_generated,A3326900425225003,332690,Chilkat Valley/Klukwan,2024-10-01,2024,10,diesel_kwh_generated,7,quality_check
A3326900525225003_diesel_kwh_generated,A3326900525225003,332690,Chilkat Valley/Klukwan,2024-11-01,2024,11,diesel_kwh_generated,2,quality_check
A3322300718225003_residential_rate,A3322300718225003,332230,Chuathbaluk,2018-01-01,2018,1,residential_rate,0.78,quality_check
A3319100625225003_fuel_used_gallons,A3319100625225003,331910,Clark's Point,2024-12-01,2024,12,fuel_used_gallons,1038,quality_check
A3319100625225003_diesel_kwh_generated,A3319100625225003,331910,Clark's Point,2024-12-01,2024,12,diesel_kwh_generated,43008,quality_check
A3319100926225003_diesel_kwh_generated,A3319100926225003,331910,Clark's Point,2026-03-01,2026,3,diesel_kwh_generated,53805,quality_check
A3319101026225003_diesel_kwh_generated,A3319101026225003,331910,Clark's Point,2026-04-01,2026,4,diesel_kwh_generated,53805,quality_check
A3319100423225003_residential_rate,A3319100423225003,331910,Clark's Point,2022-10-01,2022,10,residential_rate,0.8,quality_check
A3319201224225003_diesel_kwh_generated,A3319201224225003,331920,"Cordova, Eyak",2024-06-01,2024,6,diesel_kwh_generated,13895,quality_check
A3310900121225003_fuel_used_gallons,A3310900121225003,331090,Craig,2020-07-01,2020,7,fuel_used_gallons,783,quality_check
A3310900222225003_fuel_used_gallons,A3310900222225003,331090,Craig,2021-08-01,2021,8,fuel_used_gallons,51,quality_check
A3310900423225003_fuel_used_gallons,A3310900423225003,331090,Craig,2022-10-01,2022,10,fuel_used_gallons,40,quality_check
A3310900822225003_fuel_used_gallons,A3310900822225003,331090,Craig,2022-02-01,2022,2,fuel_used_gallons,379,quality_check
A3310900121225003_diesel_kwh_generated,A3310900121225003,331090,Craig,2020-07-01,2020,7,diesel_kwh_generated,300698,quality_check
A3310900122225003_diesel_kwh_generated,A3310900122225003,331090,Craig,2021-07-01,2021,7,diesel_kwh_generated,447,quality_check
A3310900222225003_diesel_kwh_generated,A3310900222225003,331090,Craig,2021-08-01,2021,8,diesel_kwh_generated,3344,quality_check
A3310901116225003_diesel_kwh_generated,A3310901116225003,331090,Craig,2016-05-01,2016,5,diesel_kwh_generated,3429,quality_check
A3310901216225003_diesel_kwh_generated,A3310901216225003,331090,Craig,2016-06-01,2016,6,diesel_kwh_generated,4911,quality_check
A3310900423225003_diesel_kwh_generated,A3310900423225003,331090,Craig,2022-10-01,2022,10,diesel_kwh_generated,37,quality_check
A3310900822225003_diesel_kwh_generated,A3310900822225003,331090,Craig,2022-02-01,2022,2,diesel_kwh_generated,243,quality_check
A3320600916225003_diesel_kwh_generated,A3320600916225003,332060,Deering,2016-03-01,2016,3,diesel_kwh_generated,67442,quality_check
A3320601016225003_diesel_kwh_generated,A3320601016225003,332060,Deering,2016-04-01,2016,4,diesel_kwh_generated,59488,quality_check
A3320600127225003_residential_rate,A3320600127225003,332060,Deering,2026-07-01,2026,7,residential_rate,99.99,quality_check
A3320600127225003_residential_rate,A3320600127225003,332060,Deering,2026-07-01,2026,7,residential_rate,99.99,quality_check
A3324300722225003_most_recent_fuel_purch_price,A3324300722225003,332430,"Dillingham, Aleknagik",2022-01-01,2022,1,most_recent_fuel_purch_price,0.4135,quality_check
A3319300220225003_fuel_used_gallons,A3319300220225003,331930,Diomede,2019-08-01,2019,8,fuel_used_gallons,6167,quality_check
A3319300222225003_diesel_kwh_generated,A3319300222225003,331930,Diomede,2021-08-01,2021,8,diesel_kwh_generated,19879,quality_check
A3319300322225003_diesel_kwh_generated,A3319300322225003,331930,Diomede,2021-09-01,2021,9,diesel_kwh_generated,27883,quality_check
A3319300922225003_diesel_kwh_generated,A3319300922225003,331930,Diomede,2022-03-01,2022,3,diesel_kwh_generated,33088,quality_check
A3319300220225003_diesel_kwh_generated,A3319300220225003,331930,Diomede,2019-08-01,2019,8,diesel_kwh_generated,19587,quality_check
A3312900616225003_fuel_used_gallons,A3312900616225003,331290,Eek,2015-12-01,2015,12,fuel_used_gallons,-231,quality_check
A3312900618225003_fuel_used_gallons,A3312900618225003,331290,Eek,2017-12-01,2017,12,fuel_used_gallons,2261,quality_check
A3312900620225003_fuel_used_gallons,A3312900620225003,331290,Eek,2019-12-01,2019,12,fuel_used_gallons,2785,quality_check
A3312900623225003_fuel_used_gallons,A3312900623225003,331290,Eek,2022-12-01,2022,12,fuel_used_gallons,726,quality_check
A3312900823225003_fuel_used_gallons,A3312900823225003,331290,Eek,2023-02-01,2023,2,fuel_used_gallons,51,quality_check
A3312900616225003_diesel_kwh_generated,A3312900616225003,331290,Eek,2015-12-01,2015,12,diesel_kwh_generated,81185,quality_check
A3312900618225003_diesel_kwh_generated,A3312900618225003,331290,Eek,2017-12-01,2017,12,diesel_kwh_generated,85361,quality_check
A3312900620225003_diesel_kwh_generated,A3312900620225003,331290,Eek,2019-12-01,2019,12,diesel_kwh_generated,104812,quality_check
A3312900623225003_diesel_kwh_generated,A3312900623225003,331290,Eek,2022-12-01,2022,12,diesel_kwh_generated,131737,quality_check
A3312900823225003_diesel_kwh_generated,A3312900823225003,331290,Eek,2023-02-01,2023,2,diesel_kwh_generated,116660,quality_check
A3312901125225003_diesel_kwh_generated,A3312901125225003,331290,Eek,2025-05-01,2025,5,diesel_kwh_generated,91571,quality_check
A3312901223225003_diesel_kwh_generated,A3312901223225003,331290,Eek,2023-06-01,2023,6,diesel_kwh_generated,93419,quality_check
A3313000623225003_fuel_used_gallons,A3313000623225003,331300,Elim,2022-12-01,2022,12,fuel_used_gallons,-1094,quality_check
A3313000823225003_fuel_used_gallons,A3313000823225003,331300,Elim,2023-02-01,2023,2,fuel_used_gallons,1302,quality_check
A3313000623225003_diesel_kwh_generated,A3313000623225003,331300,Elim,2022-12-01,2022,12,diesel_kwh_generated,127739,quality_check
A3313000823225003_diesel_kwh_generated,A3313000823225003,331300,Elim,2023-02-01,2023,2,diesel_kwh_generated,111540,quality_check
A3313001125225003_diesel_kwh_generated,A3313001125225003,331300,Elim,2025-05-01,2025,5,diesel_kwh_generated,91982,quality_check
A3313001223225003_diesel_kwh_generated,A3313001223225003,331300,Elim,2023-06-01,2023,6,diesel_kwh_generated,81506,quality_check
A3313100616225003_fuel_used_gallons,A3313100616225003,331310,Emmonak,2015-12-01,2015,12,fuel_used_gallons,4249,quality_check
A3313100823225003_fuel_used_gallons,A3313100823225003,331310,Emmonak,2023-02-01,2023,2,fuel_used_gallons,9152,quality_check
A3313100616225003_diesel_kwh_generated,A3313100616225003,331310,Emmonak,2015-12-01,2015,12,diesel_kwh_generated,228589,quality_check
A3313100823225003_diesel_kwh_generated,A3313100823225003,331310,Emmonak,2023-02-01,2023,2,diesel_kwh_generated,493600,quality_check
A3313101125225003_diesel_kwh_generated,A3313101125225003,331310,Emmonak,2025-05-01,2025,5,diesel_kwh_generated,362511,quality_check
A3313101223225003_diesel_kwh_generated,A3313101223225003,331310,Emmonak,2023-06-01,2023,6,diesel_kwh_generated,368723,quality_check
A3313100125225003_residential_rate,A3313100125225003,331310,Emmonak,2024-07-01,2024,7,residential_rate,0.01,quality_check
A3319700225225003_fuel_used_gallons,A3319700225225003,331970,False Pass,2024-08-01,2024,8,fuel_used_gallons,1087,quality_check
A3319700526225003_fuel_used_gallons,A3319700526225003,331970,False Pass,2025-11-01,2025,11,fuel_used_gallons,1761,quality_check
A3319700724225003_fuel_used_gallons,A3319700724225003,331970,False Pass,2024-01-01,2024,1,fuel_used_gallons,1288,quality_check
A3319700926225003_fuel_used_gallons,A3319700926225003,331970,False Pass,2026-03-01,2026,3,fuel_used_gallons,2175,quality_check
A3319700225225003_diesel_kwh_generated,A3319700225225003,331970,False Pass,2024-08-01,2024,8,diesel_kwh_generated,39822,quality_check
A3319700526225003_diesel_kwh_generated,A3319700526225003,331970,False Pass,2025-11-01,2025,11,diesel_kwh_generated,58959,quality_check
A3319700724225003_diesel_kwh_generated,A3319700724225003,331970,False Pass,2024-01-01,2024,1,diesel_kwh_generated,47525,quality_check
A3319700926225003_diesel_kwh_generated,A3319700926225003,331970,False Pass,2026-03-01,2026,3,diesel_kwh_generated,75301,quality_check
A3320200118225003_most_recent_fuel_purch_price,A3320200118225003,332020,Fort Yukon,2017-07-01,2017,7,most_recent_fuel_purch_price,0.4029,quality_check
A3320200717225003_fuel_used_gallons,A3320200717225003,332020,Fort Yukon,2017-01-01,2017,1,fuel_used_gallons,10206,quality_check
A3320200717225003_diesel_kwh_generated,A3320200717225003,332020,Fort Yukon,2017-01-01,2017,1,diesel_kwh_generated,371761,quality_check
A3313200623225003_fuel_used_gallons,A3313200623225003,331320,Gambell,2022-12-01,2022,12,fuel_used_gallons,-9658,quality_check
A3313200823225003_fuel_used_gallons,A3313200823225003,331320,Gambell,2023-02-01,2023,2,fuel_used_gallons,1294,quality_check
A3313200623225003_diesel_kwh_generated,A3313200623225003,331320,Gambell,2022-12-01,2022,12,diesel_kwh_generated,206603,quality_check
A3313200823225003_diesel_kwh_generated,A3313200823225003,331320,Gambell,2023-02-01,2023,2,diesel_kwh_generated,199102,quality_check
A3313201125225003_diesel_kwh_generated,A3313201125225003,331320,Gambell,2025-05-01,2025,5,diesel_kwh_generated,187333,quality_check
A3313201223225003_diesel_kwh_generated,A3313201223225003,331320,Gambell,2023-06-01,2023,6,diesel_kwh_generated,164420,quality_check
A3320000424225003_fuel_used_gallons,A3320000424225003,332000,Golovin,2023-10-01,2023,10,fuel_used_gallons,1418,quality_check
A3320000822225003_fuel_used_gallons,A3320000822225003,332000,Golovin,2022-02-01,2022,2,fuel_used_gallons,2267,quality_check
A3320000424225003_diesel_kwh_generated,A3320000424225003,332000,Golovin,2023-10-01,2023,10,diesel_kwh_generated,81243,quality_check
A3320000822225003_diesel_kwh_generated,A3320000822225003,332000,Golovin,2022-02-01,2022,2,diesel_kwh_generated,92573,quality_check
A3320000416225003_residential_rate,A3320000416225003,332000,Golovin,2015-10-01,2015,10,residential_rate,0.4,quality_check
A3313300621225003_fuel_used_gallons,A3313300621225003,331330,Goodnews Bay,2020-12-01,2020,12,fuel_used_gallons,-146,quality_check
A3313300622225003_fuel_used_gallons,A3313300622225003,331330,Goodnews Bay,2021-12-01,2021,12,fuel_used_gallons,-236,quality_check
A3313300823225003_fuel_used_gallons,A3313300823225003,331330,Goodnews Bay,2023-02-01,2023,2,fuel_used_gallons,124,quality_check
A3313300621225003_diesel_kwh_generated,A3313300621225003,331330,Goodnews Bay,2020-12-01,2020,12,diesel_kwh_generated,75602,quality_check
A3313300622225003_diesel_kwh_generated,A3313300622225003,331330,Goodnews Bay,2021-12-01,2021,12,diesel_kwh_generated,82311,quality_check
A3313300823225003_diesel_kwh_generated,A3313300823225003,331330,Goodnews Bay,2023-02-01,2023,2,diesel_kwh_generated,75573,quality_check
A3313301125225003_diesel_kwh_generated,A3313301125225003,331330,Goodnews Bay,2025-05-01,2025,5,diesel_kwh_generated,60387,quality_check
A3313301223225003_diesel_kwh_generated,A3313301223225003,331330,Goodnews Bay,2023-06-01,2023,6,diesel_kwh_generated,51415,quality_check
A3313400823225003_fuel_used_gallons,A3313400823225003,331340,Grayling,2023-02-01,2023,2,fuel_used_gallons,756,quality_check
A3313400823225003_diesel_kwh_generated,A3313400823225003,331340,Grayling,2023-02-01,2023,2,diesel_kwh_generated,51310,quality_check
A3313401125225003_diesel_kwh_generated,A3313401125225003,331340,Grayling,2025-05-01,2025,5,diesel_kwh_generated,49092,quality_check
A3313401223225003_diesel_kwh_generated,A3313401223225003,331340,Grayling,2023-06-01,2023,6,diesel_kwh_generated,41229,quality_check
A3311200122225003_fuel_used_gallons,A3311200122225003,331120,"Haines, Covenant Life",2021-07-01,2021,7,fuel_used_gallons,5,quality_check
A3311200122225003_diesel_kwh_generated,A3311200122225003,331120,"Haines, Covenant Life",2021-07-01,2021,7,diesel_kwh_generated,480,quality_check
A3311400526225003_most_recent_fuel_purch_price,A3311400526225003,331140,Hollis,2025-11-01,2025,11,most_recent_fuel_purch_price,34294,quality_check
A3313500618225003_fuel_used_gallons,A3313500618225003,331350,Holy Cross,2017-12-01,2017,12,fuel_used_gallons,-236,quality_check
A3313500618225003_diesel_kwh_generated,A3313500618225003,331350,Holy Cross,2017-12-01,2017,12,diesel_kwh_generated,61560,quality_check
A3313501125225003_diesel_kwh_generated,A3313501125225003,331350,Holy Cross,2025-05-01,2025,5,diesel_kwh_generated,43845,quality_check
A3313501223225003_diesel_kwh_generated,A3313501223225003,331350,Holy Cross,2023-06-01,2023,6,diesel_kwh_generated,41542,quality_check
A3313600823225003_fuel_used_gallons,A3313600823225003,331360,Hooper Bay,2023-02-01,2023,2,fuel_used_gallons,4419,quality_check
A3313600823225003_diesel_kwh_generated,A3313600823225003,331360,Hooper Bay,2023-02-01,2023,2,diesel_kwh_generated,319903,quality_check
A3313601125225003_diesel_kwh_generated,A3313601125225003,331360,Hooper Bay,2025-05-01,2025,5,diesel_kwh_generated,268533,quality_check
A3313601223225003_diesel_kwh_generated,A3313601223225003,331360,Hooper Bay,2023-06-01,2023,6,diesel_kwh_generated,219761,quality_check
A3320301022225003_fuel_used_gallons,A3320301022225003,332030,Hughes,2022-04-01,2022,4,fuel_used_gallons,660,quality_check
A3320300425225003_diesel_kwh_generated,A3320300425225003,332030,Hughes,2024-10-01,2024,10,diesel_kwh_generated,45325,quality_check
A3320301022225003_diesel_kwh_generated,A3320301022225003,332030,Hughes,2022-04-01,2022,4,diesel_kwh_generated,36548,quality_check
A3313700823225003_fuel_used_gallons,A3313700823225003,331370,Huslia,2023-02-01,2023,2,fuel_used_gallons,1764,quality_check
A3313700823225003_diesel_kwh_generated,A3313700823225003,331370,Huslia,2023-02-01,2023,2,diesel_kwh_generated,100556,quality_check
A3313701125225003_diesel_kwh_generated,A3313701125225003,331370,Huslia,2025-05-01,2025,5,diesel_kwh_generated,91845,quality_check
A3313701223225003_diesel_kwh_generated,A3313701223225003,331370,Huslia,2023-06-01,2023,6,diesel_kwh_generated,79453,quality_check
A3320400826225003_residential_rate,A3320400826225003,332040,Igiugig,2026-02-01,2026,2,residential_rate,90.9,quality_check
A3320400826225003_residential_rate,A3320400826225003,332040,Igiugig,2026-02-01,2026,2,residential_rate,90.9,quality_check
A3320500224225003_fuel_used_gallons,A3320500224225003,332050,"Iliamna, Newhalen, Nondalton",2023-08-01,2023,8,fuel_used_gallons,113,quality_check
A3320500523225003_fuel_used_gallons,A3320500523225003,332050,"Iliamna, Newhalen, Nondalton",2022-11-01,2022,11,fuel_used_gallons,12,quality_check
A3320500823225003_fuel_used_gallons,A3320500823225003,332050,"Iliamna, Newhalen, Nondalton",2023-02-01,2023,2,fuel_used_gallons,11,quality_check
A3320500722225003_fuel_used_gallons,A3320500722225003,332050,"Iliamna, Newhalen, Nondalton",2022-01-01,2022,1,fuel_used_gallons,223,quality_check
A3320500724225003_fuel_used_gallons,A3320500724225003,332050,"Iliamna, Newhalen, Nondalton",2024-01-01,2024,1,fuel_used_gallons,15,quality_check
A3320501122225003_fuel_used_gallons,A3320501122225003,332050,"Iliamna, Newhalen, Nondalton",2022-05-01,2022,5,fuel_used_gallons,24,quality_check
A3320500224225003_diesel_kwh_generated,A3320500224225003,332050,"Iliamna, Newhalen, Nondalton",2023-08-01,2023,8,diesel_kwh_generated,4050,quality_check
A3320500523225003_diesel_kwh_generated,A3320500523225003,332050,"Iliamna, Newhalen, Nondalton",2022-11-01,2022,11,diesel_kwh_generated,3290,quality_check
A3320500823225003_diesel_kwh_generated,A3320500823225003,332050,"Iliamna, Newhalen, Nondalton",2023-02-01,2023,2,diesel_kwh_generated,2820,quality_check
A3320500722225003_diesel_kwh_generated,A3320500722225003,332050,"Iliamna, Newhalen, Nondalton",2022-01-01,2022,1,diesel_kwh_generated,440,quality_check
A3320500724225003_diesel_kwh_generated,A3320500724225003,332050,"Iliamna, Newhalen, Nondalton",2024-01-01,2024,1,diesel_kwh_generated,10,quality_check
A3320501122225003_diesel_kwh_generated,A3320501122225003,332050,"Iliamna, Newhalen, Nondalton",2022-05-01,2022,5,diesel_kwh_generated,70,quality_check
A3323700117225003_residential_rate,A3323700117225003,332370,Kaktovik,2016-07-01,2016,7,residential_rate,0.15,quality_check
A3323700118225003_residential_rate,A3323700118225003,332370,Kaktovik,2017-07-01,2017,7,residential_rate,0.1573,quality_check
A3323700123225003_residential_rate,A3323700123225003,332370,Kaktovik,2022-07-01,2022,7,residential_rate,0.15,quality_check
A3323700216225003_residential_rate,A3323700216225003,332370,Kaktovik,2015-08-01,2015,8,residential_rate,0.1902,quality_check
A3323700217225003_residential_rate,A3323700217225003,332370,Kaktovik,2016-08-01,2016,8,residential_rate,0.15,quality_check
A3323700218225003_residential_rate,A3323700218225003,332370,Kaktovik,2017-08-01,2017,8,residential_rate,0.15,quality_check
A3323700316225003_residential_rate,A3323700316225003,332370,Kaktovik,2015-09-01,2015,9,residential_rate,0.15,quality_check
A3323700317225003_residential_rate,A3323700317225003,332370,Kaktovik,2016-09-01,2016,9,residential_rate,0.15,quality_check
A3323700416225003_residential_rate,A3323700416225003,332370,Kaktovik,2015-10-01,2015,10,residential_rate,0.15,quality_check
A3323700417225003_residential_rate,A3323700417225003,332370,Kaktovik,2016-10-01,2016,10,residential_rate,0.15,quality_check
A3323700516225003_residential_rate,A3323700516225003,332370,Kaktovik,2015-11-01,2015,11,residential_rate,0.15,quality_check
A3323700517225003_residential_rate,A3323700517225003,332370,Kaktovik,2016-11-01,2016,11,residential_rate,0.15,quality_check
A3323700616225003_residential_rate,A3323700616225003,332370,Kaktovik,2015-12-01,2015,12,residential_rate,0.15,quality_check
A3323700617225003_residential_rate,A3323700617225003,332370,Kaktovik,2016-12-01,2016,12,residential_rate,0.15,quality_check
A3323700716225003_residential_rate,A3323700716225003,332370,Kaktovik,2016-01-01,2016,1,residential_rate,0.15,quality_check
A3323700717225003_residential_rate,A3323700717225003,332370,Kaktovik,2017-01-01,2017,1,residential_rate,0.15,quality_check
A3323700817225003_residential_rate,A3323700817225003,332370,Kaktovik,2017-02-01,2017,2,residential_rate,0.15,quality_check
A3323700916225003_residential_rate,A3323700916225003,332370,Kaktovik,2016-03-01,2016,3,residential_rate,0.15,quality_check
A3323700921225003_residential_rate,A3323700921225003,332370,Kaktovik,2021-03-01,2021,3,residential_rate,0.15,quality_check
A3323700922225003_residential_rate,A3323700922225003,332370,Kaktovik,2022-03-01,2022,3,residential_rate,0.15,quality_check
A3323701016225003_residential_rate,A3323701016225003,332370,Kaktovik,2016-04-01,2016,4,residential_rate,0.15,quality_check
A3323701019225003_residential_rate,A3323701019225003,332370,Kaktovik,2019-04-01,2019,4,residential_rate,0.15,quality_check
A3323701021225003_residential_rate,A3323701021225003,332370,Kaktovik,2021-04-01,2021,4,residential_rate,0.15,quality_check
A3323701022225003_residential_rate,A3323701022225003,332370,Kaktovik,2022-04-01,2022,4,residential_rate,0.15,quality_check
A3323701116225003_residential_rate,A3323701116225003,332370,Kaktovik,2016-05-01,2016,5,residential_rate,0.15,quality_check
A3323701121225003_residential_rate,A3323701121225003,332370,Kaktovik,2021-05-01,2021,5,residential_rate,0.15,quality_check
A3323701122225003_residential_rate,A3323701122225003,332370,Kaktovik,2022-05-01,2022,5,residential_rate,0.15,quality_check
A3323701216225003_residential_rate,A3323701216225003,332370,Kaktovik,2016-06-01,2016,6,residential_rate,0.15,quality_check
A3323701217225003_residential_rate,A3323701217225003,332370,Kaktovik,2017-06-01,2017,6,residential_rate,0.1613,quality_check
A3323701221225003_residential_rate,A3323701221225003,332370,Kaktovik,2021-06-01,2021,6,residential_rate,0.15,quality_check
A3323701222225003_residential_rate,A3323701222225003,332370,Kaktovik,2022-06-01,2022,6,residential_rate,0.15,quality_check
A3323700321225003_residential_rate,A3323700321225003,332370,Kaktovik,2020-09-01,2020,9,residential_rate,3.6313,quality_check
A3317201125225003_diesel_kwh_generated,A3317201125225003,331720,Kalskag,2025-05-01,2025,5,diesel_kwh_generated,105940,quality_check
A3317201223225003_diesel_kwh_generated,A3317201223225003,331720,Kalskag,2023-06-01,2023,6,diesel_kwh_generated,94930,quality_check
A3313800318225003_commercial_sold_to,A3313800318225003,331380,Kaltag,2017-09-01,2017,9,commercial_sold_to,-3288,quality_check
A3313800616225003_fuel_used_gallons,A3313800616225003,331380,Kaltag,2015-12-01,2015,12,fuel_used_gallons,1239,quality_check
A3313800617225003_fuel_used_gallons,A3313800617225003,331380,Kaltag,2016-12-01,2016,12,fuel_used_gallons,1790,quality_check
A3313800618225003_fuel_used_gallons,A3313800618225003,331380,Kaltag,2017-12-01,2017,12,fuel_used_gallons,-739,quality_check
A3313800620225003_fuel_used_gallons,A3313800620225003,331380,Kaltag,2019-12-01,2019,12,fuel_used_gallons,318,quality_check
A3313800621225003_fuel_used_gallons,A3313800621225003,331380,Kaltag,2020-12-01,2020,12,fuel_used_gallons,1312,quality_check
A3313800623225003_fuel_used_gallons,A3313800623225003,331380,Kaltag,2022-12-01,2022,12,fuel_used_gallons,-3183,quality_check
A3313800616225003_diesel_kwh_generated,A3313800616225003,331380,Kaltag,2015-12-01,2015,12,diesel_kwh_generated,57274,quality_check
A3313800617225003_diesel_kwh_generated,A3313800617225003,331380,Kaltag,2016-12-01,2016,12,diesel_kwh_generated,63360,quality_check
A3313800618225003_diesel_kwh_generated,A3313800618225003,331380,Kaltag,2017-12-01,2017,12,diesel_kwh_generated,59366,quality_check
A3313800620225003_diesel_kwh_generated,A3313800620225003,331380,Kaltag,2019-12-01,2019,12,diesel_kwh_generated,65181,quality_check
A3313800621225003_diesel_kwh_generated,A3313800621225003,331380,Kaltag,2020-12-01,2020,12,diesel_kwh_generated,64718,quality_check
A3313800623225003_diesel_kwh_generated,A3313800623225003,331380,Kaltag,2022-12-01,2022,12,diesel_kwh_generated,69739,quality_check
A3313801125225003_diesel_kwh_generated,A3313801125225003,331380,Kaltag,2025-05-01,2025,5,diesel_kwh_generated,53090,quality_check
A3313801223225003_diesel_kwh_generated,A3313801223225003,331380,Kaltag,2023-06-01,2023,6,diesel_kwh_generated,47228,quality_check
A3313900123225003_govt_facil_sold_to,A3313900123225003,331390,Kasigluk,2022-07-01,2022,7,govt_facil_sold_to,-8781,quality_check
A3313900623225003_fuel_used_gallons,A3313900623225003,331390,Kasigluk,2022-12-01,2022,12,fuel_used_gallons,1407,quality_check
A3313900426225003_fuel_used_gallons,A3313900426225003,331390,Kasigluk,2025-10-01,2025,10,fuel_used_gallons,15441,quality_check
A3313900623225003_diesel_kwh_generated,A3313900623225003,331390,Kasigluk,2022-12-01,2022,12,diesel_kwh_generated,249864,quality_check
A3313901125225003_diesel_kwh_generated,A3313901125225003,331390,Kasigluk,2025-05-01,2025,5,diesel_kwh_generated,200337,quality_check
A3313900426225003_diesel_kwh_generated,A3313900426225003,331390,Kasigluk,2025-10-01,2025,10,diesel_kwh_generated,27338,quality_check
A3314000617225003_fuel_used_gallons,A3314000617225003,331400,Kiana,2016-12-01,2016,12,fuel_used_gallons,949,quality_check
A3314000618225003_fuel_used_gallons,A3314000618225003,331400,Kiana,2017-12-01,2017,12,fuel_used_gallons,-2304,quality_check
A3314000619225003_fuel_used_gallons,A3314000619225003,331400,Kiana,2018-12-01,2018,12,fuel_used_gallons,2266,quality_check
A3314000620225003_fuel_used_gallons,A3314000620225003,331400,Kiana,2019-12-01,2019,12,fuel_used_gallons,3138,quality_check
A3314000623225003_fuel_used_gallons,A3314000623225003,331400,Kiana,2022-12-01,2022,12,fuel_used_gallons,-12847,quality_check
A3314000823225003_fuel_used_gallons,A3314000823225003,331400,Kiana,2023-02-01,2023,2,fuel_used_gallons,1281,quality_check
A3314000617225003_diesel_kwh_generated,A3314000617225003,331400,Kiana,2016-12-01,2016,12,diesel_kwh_generated,181107,quality_check
A3314000618225003_diesel_kwh_generated,A3314000618225003,331400,Kiana,2017-12-01,2017,12,diesel_kwh_generated,158891,quality_check
A3314000619225003_diesel_kwh_generated,A3314000619225003,331400,Kiana,2018-12-01,2018,12,diesel_kwh_generated,187301,quality_check
A3314000620225003_diesel_kwh_generated,A3314000620225003,331400,Kiana,2019-12-01,2019,12,diesel_kwh_generated,183656,quality_check
A3314000623225003_diesel_kwh_generated,A3314000623225003,331400,Kiana,2022-12-01,2022,12,diesel_kwh_generated,190724,quality_check
A3314000823225003_diesel_kwh_generated,A3314000823225003,331400,Kiana,2023-02-01,2023,2,diesel_kwh_generated,170718,quality_check
A3314001125225003_diesel_kwh_generated,A3314001125225003,331400,Kiana,2025-05-01,2025,5,diesel_kwh_generated,118696,quality_check
A3314001223225003_diesel_kwh_generated,A3314001223225003,331400,Kiana,2023-06-01,2023,6,diesel_kwh_generated,109464,quality_check
A3320701217225003_fuel_used_gallons,A3320701217225003,332070,King Cove,2017-06-01,2017,6,fuel_used_gallons,415,quality_check
A3320701217225003_diesel_kwh_generated,A3320701217225003,332070,King Cove,2017-06-01,2017,6,diesel_kwh_generated,600,quality_check
A3320800419225003_diesel_kwh_generated,A3320800419225003,332080,Kipnuk,2018-10-01,2018,10,diesel_kwh_generated,165612,quality_check
A3320800519225003_diesel_kwh_generated,A3320800519225003,332080,Kipnuk,2018-11-01,2018,11,diesel_kwh_generated,177480,quality_check
A3320800619225003_diesel_kwh_generated,A3320800619225003,332080,Kipnuk,2018-12-01,2018,12,diesel_kwh_generated,220000,quality_check
A3314100616225003_fuel_used_gallons,A3314100616225003,331410,Kivalina,2015-12-01,2015,12,fuel_used_gallons,-2083,quality_check
A3314100617225003_fuel_used_gallons,A3314100617225003,331410,Kivalina,2016-12-01,2016,12,fuel_used_gallons,-1138,quality_check
A3314100618225003_fuel_used_gallons,A3314100618225003,331410,Kivalina,2017-12-01,2017,12,fuel_used_gallons,-494,quality_check
A3314100619225003_fuel_used_gallons,A3314100619225003,331410,Kivalina,2018-12-01,2018,12,fuel_used_gallons,2962,quality_check
A3314100823225003_fuel_used_gallons,A3314100823225003,331410,Kivalina,2023-02-01,2023,2,fuel_used_gallons,404,quality_check
A3314100616225003_diesel_kwh_generated,A3314100616225003,331410,Kivalina,2015-12-01,2015,12,diesel_kwh_generated,126832,quality_check
A3314100617225003_diesel_kwh_generated,A3314100617225003,331410,Kivalina,2016-12-01,2016,12,diesel_kwh_generated,138923,quality_check
A3314100618225003_diesel_kwh_generated,A3314100618225003,331410,Kivalina,2017-12-01,2017,12,diesel_kwh_generated,122013,quality_check
A3314100619225003_diesel_kwh_generated,A3314100619225003,331410,Kivalina,2018-12-01,2018,12,diesel_kwh_generated,138583,quality_check
A3314100823225003_diesel_kwh_generated,A3314100823225003,331410,Kivalina,2023-02-01,2023,2,diesel_kwh_generated,166559,quality_check
A3314101125225003_diesel_kwh_generated,A3314101125225003,331410,Kivalina,2025-05-01,2025,5,diesel_kwh_generated,115482,quality_check
A3314101223225003_diesel_kwh_generated,A3314101223225003,331410,Kivalina,2023-06-01,2023,6,diesel_kwh_generated,115714,quality_check
A3314100323225003_residential_rate,A3314100323225003,331410,Kivalina,2022-09-01,2022,9,residential_rate,0.8046,quality_check
A3314100323225003_residential_rate,A3314100323225003,331410,Kivalina,2022-09-01,2022,9,residential_rate,0.8046,quality_check
A3327000123225003_diesel_kwh_generated,A3327000123225003,332700,Klukwan,2022-07-01,2022,7,diesel_kwh_generated,32392,quality_check
A3327000223225003_diesel_kwh_generated,A3327000223225003,332700,Klukwan,2022-08-01,2022,8,diesel_kwh_generated,29323,quality_check
A3327000323225003_diesel_kwh_generated,A3327000323225003,332700,Klukwan,2022-09-01,2022,9,diesel_kwh_generated,33178,quality_check
A3327000423225003_diesel_kwh_generated,A3327000423225003,332700,Klukwan,2022-10-01,2022,10,diesel_kwh_generated,32312,quality_check
A3327000523225003_diesel_kwh_generated,A3327000523225003,332700,Klukwan,2022-11-01,2022,11,diesel_kwh_generated,32964,quality_check
A3327000623225003_diesel_kwh_generated,A3327000623225003,332700,Klukwan,2022-12-01,2022,12,diesel_kwh_generated,43054,quality_check
A3320900526225003_diesel_kwh_generated,A3320900526225003,332090,Kobuk,2025-11-01,2025,11,diesel_kwh_generated,159295,quality_check
A3320900323225003_residential_rate,A3320900323225003,332090,Kobuk,2022-09-01,2022,9,residential_rate,0.9119,quality_check
A3320900323225003_residential_rate,A3320900323225003,332090,Kobuk,2022-09-01,2022,9,residential_rate,0.9119,quality_check
A3320901123225003_residential_rate,A3320901123225003,332090,Kobuk,2023-05-01,2023,5,residential_rate,0.0967,quality_check
A3320901123225003_residential_rate,A3320901123225003,332090,Kobuk,2023-05-01,2023,5,residential_rate,0.0967,quality_check
A3320901223225003_residential_rate,A3320901223225003,332090,Kobuk,2023-06-01,2023,6,residential_rate,0.0967,quality_check
A3320901223225003_residential_rate,A3320901223225003,332090,Kobuk,2023-06-01,2023,6,residential_rate,0.0967,quality_check
A3321000125225003_fuel_used_gallons,A3321000125225003,332100,Kokhanok,2024-07-01,2024,7,fuel_used_gallons,192,quality_check
A3321000624225003_fuel_used_gallons,A3321000624225003,332100,Kokhanok,2023-12-01,2023,12,fuel_used_gallons,140,quality_check
A3321001024225003_fuel_used_gallons,A3321001024225003,332100,Kokhanok,2024-04-01,2024,4,fuel_used_gallons,322,quality_check
A3321000724225003_fuel_used_gallons,A3321000724225003,332100,Kokhanok,2024-01-01,2024,1,fuel_used_gallons,56680,quality_check
A3321000824225003_fuel_used_gallons,A3321000824225003,332100,Kokhanok,2024-02-01,2024,2,fuel_used_gallons,51087,quality_check
A3321000125225003_diesel_kwh_generated,A3321000125225003,332100,Kokhanok,2024-07-01,2024,7,diesel_kwh_generated,34400,quality_check
A3321000624225003_diesel_kwh_generated,A3321000624225003,332100,Kokhanok,2023-12-01,2023,12,diesel_kwh_generated,44990,quality_check
A3321001024225003_diesel_kwh_generated,A3321001024225003,332100,Kokhanok,2024-04-01,2024,4,diesel_kwh_generated,37800,quality_check
A3321000724225003_diesel_kwh_generated,A3321000724225003,332100,Kokhanok,2024-01-01,2024,1,diesel_kwh_generated,51700,quality_check
A3321000824225003_diesel_kwh_generated,A3321000824225003,332100,Kokhanok,2024-02-01,2024,2,diesel_kwh_generated,45510,quality_check
A3321000125225003_residential_rate,A3321000125225003,332100,Kokhanok,2024-07-01,2024,7,residential_rate,99,quality_check
A3325100127225003_fuel_used_gallons,A3325100127225003,332510,Kongiganak,2026-07-01,2026,7,fuel_used_gallons,31040,quality_check
A3325100127225003_diesel_kwh_generated,A3325100127225003,332510,Kongiganak,2026-07-01,2026,7,diesel_kwh_generated,91780,quality_check
A3321200621225003_fuel_used_gallons,A3321200621225003,332120,Kotlik,2020-12-01,2020,12,fuel_used_gallons,1863,quality_check
A3321200621225003_diesel_kwh_generated,A3321200621225003,332120,Kotlik,2020-12-01,2020,12,diesel_kwh_generated,202209,quality_check
A3321201125225003_diesel_kwh_generated,A3321201125225003,332120,Kotlik,2025-05-01,2025,5,diesel_kwh_generated,143509,quality_check
A3321201223225003_diesel_kwh_generated,A3321201223225003,332120,Kotlik,2023-06-01,2023,6,diesel_kwh_generated,128853,quality_check
A3314200823225003_fuel_used_gallons,A3314200823225003,331420,Koyuk,2023-02-01,2023,2,fuel_used_gallons,658,quality_check
A3314200823225003_diesel_kwh_generated,A3314200823225003,331420,Koyuk,2023-02-01,2023,2,diesel_kwh_generated,113816,quality_check
A3314201125225003_diesel_kwh_generated,A3314201125225003,331420,Koyuk,2025-05-01,2025,5,diesel_kwh_generated,89926,quality_check
A3314201223225003_diesel_kwh_generated,A3314201223225003,331420,Koyuk,2023-06-01,2023,6,diesel_kwh_generated,83920,quality_check
A3321500523225003_fuel_used_gallons,A3321500523225003,332150,Kwethluk,2022-11-01,2022,11,fuel_used_gallons,54614,quality_check
A3321500224225003_diesel_kwh_generated,A3321500224225003,332150,Kwethluk,2023-08-01,2023,8,diesel_kwh_generated,109656,quality_check
A3321500323225003_diesel_kwh_generated,A3321500323225003,332150,Kwethluk,2022-09-01,2022,9,diesel_kwh_generated,111790,quality_check
A3321500324225003_diesel_kwh_generated,A3321500324225003,332150,Kwethluk,2023-09-01,2023,9,diesel_kwh_generated,117123,quality_check
A3321500423225003_diesel_kwh_generated,A3321500423225003,332150,Kwethluk,2022-10-01,2022,10,diesel_kwh_generated,137282,quality_check
A3321500424225003_diesel_kwh_generated,A3321500424225003,332150,Kwethluk,2023-10-01,2023,10,diesel_kwh_generated,140421,quality_check
A3321500524225003_diesel_kwh_generated,A3321500524225003,332150,Kwethluk,2023-11-01,2023,11,diesel_kwh_generated,142826,quality_check
A3321500624225003_diesel_kwh_generated,A3321500624225003,332150,Kwethluk,2023-12-01,2023,12,diesel_kwh_generated,185720,quality_check
A3321500724225003_diesel_kwh_generated,A3321500724225003,332150,Kwethluk,2024-01-01,2024,1,diesel_kwh_generated,178170,quality_check
A3321500824225003_diesel_kwh_generated,A3321500824225003,332150,Kwethluk,2024-02-01,2024,2,diesel_kwh_generated,158138,quality_check
A3321500924225003_diesel_kwh_generated,A3321500924225003,332150,Kwethluk,2024-03-01,2024,3,diesel_kwh_generated,188092,quality_check
A3321501024225003_diesel_kwh_generated,A3321501024225003,332150,Kwethluk,2024-04-01,2024,4,diesel_kwh_generated,466729,quality_check
A3321501124225003_diesel_kwh_generated,A3321501124225003,332150,Kwethluk,2024-05-01,2024,5,diesel_kwh_generated,152588,quality_check
A3321500523225003_diesel_kwh_generated,A3321500523225003,332150,Kwethluk,2022-11-01,2022,11,diesel_kwh_generated,170698,quality_check
A3321500226225003_residential_rate,A3321500226225003,332150,Kwethluk,2025-08-01,2025,8,residential_rate,0.62,quality_check
A3321500326225003_residential_rate,A3321500326225003,332150,Kwethluk,2025-09-01,2025,9,residential_rate,0.62,quality_check
A3321500426225003_residential_rate,A3321500426225003,332150,Kwethluk,2025-10-01,2025,10,residential_rate,0.62,quality_check
A3321500526225003_residential_rate,A3321500526225003,332150,Kwethluk,2025-11-01,2025,11,residential_rate,0.62,quality_check
A3321500626225003_residential_rate,A3321500626225003,332150,Kwethluk,2025-12-01,2025,12,residential_rate,0.62,quality_check
A3321500726225003_residential_rate,A3321500726225003,332150,Kwethluk,2026-01-01,2026,1,residential_rate,0.62,quality_check
A3321501125225003_residential_rate,A3321501125225003,332150,Kwethluk,2025-05-01,2025,5,residential_rate,0.62,quality_check
A3321501225225003_residential_rate,A3321501225225003,332150,Kwethluk,2025-06-01,2025,6,residential_rate,0.62,quality_check
A3321500126225003_residential_rate,A3321500126225003,332150,Kwethluk,2025-07-01,2025,7,residential_rate,99.99,quality_check
A3321500126225003_residential_rate,A3321500126225003,332150,Kwethluk,2025-07-01,2025,7,residential_rate,99.99,quality_check
A3321600420225003_diesel_kwh_generated,A3321600420225003,332160,Kwigillingok,2019-10-01,2019,10,diesel_kwh_generated,108290,quality_check
A3321700720225003_fuel_used_gallons,A3321700720225003,332170,Larsen Bay,2020-01-01,2020,1,fuel_used_gallons,2,quality_check
A3321700219225003_fuel_used_gallons,A3321700219225003,332170,Larsen Bay,2018-08-01,2018,8,fuel_used_gallons,935,quality_check
A3321700217225003_diesel_kwh_generated,A3321700217225003,332170,Larsen Bay,2016-08-01,2016,8,diesel_kwh_generated,34086,quality_check
A3321700218225003_diesel_kwh_generated,A3321700218225003,332170,Larsen Bay,2017-08-01,2017,8,diesel_kwh_generated,149,quality_check
A3321700317225003_diesel_kwh_generated,A3321700317225003,332170,Larsen Bay,2016-09-01,2016,9,diesel_kwh_generated,21966,quality_check
A3321700417225003_diesel_kwh_generated,A3321700417225003,332170,Larsen Bay,2016-10-01,2016,10,diesel_kwh_generated,280,quality_check
A3321700617225003_diesel_kwh_generated,A3321700617225003,332170,Larsen Bay,2016-12-01,2016,12,diesel_kwh_generated,114,quality_check
A3321700717225003_diesel_kwh_generated,A3321700717225003,332170,Larsen Bay,2017-01-01,2017,1,diesel_kwh_generated,159,quality_check
A3321700718225003_diesel_kwh_generated,A3321700718225003,332170,Larsen Bay,2018-01-01,2018,1,diesel_kwh_generated,2938,quality_check
A3321700720225003_diesel_kwh_generated,A3321700720225003,332170,Larsen Bay,2020-01-01,2020,1,diesel_kwh_generated,1546,quality_check
A3321700918225003_diesel_kwh_generated,A3321700918225003,332170,Larsen Bay,2018-03-01,2018,3,diesel_kwh_generated,72,quality_check
A3321701020225003_diesel_kwh_generated,A3321701020225003,332170,Larsen Bay,2020-04-01,2020,4,diesel_kwh_generated,71,quality_check
A3321701120225003_diesel_kwh_generated,A3321701120225003,332170,Larsen Bay,2020-05-01,2020,5,diesel_kwh_generated,93,quality_check
A3321701217225003_diesel_kwh_generated,A3321701217225003,332170,Larsen Bay,2017-06-01,2017,6,diesel_kwh_generated,1832,quality_check
A3321701219225003_diesel_kwh_generated,A3321701219225003,332170,Larsen Bay,2019-06-01,2019,6,diesel_kwh_generated,64708,quality_check
A3321700219225003_diesel_kwh_generated,A3321700219225003,332170,Larsen Bay,2018-08-01,2018,8,diesel_kwh_generated,1572,quality_check
A3321900324225003_fuel_used_gallons,A3321900324225003,332190,Lime Village,2023-09-01,2023,9,fuel_used_gallons,1768,quality_check
A3321901218225003_fuel_used_gallons,A3321901218225003,332190,Lime Village,2018-06-01,2018,6,fuel_used_gallons,1839,quality_check
A3321900325225003_diesel_kwh_generated,A3321900325225003,332190,Lime Village,2024-09-01,2024,9,diesel_kwh_generated,19565,quality_check
A3321900424225003_diesel_kwh_generated,A3321900424225003,332190,Lime Village,2023-10-01,2023,10,diesel_kwh_generated,13746,quality_check
A3321900425225003_diesel_kwh_generated,A3321900425225003,332190,Lime Village,2024-10-01,2024,10,diesel_kwh_generated,2996,quality_check
A3321900426225003_diesel_kwh_generated,A3321900426225003,332190,Lime Village,2025-10-01,2025,10,diesel_kwh_generated,6470,quality_check
A3321900524225003_diesel_kwh_generated,A3321900524225003,332190,Lime Village,2023-11-01,2023,11,diesel_kwh_generated,13746,quality_check
A3321900525225003_diesel_kwh_generated,A3321900525225003,332190,Lime Village,2024-11-01,2024,11,diesel_kwh_generated,2466,quality_check
A3321900526225003_diesel_kwh_generated,A3321900526225003,332190,Lime Village,2025-11-01,2025,11,diesel_kwh_generated,5911,quality_check
A3321900624225003_diesel_kwh_generated,A3321900624225003,332190,Lime Village,2023-12-01,2023,12,diesel_kwh_generated,13746,quality_check
A3321900625225003_diesel_kwh_generated,A3321900625225003,332190,Lime Village,2024-12-01,2024,12,diesel_kwh_generated,3521,quality_check
A3321900626225003_diesel_kwh_generated,A3321900626225003,332190,Lime Village,2025-12-01,2025,12,diesel_kwh_generated,6825,quality_check
A3321900724225003_diesel_kwh_generated,A3321900724225003,332190,Lime Village,2024-01-01,2024,1,diesel_kwh_generated,13746,quality_check
A3321900725225003_diesel_kwh_generated,A3321900725225003,332190,Lime Village,2025-01-01,2025,1,diesel_kwh_generated,4527,quality_check
A3321900726225003_diesel_kwh_generated,A3321900726225003,332190,Lime Village,2026-01-01,2026,1,diesel_kwh_generated,6825,quality_check
A3321900824225003_diesel_kwh_generated,A3321900824225003,332190,Lime Village,2024-02-01,2024,2,diesel_kwh_generated,13746,quality_check
A3321900825225003_diesel_kwh_generated,A3321900825225003,332190,Lime Village,2025-02-01,2025,2,diesel_kwh_generated,6242,quality_check
A3321900826225003_diesel_kwh_generated,A3321900826225003,332190,Lime Village,2026-02-01,2026,2,diesel_kwh_generated,6825,quality_check
A3321900924225003_diesel_kwh_generated,A3321900924225003,332190,Lime Village,2024-03-01,2024,3,diesel_kwh_generated,13746,quality_check
A3321900925225003_diesel_kwh_generated,A3321900925225003,332190,Lime Village,2025-03-01,2025,3,diesel_kwh_generated,16986,quality_check
A3321900926225003_diesel_kwh_generated,A3321900926225003,332190,Lime Village,2026-03-01,2026,3,diesel_kwh_generated,7494,quality_check
A3321901018225003_diesel_kwh_generated,A3321901018225003,332190,Lime Village,2018-04-01,2018,4,diesel_kwh_generated,4756,quality_check
A3321901025225003_diesel_kwh_generated,A3321901025225003,332190,Lime Village,2025-04-01,2025,4,diesel_kwh_generated,6212,quality_check
A3321901026225003_diesel_kwh_generated,A3321901026225003,332190,Lime Village,2026-04-01,2026,4,diesel_kwh_generated,6069,quality_check
A3321901118225003_diesel_kwh_generated,A3321901118225003,332190,Lime Village,2018-05-01,2018,5,diesel_kwh_generated,5280,quality_check
A3321901124225003_diesel_kwh_generated,A3321901124225003,332190,Lime Village,2024-05-01,2024,5,diesel_kwh_generated,8221,quality_check
A3321901125225003_diesel_kwh_generated,A3321901125225003,332190,Lime Village,2025-05-01,2025,5,diesel_kwh_generated,3642,quality_check
A3321901126225003_diesel_kwh_generated,A3321901126225003,332190,Lime Village,2026-05-01,2026,5,diesel_kwh_generated,6211,quality_check
A3321901225225003_diesel_kwh_generated,A3321901225225003,332190,Lime Village,2025-06-01,2025,6,diesel_kwh_generated,3732,quality_check
A3321901226225003_diesel_kwh_generated,A3321901226225003,332190,Lime Village,2026-06-01,2026,6,diesel_kwh_generated,5191,quality_check
A3321900324225003_diesel_kwh_generated,A3321900324225003,332190,Lime Village,2023-09-01,2023,9,diesel_kwh_generated,4289,quality_check
A3321901218225003_diesel_kwh_generated,A3321901218225003,332190,Lime Village,2018-06-01,2018,6,diesel_kwh_generated,4718,quality_check
A3322001023225003_non_fuel_expenses,A3322001023225003,332200,Manley Hot Springs,2023-04-01,2023,4,non_fuel_expenses,-2122,quality_check
A3322101025225003_diesel_kwh_generated,A3322101025225003,332210,Manokotak,2025-04-01,2025,4,diesel_kwh_generated,102524,quality_check
A3322101125225003_diesel_kwh_generated,A3322101125225003,332210,Manokotak,2025-05-01,2025,5,diesel_kwh_generated,98763,quality_check
A3322101225225003_diesel_kwh_generated,A3322101225225003,332210,Manokotak,2025-06-01,2025,6,diesel_kwh_generated,87420,quality_check
A3322100726225003_residential_rate,A3322100726225003,332210,Manokotak,2026-01-01,2026,1,residential_rate,3966,quality_check
A3314400823225003_fuel_used_gallons,A3314400823225003,331440,Marshall,2023-02-01,2023,2,fuel_used_gallons,964,quality_check
A3314400823225003_diesel_kwh_generated,A3314400823225003,331440,Marshall,2023-02-01,2023,2,diesel_kwh_generated,136172,quality_check
A3314401125225003_diesel_kwh_generated,A3314401125225003,331440,Marshall,2025-05-01,2025,5,diesel_kwh_generated,132335,quality_check
A3314401223225003_diesel_kwh_generated,A3314401223225003,331440,Marshall,2023-06-01,2023,6,diesel_kwh_generated,110887,quality_check
A3322200224225003_diesel_kwh_generated,A3322200224225003,332220,McGrath,2023-08-01,2023,8,diesel_kwh_generated,143884,quality_check
A3314500622225003_fuel_used_gallons,A3314500622225003,331450,Mekoryuk,2021-12-01,2021,12,fuel_used_gallons,1184,quality_check
A3314500823225003_fuel_used_gallons,A3314500823225003,331450,Mekoryuk,2023-02-01,2023,2,fuel_used_gallons,1103,quality_check
A3314500622225003_diesel_kwh_generated,A3314500622225003,331450,Mekoryuk,2021-12-01,2021,12,diesel_kwh_generated,91727,quality_check
A3314500823225003_diesel_kwh_generated,A3314500823225003,331450,Mekoryuk,2023-02-01,2023,2,diesel_kwh_generated,84116,quality_check
A3314501125225003_diesel_kwh_generated,A3314501125225003,331450,Mekoryuk,2025-05-01,2025,5,diesel_kwh_generated,72422,quality_check
A3314501223225003_diesel_kwh_generated,A3314501223225003,331450,Mekoryuk,2023-06-01,2023,6,diesel_kwh_generated,60103,quality_check
A3314600616225003_fuel_used_gallons,A3314600616225003,331460,Minto,2015-12-01,2015,12,fuel_used_gallons,265,quality_check
A3314600617225003_fuel_used_gallons,A3314600617225003,331460,Minto,2016-12-01,2016,12,fuel_used_gallons,2092,quality_check
A3314600618225003_fuel_used_gallons,A3314600618225003,331460,Minto,2017-12-01,2017,12,fuel_used_gallons,1067,quality_check
A3314600620225003_fuel_used_gallons,A3314600620225003,331460,Minto,2019-12-01,2019,12,fuel_used_gallons,-6624,quality_check
A3314600623225003_fuel_used_gallons,A3314600623225003,331460,Minto,2022-12-01,2022,12,fuel_used_gallons,-3082,quality_check
A3314600823225003_fuel_used_gallons,A3314600823225003,331460,Minto,2023-02-01,2023,2,fuel_used_gallons,140,quality_check
A3314600616225003_diesel_kwh_generated,A3314600616225003,331460,Minto,2015-12-01,2015,12,diesel_kwh_generated,64526,quality_check
A3314600617225003_diesel_kwh_generated,A3314600617225003,331460,Minto,2016-12-01,2016,12,diesel_kwh_generated,70501,quality_check
A3314600618225003_diesel_kwh_generated,A3314600618225003,331460,Minto,2017-12-01,2017,12,diesel_kwh_generated,63502,quality_check
A3314600620225003_diesel_kwh_generated,A3314600620225003,331460,Minto,2019-12-01,2019,12,diesel_kwh_generated,69043,quality_check
A3314600623225003_diesel_kwh_generated,A3314600623225003,331460,Minto,2022-12-01,2022,12,diesel_kwh_generated,84774,quality_check
A3314600823225003_diesel_kwh_generated,A3314600823225003,331460,Minto,2023-02-01,2023,2,diesel_kwh_generated,75292,quality_check
A3314601125225003_diesel_kwh_generated,A3314601125225003,331460,Minto,2025-05-01,2025,5,diesel_kwh_generated,77209,quality_check
A3314601223225003_diesel_kwh_generated,A3314601223225003,331460,Minto,2023-06-01,2023,6,diesel_kwh_generated,58043,quality_check
A3314700616225003_fuel_used_gallons,A3314700616225003,331470,Mountain Village,2015-12-01,2015,12,fuel_used_gallons,5913,quality_check
A3314700616225003_diesel_kwh_generated,A3314700616225003,331470,Mountain Village,2015-12-01,2015,12,diesel_kwh_generated,282529,quality_check
A3322900118225003_most_recent_fuel_purch_price,A3322900118225003,332290,Napakiak,2017-07-01,2017,7,most_recent_fuel_purch_price,0.2902,quality_check
A3322900119225003_most_recent_fuel_purch_price,A3322900119225003,332290,Napakiak,2018-07-01,2018,7,most_recent_fuel_purch_price,0.2986,quality_check
A3322900120225003_most_recent_fuel_purch_price,A3322900120225003,332290,Napakiak,2019-07-01,2019,7,most_recent_fuel_purch_price,0.3143,quality_check
A3322900121225003_most_recent_fuel_purch_price,A3322900121225003,332290,Napakiak,2020-07-01,2020,7,most_recent_fuel_purch_price,0.3628,quality_check
A3322900122225003_most_recent_fuel_purch_price,A3322900122225003,332290,Napakiak,2021-07-01,2021,7,most_recent_fuel_purch_price,0.3021,quality_check
A3322900123225003_most_recent_fuel_purch_price,A3322900123225003,332290,Napakiak,2022-07-01,2022,7,most_recent_fuel_purch_price,0.2769,quality_check
A3322900124225003_most_recent_fuel_purch_price,A3322900124225003,332290,Napakiak,2023-07-01,2023,7,most_recent_fuel_purch_price,0.2776,quality_check
A3322900125225003_most_recent_fuel_purch_price,A3322900125225003,332290,Napakiak,2024-07-01,2024,7,most_recent_fuel_purch_price,0.2742,quality_check
A3322900126225003_most_recent_fuel_purch_price,A3322900126225003,332290,Napakiak,2025-07-01,2025,7,most_recent_fuel_purch_price,0.4876,quality_check
A3322900127225003_most_recent_fuel_purch_price,A3322900127225003,332290,Napakiak,2026-07-01,2026,7,most_recent_fuel_purch_price,0.4279,quality_check
A3322900218225003_most_recent_fuel_purch_price,A3322900218225003,332290,Napakiak,2017-08-01,2017,8,most_recent_fuel_purch_price,0.2902,quality_check
A3322900219225003_most_recent_fuel_purch_price,A3322900219225003,332290,Napakiak,2018-08-01,2018,8,most_recent_fuel_purch_price,0.2986,quality_check
A3322900220225003_most_recent_fuel_purch_price,A3322900220225003,332290,Napakiak,2019-08-01,2019,8,most_recent_fuel_purch_price,0.3657,quality_check
A3322900221225003_most_recent_fuel_purch_price,A3322900221225003,332290,Napakiak,2020-08-01,2020,8,most_recent_fuel_purch_price,0.3628,quality_check
A3322900222225003_most_recent_fuel_purch_price,A3322900222225003,332290,Napakiak,2021-08-01,2021,8,most_recent_fuel_purch_price,0.3021,quality_check
A3322900223225003_most_recent_fuel_purch_price,A3322900223225003,332290,Napakiak,2022-08-01,2022,8,most_recent_fuel_purch_price,0.2769,quality_check
A3322900224225003_most_recent_fuel_purch_price,A3322900224225003,332290,Napakiak,2023-08-01,2023,8,most_recent_fuel_purch_price,0.2776,quality_check
A3322900225225003_most_recent_fuel_purch_price,A3322900225225003,332290,Napakiak,2024-08-01,2024,8,most_recent_fuel_purch_price,0.4665,quality_check
A3322900226225003_most_recent_fuel_purch_price,A3322900226225003,332290,Napakiak,2025-08-01,2025,8,most_recent_fuel_purch_price,0.4876,quality_check
A3322900318225003_most_recent_fuel_purch_price,A3322900318225003,332290,Napakiak,2017-09-01,2017,9,most_recent_fuel_purch_price,0.2902,quality_check
A3322900319225003_most_recent_fuel_purch_price,A3322900319225003,332290,Napakiak,2018-09-01,2018,9,most_recent_fuel_purch_price,0.2986,quality_check
A3322900320225003_most_recent_fuel_purch_price,A3322900320225003,332290,Napakiak,2019-09-01,2019,9,most_recent_fuel_purch_price,0.3657,quality_check
A3322900321225003_most_recent_fuel_purch_price,A3322900321225003,332290,Napakiak,2020-09-01,2020,9,most_recent_fuel_purch_price,0.3628,quality_check
A3322900322225003_most_recent_fuel_purch_price,A3322900322225003,332290,Napakiak,2021-09-01,2021,9,most_recent_fuel_purch_price,0.3021,quality_check
A3322900323225003_most_recent_fuel_purch_price,A3322900323225003,332290,Napakiak,2022-09-01,2022,9,most_recent_fuel_purch_price,0.2769,quality_check
A3322900324225003_most_recent_fuel_purch_price,A3322900324225003,332290,Napakiak,2023-09-01,2023,9,most_recent_fuel_purch_price,0.2765,quality_check
A3322900325225003_most_recent_fuel_purch_price,A3322900325225003,332290,Napakiak,2024-09-01,2024,9,most_recent_fuel_purch_price,0.4665,quality_check
A3322900326225003_most_recent_fuel_purch_price,A3322900326225003,332290,Napakiak,2025-09-01,2025,9,most_recent_fuel_purch_price,0.4751,quality_check
A3322900418225003_most_recent_fuel_purch_price,A3322900418225003,332290,Napakiak,2017-10-01,2017,10,most_recent_fuel_purch_price,0.2902,quality_check
A3322900419225003_most_recent_fuel_purch_price,A3322900419225003,332290,Napakiak,2018-10-01,2018,10,most_recent_fuel_purch_price,0.319,quality_check
A3322900420225003_most_recent_fuel_purch_price,A3322900420225003,332290,Napakiak,2019-10-01,2019,10,most_recent_fuel_purch_price,0.3809,quality_check
A3322900421225003_most_recent_fuel_purch_price,A3322900421225003,332290,Napakiak,2020-10-01,2020,10,most_recent_fuel_purch_price,0.3628,quality_check
A3322900422225003_most_recent_fuel_purch_price,A3322900422225003,332290,Napakiak,2021-10-01,2021,10,most_recent_fuel_purch_price,0.2859,quality_check
A3322900423225003_most_recent_fuel_purch_price,A3322900423225003,332290,Napakiak,2022-10-01,2022,10,most_recent_fuel_purch_price,0.2761,quality_check
A3322900424225003_most_recent_fuel_purch_price,A3322900424225003,332290,Napakiak,2023-10-01,2023,10,most_recent_fuel_purch_price,0.2765,quality_check
A3322900425225003_most_recent_fuel_purch_price,A3322900425225003,332290,Napakiak,2024-10-01,2024,10,most_recent_fuel_purch_price,0.4565,quality_check
A3322900426225003_most_recent_fuel_purch_price,A3322900426225003,332290,Napakiak,2025-10-01,2025,10,most_recent_fuel_purch_price,0.4778,quality_check
A3322900518225003_most_recent_fuel_purch_price,A3322900518225003,332290,Napakiak,2017-11-01,2017,11,most_recent_fuel_purch_price,0.3642,quality_check
A3322900519225003_most_recent_fuel_purch_price,A3322900519225003,332290,Napakiak,2018-11-01,2018,11,most_recent_fuel_purch_price,0.319,quality_check
A3322900520225003_most_recent_fuel_purch_price,A3322900520225003,332290,Napakiak,2019-11-01,2019,11,most_recent_fuel_purch_price,0.275,quality_check
A3322900521225003_most_recent_fuel_purch_price,A3322900521225003,332290,Napakiak,2020-11-01,2020,11,most_recent_fuel_purch_price,0.3586,quality_check
A3322900522225003_most_recent_fuel_purch_price,A3322900522225003,332290,Napakiak,2021-11-01,2021,11,most_recent_fuel_purch_price,0.2977,quality_check
A3322900523225003_most_recent_fuel_purch_price,A3322900523225003,332290,Napakiak,2022-11-01,2022,11,most_recent_fuel_purch_price,0.2769,quality_check
A3322900524225003_most_recent_fuel_purch_price,A3322900524225003,332290,Napakiak,2023-11-01,2023,11,most_recent_fuel_purch_price,0.2765,quality_check
A3322900525225003_most_recent_fuel_purch_price,A3322900525225003,332290,Napakiak,2024-11-01,2024,11,most_recent_fuel_purch_price,0.4565,quality_check
A3322900526225003_most_recent_fuel_purch_price,A3322900526225003,332290,Napakiak,2025-11-01,2025,11,most_recent_fuel_purch_price,0.4778,quality_check
A3322900616225003_most_recent_fuel_purch_price,A3322900616225003,332290,Napakiak,2015-12-01,2015,12,most_recent_fuel_purch_price,0.4662,quality_check
A3322900617225003_most_recent_fuel_purch_price,A3322900617225003,332290,Napakiak,2016-12-01,2016,12,most_recent_fuel_purch_price,0.3394,quality_check
A3322900618225003_most_recent_fuel_purch_price,A3322900618225003,332290,Napakiak,2017-12-01,2017,12,most_recent_fuel_purch_price,0.2902,quality_check
A3322900619225003_most_recent_fuel_purch_price,A3322900619225003,332290,Napakiak,2018-12-01,2018,12,most_recent_fuel_purch_price,0.275,quality_check
A3322900620225003_most_recent_fuel_purch_price,A3322900620225003,332290,Napakiak,2019-12-01,2019,12,most_recent_fuel_purch_price,0.3809,quality_check
A3322900621225003_most_recent_fuel_purch_price,A3322900621225003,332290,Napakiak,2020-12-01,2020,12,most_recent_fuel_purch_price,0.3586,quality_check
A3322900622225003_most_recent_fuel_purch_price,A3322900622225003,332290,Napakiak,2021-12-01,2021,12,most_recent_fuel_purch_price,0.2977,quality_check
A3322900623225003_most_recent_fuel_purch_price,A3322900623225003,332290,Napakiak,2022-12-01,2022,12,most_recent_fuel_purch_price,0.2755,quality_check
A3322900624225003_most_recent_fuel_purch_price,A3322900624225003,332290,Napakiak,2023-12-01,2023,12,most_recent_fuel_purch_price,0.2747,quality_check
A3322900625225003_most_recent_fuel_purch_price,A3322900625225003,332290,Napakiak,2024-12-01,2024,12,most_recent_fuel_purch_price,0.4565,quality_check
A3322900626225003_most_recent_fuel_purch_price,A3322900626225003,332290,Napakiak,2025-12-01,2025,12,most_recent_fuel_purch_price,0.4778,quality_check
A3322900716225003_most_recent_fuel_purch_price,A3322900716225003,332290,Napakiak,2016-01-01,2016,1,most_recent_fuel_purch_price,0.442,quality_check
A3322900717225003_most_recent_fuel_purch_price,A3322900717225003,332290,Napakiak,2017-01-01,2017,1,most_recent_fuel_purch_price,0.3394,quality_check
A3322900718225003_most_recent_fuel_purch_price,A3322900718225003,332290,Napakiak,2018-01-01,2018,1,most_recent_fuel_purch_price,0.2642,quality_check
A3322900719225003_most_recent_fuel_purch_price,A3322900719225003,332290,Napakiak,2019-01-01,2019,1,most_recent_fuel_purch_price,0.319,quality_check
A3322900720225003_most_recent_fuel_purch_price,A3322900720225003,332290,Napakiak,2020-01-01,2020,1,most_recent_fuel_purch_price,0.3809,quality_check
A3322900721225003_most_recent_fuel_purch_price,A3322900721225003,332290,Napakiak,2021-01-01,2021,1,most_recent_fuel_purch_price,0.3429,quality_check
A3322900722225003_most_recent_fuel_purch_price,A3322900722225003,332290,Napakiak,2022-01-01,2022,1,most_recent_fuel_purch_price,0.2977,quality_check
A3322900723225003_most_recent_fuel_purch_price,A3322900723225003,332290,Napakiak,2023-01-01,2023,1,most_recent_fuel_purch_price,0.2755,quality_check
A3322900724225003_most_recent_fuel_purch_price,A3322900724225003,332290,Napakiak,2024-01-01,2024,1,most_recent_fuel_purch_price,0.2747,quality_check
A3322900726225003_most_recent_fuel_purch_price,A3322900726225003,332290,Napakiak,2026-01-01,2026,1,most_recent_fuel_purch_price,0.4634,quality_check
A3322900816225003_most_recent_fuel_purch_price,A3322900816225003,332290,Napakiak,2016-02-01,2016,2,most_recent_fuel_purch_price,0.442,quality_check
A3322900817225003_most_recent_fuel_purch_price,A3322900817225003,332290,Napakiak,2017-02-01,2017,2,most_recent_fuel_purch_price,0.3394,quality_check
A3322900818225003_most_recent_fuel_purch_price,A3322900818225003,332290,Napakiak,2018-02-01,2018,2,most_recent_fuel_purch_price,0.2642,quality_check
A3322900819225003_most_recent_fuel_purch_price,A3322900819225003,332290,Napakiak,2019-02-01,2019,2,most_recent_fuel_purch_price,0.3156,quality_check
A3322900820225003_most_recent_fuel_purch_price,A3322900820225003,332290,Napakiak,2020-02-01,2020,2,most_recent_fuel_purch_price,0.3827,quality_check
A3322900821225003_most_recent_fuel_purch_price,A3322900821225003,332290,Napakiak,2021-02-01,2021,2,most_recent_fuel_purch_price,0.3221,quality_check
A3322900822225003_most_recent_fuel_purch_price,A3322900822225003,332290,Napakiak,2022-02-01,2022,2,most_recent_fuel_purch_price,0.284,quality_check
A3322900823225003_most_recent_fuel_purch_price,A3322900823225003,332290,Napakiak,2023-02-01,2023,2,most_recent_fuel_purch_price,0.2755,quality_check
A3322900824225003_most_recent_fuel_purch_price,A3322900824225003,332290,Napakiak,2024-02-01,2024,2,most_recent_fuel_purch_price,0.2747,quality_check
A3322900826225003_most_recent_fuel_purch_price,A3322900826225003,332290,Napakiak,2026-02-01,2026,2,most_recent_fuel_purch_price,0.4634,quality_check
A3322900916225003_most_recent_fuel_purch_price,A3322900916225003,332290,Napakiak,2016-03-01,2016,3,most_recent_fuel_purch_price,0.442,quality_check
A3322900917225003_most_recent_fuel_purch_price,A3322900917225003,332290,Napakiak,2017-03-01,2017,3,most_recent_fuel_purch_price,0.3394,quality_check
A3322900918225003_most_recent_fuel_purch_price,A3322900918225003,332290,Napakiak,2018-03-01,2018,3,most_recent_fuel_purch_price,0.3276,quality_check
A3322900919225003_most_recent_fuel_purch_price,A3322900919225003,332290,Napakiak,2019-03-01,2019,3,most_recent_fuel_purch_price,0.3156,quality_check
A3322900920225003_most_recent_fuel_purch_price,A3322900920225003,332290,Napakiak,2020-03-01,2020,3,most_recent_fuel_purch_price,0.3825,quality_check
A3322900921225003_most_recent_fuel_purch_price,A3322900921225003,332290,Napakiak,2021-03-01,2021,3,most_recent_fuel_purch_price,0.3221,quality_check
A3322900922225003_most_recent_fuel_purch_price,A3322900922225003,332290,Napakiak,2022-03-01,2022,3,most_recent_fuel_purch_price,0.284,quality_check
A3322900923225003_most_recent_fuel_purch_price,A3322900923225003,332290,Napakiak,2023-03-01,2023,3,most_recent_fuel_purch_price,0.2769,quality_check
A3322900924225003_most_recent_fuel_purch_price,A3322900924225003,332290,Napakiak,2024-03-01,2024,3,most_recent_fuel_purch_price,0.2747,quality_check
A3322900926225003_most_recent_fuel_purch_price,A3322900926225003,332290,Napakiak,2026-03-01,2026,3,most_recent_fuel_purch_price,0.4634,quality_check
A3322901016225003_most_recent_fuel_purch_price,A3322901016225003,332290,Napakiak,2016-04-01,2016,4,most_recent_fuel_purch_price,0.442,quality_check
A3322901017225003_most_recent_fuel_purch_price,A3322901017225003,332290,Napakiak,2017-04-01,2017,4,most_recent_fuel_purch_price,0.3394,quality_check
A3322901018225003_most_recent_fuel_purch_price,A3322901018225003,332290,Napakiak,2018-04-01,2018,4,most_recent_fuel_purch_price,0.275,quality_check
A3322901019225003_most_recent_fuel_purch_price,A3322901019225003,332290,Napakiak,2019-04-01,2019,4,most_recent_fuel_purch_price,0.3143,quality_check
A3322901020225003_most_recent_fuel_purch_price,A3322901020225003,332290,Napakiak,2020-04-01,2020,4,most_recent_fuel_purch_price,0.3765,quality_check
A3322901021225003_most_recent_fuel_purch_price,A3322901021225003,332290,Napakiak,2021-04-01,2021,4,most_recent_fuel_purch_price,0.3221,quality_check
A3322901022225003_most_recent_fuel_purch_price,A3322901022225003,332290,Napakiak,2022-04-01,2022,4,most_recent_fuel_purch_price,0.2771,quality_check
A3322901023225003_most_recent_fuel_purch_price,A3322901023225003,332290,Napakiak,2023-04-01,2023,4,most_recent_fuel_purch_price,0.2787,quality_check
A3322901024225003_most_recent_fuel_purch_price,A3322901024225003,332290,Napakiak,2024-04-01,2024,4,most_recent_fuel_purch_price,0.2742,quality_check
A3322901026225003_most_recent_fuel_purch_price,A3322901026225003,332290,Napakiak,2026-04-01,2026,4,most_recent_fuel_purch_price,0.4863,quality_check
A3322901116225003_most_recent_fuel_purch_price,A3322901116225003,332290,Napakiak,2016-05-01,2016,5,most_recent_fuel_purch_price,0.442,quality_check
A3322901117225003_most_recent_fuel_purch_price,A3322901117225003,332290,Napakiak,2017-05-01,2017,5,most_recent_fuel_purch_price,0.3394,quality_check
A3322901118225003_most_recent_fuel_purch_price,A3322901118225003,332290,Napakiak,2018-05-01,2018,5,most_recent_fuel_purch_price,0.275,quality_check
A3322901119225003_most_recent_fuel_purch_price,A3322901119225003,332290,Napakiak,2019-05-01,2019,5,most_recent_fuel_purch_price,0.3143,quality_check
A3322901120225003_most_recent_fuel_purch_price,A3322901120225003,332290,Napakiak,2020-05-01,2020,5,most_recent_fuel_purch_price,0.3765,quality_check
A3322901121225003_most_recent_fuel_purch_price,A3322901121225003,332290,Napakiak,2021-05-01,2021,5,most_recent_fuel_purch_price,0.3221,quality_check
A3322901122225003_most_recent_fuel_purch_price,A3322901122225003,332290,Napakiak,2022-05-01,2022,5,most_recent_fuel_purch_price,0.2771,quality_check
A3322901123225003_most_recent_fuel_purch_price,A3322901123225003,332290,Napakiak,2023-05-01,2023,5,most_recent_fuel_purch_price,0.2787,quality_check
A3322901124225003_most_recent_fuel_purch_price,A3322901124225003,332290,Napakiak,2024-05-01,2024,5,most_recent_fuel_purch_price,0.2742,quality_check
A3322901126225003_most_recent_fuel_purch_price,A3322901126225003,332290,Napakiak,2026-05-01,2026,5,most_recent_fuel_purch_price,0.4279,quality_check
A3322901216225003_most_recent_fuel_purch_price,A3322901216225003,332290,Napakiak,2016-06-01,2016,6,most_recent_fuel_purch_price,0.3887,quality_check
A3322901217225003_most_recent_fuel_purch_price,A3322901217225003,332290,Napakiak,2017-06-01,2017,6,most_recent_fuel_purch_price,0.2902,quality_check
A3322901218225003_most_recent_fuel_purch_price,A3322901218225003,332290,Napakiak,2018-06-01,2018,6,most_recent_fuel_purch_price,0.2986,quality_check
A3322901219225003_most_recent_fuel_purch_price,A3322901219225003,332290,Napakiak,2019-06-01,2019,6,most_recent_fuel_purch_price,0.3143,quality_check
A3322901220225003_most_recent_fuel_purch_price,A3322901220225003,332290,Napakiak,2020-06-01,2020,6,most_recent_fuel_purch_price,0.3628,quality_check
A3322901221225003_most_recent_fuel_purch_price,A3322901221225003,332290,Napakiak,2021-06-01,2021,6,most_recent_fuel_purch_price,0.3021,quality_check
A3322901222225003_most_recent_fuel_purch_price,A3322901222225003,332290,Napakiak,2022-06-01,2022,6,most_recent_fuel_purch_price,0.2769,quality_check
A3322901223225003_most_recent_fuel_purch_price,A3322901223225003,332290,Napakiak,2023-06-01,2023,6,most_recent_fuel_purch_price,0.2776,quality_check
A3322901224225003_most_recent_fuel_purch_price,A3322901224225003,332290,Napakiak,2024-06-01,2024,6,most_recent_fuel_purch_price,0.2742,quality_check
A3322901226225003_most_recent_fuel_purch_price,A3322901226225003,332290,Napakiak,2026-06-01,2026,6,most_recent_fuel_purch_price,0.4279,quality_check
A3322900118225003_fuel_used_gallons,A3322900118225003,332290,Napakiak,2017-07-01,2017,7,fuel_used_gallons,4637,quality_check
A3322900218225003_fuel_used_gallons,A3322900218225003,332290,Napakiak,2017-08-01,2017,8,fuel_used_gallons,3227,quality_check
A3322900118225003_diesel_kwh_generated,A3322900118225003,332290,Napakiak,2017-07-01,2017,7,diesel_kwh_generated,106,quality_check
A3322900218225003_diesel_kwh_generated,A3322900218225003,332290,Napakiak,2017-08-01,2017,8,diesel_kwh_generated,111,quality_check
A3323000117225003_fuel_used_gallons,A3323000117225003,332300,Napaskiak,2016-07-01,2016,7,fuel_used_gallons,2071,quality_check
A3323000125225003_fuel_used_gallons,A3323000125225003,332300,Napaskiak,2024-07-01,2024,7,fuel_used_gallons,5531,quality_check
A3323000217225003_fuel_used_gallons,A3323000217225003,332300,Napaskiak,2016-08-01,2016,8,fuel_used_gallons,2120,quality_check
A3323000324225003_fuel_used_gallons,A3323000324225003,332300,Napaskiak,2023-09-01,2023,9,fuel_used_gallons,5621,quality_check
A3323000624225003_fuel_used_gallons,A3323000624225003,332300,Napaskiak,2023-12-01,2023,12,fuel_used_gallons,3705,quality_check
A3323000625225003_fuel_used_gallons,A3323000625225003,332300,Napaskiak,2024-12-01,2024,12,fuel_used_gallons,7270,quality_check
A3323000724225003_fuel_used_gallons,A3323000724225003,332300,Napaskiak,2024-01-01,2024,1,fuel_used_gallons,8009,quality_check
A3323001116225003_fuel_used_gallons,A3323001116225003,332300,Napaskiak,2016-05-01,2016,5,fuel_used_gallons,1821,quality_check
A3323001216225003_fuel_used_gallons,A3323001216225003,332300,Napaskiak,2016-06-01,2016,6,fuel_used_gallons,2071,quality_check
A3323001224225003_fuel_used_gallons,A3323001224225003,332300,Napaskiak,2024-06-01,2024,6,fuel_used_gallons,5510,quality_check
A3323000325225003_fuel_used_gallons,A3323000325225003,332300,Napaskiak,2024-09-01,2024,9,fuel_used_gallons,45104,quality_check
A3323000117225003_diesel_kwh_generated,A3323000117225003,332300,Napaskiak,2016-07-01,2016,7,diesel_kwh_generated,100194,quality_check
A3323000125225003_diesel_kwh_generated,A3323000125225003,332300,Napaskiak,2024-07-01,2024,7,diesel_kwh_generated,385793,quality_check
A3323000217225003_diesel_kwh_generated,A3323000217225003,332300,Napaskiak,2016-08-01,2016,8,diesel_kwh_generated,104953,quality_check
A3323000317225003_diesel_kwh_generated,A3323000317225003,332300,Napaskiak,2016-09-01,2016,9,diesel_kwh_generated,129365,quality_check
A3323000324225003_diesel_kwh_generated,A3323000324225003,332300,Napaskiak,2023-09-01,2023,9,diesel_kwh_generated,277354,quality_check
A3323000624225003_diesel_kwh_generated,A3323000624225003,332300,Napaskiak,2023-12-01,2023,12,diesel_kwh_generated,164600,quality_check
A3323000625225003_diesel_kwh_generated,A3323000625225003,332300,Napaskiak,2024-12-01,2024,12,diesel_kwh_generated,295713,quality_check
A3323000724225003_diesel_kwh_generated,A3323000724225003,332300,Napaskiak,2024-01-01,2024,1,diesel_kwh_generated,681700,quality_check
A3323001116225003_diesel_kwh_generated,A3323001116225003,332300,Napaskiak,2016-05-01,2016,5,diesel_kwh_generated,93742,quality_check
A3323001123225003_diesel_kwh_generated,A3323001123225003,332300,Napaskiak,2023-05-01,2023,5,diesel_kwh_generated,44070,quality_check
A3323001216225003_diesel_kwh_generated,A3323001216225003,332300,Napaskiak,2016-06-01,2016,6,diesel_kwh_generated,99806,quality_check
A3323001223225003_diesel_kwh_generated,A3323001223225003,332300,Napaskiak,2023-06-01,2023,6,diesel_kwh_generated,48498,quality_check
A3323001224225003_diesel_kwh_generated,A3323001224225003,332300,Napaskiak,2024-06-01,2024,6,diesel_kwh_generated,731992,quality_check
A3323000325225003_diesel_kwh_generated,A3323000325225003,332300,Napaskiak,2024-09-01,2024,9,diesel_kwh_generated,106812,quality_check
A3323000127225003_residential_rate,A3323000127225003,332300,Napaskiak,2026-07-01,2026,7,residential_rate,11242.16,quality_check
A3323200325225003_fuel_used_gallons,A3323200325225003,332320,Nelson Lagoon,2024-09-01,2024,9,fuel_used_gallons,10128,quality_check
A3323200425225003_fuel_used_gallons,A3323200425225003,332320,Nelson Lagoon,2024-10-01,2024,10,fuel_used_gallons,10835,quality_check
A3323200716225003_fuel_used_gallons,A3323200716225003,332320,Nelson Lagoon,2016-01-01,2016,1,fuel_used_gallons,8875,quality_check
A3323201123225003_fuel_used_gallons,A3323201123225003,332320,Nelson Lagoon,2023-05-01,2023,5,fuel_used_gallons,25196,quality_check
A3323201124225003_fuel_used_gallons,A3323201124225003,332320,Nelson Lagoon,2024-05-01,2024,5,fuel_used_gallons,9876,quality_check
A3323200325225003_diesel_kwh_generated,A3323200325225003,332320,Nelson Lagoon,2024-09-01,2024,9,diesel_kwh_generated,21769,quality_check
A3323200425225003_diesel_kwh_generated,A3323200425225003,332320,Nelson Lagoon,2024-10-01,2024,10,diesel_kwh_generated,24295,quality_check
A3323200716225003_diesel_kwh_generated,A3323200716225003,332320,Nelson Lagoon,2016-01-01,2016,1,diesel_kwh_generated,28271,quality_check
A3323201123225003_diesel_kwh_generated,A3323201123225003,332320,Nelson Lagoon,2023-05-01,2023,5,diesel_kwh_generated,25196,quality_check
A3323201124225003_diesel_kwh_generated,A3323201124225003,332320,Nelson Lagoon,2024-05-01,2024,5,diesel_kwh_generated,19015,quality_check
A3314800526225003_commercial_sold_to,A3314800526225003,331480,New Stuyahok,2025-11-01,2025,11,commercial_sold_to,-5399,quality_check
A3314800617225003_fuel_used_gallons,A3314800617225003,331480,New Stuyahok,2016-12-01,2016,12,fuel_used_gallons,1914,quality_check
A3314800618225003_fuel_used_gallons,A3314800618225003,331480,New Stuyahok,2017-12-01,2017,12,fuel_used_gallons,-9920,quality_check
A3314800623225003_fuel_used_gallons,A3314800623225003,331480,New Stuyahok,2022-12-01,2022,12,fuel_used_gallons,1875,quality_check
A3314800823225003_fuel_used_gallons,A3314800823225003,331480,New Stuyahok,2023-02-01,2023,2,fuel_used_gallons,879,quality_check
A3314800617225003_diesel_kwh_generated,A3314800617225003,331480,New Stuyahok,2016-12-01,2016,12,diesel_kwh_generated,141327,quality_check
A3314800618225003_diesel_kwh_generated,A3314800618225003,331480,New Stuyahok,2017-12-01,2017,12,diesel_kwh_generated,167035,quality_check
A3314800623225003_diesel_kwh_generated,A3314800623225003,331480,New Stuyahok,2022-12-01,2022,12,diesel_kwh_generated,173730,quality_check
A3314800823225003_diesel_kwh_generated,A3314800823225003,331480,New Stuyahok,2023-02-01,2023,2,diesel_kwh_generated,149320,quality_check
A3314801125225003_diesel_kwh_generated,A3314801125225003,331480,New Stuyahok,2025-05-01,2025,5,diesel_kwh_generated,146507,quality_check
A3314801223225003_diesel_kwh_generated,A3314801223225003,331480,New Stuyahok,2023-06-01,2023,6,diesel_kwh_generated,125477,quality_check
A3328700821225003_most_recent_fuel_purch_price,A3328700821225003,332870,Newtok,2021-02-01,2021,2,most_recent_fuel_purch_price,0.0698,quality_check
A3328700522225003_fuel_used_gallons,A3328700522225003,332870,Newtok,2021-11-01,2021,11,fuel_used_gallons,2670,quality_check
A3328700826225003_fuel_used_gallons,A3328700826225003,332870,Newtok,2026-02-01,2026,2,fuel_used_gallons,11669,quality_check
A3328700223225003_diesel_kwh_generated,A3328700223225003,332870,Newtok,2022-08-01,2022,8,diesel_kwh_generated,53205,quality_check
A3328700423225003_diesel_kwh_generated,A3328700423225003,332870,Newtok,2022-10-01,2022,10,diesel_kwh_generated,36572,quality_check
A3328700522225003_diesel_kwh_generated,A3328700522225003,332870,Newtok,2021-11-01,2021,11,diesel_kwh_generated,97658,quality_check
A3328700525225003_diesel_kwh_generated,A3328700525225003,332870,Newtok,2024-11-01,2024,11,diesel_kwh_generated,35592,quality_check
A3328700621225003_diesel_kwh_generated,A3328700621225003,332870,Newtok,2020-12-01,2020,12,diesel_kwh_generated,51658,quality_check
A3328700623225003_diesel_kwh_generated,A3328700623225003,332870,Newtok,2022-12-01,2022,12,diesel_kwh_generated,49338,quality_check
A3328700625225003_diesel_kwh_generated,A3328700625225003,332870,Newtok,2024-12-01,2024,12,diesel_kwh_generated,45550,quality_check
A3328700721225003_diesel_kwh_generated,A3328700721225003,332870,Newtok,2021-01-01,2021,1,diesel_kwh_generated,54158,quality_check
A3328700723225003_diesel_kwh_generated,A3328700723225003,332870,Newtok,2023-01-01,2023,1,diesel_kwh_generated,18429,quality_check
A3328700725225003_diesel_kwh_generated,A3328700725225003,332870,Newtok,2025-01-01,2025,1,diesel_kwh_generated,45593,quality_check
A3328700821225003_diesel_kwh_generated,A3328700821225003,332870,Newtok,2021-02-01,2021,2,diesel_kwh_generated,42337,quality_check
A3328701123225003_diesel_kwh_generated,A3328701123225003,332870,Newtok,2023-05-01,2023,5,diesel_kwh_generated,50519,quality_check
A3328701225225003_diesel_kwh_generated,A3328701225225003,332870,Newtok,2025-06-01,2025,6,diesel_kwh_generated,31393,quality_check
A3328700826225003_diesel_kwh_generated,A3328700826225003,332870,Newtok,2026-02-01,2026,2,diesel_kwh_generated,30539,quality_check
A3323300220225003_fuel_used_gallons,A3323300220225003,332330,Nikolai,2019-08-01,2019,8,fuel_used_gallons,659,quality_check
A3323300424225003_fuel_used_gallons,A3323300424225003,332330,Nikolai,2023-10-01,2023,10,fuel_used_gallons,1425,quality_check
A3323300726225003_fuel_used_gallons,A3323300726225003,332330,Nikolai,2026-01-01,2026,1,fuel_used_gallons,2561,quality_check
A3323300918225003_fuel_used_gallons,A3323300918225003,332330,Nikolai,2018-03-01,2018,3,fuel_used_gallons,1057,quality_check
A3323300220225003_diesel_kwh_generated,A3323300220225003,332330,Nikolai,2019-08-01,2019,8,diesel_kwh_generated,65152,quality_check
A3323300424225003_diesel_kwh_generated,A3323300424225003,332330,Nikolai,2023-10-01,2023,10,diesel_kwh_generated,57180,quality_check
A3323300526225003_diesel_kwh_generated,A3323300526225003,332330,Nikolai,2025-11-01,2025,11,diesel_kwh_generated,73351,quality_check
A3323300726225003_diesel_kwh_generated,A3323300726225003,332330,Nikolai,2026-01-01,2026,1,diesel_kwh_generated,90192,quality_check
A3323300918225003_diesel_kwh_generated,A3323300918225003,332330,Nikolai,2018-03-01,2018,3,diesel_kwh_generated,51817,quality_check
A3323301123225003_diesel_kwh_generated,A3323301123225003,332330,Nikolai,2023-05-01,2023,5,diesel_kwh_generated,35314,quality_check
A3323301223225003_diesel_kwh_generated,A3323301223225003,332330,Nikolai,2023-06-01,2023,6,diesel_kwh_generated,28490,quality_check
A3315000623225003_fuel_used_gallons,A3315000623225003,331500,Noatak,2022-12-01,2022,12,fuel_used_gallons,-3114,quality_check
A3315000823225003_fuel_used_gallons,A3315000823225003,331500,Noatak,2023-02-01,2023,2,fuel_used_gallons,954,quality_check
A3315000926225003_fuel_used_gallons,A3315000926225003,331500,Noatak,2026-03-01,2026,3,fuel_used_gallons,2716,quality_check
A3315000623225003_diesel_kwh_generated,A3315000623225003,331500,Noatak,2022-12-01,2022,12,diesel_kwh_generated,191301,quality_check
A3315000823225003_diesel_kwh_generated,A3315000823225003,331500,Noatak,2023-02-01,2023,2,diesel_kwh_generated,180761,quality_check
A3315000926225003_diesel_kwh_generated,A3315000926225003,331500,Noatak,2026-03-01,2026,3,diesel_kwh_generated,200417,quality_check
A3315001125225003_diesel_kwh_generated,A3315001125225003,331500,Noatak,2025-05-01,2025,5,diesel_kwh_generated,134754,quality_check
A3315001223225003_diesel_kwh_generated,A3315001223225003,331500,Noatak,2023-06-01,2023,6,diesel_kwh_generated,116881,quality_check
A3315000323225003_residential_rate,A3315000323225003,331500,Noatak,2022-09-01,2022,9,residential_rate,0.9922,quality_check
A3315000323225003_residential_rate,A3315000323225003,331500,Noatak,2022-09-01,2022,9,residential_rate,0.9922,quality_check
A3315001123225003_residential_rate,A3315001123225003,331500,Noatak,2023-05-01,2023,5,residential_rate,0.6678,quality_check
A3315001123225003_residential_rate,A3315001123225003,331500,Noatak,2023-05-01,2023,5,residential_rate,0.6678,quality_check
A3315001223225003_residential_rate,A3315001223225003,331500,Noatak,2023-06-01,2023,6,residential_rate,0.6678,quality_check
A3315001223225003_residential_rate,A3315001223225003,331500,Noatak,2023-06-01,2023,6,residential_rate,0.6678,quality_check
A3315100616225003_fuel_used_gallons,A3315100616225003,331510,Noorvik,2015-12-01,2015,12,fuel_used_gallons,-270,quality_check
A3315100823225003_fuel_used_gallons,A3315100823225003,331510,Noorvik,2023-02-01,2023,2,fuel_used_gallons,3799,quality_check
A3315100616225003_diesel_kwh_generated,A3315100616225003,331510,Noorvik,2015-12-01,2015,12,diesel_kwh_generated,205727,quality_check
A3315100823225003_diesel_kwh_generated,A3315100823225003,331510,Noorvik,2023-02-01,2023,2,diesel_kwh_generated,196026,quality_check
A3315101125225003_diesel_kwh_generated,A3315101125225003,331510,Noorvik,2025-05-01,2025,5,diesel_kwh_generated,163053,quality_check
A3315101223225003_diesel_kwh_generated,A3315101223225003,331510,Noorvik,2023-06-01,2023,6,diesel_kwh_generated,129004,quality_check
A3323800223225003_fuel_used_gallons,A3323800223225003,332380,Nuiqsut,2022-08-01,2022,8,fuel_used_gallons,13322,quality_check
A3323800322225003_fuel_used_gallons,A3323800322225003,332380,Nuiqsut,2021-09-01,2021,9,fuel_used_gallons,9936,quality_check
A3323800123225003_fuel_used_gallons,A3323800123225003,332380,Nuiqsut,2022-07-01,2022,7,fuel_used_gallons,25390,quality_check
A3323800717225003_fuel_used_gallons,A3323800717225003,332380,Nuiqsut,2017-01-01,2017,1,fuel_used_gallons,3118,quality_check
A3323800223225003_diesel_kwh_generated,A3323800223225003,332380,Nuiqsut,2022-08-01,2022,8,diesel_kwh_generated,498809,quality_check
A3323800316225003_diesel_kwh_generated,A3323800316225003,332380,Nuiqsut,2015-09-01,2015,9,diesel_kwh_generated,2110,quality_check
A3323800322225003_diesel_kwh_generated,A3323800322225003,332380,Nuiqsut,2021-09-01,2021,9,diesel_kwh_generated,361462,quality_check
A3323800425225003_diesel_kwh_generated,A3323800425225003,332380,Nuiqsut,2024-10-01,2024,10,diesel_kwh_generated,21817,quality_check
A3323800123225003_diesel_kwh_generated,A3323800123225003,332380,Nuiqsut,2022-07-01,2022,7,diesel_kwh_generated,27083,quality_check
A3323800717225003_diesel_kwh_generated,A3323800717225003,332380,Nuiqsut,2017-01-01,2017,1,diesel_kwh_generated,214,quality_check
A3323800117225003_residential_rate,A3323800117225003,332380,Nuiqsut,2016-07-01,2016,7,residential_rate,0.08,quality_check
A3323800117225003_residential_rate,A3323800117225003,332380,Nuiqsut,2016-07-01,2016,7,residential_rate,0.08,quality_check
A3323800118225003_residential_rate,A3323800118225003,332380,Nuiqsut,2017-07-01,2017,7,residential_rate,0.08,quality_check
A3323800118225003_residential_rate,A3323800118225003,332380,Nuiqsut,2017-07-01,2017,7,residential_rate,0.08,quality_check
A3323800123225003_residential_rate,A3323800123225003,332380,Nuiqsut,2022-07-01,2022,7,residential_rate,0.08,quality_check
A3323800124225003_residential_rate,A3323800124225003,332380,Nuiqsut,2023-07-01,2023,7,residential_rate,0.08,quality_check
A3323800124225003_residential_rate,A3323800124225003,332380,Nuiqsut,2023-07-01,2023,7,residential_rate,0.08,quality_check
A3323800125225003_residential_rate,A3323800125225003,332380,Nuiqsut,2024-07-01,2024,7,residential_rate,0.08,quality_check
A3323800125225003_residential_rate,A3323800125225003,332380,Nuiqsut,2024-07-01,2024,7,residential_rate,0.08,quality_check
A3323800126225003_residential_rate,A3323800126225003,332380,Nuiqsut,2025-07-01,2025,7,residential_rate,0.08,quality_check
A3323800216225003_residential_rate,A3323800216225003,332380,Nuiqsut,2015-08-01,2015,8,residential_rate,0.08,quality_check
A3323800216225003_residential_rate,A3323800216225003,332380,Nuiqsut,2015-08-01,2015,8,residential_rate,0.08,quality_check
A3323800217225003_residential_rate,A3323800217225003,332380,Nuiqsut,2016-08-01,2016,8,residential_rate,0.08,quality_check
A3323800217225003_residential_rate,A3323800217225003,332380,Nuiqsut,2016-08-01,2016,8,residential_rate,0.08,quality_check
A3323800218225003_residential_rate,A3323800218225003,332380,Nuiqsut,2017-08-01,2017,8,residential_rate,0.15,quality_check
A3323800223225003_residential_rate,A3323800223225003,332380,Nuiqsut,2022-08-01,2022,8,residential_rate,0.08,quality_check
A3323800223225003_residential_rate,A3323800223225003,332380,Nuiqsut,2022-08-01,2022,8,residential_rate,0.08,quality_check
A3323800224225003_residential_rate,A3323800224225003,332380,Nuiqsut,2023-08-01,2023,8,residential_rate,0.08,quality_check
A3323800224225003_residential_rate,A3323800224225003,332380,Nuiqsut,2023-08-01,2023,8,residential_rate,0.08,quality_check
A3323800225225003_residential_rate,A3323800225225003,332380,Nuiqsut,2024-08-01,2024,8,residential_rate,0.08,quality_check
A3323800225225003_residential_rate,A3323800225225003,332380,Nuiqsut,2024-08-01,2024,8,residential_rate,0.08,quality_check
A3323800226225003_residential_rate,A3323800226225003,332380,Nuiqsut,2025-08-01,2025,8,residential_rate,0.08,quality_check
A3323800316225003_residential_rate,A3323800316225003,332380,Nuiqsut,2015-09-01,2015,9,residential_rate,0.08,quality_check
A3323800316225003_residential_rate,A3323800316225003,332380,Nuiqsut,2015-09-01,2015,9,residential_rate,0.08,quality_check
A3323800317225003_residential_rate,A3323800317225003,332380,Nuiqsut,2016-09-01,2016,9,residential_rate,0.08,quality_check
A3323800317225003_residential_rate,A3323800317225003,332380,Nuiqsut,2016-09-01,2016,9,residential_rate,0.08,quality_check
A3323800318225003_residential_rate,A3323800318225003,332380,Nuiqsut,2017-09-01,2017,9,residential_rate,8e-4,quality_check
A3323800323225003_residential_rate,A3323800323225003,332380,Nuiqsut,2022-09-01,2022,9,residential_rate,0.08,quality_check
A3323800323225003_residential_rate,A3323800323225003,332380,Nuiqsut,2022-09-01,2022,9,residential_rate,0.08,quality_check
A3323800324225003_residential_rate,A3323800324225003,332380,Nuiqsut,2023-09-01,2023,9,residential_rate,0.08,quality_check
A3323800324225003_residential_rate,A3323800324225003,332380,Nuiqsut,2023-09-01,2023,9,residential_rate,0.08,quality_check
A3323800325225003_residential_rate,A3323800325225003,332380,Nuiqsut,2024-09-01,2024,9,residential_rate,0.08,quality_check
A3323800325225003_residential_rate,A3323800325225003,332380,Nuiqsut,2024-09-01,2024,9,residential_rate,0.08,quality_check
A3323800326225003_residential_rate,A3323800326225003,332380,Nuiqsut,2025-09-01,2025,9,residential_rate,0.08,quality_check
A3323800416225003_residential_rate,A3323800416225003,332380,Nuiqsut,2015-10-01,2015,10,residential_rate,0.08,quality_check
A3323800416225003_residential_rate,A3323800416225003,332380,Nuiqsut,2015-10-01,2015,10,residential_rate,0.08,quality_check
A3323800417225003_residential_rate,A3323800417225003,332380,Nuiqsut,2016-10-01,2016,10,residential_rate,0.08,quality_check
A3323800417225003_residential_rate,A3323800417225003,332380,Nuiqsut,2016-10-01,2016,10,residential_rate,0.08,quality_check
A3323800423225003_residential_rate,A3323800423225003,332380,Nuiqsut,2022-10-01,2022,10,residential_rate,0.08,quality_check
A3323800423225003_residential_rate,A3323800423225003,332380,Nuiqsut,2022-10-01,2022,10,residential_rate,0.08,quality_check
A3323800424225003_residential_rate,A3323800424225003,332380,Nuiqsut,2023-10-01,2023,10,residential_rate,0.08,quality_check
A3323800424225003_residential_rate,A3323800424225003,332380,Nuiqsut,2023-10-01,2023,10,residential_rate,0.08,quality_check
A3323800425225003_residential_rate,A3323800425225003,332380,Nuiqsut,2024-10-01,2024,10,residential_rate,0.08,quality_check
A3323800425225003_residential_rate,A3323800425225003,332380,Nuiqsut,2024-10-01,2024,10,residential_rate,0.08,quality_check
A3323800426225003_residential_rate,A3323800426225003,332380,Nuiqsut,2025-10-01,2025,10,residential_rate,0.08,quality_check
A3323800516225003_residential_rate,A3323800516225003,332380,Nuiqsut,2015-11-01,2015,11,residential_rate,0.08,quality_check
A3323800516225003_residential_rate,A3323800516225003,332380,Nuiqsut,2015-11-01,2015,11,residential_rate,0.08,quality_check
A3323800517225003_residential_rate,A3323800517225003,332380,Nuiqsut,2016-11-01,2016,11,residential_rate,0.08,quality_check
A3323800517225003_residential_rate,A3323800517225003,332380,Nuiqsut,2016-11-01,2016,11,residential_rate,0.08,quality_check
A3323800523225003_residential_rate,A3323800523225003,332380,Nuiqsut,2022-11-01,2022,11,residential_rate,0.08,quality_check
A3323800523225003_residential_rate,A3323800523225003,332380,Nuiqsut,2022-11-01,2022,11,residential_rate,0.08,quality_check
A3323800524225003_residential_rate,A3323800524225003,332380,Nuiqsut,2023-11-01,2023,11,residential_rate,0.08,quality_check
A3323800524225003_residential_rate,A3323800524225003,332380,Nuiqsut,2023-11-01,2023,11,residential_rate,0.08,quality_check
A3323800525225003_residential_rate,A3323800525225003,332380,Nuiqsut,2024-11-01,2024,11,residential_rate,0.08,quality_check
A3323800525225003_residential_rate,A3323800525225003,332380,Nuiqsut,2024-11-01,2024,11,residential_rate,0.08,quality_check
A3323800526225003_residential_rate,A3323800526225003,332380,Nuiqsut,2025-11-01,2025,11,residential_rate,0.08,quality_check
A3323800616225003_residential_rate,A3323800616225003,332380,Nuiqsut,2015-12-01,2015,12,residential_rate,0.08,quality_check
A3323800616225003_residential_rate,A3323800616225003,332380,Nuiqsut,2015-12-01,2015,12,residential_rate,0.08,quality_check
A3323800617225003_residential_rate,A3323800617225003,332380,Nuiqsut,2016-12-01,2016,12,residential_rate,0.08,quality_check
A3323800617225003_residential_rate,A3323800617225003,332380,Nuiqsut,2016-12-01,2016,12,residential_rate,0.08,quality_check
A3323800623225003_residential_rate,A3323800623225003,332380,Nuiqsut,2022-12-01,2022,12,residential_rate,0.08,quality_check
A3323800623225003_residential_rate,A3323800623225003,332380,Nuiqsut,2022-12-01,2022,12,residential_rate,0.08,quality_check
A3323800624225003_residential_rate,A3323800624225003,332380,Nuiqsut,2023-12-01,2023,12,residential_rate,0.08,quality_check
A3323800624225003_residential_rate,A3323800624225003,332380,Nuiqsut,2023-12-01,2023,12,residential_rate,0.08,quality_check
A3323800625225003_residential_rate,A3323800625225003,332380,Nuiqsut,2024-12-01,2024,12,residential_rate,0.08,quality_check
A3323800625225003_residential_rate,A3323800625225003,332380,Nuiqsut,2024-12-01,2024,12,residential_rate,0.08,quality_check
A3323800626225003_residential_rate,A3323800626225003,332380,Nuiqsut,2025-12-01,2025,12,residential_rate,0.08,quality_check
A3323800716225003_residential_rate,A3323800716225003,332380,Nuiqsut,2016-01-01,2016,1,residential_rate,0.08,quality_check
A3323800716225003_residential_rate,A3323800716225003,332380,Nuiqsut,2016-01-01,2016,1,residential_rate,0.08,quality_check
A3323800717225003_residential_rate,A3323800717225003,332380,Nuiqsut,2017-01-01,2017,1,residential_rate,0.08,quality_check
A3323800717225003_residential_rate,A3323800717225003,332380,Nuiqsut,2017-01-01,2017,1,residential_rate,0.08,quality_check
A3323800723225003_residential_rate,A3323800723225003,332380,Nuiqsut,2023-01-01,2023,1,residential_rate,0.08,quality_check
A3323800723225003_residential_rate,A3323800723225003,332380,Nuiqsut,2023-01-01,2023,1,residential_rate,0.08,quality_check
A3323800724225003_residential_rate,A3323800724225003,332380,Nuiqsut,2024-01-01,2024,1,residential_rate,0.08,quality_check
A3323800724225003_residential_rate,A3323800724225003,332380,Nuiqsut,2024-01-01,2024,1,residential_rate,0.08,quality_check
A3323800725225003_residential_rate,A3323800725225003,332380,Nuiqsut,2025-01-01,2025,1,residential_rate,0.08,quality_check
A3323800725225003_residential_rate,A3323800725225003,332380,Nuiqsut,2025-01-01,2025,1,residential_rate,0.08,quality_check
A3323800726225003_residential_rate,A3323800726225003,332380,Nuiqsut,2026-01-01,2026,1,residential_rate,0.08,quality_check
A3323800816225003_residential_rate,A3323800816225003,332380,Nuiqsut,2016-02-01,2016,2,residential_rate,0.08,quality_check
A3323800816225003_residential_rate,A3323800816225003,332380,Nuiqsut,2016-02-01,2016,2,residential_rate,0.08,quality_check
A3323800817225003_residential_rate,A3323800817225003,332380,Nuiqsut,2017-02-01,2017,2,residential_rate,0.08,quality_check
A3323800817225003_residential_rate,A3323800817225003,332380,Nuiqsut,2017-02-01,2017,2,residential_rate,0.08,quality_check
A3323800823225003_residential_rate,A3323800823225003,332380,Nuiqsut,2023-02-01,2023,2,residential_rate,0.08,quality_check
A3323800823225003_residential_rate,A3323800823225003,332380,Nuiqsut,2023-02-01,2023,2,residential_rate,0.08,quality_check
A3323800824225003_residential_rate,A3323800824225003,332380,Nuiqsut,2024-02-01,2024,2,residential_rate,0.08,quality_check
A3323800824225003_residential_rate,A3323800824225003,332380,Nuiqsut,2024-02-01,2024,2,residential_rate,0.08,quality_check
A3323800825225003_residential_rate,A3323800825225003,332380,Nuiqsut,2025-02-01,2025,2,residential_rate,0.08,quality_check
A3323800825225003_residential_rate,A3323800825225003,332380,Nuiqsut,2025-02-01,2025,2,residential_rate,0.08,quality_check
A3323800826225003_residential_rate,A3323800826225003,332380,Nuiqsut,2026-02-01,2026,2,residential_rate,0.08,quality_check
A3323800916225003_residential_rate,A3323800916225003,332380,Nuiqsut,2016-03-01,2016,3,residential_rate,0.08,quality_check
A3323800916225003_residential_rate,A3323800916225003,332380,Nuiqsut,2016-03-01,2016,3,residential_rate,0.08,quality_check
A3323800917225003_residential_rate,A3323800917225003,332380,Nuiqsut,2017-03-01,2017,3,residential_rate,0.08,quality_check
A3323800917225003_residential_rate,A3323800917225003,332380,Nuiqsut,2017-03-01,2017,3,residential_rate,0.08,quality_check
A3323800919225003_residential_rate,A3323800919225003,332380,Nuiqsut,2019-03-01,2019,3,residential_rate,0.08,quality_check
A3323800919225003_residential_rate,A3323800919225003,332380,Nuiqsut,2019-03-01,2019,3,residential_rate,0.08,quality_check
A3323800921225003_residential_rate,A3323800921225003,332380,Nuiqsut,2021-03-01,2021,3,residential_rate,0.08,quality_check
A3323800922225003_residential_rate,A3323800922225003,332380,Nuiqsut,2022-03-01,2022,3,residential_rate,0.08,quality_check
A3323800923225003_residential_rate,A3323800923225003,332380,Nuiqsut,2023-03-01,2023,3,residential_rate,0.08,quality_check
A3323800923225003_residential_rate,A3323800923225003,332380,Nuiqsut,2023-03-01,2023,3,residential_rate,0.08,quality_check
A3323800924225003_residential_rate,A3323800924225003,332380,Nuiqsut,2024-03-01,2024,3,residential_rate,0.08,quality_check
A3323800924225003_residential_rate,A3323800924225003,332380,Nuiqsut,2024-03-01,2024,3,residential_rate,0.08,quality_check
A3323800925225003_residential_rate,A3323800925225003,332380,Nuiqsut,2025-03-01,2025,3,residential_rate,0.08,quality_check
A3323800925225003_residential_rate,A3323800925225003,332380,Nuiqsut,2025-03-01,2025,3,residential_rate,0.08,quality_check
A3323800926225003_residential_rate,A3323800926225003,332380,Nuiqsut,2026-03-01,2026,3,residential_rate,0.08,quality_check
A3323801016225003_residential_rate,A3323801016225003,332380,Nuiqsut,2016-04-01,2016,4,residential_rate,0.08,quality_check
A3323801016225003_residential_rate,A3323801016225003,332380,Nuiqsut,2016-04-01,2016,4,residential_rate,0.08,quality_check
A3323801017225003_residential_rate,A3323801017225003,332380,Nuiqsut,2017-04-01,2017,4,residential_rate,0.08,quality_check
A3323801017225003_residential_rate,A3323801017225003,332380,Nuiqsut,2017-04-01,2017,4,residential_rate,0.08,quality_check
A3323801019225003_residential_rate,A3323801019225003,332380,Nuiqsut,2019-04-01,2019,4,residential_rate,0.08,quality_check
A3323801019225003_residential_rate,A3323801019225003,332380,Nuiqsut,2019-04-01,2019,4,residential_rate,0.08,quality_check
A3323801021225003_residential_rate,A3323801021225003,332380,Nuiqsut,2021-04-01,2021,4,residential_rate,0.08,quality_check
A3323801022225003_residential_rate,A3323801022225003,332380,Nuiqsut,2022-04-01,2022,4,residential_rate,0.08,quality_check
A3323801023225003_residential_rate,A3323801023225003,332380,Nuiqsut,2023-04-01,2023,4,residential_rate,0.08,quality_check
A3323801023225003_residential_rate,A3323801023225003,332380,Nuiqsut,2023-04-01,2023,4,residential_rate,0.08,quality_check
A3323801024225003_residential_rate,A3323801024225003,332380,Nuiqsut,2024-04-01,2024,4,residential_rate,0.08,quality_check
A3323801024225003_residential_rate,A3323801024225003,332380,Nuiqsut,2024-04-01,2024,4,residential_rate,0.08,quality_check
A3323801025225003_residential_rate,A3323801025225003,332380,Nuiqsut,2025-04-01,2025,4,residential_rate,0.0818,quality_check
A3323801026225003_residential_rate,A3323801026225003,332380,Nuiqsut,2026-04-01,2026,4,residential_rate,0.08,quality_check
A3323801116225003_residential_rate,A3323801116225003,332380,Nuiqsut,2016-05-01,2016,5,residential_rate,0.08,quality_check
A3323801116225003_residential_rate,A3323801116225003,332380,Nuiqsut,2016-05-01,2016,5,residential_rate,0.08,quality_check
A3323801117225003_residential_rate,A3323801117225003,332380,Nuiqsut,2017-05-01,2017,5,residential_rate,0.08,quality_check
A3323801117225003_residential_rate,A3323801117225003,332380,Nuiqsut,2017-05-01,2017,5,residential_rate,0.08,quality_check
A3323801119225003_residential_rate,A3323801119225003,332380,Nuiqsut,2019-05-01,2019,5,residential_rate,0.08,quality_check
A3323801119225003_residential_rate,A3323801119225003,332380,Nuiqsut,2019-05-01,2019,5,residential_rate,0.08,quality_check
A3323801121225003_residential_rate,A3323801121225003,332380,Nuiqsut,2021-05-01,2021,5,residential_rate,0.08,quality_check
A3323801122225003_residential_rate,A3323801122225003,332380,Nuiqsut,2022-05-01,2022,5,residential_rate,0.08,quality_check
A3323801123225003_residential_rate,A3323801123225003,332380,Nuiqsut,2023-05-01,2023,5,residential_rate,0.08,quality_check
A3323801123225003_residential_rate,A3323801123225003,332380,Nuiqsut,2023-05-01,2023,5,residential_rate,0.08,quality_check
A3323801124225003_residential_rate,A3323801124225003,332380,Nuiqsut,2024-05-01,2024,5,residential_rate,0.08,quality_check
A3323801124225003_residential_rate,A3323801124225003,332380,Nuiqsut,2024-05-01,2024,5,residential_rate,0.08,quality_check
A3323801125225003_residential_rate,A3323801125225003,332380,Nuiqsut,2025-05-01,2025,5,residential_rate,0.0818,quality_check
A3323801126225003_residential_rate,A3323801126225003,332380,Nuiqsut,2026-05-01,2026,5,residential_rate,0.08,quality_check
A3323801216225003_residential_rate,A3323801216225003,332380,Nuiqsut,2016-06-01,2016,6,residential_rate,0.08,quality_check
A3323801216225003_residential_rate,A3323801216225003,332380,Nuiqsut,2016-06-01,2016,6,residential_rate,0.08,quality_check
A3323801217225003_residential_rate,A3323801217225003,332380,Nuiqsut,2017-06-01,2017,6,residential_rate,0.08,quality_check
A3323801217225003_residential_rate,A3323801217225003,332380,Nuiqsut,2017-06-01,2017,6,residential_rate,0.08,quality_check
A3323801221225003_residential_rate,A3323801221225003,332380,Nuiqsut,2021-06-01,2021,6,residential_rate,0.08,quality_check
A3323801222225003_residential_rate,A3323801222225003,332380,Nuiqsut,2022-06-01,2022,6,residential_rate,0.08,quality_check
A3323801223225003_residential_rate,A3323801223225003,332380,Nuiqsut,2023-06-01,2023,6,residential_rate,0.08,quality_check
A3323801223225003_residential_rate,A3323801223225003,332380,Nuiqsut,2023-06-01,2023,6,residential_rate,0.08,quality_check
A3323801224225003_residential_rate,A3323801224225003,332380,Nuiqsut,2024-06-01,2024,6,residential_rate,0.08,quality_check
A3323801224225003_residential_rate,A3323801224225003,332380,Nuiqsut,2024-06-01,2024,6,residential_rate,0.08,quality_check
A3323801225225003_residential_rate,A3323801225225003,332380,Nuiqsut,2025-06-01,2025,6,residential_rate,0.08,quality_check
A3323801225225003_residential_rate,A3323801225225003,332380,Nuiqsut,2025-06-01,2025,6,residential_rate,0.08,quality_check
A3323801226225003_residential_rate,A3323801226225003,332380,Nuiqsut,2026-06-01,2026,6,residential_rate,0.08,quality_check
A3315200616225003_fuel_used_gallons,A3315200616225003,331520,Nulato,2015-12-01,2015,12,fuel_used_gallons,-200,quality_check
A3315200617225003_fuel_used_gallons,A3315200617225003,331520,Nulato,2016-12-01,2016,12,fuel_used_gallons,2363,quality_check
A3315200618225003_fuel_used_gallons,A3315200618225003,331520,Nulato,2017-12-01,2017,12,fuel_used_gallons,-5464,quality_check
A3315200620225003_fuel_used_gallons,A3315200620225003,331520,Nulato,2019-12-01,2019,12,fuel_used_gallons,-2619,quality_check
A3315200621225003_fuel_used_gallons,A3315200621225003,331520,Nulato,2020-12-01,2020,12,fuel_used_gallons,2544,quality_check
A3315200623225003_fuel_used_gallons,A3315200623225003,331520,Nulato,2022-12-01,2022,12,fuel_used_gallons,-12748,quality_check
A3315200823225003_fuel_used_gallons,A3315200823225003,331520,Nulato,2023-02-01,2023,2,fuel_used_gallons,583,quality_check
A3315200616225003_diesel_kwh_generated,A3315200616225003,331520,Nulato,2015-12-01,2015,12,diesel_kwh_generated,103281,quality_check
A3315200617225003_diesel_kwh_generated,A3315200617225003,331520,Nulato,2016-12-01,2016,12,diesel_kwh_generated,110343,quality_check
A3315200618225003_diesel_kwh_generated,A3315200618225003,331520,Nulato,2017-12-01,2017,12,diesel_kwh_generated,97074,quality_check
A3315200620225003_diesel_kwh_generated,A3315200620225003,331520,Nulato,2019-12-01,2019,12,diesel_kwh_generated,102865,quality_check
A3315200621225003_diesel_kwh_generated,A3315200621225003,331520,Nulato,2020-12-01,2020,12,diesel_kwh_generated,109726,quality_check
A3315200623225003_diesel_kwh_generated,A3315200623225003,331520,Nulato,2022-12-01,2022,12,diesel_kwh_generated,104504,quality_check
A3315200823225003_diesel_kwh_generated,A3315200823225003,331520,Nulato,2023-02-01,2023,2,diesel_kwh_generated,92356,quality_check
A3315201125225003_diesel_kwh_generated,A3315201125225003,331520,Nulato,2025-05-01,2025,5,diesel_kwh_generated,89184,quality_check
A3315201223225003_diesel_kwh_generated,A3315201223225003,331520,Nulato,2023-06-01,2023,6,diesel_kwh_generated,69790,quality_check
A3315201223225003_residential_rate,A3315201223225003,331520,Nulato,2023-06-01,2023,6,residential_rate,0.7676,quality_check
A3315300425225003_commercial_sold_to,A3315300425225003,331530,Nunapitchuk,2024-10-01,2024,10,commercial_sold_to,-50916,quality_check
A3315400616225003_fuel_used_gallons,A3315400616225003,331540,Old Harbor,2015-12-01,2015,12,fuel_used_gallons,823,quality_check
A3315400618225003_fuel_used_gallons,A3315400618225003,331540,Old Harbor,2017-12-01,2017,12,fuel_used_gallons,1183,quality_check
A3315400619225003_fuel_used_gallons,A3315400619225003,331540,Old Harbor,2018-12-01,2018,12,fuel_used_gallons,1928,quality_check
A3315400620225003_fuel_used_gallons,A3315400620225003,331540,Old Harbor,2019-12-01,2019,12,fuel_used_gallons,-2467,quality_check
A3315400623225003_fuel_used_gallons,A3315400623225003,331540,Old Harbor,2022-12-01,2022,12,fuel_used_gallons,1824,quality_check
A3315400823225003_fuel_used_gallons,A3315400823225003,331540,Old Harbor,2023-02-01,2023,2,fuel_used_gallons,195,quality_check
A3315400616225003_diesel_kwh_generated,A3315400616225003,331540,Old Harbor,2015-12-01,2015,12,diesel_kwh_generated,74224,quality_check
A3315400618225003_diesel_kwh_generated,A3315400618225003,331540,Old Harbor,2017-12-01,2017,12,diesel_kwh_generated,77414,quality_check
A3315400619225003_diesel_kwh_generated,A3315400619225003,331540,Old Harbor,2018-12-01,2018,12,diesel_kwh_generated,77578,quality_check
A3315400620225003_diesel_kwh_generated,A3315400620225003,331540,Old Harbor,2019-12-01,2019,12,diesel_kwh_generated,76706,quality_check
A3315400623225003_diesel_kwh_generated,A3315400623225003,331540,Old Harbor,2022-12-01,2022,12,diesel_kwh_generated,67121,quality_check
A3315400823225003_diesel_kwh_generated,A3315400823225003,331540,Old Harbor,2023-02-01,2023,2,diesel_kwh_generated,59571,quality_check
A3315401125225003_diesel_kwh_generated,A3315401125225003,331540,Old Harbor,2025-05-01,2025,5,diesel_kwh_generated,65622,quality_check
A3315401223225003_diesel_kwh_generated,A3315401223225003,331540,Old Harbor,2023-06-01,2023,6,diesel_kwh_generated,61758,quality_check
A3324400417225003_fuel_used_gallons,A3324400417225003,332440,Ouzinkie,2016-10-01,2016,10,fuel_used_gallons,2209,quality_check
A3324401223225003_diesel_kwh_generated,A3324401223225003,332440,Ouzinkie,2023-06-01,2023,6,diesel_kwh_generated,5400,quality_check
A3324400417225003_diesel_kwh_generated,A3324400417225003,332440,Ouzinkie,2016-10-01,2016,10,diesel_kwh_generated,5741,quality_check
A3324400826225003_residential_rate,A3324400826225003,332440,Ouzinkie,2026-02-01,2026,2,residential_rate,5.73,quality_check
A3324400826225003_residential_rate,A3324400826225003,332440,Ouzinkie,2026-02-01,2026,2,residential_rate,5.73,quality_check
A3324400826225003_residential_rate,A3324400826225003,332440,Ouzinkie,2026-02-01,2026,2,residential_rate,5.73,quality_check
A3324401223225003_residential_rate,A3324401223225003,332440,Ouzinkie,2023-06-01,2023,6,residential_rate,9.99,quality_check
A3324401223225003_residential_rate,A3324401223225003,332440,Ouzinkie,2023-06-01,2023,6,residential_rate,9.99,quality_check
A3324401223225003_residential_rate,A3324401223225003,332440,Ouzinkie,2023-06-01,2023,6,residential_rate,9.99,quality_check
A3324600117225003_diesel_kwh_generated,A3324600117225003,332460,Pelican,2016-07-01,2016,7,diesel_kwh_generated,25914,quality_check
A3324600217225003_diesel_kwh_generated,A3324600217225003,332460,Pelican,2016-08-01,2016,8,diesel_kwh_generated,38172,quality_check
A3324600416225003_diesel_kwh_generated,A3324600416225003,332460,Pelican,2015-10-01,2015,10,diesel_kwh_generated,632,quality_check
A3324600617225003_diesel_kwh_generated,A3324600617225003,332460,Pelican,2016-12-01,2016,12,diesel_kwh_generated,257720,quality_check
A3324600123225003_residential_rate,A3324600123225003,332460,Pelican,2022-07-01,2022,7,residential_rate,0.2611,quality_check
A3324600124225003_residential_rate,A3324600124225003,332460,Pelican,2023-07-01,2023,7,residential_rate,0.2541,quality_check
A3324600223225003_residential_rate,A3324600223225003,332460,Pelican,2022-08-01,2022,8,residential_rate,0.2611,quality_check
A3324600224225003_residential_rate,A3324600224225003,332460,Pelican,2023-08-01,2023,8,residential_rate,0.2541,quality_check
A3324600323225003_residential_rate,A3324600323225003,332460,Pelican,2022-09-01,2022,9,residential_rate,0.2611,quality_check
A3324600324225003_residential_rate,A3324600324225003,332460,Pelican,2023-09-01,2023,9,residential_rate,0.2541,quality_check
A3324600423225003_residential_rate,A3324600423225003,332460,Pelican,2022-10-01,2022,10,residential_rate,0.2541,quality_check
A3324600424225003_residential_rate,A3324600424225003,332460,Pelican,2023-10-01,2023,10,residential_rate,0.2541,quality_check
A3324600523225003_residential_rate,A3324600523225003,332460,Pelican,2022-11-01,2022,11,residential_rate,0.2541,quality_check
A3324600524225003_residential_rate,A3324600524225003,332460,Pelican,2023-11-01,2023,11,residential_rate,0.2541,quality_check
A3324600623225003_residential_rate,A3324600623225003,332460,Pelican,2022-12-01,2022,12,residential_rate,0.2541,quality_check
A3324600624225003_residential_rate,A3324600624225003,332460,Pelican,2023-12-01,2023,12,residential_rate,0.2541,quality_check
A3324600723225003_residential_rate,A3324600723225003,332460,Pelican,2023-01-01,2023,1,residential_rate,0.2541,quality_check
A3324600724225003_residential_rate,A3324600724225003,332460,Pelican,2024-01-01,2024,1,residential_rate,0.2541,quality_check
A3324600823225003_residential_rate,A3324600823225003,332460,Pelican,2023-02-01,2023,2,residential_rate,0.2541,quality_check
A3324600824225003_residential_rate,A3324600824225003,332460,Pelican,2024-02-01,2024,2,residential_rate,0.2541,quality_check
A3324600923225003_residential_rate,A3324600923225003,332460,Pelican,2023-03-01,2023,3,residential_rate,0.2541,quality_check
A3324600924225003_residential_rate,A3324600924225003,332460,Pelican,2024-03-01,2024,3,residential_rate,0.2541,quality_check
A3324601024225003_residential_rate,A3324601024225003,332460,Pelican,2024-04-01,2024,4,residential_rate,0.2541,quality_check
A3324601222225003_residential_rate,A3324601222225003,332460,Pelican,2022-06-01,2022,6,residential_rate,0.2611,quality_check
A3324700116225003_fuel_used_gallons,A3324700116225003,332470,Perryville,2015-07-01,2015,7,fuel_used_gallons,1063,quality_check
A3324700119225003_fuel_used_gallons,A3324700119225003,332470,Perryville,2018-07-01,2018,7,fuel_used_gallons,2361,quality_check
A3324700219225003_fuel_used_gallons,A3324700219225003,332470,Perryville,2018-08-01,2018,8,fuel_used_gallons,3087,quality_check
A3324700319225003_fuel_used_gallons,A3324700319225003,332470,Perryville,2018-09-01,2018,9,fuel_used_gallons,2721,quality_check
A3324700419225003_fuel_used_gallons,A3324700419225003,332470,Perryville,2018-10-01,2018,10,fuel_used_gallons,2998,quality_check
A3324701019225003_fuel_used_gallons,A3324701019225003,332470,Perryville,2019-04-01,2019,4,fuel_used_gallons,3028,quality_check
A3324701119225003_fuel_used_gallons,A3324701119225003,332470,Perryville,2019-05-01,2019,5,fuel_used_gallons,3086,quality_check
A3324701219225003_fuel_used_gallons,A3324701219225003,332470,Perryville,2019-06-01,2019,6,fuel_used_gallons,2285,quality_check
A3324700116225003_diesel_kwh_generated,A3324700116225003,332470,Perryville,2015-07-01,2015,7,diesel_kwh_generated,39760,quality_check
A3324700119225003_diesel_kwh_generated,A3324700119225003,332470,Perryville,2018-07-01,2018,7,diesel_kwh_generated,106080,quality_check
A3324700219225003_diesel_kwh_generated,A3324700219225003,332470,Perryville,2018-08-01,2018,8,diesel_kwh_generated,123920,quality_check
A3324700319225003_diesel_kwh_generated,A3324700319225003,332470,Perryville,2018-09-01,2018,9,diesel_kwh_generated,101280,quality_check
A3324700419225003_diesel_kwh_generated,A3324700419225003,332470,Perryville,2018-10-01,2018,10,diesel_kwh_generated,102400,quality_check
A3324701019225003_diesel_kwh_generated,A3324701019225003,332470,Perryville,2019-04-01,2019,4,diesel_kwh_generated,108320,quality_check
A3324701119225003_diesel_kwh_generated,A3324701119225003,332470,Perryville,2019-05-01,2019,5,diesel_kwh_generated,128240,quality_check
A3324701219225003_diesel_kwh_generated,A3324701219225003,332470,Perryville,2019-06-01,2019,6,diesel_kwh_generated,109040,quality_check
A3315501018225003_residential_sold_to,A3315501018225003,331550,Pilot Station,2018-04-01,2018,4,residential_sold_to,-940682,quality_check
A3315500618225003_fuel_used_gallons,A3315500618225003,331550,Pilot Station,2017-12-01,2017,12,fuel_used_gallons,4771,quality_check
A3315500619225003_fuel_used_gallons,A3315500619225003,331550,Pilot Station,2018-12-01,2018,12,fuel_used_gallons,-313,quality_check
A3315500620225003_fuel_used_gallons,A3315500620225003,331550,Pilot Station,2019-12-01,2019,12,fuel_used_gallons,500,quality_check
A3315500621225003_fuel_used_gallons,A3315500621225003,331550,Pilot Station,2020-12-01,2020,12,fuel_used_gallons,1117,quality_check
A3315500623225003_fuel_used_gallons,A3315500623225003,331550,Pilot Station,2022-12-01,2022,12,fuel_used_gallons,-26625,quality_check
A3315500823225003_fuel_used_gallons,A3315500823225003,331550,Pilot Station,2023-02-01,2023,2,fuel_used_gallons,3505,quality_check
A3315500618225003_diesel_kwh_generated,A3315500618225003,331550,Pilot Station,2017-12-01,2017,12,diesel_kwh_generated,176189,quality_check
A3315500619225003_diesel_kwh_generated,A3315500619225003,331550,Pilot Station,2018-12-01,2018,12,diesel_kwh_generated,185387,quality_check
A3315500620225003_diesel_kwh_generated,A3315500620225003,331550,Pilot Station,2019-12-01,2019,12,diesel_kwh_generated,188230,quality_check
A3315500621225003_diesel_kwh_generated,A3315500621225003,331550,Pilot Station,2020-12-01,2020,12,diesel_kwh_generated,173833,quality_check
A3315500623225003_diesel_kwh_generated,A3315500623225003,331550,Pilot Station,2022-12-01,2022,12,diesel_kwh_generated,183606,quality_check
A3315500823225003_diesel_kwh_generated,A3315500823225003,331550,Pilot Station,2023-02-01,2023,2,diesel_kwh_generated,165536,quality_check
A3315501125225003_diesel_kwh_generated,A3315501125225003,331550,Pilot Station,2025-05-01,2025,5,diesel_kwh_generated,162139,quality_check
A3315501223225003_diesel_kwh_generated,A3315501223225003,331550,Pilot Station,2023-06-01,2023,6,diesel_kwh_generated,123424,quality_check
A3323900617225003_fuel_used_gallons,A3323900617225003,332390,Point Hope,2016-12-01,2016,12,fuel_used_gallons,9909,quality_check
A3323900916225003_fuel_used_gallons,A3323900916225003,332390,Point Hope,2016-03-01,2016,3,fuel_used_gallons,20994,quality_check
A3323900617225003_diesel_kwh_generated,A3323900617225003,332390,Point Hope,2016-12-01,2016,12,diesel_kwh_generated,642351,quality_check
A3323900916225003_diesel_kwh_generated,A3323900916225003,332390,Point Hope,2016-03-01,2016,3,diesel_kwh_generated,711391,quality_check
A3323900117225003_residential_rate,A3323900117225003,332390,Point Hope,2016-07-01,2016,7,residential_rate,0.15,quality_check
A3323900118225003_residential_rate,A3323900118225003,332390,Point Hope,2017-07-01,2017,7,residential_rate,0.15,quality_check
A3323900123225003_residential_rate,A3323900123225003,332390,Point Hope,2022-07-01,2022,7,residential_rate,0.15,quality_check
A3323900217225003_residential_rate,A3323900217225003,332390,Point Hope,2016-08-01,2016,8,residential_rate,0.15,quality_check
A3323900218225003_residential_rate,A3323900218225003,332390,Point Hope,2017-08-01,2017,8,residential_rate,0.15,quality_check
A3323900316225003_residential_rate,A3323900316225003,332390,Point Hope,2015-09-01,2015,9,residential_rate,0.15,quality_check
A3323900317225003_residential_rate,A3323900317225003,332390,Point Hope,2016-09-01,2016,9,residential_rate,0.15,quality_check
A3323900320225003_residential_rate,A3323900320225003,332390,Point Hope,2019-09-01,2019,9,residential_rate,0.109,quality_check
A3323900416225003_residential_rate,A3323900416225003,332390,Point Hope,2015-10-01,2015,10,residential_rate,0.15,quality_check
A3323900417225003_residential_rate,A3323900417225003,332390,Point Hope,2016-10-01,2016,10,residential_rate,0.15,quality_check
A3323900516225003_residential_rate,A3323900516225003,332390,Point Hope,2015-11-01,2015,11,residential_rate,0.15,quality_check
A3323900516225003_residential_rate,A3323900516225003,332390,Point Hope,2015-11-01,2015,11,residential_rate,0.15,quality_check
A3323900517225003_residential_rate,A3323900517225003,332390,Point Hope,2016-11-01,2016,11,residential_rate,0.15,quality_check
A3323900616225003_residential_rate,A3323900616225003,332390,Point Hope,2015-12-01,2015,12,residential_rate,0.15,quality_check
A3323900616225003_residential_rate,A3323900616225003,332390,Point Hope,2015-12-01,2015,12,residential_rate,0.15,quality_check
A3323900617225003_residential_rate,A3323900617225003,332390,Point Hope,2016-12-01,2016,12,residential_rate,0.15,quality_check
A3323900716225003_residential_rate,A3323900716225003,332390,Point Hope,2016-01-01,2016,1,residential_rate,0.15,quality_check
A3323900716225003_residential_rate,A3323900716225003,332390,Point Hope,2016-01-01,2016,1,residential_rate,0.15,quality_check
A3323900717225003_residential_rate,A3323900717225003,332390,Point Hope,2017-01-01,2017,1,residential_rate,0.15,quality_check
A3323900816225003_residential_rate,A3323900816225003,332390,Point Hope,2016-02-01,2016,2,residential_rate,0.15,quality_check
A3323900817225003_residential_rate,A3323900817225003,332390,Point Hope,2017-02-01,2017,2,residential_rate,0.15,quality_check
A3323900916225003_residential_rate,A3323900916225003,332390,Point Hope,2016-03-01,2016,3,residential_rate,0.15,quality_check
A3323900921225003_residential_rate,A3323900921225003,332390,Point Hope,2021-03-01,2021,3,residential_rate,0.15,quality_check
A3323900922225003_residential_rate,A3323900922225003,332390,Point Hope,2022-03-01,2022,3,residential_rate,0.15,quality_check
A3323901016225003_residential_rate,A3323901016225003,332390,Point Hope,2016-04-01,2016,4,residential_rate,0.15,quality_check
A3323901021225003_residential_rate,A3323901021225003,332390,Point Hope,2021-04-01,2021,4,residential_rate,0.15,quality_check
A3323901022225003_residential_rate,A3323901022225003,332390,Point Hope,2022-04-01,2022,4,residential_rate,0.15,quality_check
A3323901116225003_residential_rate,A3323901116225003,332390,Point Hope,2016-05-01,2016,5,residential_rate,0.15,quality_check
A3323901121225003_residential_rate,A3323901121225003,332390,Point Hope,2021-05-01,2021,5,residential_rate,0.15,quality_check
A3323901122225003_residential_rate,A3323901122225003,332390,Point Hope,2022-05-01,2022,5,residential_rate,0.15,quality_check
A3323901222225003_residential_rate,A3323901222225003,332390,Point Hope,2022-06-01,2022,6,residential_rate,0.15,quality_check
A3324000616225003_fuel_used_gallons,A3324000616225003,332400,Point Lay,2015-12-01,2015,12,fuel_used_gallons,8185,quality_check
A3324000616225003_diesel_kwh_generated,A3324000616225003,332400,Point Lay,2015-12-01,2015,12,diesel_kwh_generated,337575,quality_check
A3324000216225003_residential_rate,A3324000216225003,332400,Point Lay,2015-08-01,2015,8,residential_rate,0.15,quality_check
A3324000217225003_residential_rate,A3324000217225003,332400,Point Lay,2016-08-01,2016,8,residential_rate,0.15,quality_check
A3324000316225003_residential_rate,A3324000316225003,332400,Point Lay,2015-09-01,2015,9,residential_rate,0.15,quality_check
A3324000317225003_residential_rate,A3324000317225003,332400,Point Lay,2016-09-01,2016,9,residential_rate,0.15,quality_check
A3324000416225003_residential_rate,A3324000416225003,332400,Point Lay,2015-10-01,2015,10,residential_rate,0.15,quality_check
A3324000417225003_residential_rate,A3324000417225003,332400,Point Lay,2016-10-01,2016,10,residential_rate,0.15,quality_check
A3324000516225003_residential_rate,A3324000516225003,332400,Point Lay,2015-11-01,2015,11,residential_rate,0.15,quality_check
A3324000517225003_residential_rate,A3324000517225003,332400,Point Lay,2016-11-01,2016,11,residential_rate,0.15,quality_check
A3324000616225003_residential_rate,A3324000616225003,332400,Point Lay,2015-12-01,2015,12,residential_rate,0.15,quality_check
A3324000617225003_residential_rate,A3324000617225003,332400,Point Lay,2016-12-01,2016,12,residential_rate,0.15,quality_check
A3324000716225003_residential_rate,A3324000716225003,332400,Point Lay,2016-01-01,2016,1,residential_rate,0.15,quality_check
A3324000717225003_residential_rate,A3324000717225003,332400,Point Lay,2017-01-01,2017,1,residential_rate,0.15,quality_check
A3324000816225003_residential_rate,A3324000816225003,332400,Point Lay,2016-02-01,2016,2,residential_rate,0.15,quality_check
A3324000817225003_residential_rate,A3324000817225003,332400,Point Lay,2017-02-01,2017,2,residential_rate,0.15,quality_check
A3324000916225003_residential_rate,A3324000916225003,332400,Point Lay,2016-03-01,2016,3,residential_rate,0.15,quality_check
A3324000917225003_residential_rate,A3324000917225003,332400,Point Lay,2017-03-01,2017,3,residential_rate,0.2123,quality_check
A3324000921225003_residential_rate,A3324000921225003,332400,Point Lay,2021-03-01,2021,3,residential_rate,0.15,quality_check
A3324000922225003_residential_rate,A3324000922225003,332400,Point Lay,2022-03-01,2022,3,residential_rate,0.15,quality_check
A3324001021225003_residential_rate,A3324001021225003,332400,Point Lay,2021-04-01,2021,4,residential_rate,0.15,quality_check
A3324001022225003_residential_rate,A3324001022225003,332400,Point Lay,2022-04-01,2022,4,residential_rate,0.15,quality_check
A3324001122225003_residential_rate,A3324001122225003,332400,Point Lay,2022-05-01,2022,5,residential_rate,0.15,quality_check
A3325000125225003_diesel_kwh_generated,A3325000125225003,332500,Port Heiden,2024-07-01,2024,7,diesel_kwh_generated,38029,quality_check
A3325000225225003_diesel_kwh_generated,A3325000225225003,332500,Port Heiden,2024-08-01,2024,8,diesel_kwh_generated,37186,quality_check
A3325000325225003_diesel_kwh_generated,A3325000325225003,332500,Port Heiden,2024-09-01,2024,9,diesel_kwh_generated,34692,quality_check
A3325000423225003_diesel_kwh_generated,A3325000423225003,332500,Port Heiden,2022-10-01,2022,10,diesel_kwh_generated,39210,quality_check
A3325000425225003_diesel_kwh_generated,A3325000425225003,332500,Port Heiden,2024-10-01,2024,10,diesel_kwh_generated,44490,quality_check
A3325000523225003_diesel_kwh_generated,A3325000523225003,332500,Port Heiden,2022-11-01,2022,11,diesel_kwh_generated,56742,quality_check
A3325000525225003_diesel_kwh_generated,A3325000525225003,332500,Port Heiden,2024-11-01,2024,11,diesel_kwh_generated,51839,quality_check
A3325000623225003_diesel_kwh_generated,A3325000623225003,332500,Port Heiden,2022-12-01,2022,12,diesel_kwh_generated,48884,quality_check
A3325000625225003_diesel_kwh_generated,A3325000625225003,332500,Port Heiden,2024-12-01,2024,12,diesel_kwh_generated,40847,quality_check
A3325000723225003_diesel_kwh_generated,A3325000723225003,332500,Port Heiden,2023-01-01,2023,1,diesel_kwh_generated,61275,quality_check
A3325000725225003_diesel_kwh_generated,A3325000725225003,332500,Port Heiden,2025-01-01,2025,1,diesel_kwh_generated,33714,quality_check
A3325000824225003_diesel_kwh_generated,A3325000824225003,332500,Port Heiden,2024-02-01,2024,2,diesel_kwh_generated,110977,quality_check
A3325000825225003_diesel_kwh_generated,A3325000825225003,332500,Port Heiden,2025-02-01,2025,2,diesel_kwh_generated,48718,quality_check
A3325000923225003_diesel_kwh_generated,A3325000923225003,332500,Port Heiden,2023-03-01,2023,3,diesel_kwh_generated,100294,quality_check
A3325000925225003_diesel_kwh_generated,A3325000925225003,332500,Port Heiden,2025-03-01,2025,3,diesel_kwh_generated,44609,quality_check
A3325001024225003_diesel_kwh_generated,A3325001024225003,332500,Port Heiden,2024-04-01,2024,4,diesel_kwh_generated,76742,quality_check
A3325001025225003_diesel_kwh_generated,A3325001025225003,332500,Port Heiden,2025-04-01,2025,4,diesel_kwh_generated,43973,quality_check
A3325001120225003_diesel_kwh_generated,A3325001120225003,332500,Port Heiden,2020-05-01,2020,5,diesel_kwh_generated,41217,quality_check
A3325001123225003_diesel_kwh_generated,A3325001123225003,332500,Port Heiden,2023-05-01,2023,5,diesel_kwh_generated,29985,quality_check
A3325001124225003_diesel_kwh_generated,A3325001124225003,332500,Port Heiden,2024-05-01,2024,5,diesel_kwh_generated,33675,quality_check
A3325001125225003_diesel_kwh_generated,A3325001125225003,332500,Port Heiden,2025-05-01,2025,5,diesel_kwh_generated,44140,quality_check
A3325001223225003_diesel_kwh_generated,A3325001223225003,332500,Port Heiden,2023-06-01,2023,6,diesel_kwh_generated,41071,quality_check
A3325001224225003_diesel_kwh_generated,A3325001224225003,332500,Port Heiden,2024-06-01,2024,6,diesel_kwh_generated,46896,quality_check
A3325001225225003_diesel_kwh_generated,A3325001225225003,332500,Port Heiden,2025-06-01,2025,6,diesel_kwh_generated,61224,quality_check
A3325001223225003_residential_rate,A3325001223225003,332500,Port Heiden,2023-06-01,2023,6,residential_rate,9.99,quality_check
A3325001223225003_residential_rate,A3325001223225003,332500,Port Heiden,2023-06-01,2023,6,residential_rate,9.99,quality_check
A3315701125225003_diesel_kwh_generated,A3315701125225003,331570,Quinhagak,2025-05-01,2025,5,diesel_kwh_generated,122784,quality_check
A3315701223225003_diesel_kwh_generated,A3315701223225003,331570,Quinhagak,2023-06-01,2023,6,diesel_kwh_generated,90943,quality_check
A3325200726225003_fuel_used_gallons,A3325200726225003,332520,Rampart,2026-01-01,2026,1,fuel_used_gallons,745,quality_check
A3325200824225003_fuel_used_gallons,A3325200824225003,332520,Rampart,2024-02-01,2024,2,fuel_used_gallons,2092,quality_check
A3325200924225003_fuel_used_gallons,A3325200924225003,332520,Rampart,2024-03-01,2024,3,fuel_used_gallons,278,quality_check
A3325201024225003_fuel_used_gallons,A3325201024225003,332520,Rampart,2024-04-01,2024,4,fuel_used_gallons,4444,quality_check
A3325201124225003_fuel_used_gallons,A3325201124225003,332520,Rampart,2024-05-01,2024,5,fuel_used_gallons,5655,quality_check
A3325200726225003_diesel_kwh_generated,A3325200726225003,332520,Rampart,2026-01-01,2026,1,diesel_kwh_generated,55184,quality_check
A3325200824225003_diesel_kwh_generated,A3325200824225003,332520,Rampart,2024-02-01,2024,2,diesel_kwh_generated,225243,quality_check
A3325200924225003_diesel_kwh_generated,A3325200924225003,332520,Rampart,2024-03-01,2024,3,diesel_kwh_generated,227648,quality_check
A3325201024225003_diesel_kwh_generated,A3325201024225003,332520,Rampart,2024-04-01,2024,4,diesel_kwh_generated,229600,quality_check
A3325201124225003_diesel_kwh_generated,A3325201124225003,332520,Rampart,2024-05-01,2024,5,diesel_kwh_generated,231622,quality_check
A3322501026225003_fuel_used_gallons,A3322501026225003,332250,Red Devil,2026-04-01,2026,4,fuel_used_gallons,750,quality_check
A3322501219225003_fuel_used_gallons,A3322501219225003,332250,Red Devil,2019-06-01,2019,6,fuel_used_gallons,1413,quality_check
A3322501223225003_fuel_used_gallons,A3322501223225003,332250,Red Devil,2023-06-01,2023,6,fuel_used_gallons,1460,quality_check
A3322501026225003_diesel_kwh_generated,A3322501026225003,332250,Red Devil,2026-04-01,2026,4,diesel_kwh_generated,2313,quality_check
A3322501219225003_diesel_kwh_generated,A3322501219225003,332250,Red Devil,2019-06-01,2019,6,diesel_kwh_generated,4546,quality_check
A3322501223225003_diesel_kwh_generated,A3322501223225003,332250,Red Devil,2023-06-01,2023,6,diesel_kwh_generated,3192,quality_check
A3325300824225003_fuel_used_gallons,A3325300824225003,332530,Ruby,2024-02-01,2024,2,fuel_used_gallons,1796,quality_check
A3325301022225003_fuel_used_gallons,A3325301022225003,332530,Ruby,2022-04-01,2022,4,fuel_used_gallons,44292,quality_check
A3325300824225003_diesel_kwh_generated,A3325300824225003,332530,Ruby,2024-02-01,2024,2,diesel_kwh_generated,80948,quality_check
A3325301022225003_diesel_kwh_generated,A3325301022225003,332530,Ruby,2022-04-01,2022,4,diesel_kwh_generated,54643,quality_check
A3315800616225003_fuel_used_gallons,A3315800616225003,331580,Russian Mission,2015-12-01,2015,12,fuel_used_gallons,87,quality_check
A3315800617225003_fuel_used_gallons,A3315800617225003,331580,Russian Mission,2016-12-01,2016,12,fuel_used_gallons,1250,quality_check
A3315800618225003_fuel_used_gallons,A3315800618225003,331580,Russian Mission,2017-12-01,2017,12,fuel_used_gallons,2412,quality_check
A3315800619225003_fuel_used_gallons,A3315800619225003,331580,Russian Mission,2018-12-01,2018,12,fuel_used_gallons,1506,quality_check
A3315800621225003_fuel_used_gallons,A3315800621225003,331580,Russian Mission,2020-12-01,2020,12,fuel_used_gallons,-1362,quality_check
A3315800623225003_fuel_used_gallons,A3315800623225003,331580,Russian Mission,2022-12-01,2022,12,fuel_used_gallons,-2421,quality_check
A3315800823225003_fuel_used_gallons,A3315800823225003,331580,Russian Mission,2023-02-01,2023,2,fuel_used_gallons,71,quality_check
A3315800616225003_diesel_kwh_generated,A3315800616225003,331580,Russian Mission,2015-12-01,2015,12,diesel_kwh_generated,93038,quality_check
A3315800617225003_diesel_kwh_generated,A3315800617225003,331580,Russian Mission,2016-12-01,2016,12,diesel_kwh_generated,102848,quality_check
A3315800618225003_diesel_kwh_generated,A3315800618225003,331580,Russian Mission,2017-12-01,2017,12,diesel_kwh_generated,91611,quality_check
A3315800619225003_diesel_kwh_generated,A3315800619225003,331580,Russian Mission,2018-12-01,2018,12,diesel_kwh_generated,99135,quality_check
A3315800621225003_diesel_kwh_generated,A3315800621225003,331580,Russian Mission,2020-12-01,2020,12,diesel_kwh_generated,85655,quality_check
A3315800623225003_diesel_kwh_generated,A3315800623225003,331580,Russian Mission,2022-12-01,2022,12,diesel_kwh_generated,90116,quality_check
A3315800823225003_diesel_kwh_generated,A3315800823225003,331580,Russian Mission,2023-02-01,2023,2,diesel_kwh_generated,80218,quality_check
A3315801125225003_diesel_kwh_generated,A3315801125225003,331580,Russian Mission,2025-05-01,2025,5,diesel_kwh_generated,69937,quality_check
A3315801223225003_diesel_kwh_generated,A3315801223225003,331580,Russian Mission,2023-06-01,2023,6,diesel_kwh_generated,62723,quality_check
A3325501117225003_fuel_used_gallons,A3325501117225003,332550,Saint George,2017-05-01,2017,5,fuel_used_gallons,1284,quality_check
A3325500717225003_diesel_kwh_generated,A3325500717225003,332550,Saint George,2017-01-01,2017,1,diesel_kwh_generated,58067,quality_check
A3325500817225003_diesel_kwh_generated,A3325500817225003,332550,Saint George,2017-02-01,2017,2,diesel_kwh_generated,42951,quality_check
A3325500917225003_diesel_kwh_generated,A3325500917225003,332550,Saint George,2017-03-01,2017,3,diesel_kwh_generated,52913,quality_check
A3325501017225003_diesel_kwh_generated,A3325501017225003,332550,Saint George,2017-04-01,2017,4,diesel_kwh_generated,34485,quality_check
A3325501117225003_diesel_kwh_generated,A3325501117225003,332550,Saint George,2017-05-01,2017,5,diesel_kwh_generated,44145,quality_check
A3316600622225003_fuel_used_gallons,A3316600622225003,331660,"Saint Mary's, Andreafsky",2021-12-01,2021,12,fuel_used_gallons,-84503,quality_check
A3316600823225003_fuel_used_gallons,A3316600823225003,331660,"Saint Mary's, Andreafsky",2023-02-01,2023,2,fuel_used_gallons,6459,quality_check
A3316600623225003_fuel_used_gallons,A3316600623225003,331660,"Saint Mary's, Andreafsky",2022-12-01,2022,12,fuel_used_gallons,280308,quality_check
A3316600622225003_diesel_kwh_generated,A3316600622225003,331660,"Saint Mary's, Andreafsky",2021-12-01,2021,12,diesel_kwh_generated,304153,quality_check
A3316600823225003_diesel_kwh_generated,A3316600823225003,331660,"Saint Mary's, Andreafsky",2023-02-01,2023,2,diesel_kwh_generated,341933,quality_check
A3316601125225003_diesel_kwh_generated,A3316601125225003,331660,"Saint Mary's, Andreafsky",2025-05-01,2025,5,diesel_kwh_generated,300116,quality_check
A3316601223225003_diesel_kwh_generated,A3316601223225003,331660,"Saint Mary's, Andreafsky",2023-06-01,2023,6,diesel_kwh_generated,256385,quality_check
A3316600623225003_diesel_kwh_generated,A3316600623225003,331660,"Saint Mary's, Andreafsky",2022-12-01,2022,12,diesel_kwh_generated,359314,quality_check
A3316600326225003_residential_rate,A3316600326225003,331660,"Saint Mary's, Andreafsky",2025-09-01,2025,9,residential_rate,0.6451,quality_check
A3316600426225003_residential_rate,A3316600426225003,331660,"Saint Mary's, Andreafsky",2025-10-01,2025,10,residential_rate,0.6451,quality_check
A3316600526225003_residential_rate,A3316600526225003,331660,"Saint Mary's, Andreafsky",2025-11-01,2025,11,residential_rate,0.6451,quality_check
A3325600424225003_residential_rate,A3325600424225003,332560,Saint Paul,2023-10-01,2023,10,residential_rate,0.57,quality_check
A3325600525225003_residential_rate,A3325600525225003,332560,Saint Paul,2024-11-01,2024,11,residential_rate,0.57,quality_check
A3325600625225003_residential_rate,A3325600625225003,332560,Saint Paul,2024-12-01,2024,12,residential_rate,0.57,quality_check
A3325601023225003_residential_rate,A3325601023225003,332560,Saint Paul,2023-04-01,2023,4,residential_rate,57,quality_check
A3325601023225003_residential_rate,A3325601023225003,332560,Saint Paul,2023-04-01,2023,4,residential_rate,57,quality_check
A3315900817225003_commercial_sold_to,A3315900817225003,331590,Savoonga,2017-02-01,2017,2,commercial_sold_to,-37595,quality_check
A3315901125225003_diesel_kwh_generated,A3315901125225003,331590,Savoonga,2025-05-01,2025,5,diesel_kwh_generated,191255,quality_check
A3315901223225003_diesel_kwh_generated,A3315901223225003,331590,Savoonga,2023-06-01,2023,6,diesel_kwh_generated,167579,quality_check
A3316000823225003_fuel_used_gallons,A3316000823225003,331600,Scammon Bay,2023-02-01,2023,2,fuel_used_gallons,1628,quality_check
A3316000726225003_diesel_kwh_generated,A3316000726225003,331600,Scammon Bay,2026-01-01,2026,1,diesel_kwh_generated,190759,quality_check
A3316000823225003_diesel_kwh_generated,A3316000823225003,331600,Scammon Bay,2023-02-01,2023,2,diesel_kwh_generated,161373,quality_check
A3316001125225003_diesel_kwh_generated,A3316001125225003,331600,Scammon Bay,2025-05-01,2025,5,diesel_kwh_generated,138947,quality_check
A3316001223225003_diesel_kwh_generated,A3316001223225003,331600,Scammon Bay,2023-06-01,2023,6,diesel_kwh_generated,122626,quality_check
A3316100823225003_fuel_used_gallons,A3316100823225003,331610,Selawik,2023-02-01,2023,2,fuel_used_gallons,1002,quality_check
A3316100826225003_fuel_used_gallons,A3316100826225003,331610,Selawik,2026-02-01,2026,2,fuel_used_gallons,4092,quality_check
A3316100823225003_diesel_kwh_generated,A3316100823225003,331610,Selawik,2023-02-01,2023,2,diesel_kwh_generated,260226,quality_check
A3316100826225003_diesel_kwh_generated,A3316100826225003,331610,Selawik,2026-02-01,2026,2,diesel_kwh_generated,290774,quality_check
A3316101125225003_diesel_kwh_generated,A3316101125225003,331610,Selawik,2025-05-01,2025,5,diesel_kwh_generated,187874,quality_check
A3316101223225003_diesel_kwh_generated,A3316101223225003,331610,Selawik,2023-06-01,2023,6,diesel_kwh_generated,146764,quality_check
A3316200616225003_fuel_used_gallons,A3316200616225003,331620,Shageluk,2015-12-01,2015,12,fuel_used_gallons,479,quality_check
A3316200619225003_fuel_used_gallons,A3316200619225003,331620,Shageluk,2018-12-01,2018,12,fuel_used_gallons,-569,quality_check
A3316200621225003_fuel_used_gallons,A3316200621225003,331620,Shageluk,2020-12-01,2020,12,fuel_used_gallons,510,quality_check
A3316200823225003_fuel_used_gallons,A3316200823225003,331620,Shageluk,2023-02-01,2023,2,fuel_used_gallons,356,quality_check
A3316200616225003_diesel_kwh_generated,A3316200616225003,331620,Shageluk,2015-12-01,2015,12,diesel_kwh_generated,36628,quality_check
A3316200619225003_diesel_kwh_generated,A3316200619225003,331620,Shageluk,2018-12-01,2018,12,diesel_kwh_generated,40026,quality_check
A3316200621225003_diesel_kwh_generated,A3316200621225003,331620,Shageluk,2020-12-01,2020,12,diesel_kwh_generated,41017,quality_check
A3316200823225003_diesel_kwh_generated,A3316200823225003,331620,Shageluk,2023-02-01,2023,2,diesel_kwh_generated,41513,quality_check
A3316201125225003_diesel_kwh_generated,A3316201125225003,331620,Shageluk,2025-05-01,2025,5,diesel_kwh_generated,36679,quality_check
A3316201223225003_diesel_kwh_generated,A3316201223225003,331620,Shageluk,2023-06-01,2023,6,diesel_kwh_generated,39630,quality_check
A3316300823225003_fuel_used_gallons,A3316300823225003,331630,Shaktoolik,2023-02-01,2023,2,fuel_used_gallons,34,quality_check
A3316300823225003_diesel_kwh_generated,A3316300823225003,331630,Shaktoolik,2023-02-01,2023,2,diesel_kwh_generated,70416,quality_check
A3316301125225003_diesel_kwh_generated,A3316301125225003,331630,Shaktoolik,2025-05-01,2025,5,diesel_kwh_generated,42816,quality_check
A3316301223225003_diesel_kwh_generated,A3316301223225003,331630,Shaktoolik,2023-06-01,2023,6,diesel_kwh_generated,66114,quality_check
A3316400616225003_fuel_used_gallons,A3316400616225003,331640,Shishmaref,2015-12-01,2015,12,fuel_used_gallons,1026,quality_check
A3316400617225003_fuel_used_gallons,A3316400617225003,331640,Shishmaref,2016-12-01,2016,12,fuel_used_gallons,3326,quality_check
A3316400616225003_diesel_kwh_generated,A3316400616225003,331640,Shishmaref,2015-12-01,2015,12,diesel_kwh_generated,159894,quality_check
A3316400617225003_diesel_kwh_generated,A3316400617225003,331640,Shishmaref,2016-12-01,2016,12,diesel_kwh_generated,164042,quality_check
A3316401125225003_diesel_kwh_generated,A3316401125225003,331640,Shishmaref,2025-05-01,2025,5,diesel_kwh_generated,137592,quality_check
A3316401223225003_diesel_kwh_generated,A3316401223225003,331640,Shishmaref,2023-06-01,2023,6,diesel_kwh_generated,123868,quality_check
A3316500722225003_commercial_sold_to,A3316500722225003,331650,Shungnak,2022-01-01,2022,1,commercial_sold_to,-9040,quality_check
A3316501125225003_diesel_kwh_generated,A3316501125225003,331650,Shungnak,2025-05-01,2025,5,diesel_kwh_generated,82606,quality_check
A3316501223225003_diesel_kwh_generated,A3316501223225003,331650,Shungnak,2023-06-01,2023,6,diesel_kwh_generated,65454,quality_check
A3316500323225003_residential_rate,A3316500323225003,331650,Shungnak,2022-09-01,2022,9,residential_rate,0.9119,quality_check
A3316500323225003_residential_rate,A3316500323225003,331650,Shungnak,2022-09-01,2022,9,residential_rate,0.9119,quality_check
A3316501123225003_residential_rate,A3316501123225003,331650,Shungnak,2023-05-01,2023,5,residential_rate,0.0967,quality_check
A3316501123225003_residential_rate,A3316501123225003,331650,Shungnak,2023-05-01,2023,5,residential_rate,0.0967,quality_check
A3316501223225003_residential_rate,A3316501223225003,331650,Shungnak,2023-06-01,2023,6,residential_rate,0.0967,quality_check
A3316501223225003_residential_rate,A3316501223225003,331650,Shungnak,2023-06-01,2023,6,residential_rate,0.0967,quality_check
A3311900324225003_fuel_used_gallons,A3311900324225003,331190,Skagway,2023-09-01,2023,9,fuel_used_gallons,2315,quality_check
A3311900421225003_fuel_used_gallons,A3311900421225003,331190,Skagway,2020-10-01,2020,10,fuel_used_gallons,569,quality_check
A3311900524225003_fuel_used_gallons,A3311900524225003,331190,Skagway,2023-11-01,2023,11,fuel_used_gallons,929,quality_check
A3311900125225003_diesel_kwh_generated,A3311900125225003,331190,Skagway,2024-07-01,2024,7,diesel_kwh_generated,2200,quality_check
A3311900324225003_diesel_kwh_generated,A3311900324225003,331190,Skagway,2023-09-01,2023,9,diesel_kwh_generated,7365,quality_check
A3311900421225003_diesel_kwh_generated,A3311900421225003,331190,Skagway,2020-10-01,2020,10,diesel_kwh_generated,1286,quality_check
A3311900524225003_diesel_kwh_generated,A3311900524225003,331190,Skagway,2023-11-01,2023,11,diesel_kwh_generated,2429,quality_check
A3322600716225003_diesel_kwh_generated,A3322600716225003,332260,Sleetmute,2016-01-01,2016,1,diesel_kwh_generated,24795,quality_check
A3316800426225003_fuel_used_gallons,A3316800426225003,331680,Stebbins,2025-10-01,2025,10,fuel_used_gallons,6789,quality_check
A3316800823225003_fuel_used_gallons,A3316800823225003,331680,Stebbins,2023-02-01,2023,2,fuel_used_gallons,956,quality_check
A3316800426225003_diesel_kwh_generated,A3316800426225003,331680,Stebbins,2025-10-01,2025,10,diesel_kwh_generated,281512,quality_check
A3316800823225003_diesel_kwh_generated,A3316800823225003,331680,Stebbins,2023-02-01,2023,2,diesel_kwh_generated,319415,quality_check
A3316801125225003_diesel_kwh_generated,A3316801125225003,331680,Stebbins,2025-05-01,2025,5,diesel_kwh_generated,251589,quality_check
A3316801223225003_diesel_kwh_generated,A3316801223225003,331680,Stebbins,2023-06-01,2023,6,diesel_kwh_generated,215425,quality_check
A3322700623225003_fuel_used_gallons,A3322700623225003,332270,Stony River,2022-12-01,2022,12,fuel_used_gallons,131,quality_check
A3322700917225003_fuel_used_gallons,A3322700917225003,332270,Stony River,2017-03-01,2017,3,fuel_used_gallons,7370,quality_check
A3322700623225003_diesel_kwh_generated,A3322700623225003,332270,Stony River,2022-12-01,2022,12,diesel_kwh_generated,10783,quality_check
A3322700917225003_diesel_kwh_generated,A3322700917225003,332270,Stony River,2017-03-01,2017,3,diesel_kwh_generated,11336,quality_check
A3325800624225003_fuel_used_gallons,A3325800624225003,332580,Takotna,2023-12-01,2023,12,fuel_used_gallons,6537,quality_check
A3325800824225003_fuel_used_gallons,A3325800824225003,332580,Takotna,2024-02-01,2024,2,fuel_used_gallons,6975,quality_check
A3325800925225003_fuel_used_gallons,A3325800925225003,332580,Takotna,2025-03-01,2025,3,fuel_used_gallons,9610,quality_check
A3325801124225003_fuel_used_gallons,A3325801124225003,332580,Takotna,2024-05-01,2024,5,fuel_used_gallons,7608,quality_check
A3325800624225003_diesel_kwh_generated,A3325800624225003,332580,Takotna,2023-12-01,2023,12,diesel_kwh_generated,17563,quality_check
A3325800824225003_diesel_kwh_generated,A3325800824225003,332580,Takotna,2024-02-01,2024,2,diesel_kwh_generated,21438,quality_check
A3325800925225003_diesel_kwh_generated,A3325800925225003,332580,Takotna,2025-03-01,2025,3,diesel_kwh_generated,27565,quality_check
A3325801124225003_diesel_kwh_generated,A3325801124225003,332580,Takotna,2024-05-01,2024,5,diesel_kwh_generated,21846,quality_check
A3316850617225003_fuel_used_gallons,A3316850617225003,331685,Teller,2016-12-01,2016,12,fuel_used_gallons,-6497,quality_check
A3316850618225003_fuel_used_gallons,A3316850618225003,331685,Teller,2017-12-01,2017,12,fuel_used_gallons,-705,quality_check
A3316850617225003_diesel_kwh_generated,A3316850617225003,331685,Teller,2016-12-01,2016,12,diesel_kwh_generated,81834,quality_check
A3316850618225003_diesel_kwh_generated,A3316850618225003,331685,Teller,2017-12-01,2017,12,diesel_kwh_generated,83395,quality_check
A3316851125225003_diesel_kwh_generated,A3316851125225003,331685,Teller,2025-05-01,2025,5,diesel_kwh_generated,63914,quality_check
A3316851223225003_diesel_kwh_generated,A3316851223225003,331685,Teller,2023-06-01,2023,6,diesel_kwh_generated,51121,quality_check
A3316851123225003_residential_rate,A3316851123225003,331685,Teller,2023-05-01,2023,5,residential_rate,0.5089,quality_check
A3312001225225003_most_recent_fuel_purch_price,A3312001225225003,331200,Tetlin,2025-06-01,2025,6,most_recent_fuel_purch_price,0.2629,quality_check
A3316900926225003_fuel_used_gallons,A3316900926225003,331690,Togiak,2026-03-01,2026,3,fuel_used_gallons,7066,quality_check
A3316900926225003_diesel_kwh_generated,A3316900926225003,331690,Togiak,2026-03-01,2026,3,diesel_kwh_generated,302884,quality_check
A3316901125225003_diesel_kwh_generated,A3316901125225003,331690,Togiak,2025-05-01,2025,5,diesel_kwh_generated,210562,quality_check
A3316901223225003_diesel_kwh_generated,A3316901223225003,331690,Togiak,2023-06-01,2023,6,diesel_kwh_generated,240016,quality_check
A3317000823225003_fuel_used_gallons,A3317000823225003,331700,Toksook Bay,2023-02-01,2023,2,fuel_used_gallons,4589,quality_check
A3317000823225003_diesel_kwh_generated,A3317000823225003,331700,Toksook Bay,2023-02-01,2023,2,diesel_kwh_generated,323880,quality_check
A3317001125225003_diesel_kwh_generated,A3317001125225003,331700,Toksook Bay,2025-05-01,2025,5,diesel_kwh_generated,257108,quality_check
A3317001223225003_diesel_kwh_generated,A3317001223225003,331700,Toksook Bay,2023-06-01,2023,6,diesel_kwh_generated,256487,quality_check
A3327100225225003_fuel_used_gallons,A3327100225225003,332710,Tuluksak,2024-08-01,2024,8,fuel_used_gallons,733,quality_check
A3327100225225003_diesel_kwh_generated,A3327100225225003,332710,Tuluksak,2024-08-01,2024,8,diesel_kwh_generated,46210,quality_check
A3327100325225003_diesel_kwh_generated,A3327100325225003,332710,Tuluksak,2024-09-01,2024,9,diesel_kwh_generated,73413,quality_check
A3327100425225003_diesel_kwh_generated,A3327100425225003,332710,Tuluksak,2024-10-01,2024,10,diesel_kwh_generated,60083,quality_check
A3327100126225003_residential_rate,A3327100126225003,332710,Tuluksak,2025-07-01,2025,7,residential_rate,99.99,quality_check
A3317100826225003_residential_rate,A3317100826225003,331710,Tununak,2026-02-01,2026,2,residential_rate,0.2941,quality_check
A3317100926225003_residential_rate,A3317100926225003,331710,Tununak,2026-03-01,2026,3,residential_rate,0.2941,quality_check
A3317101026225003_residential_rate,A3317101026225003,331710,Tununak,2026-04-01,2026,4,residential_rate,0.2941,quality_check
A3317101126225003_residential_rate,A3317101126225003,331710,Tununak,2026-05-01,2026,5,residential_rate,0.2941,quality_check
A3327300623225003_most_recent_fuel_purch_price,A3327300623225003,332730,Twin Hills,2022-12-01,2022,12,most_recent_fuel_purch_price,0.4014,quality_check
A3327300723225003_most_recent_fuel_purch_price,A3327300723225003,332730,Twin Hills,2023-01-01,2023,1,most_recent_fuel_purch_price,0.4014,quality_check
A3327300823225003_most_recent_fuel_purch_price,A3327300823225003,332730,Twin Hills,2023-02-01,2023,2,most_recent_fuel_purch_price,0.4014,quality_check
A3327300923225003_most_recent_fuel_purch_price,A3327300923225003,332730,Twin Hills,2023-03-01,2023,3,most_recent_fuel_purch_price,0.4014,quality_check
A3327300324225003_residential_rate,A3327300324225003,332730,Twin Hills,2023-09-01,2023,9,residential_rate,0.619,quality_check
A3327300324225003_residential_rate,A3327300324225003,332730,Twin Hills,2023-09-01,2023,9,residential_rate,0.619,quality_check
A3328600220225003_diesel_kwh_generated,A3328600220225003,332860,Unalaska,2019-08-01,2019,8,diesel_kwh_generated,6664315,quality_check
A3328600226225003_residential_rate,A3328600226225003,332860,Unalaska,2025-08-01,2025,8,residential_rate,99.99,quality_check
A3328600226225003_residential_rate,A3328600226225003,332860,Unalaska,2025-08-01,2025,8,residential_rate,99.99,quality_check
A3328600226225003_residential_rate,A3328600226225003,332860,Unalaska,2025-08-01,2025,8,residential_rate,99.99,quality_check
A3328600226225003_residential_rate,A3328600226225003,332860,Unalaska,2025-08-01,2025,8,residential_rate,99.99,quality_check
A3328800123225003_diesel_kwh_generated,A3328800123225003,332880,Venetie,2022-07-01,2022,7,diesel_kwh_generated,39849,quality_check
A3328800124225003_diesel_kwh_generated,A3328800124225003,332880,Venetie,2023-07-01,2023,7,diesel_kwh_generated,62262,quality_check
A3328800125225003_diesel_kwh_generated,A3328800125225003,332880,Venetie,2024-07-01,2024,7,diesel_kwh_generated,39171,quality_check
A3328800223225003_diesel_kwh_generated,A3328800223225003,332880,Venetie,2022-08-01,2022,8,diesel_kwh_generated,21231,quality_check
A3328800225225003_diesel_kwh_generated,A3328800225225003,332880,Venetie,2024-08-01,2024,8,diesel_kwh_generated,39172,quality_check
A3328800323225003_diesel_kwh_generated,A3328800323225003,332880,Venetie,2022-09-01,2022,9,diesel_kwh_generated,54867,quality_check
A3328800324225003_diesel_kwh_generated,A3328800324225003,332880,Venetie,2023-09-01,2023,9,diesel_kwh_generated,76220,quality_check
A3328800423225003_diesel_kwh_generated,A3328800423225003,332880,Venetie,2022-10-01,2022,10,diesel_kwh_generated,53981,quality_check
A3328800425225003_diesel_kwh_generated,A3328800425225003,332880,Venetie,2024-10-01,2024,10,diesel_kwh_generated,15625,quality_check
A3328800523225003_diesel_kwh_generated,A3328800523225003,332880,Venetie,2022-11-01,2022,11,diesel_kwh_generated,36979,quality_check
A3328800524225003_diesel_kwh_generated,A3328800524225003,332880,Venetie,2023-11-01,2023,11,diesel_kwh_generated,73027,quality_check
A3328800525225003_diesel_kwh_generated,A3328800525225003,332880,Venetie,2024-11-01,2024,11,diesel_kwh_generated,57594,quality_check
A3328800623225003_diesel_kwh_generated,A3328800623225003,332880,Venetie,2022-12-01,2022,12,diesel_kwh_generated,43390,quality_check
A3328800624225003_diesel_kwh_generated,A3328800624225003,332880,Venetie,2023-12-01,2023,12,diesel_kwh_generated,59410,quality_check
A3328800625225003_diesel_kwh_generated,A3328800625225003,332880,Venetie,2024-12-01,2024,12,diesel_kwh_generated,57595,quality_check
A3328800723225003_diesel_kwh_generated,A3328800723225003,332880,Venetie,2023-01-01,2023,1,diesel_kwh_generated,45214,quality_check
A3328800725225003_diesel_kwh_generated,A3328800725225003,332880,Venetie,2025-01-01,2025,1,diesel_kwh_generated,57595,quality_check
A3328800823225003_diesel_kwh_generated,A3328800823225003,332880,Venetie,2023-02-01,2023,2,diesel_kwh_generated,36133,quality_check
A3328800824225003_diesel_kwh_generated,A3328800824225003,332880,Venetie,2024-02-01,2024,2,diesel_kwh_generated,81999,quality_check
A3328800825225003_diesel_kwh_generated,A3328800825225003,332880,Venetie,2025-02-01,2025,2,diesel_kwh_generated,48568,quality_check
A3328800923225003_diesel_kwh_generated,A3328800923225003,332880,Venetie,2023-03-01,2023,3,diesel_kwh_generated,42498,quality_check
A3328800924225003_diesel_kwh_generated,A3328800924225003,332880,Venetie,2024-03-01,2024,3,diesel_kwh_generated,53971,quality_check
A3328800925225003_diesel_kwh_generated,A3328800925225003,332880,Venetie,2025-03-01,2025,3,diesel_kwh_generated,50431,quality_check
A3328801023225003_diesel_kwh_generated,A3328801023225003,332880,Venetie,2023-04-01,2023,4,diesel_kwh_generated,58216,quality_check
A3328801024225003_diesel_kwh_generated,A3328801024225003,332880,Venetie,2024-04-01,2024,4,diesel_kwh_generated,50290,quality_check
A3328801025225003_diesel_kwh_generated,A3328801025225003,332880,Venetie,2025-04-01,2025,4,diesel_kwh_generated,54770,quality_check
A3328801123225003_diesel_kwh_generated,A3328801123225003,332880,Venetie,2023-05-01,2023,5,diesel_kwh_generated,47632,quality_check
A3328801125225003_diesel_kwh_generated,A3328801125225003,332880,Venetie,2025-05-01,2025,5,diesel_kwh_generated,38456,quality_check
A3328801224225003_diesel_kwh_generated,A3328801224225003,332880,Venetie,2024-06-01,2024,6,diesel_kwh_generated,48839,quality_check
A3328801225225003_diesel_kwh_generated,A3328801225225003,332880,Venetie,2025-06-01,2025,6,diesel_kwh_generated,33285,quality_check
A3324100117225003_residential_rate,A3324100117225003,332410,Wainwright,2016-07-01,2016,7,residential_rate,0.15,quality_check
A3324100216225003_residential_rate,A3324100216225003,332410,Wainwright,2015-08-01,2015,8,residential_rate,0.1786,quality_check
A3324100217225003_residential_rate,A3324100217225003,332410,Wainwright,2016-08-01,2016,8,residential_rate,0.15,quality_check
A3324100218225003_residential_rate,A3324100218225003,332410,Wainwright,2017-08-01,2017,8,residential_rate,0.15,quality_check
A3324100316225003_residential_rate,A3324100316225003,332410,Wainwright,2015-09-01,2015,9,residential_rate,0.15,quality_check
A3324100317225003_residential_rate,A3324100317225003,332410,Wainwright,2016-09-01,2016,9,residential_rate,0.15,quality_check
A3324100416225003_residential_rate,A3324100416225003,332410,Wainwright,2015-10-01,2015,10,residential_rate,0.15,quality_check
A3324100417225003_residential_rate,A3324100417225003,332410,Wainwright,2016-10-01,2016,10,residential_rate,0.15,quality_check
A3324100516225003_residential_rate,A3324100516225003,332410,Wainwright,2015-11-01,2015,11,residential_rate,0.15,quality_check
A3324100517225003_residential_rate,A3324100517225003,332410,Wainwright,2016-11-01,2016,11,residential_rate,0.15,quality_check
A3324100616225003_residential_rate,A3324100616225003,332410,Wainwright,2015-12-01,2015,12,residential_rate,0.15,quality_check
A3324100617225003_residential_rate,A3324100617225003,332410,Wainwright,2016-12-01,2016,12,residential_rate,0.15,quality_check
A3324100716225003_residential_rate,A3324100716225003,332410,Wainwright,2016-01-01,2016,1,residential_rate,0.15,quality_check
A3324100717225003_residential_rate,A3324100717225003,332410,Wainwright,2017-01-01,2017,1,residential_rate,0.15,quality_check
A3324100816225003_residential_rate,A3324100816225003,332410,Wainwright,2016-02-01,2016,2,residential_rate,0.15,quality_check
A3324100817225003_residential_rate,A3324100817225003,332410,Wainwright,2017-02-01,2017,2,residential_rate,0.15,quality_check
A3324100916225003_residential_rate,A3324100916225003,332410,Wainwright,2016-03-01,2016,3,residential_rate,0.15,quality_check
A3324100921225003_residential_rate,A3324100921225003,332410,Wainwright,2021-03-01,2021,3,residential_rate,0.15,quality_check
A3324100922225003_residential_rate,A3324100922225003,332410,Wainwright,2022-03-01,2022,3,residential_rate,0.15,quality_check
A3324101016225003_residential_rate,A3324101016225003,332410,Wainwright,2016-04-01,2016,4,residential_rate,0.15,quality_check
A3324101017225003_residential_rate,A3324101017225003,332410,Wainwright,2017-04-01,2017,4,residential_rate,0.1768,quality_check
A3324101019225003_residential_rate,A3324101019225003,332410,Wainwright,2019-04-01,2019,4,residential_rate,0.1826,quality_check
A3324101021225003_residential_rate,A3324101021225003,332410,Wainwright,2021-04-01,2021,4,residential_rate,0.15,quality_check
A3324101022225003_residential_rate,A3324101022225003,332410,Wainwright,2022-04-01,2022,4,residential_rate,0.15,quality_check
A3324101117225003_residential_rate,A3324101117225003,332410,Wainwright,2017-05-01,2017,5,residential_rate,0.1775,quality_check
A3324101121225003_residential_rate,A3324101121225003,332410,Wainwright,2021-05-01,2021,5,residential_rate,0.15,quality_check
A3324101122225003_residential_rate,A3324101122225003,332410,Wainwright,2022-05-01,2022,5,residential_rate,0.15,quality_check
A3317300616225003_fuel_used_gallons,A3317300616225003,331730,Wales,2015-12-01,2015,12,fuel_used_gallons,1328,quality_check
A3317300617225003_fuel_used_gallons,A3317300617225003,331730,Wales,2016-12-01,2016,12,fuel_used_gallons,-85,quality_check
A3317300618225003_fuel_used_gallons,A3317300618225003,331730,Wales,2017-12-01,2017,12,fuel_used_gallons,1267,quality_check
A3317300620225003_fuel_used_gallons,A3317300620225003,331730,Wales,2019-12-01,2019,12,fuel_used_gallons,-1464,quality_check
A3317300621225003_fuel_used_gallons,A3317300621225003,331730,Wales,2020-12-01,2020,12,fuel_used_gallons,207,quality_check
A3317300623225003_fuel_used_gallons,A3317300623225003,331730,Wales,2022-12-01,2022,12,fuel_used_gallons,-6502,quality_check
A3317300616225003_diesel_kwh_generated,A3317300616225003,331730,Wales,2015-12-01,2015,12,diesel_kwh_generated,60545,quality_check
A3317300617225003_diesel_kwh_generated,A3317300617225003,331730,Wales,2016-12-01,2016,12,diesel_kwh_generated,69457,quality_check
A3317300618225003_diesel_kwh_generated,A3317300618225003,331730,Wales,2017-12-01,2017,12,diesel_kwh_generated,59003,quality_check
A3317300620225003_diesel_kwh_generated,A3317300620225003,331730,Wales,2019-12-01,2019,12,diesel_kwh_generated,64219,quality_check
A3317300621225003_diesel_kwh_generated,A3317300621225003,331730,Wales,2020-12-01,2020,12,diesel_kwh_generated,63111,quality_check
A3317300623225003_diesel_kwh_generated,A3317300623225003,331730,Wales,2022-12-01,2022,12,diesel_kwh_generated,72282,quality_check
A3317301125225003_diesel_kwh_generated,A3317301125225003,331730,Wales,2025-05-01,2025,5,diesel_kwh_generated,55280,quality_check
A3317301223225003_diesel_kwh_generated,A3317301223225003,331730,Wales,2023-06-01,2023,6,diesel_kwh_generated,61425,quality_check
A3329000622225003_fuel_used_gallons,A3329000622225003,332900,Yakutat,2021-12-01,2021,12,fuel_used_gallons,16002,quality_check
A3329000622225003_diesel_kwh_generated,A3329000622225003,332900,Yakutat,2021-12-01,2021,12,diesel_kwh_generated,547236,quality_check
A3329001125225003_diesel_kwh_generated,A3329001125225003,332900,Yakutat,2025-05-01,2025,5,diesel_kwh_generated,537208,quality_check
A3329001223225003_diesel_kwh_generated,A3329001223225003,332900,Yakutat,2023-06-01,2023,6,diesel_kwh_generated,517628,quality_check
A3329000724225003_residential_rate,A3329000724225003,332900,Yakutat,2024-01-01,2024,1,residential_rate,0.5521,quality_check
A3329000724225003_residential_rate,A3329000724225003,332900,Yakutat,2024-01-01,2024,1,residential_rate,0.5521,quality_check
