identifier,project_code,sales_reporting_name,date,calendar_year,calendar_month,column,raw_value,median_val,mad_score,anomaly_severity
A3310051023225003,331005,Adak,2023-04-01,2023,4,diesel_kwh_generated,249556,164652,5,Strong
A3310050924225003,331005,Adak,2024-03-01,2024,3,powerhouse_consumption_kwh,77093,26234,7,Strong
A3310051024225003,331005,Adak,2024-04-01,2024,4,powerhouse_consumption_kwh,73471,26234,7,Strong
A3310051124225003,331005,Adak,2024-05-01,2024,5,powerhouse_consumption_kwh,67798,26234,6,Strong
A3310051224225003,331005,Adak,2024-06-01,2024,6,powerhouse_consumption_kwh,63535,26234,5,Strong
A3310050426225003,331005,Adak,2025-10-01,2025,10,fuel_used_gallons,5363,13435,5,Strong
A3310050426225003,331005,Adak,2025-10-01,2025,10,diesel_kwh_generated,59230,164652,6,Strong
A3310050526225003,331005,Adak,2025-11-01,2025,11,fuel_used_gallons,5618,13435,5,Strong
A3310050526225003,331005,Adak,2025-11-01,2025,11,diesel_kwh_generated,56322,164652,6,Strong
A3310050626225003,331005,Adak,2025-12-01,2025,12,diesel_kwh_generated,82170,164652,5,Strong
A3310051126225003,331005,Adak,2026-05-01,2026,5,fuel_used_gallons,5639,13435,5,Strong
A3310051126225003,331005,Adak,2026-05-01,2026,5,diesel_kwh_generated,67375,164652,5,Strong
A3310051226225003,331005,Adak,2026-06-01,2026,6,diesel_kwh_generated,79998,164652,5,Strong
A3310100819225003,331010,Akhiok,2019-02-01,2019,2,residential_sold_to,18895,7292,8,Strong
A3310100921225003,331010,Akhiok,2021-03-01,2021,3,fuel_used_gallons,4473,2760,5,Strong
A3310100122225003,331010,Akhiok,2021-07-01,2021,7,fuel_used_gallons,1165,2760,5,Strong
A3310100222225003,331010,Akhiok,2021-08-01,2021,8,fuel_used_gallons,1165,2760,5,Strong
A3310100322225003,331010,Akhiok,2021-09-01,2021,9,fuel_used_gallons,1255,2760,5,Strong
A3310100622225003,331010,Akhiok,2021-12-01,2021,12,commercial_sold_to,19102,9096,5,Strong
A3310100822225003,331010,Akhiok,2022-02-01,2022,2,powerhouse_consumption_kwh,5199,869,5,Strong
A3310100923225003,331010,Akhiok,2023-03-01,2023,3,peak_consumption_kw,2202,60,63,Extreme
A3310101223225003,331010,Akhiok,2023-06-01,2023,6,residential_sold_to,14682,7292,5,Strong
A3310100724225003,331010,Akhiok,2024-01-01,2024,1,diesel_kwh_generated,45738,23600,5,Strong
A3310100724225003,331010,Akhiok,2024-01-01,2024,1,govt_facil_sold_to,1269,497,5,Strong
A3310100425225003,331010,Akhiok,2024-10-01,2024,10,diesel_kwh_generated,71382,23600,11,Extreme
A3310100425225003,331010,Akhiok,2024-10-01,2024,10,powerhouse_consumption_kwh,4801,869,5,Strong
A3310100226225003,331010,Akhiok,2025-08-01,2025,8,fuel_used_gallons,0,2760,8,Strong
A3310100626225003,331010,Akhiok,2025-12-01,2025,12,govt_facil_sold_to,1163,497,5,Strong
A3310200118225003,331020,Akiachak,2017-07-01,2017,7,residential_customers,136,190,7,Strong
A3310201221225003,331020,Akiachak,2021-06-01,2021,6,powerhouse_consumption_kwh,6129,2975,5,Strong
A3310200122225003,331020,Akiachak,2021-07-01,2021,7,powerhouse_consumption_kwh,5962,2975,5,Strong
A3310200223225003,331020,Akiachak,2022-08-01,2022,8,powerhouse_consumption_kwh,8293,2975,8,Strong
A3310200323225003,331020,Akiachak,2022-09-01,2022,9,unbilled_sold_to,95852,4156,52,Extreme
A3310200524225003,331020,Akiachak,2023-11-01,2023,11,fuel_used_gallons,19885,11625,6,Strong
A3310200624225003,331020,Akiachak,2023-12-01,2023,12,fuel_used_gallons,18581,11625,5,Strong
A3310200925225003,331020,Akiachak,2025-03-01,2025,3,wind_kwh_generated,15919,0,NA,Strong
A3310201025225003,331020,Akiachak,2025-04-01,2025,4,wind_kwh_generated,25928,0,NA,Strong
A3310201125225003,331020,Akiachak,2025-05-01,2025,5,wind_kwh_generated,21949,0,NA,Strong
A3310201225225003,331020,Akiachak,2025-06-01,2025,6,wind_kwh_generated,19353,0,NA,Strong
A3310200126225003,331020,Akiachak,2025-07-01,2025,7,wind_kwh_generated,16988,0,NA,Strong
A3310200226225003,331020,Akiachak,2025-08-01,2025,8,wind_kwh_generated,15280,0,NA,Strong
A3310200326225003,331020,Akiachak,2025-09-01,2025,9,wind_kwh_generated,19003,0,NA,Strong
A3310200826225003,331020,Akiachak,2026-02-01,2026,2,wind_kwh_generated,12860,0,NA,Strong
A3310200926225003,331020,Akiachak,2026-03-01,2026,3,wind_kwh_generated,37362,0,NA,Strong
A3310201026225003,331020,Akiachak,2026-04-01,2026,4,wind_kwh_generated,25342,0,NA,Strong
A3310201126225003,331020,Akiachak,2026-05-01,2026,5,wind_kwh_generated,27737,0,NA,Strong
A3310201226225003,331020,Akiachak,2026-06-01,2026,6,wind_kwh_generated,24842,0,NA,Strong
A3310200127225003,331020,Akiachak,2026-07-01,2026,7,wind_kwh_generated,17278,0,NA,Strong
A3310300818225003,331030,Akiak,2018-02-01,2018,2,fuel_used_gallons,17318,7954,8,Strong
A3310300818225003,331030,Akiak,2018-02-01,2018,2,powerhouse_consumption_kwh,5126,2645,9,Extreme
A3310300123225003,331030,Akiak,2022-07-01,2022,7,govt_facil_sold_to,54459,2316.5,35,Extreme
A3310300223225003,331030,Akiak,2022-08-01,2022,8,commercial_sold_to,267666,41166.5,12,Extreme
A3310300224225003,331030,Akiak,2023-08-01,2023,8,fuel_used_gallons,21098,7954,11,Extreme
A3310300224225003,331030,Akiak,2023-08-01,2023,8,residential_sold_to,106044,32619,11,Extreme
A3310300224225003,331030,Akiak,2023-08-01,2023,8,unbilled_sold_to,3461,775.5,5,Strong
A3310300324225003,331030,Akiak,2023-09-01,2023,9,diesel_kwh_generated,214987,100561.5,7,Strong
A3310300324225003,331030,Akiak,2023-09-01,2023,9,commercial_sold_to,166922,41166.5,6,Strong
A3310300924225003,331030,Akiak,2024-03-01,2024,3,residential_sold_to,260475,32619,34,Extreme
A3310300924225003,331030,Akiak,2024-03-01,2024,3,commercial_sold_to,294257,41166.5,13,Extreme
A3310300924225003,331030,Akiak,2024-03-01,2024,3,com_facil_sold_to,212495,11981,30,Extreme
A3310300924225003,331030,Akiak,2024-03-01,2024,3,govt_facil_sold_to,22135,2316.5,13,Extreme
A3310300924225003,331030,Akiak,2024-03-01,2024,3,unbilled_sold_to,10461,775.5,18,Extreme
A3310300225225003,331030,Akiak,2024-08-01,2024,8,fuel_used_gallons,25572,7954,15,Extreme
A3310300225225003,331030,Akiak,2024-08-01,2024,8,diesel_kwh_generated,267575,100561.5,10,Extreme
A3310300225225003,331030,Akiak,2024-08-01,2024,8,powerhouse_consumption_kwh,9914,2645,27,Extreme
A3310300225225003,331030,Akiak,2024-08-01,2024,8,residential_sold_to,98245,32619,10,Extreme
A3310300126225003,331030,Akiak,2025-07-01,2025,7,fuel_used_gallons,15084,7954,6,Strong
A3310300126225003,331030,Akiak,2025-07-01,2025,7,residential_sold_to,69724,32619,6,Strong
A3310300726225003,331030,Akiak,2026-01-01,2026,1,fuel_used_gallons,17109,7954,8,Strong
A3310300726225003,331030,Akiak,2026-01-01,2026,1,diesel_kwh_generated,217138,100561.5,7,Strong
A3310300726225003,331030,Akiak,2026-01-01,2026,1,powerhouse_consumption_kwh,5645,2645,11,Extreme
A3310300726225003,331030,Akiak,2026-01-01,2026,1,residential_sold_to,76581,32619,7,Strong
A3310300826225003,331030,Akiak,2026-02-01,2026,2,residential_sold_to,86604,32619,8,Strong
A3310400816225003,331040,Akutan,2016-02-01,2016,2,govt_facil_sold_to,812,266,7,Strong
A3310401116225003,331040,Akutan,2016-05-01,2016,5,govt_facil_sold_to,925,266,8,Strong
A3310401216225003,331040,Akutan,2016-06-01,2016,6,govt_facil_sold_to,942,266,8,Strong
A3310400117225003,331040,Akutan,2016-07-01,2016,7,govt_facil_sold_to,865,266,7,Strong
A3310400717225003,331040,Akutan,2017-01-01,2017,1,peak_consumption_kw,5,87,5,Strong
A3310401017225003,331040,Akutan,2017-04-01,2017,4,govt_facil_sold_to,994,266,9,Extreme
A3310400118225003,331040,Akutan,2017-07-01,2017,7,govt_facil_sold_to,775,266,6,Strong
A3310400322225003,331040,Akutan,2021-09-01,2021,9,govt_facil_sold_to,660,266,5,Strong
A3310400722225003,331040,Akutan,2022-01-01,2022,1,govt_facil_sold_to,718,266,6,Strong
A3310401122225003,331040,Akutan,2022-05-01,2022,5,govt_facil_sold_to,764,266,6,Strong
A3310400226225003,331040,Akutan,2025-08-01,2025,8,hydro_kwh_generated,40552,4889,5,Strong
A3312400116225003,331240,Alakanuk,2015-07-01,2015,7,fuel_used_gallons,11377,0,NA,Strong
A3312400216225003,331240,Alakanuk,2015-08-01,2015,8,fuel_used_gallons,12557,0,NA,Strong
A3312400216225003,331240,Alakanuk,2015-08-01,2015,8,commercial_sold_to,26063,13681,7,Strong
A3312400316225003,331240,Alakanuk,2015-09-01,2015,9,fuel_used_gallons,16662,0,NA,Strong
A3312400316225003,331240,Alakanuk,2015-09-01,2015,9,commercial_sold_to,24582,13681,6,Strong
A3312400416225003,331240,Alakanuk,2015-10-01,2015,10,fuel_used_gallons,16806,0,NA,Strong
A3312400416225003,331240,Alakanuk,2015-10-01,2015,10,commercial_sold_to,23299,13681,5,Strong
A3312400516225003,331240,Alakanuk,2015-11-01,2015,11,fuel_used_gallons,13776,0,NA,Strong
A3312400516225003,331240,Alakanuk,2015-11-01,2015,11,commercial_sold_to,23763,13681,5,Strong
A3312400616225003,331240,Alakanuk,2015-12-01,2015,12,commercial_sold_to,25113,13681,6,Strong
A3312400716225003,331240,Alakanuk,2016-01-01,2016,1,fuel_used_gallons,15720,0,NA,Strong
A3312400716225003,331240,Alakanuk,2016-01-01,2016,1,commercial_sold_to,25007,13681,6,Strong
A3312400816225003,331240,Alakanuk,2016-02-01,2016,2,fuel_used_gallons,13782,0,NA,Strong
A3312400916225003,331240,Alakanuk,2016-03-01,2016,3,fuel_used_gallons,14196,0,NA,Strong
A3312401016225003,331240,Alakanuk,2016-04-01,2016,4,fuel_used_gallons,13309,0,NA,Strong
A3312401116225003,331240,Alakanuk,2016-05-01,2016,5,fuel_used_gallons,12930,0,NA,Strong
A3312401216225003,331240,Alakanuk,2016-06-01,2016,6,fuel_used_gallons,10763,0,NA,Strong
A3312400117225003,331240,Alakanuk,2016-07-01,2016,7,fuel_used_gallons,10766,0,NA,Strong
A3312400217225003,331240,Alakanuk,2016-08-01,2016,8,diesel_kwh_generated,52919,178856,6,Strong
A3312400217225003,331240,Alakanuk,2016-08-01,2016,8,residential_customers,65,157,16,Extreme
A3312400417225003,331240,Alakanuk,2016-10-01,2016,10,residential_customers,88,157,12,Extreme
A3312400517225003,331240,Alakanuk,2016-11-01,2016,11,residential_customers,90,157,11,Extreme
A3312400717225003,331240,Alakanuk,2017-01-01,2017,1,residential_customers,91,157,11,Extreme
A3312400817225003,331240,Alakanuk,2017-02-01,2017,2,residential_customers,90,157,11,Extreme
A3312400626225003,331240,Alakanuk,2025-12-01,2025,12,commercial_sold_to,22954,13681,5,Strong
A3312400726225003,331240,Alakanuk,2026-01-01,2026,1,commercial_sold_to,27835,13681,7,Strong
A3312400726225003,331240,Alakanuk,2026-01-01,2026,1,com_facil_sold_to,79189,32677,5,Strong
A3312400826225003,331240,Alakanuk,2026-02-01,2026,2,commercial_sold_to,22318,13681,5,Strong
A3312400926225003,331240,Alakanuk,2026-03-01,2026,3,commercial_sold_to,32495,13681,10,Extreme
A3312401026225003,331240,Alakanuk,2026-04-01,2026,4,commercial_sold_to,26631,13681,7,Strong
A3312401126225003,331240,Alakanuk,2026-05-01,2026,5,commercial_sold_to,0,13681,7,Strong
A3310500720225003,331050,"Allakaket, Alatna",2020-01-01,2020,1,commercial_sold_to,7723,3225,5,Strong
A3310500726225003,331050,"Allakaket, Alatna",2026-01-01,2026,1,commercial_sold_to,6998,3225,5,Strong
A3312500116225003,331250,Ambler,2015-07-01,2015,7,commercial_sold_to,12461,3285,23,Extreme
A3312500216225003,331250,Ambler,2015-08-01,2015,8,commercial_sold_to,12762,3285,24,Extreme
A3312500316225003,331250,Ambler,2015-09-01,2015,9,commercial_sold_to,15624,3285,31,Extreme
A3312500416225003,331250,Ambler,2015-10-01,2015,10,commercial_sold_to,22259,3285,48,Extreme
A3312500516225003,331250,Ambler,2015-11-01,2015,11,commercial_sold_to,19421,3285,41,Extreme
A3312500616225003,331250,Ambler,2015-12-01,2015,12,commercial_sold_to,24184,3285,53,Extreme
A3312500716225003,331250,Ambler,2016-01-01,2016,1,commercial_sold_to,23567,3285,51,Extreme
A3312500816225003,331250,Ambler,2016-02-01,2016,2,commercial_sold_to,5115,3285,5,Strong
A3312500620225003,331250,Ambler,2019-12-01,2019,12,fuel_used_gallons,17629,7901,6,Strong
A3312500722225003,331250,Ambler,2022-01-01,2022,1,residential_sold_to,79156,38047.5,5,Strong
A3312500825225003,331250,Ambler,2025-02-01,2025,2,com_facil_sold_to,55826,22363,6,Strong
A3312500526225003,331250,Ambler,2025-11-01,2025,11,commercial_sold_to,12709,3285,24,Extreme
A3312500626225003,331250,Ambler,2025-12-01,2025,12,commercial_sold_to,16036,3285,32,Extreme
A3312500726225003,331250,Ambler,2026-01-01,2026,1,commercial_sold_to,16138,3285,32,Extreme
A3312500826225003,331250,Ambler,2026-02-01,2026,2,commercial_sold_to,12643,3285,24,Extreme
A3312500926225003,331250,Ambler,2026-03-01,2026,3,commercial_sold_to,12925,3285,24,Extreme
A3312501026225003,331250,Ambler,2026-04-01,2026,4,commercial_sold_to,11701,3285,21,Extreme
A3312501126225003,331250,Ambler,2026-05-01,2026,5,commercial_sold_to,0,3285,8,Strong
A3323500916225003,332350,Anaktuvuk Pass,2016-03-01,2016,3,peak_consumption_kw,1070,595,5,Strong
A3323500617225003,332350,Anaktuvuk Pass,2016-12-01,2016,12,peak_consumption_kw,1134,595,6,Strong
A3323500817225003,332350,Anaktuvuk Pass,2017-02-01,2017,2,peak_consumption_kw,1134,595,6,Strong
A3323500721225003,332350,Anaktuvuk Pass,2021-01-01,2021,1,peak_consumption_kw,1519,595,11,Extreme
A3323500821225003,332350,Anaktuvuk Pass,2021-02-01,2021,2,peak_consumption_kw,1047,595,5,Strong
A3323500921225003,332350,Anaktuvuk Pass,2021-03-01,2021,3,peak_consumption_kw,1899,595,15,Extreme
A3323501121225003,332350,Anaktuvuk Pass,2021-05-01,2021,5,peak_consumption_kw,1900,595,15,Extreme
A3323500722225003,332350,Anaktuvuk Pass,2022-01-01,2022,1,peak_consumption_kw,1183,595,7,Strong
A3323501123225003,332350,Anaktuvuk Pass,2023-05-01,2023,5,peak_consumption_kw,4415,595,44,Extreme
A3323500826225003,332350,Anaktuvuk Pass,2026-02-01,2026,2,residential_sold_to,136637,62773,5,Strong
A3326500126225003,332650,Angoon,2025-07-01,2025,7,commercial_sold_to,84044,44718,5,Strong
A3326500226225003,332650,Angoon,2025-08-01,2025,8,commercial_sold_to,92412,44718,6,Strong
A3326500326225003,332650,Angoon,2025-09-01,2025,9,commercial_sold_to,84646,44718,5,Strong
A3326500726225003,332650,Angoon,2026-01-01,2026,1,residential_sold_to,101165,67551.5,5,Strong
A3326500826225003,332650,Angoon,2026-02-01,2026,2,residential_customers,142,194,18,Extreme
A3326500926225003,332650,Angoon,2026-03-01,2026,3,residential_customers,141,194,18,Extreme
A3326501026225003,332650,Angoon,2026-04-01,2026,4,residential_customers,142,194,18,Extreme
A3326500127225003,332650,Angoon,2026-07-01,2026,7,commercial_sold_to,88260,44718,6,Strong
A3326500227225003,332650,Angoon,2026-08-01,2026,8,commercial_sold_to,90320,44718,6,Strong
A3317600717225003,331760,Aniak,2017-01-01,2017,1,unbilled_sold_to,12655,2901,5,Strong
A3317600719225003,331760,Aniak,2019-01-01,2019,1,unbilled_sold_to,12145,2901,5,Strong
A3317600720225003,331760,Aniak,2020-01-01,2020,1,unbilled_sold_to,12098,2901,5,Strong
A3317600822225003,331760,Aniak,2022-02-01,2022,2,peak_consumption_kw,52,420,6,Strong
A3317600925225003,331760,Aniak,2025-03-01,2025,3,peak_consumption_kw,2901,420,42,Extreme
A3317600626225003,331760,Aniak,2025-12-01,2025,12,com_facil_sold_to,13347,5203,5,Strong
A3317600726225003,331760,Aniak,2026-01-01,2026,1,com_facil_sold_to,16806,5203,7,Strong
A3317600926225003,331760,Aniak,2026-03-01,2026,3,com_facil_sold_to,15336,5203,6,Strong
A3312600116225003,331260,Anvik,2015-07-01,2015,7,com_facil_sold_to,4177,10556,7,Strong
A3312600216225003,331260,Anvik,2015-08-01,2015,8,com_facil_sold_to,4183,10556,7,Strong
A3312600316225003,331260,Anvik,2015-09-01,2015,9,com_facil_sold_to,4647,10556,6,Strong
A3312600416225003,331260,Anvik,2015-10-01,2015,10,com_facil_sold_to,4824,10556,6,Strong
A3312600516225003,331260,Anvik,2015-11-01,2015,11,com_facil_sold_to,5530,10556,5,Strong
A3312600616225003,331260,Anvik,2015-12-01,2015,12,commercial_sold_to,10356,0,NA,Strong
A3312600616225003,331260,Anvik,2015-12-01,2015,12,com_facil_sold_to,5530,10556,5,Strong
A3312600716225003,331260,Anvik,2016-01-01,2016,1,commercial_sold_to,10649,0,NA,Strong
A3312600716225003,331260,Anvik,2016-01-01,2016,1,com_facil_sold_to,5560,10556,5,Strong
A3312600217225003,331260,Anvik,2016-08-01,2016,8,residential_customers,122,37,29,Extreme
A3312600417225003,331260,Anvik,2016-10-01,2016,10,residential_customers,161,37,42,Extreme
A3312600517225003,331260,Anvik,2016-11-01,2016,11,residential_customers,161,37,42,Extreme
A3312600717225003,331260,Anvik,2017-01-01,2017,1,residential_customers,161,37,42,Extreme
A3312600817225003,331260,Anvik,2017-02-01,2017,2,residential_customers,161,37,42,Extreme
A3312600520225003,331260,Anvik,2019-11-01,2019,11,com_facil_sold_to,15273,10556,5,Strong
A3312600620225003,331260,Anvik,2019-12-01,2019,12,com_facil_sold_to,16859,10556,7,Strong
A3312600622225003,331260,Anvik,2021-12-01,2021,12,fuel_used_gallons,4515,2886,5,Strong
A3312600526225003,331260,Anvik,2025-11-01,2025,11,wind_kwh_generated,190906,0,NA,Extreme
A3312600526225003,331260,Anvik,2025-11-01,2025,11,commercial_sold_to,10073,0,NA,Strong
A3312600526225003,331260,Anvik,2025-11-01,2025,11,com_facil_sold_to,4359,10556,7,Strong
A3312600626225003,331260,Anvik,2025-12-01,2025,12,com_facil_sold_to,4129,10556,7,Strong
A3312600726225003,331260,Anvik,2026-01-01,2026,1,com_facil_sold_to,4456,10556,6,Strong
A3312600826225003,331260,Anvik,2026-02-01,2026,2,com_facil_sold_to,4237,10556,7,Strong
A3312600826225003,331260,Anvik,2026-02-01,2026,2,govt_facil_sold_to,31922,6881,9,Strong
A3312600926225003,331260,Anvik,2026-03-01,2026,3,com_facil_sold_to,4626,10556,6,Strong
A3312601026225003,331260,Anvik,2026-04-01,2026,4,com_facil_sold_to,3859,10556,7,Strong
A3312601126225003,331260,Anvik,2026-05-01,2026,5,com_facil_sold_to,0,10556,11,Extreme
A3317701018225003,331770,Arctic Village,2018-04-01,2018,4,govt_facil_sold_to,2432,556,7,Strong
A3317700422225003,331770,Arctic Village,2021-10-01,2021,10,fuel_used_gallons,13695,4255,5,Strong
A3317700422225003,331770,Arctic Village,2021-10-01,2021,10,diesel_kwh_generated,126000,48745.5,5,Strong
A3317700422225003,331770,Arctic Village,2021-10-01,2021,10,residential_sold_to,54203,18237,6,Strong
A3317700822225003,331770,Arctic Village,2022-02-01,2022,2,fuel_used_gallons,20356,4255,9,Extreme
A3317700323225003,331770,Arctic Village,2022-09-01,2022,9,unbilled_sold_to,11386,2159,5,Strong
A3317700523225003,331770,Arctic Village,2022-11-01,2022,11,residential_sold_to,48466,18237,5,Strong
A3317700523225003,331770,Arctic Village,2022-11-01,2022,11,com_facil_sold_to,49602,5471,9,Strong
A3317700723225003,331770,Arctic Village,2023-01-01,2023,1,com_facil_sold_to,47210,5471,8,Strong
A3317700923225003,331770,Arctic Village,2023-03-01,2023,3,residential_sold_to,47927,18237,5,Strong
A3317700923225003,331770,Arctic Village,2023-03-01,2023,3,com_facil_sold_to,48824,5471,9,Strong
A3317700124225003,331770,Arctic Village,2023-07-01,2023,7,residential_sold_to,69278,18237,8,Strong
A3317700824225003,331770,Arctic Village,2024-02-01,2024,2,commercial_sold_to,51862,13796,5,Strong
A3317700924225003,331770,Arctic Village,2024-03-01,2024,3,commercial_sold_to,51862,13796,5,Strong
A3317701024225003,331770,Arctic Village,2024-04-01,2024,4,commercial_sold_to,51862,13796,5,Strong
A3317701124225003,331770,Arctic Village,2024-05-01,2024,5,commercial_sold_to,51862,13796,5,Strong
A3317701224225003,331770,Arctic Village,2024-06-01,2024,6,commercial_sold_to,51890,13796,5,Strong
A3317700125225003,331770,Arctic Village,2024-07-01,2024,7,commercial_sold_to,64508,13796,7,Strong
A3317700225225003,331770,Arctic Village,2024-08-01,2024,8,unbilled_sold_to,33847,2159,15,Extreme
A3317700525225003,331770,Arctic Village,2024-11-01,2024,11,unbilled_sold_to,22906,2159,10,Extreme
A3317700825225003,331770,Arctic Village,2025-02-01,2025,2,unbilled_sold_to,17710,2159,8,Strong
A3317700626225003,331770,Arctic Village,2025-12-01,2025,12,unbilled_sold_to,18003,2159,8,Strong
A3317700826225003,331770,Arctic Village,2026-02-01,2026,2,unbilled_sold_to,12072,2159,5,Strong
A3317701126225003,331770,Arctic Village,2026-05-01,2026,5,unbilled_sold_to,12851,2159,5,Strong
A3317500716225003,331750,Atka,2016-01-01,2016,1,govt_facil_sold_to,8776,3701,5,Strong
A3317500217225003,331750,Atka,2016-08-01,2016,8,fuel_used_gallons,3927,487,5,Strong
A3317500917225003,331750,Atka,2017-03-01,2017,3,unbilled_sold_to,330,57,7,Strong
A3317500618225003,331750,Atka,2017-12-01,2017,12,peak_consumption_kw,130,52,8,Strong
A3317500718225003,331750,Atka,2018-01-01,2018,1,unbilled_sold_to,378,57,8,Strong
A3317500624225003,331750,Atka,2023-12-01,2023,12,residential_sold_to,18231,9015,5,Strong
A3317500624225003,331750,Atka,2023-12-01,2023,12,com_facil_sold_to,13304,3386,6,Strong
A3317500724225003,331750,Atka,2024-01-01,2024,1,peak_consumption_kw,112,52,6,Strong
A3317800616225003,331780,Atmautluak,2015-12-01,2015,12,fuel_used_gallons,0,5515,5,Strong
A3317800716225003,331780,Atmautluak,2016-01-01,2016,1,fuel_used_gallons,11792,5515,6,Strong
A3317800217225003,331780,Atmautluak,2016-08-01,2016,8,govt_facil_sold_to,18048,1533,13,Extreme
A3317800118225003,331780,Atmautluak,2017-07-01,2017,7,govt_facil_sold_to,13628,1533,10,Extreme
A3317800718225003,331780,Atmautluak,2018-01-01,2018,1,govt_facil_sold_to,29960,1533,23,Extreme
A3317800920225003,331780,Atmautluak,2020-03-01,2020,3,unbilled_sold_to,586,122,5,Strong
A3317800722225003,331780,Atmautluak,2022-01-01,2022,1,unbilled_sold_to,850,122,7,Strong
A3317800822225003,331780,Atmautluak,2022-02-01,2022,2,powerhouse_consumption_kwh,5230,3188,5,Strong
A3317800822225003,331780,Atmautluak,2022-02-01,2022,2,unbilled_sold_to,804,122,7,Strong
A3317800922225003,331780,Atmautluak,2022-03-01,2022,3,unbilled_sold_to,701,122,6,Strong
A3317801022225003,331780,Atmautluak,2022-04-01,2022,4,powerhouse_consumption_kwh,6780,3188,9,Strong
A3317801022225003,331780,Atmautluak,2022-04-01,2022,4,unbilled_sold_to,757,122,6,Strong
A3317801122225003,331780,Atmautluak,2022-05-01,2022,5,powerhouse_consumption_kwh,9645,3188,16,Extreme
A3317801122225003,331780,Atmautluak,2022-05-01,2022,5,unbilled_sold_to,789,122,7,Strong
A3317801222225003,331780,Atmautluak,2022-06-01,2022,6,powerhouse_consumption_kwh,6029,3188,7,Strong
A3317800123225003,331780,Atmautluak,2022-07-01,2022,7,powerhouse_consumption_kwh,6186,3188,7,Strong
A3317800123225003,331780,Atmautluak,2022-07-01,2022,7,unbilled_sold_to,741,122,6,Strong
A3317800223225003,331780,Atmautluak,2022-08-01,2022,8,powerhouse_consumption_kwh,8019,3188,12,Extreme
A3317800323225003,331780,Atmautluak,2022-09-01,2022,9,powerhouse_consumption_kwh,7845,3188,11,Extreme
A3317800423225003,331780,Atmautluak,2022-10-01,2022,10,powerhouse_consumption_kwh,6533,3188,8,Strong
A3317800423225003,331780,Atmautluak,2022-10-01,2022,10,unbilled_sold_to,732,122,6,Strong
A3317800523225003,331780,Atmautluak,2022-11-01,2022,11,powerhouse_consumption_kwh,8881,3188,14,Extreme
A3317800523225003,331780,Atmautluak,2022-11-01,2022,11,unbilled_sold_to,887,122,7,Strong
A3317800623225003,331780,Atmautluak,2022-12-01,2022,12,powerhouse_consumption_kwh,7437,3188,10,Extreme
A3317800623225003,331780,Atmautluak,2022-12-01,2022,12,unbilled_sold_to,710,122,6,Strong
A3317800823225003,331780,Atmautluak,2023-02-01,2023,2,powerhouse_consumption_kwh,7028,3188,9,Extreme
A3317800923225003,331780,Atmautluak,2023-03-01,2023,3,powerhouse_consumption_kwh,9111,3188,15,Extreme
A3317801023225003,331780,Atmautluak,2023-04-01,2023,4,powerhouse_consumption_kwh,7051,3188,9,Extreme
A3317801123225003,331780,Atmautluak,2023-05-01,2023,5,powerhouse_consumption_kwh,7630,3188,11,Extreme
A3317801223225003,331780,Atmautluak,2023-06-01,2023,6,powerhouse_consumption_kwh,7630,3188,11,Extreme
A3317800224225003,331780,Atmautluak,2023-08-01,2023,8,powerhouse_consumption_kwh,6878,3188,9,Extreme
A3317800324225003,331780,Atmautluak,2023-09-01,2023,9,powerhouse_consumption_kwh,9083,3188,14,Extreme
A3317800424225003,331780,Atmautluak,2023-10-01,2023,10,powerhouse_consumption_kwh,10103,3188,17,Extreme
A3317800524225003,331780,Atmautluak,2023-11-01,2023,11,powerhouse_consumption_kwh,9451,3188,15,Extreme
A3323600420225003,332360,Atqasuk,2019-10-01,2019,10,govt_facil_sold_to,5493,1387,5,Strong
A3323600520225003,332360,Atqasuk,2019-11-01,2019,11,govt_facil_sold_to,8298,1387,8,Strong
A3323600620225003,332360,Atqasuk,2019-12-01,2019,12,govt_facil_sold_to,11150,1387,12,Extreme
A3323600720225003,332360,Atqasuk,2020-01-01,2020,1,govt_facil_sold_to,12152,1387,13,Extreme
A3323600820225003,332360,Atqasuk,2020-02-01,2020,2,govt_facil_sold_to,11341,1387,12,Extreme
A3323600920225003,332360,Atqasuk,2020-03-01,2020,3,govt_facil_sold_to,10655,1387,11,Extreme
A3323601020225003,332360,Atqasuk,2020-04-01,2020,4,govt_facil_sold_to,8525,1387,9,Strong
A3323601120225003,332360,Atqasuk,2020-05-01,2020,5,govt_facil_sold_to,7801,1387,8,Strong
A3323601121225003,332360,Atqasuk,2021-05-01,2021,5,residential_customers,0,64,14,Extreme
A3323601121225003,332360,Atqasuk,2021-05-01,2021,5,commercial_customers,0,52,35,Extreme
A3323601221225003,332360,Atqasuk,2021-06-01,2021,6,fuel_used_gallons,0,22169,7,Strong
A3323600726225003,332360,Atqasuk,2026-01-01,2026,1,com_facil_sold_to,20090,4842,5,Strong
A3317900920225003,331790,Beaver,2020-03-01,2020,3,powerhouse_consumption_kwh,1660,209.5,5,Strong
A3317901120225003,331790,Beaver,2020-05-01,2020,5,powerhouse_consumption_kwh,1678,209.5,5,Strong
A3317900121225003,331790,Beaver,2020-07-01,2020,7,powerhouse_consumption_kwh,2895,209.5,9,Strong
A3317900221225003,331790,Beaver,2020-08-01,2020,8,powerhouse_consumption_kwh,2863,209.5,9,Strong
A3317900321225003,331790,Beaver,2020-09-01,2020,9,powerhouse_consumption_kwh,3509,209.5,11,Extreme
A3317900621225003,331790,Beaver,2020-12-01,2020,12,powerhouse_consumption_kwh,3981,209.5,12,Extreme
A3317900721225003,331790,Beaver,2021-01-01,2021,1,powerhouse_consumption_kwh,4128,209.5,13,Extreme
A3317900921225003,331790,Beaver,2021-03-01,2021,3,powerhouse_consumption_kwh,3761,209.5,12,Extreme
A3317900922225003,331790,Beaver,2022-03-01,2022,3,residential_sold_to,13548,6772,5,Strong
A3318000516225003,331800,"Bethel, Oscarville",2015-11-01,2015,11,commercial_sold_to,1911319,1309592,5,Strong
A3318000616225003,331800,"Bethel, Oscarville",2015-12-01,2015,12,commercial_sold_to,1986335,1309592,6,Strong
A3318000716225003,331800,"Bethel, Oscarville",2016-01-01,2016,1,commercial_sold_to,2022520,1309592,6,Strong
A3318000217225003,331800,"Bethel, Oscarville",2016-08-01,2016,8,residential_customers,163,1742,11,Extreme
A3318000417225003,331800,"Bethel, Oscarville",2016-10-01,2016,10,residential_customers,229,1742,11,Extreme
A3318000517225003,331800,"Bethel, Oscarville",2016-11-01,2016,11,residential_customers,230,1742,11,Extreme
A3318000717225003,331800,"Bethel, Oscarville",2017-01-01,2017,1,residential_customers,232,1742,11,Extreme
A3318000817225003,331800,"Bethel, Oscarville",2017-02-01,2017,2,residential_customers,232,1742,11,Extreme
A3318000526225003,331800,"Bethel, Oscarville",2025-11-01,2025,11,commercial_sold_to,1847623,1309592,5,Strong
A3318000626225003,331800,"Bethel, Oscarville",2025-12-01,2025,12,commercial_sold_to,1812517,1309592,5,Strong
A3318000726225003,331800,"Bethel, Oscarville",2026-01-01,2026,1,residential_sold_to,1525259,826181,5,Strong
A3318000726225003,331800,"Bethel, Oscarville",2026-01-01,2026,1,commercial_sold_to,2009153,1309592,6,Strong
A3318000926225003,331800,"Bethel, Oscarville",2026-03-01,2026,3,commercial_sold_to,2001330,1309592,6,Strong
A3318001126225003,331800,"Bethel, Oscarville",2026-05-01,2026,5,commercial_sold_to,0,1309592,12,Extreme
A3318001126225003,331800,"Bethel, Oscarville",2026-05-01,2026,5,govt_facil_sold_to,0,504187,6,Strong
A3310600622225003,331060,"Bettles, Evansville",2021-12-01,2021,12,powerhouse_consumption_kwh,2145,227,7,Strong
A3310600722225003,331060,"Bettles, Evansville",2022-01-01,2022,1,powerhouse_consumption_kwh,2467,227,8,Strong
A3310600822225003,331060,"Bettles, Evansville",2022-02-01,2022,2,powerhouse_consumption_kwh,2698,227,9,Strong
A3310600922225003,331060,"Bettles, Evansville",2022-03-01,2022,3,powerhouse_consumption_kwh,1554,227,5,Strong
A3310601022225003,331060,"Bettles, Evansville",2022-04-01,2022,4,powerhouse_consumption_kwh,1570,227,5,Strong
A3310600323225003,331060,"Bettles, Evansville",2022-09-01,2022,9,powerhouse_consumption_kwh,2121,227,7,Strong
A3310600423225003,331060,"Bettles, Evansville",2022-10-01,2022,10,powerhouse_consumption_kwh,2400,227,8,Strong
A3310600523225003,331060,"Bettles, Evansville",2022-11-01,2022,11,powerhouse_consumption_kwh,2613,227,8,Strong
A3310600623225003,331060,"Bettles, Evansville",2022-12-01,2022,12,powerhouse_consumption_kwh,2408,227,8,Strong
A3310600723225003,331060,"Bettles, Evansville",2023-01-01,2023,1,powerhouse_consumption_kwh,2244,227,7,Strong
A3310600823225003,331060,"Bettles, Evansville",2023-02-01,2023,2,powerhouse_consumption_kwh,2438,227,8,Strong
A3310600923225003,331060,"Bettles, Evansville",2023-03-01,2023,3,powerhouse_consumption_kwh,2170,227,7,Strong
A3310601023225003,331060,"Bettles, Evansville",2023-04-01,2023,4,powerhouse_consumption_kwh,2290,227,7,Strong
A3310601123225003,331060,"Bettles, Evansville",2023-05-01,2023,5,powerhouse_consumption_kwh,1721,227,5,Strong
A3310601223225003,331060,"Bettles, Evansville",2023-06-01,2023,6,powerhouse_consumption_kwh,1871,227,6,Strong
A3310600124225003,331060,"Bettles, Evansville",2023-07-01,2023,7,powerhouse_consumption_kwh,1636,227,5,Strong
A3310600224225003,331060,"Bettles, Evansville",2023-08-01,2023,8,powerhouse_consumption_kwh,1655,227,5,Strong
A3310600324225003,331060,"Bettles, Evansville",2023-09-01,2023,9,powerhouse_consumption_kwh,2318,227,7,Strong
A3310600424225003,331060,"Bettles, Evansville",2023-10-01,2023,10,powerhouse_consumption_kwh,2207,227,7,Strong
A3310600524225003,331060,"Bettles, Evansville",2023-11-01,2023,11,powerhouse_consumption_kwh,2401,227,8,Strong
A3310600624225003,331060,"Bettles, Evansville",2023-12-01,2023,12,powerhouse_consumption_kwh,2221,227,7,Strong
A3310600724225003,331060,"Bettles, Evansville",2024-01-01,2024,1,powerhouse_consumption_kwh,2364,227,7,Strong
A3310600824225003,331060,"Bettles, Evansville",2024-02-01,2024,2,powerhouse_consumption_kwh,2675,227,9,Strong
A3310600924225003,331060,"Bettles, Evansville",2024-03-01,2024,3,powerhouse_consumption_kwh,2461,227,8,Strong
A3310601024225003,331060,"Bettles, Evansville",2024-04-01,2024,4,powerhouse_consumption_kwh,2454,227,8,Strong
A3310601124225003,331060,"Bettles, Evansville",2024-05-01,2024,5,powerhouse_consumption_kwh,1925,227,6,Strong
A3310601224225003,331060,"Bettles, Evansville",2024-06-01,2024,6,powerhouse_consumption_kwh,1734,227,5,Strong
A3310600125225003,331060,"Bettles, Evansville",2024-07-01,2024,7,powerhouse_consumption_kwh,1542,227,5,Strong
A3310600225225003,331060,"Bettles, Evansville",2024-08-01,2024,8,powerhouse_consumption_kwh,1748,227,5,Strong
A3310600325225003,331060,"Bettles, Evansville",2024-09-01,2024,9,powerhouse_consumption_kwh,1943,227,6,Strong
A3310600425225003,331060,"Bettles, Evansville",2024-10-01,2024,10,powerhouse_consumption_kwh,2714,227,9,Strong
A3310600525225003,331060,"Bettles, Evansville",2024-11-01,2024,11,powerhouse_consumption_kwh,3416,227,11,Extreme
A3310600625225003,331060,"Bettles, Evansville",2024-12-01,2024,12,powerhouse_consumption_kwh,2541,227,8,Strong
A3310600725225003,331060,"Bettles, Evansville",2025-01-01,2025,1,powerhouse_consumption_kwh,2941,227,10,Extreme
A3310600825225003,331060,"Bettles, Evansville",2025-02-01,2025,2,powerhouse_consumption_kwh,3249,227,11,Extreme
A3310600925225003,331060,"Bettles, Evansville",2025-03-01,2025,3,powerhouse_consumption_kwh,3092,227,10,Extreme
A3310601025225003,331060,"Bettles, Evansville",2025-04-01,2025,4,powerhouse_consumption_kwh,3337,227,11,Extreme
A3310601125225003,331060,"Bettles, Evansville",2025-05-01,2025,5,powerhouse_consumption_kwh,2555,227,8,Strong
A3310601225225003,331060,"Bettles, Evansville",2025-06-01,2025,6,powerhouse_consumption_kwh,1975,227,6,Strong
A3310600126225003,331060,"Bettles, Evansville",2025-07-01,2025,7,powerhouse_consumption_kwh,2979,227,10,Extreme
A3310600226225003,331060,"Bettles, Evansville",2025-08-01,2025,8,powerhouse_consumption_kwh,3049,227,10,Extreme
A3310600326225003,331060,"Bettles, Evansville",2025-09-01,2025,9,powerhouse_consumption_kwh,3024,227,10,Extreme
A3310600426225003,331060,"Bettles, Evansville",2025-10-01,2025,10,powerhouse_consumption_kwh,3226,227,11,Extreme
A3310600526225003,331060,"Bettles, Evansville",2025-11-01,2025,11,powerhouse_consumption_kwh,3556,227,12,Extreme
A3310600626225003,331060,"Bettles, Evansville",2025-12-01,2025,12,powerhouse_consumption_kwh,4168,227,14,Extreme
A3310600726225003,331060,"Bettles, Evansville",2026-01-01,2026,1,powerhouse_consumption_kwh,4916,227,16,Extreme
A3310600826225003,331060,"Bettles, Evansville",2026-02-01,2026,2,powerhouse_consumption_kwh,4882,227,16,Extreme
A3310600926225003,331060,"Bettles, Evansville",2026-03-01,2026,3,powerhouse_consumption_kwh,4541,227,15,Extreme
A3310601026225003,331060,"Bettles, Evansville",2026-04-01,2026,4,powerhouse_consumption_kwh,4693,227,16,Extreme
A3310601126225003,331060,"Bettles, Evansville",2026-05-01,2026,5,powerhouse_consumption_kwh,3797,227,13,Extreme
A3310601226225003,331060,"Bettles, Evansville",2026-06-01,2026,6,powerhouse_consumption_kwh,3146,227,10,Extreme
A3318100718225003,331810,Birch Creek,2018-01-01,2018,1,powerhouse_consumption_kwh,1021,305,5,Strong
A3318101219225003,331810,Birch Creek,2019-06-01,2019,6,peak_consumption_kw,401,40,22,Extreme
A3318100222225003,331810,Birch Creek,2021-08-01,2021,8,peak_consumption_kw,149,40,7,Strong
A3318100722225003,331810,Birch Creek,2022-01-01,2022,1,peak_consumption_kw,612,40,35,Extreme
A3318100822225003,331810,Birch Creek,2022-02-01,2022,2,residential_sold_to,6419,2168,6,Strong
A3318101022225003,331810,Birch Creek,2022-04-01,2022,4,peak_consumption_kw,123,40,5,Strong
A3318101022225003,331810,Birch Creek,2022-04-01,2022,4,residential_sold_to,5848,2168,5,Strong
A3312700623225003,331270,Brevig Mission,2022-12-01,2022,12,fuel_used_gallons,14655,7519,5,Strong
A3312700526225003,331270,Brevig Mission,2025-11-01,2025,11,commercial_sold_to,32361,4051,12,Extreme
A3312700526225003,331270,Brevig Mission,2025-11-01,2025,11,com_facil_sold_to,762,24104,5,Strong
A3312700626225003,331270,Brevig Mission,2025-12-01,2025,12,commercial_sold_to,33283,4051,13,Extreme
A3312700626225003,331270,Brevig Mission,2025-12-01,2025,12,com_facil_sold_to,761,24104,5,Strong
A3312700726225003,331270,Brevig Mission,2026-01-01,2026,1,commercial_sold_to,37665,4051,14,Extreme
A3312700726225003,331270,Brevig Mission,2026-01-01,2026,1,com_facil_sold_to,738,24104,5,Strong
A3312700826225003,331270,Brevig Mission,2026-02-01,2026,2,commercial_sold_to,34460,4051,13,Extreme
A3312700826225003,331270,Brevig Mission,2026-02-01,2026,2,com_facil_sold_to,662,24104,5,Strong
A3312700926225003,331270,Brevig Mission,2026-03-01,2026,3,commercial_sold_to,35854,4051,14,Extreme
A3312700926225003,331270,Brevig Mission,2026-03-01,2026,3,com_facil_sold_to,525,24104,5,Strong
A3312701026225003,331270,Brevig Mission,2026-04-01,2026,4,commercial_sold_to,31486,4051,12,Extreme
A3312701026225003,331270,Brevig Mission,2026-04-01,2026,4,com_facil_sold_to,529,24104,5,Strong
A3312701126225003,331270,Brevig Mission,2026-05-01,2026,5,com_facil_sold_to,0,24104,5,Strong
A3318200921225003,331820,Buckland,2021-03-01,2021,3,fuel_used_gallons,25444,10379,5,Strong
A3318201021225003,331820,Buckland,2021-04-01,2021,4,fuel_used_gallons,25444,10379,5,Strong
A3318200922225003,331820,Buckland,2022-03-01,2022,3,powerhouse_consumption_kwh,21233,4019,11,Extreme
A3318201022225003,331820,Buckland,2022-04-01,2022,4,com_facil_sold_to,31984,10563,9,Strong
A3318200523225003,331820,Buckland,2022-11-01,2022,11,govt_facil_sold_to,49701,8707,13,Extreme
A3318200723225003,331820,Buckland,2023-01-01,2023,1,unbilled_customers,969,3,97,Extreme
A3318200823225003,331820,Buckland,2023-02-01,2023,2,unbilled_customers,992,3,99,Extreme
A3318200923225003,331820,Buckland,2023-03-01,2023,3,fuel_used_gallons,34946,10379,7,Strong
A3318200225225003,331820,Buckland,2024-08-01,2024,8,solar_kwh_generated,36580,6303.5,5,Strong
A3318200925225003,331820,Buckland,2025-03-01,2025,3,solar_kwh_generated,34305,6303.5,5,Strong
A3318200826225003,331820,Buckland,2026-02-01,2026,2,total_kwh_purchased,100179,0,NA,Extreme
A3318201026225003,331820,Buckland,2026-04-01,2026,4,com_facil_sold_to,23558,10563,5,Strong
A3318201126225003,331820,Buckland,2026-05-01,2026,5,govt_facil_sold_to,32390,8707,7,Strong
A3318301118225003,331830,Central,2018-05-01,2018,5,peak_consumption_kw,250,88,11,Extreme
A3318300219225003,331830,Central,2018-08-01,2018,8,peak_consumption_kw,180,88,6,Strong
A3318300621225003,331830,Central,2020-12-01,2020,12,powerhouse_consumption_kwh,2081,1295,5,Strong
A3318300921225003,331830,Central,2021-03-01,2021,3,powerhouse_consumption_kwh,2003,1295,5,Strong
A3318300123225003,331830,Central,2022-07-01,2022,7,powerhouse_consumption_kwh,2365,1295,7,Strong
A3318300223225003,331830,Central,2022-08-01,2022,8,powerhouse_consumption_kwh,2273,1295,6,Strong
A3318301223225003,331830,Central,2023-06-01,2023,6,powerhouse_consumption_kwh,2485,1295,8,Strong
A3318400718225003,331840,Chalkyitsik,2018-01-01,2018,1,powerhouse_consumption_kwh,6516,2351.5,5,Strong
A3318401018225003,331840,Chalkyitsik,2018-04-01,2018,4,commercial_sold_to,8060,3545,5,Strong
A3318401118225003,331840,Chalkyitsik,2018-05-01,2018,5,commercial_sold_to,7997,3545,5,Strong
A3318400619225003,331840,Chalkyitsik,2018-12-01,2018,12,fuel_used_gallons,5237,2372,7,Strong
A3318400619225003,331840,Chalkyitsik,2018-12-01,2018,12,diesel_kwh_generated,56390,24160,6,Strong
A3318400619225003,331840,Chalkyitsik,2018-12-01,2018,12,residential_sold_to,10580,4564,5,Strong
A3318400619225003,331840,Chalkyitsik,2018-12-01,2018,12,com_facil_sold_to,19795,4517,8,Strong
A3318400320225003,331840,Chalkyitsik,2019-09-01,2019,9,fuel_used_gallons,4419,2372,5,Strong
A3323100817225003,332310,Chefornak,2017-02-01,2017,2,fuel_used_gallons,22696,9128.5,9,Extreme
A3323100919225003,332310,Chefornak,2019-03-01,2019,3,unbilled_sold_to,2968,1212,6,Strong
A3323100421225003,332310,Chefornak,2020-10-01,2020,10,powerhouse_consumption_kwh,8375,2946.5,6,Strong
A3323100521225003,332310,Chefornak,2020-11-01,2020,11,powerhouse_consumption_kwh,8336,2946.5,6,Strong
A3323101221225003,332310,Chefornak,2021-06-01,2021,6,powerhouse_consumption_kwh,7469,2946.5,5,Strong
A3323100622225003,332310,Chefornak,2021-12-01,2021,12,fuel_used_gallons,0,9128.5,6,Strong
A3323100622225003,332310,Chefornak,2021-12-01,2021,12,residential_sold_to,69136,44890,5,Strong
A3323100622225003,332310,Chefornak,2021-12-01,2021,12,commercial_sold_to,25933,14617,5,Strong
A3323100622225003,332310,Chefornak,2021-12-01,2021,12,unbilled_sold_to,2647,1212,5,Strong
A3323100722225003,332310,Chefornak,2022-01-01,2022,1,unbilled_sold_to,2641,1212,5,Strong
A3323100822225003,332310,Chefornak,2022-02-01,2022,2,unbilled_sold_to,2795,1212,5,Strong
A3323100922225003,332310,Chefornak,2022-03-01,2022,3,unbilled_sold_to,3102,1212,6,Strong
A3323101122225003,332310,Chefornak,2022-05-01,2022,5,peak_consumption_kw,700,323.5,9,Strong
A3323101222225003,332310,Chefornak,2022-06-01,2022,6,peak_consumption_kw,700,323.5,9,Strong
A3323100724225003,332310,Chefornak,2024-01-01,2024,1,peak_consumption_kw,535,323.5,5,Strong
A3323100526225003,332310,Chefornak,2025-11-01,2025,11,peak_consumption_kw,524,323.5,5,Strong
A3318500616225003,331850,Chenega Bay,2015-12-01,2015,12,govt_facil_sold_to,2310,429,6,Strong
A3318500716225003,331850,Chenega Bay,2016-01-01,2016,1,govt_facil_sold_to,6149,429,18,Extreme
A3318500717225003,331850,Chenega Bay,2017-01-01,2017,1,govt_facil_sold_to,2119,429,5,Strong
A3318500917225003,331850,Chenega Bay,2017-03-01,2017,3,govt_facil_sold_to,2110,429,5,Strong
A3318501217225003,331850,Chenega Bay,2017-06-01,2017,6,residential_sold_to,13823,6283,6,Strong
A3318500118225003,331850,Chenega Bay,2017-07-01,2017,7,residential_customers,7544,25,5071,Extreme
A3318500118225003,331850,Chenega Bay,2017-07-01,2017,7,commercial_customers,5268,16,1181,Extreme
A3318500118225003,331850,Chenega Bay,2017-07-01,2017,7,com_facil_customers,2583,9,257,Extreme
A3318500118225003,331850,Chenega Bay,2017-07-01,2017,7,govt_facil_customers,269,3,27,Extreme
A3318500619225003,331850,Chenega Bay,2018-12-01,2018,12,govt_facil_sold_to,1933,429,5,Strong
A3318501020225003,331850,Chenega Bay,2020-04-01,2020,4,fuel_used_gallons,0,1990,6,Strong
A3318501120225003,331850,Chenega Bay,2020-05-01,2020,5,fuel_used_gallons,0,1990,6,Strong
A3318501220225003,331850,Chenega Bay,2020-06-01,2020,6,fuel_used_gallons,0,1990,6,Strong
A3318500121225003,331850,Chenega Bay,2020-07-01,2020,7,fuel_used_gallons,0,1990,6,Strong
A3318500221225003,331850,Chenega Bay,2020-08-01,2020,8,fuel_used_gallons,7139,1990,16,Extreme
A3318500421225003,331850,Chenega Bay,2020-10-01,2020,10,powerhouse_consumption_kwh,3685,1363,8,Strong
A3318500521225003,331850,Chenega Bay,2020-11-01,2020,11,powerhouse_consumption_kwh,5053,1363,12,Extreme
A3318500522225003,331850,Chenega Bay,2021-11-01,2021,11,residential_sold_to,12024,6283,5,Strong
A3318500324225003,331850,Chenega Bay,2023-09-01,2023,9,peak_consumption_kw,112,55,10,Extreme
A3318500424225003,331850,Chenega Bay,2023-10-01,2023,10,peak_consumption_kw,115,55,10,Extreme
A3318500524225003,331850,Chenega Bay,2023-11-01,2023,11,peak_consumption_kw,115,55,10,Extreme
A3318500624225003,331850,Chenega Bay,2023-12-01,2023,12,peak_consumption_kw,115,55,10,Extreme
A3318500724225003,331850,Chenega Bay,2024-01-01,2024,1,peak_consumption_kw,115,55,10,Extreme
A3318500824225003,331850,Chenega Bay,2024-02-01,2024,2,peak_consumption_kw,115,55,10,Extreme
A3318500924225003,331850,Chenega Bay,2024-03-01,2024,3,peak_consumption_kw,115,55,10,Extreme
A3318501024225003,331850,Chenega Bay,2024-04-01,2024,4,peak_consumption_kw,115,55,10,Extreme
A3318501124225003,331850,Chenega Bay,2024-05-01,2024,5,peak_consumption_kw,115,55,10,Extreme
A3318501224225003,331850,Chenega Bay,2024-06-01,2024,6,peak_consumption_kw,115,55,10,Extreme
A3318500125225003,331850,Chenega Bay,2024-07-01,2024,7,peak_consumption_kw,115,55,10,Extreme
A3318500225225003,331850,Chenega Bay,2024-08-01,2024,8,peak_consumption_kw,115,55,10,Extreme
A3318500325225003,331850,Chenega Bay,2024-09-01,2024,9,peak_consumption_kw,115,55,10,Extreme
A3318500425225003,331850,Chenega Bay,2024-10-01,2024,10,peak_consumption_kw,115,55,10,Extreme
A3318500525225003,331850,Chenega Bay,2024-11-01,2024,11,peak_consumption_kw,115,55,10,Extreme
A3318500625225003,331850,Chenega Bay,2024-12-01,2024,12,peak_consumption_kw,115,55,10,Extreme
A3318500725225003,331850,Chenega Bay,2025-01-01,2025,1,peak_consumption_kw,115,55,10,Extreme
A3318500825225003,331850,Chenega Bay,2025-02-01,2025,2,peak_consumption_kw,115,55,10,Extreme
A3318500825225003,331850,Chenega Bay,2025-02-01,2025,2,commercial_sold_to,15120,7030,5,Strong
A3318500925225003,331850,Chenega Bay,2025-03-01,2025,3,peak_consumption_kw,115,55,10,Extreme
A3318501025225003,331850,Chenega Bay,2025-04-01,2025,4,peak_consumption_kw,115,55,10,Extreme
A3318501125225003,331850,Chenega Bay,2025-05-01,2025,5,peak_consumption_kw,115,55,10,Extreme
A3318501225225003,331850,Chenega Bay,2025-06-01,2025,6,peak_consumption_kw,115,55,10,Extreme
A3318501225225003,331850,Chenega Bay,2025-06-01,2025,6,govt_facil_sold_to,2161,429,5,Strong
A3318500126225003,331850,Chenega Bay,2025-07-01,2025,7,peak_consumption_kw,115,55,10,Extreme
A3318500126225003,331850,Chenega Bay,2025-07-01,2025,7,govt_facil_sold_to,3476,429,10,Extreme
A3318500226225003,331850,Chenega Bay,2025-08-01,2025,8,peak_consumption_kw,115,55,10,Extreme
A3318500326225003,331850,Chenega Bay,2025-09-01,2025,9,peak_consumption_kw,115,55,10,Extreme
A3318500426225003,331850,Chenega Bay,2025-10-01,2025,10,peak_consumption_kw,115,55,10,Extreme
A3318500526225003,331850,Chenega Bay,2025-11-01,2025,11,peak_consumption_kw,115,55,10,Extreme
A3318500626225003,331850,Chenega Bay,2025-12-01,2025,12,peak_consumption_kw,115,55,10,Extreme
A3318500726225003,331850,Chenega Bay,2026-01-01,2026,1,peak_consumption_kw,115,55,10,Extreme
A3318500826225003,331850,Chenega Bay,2026-02-01,2026,2,peak_consumption_kw,115,55,10,Extreme
A3318500926225003,331850,Chenega Bay,2026-03-01,2026,3,peak_consumption_kw,115,55,10,Extreme
A3318501026225003,331850,Chenega Bay,2026-04-01,2026,4,peak_consumption_kw,115,55,10,Extreme
A3318501126225003,331850,Chenega Bay,2026-05-01,2026,5,peak_consumption_kw,115,55,10,Extreme
A3318501226225003,331850,Chenega Bay,2026-06-01,2026,6,peak_consumption_kw,115,55,10,Extreme
A3312800116225003,331280,Chevak,2015-07-01,2015,7,commercial_sold_to,31280,15381,6,Strong
A3312800216225003,331280,Chevak,2015-08-01,2015,8,commercial_sold_to,31715,15381,7,Strong
A3312800316225003,331280,Chevak,2015-09-01,2015,9,commercial_sold_to,32575,15381,7,Strong
A3312800416225003,331280,Chevak,2015-10-01,2015,10,commercial_sold_to,31654,15381,7,Strong
A3312800516225003,331280,Chevak,2015-11-01,2015,11,commercial_sold_to,34068,15381,7,Strong
A3312800616225003,331280,Chevak,2015-12-01,2015,12,commercial_sold_to,34342,15381,8,Strong
A3312800716225003,331280,Chevak,2016-01-01,2016,1,commercial_sold_to,34902,15381,8,Strong
A3312800217225003,331280,Chevak,2016-08-01,2016,8,residential_customers,66,207,32,Extreme
A3312800417225003,331280,Chevak,2016-10-01,2016,10,residential_customers,68,207,31,Extreme
A3312800517225003,331280,Chevak,2016-11-01,2016,11,residential_customers,68,207,31,Extreme
A3312800617225003,331280,Chevak,2016-12-01,2016,12,commercial_sold_to,27624,15381,5,Strong
A3312800717225003,331280,Chevak,2017-01-01,2017,1,residential_customers,69,207,31,Extreme
A3312800817225003,331280,Chevak,2017-02-01,2017,2,residential_customers,68,207,31,Extreme
A3312800622225003,331280,Chevak,2021-12-01,2021,12,fuel_used_gallons,37891,11602,10,Extreme
A3312800526225003,331280,Chevak,2025-11-01,2025,11,commercial_sold_to,33365,15381,7,Strong
A3312800626225003,331280,Chevak,2025-12-01,2025,12,commercial_sold_to,33313,15381,7,Strong
A3312800726225003,331280,Chevak,2026-01-01,2026,1,commercial_sold_to,36772,15381,9,Strong
A3312800826225003,331280,Chevak,2026-02-01,2026,2,commercial_sold_to,31754,15381,7,Strong
A3312800926225003,331280,Chevak,2026-03-01,2026,3,commercial_sold_to,34732,15381,8,Strong
A3312801026225003,331280,Chevak,2026-04-01,2026,4,commercial_sold_to,31015,15381,6,Strong
A3312801126225003,331280,Chevak,2026-05-01,2026,5,commercial_sold_to,0,15381,6,Strong
A3312801126225003,331280,Chevak,2026-05-01,2026,5,govt_facil_sold_to,0,57659,6,Strong
A3318600216225003,331860,Chignik,2015-08-01,2015,8,fuel_used_gallons,8245,3897.5,5,Strong
A3318600216225003,331860,Chignik,2015-08-01,2015,8,diesel_kwh_generated,113561,52094,6,Strong
A3318600216225003,331860,Chignik,2015-08-01,2015,8,commercial_sold_to,72600,24197,7,Strong
A3318601217225003,331860,Chignik,2017-06-01,2017,6,commercial_sold_to,63891,24197,6,Strong
A3318600118225003,331860,Chignik,2017-07-01,2017,7,powerhouse_consumption_kwh,4957,1712,8,Strong
A3318601118225003,331860,Chignik,2018-05-01,2018,5,commercial_sold_to,64049,24197,6,Strong
A3318601218225003,331860,Chignik,2018-06-01,2018,6,diesel_kwh_generated,101651,52094,5,Strong
A3318601218225003,331860,Chignik,2018-06-01,2018,6,commercial_sold_to,71408,24197,7,Strong
A3318600119225003,331860,Chignik,2018-07-01,2018,7,diesel_kwh_generated,108503,52094,5,Strong
A3318600119225003,331860,Chignik,2018-07-01,2018,7,commercial_sold_to,71922,24197,7,Strong
A3318600219225003,331860,Chignik,2018-08-01,2018,8,powerhouse_consumption_kwh,4273,1712,6,Strong
A3318601119225003,331860,Chignik,2019-05-01,2019,5,commercial_sold_to,58864,24197,5,Strong
A3318600820225003,331860,Chignik,2020-02-01,2020,2,com_facil_sold_to,0,9898,6,Strong
A3318600920225003,331860,Chignik,2020-03-01,2020,3,com_facil_sold_to,500,9898,5,Strong
A3318601020225003,331860,Chignik,2020-04-01,2020,4,powerhouse_consumption_kwh,39606,1712,95,Extreme
A3318601120225003,331860,Chignik,2020-05-01,2020,5,powerhouse_consumption_kwh,68390,1712,168,Extreme
A3318601120225003,331860,Chignik,2020-05-01,2020,5,residential_sold_to,176547,12002,43,Extreme
A3318601220225003,331860,Chignik,2020-06-01,2020,6,fuel_used_gallons,8269,3897.5,5,Strong
A3318601220225003,331860,Chignik,2020-06-01,2020,6,diesel_kwh_generated,198357,52094,14,Extreme
A3318601220225003,331860,Chignik,2020-06-01,2020,6,commercial_sold_to,58720,24197,5,Strong
A3318601222225003,331860,Chignik,2022-06-01,2022,6,powerhouse_consumption_kwh,3615,1712,5,Strong
A3318700816225003,331870,Chignik Lagoon,2016-02-01,2016,2,unbilled_sold_to,25910,600,50,Extreme
A3318701116225003,331870,Chignik Lagoon,2016-05-01,2016,5,unbilled_sold_to,29518,600,57,Extreme
A3318701216225003,331870,Chignik Lagoon,2016-06-01,2016,6,peak_consumption_kw,121,17.5,5,Strong
A3318701216225003,331870,Chignik Lagoon,2016-06-01,2016,6,unbilled_sold_to,26198,600,51,Extreme
A3318700117225003,331870,Chignik Lagoon,2016-07-01,2016,7,unbilled_sold_to,24219,600,47,Extreme
A3318700217225003,331870,Chignik Lagoon,2016-08-01,2016,8,unbilled_sold_to,18172,600,35,Extreme
A3318700317225003,331870,Chignik Lagoon,2016-09-01,2016,9,unbilled_sold_to,11725,600,22,Extreme
A3318700417225003,331870,Chignik Lagoon,2016-10-01,2016,10,unbilled_sold_to,18440,600,35,Extreme
A3318700517225003,331870,Chignik Lagoon,2016-11-01,2016,11,unbilled_sold_to,19317,600,37,Extreme
A3318700618225003,331870,Chignik Lagoon,2017-12-01,2017,12,peak_consumption_kw,123,17.5,5,Strong
A3318700618225003,331870,Chignik Lagoon,2017-12-01,2017,12,unbilled_sold_to,12470,600,24,Extreme
A3318700718225003,331870,Chignik Lagoon,2018-01-01,2018,1,unbilled_sold_to,7644,600,14,Extreme
A3318701018225003,331870,Chignik Lagoon,2018-04-01,2018,4,unbilled_sold_to,16823,600,32,Extreme
A3318701118225003,331870,Chignik Lagoon,2018-05-01,2018,5,unbilled_sold_to,18345,600,35,Extreme
A3318701218225003,331870,Chignik Lagoon,2018-06-01,2018,6,unbilled_sold_to,19674,600,38,Extreme
A3318700119225003,331870,Chignik Lagoon,2018-07-01,2018,7,unbilled_sold_to,21388,600,41,Extreme
A3318700219225003,331870,Chignik Lagoon,2018-08-01,2018,8,unbilled_sold_to,4389,600,8,Strong
A3318700319225003,331870,Chignik Lagoon,2018-09-01,2018,9,unbilled_sold_to,4417,600,8,Strong
A3318700419225003,331870,Chignik Lagoon,2018-10-01,2018,10,unbilled_sold_to,8080,600,15,Extreme
A3318700819225003,331870,Chignik Lagoon,2019-02-01,2019,2,unbilled_sold_to,15275,600,29,Extreme
A3318700919225003,331870,Chignik Lagoon,2019-03-01,2019,3,powerhouse_consumption_kwh,8797,1615,6,Strong
A3318700919225003,331870,Chignik Lagoon,2019-03-01,2019,3,unbilled_sold_to,10369,600,19,Extreme
A3318701019225003,331870,Chignik Lagoon,2019-04-01,2019,4,unbilled_sold_to,19608,600,38,Extreme
A3318701119225003,331870,Chignik Lagoon,2019-05-01,2019,5,unbilled_sold_to,22620,600,44,Extreme
A3318701219225003,331870,Chignik Lagoon,2019-06-01,2019,6,unbilled_sold_to,15823,600,30,Extreme
A3318701121225003,331870,Chignik Lagoon,2021-05-01,2021,5,commercial_sold_to,1655,10470,5,Strong
A3318700622225003,331870,Chignik Lagoon,2021-12-01,2021,12,powerhouse_consumption_kwh,8306,1615,5,Strong
A3318700626225003,331870,Chignik Lagoon,2025-12-01,2025,12,commercial_sold_to,18557,10470,5,Strong
A3318800217225003,331880,Chignik Lake,2016-08-01,2016,8,commercial_sold_to,8872,4566,5,Strong
A3318800920225003,331880,Chignik Lake,2020-03-01,2020,3,peak_consumption_kw,206,63,32,Extreme
A3318801020225003,331880,Chignik Lake,2020-04-01,2020,4,peak_consumption_kw,206,63,32,Extreme
A3318800821225003,331880,Chignik Lake,2021-02-01,2021,2,fuel_used_gallons,6351,2682.5,7,Strong
A3318800522225003,331880,Chignik Lake,2021-11-01,2021,11,fuel_used_gallons,5880,2682.5,6,Strong
A3318800522225003,331880,Chignik Lake,2021-11-01,2021,11,powerhouse_consumption_kwh,2929,769,9,Extreme
A3318800722225003,331880,Chignik Lake,2022-01-01,2022,1,fuel_used_gallons,5694,2682.5,6,Strong
A3318800722225003,331880,Chignik Lake,2022-01-01,2022,1,powerhouse_consumption_kwh,2837,769,9,Extreme
A3318800323225003,331880,Chignik Lake,2022-09-01,2022,9,powerhouse_consumption_kwh,2378,769,7,Strong
A3318800523225003,331880,Chignik Lake,2022-11-01,2022,11,powerhouse_consumption_kwh,4184,769,15,Extreme
A3318801223225003,331880,Chignik Lake,2023-06-01,2023,6,powerhouse_consumption_kwh,1800,769,5,Strong
A3318800324225003,331880,Chignik Lake,2023-09-01,2023,9,powerhouse_consumption_kwh,4613,769,17,Extreme
A3318800324225003,331880,Chignik Lake,2023-09-01,2023,9,commercial_sold_to,8771,4566,5,Strong
A3318800324225003,331880,Chignik Lake,2023-09-01,2023,9,com_facil_sold_to,8197,3176,6,Strong
A3318800424225003,331880,Chignik Lake,2023-10-01,2023,10,powerhouse_consumption_kwh,2425,769,7,Strong
A3318800924225003,331880,Chignik Lake,2024-03-01,2024,3,com_facil_sold_to,7644,3176,5,Strong
A3318801024225003,331880,Chignik Lake,2024-04-01,2024,4,com_facil_sold_to,7182,3176,5,Strong
A3318800126225003,331880,Chignik Lake,2025-07-01,2025,7,fuel_used_gallons,7797,2682.5,10,Extreme
A3318800126225003,331880,Chignik Lake,2025-07-01,2025,7,diesel_kwh_generated,81623,27653,9,Strong
A3318800126225003,331880,Chignik Lake,2025-07-01,2025,7,powerhouse_consumption_kwh,2372,769,7,Strong
A3318800126225003,331880,Chignik Lake,2025-07-01,2025,7,peak_consumption_kw,120,63,13,Extreme
A3318800426225003,331880,Chignik Lake,2025-10-01,2025,10,residential_sold_to,21019,10470,5,Strong
A3326600416225003,332660,Chilkat Valley,2015-10-01,2015,10,commercial_sold_to,48708,29556.5,5,Strong
A3326600917225003,332660,Chilkat Valley,2017-03-01,2017,3,peak_consumption_kw,60,234,5,Strong
A3326601017225003,332660,Chilkat Valley,2017-04-01,2017,4,peak_consumption_kw,56,234,5,Strong
A3326600720225003,332660,Chilkat Valley,2020-01-01,2020,1,peak_consumption_kw,480,234,7,Strong
A3326600920225003,332660,Chilkat Valley,2020-03-01,2020,3,peak_consumption_kw,54,234,5,Strong
A3326601020225003,332660,Chilkat Valley,2020-04-01,2020,4,peak_consumption_kw,43,234,6,Strong
A3326600421225003,332660,Chilkat Valley,2020-10-01,2020,10,com_facil_sold_to,1050,127,15,Extreme
A3326600521225003,332660,Chilkat Valley,2020-11-01,2020,11,com_facil_sold_to,3522,127,56,Extreme
A3326600621225003,332660,Chilkat Valley,2020-12-01,2020,12,com_facil_sold_to,3154,127,50,Extreme
A3326600721225003,332660,Chilkat Valley,2021-01-01,2021,1,com_facil_sold_to,3248,127,51,Extreme
A3326600821225003,332660,Chilkat Valley,2021-02-01,2021,2,com_facil_sold_to,3689,127,59,Extreme
A3326600921225003,332660,Chilkat Valley,2021-03-01,2021,3,com_facil_sold_to,2348,127,37,Extreme
A3326601021225003,332660,Chilkat Valley,2021-04-01,2021,4,com_facil_sold_to,1379,127,21,Extreme
A3326601121225003,332660,Chilkat Valley,2021-05-01,2021,5,com_facil_sold_to,1809,127,28,Extreme
A3326601221225003,332660,Chilkat Valley,2021-06-01,2021,6,com_facil_sold_to,2011,127,31,Extreme
A3326600122225003,332660,Chilkat Valley,2021-07-01,2021,7,com_facil_sold_to,1903,127,29,Extreme
A3326600222225003,332660,Chilkat Valley,2021-08-01,2021,8,com_facil_sold_to,1747,127,27,Extreme
A3326600322225003,332660,Chilkat Valley,2021-09-01,2021,9,com_facil_sold_to,1419,127,21,Extreme
A3326600422225003,332660,Chilkat Valley,2021-10-01,2021,10,com_facil_sold_to,1763,127,27,Extreme
A3326600522225003,332660,Chilkat Valley,2021-11-01,2021,11,com_facil_sold_to,1160,127,17,Extreme
A3326600622225003,332660,Chilkat Valley,2021-12-01,2021,12,com_facil_sold_to,1386,127,21,Extreme
A3326600722225003,332660,Chilkat Valley,2022-01-01,2022,1,com_facil_sold_to,1788,127,27,Extreme
A3326600822225003,332660,Chilkat Valley,2022-02-01,2022,2,peak_consumption_kw,61,234,5,Strong
A3326600822225003,332660,Chilkat Valley,2022-02-01,2022,2,com_facil_sold_to,1800,127,28,Extreme
A3326600922225003,332660,Chilkat Valley,2022-03-01,2022,3,com_facil_sold_to,2050,127,32,Extreme
A3326601022225003,332660,Chilkat Valley,2022-04-01,2022,4,peak_consumption_kw,41,234,6,Strong
A3326601022225003,332660,Chilkat Valley,2022-04-01,2022,4,com_facil_sold_to,2028,127,31,Extreme
A3326601122225003,332660,Chilkat Valley,2022-05-01,2022,5,peak_consumption_kw,37,234,6,Strong
A3326601122225003,332660,Chilkat Valley,2022-05-01,2022,5,com_facil_sold_to,1444,127,22,Extreme
A3326601222225003,332660,Chilkat Valley,2022-06-01,2022,6,com_facil_sold_to,1112,127,16,Extreme
A3326600123225003,332660,Chilkat Valley,2022-07-01,2022,7,com_facil_sold_to,702,127,9,Extreme
A3326600223225003,332660,Chilkat Valley,2022-08-01,2022,8,com_facil_sold_to,669,127,9,Strong
A3326600323225003,332660,Chilkat Valley,2022-09-01,2022,9,com_facil_sold_to,750,127,10,Extreme
A3326600423225003,332660,Chilkat Valley,2022-10-01,2022,10,com_facil_sold_to,667,127,9,Strong
A3326600523225003,332660,Chilkat Valley,2022-11-01,2022,11,com_facil_sold_to,789,127,11,Extreme
A3326600623225003,332660,Chilkat Valley,2022-12-01,2022,12,com_facil_sold_to,818,127,11,Extreme
A3326900823225003,332690,Chilkat Valley/Klukwan,2023-02-01,2023,2,powerhouse_consumption_kwh,14310,4459,56,Extreme
A3326900926225003,332690,Chilkat Valley/Klukwan,2026-03-01,2026,3,residential_customers,221,272,17,Extreme
A3310700216225003,331070,Chistochina,2015-08-01,2015,8,powerhouse_consumption_kwh,752,127,26,Extreme
A3310700516225003,331070,Chistochina,2015-11-01,2015,11,powerhouse_consumption_kwh,938,127,33,Extreme
A3310700616225003,331070,Chistochina,2015-12-01,2015,12,powerhouse_consumption_kwh,752,127,26,Extreme
A3310700716225003,331070,Chistochina,2016-01-01,2016,1,powerhouse_consumption_kwh,1098,127,40,Extreme
A3310700816225003,331070,Chistochina,2016-02-01,2016,2,diesel_kwh_generated,8880,29970,5,Strong
A3310700816225003,331070,Chistochina,2016-02-01,2016,2,powerhouse_consumption_kwh,938,127,33,Extreme
A3310700916225003,331070,Chistochina,2016-03-01,2016,3,powerhouse_consumption_kwh,848,127,29,Extreme
A3310701016225003,331070,Chistochina,2016-04-01,2016,4,powerhouse_consumption_kwh,850,127,30,Extreme
A3310701116225003,331070,Chistochina,2016-05-01,2016,5,powerhouse_consumption_kwh,808,127,28,Extreme
A3310701216225003,331070,Chistochina,2016-06-01,2016,6,powerhouse_consumption_kwh,886,127,31,Extreme
A3310700417225003,331070,Chistochina,2016-10-01,2016,10,powerhouse_consumption_kwh,257,127,5,Strong
A3310700418225003,331070,Chistochina,2017-10-01,2017,10,powerhouse_consumption_kwh,241,127,5,Strong
A3310701219225003,331070,Chistochina,2019-06-01,2019,6,residential_sold_to,20169,13090,5,Strong
A3310700120225003,331070,Chistochina,2019-07-01,2019,7,powerhouse_consumption_kwh,268,127,6,Strong
A3310700420225003,331070,Chistochina,2019-10-01,2019,10,residential_sold_to,23571,13090,7,Strong
A3318900121225003,331890,Chitina,2020-07-01,2020,7,peak_consumption_kw,190,87,5,Strong
A3318900721225003,331890,Chitina,2021-01-01,2021,1,unbilled_sold_to,0,575,10,Extreme
A3318900323225003,331890,Chitina,2022-09-01,2022,9,fuel_used_gallons,6736,3027,10,Extreme
A3318901225225003,331890,Chitina,2025-06-01,2025,6,peak_consumption_kw,220,87,6,Strong
A3318900126225003,331890,Chitina,2025-07-01,2025,7,commercial_sold_to,30538,17634,5,Strong
A3318900626225003,331890,Chitina,2025-12-01,2025,12,com_facil_sold_to,3703,1023,8,Strong
A3318900726225003,331890,Chitina,2026-01-01,2026,1,com_facil_sold_to,3235,1023,6,Strong
A3318901226225003,331890,Chitina,2026-06-01,2026,6,com_facil_sold_to,2738,1023,5,Strong
A3318900127225003,331890,Chitina,2026-07-01,2026,7,fuel_used_gallons,6495,3027,10,Extreme
A3318900127225003,331890,Chitina,2026-07-01,2026,7,peak_consumption_kw,199,87,5,Strong
A3318900127225003,331890,Chitina,2026-07-01,2026,7,com_facil_sold_to,3593,1023,7,Strong
A3322301018225003,332230,Chuathbaluk,2018-04-01,2018,4,peak_consumption_kw,652,55,81,Extreme
A3322300220225003,332230,Chuathbaluk,2019-08-01,2019,8,powerhouse_consumption_kwh,1740,837,6,Strong
A3322300422225003,332230,Chuathbaluk,2021-10-01,2021,10,powerhouse_consumption_kwh,1950,837,7,Strong
A3322300823225003,332230,Chuathbaluk,2023-02-01,2023,2,powerhouse_consumption_kwh,2792,837,13,Extreme
A3322300923225003,332230,Chuathbaluk,2023-03-01,2023,3,powerhouse_consumption_kwh,3740,837,19,Extreme
A3322301123225003,332230,Chuathbaluk,2023-05-01,2023,5,powerhouse_consumption_kwh,4956,837,27,Extreme
A3322300124225003,332230,Chuathbaluk,2023-07-01,2023,7,powerhouse_consumption_kwh,1697,837,6,Strong
A3319000518225003,331900,Circle,2017-11-01,2017,11,commercial_sold_to,10286,4248,5,Strong
A3319000618225003,331900,Circle,2017-12-01,2017,12,commercial_sold_to,10472,4248,5,Strong
A3319000718225003,331900,Circle,2018-01-01,2018,1,commercial_sold_to,9674,4248,5,Strong
A3319000621225003,331900,Circle,2020-12-01,2020,12,commercial_sold_to,12328,4248,7,Strong
A3319000623225003,331900,Circle,2022-12-01,2022,12,residential_sold_to,18959,9743,5,Strong
A3319100917225003,331910,Clark's Point,2017-03-01,2017,3,com_facil_sold_to,7774,1786,5,Strong
A3319100119225003,331910,Clark's Point,2018-07-01,2018,7,unbilled_sold_to,237,6,26,Extreme
A3319100919225003,331910,Clark's Point,2019-03-01,2019,3,unbilled_sold_to,253,6,28,Extreme
A3319101219225003,331910,Clark's Point,2019-06-01,2019,6,unbilled_sold_to,71,6,7,Strong
A3319100123225003,331910,Clark's Point,2022-07-01,2022,7,fuel_used_gallons,5902,2692,6,Strong
A3319100824225003,331910,Clark's Point,2024-02-01,2024,2,fuel_used_gallons,5532,2692,5,Strong
A3319100824225003,331910,Clark's Point,2024-02-01,2024,2,diesel_kwh_generated,66680,28800,5,Strong
A3319100924225003,331910,Clark's Point,2024-03-01,2024,3,fuel_used_gallons,5358,2692,5,Strong
A3319100924225003,331910,Clark's Point,2024-03-01,2024,3,commercial_sold_to,20022,7130,5,Strong
A3319100924225003,331910,Clark's Point,2024-03-01,2024,3,unbilled_sold_to,66,6,7,Strong
A3319101024225003,331910,Clark's Point,2024-04-01,2024,4,unbilled_sold_to,128,6,14,Extreme
A3319100225225003,331910,Clark's Point,2024-08-01,2024,8,peak_consumption_kw,1457,67,55,Extreme
A3319100525225003,331910,Clark's Point,2024-11-01,2024,11,unbilled_sold_to,241,6,26,Extreme
A3319100725225003,331910,Clark's Point,2025-01-01,2025,1,unbilled_sold_to,325,6,36,Extreme
A3319100825225003,331910,Clark's Point,2025-02-01,2025,2,unbilled_sold_to,79,6,8,Strong
A3319100925225003,331910,Clark's Point,2025-03-01,2025,3,unbilled_sold_to,203,6,22,Extreme
A3319100426225003,331910,Clark's Point,2025-10-01,2025,10,fuel_used_gallons,0,2692,5,Strong
A3319100626225003,331910,Clark's Point,2025-12-01,2025,12,unbilled_sold_to,78,6,8,Strong
A3319100826225003,331910,Clark's Point,2026-02-01,2026,2,diesel_kwh_generated,69623,28800,5,Strong
A3319100826225003,331910,Clark's Point,2026-02-01,2026,2,unbilled_sold_to,74,6,8,Strong
A3319101026225003,331910,Clark's Point,2026-04-01,2026,4,unbilled_sold_to,69,6,7,Strong
A3319101126225003,331910,Clark's Point,2026-05-01,2026,5,fuel_used_gallons,0,2692,5,Strong
A3319101226225003,331910,Clark's Point,2026-06-01,2026,6,fuel_used_gallons,0,2692,5,Strong
A3319800717225003,331980,Cold Bay,2017-01-01,2017,1,govt_facil_sold_to,120710,58035.5,5,Strong
A3319800917225003,331980,Cold Bay,2017-03-01,2017,3,govt_facil_sold_to,133575,58035.5,6,Strong
A3319800522225003,331980,Cold Bay,2021-11-01,2021,11,peak_consumption_kw,16700,292,231,Extreme
A3319200117225003,331920,"Cordova, Eyak",2016-07-01,2016,7,peak_consumption_kw,8776,3788,6,Strong
A3319200117225003,331920,"Cordova, Eyak",2016-07-01,2016,7,commercial_sold_to,2412164,942421,7,Strong
A3319200117225003,331920,"Cordova, Eyak",2016-07-01,2016,7,residential_customers,706,967,14,Extreme
A3319200117225003,331920,"Cordova, Eyak",2016-07-01,2016,7,commercial_customers,866,600,5,Strong
A3319200217225003,331920,"Cordova, Eyak",2016-08-01,2016,8,peak_consumption_kw,8022,3788,5,Strong
A3319200217225003,331920,"Cordova, Eyak",2016-08-01,2016,8,commercial_sold_to,2033832,942421,5,Strong
A3319200217225003,331920,"Cordova, Eyak",2016-08-01,2016,8,residential_customers,706,967,14,Extreme
A3319200217225003,331920,"Cordova, Eyak",2016-08-01,2016,8,commercial_customers,858,600,5,Strong
A3319200317225003,331920,"Cordova, Eyak",2016-09-01,2016,9,residential_customers,705,967,14,Extreme
A3319200317225003,331920,"Cordova, Eyak",2016-09-01,2016,9,commercial_customers,843,600,5,Strong
A3319200417225003,331920,"Cordova, Eyak",2016-10-01,2016,10,residential_customers,714,967,13,Extreme
A3319200517225003,331920,"Cordova, Eyak",2016-11-01,2016,11,residential_customers,712,967,13,Extreme
A3319200617225003,331920,"Cordova, Eyak",2016-12-01,2016,12,govt_facil_sold_to,252170,122075,5,Strong
A3319200617225003,331920,"Cordova, Eyak",2016-12-01,2016,12,residential_customers,715,967,13,Extreme
A3319200717225003,331920,"Cordova, Eyak",2017-01-01,2017,1,govt_facil_sold_to,257401,122075,5,Strong
A3319200717225003,331920,"Cordova, Eyak",2017-01-01,2017,1,residential_customers,721,967,13,Extreme
A3319200817225003,331920,"Cordova, Eyak",2017-02-01,2017,2,residential_customers,726,967,13,Extreme
A3319200917225003,331920,"Cordova, Eyak",2017-03-01,2017,3,residential_customers,736,967,12,Extreme
A3319201017225003,331920,"Cordova, Eyak",2017-04-01,2017,4,residential_customers,736,967,12,Extreme
A3319201117225003,331920,"Cordova, Eyak",2017-05-01,2017,5,residential_customers,738,967,12,Extreme
A3319201117225003,331920,"Cordova, Eyak",2017-05-01,2017,5,commercial_customers,855,600,5,Strong
A3319201217225003,331920,"Cordova, Eyak",2017-06-01,2017,6,residential_customers,741,967,12,Extreme
A3319201217225003,331920,"Cordova, Eyak",2017-06-01,2017,6,commercial_customers,859,600,5,Strong
A3319200118225003,331920,"Cordova, Eyak",2017-07-01,2017,7,commercial_sold_to,3617271,942421,12,Extreme
A3319200118225003,331920,"Cordova, Eyak",2017-07-01,2017,7,residential_customers,830,967,7,Strong
A3319200218225003,331920,"Cordova, Eyak",2017-08-01,2017,8,peak_consumption_kw,8549,3788,6,Strong
A3319200218225003,331920,"Cordova, Eyak",2017-08-01,2017,8,commercial_sold_to,2873127,942421,9,Strong
A3319201218225003,331920,"Cordova, Eyak",2018-06-01,2018,6,commercial_sold_to,2190211,942421,6,Strong
A3319200119225003,331920,"Cordova, Eyak",2018-07-01,2018,7,commercial_sold_to,2877812,942421,9,Strong
A3319200219225003,331920,"Cordova, Eyak",2018-08-01,2018,8,peak_consumption_kw,8059,3788,5,Strong
A3319200219225003,331920,"Cordova, Eyak",2018-08-01,2018,8,commercial_sold_to,2778427,942421,8,Strong
A3319200619225003,331920,"Cordova, Eyak",2018-12-01,2018,12,peak_consumption_kw,17075,3788,16,Extreme
A3319201219225003,331920,"Cordova, Eyak",2019-06-01,2019,6,commercial_sold_to,2127496,942421,5,Strong
A3319200120225003,331920,"Cordova, Eyak",2019-07-01,2019,7,peak_consumption_kw,8106,3788,5,Strong
A3319200120225003,331920,"Cordova, Eyak",2019-07-01,2019,7,commercial_sold_to,2850529,942421,9,Strong
A3319200120225003,331920,"Cordova, Eyak",2019-07-01,2019,7,residential_customers,852,967,6,Strong
A3319200120225003,331920,"Cordova, Eyak",2019-07-01,2019,7,commercial_customers,309,600,6,Strong
A3319200220225003,331920,"Cordova, Eyak",2019-08-01,2019,8,peak_consumption_kw,8761,3788,6,Strong
A3319200220225003,331920,"Cordova, Eyak",2019-08-01,2019,8,commercial_sold_to,3174627,942421,10,Extreme
A3319200220225003,331920,"Cordova, Eyak",2019-08-01,2019,8,residential_customers,869,967,5,Strong
A3319200320225003,331920,"Cordova, Eyak",2019-09-01,2019,9,residential_customers,840,967,7,Strong
A3319200121225003,331920,"Cordova, Eyak",2020-07-01,2020,7,commercial_sold_to,2389128,942421,6,Strong
A3319200221225003,331920,"Cordova, Eyak",2020-08-01,2020,8,commercial_sold_to,2414939,942421,7,Strong
A3319200122225003,331920,"Cordova, Eyak",2021-07-01,2021,7,peak_consumption_kw,8282,3788,5,Strong
A3319200122225003,331920,"Cordova, Eyak",2021-07-01,2021,7,commercial_sold_to,3170344,942421,10,Extreme
A3319200222225003,331920,"Cordova, Eyak",2021-08-01,2021,8,peak_consumption_kw,8030,3788,5,Strong
A3319200222225003,331920,"Cordova, Eyak",2021-08-01,2021,8,commercial_sold_to,3084777,942421,10,Extreme
A3319201222225003,331920,"Cordova, Eyak",2022-06-01,2022,6,powerhouse_consumption_kwh,140666,27246,5,Strong
A3319200123225003,331920,"Cordova, Eyak",2022-07-01,2022,7,peak_consumption_kw,8949,3788,6,Strong
A3319200123225003,331920,"Cordova, Eyak",2022-07-01,2022,7,commercial_sold_to,3136946,942421,10,Extreme
A3319200123225003,331920,"Cordova, Eyak",2022-07-01,2022,7,residential_customers,755,967,11,Extreme
A3319200123225003,331920,"Cordova, Eyak",2022-07-01,2022,7,commercial_customers,886,600,6,Strong
A3319200523225003,331920,"Cordova, Eyak",2022-11-01,2022,11,commercial_customers,208,600,8,Strong
A3319200523225003,331920,"Cordova, Eyak",2022-11-01,2022,11,govt_facil_customers,455,46,276,Extreme
A3319200723225003,331920,"Cordova, Eyak",2023-01-01,2023,1,commercial_customers,216,600,7,Strong
A3319200723225003,331920,"Cordova, Eyak",2023-01-01,2023,1,govt_facil_customers,444,46,268,Extreme
A3319200823225003,331920,"Cordova, Eyak",2023-02-01,2023,2,powerhouse_consumption_kwh,185753,27246,7,Strong
A3319200923225003,331920,"Cordova, Eyak",2023-03-01,2023,3,commercial_customers,207,600,8,Strong
A3319200923225003,331920,"Cordova, Eyak",2023-03-01,2023,3,govt_facil_customers,444,46,268,Extreme
A3319201223225003,331920,"Cordova, Eyak",2023-06-01,2023,6,peak_consumption_kw,7643,3788,5,Strong
A3319201223225003,331920,"Cordova, Eyak",2023-06-01,2023,6,commercial_sold_to,2035634,942421,5,Strong
A3319200124225003,331920,"Cordova, Eyak",2023-07-01,2023,7,peak_consumption_kw,8885,3788,6,Strong
A3319200124225003,331920,"Cordova, Eyak",2023-07-01,2023,7,residential_sold_to,2743630,400037,56,Extreme
A3319200224225003,331920,"Cordova, Eyak",2023-08-01,2023,8,peak_consumption_kw,9619,3788,7,Strong
A3319200224225003,331920,"Cordova, Eyak",2023-08-01,2023,8,commercial_sold_to,3384703,942421,11,Extreme
A3319200125225003,331920,"Cordova, Eyak",2024-07-01,2024,7,commercial_sold_to,2312733,942421,6,Strong
A3319201225225003,331920,"Cordova, Eyak",2025-06-01,2025,6,commercial_sold_to,1958461,942421,5,Strong
A3319200126225003,331920,"Cordova, Eyak",2025-07-01,2025,7,peak_consumption_kw,8558,3788,6,Strong
A3319200126225003,331920,"Cordova, Eyak",2025-07-01,2025,7,residential_sold_to,179961,400037,5,Strong
A3319200126225003,331920,"Cordova, Eyak",2025-07-01,2025,7,commercial_sold_to,3626529,942421,12,Extreme
A3319200226225003,331920,"Cordova, Eyak",2025-08-01,2025,8,peak_consumption_kw,7724,3788,5,Strong
A3319200226225003,331920,"Cordova, Eyak",2025-08-01,2025,8,commercial_sold_to,2551702,942421,7,Strong
A3319200926225003,331920,"Cordova, Eyak",2026-03-01,2026,3,residential_customers,749,967,11,Extreme
A3319201026225003,331920,"Cordova, Eyak",2026-04-01,2026,4,residential_customers,751,967,11,Extreme
A3319201126225003,331920,"Cordova, Eyak",2026-05-01,2026,5,residential_customers,751,967,11,Extreme
A3319200127225003,331920,"Cordova, Eyak",2026-07-01,2026,7,residential_customers,750,967,11,Extreme
A3319200127225003,331920,"Cordova, Eyak",2026-07-01,2026,7,commercial_customers,48,600,11,Extreme
A3310900116225003,331090,Craig,2015-07-01,2015,7,diesel_kwh_generated,648599,85088,5,Strong
A3310900116225003,331090,Craig,2015-07-01,2015,7,commercial_sold_to,795804,320177,10,Extreme
A3310900216225003,331090,Craig,2015-08-01,2015,8,fuel_used_gallons,65096,7030,6,Strong
A3310900216225003,331090,Craig,2015-08-01,2015,8,diesel_kwh_generated,940051,85088,8,Strong
A3310900216225003,331090,Craig,2015-08-01,2015,8,commercial_sold_to,1168310,320177,18,Extreme
A3310900717225003,331090,Craig,2017-01-01,2017,1,fuel_used_gallons,57781,7030,6,Strong
A3310900717225003,331090,Craig,2017-01-01,2017,1,diesel_kwh_generated,816477,85088,7,Strong
A3310900917225003,331090,Craig,2017-03-01,2017,3,fuel_used_gallons,77491,7030,8,Strong
A3310900917225003,331090,Craig,2017-03-01,2017,3,diesel_kwh_generated,1131766,85088,9,Extreme
A3310901017225003,331090,Craig,2017-04-01,2017,4,fuel_used_gallons,61544,7030,6,Strong
A3310901017225003,331090,Craig,2017-04-01,2017,4,diesel_kwh_generated,891713,85088,7,Strong
A3310900218225003,331090,Craig,2017-08-01,2017,8,commercial_sold_to,671875,320177,8,Strong
A3310900818225003,331090,Craig,2018-02-01,2018,2,fuel_used_gallons,64300,7030,6,Strong
A3310900818225003,331090,Craig,2018-02-01,2018,2,diesel_kwh_generated,885042,85088,7,Strong
A3310900918225003,331090,Craig,2018-03-01,2018,3,fuel_used_gallons,93673,7030,9,Extreme
A3310900918225003,331090,Craig,2018-03-01,2018,3,diesel_kwh_generated,1345511,85088,11,Extreme
A3310901018225003,331090,Craig,2018-04-01,2018,4,fuel_used_gallons,84807,7030,9,Strong
A3310901018225003,331090,Craig,2018-04-01,2018,4,diesel_kwh_generated,1127108,85088,9,Extreme
A3310900219225003,331090,Craig,2018-08-01,2018,8,fuel_used_gallons,62261,7030,6,Strong
A3310900219225003,331090,Craig,2018-08-01,2018,8,diesel_kwh_generated,865441,85088,7,Strong
A3310900219225003,331090,Craig,2018-08-01,2018,8,commercial_sold_to,637815,320177,7,Strong
A3310900919225003,331090,Craig,2019-03-01,2019,3,fuel_used_gallons,61749,7030,6,Strong
A3310900919225003,331090,Craig,2019-03-01,2019,3,diesel_kwh_generated,894673,85088,7,Strong
A3310901019225003,331090,Craig,2019-04-01,2019,4,fuel_used_gallons,56316,7030,5,Strong
A3310901019225003,331090,Craig,2019-04-01,2019,4,diesel_kwh_generated,773999,85088,6,Strong
A3310900220225003,331090,Craig,2019-08-01,2019,8,fuel_used_gallons,92354,7030,9,Extreme
A3310900220225003,331090,Craig,2019-08-01,2019,8,diesel_kwh_generated,1301792,85088,11,Extreme
A3310900220225003,331090,Craig,2019-08-01,2019,8,commercial_sold_to,1022978,320177,15,Extreme
A3310900320225003,331090,Craig,2019-09-01,2019,9,commercial_sold_to,535700,320177,5,Strong
A3310901020225003,331090,Craig,2020-04-01,2020,4,fuel_used_gallons,65450,7030,6,Strong
A3310901020225003,331090,Craig,2020-04-01,2020,4,diesel_kwh_generated,953239,85088,8,Strong
A3310901021225003,331090,Craig,2021-04-01,2021,4,fuel_used_gallons,63322,7030,6,Strong
A3310901021225003,331090,Craig,2021-04-01,2021,4,diesel_kwh_generated,965418,85088,8,Strong
A3310900222225003,331090,Craig,2021-08-01,2021,8,commercial_sold_to,1125696,320177,17,Extreme
A3310900322225003,331090,Craig,2021-09-01,2021,9,commercial_sold_to,615948,320177,6,Strong
A3310901222225003,331090,Craig,2022-06-01,2022,6,commercial_sold_to,649703,320177,7,Strong
A3310900123225003,331090,Craig,2022-07-01,2022,7,commercial_sold_to,792629,320177,10,Extreme
A3310900223225003,331090,Craig,2022-08-01,2022,8,fuel_used_gallons,48522,7030,5,Strong
A3310900223225003,331090,Craig,2022-08-01,2022,8,diesel_kwh_generated,693637,85088,5,Strong
A3310900223225003,331090,Craig,2022-08-01,2022,8,commercial_sold_to,1843607,320177,33,Extreme
A3310900923225003,331090,Craig,2023-03-01,2023,3,fuel_used_gallons,68613,7030,7,Strong
A3310900923225003,331090,Craig,2023-03-01,2023,3,diesel_kwh_generated,1027003,85088,8,Strong
A3310900124225003,331090,Craig,2023-07-01,2023,7,commercial_sold_to,996998,320177,15,Extreme
A3310900224225003,331090,Craig,2023-08-01,2023,8,fuel_used_gallons,97278,7030,10,Extreme
A3310900224225003,331090,Craig,2023-08-01,2023,8,diesel_kwh_generated,1382089,85088,12,Extreme
A3310900224225003,331090,Craig,2023-08-01,2023,8,commercial_sold_to,2245289,320177,42,Extreme
A3310900125225003,331090,Craig,2024-07-01,2024,7,fuel_used_gallons,61295,7030,6,Strong
A3310900125225003,331090,Craig,2024-07-01,2024,7,diesel_kwh_generated,869846,85088,7,Strong
A3310900125225003,331090,Craig,2024-07-01,2024,7,commercial_sold_to,1048097,320177,16,Extreme
A3310900225225003,331090,Craig,2024-08-01,2024,8,fuel_used_gallons,145013,7030,15,Extreme
A3310900225225003,331090,Craig,2024-08-01,2024,8,diesel_kwh_generated,2078313,85088,18,Extreme
A3310900225225003,331090,Craig,2024-08-01,2024,8,commercial_sold_to,1471261,320177,25,Extreme
A3310900325225003,331090,Craig,2024-09-01,2024,9,fuel_used_gallons,48159,7030,5,Strong
A3310900325225003,331090,Craig,2024-09-01,2024,9,diesel_kwh_generated,618309,85088,5,Strong
A3310900126225003,331090,Craig,2025-07-01,2025,7,commercial_sold_to,1256854,320177,20,Extreme
A3310900226225003,331090,Craig,2025-08-01,2025,8,commercial_sold_to,1741699,320177,31,Extreme
A3310900726225003,331090,Craig,2026-01-01,2026,1,residential_customers,569,666,6,Strong
A3310900826225003,331090,Craig,2026-02-01,2026,2,residential_customers,567,666,6,Strong
A3322400420225003,332240,Crooked Creek,2019-10-01,2019,10,peak_consumption_kw,200,58,7,Strong
A3322400421225003,332240,Crooked Creek,2020-10-01,2020,10,fuel_used_gallons,3747,2009,5,Strong
A3322400421225003,332240,Crooked Creek,2020-10-01,2020,10,commercial_sold_to,20391,8639,6,Strong
A3322400821225003,332240,Crooked Creek,2021-02-01,2021,2,powerhouse_consumption_kwh,2093,1062,6,Strong
A3322400723225003,332240,Crooked Creek,2023-01-01,2023,1,govt_facil_sold_to,4174,988,8,Strong
A3322400724225003,332240,Crooked Creek,2024-01-01,2024,1,fuel_used_gallons,4302,2009,6,Strong
A3322400724225003,332240,Crooked Creek,2024-01-01,2024,1,diesel_kwh_generated,45175,22810,5,Strong
A3322400724225003,332240,Crooked Creek,2024-01-01,2024,1,com_facil_sold_to,6245,2418,10,Extreme
A3322400724225003,332240,Crooked Creek,2024-01-01,2024,1,govt_facil_sold_to,3439,988,6,Strong
A3322400924225003,332240,Crooked Creek,2024-03-01,2024,3,govt_facil_sold_to,2900,988,5,Strong
A3322400526225003,332240,Crooked Creek,2025-11-01,2025,11,com_facil_sold_to,4411,2418,5,Strong
A3322400626225003,332240,Crooked Creek,2025-12-01,2025,12,com_facil_sold_to,4292,2418,5,Strong
A3322400726225003,332240,Crooked Creek,2026-01-01,2026,1,com_facil_sold_to,5211,2418,7,Strong
A3322400826225003,332240,Crooked Creek,2026-02-01,2026,2,com_facil_sold_to,4213,2418,5,Strong
A3322400926225003,332240,Crooked Creek,2026-03-01,2026,3,powerhouse_consumption_kwh,1930,1062,5,Strong
A3322400926225003,332240,Crooked Creek,2026-03-01,2026,3,com_facil_sold_to,5240,2418,7,Strong
A3322401026225003,332240,Crooked Creek,2026-04-01,2026,4,powerhouse_consumption_kwh,1954,1062,5,Strong
A3320600616225003,332060,Deering,2015-12-01,2015,12,unbilled_sold_to,2165,130,15,Extreme
A3320600716225003,332060,Deering,2016-01-01,2016,1,unbilled_sold_to,1012,130,6,Strong
A3320600820225003,332060,Deering,2020-02-01,2020,2,powerhouse_consumption_kwh,5462,2389,7,Strong
A3320600222225003,332060,Deering,2021-08-01,2021,8,powerhouse_consumption_kwh,22,2389,5,Strong
A3320600322225003,332060,Deering,2021-09-01,2021,9,powerhouse_consumption_kwh,16,2389,5,Strong
A3320600422225003,332060,Deering,2021-10-01,2021,10,powerhouse_consumption_kwh,23,2389,5,Strong
A3320600422225003,332060,Deering,2021-10-01,2021,10,unbilled_sold_to,5623,130,40,Extreme
A3320600723225003,332060,Deering,2023-01-01,2023,1,unbilled_sold_to,2090,130,14,Extreme
A3320601124225003,332060,Deering,2024-05-01,2024,5,unbilled_sold_to,797,130,5,Strong
A3320600125225003,332060,Deering,2024-07-01,2024,7,unbilled_sold_to,3817,130,27,Extreme
A3320600625225003,332060,Deering,2024-12-01,2024,12,com_facil_sold_to,19479,9502,5,Strong
A3320600625225003,332060,Deering,2024-12-01,2024,12,govt_facil_sold_to,8705,2934,5,Strong
A3320600625225003,332060,Deering,2024-12-01,2024,12,unbilled_sold_to,901,130,6,Strong
A3320600925225003,332060,Deering,2025-03-01,2025,3,unbilled_sold_to,1021,130,6,Strong
A3320600426225003,332060,Deering,2025-10-01,2025,10,unbilled_sold_to,844,130,5,Strong
A3320600626225003,332060,Deering,2025-12-01,2025,12,unbilled_sold_to,1465,130,10,Extreme
A3324300117225003,332430,"Dillingham, Aleknagik",2016-07-01,2016,7,diesel_kwh_generated,2275400,1435259,6,Strong
A3324300117225003,332430,"Dillingham, Aleknagik",2016-07-01,2016,7,peak_consumption_kw,4240,2490,5,Strong
A3324300117225003,332430,"Dillingham, Aleknagik",2016-07-01,2016,7,commercial_sold_to,1682902,720452.5,12,Extreme
A3324300217225003,332430,"Dillingham, Aleknagik",2016-08-01,2016,8,fuel_used_gallons,140763,96451.5,5,Strong
A3324300217225003,332430,"Dillingham, Aleknagik",2016-08-01,2016,8,peak_consumption_kw,4210,2490,5,Strong
A3324300217225003,332430,"Dillingham, Aleknagik",2016-08-01,2016,8,commercial_sold_to,1386851,720452.5,8,Strong
A3324300817225003,332430,"Dillingham, Aleknagik",2017-02-01,2017,2,com_facil_sold_to,151902,80114.5,6,Strong
A3324300118225003,332430,"Dillingham, Aleknagik",2017-07-01,2017,7,fuel_used_gallons,159096,96451.5,7,Strong
A3324300118225003,332430,"Dillingham, Aleknagik",2017-07-01,2017,7,diesel_kwh_generated,2389000,1435259,6,Strong
A3324300118225003,332430,"Dillingham, Aleknagik",2017-07-01,2017,7,peak_consumption_kw,4360,2490,6,Strong
A3324300118225003,332430,"Dillingham, Aleknagik",2017-07-01,2017,7,commercial_sold_to,1744038,720452.5,13,Extreme
A3324300218225003,332430,"Dillingham, Aleknagik",2017-08-01,2017,8,peak_consumption_kw,4090,2490,5,Strong
A3324300119225003,332430,"Dillingham, Aleknagik",2018-07-01,2018,7,fuel_used_gallons,169629,96451.5,8,Strong
A3324300119225003,332430,"Dillingham, Aleknagik",2018-07-01,2018,7,diesel_kwh_generated,2546200,1435259,7,Strong
A3324300119225003,332430,"Dillingham, Aleknagik",2018-07-01,2018,7,peak_consumption_kw,4600,2490,7,Strong
A3324300119225003,332430,"Dillingham, Aleknagik",2018-07-01,2018,7,commercial_sold_to,1853171,720452.5,14,Extreme
A3324300219225003,332430,"Dillingham, Aleknagik",2018-08-01,2018,8,fuel_used_gallons,146320,96451.5,6,Strong
A3324300219225003,332430,"Dillingham, Aleknagik",2018-08-01,2018,8,diesel_kwh_generated,2217000,1435259,5,Strong
A3324300219225003,332430,"Dillingham, Aleknagik",2018-08-01,2018,8,peak_consumption_kw,4500,2490,6,Strong
A3324300219225003,332430,"Dillingham, Aleknagik",2018-08-01,2018,8,commercial_sold_to,1523173,720452.5,10,Extreme
A3324300120225003,332430,"Dillingham, Aleknagik",2019-07-01,2019,7,fuel_used_gallons,199294,96451.5,11,Extreme
A3324300120225003,332430,"Dillingham, Aleknagik",2019-07-01,2019,7,diesel_kwh_generated,3026364,1435259,11,Extreme
A3324300120225003,332430,"Dillingham, Aleknagik",2019-07-01,2019,7,powerhouse_consumption_kwh,97603,39998.5,6,Strong
A3324300120225003,332430,"Dillingham, Aleknagik",2019-07-01,2019,7,peak_consumption_kw,6050,2490,11,Extreme
A3324300120225003,332430,"Dillingham, Aleknagik",2019-07-01,2019,7,commercial_sold_to,2352448,720452.5,20,Extreme
A3324300220225003,332430,"Dillingham, Aleknagik",2019-08-01,2019,8,peak_consumption_kw,5020,2490,8,Strong
A3324300220225003,332430,"Dillingham, Aleknagik",2019-08-01,2019,8,commercial_sold_to,1260186,720452.5,7,Strong
A3324300720225003,332430,"Dillingham, Aleknagik",2020-01-01,2020,1,unbilled_sold_to,13438,0,NA,Strong
A3324300121225003,332430,"Dillingham, Aleknagik",2020-07-01,2020,7,fuel_used_gallons,163501,96451.5,7,Strong
A3324300121225003,332430,"Dillingham, Aleknagik",2020-07-01,2020,7,diesel_kwh_generated,2446241,1435259,7,Strong
A3324300121225003,332430,"Dillingham, Aleknagik",2020-07-01,2020,7,peak_consumption_kw,5720,2490,10,Extreme
A3324300121225003,332430,"Dillingham, Aleknagik",2020-07-01,2020,7,commercial_sold_to,1857841,720452.5,14,Extreme
A3324300221225003,332430,"Dillingham, Aleknagik",2020-08-01,2020,8,peak_consumption_kw,5525,2490,9,Extreme
A3324300221225003,332430,"Dillingham, Aleknagik",2020-08-01,2020,8,commercial_sold_to,1206792,720452.5,6,Strong
A3324300122225003,332430,"Dillingham, Aleknagik",2021-07-01,2021,7,fuel_used_gallons,202239,96451.5,12,Extreme
A3324300122225003,332430,"Dillingham, Aleknagik",2021-07-01,2021,7,diesel_kwh_generated,3064875,1435259,11,Extreme
A3324300122225003,332430,"Dillingham, Aleknagik",2021-07-01,2021,7,peak_consumption_kw,6255,2490,12,Extreme
A3324300122225003,332430,"Dillingham, Aleknagik",2021-07-01,2021,7,commercial_sold_to,2342610,720452.5,20,Extreme
A3324300222225003,332430,"Dillingham, Aleknagik",2021-08-01,2021,8,peak_consumption_kw,5820,2490,10,Extreme
A3324300222225003,332430,"Dillingham, Aleknagik",2021-08-01,2021,8,commercial_sold_to,1345751,720452.5,8,Strong
A3324301122225003,332430,"Dillingham, Aleknagik",2022-05-01,2022,5,peak_consumption_kw,3974,2490,5,Strong
A3324301122225003,332430,"Dillingham, Aleknagik",2022-05-01,2022,5,commercial_sold_to,1244815,720452.5,6,Strong
A3324301222225003,332430,"Dillingham, Aleknagik",2022-06-01,2022,6,peak_consumption_kw,3955,2490,5,Strong
A3324300123225003,332430,"Dillingham, Aleknagik",2022-07-01,2022,7,fuel_used_gallons,217983,96451.5,13,Extreme
A3324300123225003,332430,"Dillingham, Aleknagik",2022-07-01,2022,7,diesel_kwh_generated,3284252,1435259,12,Extreme
A3324300123225003,332430,"Dillingham, Aleknagik",2022-07-01,2022,7,powerhouse_consumption_kwh,87212,39998.5,5,Strong
A3324300123225003,332430,"Dillingham, Aleknagik",2022-07-01,2022,7,peak_consumption_kw,6480,2490,12,Extreme
A3324300123225003,332430,"Dillingham, Aleknagik",2022-07-01,2022,7,commercial_sold_to,2677337,720452.5,24,Extreme
A3324300223225003,332430,"Dillingham, Aleknagik",2022-08-01,2022,8,peak_consumption_kw,5920,2490,11,Extreme
A3324300223225003,332430,"Dillingham, Aleknagik",2022-08-01,2022,8,commercial_sold_to,1183298,720452.5,6,Strong
A3324300124225003,332430,"Dillingham, Aleknagik",2023-07-01,2023,7,fuel_used_gallons,204672,96451.5,12,Extreme
A3324300124225003,332430,"Dillingham, Aleknagik",2023-07-01,2023,7,diesel_kwh_generated,3098114,1435259,11,Extreme
A3324300124225003,332430,"Dillingham, Aleknagik",2023-07-01,2023,7,powerhouse_consumption_kwh,86084,39998.5,5,Strong
A3324300124225003,332430,"Dillingham, Aleknagik",2023-07-01,2023,7,peak_consumption_kw,6555,2490,13,Extreme
A3324300124225003,332430,"Dillingham, Aleknagik",2023-07-01,2023,7,commercial_sold_to,2458551,720452.5,21,Extreme
A3324300224225003,332430,"Dillingham, Aleknagik",2023-08-01,2023,8,fuel_used_gallons,143887,96451.5,5,Strong
A3324300224225003,332430,"Dillingham, Aleknagik",2023-08-01,2023,8,diesel_kwh_generated,2163446,1435259,5,Strong
A3324300224225003,332430,"Dillingham, Aleknagik",2023-08-01,2023,8,peak_consumption_kw,6580,2490,13,Extreme
A3324300224225003,332430,"Dillingham, Aleknagik",2023-08-01,2023,8,commercial_sold_to,1395112,720452.5,8,Strong
A3324300125225003,332430,"Dillingham, Aleknagik",2024-07-01,2024,7,fuel_used_gallons,178032,96451.5,9,Extreme
A3324300125225003,332430,"Dillingham, Aleknagik",2024-07-01,2024,7,diesel_kwh_generated,2718892,1435259,9,Strong
A3324300125225003,332430,"Dillingham, Aleknagik",2024-07-01,2024,7,peak_consumption_kw,5775,2490,10,Extreme
A3324300125225003,332430,"Dillingham, Aleknagik",2024-07-01,2024,7,commercial_sold_to,2036558,720452.5,16,Extreme
A3324300225225003,332430,"Dillingham, Aleknagik",2024-08-01,2024,8,peak_consumption_kw,5450,2490,9,Extreme
A3324300225225003,332430,"Dillingham, Aleknagik",2024-08-01,2024,8,commercial_sold_to,1199001,720452.5,6,Strong
A3324300126225003,332430,"Dillingham, Aleknagik",2025-07-01,2025,7,fuel_used_gallons,213975,96451.5,13,Extreme
A3324300126225003,332430,"Dillingham, Aleknagik",2025-07-01,2025,7,diesel_kwh_generated,3278944,1435259,12,Extreme
A3324300126225003,332430,"Dillingham, Aleknagik",2025-07-01,2025,7,powerhouse_consumption_kwh,86143,39998.5,5,Strong
A3324300126225003,332430,"Dillingham, Aleknagik",2025-07-01,2025,7,peak_consumption_kw,6650,2490,13,Extreme
A3324300126225003,332430,"Dillingham, Aleknagik",2025-07-01,2025,7,commercial_sold_to,2547720,720452.5,22,Extreme
A3324300226225003,332430,"Dillingham, Aleknagik",2025-08-01,2025,8,peak_consumption_kw,5465,2490,9,Extreme
A3324300226225003,332430,"Dillingham, Aleknagik",2025-08-01,2025,8,commercial_sold_to,1316540,720452.5,7,Strong
A3324300826225003,332430,"Dillingham, Aleknagik",2026-02-01,2026,2,residential_customers,829,971,6,Strong
A3324300926225003,332430,"Dillingham, Aleknagik",2026-03-01,2026,3,residential_customers,822,971,6,Strong
A3324301126225003,332430,"Dillingham, Aleknagik",2026-05-01,2026,5,residential_customers,825,971,6,Strong
A3319300517225003,331930,Diomede,2016-11-01,2016,11,govt_facil_sold_to,595,102,6,Strong
A3319300617225003,331930,Diomede,2016-12-01,2016,12,govt_facil_sold_to,696,102,8,Strong
A3319300717225003,331930,Diomede,2017-01-01,2017,1,residential_sold_to,25865,9136,5,Strong
A3319300717225003,331930,Diomede,2017-01-01,2017,1,govt_facil_sold_to,783,102,9,Strong
A3319300817225003,331930,Diomede,2017-02-01,2017,2,govt_facil_sold_to,609,102,7,Strong
A3319300917225003,331930,Diomede,2017-03-01,2017,3,govt_facil_sold_to,668,102,7,Strong
A3319301017225003,331930,Diomede,2017-04-01,2017,4,residential_sold_to,25738,9136,5,Strong
A3319301017225003,331930,Diomede,2017-04-01,2017,4,com_facil_sold_to,4673,1120,7,Strong
A3319301017225003,331930,Diomede,2017-04-01,2017,4,govt_facil_sold_to,788,102,9,Strong
A3319301117225003,331930,Diomede,2017-05-01,2017,5,residential_sold_to,23111,9136,5,Strong
A3319301117225003,331930,Diomede,2017-05-01,2017,5,com_facil_sold_to,4981,1120,7,Strong
A3319301117225003,331930,Diomede,2017-05-01,2017,5,govt_facil_sold_to,1426,102,17,Extreme
A3319300118225003,331930,Diomede,2017-07-01,2017,7,govt_facil_sold_to,1238,102,15,Extreme
A3319300218225003,331930,Diomede,2017-08-01,2017,8,peak_consumption_kw,179,89,5,Strong
A3319300218225003,331930,Diomede,2017-08-01,2017,8,govt_facil_sold_to,656,102,7,Strong
A3319300318225003,331930,Diomede,2017-09-01,2017,9,govt_facil_sold_to,1057,102,12,Extreme
A3319300418225003,331930,Diomede,2017-10-01,2017,10,com_facil_sold_to,14810,1120,25,Extreme
A3319300418225003,331930,Diomede,2017-10-01,2017,10,govt_facil_sold_to,14115,102,182,Extreme
A3319300518225003,331930,Diomede,2017-11-01,2017,11,govt_facil_sold_to,503,102,5,Strong
A3319300618225003,331930,Diomede,2017-12-01,2017,12,govt_facil_sold_to,643,102,7,Strong
A3319300718225003,331930,Diomede,2018-01-01,2018,1,powerhouse_consumption_kwh,15022,3603,8,Strong
A3319300718225003,331930,Diomede,2018-01-01,2018,1,govt_facil_sold_to,605,102,7,Strong
A3319300818225003,331930,Diomede,2018-02-01,2018,2,govt_facil_sold_to,482,102,5,Strong
A3319300918225003,331930,Diomede,2018-03-01,2018,3,govt_facil_sold_to,581,102,6,Strong
A3319300918225003,331930,Diomede,2018-03-01,2018,3,unbilled_sold_to,4464,1654,7,Strong
A3319301018225003,331930,Diomede,2018-04-01,2018,4,govt_facil_sold_to,521,102,5,Strong
A3319301118225003,331930,Diomede,2018-05-01,2018,5,govt_facil_sold_to,476,102,5,Strong
A3319301218225003,331930,Diomede,2018-06-01,2018,6,govt_facil_sold_to,552,102,6,Strong
A3319301218225003,331930,Diomede,2018-06-01,2018,6,unbilled_sold_to,4201,1654,6,Strong
A3319300119225003,331930,Diomede,2018-07-01,2018,7,govt_facil_sold_to,583,102,6,Strong
A3319300219225003,331930,Diomede,2018-08-01,2018,8,govt_facil_sold_to,604,102,7,Strong
A3319300120225003,331930,Diomede,2019-07-01,2019,7,commercial_sold_to,32595,17708,5,Strong
A3319300921225003,331930,Diomede,2021-03-01,2021,3,peak_consumption_kw,198,89,6,Strong
A3319300122225003,331930,Diomede,2021-07-01,2021,7,unbilled_sold_to,4556,1654,7,Strong
A3319300322225003,331930,Diomede,2021-09-01,2021,9,unbilled_sold_to,7671,1654,14,Extreme
A3319300523225003,331930,Diomede,2022-11-01,2022,11,fuel_used_gallons,0,3555,6,Strong
A3319300523225003,331930,Diomede,2022-11-01,2022,11,commercial_sold_to,0,17708,5,Strong
A3319300623225003,331930,Diomede,2022-12-01,2022,12,diesel_kwh_generated,78953,36379,8,Strong
A3319300623225003,331930,Diomede,2022-12-01,2022,12,commercial_sold_to,47719,17708,9,Extreme
A3319300623225003,331930,Diomede,2022-12-01,2022,12,unbilled_sold_to,3837,1654,5,Strong
A3319300723225003,331930,Diomede,2023-01-01,2023,1,unbilled_sold_to,4035,1654,6,Strong
A3311001116225003,331100,"Dot Lake, Dot Lake Village",2016-05-01,2016,5,commercial_sold_to,23061,12785,5,Strong
A3311000726225003,331100,"Dot Lake, Dot Lake Village",2026-01-01,2026,1,residential_sold_to,14513,7703.5,5,Strong
A3311100822225003,331110,"Eagle, Eagle Village",2022-02-01,2022,2,fuel_used_gallons,8859,5164.5,5,Strong
A3311100626225003,331110,"Eagle, Eagle Village",2025-12-01,2025,12,residential_sold_to,36411,25447,6,Strong
A3311100726225003,331110,"Eagle, Eagle Village",2026-01-01,2026,1,residential_sold_to,37994,25447,6,Strong
A3312900516225003,331290,Eek,2015-11-01,2015,11,commercial_sold_to,24815,10244,5,Strong
A3312900716225003,331290,Eek,2016-01-01,2016,1,commercial_sold_to,31061,10244,7,Strong
A3312900722225003,331290,Eek,2022-01-01,2022,1,com_facil_sold_to,51642,18691,5,Strong
A3312900126225003,331290,Eek,2025-07-01,2025,7,powerhouse_consumption_kwh,6735,1723,9,Strong
A3312900226225003,331290,Eek,2025-08-01,2025,8,powerhouse_consumption_kwh,6197,1723,8,Strong
A3312900326225003,331290,Eek,2025-09-01,2025,9,powerhouse_consumption_kwh,7362,1723,10,Extreme
A3312900426225003,331290,Eek,2025-10-01,2025,10,powerhouse_consumption_kwh,5116,1723,6,Strong
A3312900526225003,331290,Eek,2025-11-01,2025,11,commercial_sold_to,32472,10244,8,Strong
A3312900626225003,331290,Eek,2025-12-01,2025,12,powerhouse_consumption_kwh,4306,1723,5,Strong
A3312900626225003,331290,Eek,2025-12-01,2025,12,commercial_sold_to,34864,10244,8,Strong
A3312900726225003,331290,Eek,2026-01-01,2026,1,commercial_sold_to,37804,10244,9,Extreme
A3312900826225003,331290,Eek,2026-02-01,2026,2,commercial_sold_to,36037,10244,9,Strong
A3312900926225003,331290,Eek,2026-03-01,2026,3,commercial_sold_to,39970,10244,10,Extreme
A3312901026225003,331290,Eek,2026-04-01,2026,4,commercial_sold_to,31471,10244,7,Strong
A3319400616225003,331940,Egegik,2015-12-01,2015,12,residential_customers,26,84,39,Extreme
A3319400716225003,331940,Egegik,2016-01-01,2016,1,residential_customers,26,84,39,Extreme
A3319400816225003,331940,Egegik,2016-02-01,2016,2,residential_customers,27,84,38,Extreme
A3319400916225003,331940,Egegik,2016-03-01,2016,3,residential_customers,27,84,38,Extreme
A3319401016225003,331940,Egegik,2016-04-01,2016,4,residential_customers,26,84,39,Extreme
A3319401116225003,331940,Egegik,2016-05-01,2016,5,commercial_sold_to,45643,14387.5,6,Strong
A3319401216225003,331940,Egegik,2016-06-01,2016,6,commercial_sold_to,60723,14387.5,8,Strong
A3319400117225003,331940,Egegik,2016-07-01,2016,7,commercial_sold_to,53677,14387.5,7,Strong
A3319400417225003,331940,Egegik,2016-10-01,2016,10,residential_customers,31,84,36,Extreme
A3319400517225003,331940,Egegik,2016-11-01,2016,11,residential_customers,28,84,38,Extreme
A3319400617225003,331940,Egegik,2016-12-01,2016,12,residential_customers,27,84,38,Extreme
A3319400717225003,331940,Egegik,2017-01-01,2017,1,residential_customers,26,84,39,Extreme
A3319400817225003,331940,Egegik,2017-02-01,2017,2,residential_customers,24,84,40,Extreme
A3319400917225003,331940,Egegik,2017-03-01,2017,3,residential_customers,25,84,40,Extreme
A3319401017225003,331940,Egegik,2017-04-01,2017,4,residential_customers,28,84,38,Extreme
A3319401117225003,331940,Egegik,2017-05-01,2017,5,commercial_sold_to,46057,14387.5,6,Strong
A3319401217225003,331940,Egegik,2017-06-01,2017,6,commercial_sold_to,53734,14387.5,7,Strong
A3319400118225003,331940,Egegik,2017-07-01,2017,7,diesel_kwh_generated,100856,44024,5,Strong
A3319400118225003,331940,Egegik,2017-07-01,2017,7,commercial_sold_to,54092,14387.5,7,Strong
A3319400718225003,331940,Egegik,2018-01-01,2018,1,residential_customers,24,84,40,Extreme
A3319400818225003,331940,Egegik,2018-02-01,2018,2,residential_customers,29,84,37,Extreme
A3319401018225003,331940,Egegik,2018-04-01,2018,4,residential_customers,29,84,37,Extreme
A3319401118225003,331940,Egegik,2018-05-01,2018,5,commercial_sold_to,53848,14387.5,7,Strong
A3319401218225003,331940,Egegik,2018-06-01,2018,6,commercial_sold_to,57176,14387.5,8,Strong
A3319400119225003,331940,Egegik,2018-07-01,2018,7,commercial_sold_to,52343,14387.5,7,Strong
A3319401119225003,331940,Egegik,2019-05-01,2019,5,commercial_sold_to,50653,14387.5,7,Strong
A3319401219225003,331940,Egegik,2019-06-01,2019,6,commercial_sold_to,48147,14387.5,6,Strong
A3319400120225003,331940,Egegik,2019-07-01,2019,7,commercial_sold_to,47211,14387.5,6,Strong
A3319401120225003,331940,Egegik,2020-05-01,2020,5,commercial_sold_to,40615,14387.5,5,Strong
A3319401220225003,331940,Egegik,2020-06-01,2020,6,commercial_sold_to,52389,14387.5,7,Strong
A3319400121225003,331940,Egegik,2020-07-01,2020,7,peak_consumption_kw,351,113.5,5,Strong
A3319400121225003,331940,Egegik,2020-07-01,2020,7,residential_sold_to,27648,11061.5,5,Strong
A3319400121225003,331940,Egegik,2020-07-01,2020,7,commercial_sold_to,43597,14387.5,5,Strong
A3319401121225003,331940,Egegik,2021-05-01,2021,5,commercial_sold_to,48431,14387.5,6,Strong
A3319401221225003,331940,Egegik,2021-06-01,2021,6,diesel_kwh_generated,103096,44024,5,Strong
A3319401221225003,331940,Egegik,2021-06-01,2021,6,commercial_sold_to,61251,14387.5,8,Strong
A3319400122225003,331940,Egegik,2021-07-01,2021,7,diesel_kwh_generated,102383,44024,5,Strong
A3319400122225003,331940,Egegik,2021-07-01,2021,7,residential_sold_to,26865,11061.5,5,Strong
A3319400122225003,331940,Egegik,2021-07-01,2021,7,commercial_sold_to,53725,14387.5,7,Strong
A3319401022225003,331940,Egegik,2022-04-01,2022,4,commercial_sold_to,39315,14387.5,5,Strong
A3319401122225003,331940,Egegik,2022-05-01,2022,5,powerhouse_consumption_kwh,5693,2200.5,9,Extreme
A3319401122225003,331940,Egegik,2022-05-01,2022,5,peak_consumption_kw,311,113.5,5,Strong
A3319401122225003,331940,Egegik,2022-05-01,2022,5,commercial_sold_to,50886,14387.5,7,Strong
A3319401222225003,331940,Egegik,2022-06-01,2022,6,diesel_kwh_generated,103797,44024,5,Strong
A3319401222225003,331940,Egegik,2022-06-01,2022,6,residential_sold_to,26755,11061.5,5,Strong
A3319401222225003,331940,Egegik,2022-06-01,2022,6,commercial_sold_to,55412,14387.5,7,Strong
A3319400123225003,331940,Egegik,2022-07-01,2022,7,diesel_kwh_generated,110440,44024,5,Strong
A3319400123225003,331940,Egegik,2022-07-01,2022,7,residential_sold_to,28549,11061.5,5,Strong
A3319400123225003,331940,Egegik,2022-07-01,2022,7,commercial_sold_to,49316,14387.5,6,Strong
A3319401123225003,331940,Egegik,2023-05-01,2023,5,commercial_sold_to,59205,14387.5,8,Strong
A3319401223225003,331940,Egegik,2023-06-01,2023,6,diesel_kwh_generated,110404,44024,5,Strong
A3319401223225003,331940,Egegik,2023-06-01,2023,6,residential_sold_to,27745,11061.5,5,Strong
A3319401223225003,331940,Egegik,2023-06-01,2023,6,commercial_sold_to,60883,14387.5,8,Strong
A3319400124225003,331940,Egegik,2023-07-01,2023,7,diesel_kwh_generated,116056,44024,6,Strong
A3319400124225003,331940,Egegik,2023-07-01,2023,7,residential_sold_to,32145,11061.5,6,Strong
A3319400124225003,331940,Egegik,2023-07-01,2023,7,commercial_sold_to,61390,14387.5,9,Strong
A3319401124225003,331940,Egegik,2024-05-01,2024,5,peak_consumption_kw,333,113.5,5,Strong
A3319401124225003,331940,Egegik,2024-05-01,2024,5,commercial_sold_to,64198,14387.5,9,Extreme
A3319401224225003,331940,Egegik,2024-06-01,2024,6,diesel_kwh_generated,105954,44024,5,Strong
A3319401224225003,331940,Egegik,2024-06-01,2024,6,residential_sold_to,26879,11061.5,5,Strong
A3319401224225003,331940,Egegik,2024-06-01,2024,6,commercial_sold_to,56256,14387.5,8,Strong
A3319400125225003,331940,Egegik,2024-07-01,2024,7,diesel_kwh_generated,110130,44024,5,Strong
A3319400125225003,331940,Egegik,2024-07-01,2024,7,residential_sold_to,26700,11061.5,5,Strong
A3319400125225003,331940,Egegik,2024-07-01,2024,7,commercial_sold_to,51171,14387.5,7,Strong
A3319401125225003,331940,Egegik,2025-05-01,2025,5,fuel_used_gallons,9578,3849.5,5,Strong
A3319401125225003,331940,Egegik,2025-05-01,2025,5,commercial_sold_to,50777,14387.5,7,Strong
A3319401225225003,331940,Egegik,2025-06-01,2025,6,diesel_kwh_generated,109378,44024,5,Strong
A3319401225225003,331940,Egegik,2025-06-01,2025,6,peak_consumption_kw,7342,113.5,165,Extreme
A3319401225225003,331940,Egegik,2025-06-01,2025,6,residential_sold_to,29820,11061.5,6,Strong
A3319401225225003,331940,Egegik,2025-06-01,2025,6,commercial_sold_to,56808,14387.5,8,Strong
A3319400126225003,331940,Egegik,2025-07-01,2025,7,fuel_used_gallons,9898,3849.5,6,Strong
A3319400126225003,331940,Egegik,2025-07-01,2025,7,diesel_kwh_generated,114220,44024,6,Strong
A3319400126225003,331940,Egegik,2025-07-01,2025,7,residential_sold_to,33206,11061.5,7,Strong
A3319400126225003,331940,Egegik,2025-07-01,2025,7,commercial_sold_to,55458,14387.5,7,Strong
A3319500217225003,331950,Ekwok,2016-08-01,2016,8,residential_customers,140,49,31,Extreme
A3319500125225003,331950,Ekwok,2024-07-01,2024,7,govt_facil_sold_to,298,7868,5,Strong
A3319500526225003,331950,Ekwok,2025-11-01,2025,11,com_facil_sold_to,1495,9567,5,Strong
A3319500626225003,331950,Ekwok,2025-12-01,2025,12,com_facil_sold_to,1314,9567,5,Strong
A3319500726225003,331950,Ekwok,2026-01-01,2026,1,commercial_sold_to,10234,0,NA,Strong
A3319500726225003,331950,Ekwok,2026-01-01,2026,1,com_facil_sold_to,1440,9567,5,Strong
A3319500826225003,331950,Ekwok,2026-02-01,2026,2,com_facil_sold_to,1405,9567,5,Strong
A3319500926225003,331950,Ekwok,2026-03-01,2026,3,com_facil_sold_to,1391,9567,5,Strong
A3319501026225003,331950,Ekwok,2026-04-01,2026,4,commercial_sold_to,12224,0,NA,Strong
A3319501126225003,331950,Ekwok,2026-05-01,2026,5,com_facil_sold_to,0,9567,5,Strong
A3319501126225003,331950,Ekwok,2026-05-01,2026,5,govt_facil_sold_to,0,7868,5,Strong
A3319601216225003,331960,Elfin Cove,2016-06-01,2016,6,fuel_used_gallons,4407,1321.5,6,Strong
A3319601216225003,331960,Elfin Cove,2016-06-01,2016,6,diesel_kwh_generated,58013,14043.5,6,Strong
A3319601216225003,331960,Elfin Cove,2016-06-01,2016,6,commercial_sold_to,29247,5049.5,5,Strong
A3319600117225003,331960,Elfin Cove,2016-07-01,2016,7,fuel_used_gallons,4133,1321.5,5,Strong
A3319600117225003,331960,Elfin Cove,2016-07-01,2016,7,diesel_kwh_generated,53986,14043.5,5,Strong
A3319600117225003,331960,Elfin Cove,2016-07-01,2016,7,commercial_sold_to,27609,5049.5,5,Strong
A3319600217225003,331960,Elfin Cove,2016-08-01,2016,8,fuel_used_gallons,4898,1321.5,6,Strong
A3319600217225003,331960,Elfin Cove,2016-08-01,2016,8,diesel_kwh_generated,61840,14043.5,6,Strong
A3319600217225003,331960,Elfin Cove,2016-08-01,2016,8,residential_sold_to,24721,5120,5,Strong
A3319600217225003,331960,Elfin Cove,2016-08-01,2016,8,commercial_sold_to,30825,5049.5,5,Strong
A3319601217225003,331960,Elfin Cove,2017-06-01,2017,6,fuel_used_gallons,4237,1321.5,5,Strong
A3319601217225003,331960,Elfin Cove,2017-06-01,2017,6,diesel_kwh_generated,55836,14043.5,5,Strong
A3319601217225003,331960,Elfin Cove,2017-06-01,2017,6,residential_sold_to,23275,5120,5,Strong
A3319601217225003,331960,Elfin Cove,2017-06-01,2017,6,commercial_sold_to,27973,5049.5,5,Strong
A3319600118225003,331960,Elfin Cove,2017-07-01,2017,7,fuel_used_gallons,4652,1321.5,6,Strong
A3319600118225003,331960,Elfin Cove,2017-07-01,2017,7,diesel_kwh_generated,59646,14043.5,6,Strong
A3319600118225003,331960,Elfin Cove,2017-07-01,2017,7,commercial_sold_to,30781,5049.5,5,Strong
A3319600218225003,331960,Elfin Cove,2017-08-01,2017,8,fuel_used_gallons,4898,1321.5,6,Strong
A3319600218225003,331960,Elfin Cove,2017-08-01,2017,8,diesel_kwh_generated,62582,14043.5,6,Strong
A3319600218225003,331960,Elfin Cove,2017-08-01,2017,8,commercial_sold_to,29636,5049.5,5,Strong
A3319601218225003,331960,Elfin Cove,2018-06-01,2018,6,fuel_used_gallons,4369,1321.5,5,Strong
A3319601218225003,331960,Elfin Cove,2018-06-01,2018,6,diesel_kwh_generated,61344,14043.5,6,Strong
A3319601218225003,331960,Elfin Cove,2018-06-01,2018,6,commercial_sold_to,32057,5049.5,5,Strong
A3319600119225003,331960,Elfin Cove,2018-07-01,2018,7,fuel_used_gallons,4715,1321.5,6,Strong
A3319600119225003,331960,Elfin Cove,2018-07-01,2018,7,diesel_kwh_generated,62895,14043.5,6,Strong
A3319600119225003,331960,Elfin Cove,2018-07-01,2018,7,commercial_sold_to,31577,5049.5,5,Strong
A3319600219225003,331960,Elfin Cove,2018-08-01,2018,8,fuel_used_gallons,5004,1321.5,7,Strong
A3319600219225003,331960,Elfin Cove,2018-08-01,2018,8,diesel_kwh_generated,63437,14043.5,6,Strong
A3319600219225003,331960,Elfin Cove,2018-08-01,2018,8,commercial_sold_to,31629,5049.5,5,Strong
A3319600319225003,331960,Elfin Cove,2018-09-01,2018,9,powerhouse_consumption_kwh,6352,1881.5,6,Strong
A3319601219225003,331960,Elfin Cove,2019-06-01,2019,6,fuel_used_gallons,4721,1321.5,6,Strong
A3319601219225003,331960,Elfin Cove,2019-06-01,2019,6,diesel_kwh_generated,57051,14043.5,6,Strong
A3319601219225003,331960,Elfin Cove,2019-06-01,2019,6,residential_sold_to,22224,5120,5,Strong
A3319600120225003,331960,Elfin Cove,2019-07-01,2019,7,fuel_used_gallons,4607,1321.5,6,Strong
A3319600120225003,331960,Elfin Cove,2019-07-01,2019,7,diesel_kwh_generated,63531,14043.5,6,Strong
A3319600120225003,331960,Elfin Cove,2019-07-01,2019,7,commercial_sold_to,29985,5049.5,5,Strong
A3319600220225003,331960,Elfin Cove,2019-08-01,2019,8,fuel_used_gallons,4657,1321.5,6,Strong
A3319600220225003,331960,Elfin Cove,2019-08-01,2019,8,diesel_kwh_generated,60176,14043.5,6,Strong
A3319600220225003,331960,Elfin Cove,2019-08-01,2019,8,commercial_sold_to,29449,5049.5,5,Strong
A3319601220225003,331960,Elfin Cove,2020-06-01,2020,6,fuel_used_gallons,3947,1321.5,5,Strong
A3319601220225003,331960,Elfin Cove,2020-06-01,2020,6,diesel_kwh_generated,49930,14043.5,5,Strong
A3319600121225003,331960,Elfin Cove,2020-07-01,2020,7,fuel_used_gallons,4273,1321.5,5,Strong
A3319600121225003,331960,Elfin Cove,2020-07-01,2020,7,diesel_kwh_generated,56220,14043.5,6,Strong
A3319600221225003,331960,Elfin Cove,2020-08-01,2020,8,fuel_used_gallons,4548,1321.5,6,Strong
A3319600221225003,331960,Elfin Cove,2020-08-01,2020,8,diesel_kwh_generated,59601,14043.5,6,Strong
A3319600221225003,331960,Elfin Cove,2020-08-01,2020,8,residential_sold_to,21809,5120,5,Strong
A3319601121225003,331960,Elfin Cove,2021-05-01,2021,5,commercial_sold_to,27632,5049.5,5,Strong
A3319601221225003,331960,Elfin Cove,2021-06-01,2021,6,fuel_used_gallons,4619,1321.5,6,Strong
A3319601221225003,331960,Elfin Cove,2021-06-01,2021,6,diesel_kwh_generated,60461,14043.5,6,Strong
A3319601221225003,331960,Elfin Cove,2021-06-01,2021,6,commercial_sold_to,39605,5049.5,7,Strong
A3319600122225003,331960,Elfin Cove,2021-07-01,2021,7,fuel_used_gallons,5221,1321.5,7,Strong
A3319600122225003,331960,Elfin Cove,2021-07-01,2021,7,diesel_kwh_generated,69165,14043.5,7,Strong
A3319600122225003,331960,Elfin Cove,2021-07-01,2021,7,commercial_sold_to,45854,5049.5,8,Strong
A3319600222225003,331960,Elfin Cove,2021-08-01,2021,8,fuel_used_gallons,5516,1321.5,7,Strong
A3319600222225003,331960,Elfin Cove,2021-08-01,2021,8,diesel_kwh_generated,72394,14043.5,8,Strong
A3319600222225003,331960,Elfin Cove,2021-08-01,2021,8,commercial_sold_to,44338,5049.5,8,Strong
A3319600322225003,331960,Elfin Cove,2021-09-01,2021,9,commercial_sold_to,28206,5049.5,5,Strong
A3319601122225003,331960,Elfin Cove,2022-05-01,2022,5,diesel_kwh_generated,50076,14043.5,5,Strong
A3319601122225003,331960,Elfin Cove,2022-05-01,2022,5,commercial_sold_to,28563,5049.5,5,Strong
A3319601222225003,331960,Elfin Cove,2022-06-01,2022,6,fuel_used_gallons,5513,1321.5,7,Strong
A3319601222225003,331960,Elfin Cove,2022-06-01,2022,6,diesel_kwh_generated,73180,14043.5,8,Strong
A3319601222225003,331960,Elfin Cove,2022-06-01,2022,6,commercial_sold_to,43978,5049.5,8,Strong
A3319600123225003,331960,Elfin Cove,2022-07-01,2022,7,fuel_used_gallons,5218,1321.5,7,Strong
A3319600123225003,331960,Elfin Cove,2022-07-01,2022,7,diesel_kwh_generated,69501,14043.5,7,Strong
A3319600123225003,331960,Elfin Cove,2022-07-01,2022,7,commercial_sold_to,48504,5049.5,9,Strong
A3319600223225003,331960,Elfin Cove,2022-08-01,2022,8,fuel_used_gallons,5765,1321.5,8,Strong
A3319600223225003,331960,Elfin Cove,2022-08-01,2022,8,diesel_kwh_generated,75324,14043.5,8,Strong
A3319600223225003,331960,Elfin Cove,2022-08-01,2022,8,commercial_sold_to,50590,5049.5,9,Extreme
A3319601123225003,331960,Elfin Cove,2023-05-01,2023,5,commercial_sold_to,29393,5049.5,5,Strong
A3319601223225003,331960,Elfin Cove,2023-06-01,2023,6,fuel_used_gallons,5795,1321.5,8,Strong
A3319601223225003,331960,Elfin Cove,2023-06-01,2023,6,diesel_kwh_generated,78139,14043.5,8,Strong
A3319601223225003,331960,Elfin Cove,2023-06-01,2023,6,commercial_sold_to,52655,5049.5,10,Extreme
A3319600124225003,331960,Elfin Cove,2023-07-01,2023,7,fuel_used_gallons,5317,1321.5,7,Strong
A3319600124225003,331960,Elfin Cove,2023-07-01,2023,7,diesel_kwh_generated,71372,14043.5,8,Strong
A3319600124225003,331960,Elfin Cove,2023-07-01,2023,7,commercial_sold_to,52016,5049.5,9,Extreme
A3319600224225003,331960,Elfin Cove,2023-08-01,2023,8,fuel_used_gallons,5384,1321.5,7,Strong
A3319600224225003,331960,Elfin Cove,2023-08-01,2023,8,diesel_kwh_generated,71840,14043.5,8,Strong
A3319600224225003,331960,Elfin Cove,2023-08-01,2023,8,powerhouse_consumption_kwh,5286,1881.5,5,Strong
A3319600224225003,331960,Elfin Cove,2023-08-01,2023,8,commercial_sold_to,49112,5049.5,9,Strong
A3319600324225003,331960,Elfin Cove,2023-09-01,2023,9,commercial_sold_to,28632,5049.5,5,Strong
A3319600724225003,331960,Elfin Cove,2024-01-01,2024,1,com_facil_sold_to,1995,794,5,Strong
A3319601124225003,331960,Elfin Cove,2024-05-01,2024,5,fuel_used_gallons,4242,1321.5,5,Strong
A3319601124225003,331960,Elfin Cove,2024-05-01,2024,5,diesel_kwh_generated,55327,14043.5,5,Strong
A3319601124225003,331960,Elfin Cove,2024-05-01,2024,5,commercial_sold_to,37755,5049.5,7,Strong
A3319601224225003,331960,Elfin Cove,2024-06-01,2024,6,fuel_used_gallons,6247,1321.5,9,Strong
A3319601224225003,331960,Elfin Cove,2024-06-01,2024,6,diesel_kwh_generated,83893,14043.5,9,Extreme
A3319601224225003,331960,Elfin Cove,2024-06-01,2024,6,commercial_sold_to,57789,5049.5,11,Extreme
A3319600125225003,331960,Elfin Cove,2024-07-01,2024,7,fuel_used_gallons,5246,1321.5,7,Strong
A3319600125225003,331960,Elfin Cove,2024-07-01,2024,7,diesel_kwh_generated,71437,14043.5,8,Strong
A3319600125225003,331960,Elfin Cove,2024-07-01,2024,7,commercial_sold_to,50095,5049.5,9,Extreme
A3319600225225003,331960,Elfin Cove,2024-08-01,2024,8,fuel_used_gallons,5940,1321.5,8,Strong
A3319600225225003,331960,Elfin Cove,2024-08-01,2024,8,diesel_kwh_generated,79814,14043.5,9,Strong
A3319600225225003,331960,Elfin Cove,2024-08-01,2024,8,commercial_sold_to,54702,5049.5,10,Extreme
A3319601125225003,331960,Elfin Cove,2025-05-01,2025,5,fuel_used_gallons,3952,1321.5,5,Strong
A3319601125225003,331960,Elfin Cove,2025-05-01,2025,5,diesel_kwh_generated,52102,14043.5,5,Strong
A3319601125225003,331960,Elfin Cove,2025-05-01,2025,5,commercial_sold_to,36986,5049.5,6,Strong
A3319601225225003,331960,Elfin Cove,2025-06-01,2025,6,fuel_used_gallons,5863,1321.5,8,Strong
A3319601225225003,331960,Elfin Cove,2025-06-01,2025,6,diesel_kwh_generated,79110,14043.5,9,Strong
A3319601225225003,331960,Elfin Cove,2025-06-01,2025,6,commercial_sold_to,53647,5049.5,10,Extreme
A3319600126225003,331960,Elfin Cove,2025-07-01,2025,7,fuel_used_gallons,5746,1321.5,8,Strong
A3319600126225003,331960,Elfin Cove,2025-07-01,2025,7,diesel_kwh_generated,76424,14043.5,8,Strong
A3319600126225003,331960,Elfin Cove,2025-07-01,2025,7,commercial_sold_to,52229,5049.5,9,Extreme
A3319600226225003,331960,Elfin Cove,2025-08-01,2025,8,fuel_used_gallons,6515,1321.5,9,Extreme
A3319600226225003,331960,Elfin Cove,2025-08-01,2025,8,diesel_kwh_generated,85031,14043.5,9,Extreme
A3319600226225003,331960,Elfin Cove,2025-08-01,2025,8,commercial_sold_to,58985,5049.5,11,Extreme
A3319600926225003,331960,Elfin Cove,2026-03-01,2026,3,com_facil_sold_to,3153,794,9,Strong
A3319601126225003,331960,Elfin Cove,2026-05-01,2026,5,fuel_used_gallons,4109,1321.5,5,Strong
A3319601126225003,331960,Elfin Cove,2026-05-01,2026,5,diesel_kwh_generated,49743,14043.5,5,Strong
A3319601126225003,331960,Elfin Cove,2026-05-01,2026,5,commercial_sold_to,35358,5049.5,6,Strong
A3319601226225003,331960,Elfin Cove,2026-06-01,2026,6,fuel_used_gallons,5317,1321.5,7,Strong
A3319601226225003,331960,Elfin Cove,2026-06-01,2026,6,diesel_kwh_generated,69607,14043.5,7,Strong
A3319601226225003,331960,Elfin Cove,2026-06-01,2026,6,commercial_sold_to,52982,5049.5,10,Extreme
A3313000217225003,331300,Elim,2016-08-01,2016,8,residential_customers,170,90,54,Extreme
A3313000520225003,331300,Elim,2019-11-01,2019,11,powerhouse_consumption_kwh,2374,1483,5,Strong
A3313000720225003,331300,Elim,2020-01-01,2020,1,powerhouse_consumption_kwh,2340,1483,5,Strong
A3313000621225003,331300,Elim,2020-12-01,2020,12,fuel_used_gallons,15854,7986,8,Strong
A3313000622225003,331300,Elim,2021-12-01,2021,12,fuel_used_gallons,14421,7986,6,Strong
A3313000226225003,331300,Elim,2025-08-01,2025,8,fuel_used_gallons,3290,7986,5,Strong
A3313100116225003,331310,Emmonak,2015-07-01,2015,7,commercial_sold_to,191364,63456,7,Strong
A3313100216225003,331310,Emmonak,2015-08-01,2015,8,commercial_sold_to,221463,63456,8,Strong
A3313100117225003,331310,Emmonak,2016-07-01,2016,7,commercial_sold_to,230376,63456,9,Strong
A3313100119225003,331310,Emmonak,2018-07-01,2018,7,commercial_sold_to,206784,63456,8,Strong
A3313100219225003,331310,Emmonak,2018-08-01,2018,8,commercial_sold_to,183240,63456,6,Strong
A3313100120225003,331310,Emmonak,2019-07-01,2019,7,commercial_sold_to,191747,63456,7,Strong
A3313100220225003,331310,Emmonak,2019-08-01,2019,8,commercial_sold_to,187129,63456,6,Strong
A3313100526225003,331310,Emmonak,2025-11-01,2025,11,wind_kwh_generated,136673,41250.5,5,Strong
A3313101126225003,331310,Emmonak,2026-05-01,2026,5,com_facil_sold_to,0,72681,6,Strong
A3313101126225003,331310,Emmonak,2026-05-01,2026,5,govt_facil_sold_to,0,61166,5,Strong
A3319701016225003,331970,False Pass,2016-04-01,2016,4,unbilled_customers,72,1,7,Strong
A3319701116225003,331970,False Pass,2016-05-01,2016,5,unbilled_customers,72,1,7,Strong
A3319701216225003,331970,False Pass,2016-06-01,2016,6,peak_consumption_kw,4255,110,280,Extreme
A3319700319225003,331970,False Pass,2018-09-01,2018,9,powerhouse_consumption_kwh,7768,2849,6,Strong
A3319700819225003,331970,False Pass,2019-02-01,2019,2,peak_consumption_kw,195,110,6,Strong
A3319700919225003,331970,False Pass,2019-03-01,2019,3,peak_consumption_kw,190,110,5,Strong
A3319700320225003,331970,False Pass,2019-09-01,2019,9,peak_consumption_kw,198,110,6,Strong
A3319700420225003,331970,False Pass,2019-10-01,2019,10,peak_consumption_kw,184,110,5,Strong
A3319700620225003,331970,False Pass,2019-12-01,2019,12,peak_consumption_kw,190,110,5,Strong
A3319700720225003,331970,False Pass,2020-01-01,2020,1,peak_consumption_kw,182,110,5,Strong
A3319701120225003,331970,False Pass,2020-05-01,2020,5,unbilled_sold_to,12000,1564,5,Strong
A3319701220225003,331970,False Pass,2020-06-01,2020,6,unbilled_sold_to,16000,1564,6,Strong
A3319700121225003,331970,False Pass,2020-07-01,2020,7,unbilled_sold_to,15620,1564,6,Strong
A3319700725225003,331970,False Pass,2025-01-01,2025,1,com_facil_sold_to,14165,5952,5,Strong
A3319701125225003,331970,False Pass,2025-05-01,2025,5,unbilled_customers,2668,1,267,Extreme
A3319700926225003,331970,False Pass,2026-03-01,2026,3,com_facil_sold_to,20384,5952,8,Strong
A3319700926225003,331970,False Pass,2026-03-01,2026,3,govt_facil_sold_to,4723,1814,6,Strong
A3319701026225003,331970,False Pass,2026-04-01,2026,4,com_facil_sold_to,15113,5952,5,Strong
A3319701126225003,331970,False Pass,2026-05-01,2026,5,com_facil_sold_to,15323,5952,5,Strong
A3320200617225003,332020,Fort Yukon,2016-12-01,2016,12,fuel_used_gallons,66384,18270,11,Extreme
A3320201022225003,332020,Fort Yukon,2022-04-01,2022,4,com_facil_customers,70,17,36,Extreme
A3319900517225003,331990,Galena,2016-11-01,2016,11,govt_facil_sold_to,139893,36120,14,Extreme
A3319900917225003,331990,Galena,2017-03-01,2017,3,govt_facil_sold_to,87679,36120,7,Strong
A3319901123225003,331990,Galena,2023-05-01,2023,5,commercial_customers,354,117,27,Extreme
A3313200216225003,331320,Gambell,2015-08-01,2015,8,powerhouse_consumption_kwh,16874,5133,8,Strong
A3313200316225003,331320,Gambell,2015-09-01,2015,9,powerhouse_consumption_kwh,25142,5133,14,Extreme
A3313200416225003,331320,Gambell,2015-10-01,2015,10,powerhouse_consumption_kwh,17600,5133,9,Strong
A3313200217225003,331320,Gambell,2016-08-01,2016,8,powerhouse_consumption_kwh,23329,5133,13,Extreme
A3313200217225003,331320,Gambell,2016-08-01,2016,8,residential_customers,110,165,19,Extreme
A3313200317225003,331320,Gambell,2016-09-01,2016,9,powerhouse_consumption_kwh,19889,5133,11,Extreme
A3313200417225003,331320,Gambell,2016-10-01,2016,10,residential_customers,110,165,19,Extreme
A3313200517225003,331320,Gambell,2016-11-01,2016,11,residential_customers,111,165,18,Extreme
A3313200717225003,331320,Gambell,2017-01-01,2017,1,residential_customers,109,165,19,Extreme
A3313200817225003,331320,Gambell,2017-02-01,2017,2,residential_customers,109,165,19,Extreme
A3313200618225003,331320,Gambell,2017-12-01,2017,12,powerhouse_consumption_kwh,13507,5133,6,Strong
A3313200718225003,331320,Gambell,2018-01-01,2018,1,powerhouse_consumption_kwh,13837,5133,6,Strong
A3313200319225003,331320,Gambell,2018-09-01,2018,9,powerhouse_consumption_kwh,12385,5133,5,Strong
A3313200419225003,331320,Gambell,2018-10-01,2018,10,powerhouse_consumption_kwh,13270,5133,6,Strong
A3313200820225003,331320,Gambell,2020-02-01,2020,2,powerhouse_consumption_kwh,12581,5133,5,Strong
A3313200522225003,331320,Gambell,2021-11-01,2021,11,powerhouse_consumption_kwh,11783,5133,5,Strong
A3313200622225003,331320,Gambell,2021-12-01,2021,12,powerhouse_consumption_kwh,12217,5133,5,Strong
A3313200223225003,331320,Gambell,2022-08-01,2022,8,powerhouse_consumption_kwh,11444,5133,5,Strong
A3313200626225003,331320,Gambell,2025-12-01,2025,12,commercial_sold_to,42593,15566,5,Strong
A3313200726225003,331320,Gambell,2026-01-01,2026,1,commercial_sold_to,50264,15566,6,Strong
A3313200826225003,331320,Gambell,2026-02-01,2026,2,commercial_sold_to,47117,15566,5,Strong
A3313200926225003,331320,Gambell,2026-03-01,2026,3,commercial_sold_to,49241,15566,6,Strong
A3313201026225003,331320,Gambell,2026-04-01,2026,4,commercial_sold_to,43828,15566,5,Strong
A3313201126225003,331320,Gambell,2026-05-01,2026,5,govt_facil_sold_to,0,41906,5,Strong
A3320001217225003,332000,Golovin,2017-06-01,2017,6,unbilled_sold_to,5557,1359,6,Strong
A3320000118225003,332000,Golovin,2017-07-01,2017,7,unbilled_sold_to,5229,1359,5,Strong
A3320000218225003,332000,Golovin,2017-08-01,2017,8,unbilled_sold_to,5904,1359,6,Strong
A3320000619225003,332000,Golovin,2018-12-01,2018,12,fuel_used_gallons,11066,6305,5,Strong
A3320001119225003,332000,Golovin,2019-05-01,2019,5,powerhouse_consumption_kwh,5267,2745,7,Strong
A3320001219225003,332000,Golovin,2019-06-01,2019,6,powerhouse_consumption_kwh,8155,2745,15,Extreme
A3320001020225003,332000,Golovin,2020-04-01,2020,4,com_facil_sold_to,24474,11944.5,6,Strong
A3320001120225003,332000,Golovin,2020-05-01,2020,5,powerhouse_consumption_kwh,5105,2745,7,Strong
A3320001021225003,332000,Golovin,2021-04-01,2021,4,powerhouse_consumption_kwh,6523,2745,11,Extreme
A3320001221225003,332000,Golovin,2021-06-01,2021,6,fuel_used_gallons,12994,6305,6,Strong
A3320000122225003,332000,Golovin,2021-07-01,2021,7,fuel_used_gallons,13971,6305,7,Strong
A3320000222225003,332000,Golovin,2021-08-01,2021,8,fuel_used_gallons,18860,6305,12,Extreme
A3320000322225003,332000,Golovin,2021-09-01,2021,9,fuel_used_gallons,11320,6305,5,Strong
A3320000322225003,332000,Golovin,2021-09-01,2021,9,powerhouse_consumption_kwh,5519,2745,8,Strong
A3320000722225003,332000,Golovin,2022-01-01,2022,1,govt_facil_sold_to,6436,1779,5,Strong
A3320000922225003,332000,Golovin,2022-03-01,2022,3,powerhouse_consumption_kwh,4756,2745,6,Strong
A3320001122225003,332000,Golovin,2022-05-01,2022,5,powerhouse_consumption_kwh,5163,2745,7,Strong
A3320000823225003,332000,Golovin,2023-02-01,2023,2,fuel_used_gallons,16015,6305,9,Extreme
A3320000923225003,332000,Golovin,2023-03-01,2023,3,residential_sold_to,43260,22000,7,Strong
A3320000324225003,332000,Golovin,2023-09-01,2023,9,fuel_used_gallons,13153,6305,7,Strong
A3320000624225003,332000,Golovin,2023-12-01,2023,12,powerhouse_consumption_kwh,5289,2745,7,Strong
A3320000425225003,332000,Golovin,2024-10-01,2024,10,fuel_used_gallons,12352,6305,6,Strong
A3320000426225003,332000,Golovin,2025-10-01,2025,10,powerhouse_consumption_kwh,4642,2745,5,Strong
A3320000526225003,332000,Golovin,2025-11-01,2025,11,powerhouse_consumption_kwh,4412,2745,5,Strong
A3320000626225003,332000,Golovin,2025-12-01,2025,12,powerhouse_consumption_kwh,4948,2745,6,Strong
A3320000726225003,332000,Golovin,2026-01-01,2026,1,powerhouse_consumption_kwh,4650,2745,5,Strong
A3320000926225003,332000,Golovin,2026-03-01,2026,3,powerhouse_consumption_kwh,5842,2745,9,Strong
A3320001026225003,332000,Golovin,2026-04-01,2026,4,powerhouse_consumption_kwh,8651,2745,17,Extreme
A3313300516225003,331330,Goodnews Bay,2015-11-01,2015,11,commercial_sold_to,8550,3851,5,Strong
A3313300616225003,331330,Goodnews Bay,2015-12-01,2015,12,commercial_sold_to,8844,3851,5,Strong
A3313300716225003,331330,Goodnews Bay,2016-01-01,2016,1,commercial_sold_to,9856,3851,6,Strong
A3313300217225003,331330,Goodnews Bay,2016-08-01,2016,8,residential_customers,135,78,38,Extreme
A3313300417225003,331330,Goodnews Bay,2016-10-01,2016,10,residential_customers,139,78,41,Extreme
A3313300517225003,331330,Goodnews Bay,2016-11-01,2016,11,residential_customers,138,78,40,Extreme
A3313300717225003,331330,Goodnews Bay,2017-01-01,2017,1,residential_customers,139,78,41,Extreme
A3313300817225003,331330,Goodnews Bay,2017-02-01,2017,2,residential_customers,138,78,40,Extreme
A3313300921225003,331330,Goodnews Bay,2021-03-01,2021,3,powerhouse_consumption_kwh,3874,1350,8,Strong
A3313301021225003,331330,Goodnews Bay,2021-04-01,2021,4,powerhouse_consumption_kwh,2981,1350,5,Strong
A3313300623225003,331330,Goodnews Bay,2022-12-01,2022,12,fuel_used_gallons,14511,4664.5,10,Extreme
A3313300526225003,331330,Goodnews Bay,2025-11-01,2025,11,powerhouse_consumption_kwh,8899,1350,23,Extreme
A3313300526225003,331330,Goodnews Bay,2025-11-01,2025,11,commercial_sold_to,11430,3851,7,Strong
A3313300626225003,331330,Goodnews Bay,2025-12-01,2025,12,powerhouse_consumption_kwh,8483,1350,21,Extreme
A3313300626225003,331330,Goodnews Bay,2025-12-01,2025,12,commercial_sold_to,11627,3851,8,Strong
A3313300726225003,331330,Goodnews Bay,2026-01-01,2026,1,powerhouse_consumption_kwh,9353,1350,24,Extreme
A3313300726225003,331330,Goodnews Bay,2026-01-01,2026,1,peak_consumption_kw,482,176,6,Strong
A3313300726225003,331330,Goodnews Bay,2026-01-01,2026,1,commercial_sold_to,13169,3851,9,Extreme
A3313300826225003,331330,Goodnews Bay,2026-02-01,2026,2,powerhouse_consumption_kwh,7521,1350,18,Extreme
A3313300826225003,331330,Goodnews Bay,2026-02-01,2026,2,commercial_sold_to,11515,3851,8,Strong
A3313300926225003,331330,Goodnews Bay,2026-03-01,2026,3,powerhouse_consumption_kwh,3818,1350,7,Strong
A3313300926225003,331330,Goodnews Bay,2026-03-01,2026,3,commercial_sold_to,13920,3851,10,Extreme
A3313301026225003,331330,Goodnews Bay,2026-04-01,2026,4,commercial_sold_to,12264,3851,8,Strong
A3313400116225003,331340,Grayling,2015-07-01,2015,7,commercial_sold_to,8253,3153,6,Strong
A3313400216225003,331340,Grayling,2015-08-01,2015,8,commercial_sold_to,8428,3153,6,Strong
A3313400316225003,331340,Grayling,2015-09-01,2015,9,commercial_sold_to,7991,3153,6,Strong
A3313400416225003,331340,Grayling,2015-10-01,2015,10,commercial_sold_to,7520,3153,5,Strong
A3313400516225003,331340,Grayling,2015-11-01,2015,11,commercial_sold_to,7752,3153,5,Strong
A3313400616225003,331340,Grayling,2015-12-01,2015,12,commercial_sold_to,9310,3153,7,Strong
A3313400716225003,331340,Grayling,2016-01-01,2016,1,commercial_sold_to,8935,3153,7,Strong
A3313400619225003,331340,Grayling,2018-12-01,2018,12,fuel_used_gallons,7423,4023.5,6,Strong
A3313400623225003,331340,Grayling,2022-12-01,2022,12,fuel_used_gallons,7060,4023.5,5,Strong
A3313400124225003,331340,Grayling,2023-07-01,2023,7,fuel_used_gallons,7060,4023.5,5,Strong
A3313400524225003,331340,Grayling,2023-11-01,2023,11,powerhouse_consumption_kwh,5458,2059,5,Strong
A3313400624225003,331340,Grayling,2023-12-01,2023,12,powerhouse_consumption_kwh,6169,2059,5,Strong
A3313400724225003,331340,Grayling,2024-01-01,2024,1,powerhouse_consumption_kwh,7658,2059,7,Strong
A3313400924225003,331340,Grayling,2024-03-01,2024,3,powerhouse_consumption_kwh,7703,2059,8,Strong
A3313401024225003,331340,Grayling,2024-04-01,2024,4,powerhouse_consumption_kwh,7983,2059,8,Strong
A3313401124225003,331340,Grayling,2024-05-01,2024,5,powerhouse_consumption_kwh,6173,2059,5,Strong
A3313400325225003,331340,Grayling,2024-09-01,2024,9,powerhouse_consumption_kwh,5866,2059,5,Strong
A3313400425225003,331340,Grayling,2024-10-01,2024,10,powerhouse_consumption_kwh,7388,2059,7,Strong
A3313400525225003,331340,Grayling,2024-11-01,2024,11,powerhouse_consumption_kwh,9150,2059,9,Extreme
A3313400625225003,331340,Grayling,2024-12-01,2024,12,powerhouse_consumption_kwh,9857,2059,10,Extreme
A3313400725225003,331340,Grayling,2025-01-01,2025,1,powerhouse_consumption_kwh,9893,2059,10,Extreme
A3313400825225003,331340,Grayling,2025-02-01,2025,2,powerhouse_consumption_kwh,9188,2059,10,Extreme
A3313400925225003,331340,Grayling,2025-03-01,2025,3,powerhouse_consumption_kwh,6330,2059,6,Strong
A3313400526225003,331340,Grayling,2025-11-01,2025,11,commercial_sold_to,8585,3153,6,Strong
A3313400626225003,331340,Grayling,2025-12-01,2025,12,commercial_sold_to,8616,3153,6,Strong
A3313400726225003,331340,Grayling,2026-01-01,2026,1,commercial_sold_to,9902,3153,8,Strong
A3313400826225003,331340,Grayling,2026-02-01,2026,2,commercial_sold_to,9684,3153,8,Strong
A3313400926225003,331340,Grayling,2026-03-01,2026,3,commercial_sold_to,10817,3153,9,Strong
A3313401026225003,331340,Grayling,2026-04-01,2026,4,commercial_sold_to,9467,3153,7,Strong
A3313401126225003,331340,Grayling,2026-05-01,2026,5,com_facil_sold_to,0,16275,5,Strong
A3320100919225003,332010,Gustavus,2019-03-01,2019,3,fuel_used_gallons,6235,694,5,Strong
A3320100821225003,332010,Gustavus,2021-02-01,2021,2,fuel_used_gallons,8936,694,8,Strong
A3320100821225003,332010,Gustavus,2021-02-01,2021,2,diesel_kwh_generated,130569,17041,5,Strong
A3320100921225003,332010,Gustavus,2021-03-01,2021,3,fuel_used_gallons,6109,694,5,Strong
A3320101021225003,332010,Gustavus,2021-04-01,2021,4,fuel_used_gallons,8740,694,8,Strong
A3320101021225003,332010,Gustavus,2021-04-01,2021,4,diesel_kwh_generated,126440,17041,5,Strong
A3320100722225003,332010,Gustavus,2022-01-01,2022,1,fuel_used_gallons,5422,694,5,Strong
A3320100323225003,332010,Gustavus,2022-09-01,2022,9,peak_consumption_kw,2473,436,12,Extreme
A3320100423225003,332010,Gustavus,2022-10-01,2022,10,peak_consumption_kw,2458,436,12,Extreme
A3320100523225003,332010,Gustavus,2022-11-01,2022,11,peak_consumption_kw,2458,436,12,Extreme
A3320100623225003,332010,Gustavus,2022-12-01,2022,12,peak_consumption_kw,2458,436,12,Extreme
A3320100723225003,332010,Gustavus,2023-01-01,2023,1,fuel_used_gallons,5981,694,5,Strong
A3320100723225003,332010,Gustavus,2023-01-01,2023,1,peak_consumption_kw,2458,436,12,Extreme
A3320100723225003,332010,Gustavus,2023-01-01,2023,1,govt_facil_sold_to,78006,20576,6,Strong
A3320100823225003,332010,Gustavus,2023-02-01,2023,2,peak_consumption_kw,2332,436,11,Extreme
A3320100823225003,332010,Gustavus,2023-02-01,2023,2,govt_facil_sold_to,72657,20576,5,Strong
A3320100923225003,332010,Gustavus,2023-03-01,2023,3,fuel_used_gallons,5486,694,5,Strong
A3320100923225003,332010,Gustavus,2023-03-01,2023,3,peak_consumption_kw,2430,436,12,Extreme
A3320100923225003,332010,Gustavus,2023-03-01,2023,3,govt_facil_sold_to,70166,20576,5,Strong
A3320101023225003,332010,Gustavus,2023-04-01,2023,4,peak_consumption_kw,2400,436,12,Extreme
A3320101023225003,332010,Gustavus,2023-04-01,2023,4,govt_facil_sold_to,71666,20576,5,Strong
A3320101123225003,332010,Gustavus,2023-05-01,2023,5,peak_consumption_kw,2455,436,12,Extreme
A3320101123225003,332010,Gustavus,2023-05-01,2023,5,govt_facil_sold_to,78817,20576,6,Strong
A3320101223225003,332010,Gustavus,2023-06-01,2023,6,peak_consumption_kw,2458,436,12,Extreme
A3320101223225003,332010,Gustavus,2023-06-01,2023,6,govt_facil_sold_to,81591,20576,6,Strong
A3320100124225003,332010,Gustavus,2023-07-01,2023,7,fuel_used_gallons,9199,694,8,Strong
A3320100124225003,332010,Gustavus,2023-07-01,2023,7,peak_consumption_kw,2485,436,12,Extreme
A3320100124225003,332010,Gustavus,2023-07-01,2023,7,govt_facil_sold_to,67302,20576,5,Strong
A3320100224225003,332010,Gustavus,2023-08-01,2023,8,peak_consumption_kw,2485,436,12,Extreme
A3320100224225003,332010,Gustavus,2023-08-01,2023,8,govt_facil_sold_to,85022,20576,7,Strong
A3320100324225003,332010,Gustavus,2023-09-01,2023,9,peak_consumption_kw,2485,436,12,Extreme
A3320100324225003,332010,Gustavus,2023-09-01,2023,9,govt_facil_sold_to,85602,20576,7,Strong
A3320100424225003,332010,Gustavus,2023-10-01,2023,10,peak_consumption_kw,2485,436,12,Extreme
A3320100524225003,332010,Gustavus,2023-11-01,2023,11,peak_consumption_kw,2475,436,12,Extreme
A3320100524225003,332010,Gustavus,2023-11-01,2023,11,govt_facil_sold_to,95255,20576,8,Strong
A3320100624225003,332010,Gustavus,2023-12-01,2023,12,peak_consumption_kw,2473,436,12,Extreme
A3320100624225003,332010,Gustavus,2023-12-01,2023,12,govt_facil_sold_to,122345,20576,10,Extreme
A3320100724225003,332010,Gustavus,2024-01-01,2024,1,peak_consumption_kw,2473,436,12,Extreme
A3320100724225003,332010,Gustavus,2024-01-01,2024,1,govt_facil_sold_to,130208,20576,11,Extreme
A3320100824225003,332010,Gustavus,2024-02-01,2024,2,peak_consumption_kw,2473,436,12,Extreme
A3320100824225003,332010,Gustavus,2024-02-01,2024,2,govt_facil_sold_to,123064,20576,10,Extreme
A3320100924225003,332010,Gustavus,2024-03-01,2024,3,fuel_used_gallons,6127,694,5,Strong
A3320100924225003,332010,Gustavus,2024-03-01,2024,3,peak_consumption_kw,2480,436,12,Extreme
A3320100924225003,332010,Gustavus,2024-03-01,2024,3,govt_facil_sold_to,121417,20576,10,Extreme
A3320101024225003,332010,Gustavus,2024-04-01,2024,4,peak_consumption_kw,2480,436,12,Extreme
A3320101024225003,332010,Gustavus,2024-04-01,2024,4,govt_facil_sold_to,108127,20576,9,Strong
A3320101124225003,332010,Gustavus,2024-05-01,2024,5,peak_consumption_kw,2480,436,12,Extreme
A3320101124225003,332010,Gustavus,2024-05-01,2024,5,govt_facil_sold_to,91329,20576,7,Strong
A3320101224225003,332010,Gustavus,2024-06-01,2024,6,peak_consumption_kw,2480,436,12,Extreme
A3320101224225003,332010,Gustavus,2024-06-01,2024,6,govt_facil_sold_to,91988,20576,7,Strong
A3320100125225003,332010,Gustavus,2024-07-01,2024,7,peak_consumption_kw,2480,436,12,Extreme
A3320100125225003,332010,Gustavus,2024-07-01,2024,7,govt_facil_sold_to,89472,20576,7,Strong
A3320100225225003,332010,Gustavus,2024-08-01,2024,8,peak_consumption_kw,2480,436,12,Extreme
A3320100225225003,332010,Gustavus,2024-08-01,2024,8,govt_facil_sold_to,90717,20576,7,Strong
A3320100325225003,332010,Gustavus,2024-09-01,2024,9,peak_consumption_kw,2480,436,12,Extreme
A3320100325225003,332010,Gustavus,2024-09-01,2024,9,govt_facil_sold_to,89428,20576,7,Strong
A3320100425225003,332010,Gustavus,2024-10-01,2024,10,peak_consumption_kw,2480,436,12,Extreme
A3320100425225003,332010,Gustavus,2024-10-01,2024,10,govt_facil_sold_to,77103,20576,6,Strong
A3320100525225003,332010,Gustavus,2024-11-01,2024,11,total_kwh_purchased,240778,0,NA,Extreme
A3320100525225003,332010,Gustavus,2024-11-01,2024,11,peak_consumption_kw,2480,436,12,Extreme
A3320100525225003,332010,Gustavus,2024-11-01,2024,11,govt_facil_sold_to,113758,20576,10,Extreme
A3320100625225003,332010,Gustavus,2024-12-01,2024,12,total_kwh_purchased,265998,0,NA,Extreme
A3320100625225003,332010,Gustavus,2024-12-01,2024,12,govt_facil_sold_to,101788,20576,8,Strong
A3320100725225003,332010,Gustavus,2025-01-01,2025,1,total_kwh_purchased,316029,0,NA,Extreme
A3320100725225003,332010,Gustavus,2025-01-01,2025,1,govt_facil_sold_to,109541,20576,9,Extreme
A3320100825225003,332010,Gustavus,2025-02-01,2025,2,fuel_used_gallons,9338,694,8,Strong
A3320100825225003,332010,Gustavus,2025-02-01,2025,2,diesel_kwh_generated,134466,17041,5,Strong
A3320100825225003,332010,Gustavus,2025-02-01,2025,2,total_kwh_purchased,233561,0,NA,Extreme
A3320100825225003,332010,Gustavus,2025-02-01,2025,2,com_facil_sold_to,5791,3051.5,5,Strong
A3320100825225003,332010,Gustavus,2025-02-01,2025,2,govt_facil_sold_to,122254,20576,10,Extreme
A3320100925225003,332010,Gustavus,2025-03-01,2025,3,total_kwh_purchased,255441,0,NA,Extreme
A3320100925225003,332010,Gustavus,2025-03-01,2025,3,govt_facil_sold_to,122853,20576,10,Extreme
A3320101025225003,332010,Gustavus,2025-04-01,2025,4,total_kwh_purchased,294257,0,NA,Extreme
A3320101025225003,332010,Gustavus,2025-04-01,2025,4,govt_facil_sold_to,122661,20576,10,Extreme
A3320101125225003,332010,Gustavus,2025-05-01,2025,5,total_kwh_purchased,331437,0,NA,Extreme
A3320101125225003,332010,Gustavus,2025-05-01,2025,5,govt_facil_sold_to,113790,20576,10,Extreme
A3320101225225003,332010,Gustavus,2025-06-01,2025,6,fuel_used_gallons,11436,694,10,Extreme
A3320101225225003,332010,Gustavus,2025-06-01,2025,6,diesel_kwh_generated,171173,17041,7,Strong
A3320101225225003,332010,Gustavus,2025-06-01,2025,6,total_kwh_purchased,199520,0,NA,Extreme
A3320101225225003,332010,Gustavus,2025-06-01,2025,6,govt_facil_sold_to,107843,20576,9,Strong
A3320100126225003,332010,Gustavus,2025-07-01,2025,7,total_kwh_purchased,345237,0,NA,Extreme
A3320100126225003,332010,Gustavus,2025-07-01,2025,7,govt_facil_sold_to,96122,20576,8,Strong
A3320100226225003,332010,Gustavus,2025-08-01,2025,8,total_kwh_purchased,359010,0,NA,Extreme
A3320100226225003,332010,Gustavus,2025-08-01,2025,8,govt_facil_sold_to,102372,20576,8,Strong
A3320100326225003,332010,Gustavus,2025-09-01,2025,9,total_kwh_purchased,282666,0,NA,Extreme
A3320100326225003,332010,Gustavus,2025-09-01,2025,9,govt_facil_sold_to,93610,20576,7,Strong
A3320100426225003,332010,Gustavus,2025-10-01,2025,10,total_kwh_purchased,275197,0,NA,Extreme
A3320100426225003,332010,Gustavus,2025-10-01,2025,10,govt_facil_sold_to,80383,20576,6,Strong
A3320100526225003,332010,Gustavus,2025-11-01,2025,11,total_kwh_purchased,300139,0,NA,Extreme
A3320100526225003,332010,Gustavus,2025-11-01,2025,11,govt_facil_sold_to,90382,20576,7,Strong
A3320100626225003,332010,Gustavus,2025-12-01,2025,12,total_kwh_purchased,330805,0,NA,Extreme
A3320100626225003,332010,Gustavus,2025-12-01,2025,12,com_facil_sold_to,6262,3051.5,6,Strong
A3320100626225003,332010,Gustavus,2025-12-01,2025,12,govt_facil_sold_to,114840,20576,10,Extreme
A3320100726225003,332010,Gustavus,2026-01-01,2026,1,fuel_used_gallons,16581,694,15,Extreme
A3320100726225003,332010,Gustavus,2026-01-01,2026,1,diesel_kwh_generated,248363,17041,10,Extreme
A3320100726225003,332010,Gustavus,2026-01-01,2026,1,total_kwh_purchased,146900,0,NA,Extreme
A3320100726225003,332010,Gustavus,2026-01-01,2026,1,com_facil_sold_to,5945,3051.5,5,Strong
A3320100726225003,332010,Gustavus,2026-01-01,2026,1,govt_facil_sold_to,119354,20576,10,Extreme
A3320100826225003,332010,Gustavus,2026-02-01,2026,2,total_kwh_purchased,329310,0,NA,Extreme
A3320100826225003,332010,Gustavus,2026-02-01,2026,2,govt_facil_sold_to,132895,20576,11,Extreme
A3320100926225003,332010,Gustavus,2026-03-01,2026,3,fuel_used_gallons,9428,694,8,Strong
A3320100926225003,332010,Gustavus,2026-03-01,2026,3,diesel_kwh_generated,136440,17041,5,Strong
A3320100926225003,332010,Gustavus,2026-03-01,2026,3,total_kwh_purchased,211860,0,NA,Extreme
A3320100926225003,332010,Gustavus,2026-03-01,2026,3,govt_facil_sold_to,117514,20576,10,Extreme
A3320101026225003,332010,Gustavus,2026-04-01,2026,4,fuel_used_gallons,9416,694,8,Strong
A3320101026225003,332010,Gustavus,2026-04-01,2026,4,diesel_kwh_generated,138347,17041,5,Strong
A3320101026225003,332010,Gustavus,2026-04-01,2026,4,total_kwh_purchased,210117,0,NA,Extreme
A3320101026225003,332010,Gustavus,2026-04-01,2026,4,govt_facil_sold_to,129052,20576,11,Extreme
A3320101126225003,332010,Gustavus,2026-05-01,2026,5,total_kwh_purchased,330489,0,NA,Extreme
A3320101126225003,332010,Gustavus,2026-05-01,2026,5,govt_facil_sold_to,122707,20576,10,Extreme
A3320101226225003,332010,Gustavus,2026-06-01,2026,6,total_kwh_purchased,371393,0,NA,Extreme
A3320101226225003,332010,Gustavus,2026-06-01,2026,6,govt_facil_sold_to,109314,20576,9,Extreme
A3311200618225003,331120,"Haines, Covenant Life",2017-12-01,2017,12,fuel_used_gallons,10133,842,9,Extreme
A3311200618225003,331120,"Haines, Covenant Life",2017-12-01,2017,12,diesel_kwh_generated,128942,12130,9,Strong
A3311200718225003,331120,"Haines, Covenant Life",2018-01-01,2018,1,fuel_used_gallons,11553,842,11,Extreme
A3311200718225003,331120,"Haines, Covenant Life",2018-01-01,2018,1,diesel_kwh_generated,156150,12130,11,Extreme
A3311200818225003,331120,"Haines, Covenant Life",2018-02-01,2018,2,fuel_used_gallons,17208,842,17,Extreme
A3311200818225003,331120,"Haines, Covenant Life",2018-02-01,2018,2,diesel_kwh_generated,224076,12130,15,Extreme
A3311200918225003,331120,"Haines, Covenant Life",2018-03-01,2018,3,fuel_used_gallons,14361,842,14,Extreme
A3311200918225003,331120,"Haines, Covenant Life",2018-03-01,2018,3,diesel_kwh_generated,187324,12130,13,Extreme
A3311201018225003,331120,"Haines, Covenant Life",2018-04-01,2018,4,fuel_used_gallons,15088,842,14,Extreme
A3311201018225003,331120,"Haines, Covenant Life",2018-04-01,2018,4,diesel_kwh_generated,203840,12130,14,Extreme
A3311201118225003,331120,"Haines, Covenant Life",2018-05-01,2018,5,fuel_used_gallons,39788,842,39,Extreme
A3311201118225003,331120,"Haines, Covenant Life",2018-05-01,2018,5,diesel_kwh_generated,558168,12130,40,Extreme
A3311200119225003,331120,"Haines, Covenant Life",2018-07-01,2018,7,fuel_used_gallons,7959,842,7,Strong
A3311200119225003,331120,"Haines, Covenant Life",2018-07-01,2018,7,diesel_kwh_generated,92900,12130,6,Strong
A3311200520225003,331120,"Haines, Covenant Life",2019-11-01,2019,11,fuel_used_gallons,8367,842,8,Strong
A3311200520225003,331120,"Haines, Covenant Life",2019-11-01,2019,11,diesel_kwh_generated,113104,12130,7,Strong
A3311200621225003,331120,"Haines, Covenant Life",2020-12-01,2020,12,fuel_used_gallons,22909,842,22,Extreme
A3311200621225003,331120,"Haines, Covenant Life",2020-12-01,2020,12,diesel_kwh_generated,323180,12130,23,Extreme
A3311200721225003,331120,"Haines, Covenant Life",2021-01-01,2021,1,fuel_used_gallons,27285,842,27,Extreme
A3311200721225003,331120,"Haines, Covenant Life",2021-01-01,2021,1,diesel_kwh_generated,374509,12130,26,Extreme
A3311200821225003,331120,"Haines, Covenant Life",2021-02-01,2021,2,fuel_used_gallons,21229,842,21,Extreme
A3311200821225003,331120,"Haines, Covenant Life",2021-02-01,2021,2,diesel_kwh_generated,300037,12130,21,Extreme
A3311200921225003,331120,"Haines, Covenant Life",2021-03-01,2021,3,fuel_used_gallons,18012,842,17,Extreme
A3311200921225003,331120,"Haines, Covenant Life",2021-03-01,2021,3,diesel_kwh_generated,250360,12130,17,Extreme
A3311201021225003,331120,"Haines, Covenant Life",2021-04-01,2021,4,fuel_used_gallons,24837,842,24,Extreme
A3311201021225003,331120,"Haines, Covenant Life",2021-04-01,2021,4,diesel_kwh_generated,359757,12130,25,Extreme
A3311201121225003,331120,"Haines, Covenant Life",2021-05-01,2021,5,fuel_used_gallons,8619,842,8,Strong
A3311201121225003,331120,"Haines, Covenant Life",2021-05-01,2021,5,diesel_kwh_generated,124521,12130,8,Strong
A3311200622225003,331120,"Haines, Covenant Life",2021-12-01,2021,12,fuel_used_gallons,16668,842,16,Extreme
A3311200622225003,331120,"Haines, Covenant Life",2021-12-01,2021,12,diesel_kwh_generated,230977,12130,16,Extreme
A3311200722225003,331120,"Haines, Covenant Life",2022-01-01,2022,1,fuel_used_gallons,55522,842,55,Extreme
A3311200722225003,331120,"Haines, Covenant Life",2022-01-01,2022,1,diesel_kwh_generated,773846,12130,56,Extreme
A3311200822225003,331120,"Haines, Covenant Life",2022-02-01,2022,2,fuel_used_gallons,14710,842,14,Extreme
A3311200822225003,331120,"Haines, Covenant Life",2022-02-01,2022,2,diesel_kwh_generated,201804,12130,14,Extreme
A3311201022225003,331120,"Haines, Covenant Life",2022-04-01,2022,4,fuel_used_gallons,8896,842,8,Strong
A3311201022225003,331120,"Haines, Covenant Life",2022-04-01,2022,4,diesel_kwh_generated,124862,12130,8,Strong
A3311201122225003,331120,"Haines, Covenant Life",2022-05-01,2022,5,fuel_used_gallons,21819,842,21,Extreme
A3311201122225003,331120,"Haines, Covenant Life",2022-05-01,2022,5,diesel_kwh_generated,312828,12130,22,Extreme
A3311200723225003,331120,"Haines, Covenant Life",2023-01-01,2023,1,fuel_used_gallons,11318,842,11,Extreme
A3311200723225003,331120,"Haines, Covenant Life",2023-01-01,2023,1,diesel_kwh_generated,153452,12130,10,Extreme
A3311201123225003,331120,"Haines, Covenant Life",2023-05-01,2023,5,fuel_used_gallons,11758,842,11,Extreme
A3311201123225003,331120,"Haines, Covenant Life",2023-05-01,2023,5,diesel_kwh_generated,171099,12130,12,Extreme
A3311200324225003,331120,"Haines, Covenant Life",2023-09-01,2023,9,fuel_used_gallons,6462,842,6,Strong
A3311200324225003,331120,"Haines, Covenant Life",2023-09-01,2023,9,diesel_kwh_generated,89214,12130,6,Strong
A3311200726225003,331120,"Haines, Covenant Life",2026-01-01,2026,1,residential_sold_to,747617,447535.5,5,Strong
A3311400622225003,331140,Hollis,2021-12-01,2021,12,powerhouse_consumption_kwh,2768,1297,5,Strong
A3311400722225003,331140,Hollis,2022-01-01,2022,1,powerhouse_consumption_kwh,3165,1297,6,Strong
A3311400822225003,331140,Hollis,2022-02-01,2022,2,powerhouse_consumption_kwh,2770,1297,5,Strong
A3311401022225003,331140,Hollis,2022-04-01,2022,4,powerhouse_consumption_kwh,2801,1297,5,Strong
A3313500616225003,331350,Holy Cross,2015-12-01,2015,12,fuel_used_gallons,6581,3792.5,5,Strong
A3313500617225003,331350,Holy Cross,2016-12-01,2016,12,fuel_used_gallons,13564,3792.5,19,Extreme
A3313500620225003,331350,Holy Cross,2019-12-01,2019,12,fuel_used_gallons,9198,3792.5,10,Extreme
A3313500724225003,331350,Holy Cross,2024-01-01,2024,1,residential_sold_to,37724,23909,5,Strong
A3313500725225003,331350,Holy Cross,2025-01-01,2025,1,residential_sold_to,38362,23909,5,Strong
A3313500626225003,331350,Holy Cross,2025-12-01,2025,12,commercial_sold_to,10110,0,NA,Strong
A3313500726225003,331350,Holy Cross,2026-01-01,2026,1,residential_sold_to,40367,23909,6,Strong
A3313500726225003,331350,Holy Cross,2026-01-01,2026,1,commercial_sold_to,10796,0,NA,Strong
A3313500826225003,331350,Holy Cross,2026-02-01,2026,2,commercial_sold_to,10062,0,NA,Strong
A3313500926225003,331350,Holy Cross,2026-03-01,2026,3,commercial_sold_to,11129,0,NA,Strong
A3326700716225003,332670,Hoonah,2016-01-01,2016,1,powerhouse_consumption_kwh,18764,8090,6,Strong
A3326701216225003,332670,Hoonah,2016-06-01,2016,6,peak_consumption_kw,1338,656,6,Strong
A3326700917225003,332670,Hoonah,2017-03-01,2017,3,peak_consumption_kw,1178,656,5,Strong
A3313600116225003,331360,Hooper Bay,2015-07-01,2015,7,commercial_sold_to,67860,34006,8,Strong
A3313600216225003,331360,Hooper Bay,2015-08-01,2015,8,commercial_sold_to,71240,34006,8,Strong
A3313600316225003,331360,Hooper Bay,2015-09-01,2015,9,commercial_sold_to,73336,34006,9,Strong
A3313600416225003,331360,Hooper Bay,2015-10-01,2015,10,commercial_sold_to,73234,34006,9,Strong
A3313600516225003,331360,Hooper Bay,2015-11-01,2015,11,commercial_sold_to,87839,34006,12,Extreme
A3313600616225003,331360,Hooper Bay,2015-12-01,2015,12,commercial_sold_to,95376,34006,14,Extreme
A3313600716225003,331360,Hooper Bay,2016-01-01,2016,1,commercial_sold_to,99661,34006,15,Extreme
A3313600217225003,331360,Hooper Bay,2016-08-01,2016,8,residential_customers,109,262,17,Extreme
A3313600417225003,331360,Hooper Bay,2016-10-01,2016,10,residential_customers,108,262,17,Extreme
A3313600517225003,331360,Hooper Bay,2016-11-01,2016,11,powerhouse_consumption_kwh,21013,6890,10,Extreme
A3313600517225003,331360,Hooper Bay,2016-11-01,2016,11,residential_customers,106,262,18,Extreme
A3313600617225003,331360,Hooper Bay,2016-12-01,2016,12,powerhouse_consumption_kwh,20478,6890,9,Extreme
A3313600717225003,331360,Hooper Bay,2017-01-01,2017,1,powerhouse_consumption_kwh,16807,6890,7,Strong
A3313600717225003,331360,Hooper Bay,2017-01-01,2017,1,residential_customers,106,262,18,Extreme
A3313600817225003,331360,Hooper Bay,2017-02-01,2017,2,residential_customers,108,262,17,Extreme
A3313601122225003,331360,Hooper Bay,2022-05-01,2022,5,com_facil_sold_to,130587,69234,5,Strong
A3313600923225003,331360,Hooper Bay,2023-03-01,2023,3,com_facil_sold_to,131754,69234,5,Strong
A3313600726225003,331360,Hooper Bay,2026-01-01,2026,1,commercial_sold_to,54732,34006,5,Strong
A3313601126225003,331360,Hooper Bay,2026-05-01,2026,5,commercial_sold_to,0,34006,8,Strong
A3313601126225003,331360,Hooper Bay,2026-05-01,2026,5,com_facil_sold_to,0,69234,6,Strong
A3313601126225003,331360,Hooper Bay,2026-05-01,2026,5,govt_facil_sold_to,0,66815,6,Strong
A3320300616225003,332030,Hughes,2015-12-01,2015,12,unbilled_sold_to,245,29.5,5,Strong
A3320300618225003,332030,Hughes,2017-12-01,2017,12,unbilled_sold_to,254,29.5,5,Strong
A3320300918225003,332030,Hughes,2018-03-01,2018,3,unbilled_sold_to,242,29.5,5,Strong
A3320300521225003,332030,Hughes,2020-11-01,2020,11,commercial_sold_to,21262,11321,6,Strong
A3320300621225003,332030,Hughes,2020-12-01,2020,12,commercial_sold_to,20922,11321,6,Strong
A3320300721225003,332030,Hughes,2021-01-01,2021,1,commercial_sold_to,21776,11321,6,Strong
A3320300923225003,332030,Hughes,2023-03-01,2023,3,fuel_used_gallons,7440,3831,5,Strong
A3313700217225003,331370,Huslia,2016-08-01,2016,8,residential_customers,42,103,14,Extreme
A3313700417225003,331370,Huslia,2016-10-01,2016,10,residential_customers,41,103,14,Extreme
A3313700517225003,331370,Huslia,2016-11-01,2016,11,residential_customers,41,103,14,Extreme
A3313700717225003,331370,Huslia,2017-01-01,2017,1,residential_customers,40,103,14,Extreme
A3313700817225003,331370,Huslia,2017-02-01,2017,2,residential_customers,40,103,14,Extreme
A3313700526225003,331370,Huslia,2025-11-01,2025,11,commercial_sold_to,11448,0,NA,Strong
A3313700626225003,331370,Huslia,2025-12-01,2025,12,commercial_sold_to,12740,0,NA,Strong
A3313700726225003,331370,Huslia,2026-01-01,2026,1,residential_sold_to,73964,45256,5,Strong
A3313700726225003,331370,Huslia,2026-01-01,2026,1,commercial_sold_to,13309,0,NA,Strong
A3313700826225003,331370,Huslia,2026-02-01,2026,2,commercial_sold_to,11094,0,NA,Strong
A3313700926225003,331370,Huslia,2026-03-01,2026,3,commercial_sold_to,10543,0,NA,Strong
A3311501016225003,331150,Hydaburg,2016-04-01,2016,4,residential_customers,175,117,10,Extreme
A3311500621225003,331150,Hydaburg,2020-12-01,2020,12,commercial_sold_to,97894,33749.5,6,Strong
A3320401224225003,332040,Igiugig,2024-06-01,2024,6,peak_consumption_kw,148,80,5,Strong
A3320400225225003,332040,Igiugig,2024-08-01,2024,8,total_kwh_purchased,12272,0,NA,Strong
A3320400325225003,332040,Igiugig,2024-09-01,2024,9,total_kwh_purchased,20094,0,NA,Strong
A3320400325225003,332040,Igiugig,2024-09-01,2024,9,com_facil_sold_to,18411,6346,6,Strong
A3320400425225003,332040,Igiugig,2024-10-01,2024,10,powerhouse_consumption_kwh,3836,1450,8,Strong
A3320400525225003,332040,Igiugig,2024-11-01,2024,11,powerhouse_consumption_kwh,4118,1450,8,Strong
A3320400625225003,332040,Igiugig,2024-12-01,2024,12,powerhouse_consumption_kwh,5911,1450,14,Extreme
A3320400725225003,332040,Igiugig,2025-01-01,2025,1,powerhouse_consumption_kwh,3146,1450,5,Strong
A3320400825225003,332040,Igiugig,2025-02-01,2025,2,powerhouse_consumption_kwh,3529,1450,7,Strong
A3320400925225003,332040,Igiugig,2025-03-01,2025,3,powerhouse_consumption_kwh,4843,1450,11,Extreme
A3320400326225003,332040,Igiugig,2025-09-01,2025,9,powerhouse_consumption_kwh,3714,1450,7,Strong
A3320400426225003,332040,Igiugig,2025-10-01,2025,10,powerhouse_consumption_kwh,4890,1450,11,Extreme
A3320400526225003,332040,Igiugig,2025-11-01,2025,11,powerhouse_consumption_kwh,3072,1450,5,Strong
A3320400626225003,332040,Igiugig,2025-12-01,2025,12,fuel_used_gallons,3380,2073,5,Strong
A3320400626225003,332040,Igiugig,2025-12-01,2025,12,powerhouse_consumption_kwh,4294,1450,9,Strong
A3320400726225003,332040,Igiugig,2026-01-01,2026,1,fuel_used_gallons,3444,2073,5,Strong
A3320400726225003,332040,Igiugig,2026-01-01,2026,1,powerhouse_consumption_kwh,4340,1450,9,Extreme
A3320400826225003,332040,Igiugig,2026-02-01,2026,2,powerhouse_consumption_kwh,2963,1450,5,Strong
A3320400926225003,332040,Igiugig,2026-03-01,2026,3,powerhouse_consumption_kwh,3452,1450,6,Strong
A3320401026225003,332040,Igiugig,2026-04-01,2026,4,powerhouse_consumption_kwh,2878,1450,5,Strong
A3320500716225003,332050,"Iliamna, Newhalen, Nondalton",2016-01-01,2016,1,fuel_used_gallons,2114,117,12,Extreme
A3320500716225003,332050,"Iliamna, Newhalen, Nondalton",2016-01-01,2016,1,diesel_kwh_generated,28707,2730,8,Strong
A3320500517225003,332050,"Iliamna, Newhalen, Nondalton",2016-11-01,2016,11,fuel_used_gallons,1405,117,7,Strong
A3320500517225003,332050,"Iliamna, Newhalen, Nondalton",2016-11-01,2016,11,diesel_kwh_generated,19097,2730,5,Strong
A3320500617225003,332050,"Iliamna, Newhalen, Nondalton",2016-12-01,2016,12,fuel_used_gallons,1367,117,7,Strong
A3320500118225003,332050,"Iliamna, Newhalen, Nondalton",2017-07-01,2017,7,fuel_used_gallons,1063,117,5,Strong
A3320500218225003,332050,"Iliamna, Newhalen, Nondalton",2017-08-01,2017,8,fuel_used_gallons,921,117,5,Strong
A3320500918225003,332050,"Iliamna, Newhalen, Nondalton",2018-03-01,2018,3,fuel_used_gallons,3008,117,17,Extreme
A3320500918225003,332050,"Iliamna, Newhalen, Nondalton",2018-03-01,2018,3,diesel_kwh_generated,39680,2730,11,Extreme
A3320501218225003,332050,"Iliamna, Newhalen, Nondalton",2018-06-01,2018,6,fuel_used_gallons,1587,117,8,Strong
A3320501218225003,332050,"Iliamna, Newhalen, Nondalton",2018-06-01,2018,6,diesel_kwh_generated,21150,2730,5,Strong
A3320500919225003,332050,"Iliamna, Newhalen, Nondalton",2019-03-01,2019,3,fuel_used_gallons,1545,117,8,Strong
A3320500919225003,332050,"Iliamna, Newhalen, Nondalton",2019-03-01,2019,3,diesel_kwh_generated,20780,2730,5,Strong
A3320500320225003,332050,"Iliamna, Newhalen, Nondalton",2019-09-01,2019,9,fuel_used_gallons,2098,117,11,Extreme
A3320500320225003,332050,"Iliamna, Newhalen, Nondalton",2019-09-01,2019,9,diesel_kwh_generated,27200,2730,7,Strong
A3320500721225003,332050,"Iliamna, Newhalen, Nondalton",2021-01-01,2021,1,fuel_used_gallons,1006,117,5,Strong
A3320500921225003,332050,"Iliamna, Newhalen, Nondalton",2021-03-01,2021,3,fuel_used_gallons,917,117,5,Strong
A3320500422225003,332050,"Iliamna, Newhalen, Nondalton",2021-10-01,2021,10,fuel_used_gallons,5705,117,32,Extreme
A3320500422225003,332050,"Iliamna, Newhalen, Nondalton",2021-10-01,2021,10,diesel_kwh_generated,74610,2730,21,Extreme
A3320500522225003,332050,"Iliamna, Newhalen, Nondalton",2021-11-01,2021,11,fuel_used_gallons,2426,117,13,Extreme
A3320500522225003,332050,"Iliamna, Newhalen, Nondalton",2021-11-01,2021,11,diesel_kwh_generated,31870,2730,9,Strong
A3320500622225003,332050,"Iliamna, Newhalen, Nondalton",2021-12-01,2021,12,fuel_used_gallons,1459,117,8,Strong
A3320500622225003,332050,"Iliamna, Newhalen, Nondalton",2021-12-01,2021,12,diesel_kwh_generated,19040,2730,5,Strong
A3320501123225003,332050,"Iliamna, Newhalen, Nondalton",2023-05-01,2023,5,peak_consumption_kw,1275,650,6,Strong
A3320500224225003,332050,"Iliamna, Newhalen, Nondalton",2023-08-01,2023,8,peak_consumption_kw,1275,650,6,Strong
A3320500625225003,332050,"Iliamna, Newhalen, Nondalton",2024-12-01,2024,12,fuel_used_gallons,1404,117,7,Strong
A3320500625225003,332050,"Iliamna, Newhalen, Nondalton",2024-12-01,2024,12,diesel_kwh_generated,18810,2730,5,Strong
A3320500825225003,332050,"Iliamna, Newhalen, Nondalton",2025-02-01,2025,2,fuel_used_gallons,3306,117,18,Extreme
A3320500825225003,332050,"Iliamna, Newhalen, Nondalton",2025-02-01,2025,2,diesel_kwh_generated,42278,2730,12,Extreme
A3320500426225003,332050,"Iliamna, Newhalen, Nondalton",2025-10-01,2025,10,fuel_used_gallons,9152,117,52,Extreme
A3320500426225003,332050,"Iliamna, Newhalen, Nondalton",2025-10-01,2025,10,diesel_kwh_generated,114710,2730,33,Extreme
A3320500526225003,332050,"Iliamna, Newhalen, Nondalton",2025-11-01,2025,11,fuel_used_gallons,9035,117,51,Extreme
A3320500526225003,332050,"Iliamna, Newhalen, Nondalton",2025-11-01,2025,11,diesel_kwh_generated,116120,2730,34,Extreme
A3320500626225003,332050,"Iliamna, Newhalen, Nondalton",2025-12-01,2025,12,fuel_used_gallons,2181,117,12,Extreme
A3320500626225003,332050,"Iliamna, Newhalen, Nondalton",2025-12-01,2025,12,diesel_kwh_generated,22210,2730,6,Strong
A3320500626225003,332050,"Iliamna, Newhalen, Nondalton",2025-12-01,2025,12,peak_consumption_kw,1275,650,6,Strong
A3320500826225003,332050,"Iliamna, Newhalen, Nondalton",2026-02-01,2026,2,fuel_used_gallons,1145,117,6,Strong
A3320500127225003,332050,"Iliamna, Newhalen, Nondalton",2026-07-01,2026,7,peak_consumption_kw,1275,650,6,Strong
A3326800716225003,332680,Kake,2016-01-01,2016,1,powerhouse_consumption_kwh,15400,7038,5,Strong
A3326800621225003,332680,Kake,2020-12-01,2020,12,hydro_kwh_generated,72577,6848,6,Strong
A3326800621225003,332680,Kake,2020-12-01,2020,12,peak_consumption_kw,737,357,5,Strong
A3326800721225003,332680,Kake,2021-01-01,2021,1,hydro_kwh_generated,104461,6848,10,Extreme
A3326801021225003,332680,Kake,2021-04-01,2021,4,hydro_kwh_generated,96614,6848,9,Strong
A3326801121225003,332680,Kake,2021-05-01,2021,5,hydro_kwh_generated,92848,6848,8,Strong
A3326801221225003,332680,Kake,2021-06-01,2021,6,hydro_kwh_generated,91868,6848,8,Strong
A3326800322225003,332680,Kake,2021-09-01,2021,9,hydro_kwh_generated,77213,6848,7,Strong
A3326800422225003,332680,Kake,2021-10-01,2021,10,hydro_kwh_generated,115558,6848,11,Extreme
A3326800522225003,332680,Kake,2021-11-01,2021,11,hydro_kwh_generated,93606,6848,9,Strong
A3326800622225003,332680,Kake,2021-12-01,2021,12,hydro_kwh_generated,87043,6848,8,Strong
A3326800622225003,332680,Kake,2021-12-01,2021,12,powerhouse_consumption_kwh,15511,7038,5,Strong
A3326800722225003,332680,Kake,2022-01-01,2022,1,powerhouse_consumption_kwh,17573,7038,6,Strong
A3326800822225003,332680,Kake,2022-02-01,2022,2,hydro_kwh_generated,96006,6848,9,Strong
A3326800822225003,332680,Kake,2022-02-01,2022,2,powerhouse_consumption_kwh,25902,7038,11,Extreme
A3326800922225003,332680,Kake,2022-03-01,2022,3,hydro_kwh_generated,83714,6848,8,Strong
A3326801022225003,332680,Kake,2022-04-01,2022,4,hydro_kwh_generated,111721,6848,10,Extreme
A3326801022225003,332680,Kake,2022-04-01,2022,4,powerhouse_consumption_kwh,19439,7038,7,Strong
A3326801122225003,332680,Kake,2022-05-01,2022,5,hydro_kwh_generated,74736,6848,7,Strong
A3326801122225003,332680,Kake,2022-05-01,2022,5,powerhouse_consumption_kwh,16242,7038,5,Strong
A3326800323225003,332680,Kake,2022-09-01,2022,9,hydro_kwh_generated,63553,6848,6,Strong
A3326800423225003,332680,Kake,2022-10-01,2022,10,hydro_kwh_generated,89079,6848,8,Strong
A3326800523225003,332680,Kake,2022-11-01,2022,11,hydro_kwh_generated,123399,6848,11,Extreme
A3326800623225003,332680,Kake,2022-12-01,2022,12,hydro_kwh_generated,55063,6848,5,Strong
A3326800623225003,332680,Kake,2022-12-01,2022,12,powerhouse_consumption_kwh,18661,7038,6,Strong
A3326800723225003,332680,Kake,2023-01-01,2023,1,powerhouse_consumption_kwh,19196,7038,7,Strong
A3326800823225003,332680,Kake,2023-02-01,2023,2,hydro_kwh_generated,118009,6848,11,Extreme
A3326800823225003,332680,Kake,2023-02-01,2023,2,powerhouse_consumption_kwh,18285,7038,6,Strong
A3326800923225003,332680,Kake,2023-03-01,2023,3,powerhouse_consumption_kwh,17470,7038,6,Strong
A3326800923225003,332680,Kake,2023-03-01,2023,3,peak_consumption_kw,718,357,5,Strong
A3326801023225003,332680,Kake,2023-04-01,2023,4,hydro_kwh_generated,74356,6848,7,Strong
A3326801023225003,332680,Kake,2023-04-01,2023,4,powerhouse_consumption_kwh,18999,7038,7,Strong
A3326801123225003,332680,Kake,2023-05-01,2023,5,hydro_kwh_generated,114331,6848,11,Extreme
A3326801123225003,332680,Kake,2023-05-01,2023,5,powerhouse_consumption_kwh,21343,7038,8,Strong
A3326801223225003,332680,Kake,2023-06-01,2023,6,powerhouse_consumption_kwh,17115,7038,6,Strong
A3326801223225003,332680,Kake,2023-06-01,2023,6,peak_consumption_kw,688,357,5,Strong
A3326800324225003,332680,Kake,2023-09-01,2023,9,peak_consumption_kw,712,357,5,Strong
A3326800424225003,332680,Kake,2023-10-01,2023,10,hydro_kwh_generated,159767,6848,15,Extreme
A3326800524225003,332680,Kake,2023-11-01,2023,11,hydro_kwh_generated,78556,6848,7,Strong
A3326800624225003,332680,Kake,2023-12-01,2023,12,hydro_kwh_generated,140896,6848,13,Extreme
A3326800724225003,332680,Kake,2024-01-01,2024,1,hydro_kwh_generated,92549,6848,8,Strong
A3326800824225003,332680,Kake,2024-02-01,2024,2,hydro_kwh_generated,85842,6848,8,Strong
A3326800824225003,332680,Kake,2024-02-01,2024,2,powerhouse_consumption_kwh,18739,7038,7,Strong
A3326800924225003,332680,Kake,2024-03-01,2024,3,powerhouse_consumption_kwh,17366,7038,6,Strong
A3326801024225003,332680,Kake,2024-04-01,2024,4,hydro_kwh_generated,80605,6848,7,Strong
A3326801024225003,332680,Kake,2024-04-01,2024,4,powerhouse_consumption_kwh,18594,7038,6,Strong
A3326800425225003,332680,Kake,2024-10-01,2024,10,hydro_kwh_generated,103822,6848,10,Extreme
A3326800525225003,332680,Kake,2024-11-01,2024,11,hydro_kwh_generated,85096,6848,8,Strong
A3326800525225003,332680,Kake,2024-11-01,2024,11,powerhouse_consumption_kwh,15963,7038,5,Strong
A3326800625225003,332680,Kake,2024-12-01,2024,12,hydro_kwh_generated,55826,6848,5,Strong
A3326800625225003,332680,Kake,2024-12-01,2024,12,powerhouse_consumption_kwh,17153,7038,6,Strong
A3326800725225003,332680,Kake,2025-01-01,2025,1,hydro_kwh_generated,66647,6848,6,Strong
A3326800725225003,332680,Kake,2025-01-01,2025,1,powerhouse_consumption_kwh,18748,7038,7,Strong
A3326800825225003,332680,Kake,2025-02-01,2025,2,powerhouse_consumption_kwh,18986,7038,7,Strong
A3326800825225003,332680,Kake,2025-02-01,2025,2,peak_consumption_kw,697,357,5,Strong
A3326800925225003,332680,Kake,2025-03-01,2025,3,hydro_kwh_generated,87982,6848,8,Strong
A3326800925225003,332680,Kake,2025-03-01,2025,3,powerhouse_consumption_kwh,16961,7038,6,Strong
A3326801025225003,332680,Kake,2025-04-01,2025,4,hydro_kwh_generated,71590,6848,6,Strong
A3326801025225003,332680,Kake,2025-04-01,2025,4,powerhouse_consumption_kwh,19099,7038,7,Strong
A3326801125225003,332680,Kake,2025-05-01,2025,5,hydro_kwh_generated,93444,6848,9,Strong
A3326801125225003,332680,Kake,2025-05-01,2025,5,powerhouse_consumption_kwh,17807,7038,6,Strong
A3326801225225003,332680,Kake,2025-06-01,2025,6,hydro_kwh_generated,62973,6848,6,Strong
A3326801225225003,332680,Kake,2025-06-01,2025,6,powerhouse_consumption_kwh,18960,7038,7,Strong
A3326800126225003,332680,Kake,2025-07-01,2025,7,hydro_kwh_generated,53389,6848,5,Strong
A3326800426225003,332680,Kake,2025-10-01,2025,10,hydro_kwh_generated,83641,6848,8,Strong
A3326800526225003,332680,Kake,2025-11-01,2025,11,hydro_kwh_generated,133409,6848,12,Extreme
A3326800626225003,332680,Kake,2025-12-01,2025,12,hydro_kwh_generated,102330,6848,9,Extreme
A3326800726225003,332680,Kake,2026-01-01,2026,1,powerhouse_consumption_kwh,19389,7038,7,Strong
A3326800826225003,332680,Kake,2026-02-01,2026,2,hydro_kwh_generated,118605,6848,11,Extreme
A3326800826225003,332680,Kake,2026-02-01,2026,2,powerhouse_consumption_kwh,17801,7038,6,Strong
A3326800926225003,332680,Kake,2026-03-01,2026,3,residential_customers,185,238,9,Strong
A3326801026225003,332680,Kake,2026-04-01,2026,4,hydro_kwh_generated,70856,6848,6,Strong
A3326801026225003,332680,Kake,2026-04-01,2026,4,powerhouse_consumption_kwh,27701,7038,12,Extreme
A3326801026225003,332680,Kake,2026-04-01,2026,4,residential_customers,188,238,8,Strong
A3326801126225003,332680,Kake,2026-05-01,2026,5,hydro_kwh_generated,105768,6848,10,Extreme
A3323700219225003,332370,Kaktovik,2018-08-01,2018,8,powerhouse_consumption_kwh,3042,19514,5,Strong
A3323700919225003,332370,Kaktovik,2019-03-01,2019,3,residential_sold_to,122763,59101,6,Strong
A3323700919225003,332370,Kaktovik,2019-03-01,2019,3,residential_customers,0,77,52,Extreme
A3323700625225003,332370,Kaktovik,2024-12-01,2024,12,peak_consumption_kw,21275,701,184,Extreme
A3317200116225003,331720,Kalskag,2015-07-01,2015,7,commercial_sold_to,12891,5580,9,Extreme
A3317200216225003,331720,Kalskag,2015-08-01,2015,8,commercial_sold_to,13797,5580,10,Extreme
A3317200316225003,331720,Kalskag,2015-09-01,2015,9,commercial_sold_to,14957,5580,12,Extreme
A3317200416225003,331720,Kalskag,2015-10-01,2015,10,commercial_sold_to,14316,5580,11,Extreme
A3317200516225003,331720,Kalskag,2015-11-01,2015,11,commercial_sold_to,17269,5580,15,Extreme
A3317200616225003,331720,Kalskag,2015-12-01,2015,12,commercial_sold_to,18041,5580,16,Extreme
A3317200716225003,331720,Kalskag,2016-01-01,2016,1,commercial_sold_to,17534,5580,15,Extreme
A3317200217225003,331720,Kalskag,2016-08-01,2016,8,residential_customers,128,66,14,Extreme
A3317200820225003,331720,Kalskag,2020-02-01,2020,2,powerhouse_consumption_kwh,6139,3131,5,Strong
A3317200920225003,331720,Kalskag,2020-03-01,2020,3,powerhouse_consumption_kwh,6328,3131,6,Strong
A3317200923225003,331720,Kalskag,2023-03-01,2023,3,fuel_used_gallons,0,9016,5,Strong
A3317200923225003,331720,Kalskag,2023-03-01,2023,3,commercial_sold_to,0,5580,7,Strong
A3317200526225003,331720,Kalskag,2025-11-01,2025,11,commercial_sold_to,15729,5580,13,Extreme
A3317200626225003,331720,Kalskag,2025-12-01,2025,12,commercial_sold_to,16307,5580,13,Extreme
A3317200726225003,331720,Kalskag,2026-01-01,2026,1,commercial_sold_to,20315,5580,18,Extreme
A3317200826225003,331720,Kalskag,2026-02-01,2026,2,commercial_sold_to,14461,5580,11,Extreme
A3317200926225003,331720,Kalskag,2026-03-01,2026,3,commercial_sold_to,16195,5580,13,Extreme
A3317201026225003,331720,Kalskag,2026-04-01,2026,4,commercial_sold_to,13307,5580,10,Extreme
A3317201126225003,331720,Kalskag,2026-05-01,2026,5,commercial_sold_to,0,5580,7,Strong
A3313800316225003,331380,Kaltag,2015-09-01,2015,9,com_facil_sold_to,2595,12404,5,Strong
A3313800416225003,331380,Kaltag,2015-10-01,2015,10,com_facil_sold_to,2335,12404,5,Strong
A3313801217225003,331380,Kaltag,2017-06-01,2017,6,commercial_sold_to,11135,0,NA,Strong
A3313800118225003,331380,Kaltag,2017-07-01,2017,7,fuel_used_gallons,7005,4270,6,Strong
A3313800118225003,331380,Kaltag,2017-07-01,2017,7,diesel_kwh_generated,89256,55495,5,Strong
A3313800118225003,331380,Kaltag,2017-07-01,2017,7,commercial_sold_to,37699,0,NA,Strong
A3313800218225003,331380,Kaltag,2017-08-01,2017,8,commercial_sold_to,14560,0,NA,Strong
A3313800119225003,331380,Kaltag,2018-07-01,2018,7,fuel_used_gallons,8006,4270,8,Strong
A3313800119225003,331380,Kaltag,2018-07-01,2018,7,diesel_kwh_generated,102642,55495,7,Strong
A3313800119225003,331380,Kaltag,2018-07-01,2018,7,commercial_sold_to,49648,0,NA,Strong
A3313800323225003,331380,Kaltag,2022-09-01,2022,9,commercial_sold_to,12050,0,NA,Strong
A3313800423225003,331380,Kaltag,2022-10-01,2022,10,commercial_sold_to,17008,0,NA,Strong
A3313800523225003,331380,Kaltag,2022-11-01,2022,11,commercial_sold_to,14486,0,NA,Strong
A3313800823225003,331380,Kaltag,2023-02-01,2023,2,fuel_used_gallons,1907,4270,5,Strong
A3313801126225003,331380,Kaltag,2026-05-01,2026,5,com_facil_sold_to,0,12404,6,Strong
A3313801126225003,331380,Kaltag,2026-05-01,2026,5,govt_facil_sold_to,0,17051,6,Strong
A3317400218225003,331740,Karluk,2017-08-01,2017,8,powerhouse_consumption_kwh,584,229.5,6,Strong
A3317400621225003,331740,Karluk,2020-12-01,2020,12,com_facil_sold_to,4658,1825.5,5,Strong
A3317400921225003,331740,Karluk,2021-03-01,2021,3,com_facil_sold_to,4652,1825.5,5,Strong
A3317400622225003,331740,Karluk,2021-12-01,2021,12,com_facil_sold_to,5417,1825.5,7,Strong
A3317400724225003,331740,Karluk,2024-01-01,2024,1,powerhouse_consumption_kwh,606,229.5,6,Strong
A3317400824225003,331740,Karluk,2024-02-01,2024,2,powerhouse_consumption_kwh,598,229.5,6,Strong
A3317400924225003,331740,Karluk,2024-03-01,2024,3,powerhouse_consumption_kwh,1242,229.5,17,Extreme
A3317400126225003,331740,Karluk,2025-07-01,2025,7,powerhouse_consumption_kwh,607,229.5,6,Strong
A3317400226225003,331740,Karluk,2025-08-01,2025,8,powerhouse_consumption_kwh,522,229.5,5,Strong
A3317400426225003,331740,Karluk,2025-10-01,2025,10,powerhouse_consumption_kwh,550,229.5,5,Strong
A3317400526225003,331740,Karluk,2025-11-01,2025,11,powerhouse_consumption_kwh,497,229.5,5,Strong
A3313900716225003,331390,Kasigluk,2016-01-01,2016,1,wind_kwh_generated,104977,27282,5,Strong
A3313900217225003,331390,Kasigluk,2016-08-01,2016,8,residential_customers,228,120,18,Extreme
A3314000622225003,331400,Kiana,2021-12-01,2021,12,fuel_used_gallons,28079,10442,8,Strong
A3314000526225003,331400,Kiana,2025-11-01,2025,11,commercial_sold_to,29123,17695,5,Strong
A3314000626225003,331400,Kiana,2025-12-01,2025,12,commercial_sold_to,31319,17695,6,Strong
A3314000726225003,331400,Kiana,2026-01-01,2026,1,commercial_sold_to,32812,17695,6,Strong
A3314000826225003,331400,Kiana,2026-02-01,2026,2,commercial_sold_to,31091,17695,6,Strong
A3314000926225003,331400,Kiana,2026-03-01,2026,3,commercial_sold_to,31557,17695,6,Strong
A3314001126225003,331400,Kiana,2026-05-01,2026,5,commercial_sold_to,0,17695,7,Strong
A3320700218225003,332070,King Cove,2017-08-01,2017,8,powerhouse_consumption_kwh,21547,6350,5,Strong
A3320700318225003,332070,King Cove,2017-09-01,2017,9,com_facil_sold_to,205473,82768.5,9,Strong
A3320700126225003,332070,King Cove,2025-07-01,2025,7,commercial_customers,121,204,7,Strong
A3320700226225003,332070,King Cove,2025-08-01,2025,8,commercial_customers,121,204,7,Strong
A3320700326225003,332070,King Cove,2025-09-01,2025,9,commercial_customers,121,204,7,Strong
A3320700426225003,332070,King Cove,2025-10-01,2025,10,commercial_customers,121,204,7,Strong
A3320700526225003,332070,King Cove,2025-11-01,2025,11,commercial_customers,121,204,7,Strong
A3320700626225003,332070,King Cove,2025-12-01,2025,12,commercial_customers,123,204,6,Strong
A3320700726225003,332070,King Cove,2026-01-01,2026,1,commercial_customers,123,204,6,Strong
A3320700826225003,332070,King Cove,2026-02-01,2026,2,commercial_customers,123,204,6,Strong
A3320700926225003,332070,King Cove,2026-03-01,2026,3,commercial_customers,123,204,6,Strong
A3320701026225003,332070,King Cove,2026-04-01,2026,4,commercial_customers,123,204,6,Strong
A3320701126225003,332070,King Cove,2026-05-01,2026,5,commercial_customers,147,204,5,Strong
A3320800516225003,332080,Kipnuk,2015-11-01,2015,11,unbilled_customers,64,10,12,Extreme
A3320800616225003,332080,Kipnuk,2015-12-01,2015,12,unbilled_sold_to,12795,2290,5,Strong
A3320800616225003,332080,Kipnuk,2015-12-01,2015,12,unbilled_customers,64,10,12,Extreme
A3320800716225003,332080,Kipnuk,2016-01-01,2016,1,unbilled_sold_to,12457,2290,5,Strong
A3320800716225003,332080,Kipnuk,2016-01-01,2016,1,unbilled_customers,64,10,12,Extreme
A3320800816225003,332080,Kipnuk,2016-02-01,2016,2,unbilled_customers,64,10,12,Extreme
A3320800916225003,332080,Kipnuk,2016-03-01,2016,3,unbilled_sold_to,12276,2290,5,Strong
A3320800916225003,332080,Kipnuk,2016-03-01,2016,3,unbilled_customers,64,10,12,Extreme
A3320801016225003,332080,Kipnuk,2016-04-01,2016,4,unbilled_customers,65,10,12,Extreme
A3320801116225003,332080,Kipnuk,2016-05-01,2016,5,unbilled_customers,66,10,13,Extreme
A3320801216225003,332080,Kipnuk,2016-06-01,2016,6,unbilled_customers,66,10,13,Extreme
A3320800117225003,332080,Kipnuk,2016-07-01,2016,7,unbilled_customers,64,10,12,Extreme
A3320800217225003,332080,Kipnuk,2016-08-01,2016,8,unbilled_customers,64,10,12,Extreme
A3320800317225003,332080,Kipnuk,2016-09-01,2016,9,unbilled_customers,64,10,12,Extreme
A3320800417225003,332080,Kipnuk,2016-10-01,2016,10,unbilled_customers,65,10,12,Extreme
A3320800517225003,332080,Kipnuk,2016-11-01,2016,11,unbilled_customers,65,10,12,Extreme
A3320800817225003,332080,Kipnuk,2017-02-01,2017,2,unbilled_sold_to,14927,2290,6,Strong
A3320800917225003,332080,Kipnuk,2017-03-01,2017,3,unbilled_sold_to,12451,2290,5,Strong
A3320800118225003,332080,Kipnuk,2017-07-01,2017,7,unbilled_sold_to,12881,2290,5,Strong
A3320800218225003,332080,Kipnuk,2017-08-01,2017,8,unbilled_sold_to,15832,2290,6,Strong
A3320800718225003,332080,Kipnuk,2018-01-01,2018,1,unbilled_sold_to,12530,2290,5,Strong
A3320801018225003,332080,Kipnuk,2018-04-01,2018,4,unbilled_sold_to,13974,2290,6,Strong
A3320800219225003,332080,Kipnuk,2018-08-01,2018,8,fuel_used_gallons,0,9555.5,5,Strong
A3320800319225003,332080,Kipnuk,2018-09-01,2018,9,fuel_used_gallons,0,9555.5,5,Strong
A3320800619225003,332080,Kipnuk,2018-12-01,2018,12,com_facil_sold_to,62709,12027,6,Strong
A3320800719225003,332080,Kipnuk,2019-01-01,2019,1,unbilled_customers,81,10,16,Extreme
A3320800819225003,332080,Kipnuk,2019-02-01,2019,2,unbilled_customers,81,10,16,Extreme
A3320800919225003,332080,Kipnuk,2019-03-01,2019,3,com_facil_sold_to,47766,12027,5,Strong
A3320800922225003,332080,Kipnuk,2022-03-01,2022,3,commercial_sold_to,109475,52162,5,Strong
A3320800423225003,332080,Kipnuk,2022-10-01,2022,10,powerhouse_consumption_kwh,18982,4619,5,Strong
A3320800623225003,332080,Kipnuk,2022-12-01,2022,12,unbilled_sold_to,26182,2290,11,Extreme
A3320800923225003,332080,Kipnuk,2023-03-01,2023,3,powerhouse_consumption_kwh,25970,4619,7,Strong
A3320800525225003,332080,Kipnuk,2024-11-01,2024,11,powerhouse_consumption_kwh,30391,4619,9,Strong
A3320800625225003,332080,Kipnuk,2024-12-01,2024,12,com_facil_sold_to,67263,12027,7,Strong
A3320800725225003,332080,Kipnuk,2025-01-01,2025,1,residential_sold_to,121402,70282,6,Strong
A3320800326225003,332080,Kipnuk,2025-09-01,2025,9,fuel_used_gallons,19514,9555.5,5,Strong
A3314100217225003,331410,Kivalina,2016-08-01,2016,8,residential_customers,186,88,33,Extreme
A3314100417225003,331410,Kivalina,2016-10-01,2016,10,residential_customers,185,88,33,Extreme
A3314100517225003,331410,Kivalina,2016-11-01,2016,11,residential_customers,186,88,33,Extreme
A3314100717225003,331410,Kivalina,2017-01-01,2017,1,residential_sold_to,84175,47844,5,Strong
A3314100717225003,331410,Kivalina,2017-01-01,2017,1,residential_customers,183,88,32,Extreme
A3314100817225003,331410,Kivalina,2017-02-01,2017,2,residential_customers,181,88,31,Extreme
A3314100819225003,331410,Kivalina,2019-02-01,2019,2,commercial_sold_to,73408,8038,14,Extreme
A3314100919225003,331410,Kivalina,2019-03-01,2019,3,commercial_sold_to,73139,8038,14,Extreme
A3314101019225003,331410,Kivalina,2019-04-01,2019,4,commercial_sold_to,42273,8038,7,Strong
A3314100320225003,331410,Kivalina,2019-09-01,2019,9,commercial_sold_to,44431,8038,8,Strong
A3314100420225003,331410,Kivalina,2019-10-01,2019,10,commercial_sold_to,45644,8038,8,Strong
A3314100720225003,331410,Kivalina,2020-01-01,2020,1,commercial_sold_to,61792,8038,11,Extreme
A3314100820225003,331410,Kivalina,2020-02-01,2020,2,commercial_sold_to,91083,8038,18,Extreme
A3314100920225003,331410,Kivalina,2020-03-01,2020,3,commercial_sold_to,79125,8038,15,Extreme
A3314101220225003,331410,Kivalina,2020-06-01,2020,6,commercial_sold_to,42524,8038,7,Strong
A3314100121225003,331410,Kivalina,2020-07-01,2020,7,commercial_sold_to,35985,8038,6,Strong
A3314100221225003,331410,Kivalina,2020-08-01,2020,8,commercial_sold_to,37347,8038,6,Strong
A3314100321225003,331410,Kivalina,2020-09-01,2020,9,commercial_sold_to,49493,8038,9,Strong
A3314100421225003,331410,Kivalina,2020-10-01,2020,10,commercial_sold_to,56404,8038,10,Extreme
A3314100721225003,331410,Kivalina,2021-01-01,2021,1,commercial_sold_to,34178,8038,6,Strong
A3314100821225003,331410,Kivalina,2021-02-01,2021,2,commercial_sold_to,84675,8038,16,Extreme
A3314100921225003,331410,Kivalina,2021-03-01,2021,3,commercial_sold_to,64256,8038,12,Extreme
A3314101021225003,331410,Kivalina,2021-04-01,2021,4,commercial_sold_to,58254,8038,11,Extreme
A3314101121225003,331410,Kivalina,2021-05-01,2021,5,commercial_sold_to,71309,8038,13,Extreme
A3314100422225003,331410,Kivalina,2021-10-01,2021,10,commercial_sold_to,58052,8038,11,Extreme
A3314100522225003,331410,Kivalina,2021-11-01,2021,11,commercial_sold_to,77708,8038,15,Extreme
A3314100622225003,331410,Kivalina,2021-12-01,2021,12,commercial_sold_to,63186,8038,12,Extreme
A3314100722225003,331410,Kivalina,2022-01-01,2022,1,commercial_sold_to,80201,8038,15,Extreme
A3314100822225003,331410,Kivalina,2022-02-01,2022,2,commercial_sold_to,68512,8038,13,Extreme
A3314100922225003,331410,Kivalina,2022-03-01,2022,3,commercial_sold_to,58346,8038,11,Extreme
A3314101022225003,331410,Kivalina,2022-04-01,2022,4,commercial_sold_to,60408,8038,11,Extreme
A3314101122225003,331410,Kivalina,2022-05-01,2022,5,commercial_sold_to,57630,8038,11,Extreme
A3314101222225003,331410,Kivalina,2022-06-01,2022,6,commercial_sold_to,43298,8038,7,Strong
A3314100123225003,331410,Kivalina,2022-07-01,2022,7,commercial_sold_to,35648,8038,6,Strong
A3314100223225003,331410,Kivalina,2022-08-01,2022,8,commercial_sold_to,41002,8038,7,Strong
A3314100323225003,331410,Kivalina,2022-09-01,2022,9,commercial_sold_to,41059,8038,7,Strong
A3314100423225003,331410,Kivalina,2022-10-01,2022,10,commercial_sold_to,48228,8038,9,Strong
A3314100523225003,331410,Kivalina,2022-11-01,2022,11,commercial_sold_to,53599,8038,10,Extreme
A3314100523225003,331410,Kivalina,2022-11-01,2022,11,com_facil_sold_to,55651,25374,5,Strong
A3314100623225003,331410,Kivalina,2022-12-01,2022,12,commercial_sold_to,60878,8038,11,Extreme
A3314100623225003,331410,Kivalina,2022-12-01,2022,12,com_facil_sold_to,59102,25374,6,Strong
A3314100723225003,331410,Kivalina,2023-01-01,2023,1,commercial_sold_to,68131,8038,13,Extreme
A3314100723225003,331410,Kivalina,2023-01-01,2023,1,com_facil_sold_to,65560,25374,7,Strong
A3314100823225003,331410,Kivalina,2023-02-01,2023,2,commercial_sold_to,36711,8038,6,Strong
A3314100823225003,331410,Kivalina,2023-02-01,2023,2,com_facil_sold_to,65157,25374,7,Strong
A3314100923225003,331410,Kivalina,2023-03-01,2023,3,com_facil_sold_to,66166,25374,7,Strong
A3314101023225003,331410,Kivalina,2023-04-01,2023,4,com_facil_sold_to,65814,25374,7,Strong
A3314101123225003,331410,Kivalina,2023-05-01,2023,5,com_facil_sold_to,64708,25374,6,Strong
A3314100324225003,331410,Kivalina,2023-09-01,2023,9,com_facil_sold_to,52844,25374,5,Strong
A3314100424225003,331410,Kivalina,2023-10-01,2023,10,com_facil_sold_to,63159,25374,6,Strong
A3314100524225003,331410,Kivalina,2023-11-01,2023,11,com_facil_sold_to,62385,25374,6,Strong
A3314100624225003,331410,Kivalina,2023-12-01,2023,12,com_facil_sold_to,64414,25374,6,Strong
A3314100724225003,331410,Kivalina,2024-01-01,2024,1,com_facil_sold_to,68788,25374,7,Strong
A3314100824225003,331410,Kivalina,2024-02-01,2024,2,com_facil_sold_to,61932,25374,6,Strong
A3314100924225003,331410,Kivalina,2024-03-01,2024,3,com_facil_sold_to,70514,25374,7,Strong
A3314101024225003,331410,Kivalina,2024-04-01,2024,4,com_facil_sold_to,69202,25374,7,Strong
A3314101124225003,331410,Kivalina,2024-05-01,2024,5,com_facil_sold_to,65454,25374,7,Strong
A3314100325225003,331410,Kivalina,2024-09-01,2024,9,com_facil_sold_to,56406,25374,5,Strong
A3314100425225003,331410,Kivalina,2024-10-01,2024,10,com_facil_sold_to,60909,25374,6,Strong
A3314100525225003,331410,Kivalina,2024-11-01,2024,11,com_facil_sold_to,57602,25374,5,Strong
A3314100726225003,331410,Kivalina,2026-01-01,2026,1,residential_sold_to,90324,47844,5,Strong
A3314100726225003,331410,Kivalina,2026-01-01,2026,1,commercial_sold_to,32812,8038,5,Strong
A3311550719225003,331155,Klawock,2019-01-01,2019,1,commercial_sold_to,266989,401686,5,Strong
A3311550720225003,331155,Klawock,2020-01-01,2020,1,commercial_sold_to,256177,401686,5,Strong
A3311550726225003,331155,Klawock,2026-01-01,2026,1,residential_customers,348,399,6,Strong
A3311550826225003,331155,Klawock,2026-02-01,2026,2,residential_customers,344,399,6,Strong
A3327000623225003,332700,Klukwan,2022-12-01,2022,12,commercial_sold_to,15306,7253.5,5,Strong
A3320900516225003,332090,Kobuk,2015-11-01,2015,11,commercial_sold_to,12273,7455,6,Strong
A3320900616225003,332090,Kobuk,2015-12-01,2015,12,commercial_sold_to,14685,7455,8,Strong
A3320900716225003,332090,Kobuk,2016-01-01,2016,1,commercial_sold_to,14738,7455,8,Strong
A3320900417225003,332090,Kobuk,2016-10-01,2016,10,residential_customers,187,38,100,Extreme
A3320900517225003,332090,Kobuk,2016-11-01,2016,11,residential_customers,186,38,100,Extreme
A3320900717225003,332090,Kobuk,2017-01-01,2017,1,residential_customers,188,38,101,Extreme
A3320900817225003,332090,Kobuk,2017-02-01,2017,2,residential_customers,188,38,101,Extreme
A3320900724225003,332090,Kobuk,2024-01-01,2024,1,commercial_sold_to,3186,7455,5,Strong
A3320900824225003,332090,Kobuk,2024-02-01,2024,2,commercial_sold_to,15718,7455,9,Extreme
A3320900626225003,332090,Kobuk,2025-12-01,2025,12,commercial_sold_to,12100,7455,5,Strong
A3320900726225003,332090,Kobuk,2026-01-01,2026,1,commercial_sold_to,14084,7455,8,Strong
A3320900826225003,332090,Kobuk,2026-02-01,2026,2,commercial_sold_to,12264,7455,6,Strong
A3320900926225003,332090,Kobuk,2026-03-01,2026,3,commercial_sold_to,13193,7455,7,Strong
A3320901026225003,332090,Kobuk,2026-04-01,2026,4,commercial_sold_to,11591,7455,5,Strong
A3320901126225003,332090,Kobuk,2026-05-01,2026,5,commercial_sold_to,0,7455,9,Strong
A3321000616225003,332100,Kokhanok,2015-12-01,2015,12,unbilled_sold_to,800,95,5,Strong
A3321000716225003,332100,Kokhanok,2016-01-01,2016,1,com_facil_sold_to,16312,5998,5,Strong
A3321000322225003,332100,Kokhanok,2021-09-01,2021,9,fuel_used_gallons,8526,3439,11,Extreme
A3321000322225003,332100,Kokhanok,2021-09-01,2021,9,residential_sold_to,39440,15620,9,Extreme
A3321000523225003,332100,Kokhanok,2022-11-01,2022,11,commercial_sold_to,19893,6369,5,Strong
A3321000524225003,332100,Kokhanok,2023-11-01,2023,11,fuel_used_gallons,7051,3439,8,Strong
A3321000724225003,332100,Kokhanok,2024-01-01,2024,1,unbilled_sold_to,6389,95,45,Extreme
A3321000824225003,332100,Kokhanok,2024-02-01,2024,2,residential_sold_to,41086,15620,10,Extreme
A3321001225225003,332100,Kokhanok,2025-06-01,2025,6,unbilled_sold_to,864,95,5,Strong
A3321000626225003,332100,Kokhanok,2025-12-01,2025,12,commercial_sold_to,20461,6369,5,Strong
A3321000626225003,332100,Kokhanok,2025-12-01,2025,12,unbilled_sold_to,1376,95,9,Extreme
A3321000726225003,332100,Kokhanok,2026-01-01,2026,1,commercial_sold_to,24831,6369,7,Strong
A3321000826225003,332100,Kokhanok,2026-02-01,2026,2,commercial_sold_to,19464,6369,5,Strong
A3321000926225003,332100,Kokhanok,2026-03-01,2026,3,commercial_sold_to,23398,6369,6,Strong
A3321100116225003,332110,Koliganek,2015-07-01,2015,7,powerhouse_consumption_kwh,3363,1573.5,7,Strong
A3321101216225003,332110,Koliganek,2016-06-01,2016,6,commercial_sold_to,13208,4854,10,Extreme
A3321100117225003,332110,Koliganek,2016-07-01,2016,7,powerhouse_consumption_kwh,3086,1573.5,6,Strong
A3321100217225003,332110,Koliganek,2016-08-01,2016,8,powerhouse_consumption_kwh,2987,1573.5,5,Strong
A3321100417225003,332110,Koliganek,2016-10-01,2016,10,residential_sold_to,34133,22261,5,Strong
A3321100817225003,332110,Koliganek,2017-02-01,2017,2,commercial_sold_to,11949,4854,9,Strong
A3321101217225003,332110,Koliganek,2017-06-01,2017,6,powerhouse_consumption_kwh,3148,1573.5,6,Strong
A3321100118225003,332110,Koliganek,2017-07-01,2017,7,powerhouse_consumption_kwh,3389,1573.5,7,Strong
A3321100218225003,332110,Koliganek,2017-08-01,2017,8,powerhouse_consumption_kwh,2957,1573.5,5,Strong
A3321100218225003,332110,Koliganek,2017-08-01,2017,8,commercial_sold_to,17511,4854,15,Extreme
A3321100518225003,332110,Koliganek,2017-11-01,2017,11,govt_facil_sold_to,36987,17980,5,Strong
A3321101218225003,332110,Koliganek,2018-06-01,2018,6,powerhouse_consumption_kwh,2892,1573.5,5,Strong
A3321100119225003,332110,Koliganek,2018-07-01,2018,7,powerhouse_consumption_kwh,3117,1573.5,6,Strong
A3321100219225003,332110,Koliganek,2018-08-01,2018,8,powerhouse_consumption_kwh,3519,1573.5,8,Strong
A3321100319225003,332110,Koliganek,2018-09-01,2018,9,powerhouse_consumption_kwh,2912,1573.5,5,Strong
A3321100619225003,332110,Koliganek,2018-12-01,2018,12,peak_consumption_kw,168,92,5,Strong
A3321100623225003,332110,Koliganek,2022-12-01,2022,12,fuel_used_gallons,9640,4893,9,Extreme
A3321100623225003,332110,Koliganek,2022-12-01,2022,12,powerhouse_consumption_kwh,2806,1573.5,5,Strong
A3321100726225003,332110,Koliganek,2026-01-01,2026,1,com_facil_sold_to,13384,6773,5,Strong
A3325100616225003,332510,Kongiganak,2015-12-01,2015,12,residential_customers,103,157,5,Strong
A3325100716225003,332510,Kongiganak,2016-01-01,2016,1,residential_customers,101,157,5,Strong
A3325100816225003,332510,Kongiganak,2016-02-01,2016,2,total_kwh_purchased,13731,0,NA,Strong
A3325100816225003,332510,Kongiganak,2016-02-01,2016,2,residential_customers,103,157,5,Strong
A3325100916225003,332510,Kongiganak,2016-03-01,2016,3,total_kwh_purchased,22342,0,NA,Strong
A3325100916225003,332510,Kongiganak,2016-03-01,2016,3,residential_customers,103,157,5,Strong
A3325101016225003,332510,Kongiganak,2016-04-01,2016,4,residential_customers,101,157,5,Strong
A3325101116225003,332510,Kongiganak,2016-05-01,2016,5,total_kwh_purchased,16464,0,NA,Strong
A3325101116225003,332510,Kongiganak,2016-05-01,2016,5,residential_customers,102,157,5,Strong
A3325100117225003,332510,Kongiganak,2016-07-01,2016,7,residential_customers,102,157,5,Strong
A3325100217225003,332510,Kongiganak,2016-08-01,2016,8,residential_customers,102,157,5,Strong
A3325100317225003,332510,Kongiganak,2016-09-01,2016,9,residential_customers,102,157,5,Strong
A3325100417225003,332510,Kongiganak,2016-10-01,2016,10,total_kwh_purchased,18117,0,NA,Strong
A3325100517225003,332510,Kongiganak,2016-11-01,2016,11,total_kwh_purchased,17345,0,NA,Strong
A3325100617225003,332510,Kongiganak,2016-12-01,2016,12,total_kwh_purchased,17679,0,NA,Strong
A3325100717225003,332510,Kongiganak,2017-01-01,2017,1,total_kwh_purchased,13319,0,NA,Strong
A3325100817225003,332510,Kongiganak,2017-02-01,2017,2,total_kwh_purchased,20895,0,NA,Strong
A3325100917225003,332510,Kongiganak,2017-03-01,2017,3,total_kwh_purchased,23461,0,NA,Strong
A3325100318225003,332510,Kongiganak,2017-09-01,2017,9,peak_consumption_kw,421,220.5,6,Strong
A3325100418225003,332510,Kongiganak,2017-10-01,2017,10,total_kwh_purchased,12591,0,NA,Strong
A3325100418225003,332510,Kongiganak,2017-10-01,2017,10,peak_consumption_kw,421,220.5,6,Strong
A3325100618225003,332510,Kongiganak,2017-12-01,2017,12,total_kwh_purchased,14311,0,NA,Strong
A3325100618225003,332510,Kongiganak,2017-12-01,2017,12,unbilled_sold_to,19706,2353.5,13,Extreme
A3325100718225003,332510,Kongiganak,2018-01-01,2018,1,total_kwh_purchased,25362,0,NA,Strong
A3325100818225003,332510,Kongiganak,2018-02-01,2018,2,total_kwh_purchased,22721,0,NA,Strong
A3325100918225003,332510,Kongiganak,2018-03-01,2018,3,total_kwh_purchased,16018,0,NA,Strong
A3325101018225003,332510,Kongiganak,2018-04-01,2018,4,total_kwh_purchased,19818,0,NA,Strong
A3325101118225003,332510,Kongiganak,2018-05-01,2018,5,total_kwh_purchased,15819,0,NA,Strong
A3325100119225003,332510,Kongiganak,2018-07-01,2018,7,total_kwh_purchased,12113,0,NA,Strong
A3325100126225003,332510,Kongiganak,2025-07-01,2025,7,fuel_used_gallons,13388,6030,6,Strong
A3325100626225003,332510,Kongiganak,2025-12-01,2025,12,fuel_used_gallons,19986,6030,12,Extreme
A3325100726225003,332510,Kongiganak,2026-01-01,2026,1,fuel_used_gallons,11491,6030,5,Strong
A3325100726225003,332510,Kongiganak,2026-01-01,2026,1,govt_facil_sold_to,5698,479.5,13,Extreme
A3325101126225003,332510,Kongiganak,2026-05-01,2026,5,fuel_used_gallons,14978,6030,8,Strong
A3325101226225003,332510,Kongiganak,2026-06-01,2026,6,fuel_used_gallons,14978,6030,8,Strong
A3325100127225003,332510,Kongiganak,2026-07-01,2026,7,govt_facil_sold_to,7719,479.5,19,Extreme
A3321200516225003,332120,Kotlik,2015-11-01,2015,11,commercial_sold_to,40143,25569,5,Strong
A3321200616225003,332120,Kotlik,2015-12-01,2015,12,commercial_sold_to,42680,25569,6,Strong
A3321200716225003,332120,Kotlik,2016-01-01,2016,1,commercial_sold_to,42383,25569,6,Strong
A3321201126225003,332120,Kotlik,2026-05-01,2026,5,peak_consumption_kw,230,383.5,5,Strong
A3321201126225003,332120,Kotlik,2026-05-01,2026,5,commercial_sold_to,0,25569,9,Extreme
A3321201126225003,332120,Kotlik,2026-05-01,2026,5,govt_facil_sold_to,0,50303,5,Strong
A3321300719225003,332130,Kotzebue,2019-01-01,2019,1,govt_facil_sold_to,184866,74265,9,Extreme
A3321300324225003,332130,Kotzebue,2023-09-01,2023,9,com_facil_sold_to,226662,137780.5,5,Strong
A3321300424225003,332130,Kotzebue,2023-10-01,2023,10,solar_kwh_generated,913987,61899.5,12,Extreme
A3321301124225003,332130,Kotzebue,2024-05-01,2024,5,solar_kwh_generated,387843,61899.5,5,Strong
A3321300626225003,332130,Kotzebue,2025-12-01,2025,12,peak_consumption_kw,1323,3030,5,Strong
A3314200524225003,331420,Koyuk,2023-11-01,2023,11,residential_customers,21,87,15,Extreme
A3314200524225003,331420,Koyuk,2023-11-01,2023,11,govt_facil_customers,135,18,12,Extreme
A3314200526225003,331420,Koyuk,2025-11-01,2025,11,commercial_sold_to,31245,13417,8,Strong
A3314200626225003,331420,Koyuk,2025-12-01,2025,12,commercial_sold_to,33960,13417,9,Strong
A3314200726225003,331420,Koyuk,2026-01-01,2026,1,commercial_sold_to,37318,13417,10,Extreme
A3314200826225003,331420,Koyuk,2026-02-01,2026,2,commercial_sold_to,29381,13417,7,Strong
A3314200926225003,331420,Koyuk,2026-03-01,2026,3,commercial_sold_to,33282,13417,8,Strong
A3314201026225003,331420,Koyuk,2026-04-01,2026,4,commercial_sold_to,26304,13417,5,Strong
A3314201126225003,331420,Koyuk,2026-05-01,2026,5,commercial_sold_to,0,13417,6,Strong
A3314201126225003,331420,Koyuk,2026-05-01,2026,5,govt_facil_sold_to,0,27663,5,Strong
A3321400716225003,332140,Koyukuk,2016-01-01,2016,1,fuel_used_gallons,7920,2912,5,Strong
A3321400521225003,332140,Koyukuk,2020-11-01,2020,11,commercial_sold_to,16984,4882,5,Strong
A3321400522225003,332140,Koyukuk,2021-11-01,2021,11,fuel_used_gallons,11751,2912,8,Strong
A3321400522225003,332140,Koyukuk,2021-11-01,2021,11,diesel_kwh_generated,115431,27568,17,Extreme
A3321400522225003,332140,Koyukuk,2021-11-01,2021,11,powerhouse_consumption_kwh,7038,2167.5,6,Strong
A3321400522225003,332140,Koyukuk,2021-11-01,2021,11,residential_sold_to,37356,9328,9,Extreme
A3321400522225003,332140,Koyukuk,2021-11-01,2021,11,commercial_sold_to,19273,4882,6,Strong
A3321400522225003,332140,Koyukuk,2021-11-01,2021,11,com_facil_sold_to,12323,2043,7,Strong
A3321401022225003,332140,Koyukuk,2022-04-01,2022,4,fuel_used_gallons,16983,2912,13,Extreme
A3321401022225003,332140,Koyukuk,2022-04-01,2022,4,diesel_kwh_generated,169866,27568,27,Extreme
A3321401022225003,332140,Koyukuk,2022-04-01,2022,4,powerhouse_consumption_kwh,7294,2167.5,7,Strong
A3321401022225003,332140,Koyukuk,2022-04-01,2022,4,residential_sold_to,57000,9328,16,Extreme
A3321401022225003,332140,Koyukuk,2022-04-01,2022,4,commercial_sold_to,23152,4882,8,Strong
A3321401022225003,332140,Koyukuk,2022-04-01,2022,4,com_facil_sold_to,18551,2043,11,Extreme
A3321401022225003,332140,Koyukuk,2022-04-01,2022,4,govt_facil_sold_to,11869,2237,5,Strong
A3321400423225003,332140,Koyukuk,2022-10-01,2022,10,diesel_kwh_generated,63569,27568,7,Strong
A3321400423225003,332140,Koyukuk,2022-10-01,2022,10,residential_sold_to,29596,9328,7,Strong
A3321400523225003,332140,Koyukuk,2022-11-01,2022,11,diesel_kwh_generated,75281,27568,9,Strong
A3321400523225003,332140,Koyukuk,2022-11-01,2022,11,residential_sold_to,24471,9328,5,Strong
A3321400623225003,332140,Koyukuk,2022-12-01,2022,12,residential_sold_to,26154,9328,6,Strong
A3321400124225003,332140,Koyukuk,2023-07-01,2023,7,powerhouse_consumption_kwh,6161,2167.5,5,Strong
A3321400625225003,332140,Koyukuk,2024-12-01,2024,12,fuel_used_gallons,9768,2912,6,Strong
A3321400626225003,332140,Koyukuk,2025-12-01,2025,12,govt_facil_sold_to,12137,2237,5,Strong
A3321400726225003,332140,Koyukuk,2026-01-01,2026,1,diesel_kwh_generated,55364,27568,5,Strong
A3321400726225003,332140,Koyukuk,2026-01-01,2026,1,govt_facil_sold_to,16928,2237,8,Strong
A3321500523225003,332150,Kwethluk,2022-11-01,2022,11,powerhouse_consumption_kwh,8799,3140,9,Strong
A3321500224225003,332150,Kwethluk,2023-08-01,2023,8,powerhouse_consumption_kwh,91,3140,5,Strong
A3321500225225003,332150,Kwethluk,2024-08-01,2024,8,peak_consumption_kw,678,316,6,Strong
A3321500325225003,332150,Kwethluk,2024-09-01,2024,9,peak_consumption_kw,611,316,5,Strong
A3321500425225003,332150,Kwethluk,2024-10-01,2024,10,peak_consumption_kw,618,316,5,Strong
A3321500525225003,332150,Kwethluk,2024-11-01,2024,11,peak_consumption_kw,598,316,5,Strong
A3321500426225003,332150,Kwethluk,2025-10-01,2025,10,unbilled_sold_to,45906,10040,7,Strong
A3321600416225003,332160,Kwigillingok,2015-10-01,2015,10,wind_kwh_generated,116614,16954,5,Strong
A3321600416225003,332160,Kwigillingok,2015-10-01,2015,10,powerhouse_consumption_kwh,9271,3588.5,5,Strong
A3321600416225003,332160,Kwigillingok,2015-10-01,2015,10,residential_sold_to,99632,45154.5,8,Strong
A3321600416225003,332160,Kwigillingok,2015-10-01,2015,10,commercial_sold_to,142773,45115,5,Strong
A3321600416225003,332160,Kwigillingok,2015-10-01,2015,10,com_facil_sold_to,13121,3215.5,8,Strong
A3321600416225003,332160,Kwigillingok,2015-10-01,2015,10,govt_facil_sold_to,1766,311,9,Extreme
A3321600716225003,332160,Kwigillingok,2016-01-01,2016,1,com_facil_sold_to,12352,3215.5,7,Strong
A3321600716225003,332160,Kwigillingok,2016-01-01,2016,1,govt_facil_sold_to,1391,311,7,Strong
A3321600816225003,332160,Kwigillingok,2016-02-01,2016,2,com_facil_sold_to,10636,3215.5,6,Strong
A3321600816225003,332160,Kwigillingok,2016-02-01,2016,2,govt_facil_sold_to,1306,311,6,Strong
A3321600916225003,332160,Kwigillingok,2016-03-01,2016,3,com_facil_sold_to,11635,3215.5,7,Strong
A3321600916225003,332160,Kwigillingok,2016-03-01,2016,3,govt_facil_sold_to,1340,311,6,Strong
A3321601016225003,332160,Kwigillingok,2016-04-01,2016,4,powerhouse_consumption_kwh,10184,3588.5,5,Strong
A3321601016225003,332160,Kwigillingok,2016-04-01,2016,4,govt_facil_sold_to,1375,311,7,Strong
A3321600617225003,332160,Kwigillingok,2016-12-01,2016,12,govt_facil_sold_to,1150,311,5,Strong
A3321600717225003,332160,Kwigillingok,2017-01-01,2017,1,residential_sold_to,87180,45154.5,6,Strong
A3321600717225003,332160,Kwigillingok,2017-01-01,2017,1,com_facil_sold_to,11327,3215.5,6,Strong
A3321600717225003,332160,Kwigillingok,2017-01-01,2017,1,govt_facil_sold_to,1139,311,5,Strong
A3321600817225003,332160,Kwigillingok,2017-02-01,2017,2,com_facil_sold_to,11093,3215.5,6,Strong
A3321600817225003,332160,Kwigillingok,2017-02-01,2017,2,govt_facil_sold_to,1060,311,5,Strong
A3321600917225003,332160,Kwigillingok,2017-03-01,2017,3,com_facil_sold_to,11909,3215.5,7,Strong
A3321600917225003,332160,Kwigillingok,2017-03-01,2017,3,govt_facil_sold_to,1173,311,5,Strong
A3321600618225003,332160,Kwigillingok,2017-12-01,2017,12,govt_facil_sold_to,1103,311,5,Strong
A3321600718225003,332160,Kwigillingok,2018-01-01,2018,1,com_facil_sold_to,9374,3215.5,5,Strong
A3321600718225003,332160,Kwigillingok,2018-01-01,2018,1,govt_facil_sold_to,1608,311,8,Strong
A3321600818225003,332160,Kwigillingok,2018-02-01,2018,2,wind_kwh_generated,122432,16954,5,Strong
A3321600918225003,332160,Kwigillingok,2018-03-01,2018,3,com_facil_sold_to,9223,3215.5,5,Strong
A3321600119225003,332160,Kwigillingok,2018-07-01,2018,7,powerhouse_consumption_kwh,9890,3588.5,5,Strong
A3321600219225003,332160,Kwigillingok,2018-08-01,2018,8,powerhouse_consumption_kwh,10199,3588.5,5,Strong
A3321600619225003,332160,Kwigillingok,2018-12-01,2018,12,govt_facil_sold_to,1075,311,5,Strong
A3321600719225003,332160,Kwigillingok,2019-01-01,2019,1,powerhouse_consumption_kwh,9504,3588.5,5,Strong
A3321600719225003,332160,Kwigillingok,2019-01-01,2019,1,unbilled_sold_to,8514,1576.5,5,Strong
A3321600620225003,332160,Kwigillingok,2019-12-01,2019,12,govt_facil_sold_to,1304,311,6,Strong
A3321600720225003,332160,Kwigillingok,2020-01-01,2020,1,govt_facil_sold_to,1849,311,10,Extreme
A3321600720225003,332160,Kwigillingok,2020-01-01,2020,1,unbilled_sold_to,10791,1576.5,7,Strong
A3321600820225003,332160,Kwigillingok,2020-02-01,2020,2,govt_facil_sold_to,2458,311,14,Extreme
A3321600820225003,332160,Kwigillingok,2020-02-01,2020,2,unbilled_sold_to,9496,1576.5,6,Strong
A3321600920225003,332160,Kwigillingok,2020-03-01,2020,3,govt_facil_sold_to,1479,311,7,Strong
A3321600721225003,332160,Kwigillingok,2021-01-01,2021,1,powerhouse_consumption_kwh,12326,3588.5,7,Strong
A3321600322225003,332160,Kwigillingok,2021-09-01,2021,9,fuel_used_gallons,28051,7458,13,Extreme
A3321600722225003,332160,Kwigillingok,2022-01-01,2022,1,fuel_used_gallons,34740,7458,18,Extreme
A3321600724225003,332160,Kwigillingok,2024-01-01,2024,1,residential_customers,16,101,11,Extreme
A3321600625225003,332160,Kwigillingok,2024-12-01,2024,12,govt_facil_sold_to,1276,311,6,Strong
A3321600725225003,332160,Kwigillingok,2025-01-01,2025,1,govt_facil_sold_to,1194,311,6,Strong
A3321600925225003,332160,Kwigillingok,2025-03-01,2025,3,govt_facil_sold_to,1207,311,6,Strong
A3321600326225003,332160,Kwigillingok,2025-09-01,2025,9,powerhouse_consumption_kwh,9709,3588.5,5,Strong
A3321600526225003,332160,Kwigillingok,2025-11-01,2025,11,govt_facil_sold_to,1088,311,5,Strong
A3321600626225003,332160,Kwigillingok,2025-12-01,2025,12,residential_sold_to,8648,45154.5,5,Strong
A3321600726225003,332160,Kwigillingok,2026-01-01,2026,1,govt_facil_sold_to,1924,311,10,Extreme
A3321600826225003,332160,Kwigillingok,2026-02-01,2026,2,residential_sold_to,13770,45154.5,5,Strong
A3321600826225003,332160,Kwigillingok,2026-02-01,2026,2,govt_facil_sold_to,1601,311,8,Strong
A3321600926225003,332160,Kwigillingok,2026-03-01,2026,3,govt_facil_sold_to,2285,311,12,Extreme
A3321700817225003,332170,Larsen Bay,2017-02-01,2017,2,fuel_used_gallons,2146,38,37,Extreme
A3321700917225003,332170,Larsen Bay,2017-03-01,2017,3,fuel_used_gallons,2895,38,51,Extreme
A3321701017225003,332170,Larsen Bay,2017-04-01,2017,4,fuel_used_gallons,855,38,15,Extreme
A3321701217225003,332170,Larsen Bay,2017-06-01,2017,6,govt_facil_sold_to,8942,1399,21,Extreme
A3321700218225003,332170,Larsen Bay,2017-08-01,2017,8,peak_consumption_kw,275,207,5,Strong
A3321700318225003,332170,Larsen Bay,2017-09-01,2017,9,fuel_used_gallons,725,38,12,Extreme
A3321700318225003,332170,Larsen Bay,2017-09-01,2017,9,peak_consumption_kw,275,207,5,Strong
A3321700418225003,332170,Larsen Bay,2017-10-01,2017,10,fuel_used_gallons,1205,38,21,Extreme
A3321700518225003,332170,Larsen Bay,2017-11-01,2017,11,peak_consumption_kw,100,207,8,Strong
A3321700319225003,332170,Larsen Bay,2018-09-01,2018,9,fuel_used_gallons,1186,38,20,Extreme
A3321700419225003,332170,Larsen Bay,2018-10-01,2018,10,fuel_used_gallons,639,38,11,Extreme
A3321700519225003,332170,Larsen Bay,2018-11-01,2018,11,fuel_used_gallons,613,38,10,Extreme
A3321700220225003,332170,Larsen Bay,2019-08-01,2019,8,fuel_used_gallons,1110,38,19,Extreme
A3321700320225003,332170,Larsen Bay,2019-09-01,2019,9,fuel_used_gallons,1185,38,20,Extreme
A3321700420225003,332170,Larsen Bay,2019-10-01,2019,10,fuel_used_gallons,1196,38,21,Extreme
A3321700920225003,332170,Larsen Bay,2020-03-01,2020,3,fuel_used_gallons,1337,38,23,Extreme
A3321800817225003,332180,Levelock,2017-02-01,2017,2,com_facil_sold_to,8757,3236,8,Strong
A3321800920225003,332180,Levelock,2020-03-01,2020,3,fuel_used_gallons,6320,3184.5,6,Strong
A3321800721225003,332180,Levelock,2021-01-01,2021,1,fuel_used_gallons,0,3184.5,7,Strong
A3321800821225003,332180,Levelock,2021-02-01,2021,2,fuel_used_gallons,5963,3184.5,6,Strong
A3321800821225003,332180,Levelock,2021-02-01,2021,2,diesel_kwh_generated,77087,36596,7,Strong
A3321800522225003,332180,Levelock,2021-11-01,2021,11,diesel_kwh_generated,100338,36596,11,Extreme
A3321800522225003,332180,Levelock,2021-11-01,2021,11,govt_facil_sold_to,12999,3119,6,Strong
A3321800623225003,332180,Levelock,2022-12-01,2022,12,peak_consumption_kw,28,95,6,Strong
A3321800225225003,332180,Levelock,2024-08-01,2024,8,peak_consumption_kw,200,95,9,Strong
A3321800726225003,332180,Levelock,2026-01-01,2026,1,com_facil_sold_to,6563,3236,5,Strong
A3321800826225003,332180,Levelock,2026-02-01,2026,2,com_facil_sold_to,6561,3236,5,Strong
A3321800926225003,332180,Levelock,2026-03-01,2026,3,com_facil_sold_to,8596,3236,7,Strong
A3321801026225003,332180,Levelock,2026-04-01,2026,4,com_facil_sold_to,8067,3236,7,Strong
A3321900617225003,332190,Lime Village,2016-12-01,2016,12,commercial_sold_to,3724,1189,5,Strong
A3321900518225003,332190,Lime Village,2017-11-01,2017,11,govt_facil_sold_to,330,41,5,Strong
A3321900618225003,332190,Lime Village,2017-12-01,2017,12,govt_facil_sold_to,614,41,11,Extreme
A3321900818225003,332190,Lime Village,2018-02-01,2018,2,fuel_used_gallons,1814,727,7,Strong
A3321900818225003,332190,Lime Village,2018-02-01,2018,2,diesel_kwh_generated,16121,5280,7,Strong
A3321900818225003,332190,Lime Village,2018-02-01,2018,2,powerhouse_consumption_kwh,1193,308,5,Strong
A3321900818225003,332190,Lime Village,2018-02-01,2018,2,commercial_sold_to,3275,1189,5,Strong
A3321900818225003,332190,Lime Village,2018-02-01,2018,2,govt_facil_sold_to,577,41,10,Extreme
A3321900619225003,332190,Lime Village,2018-12-01,2018,12,fuel_used_gallons,1803,727,7,Strong
A3321900619225003,332190,Lime Village,2018-12-01,2018,12,diesel_kwh_generated,15562,5280,7,Strong
A3321900619225003,332190,Lime Village,2018-12-01,2018,12,govt_facil_sold_to,390,41,7,Strong
A3321900819225003,332190,Lime Village,2019-02-01,2019,2,powerhouse_consumption_kwh,1492,308,7,Strong
A3321900919225003,332190,Lime Village,2019-03-01,2019,3,govt_facil_sold_to,1261,41,23,Extreme
A3321900520225003,332190,Lime Village,2019-11-01,2019,11,govt_facil_sold_to,397,41,7,Strong
A3321900720225003,332190,Lime Village,2020-01-01,2020,1,fuel_used_gallons,1472,727,5,Strong
A3321900720225003,332190,Lime Village,2020-01-01,2020,1,diesel_kwh_generated,13979,5280,6,Strong
A3321900720225003,332190,Lime Village,2020-01-01,2020,1,commercial_sold_to,4278,1189,7,Strong
A3321900720225003,332190,Lime Village,2020-01-01,2020,1,govt_facil_sold_to,1621,41,30,Extreme
A3321900721225003,332190,Lime Village,2021-01-01,2021,1,govt_facil_sold_to,969,41,17,Extreme
A3321901023225003,332190,Lime Village,2023-04-01,2023,4,fuel_used_gallons,6438,727,35,Extreme
A3321901023225003,332190,Lime Village,2023-04-01,2023,4,diesel_kwh_generated,59134,5280,37,Extreme
A3321901023225003,332190,Lime Village,2023-04-01,2023,4,residential_sold_to,9042,1762,10,Extreme
A3321901023225003,332190,Lime Village,2023-04-01,2023,4,commercial_sold_to,10468,1189,20,Extreme
A3321901023225003,332190,Lime Village,2023-04-01,2023,4,com_facil_sold_to,11294,1040,17,Extreme
A3321901023225003,332190,Lime Village,2023-04-01,2023,4,govt_facil_sold_to,6923,41,129,Extreme
A3321900224225003,332190,Lime Village,2023-08-01,2023,8,fuel_used_gallons,1768,727,6,Strong
A3321900224225003,332190,Lime Village,2023-08-01,2023,8,diesel_kwh_generated,22829,5280,12,Extreme
A3321900224225003,332190,Lime Village,2023-08-01,2023,8,residential_sold_to,6413,1762,7,Strong
A3321900224225003,332190,Lime Village,2023-08-01,2023,8,commercial_sold_to,5746,1189,10,Extreme
A3321900224225003,332190,Lime Village,2023-08-01,2023,8,com_facil_sold_to,4811,1040,6,Strong
A3321900424225003,332190,Lime Village,2023-10-01,2023,10,com_facil_sold_to,8078,1040,11,Extreme
A3321900424225003,332190,Lime Village,2023-10-01,2023,10,govt_facil_sold_to,702,41,12,Extreme
A3321900524225003,332190,Lime Village,2023-11-01,2023,11,com_facil_sold_to,8078,1040,11,Extreme
A3321900524225003,332190,Lime Village,2023-11-01,2023,11,govt_facil_sold_to,702,41,12,Extreme
A3321900624225003,332190,Lime Village,2023-12-01,2023,12,com_facil_sold_to,8078,1040,11,Extreme
A3321900624225003,332190,Lime Village,2023-12-01,2023,12,govt_facil_sold_to,702,41,12,Extreme
A3321900724225003,332190,Lime Village,2024-01-01,2024,1,com_facil_sold_to,8078,1040,11,Extreme
A3321900724225003,332190,Lime Village,2024-01-01,2024,1,govt_facil_sold_to,702,41,12,Extreme
A3321900824225003,332190,Lime Village,2024-02-01,2024,2,com_facil_sold_to,8078,1040,11,Extreme
A3321900824225003,332190,Lime Village,2024-02-01,2024,2,govt_facil_sold_to,702,41,12,Extreme
A3321900924225003,332190,Lime Village,2024-03-01,2024,3,com_facil_sold_to,8078,1040,11,Extreme
A3321900924225003,332190,Lime Village,2024-03-01,2024,3,govt_facil_sold_to,702,41,12,Extreme
A3321901024225003,332190,Lime Village,2024-04-01,2024,4,fuel_used_gallons,10863,727,63,Extreme
A3321901024225003,332190,Lime Village,2024-04-01,2024,4,diesel_kwh_generated,100015,5280,64,Extreme
A3321901024225003,332190,Lime Village,2024-04-01,2024,4,com_facil_sold_to,8094,1040,11,Extreme
A3321901024225003,332190,Lime Village,2024-04-01,2024,4,govt_facil_sold_to,706,41,12,Extreme
A3321901124225003,332190,Lime Village,2024-05-01,2024,5,residential_sold_to,5182,1762,5,Strong
A3321900325225003,332190,Lime Village,2024-09-01,2024,9,residential_sold_to,9113,1762,10,Extreme
A3321900325225003,332190,Lime Village,2024-09-01,2024,9,commercial_sold_to,5443,1189,9,Extreme
A3321900325225003,332190,Lime Village,2024-09-01,2024,9,com_facil_sold_to,4824,1040,6,Strong
A3321900825225003,332190,Lime Village,2025-02-01,2025,2,powerhouse_consumption_kwh,1098,308,5,Strong
A3321900925225003,332190,Lime Village,2025-03-01,2025,3,powerhouse_consumption_kwh,1161,308,5,Strong
A3321900925225003,332190,Lime Village,2025-03-01,2025,3,commercial_sold_to,8620,1189,16,Extreme
A3321900925225003,332190,Lime Village,2025-03-01,2025,3,govt_facil_sold_to,309,41,5,Strong
A3321901025225003,332190,Lime Village,2025-04-01,2025,4,powerhouse_consumption_kwh,1124,308,5,Strong
A3321900126225003,332190,Lime Village,2025-07-01,2025,7,residential_sold_to,6379,1762,7,Strong
A3321900126225003,332190,Lime Village,2025-07-01,2025,7,commercial_sold_to,3798,1189,6,Strong
A3314300516225003,331430,Lower Kalskag,2015-11-01,2015,11,commercial_sold_to,11740,5194,8,Strong
A3314300616225003,331430,Lower Kalskag,2015-12-01,2015,12,commercial_sold_to,11264,5194,8,Strong
A3314300716225003,331430,Lower Kalskag,2016-01-01,2016,1,commercial_sold_to,11083,5194,7,Strong
A3314300626225003,331430,Lower Kalskag,2025-12-01,2025,12,fuel_used_gallons,20085,0,NA,Strong
A3314300626225003,331430,Lower Kalskag,2025-12-01,2025,12,wind_kwh_generated,22485,0,NA,Strong
A3314301126225003,331430,Lower Kalskag,2026-05-01,2026,5,commercial_sold_to,0,5194,6,Strong
A3322000225225003,332200,Manley Hot Springs,2024-08-01,2024,8,powerhouse_consumption_kwh,9317,2098,5,Strong
A3322000325225003,332200,Manley Hot Springs,2024-09-01,2024,9,powerhouse_consumption_kwh,10283,2098,6,Strong
A3322000425225003,332200,Manley Hot Springs,2024-10-01,2024,10,powerhouse_consumption_kwh,9174,2098,5,Strong
A3322000726225003,332200,Manley Hot Springs,2026-01-01,2026,1,fuel_used_gallons,6513,3684,5,Strong
A3322000726225003,332200,Manley Hot Springs,2026-01-01,2026,1,residential_sold_to,24925,14130,5,Strong
A3322100818225003,332210,Manokotak,2018-02-01,2018,2,unbilled_sold_to,12274,3764,6,Strong
A3322101019225003,332210,Manokotak,2019-04-01,2019,4,unbilled_sold_to,16663,3764,9,Extreme
A3322101119225003,332210,Manokotak,2019-05-01,2019,5,unbilled_sold_to,16663,3764,9,Extreme
A3322100721225003,332210,Manokotak,2021-01-01,2021,1,com_facil_sold_to,15931,5428,8,Strong
A3322100522225003,332210,Manokotak,2021-11-01,2021,11,residential_sold_to,90188,51403,5,Strong
A3322100722225003,332210,Manokotak,2022-01-01,2022,1,govt_facil_sold_to,60963,23349,5,Strong
A3322100823225003,332210,Manokotak,2023-02-01,2023,2,commercial_sold_to,34535,14870,7,Strong
A3322100124225003,332210,Manokotak,2023-07-01,2023,7,commercial_sold_to,34117,14870,6,Strong
A3322100525225003,332210,Manokotak,2024-11-01,2024,11,com_facil_sold_to,12334,5428,5,Strong
A3322100625225003,332210,Manokotak,2024-12-01,2024,12,unbilled_sold_to,10303,3764,5,Strong
A3314400116225003,331440,Marshall,2015-07-01,2015,7,commercial_sold_to,18994,8002,9,Extreme
A3314400216225003,331440,Marshall,2015-08-01,2015,8,commercial_sold_to,19343,8002,10,Extreme
A3314400316225003,331440,Marshall,2015-09-01,2015,9,commercial_sold_to,21643,8002,12,Extreme
A3314400416225003,331440,Marshall,2015-10-01,2015,10,commercial_sold_to,23396,8002,13,Extreme
A3314400516225003,331440,Marshall,2015-11-01,2015,11,commercial_sold_to,22206,8002,12,Extreme
A3314400616225003,331440,Marshall,2015-12-01,2015,12,commercial_sold_to,22199,8002,12,Extreme
A3314400716225003,331440,Marshall,2016-01-01,2016,1,commercial_sold_to,23447,8002,13,Extreme
A3314400217225003,331440,Marshall,2016-08-01,2016,8,residential_customers,161,108,36,Extreme
A3314400417225003,331440,Marshall,2016-10-01,2016,10,powerhouse_consumption_kwh,6555,2686,5,Strong
A3314400618225003,331440,Marshall,2017-12-01,2017,12,fuel_used_gallons,16927,9210,6,Strong
A3314400620225003,331440,Marshall,2019-12-01,2019,12,fuel_used_gallons,24038,9210,11,Extreme
A3314401124225003,331440,Marshall,2024-05-01,2024,5,commercial_sold_to,18251,8002,9,Strong
A3314401224225003,331440,Marshall,2024-06-01,2024,6,commercial_sold_to,17337,8002,8,Strong
A3314400125225003,331440,Marshall,2024-07-01,2024,7,commercial_sold_to,17374,8002,8,Strong
A3314400225225003,331440,Marshall,2024-08-01,2024,8,commercial_sold_to,19945,8002,10,Extreme
A3314400325225003,331440,Marshall,2024-09-01,2024,9,commercial_sold_to,19756,8002,10,Extreme
A3314400425225003,331440,Marshall,2024-10-01,2024,10,commercial_sold_to,17527,8002,8,Strong
A3314401125225003,331440,Marshall,2025-05-01,2025,5,commercial_sold_to,16377,8002,7,Strong
A3314401225225003,331440,Marshall,2025-06-01,2025,6,commercial_sold_to,15785,8002,7,Strong
A3314400526225003,331440,Marshall,2025-11-01,2025,11,commercial_sold_to,21900,8002,12,Extreme
A3314400626225003,331440,Marshall,2025-12-01,2025,12,powerhouse_consumption_kwh,6648,2686,5,Strong
A3314400626225003,331440,Marshall,2025-12-01,2025,12,commercial_sold_to,23267,8002,13,Extreme
A3314400726225003,331440,Marshall,2026-01-01,2026,1,powerhouse_consumption_kwh,6691,2686,5,Strong
A3314400726225003,331440,Marshall,2026-01-01,2026,1,commercial_sold_to,26083,8002,16,Extreme
A3314400826225003,331440,Marshall,2026-02-01,2026,2,commercial_sold_to,25130,8002,15,Extreme
A3314400926225003,331440,Marshall,2026-03-01,2026,3,commercial_sold_to,26594,8002,16,Extreme
A3314401026225003,331440,Marshall,2026-04-01,2026,4,commercial_sold_to,22455,8002,12,Extreme
A3314401126225003,331440,Marshall,2026-05-01,2026,5,commercial_sold_to,0,8002,7,Strong
A3314401126225003,331440,Marshall,2026-05-01,2026,5,govt_facil_sold_to,0,36423,6,Strong
A3322200117225003,332220,McGrath,2016-07-01,2016,7,peak_consumption_kw,734,398,5,Strong
A3322200218225003,332220,McGrath,2017-08-01,2017,8,peak_consumption_kw,704,398,5,Strong
A3322200119225003,332220,McGrath,2018-07-01,2018,7,peak_consumption_kw,1218,398,13,Extreme
A3322201021225003,332220,McGrath,2021-04-01,2021,4,peak_consumption_kw,686,398,5,Strong
A3322200222225003,332220,McGrath,2021-08-01,2021,8,peak_consumption_kw,799,398,6,Strong
A3322200622225003,332220,McGrath,2021-12-01,2021,12,peak_consumption_kw,1000,398,9,Extreme
A3322200123225003,332220,McGrath,2022-07-01,2022,7,peak_consumption_kw,1000,398,9,Extreme
A3322200423225003,332220,McGrath,2022-10-01,2022,10,peak_consumption_kw,768,398,6,Strong
A3322200723225003,332220,McGrath,2023-01-01,2023,1,peak_consumption_kw,1000,398,9,Extreme
A3322201223225003,332220,McGrath,2023-06-01,2023,6,peak_consumption_kw,726,398,5,Strong
A3322200225225003,332220,McGrath,2024-08-01,2024,8,peak_consumption_kw,694,398,5,Strong
A3322200226225003,332220,McGrath,2025-08-01,2025,8,peak_consumption_kw,726,398,5,Strong
A3314500416225003,331450,Mekoryuk,2015-10-01,2015,10,commercial_sold_to,13815,8674,5,Strong
A3314500516225003,331450,Mekoryuk,2015-11-01,2015,11,commercial_sold_to,15075,8674,6,Strong
A3314500616225003,331450,Mekoryuk,2015-12-01,2015,12,commercial_sold_to,16367,8674,7,Strong
A3314500716225003,331450,Mekoryuk,2016-01-01,2016,1,commercial_sold_to,16310,8674,7,Strong
A3314500119225003,331450,Mekoryuk,2018-07-01,2018,7,powerhouse_consumption_kwh,13366,3776,7,Strong
A3314500620225003,331450,Mekoryuk,2019-12-01,2019,12,fuel_used_gallons,11369,5044,5,Strong
A3314500623225003,331450,Mekoryuk,2022-12-01,2022,12,fuel_used_gallons,21316,5044,13,Extreme
A3314500726225003,331450,Mekoryuk,2026-01-01,2026,1,commercial_sold_to,14614,8674,6,Strong
A3314500926225003,331450,Mekoryuk,2026-03-01,2026,3,commercial_sold_to,13812,8674,5,Strong
A3314501126225003,331450,Mekoryuk,2026-05-01,2026,5,commercial_sold_to,0,8674,8,Strong
A3311600522225003,331160,Mentasta Lake,2021-11-01,2021,11,commercial_sold_to,30616,11858,8,Strong
A3311600622225003,331160,Mentasta Lake,2021-12-01,2021,12,commercial_sold_to,36841,11858,10,Extreme
A3311600722225003,331160,Mentasta Lake,2022-01-01,2022,1,commercial_sold_to,27192,11858,6,Strong
A3311600822225003,331160,Mentasta Lake,2022-02-01,2022,2,commercial_sold_to,32739,11858,9,Strong
A3311600922225003,331160,Mentasta Lake,2022-03-01,2022,3,commercial_sold_to,27723,11858,7,Strong
A3311600824225003,331160,Mentasta Lake,2024-02-01,2024,2,com_facil_sold_to,5925,1824,5,Strong
A3311600626225003,331160,Mentasta Lake,2025-12-01,2025,12,com_facil_sold_to,6696,1824,5,Strong
A3311600726225003,331160,Mentasta Lake,2026-01-01,2026,1,residential_sold_to,21789,12370,5,Strong
A3311600726225003,331160,Mentasta Lake,2026-01-01,2026,1,com_facil_sold_to,6873,1824,6,Strong
A3311600826225003,331160,Mentasta Lake,2026-02-01,2026,2,com_facil_sold_to,6490,1824,5,Strong
A3311600926225003,331160,Mentasta Lake,2026-03-01,2026,3,com_facil_sold_to,5997,1824,5,Strong
A3314600724225003,331460,Minto,2024-01-01,2024,1,fuel_used_gallons,10568,4920,5,Strong
A3314600724225003,331460,Minto,2024-01-01,2024,1,govt_facil_sold_to,32869,7862,8,Strong
A3314600824225003,331460,Minto,2024-02-01,2024,2,govt_facil_sold_to,22434,7862,5,Strong
A3314600625225003,331460,Minto,2024-12-01,2024,12,govt_facil_sold_to,78961,7862,22,Extreme
A3314600725225003,331460,Minto,2025-01-01,2025,1,govt_facil_sold_to,22690,7862,5,Strong
A3314600526225003,331460,Minto,2025-11-01,2025,11,powerhouse_consumption_kwh,5329,1080,6,Strong
A3314600526225003,331460,Minto,2025-11-01,2025,11,commercial_sold_to,26128,0,NA,Strong
A3314600526225003,331460,Minto,2025-11-01,2025,11,govt_facil_sold_to,36013,7862,9,Strong
A3314600626225003,331460,Minto,2025-12-01,2025,12,powerhouse_consumption_kwh,5935,1080,7,Strong
A3314600626225003,331460,Minto,2025-12-01,2025,12,commercial_sold_to,17286,0,NA,Strong
A3314600626225003,331460,Minto,2025-12-01,2025,12,govt_facil_sold_to,23518,7862,5,Strong
A3314600726225003,331460,Minto,2026-01-01,2026,1,diesel_kwh_generated,134242,61684,5,Strong
A3314600726225003,331460,Minto,2026-01-01,2026,1,powerhouse_consumption_kwh,6045,1080,7,Strong
A3314600726225003,331460,Minto,2026-01-01,2026,1,commercial_sold_to,14614,0,NA,Strong
A3314600726225003,331460,Minto,2026-01-01,2026,1,govt_facil_sold_to,25339,7862,5,Strong
A3314600826225003,331460,Minto,2026-02-01,2026,2,commercial_sold_to,16553,0,NA,Strong
A3314600826225003,331460,Minto,2026-02-01,2026,2,govt_facil_sold_to,24838,7862,5,Strong
A3314600926225003,331460,Minto,2026-03-01,2026,3,powerhouse_consumption_kwh,4104,1080,5,Strong
A3314600926225003,331460,Minto,2026-03-01,2026,3,commercial_sold_to,18964,0,NA,Strong
A3314600926225003,331460,Minto,2026-03-01,2026,3,govt_facil_sold_to,25185,7862,5,Strong
A3314601026225003,331460,Minto,2026-04-01,2026,4,commercial_sold_to,15622,0,NA,Strong
A3314700516225003,331470,Mountain Village,2015-11-01,2015,11,commercial_sold_to,44493,30058,5,Strong
A3314700616225003,331470,Mountain Village,2015-12-01,2015,12,powerhouse_consumption_kwh,7934,4498,5,Strong
A3314700716225003,331470,Mountain Village,2016-01-01,2016,1,powerhouse_consumption_kwh,8012,4498,5,Strong
A3314700716225003,331470,Mountain Village,2016-01-01,2016,1,commercial_sold_to,45911,30058,6,Strong
A3314700217225003,331470,Mountain Village,2016-08-01,2016,8,residential_customers,71,172,8,Strong
A3314700626225003,331470,Mountain Village,2025-12-01,2025,12,commercial_sold_to,46215,30058,6,Strong
A3314700726225003,331470,Mountain Village,2026-01-01,2026,1,commercial_sold_to,47786,30058,6,Strong
A3314700826225003,331470,Mountain Village,2026-02-01,2026,2,commercial_sold_to,46869,30058,6,Strong
A3314700926225003,331470,Mountain Village,2026-03-01,2026,3,residential_sold_to,126874,72461.5,5,Strong
A3314700926225003,331470,Mountain Village,2026-03-01,2026,3,commercial_sold_to,54778,30058,9,Strong
A3314701126225003,331470,Mountain Village,2026-05-01,2026,5,commercial_sold_to,0,30058,11,Extreme
A3322801016225003,332280,"Naknek, South Naknek, King Salmon",2016-04-01,2016,4,peak_consumption_kw,6645,2189,9,Strong
A3322801216225003,332280,"Naknek, South Naknek, King Salmon",2016-06-01,2016,6,peak_consumption_kw,7200,2189,10,Extreme
A3322801216225003,332280,"Naknek, South Naknek, King Salmon",2016-06-01,2016,6,commercial_sold_to,1558228,459911,5,Strong
A3322800117225003,332280,"Naknek, South Naknek, King Salmon",2016-07-01,2016,7,fuel_used_gallons,432464,88349,17,Extreme
A3322800117225003,332280,"Naknek, South Naknek, King Salmon",2016-07-01,2016,7,diesel_kwh_generated,6588791,1252927,19,Extreme
A3322800117225003,332280,"Naknek, South Naknek, King Salmon",2016-07-01,2016,7,powerhouse_consumption_kwh,108860,43226,6,Strong
A3322800117225003,332280,"Naknek, South Naknek, King Salmon",2016-07-01,2016,7,peak_consumption_kw,13200,2189,21,Extreme
A3322800117225003,332280,"Naknek, South Naknek, King Salmon",2016-07-01,2016,7,commercial_sold_to,5156780,459911,21,Extreme
A3322801017225003,332280,"Naknek, South Naknek, King Salmon",2017-04-01,2017,4,peak_consumption_kw,6050,2189,7,Strong
A3322801117225003,332280,"Naknek, South Naknek, King Salmon",2017-05-01,2017,5,fuel_used_gallons,181332,88349,5,Strong
A3322801117225003,332280,"Naknek, South Naknek, King Salmon",2017-05-01,2017,5,commercial_sold_to,1673035,459911,5,Strong
A3322801217225003,332280,"Naknek, South Naknek, King Salmon",2017-06-01,2017,6,fuel_used_gallons,237010,88349,7,Strong
A3322801217225003,332280,"Naknek, South Naknek, King Salmon",2017-06-01,2017,6,diesel_kwh_generated,2885697,1252927,6,Strong
A3322801217225003,332280,"Naknek, South Naknek, King Salmon",2017-06-01,2017,6,peak_consumption_kw,10200,2189,15,Extreme
A3322801217225003,332280,"Naknek, South Naknek, King Salmon",2017-06-01,2017,6,commercial_sold_to,2094632,459911,7,Strong
A3322800118225003,332280,"Naknek, South Naknek, King Salmon",2017-07-01,2017,7,fuel_used_gallons,435405,88349,17,Extreme
A3322800118225003,332280,"Naknek, South Naknek, King Salmon",2017-07-01,2017,7,diesel_kwh_generated,6238533,1252927,18,Extreme
A3322800118225003,332280,"Naknek, South Naknek, King Salmon",2017-07-01,2017,7,powerhouse_consumption_kwh,97764,43226,5,Strong
A3322800118225003,332280,"Naknek, South Naknek, King Salmon",2017-07-01,2017,7,peak_consumption_kw,13400,2189,21,Extreme
A3322800118225003,332280,"Naknek, South Naknek, King Salmon",2017-07-01,2017,7,commercial_sold_to,5380356,459911,22,Extreme
A3322801018225003,332280,"Naknek, South Naknek, King Salmon",2018-04-01,2018,4,peak_consumption_kw,7300,2189,10,Extreme
A3322801118225003,332280,"Naknek, South Naknek, King Salmon",2018-05-01,2018,5,diesel_kwh_generated,2668584,1252927,5,Strong
A3322801118225003,332280,"Naknek, South Naknek, King Salmon",2018-05-01,2018,5,peak_consumption_kw,7255,2189,10,Extreme
A3322801118225003,332280,"Naknek, South Naknek, King Salmon",2018-05-01,2018,5,commercial_sold_to,1910958,459911,6,Strong
A3322801218225003,332280,"Naknek, South Naknek, King Salmon",2018-06-01,2018,6,fuel_used_gallons,206365,88349,6,Strong
A3322801218225003,332280,"Naknek, South Naknek, King Salmon",2018-06-01,2018,6,diesel_kwh_generated,2912771,1252927,6,Strong
A3322801218225003,332280,"Naknek, South Naknek, King Salmon",2018-06-01,2018,6,peak_consumption_kw,10800,2189,16,Extreme
A3322801218225003,332280,"Naknek, South Naknek, King Salmon",2018-06-01,2018,6,commercial_sold_to,2045269,459911,7,Strong
A3322800119225003,332280,"Naknek, South Naknek, King Salmon",2018-07-01,2018,7,fuel_used_gallons,492928,88349,20,Extreme
A3322800119225003,332280,"Naknek, South Naknek, King Salmon",2018-07-01,2018,7,diesel_kwh_generated,7262232,1252927,22,Extreme
A3322800119225003,332280,"Naknek, South Naknek, King Salmon",2018-07-01,2018,7,peak_consumption_kw,13335,2189,21,Extreme
A3322800119225003,332280,"Naknek, South Naknek, King Salmon",2018-07-01,2018,7,commercial_sold_to,6490660,459911,27,Extreme
A3322800219225003,332280,"Naknek, South Naknek, King Salmon",2018-08-01,2018,8,peak_consumption_kw,5040,2189,5,Strong
A3322801019225003,332280,"Naknek, South Naknek, King Salmon",2019-04-01,2019,4,diesel_kwh_generated,2727741,1252927,5,Strong
A3322801019225003,332280,"Naknek, South Naknek, King Salmon",2019-04-01,2019,4,peak_consumption_kw,7161,2189,10,Extreme
A3322801019225003,332280,"Naknek, South Naknek, King Salmon",2019-04-01,2019,4,commercial_sold_to,2012193,459911,7,Strong
A3322801219225003,332280,"Naknek, South Naknek, King Salmon",2019-06-01,2019,6,fuel_used_gallons,257699,88349,8,Strong
A3322801219225003,332280,"Naknek, South Naknek, King Salmon",2019-06-01,2019,6,diesel_kwh_generated,3819828,1252927,9,Extreme
A3322801219225003,332280,"Naknek, South Naknek, King Salmon",2019-06-01,2019,6,commercial_sold_to,2902947,459911,11,Extreme
A3322800120225003,332280,"Naknek, South Naknek, King Salmon",2019-07-01,2019,7,fuel_used_gallons,459564,88349,18,Extreme
A3322800120225003,332280,"Naknek, South Naknek, King Salmon",2019-07-01,2019,7,diesel_kwh_generated,6864486,1252927,20,Extreme
A3322800120225003,332280,"Naknek, South Naknek, King Salmon",2019-07-01,2019,7,peak_consumption_kw,14700,2189,24,Extreme
A3322800120225003,332280,"Naknek, South Naknek, King Salmon",2019-07-01,2019,7,commercial_sold_to,5833245,459911,24,Extreme
A3322801220225003,332280,"Naknek, South Naknek, King Salmon",2020-06-01,2020,6,commercial_sold_to,1538080,459911,5,Strong
A3322800121225003,332280,"Naknek, South Naknek, King Salmon",2020-07-01,2020,7,fuel_used_gallons,441369,88349,17,Extreme
A3322800121225003,332280,"Naknek, South Naknek, King Salmon",2020-07-01,2020,7,diesel_kwh_generated,6636216,1252927,19,Extreme
A3322800121225003,332280,"Naknek, South Naknek, King Salmon",2020-07-01,2020,7,peak_consumption_kw,13316,2189,21,Extreme
A3322800121225003,332280,"Naknek, South Naknek, King Salmon",2020-07-01,2020,7,commercial_sold_to,5758701,459911,23,Extreme
A3322800221225003,332280,"Naknek, South Naknek, King Salmon",2020-08-01,2020,8,peak_consumption_kw,4683,2189,5,Strong
A3322801121225003,332280,"Naknek, South Naknek, King Salmon",2021-05-01,2021,5,fuel_used_gallons,198364,88349,5,Strong
A3322801121225003,332280,"Naknek, South Naknek, King Salmon",2021-05-01,2021,5,diesel_kwh_generated,3042663,1252927,6,Strong
A3322801121225003,332280,"Naknek, South Naknek, King Salmon",2021-05-01,2021,5,peak_consumption_kw,7230,2189,10,Extreme
A3322801121225003,332280,"Naknek, South Naknek, King Salmon",2021-05-01,2021,5,commercial_sold_to,2083113,459911,7,Strong
A3322801221225003,332280,"Naknek, South Naknek, King Salmon",2021-06-01,2021,6,fuel_used_gallons,187598,88349,5,Strong
A3322801221225003,332280,"Naknek, South Naknek, King Salmon",2021-06-01,2021,6,diesel_kwh_generated,2938526,1252927,6,Strong
A3322801221225003,332280,"Naknek, South Naknek, King Salmon",2021-06-01,2021,6,peak_consumption_kw,8590,2189,12,Extreme
A3322801221225003,332280,"Naknek, South Naknek, King Salmon",2021-06-01,2021,6,commercial_sold_to,2137414,459911,7,Strong
A3322800122225003,332280,"Naknek, South Naknek, King Salmon",2021-07-01,2021,7,fuel_used_gallons,428071,88349,17,Extreme
A3322800122225003,332280,"Naknek, South Naknek, King Salmon",2021-07-01,2021,7,diesel_kwh_generated,6887477,1252927,20,Extreme
A3322800122225003,332280,"Naknek, South Naknek, King Salmon",2021-07-01,2021,7,peak_consumption_kw,13969,2189,23,Extreme
A3322800122225003,332280,"Naknek, South Naknek, King Salmon",2021-07-01,2021,7,commercial_sold_to,5332894,459911,21,Extreme
A3322801022225003,332280,"Naknek, South Naknek, King Salmon",2022-04-01,2022,4,peak_consumption_kw,5635,2189,7,Strong
A3322801122225003,332280,"Naknek, South Naknek, King Salmon",2022-05-01,2022,5,fuel_used_gallons,187008,88349,5,Strong
A3322801122225003,332280,"Naknek, South Naknek, King Salmon",2022-05-01,2022,5,diesel_kwh_generated,2694528,1252927,5,Strong
A3322801122225003,332280,"Naknek, South Naknek, King Salmon",2022-05-01,2022,5,peak_consumption_kw,7866,2189,11,Extreme
A3322801122225003,332280,"Naknek, South Naknek, King Salmon",2022-05-01,2022,5,commercial_sold_to,2010209,459911,7,Strong
A3322801222225003,332280,"Naknek, South Naknek, King Salmon",2022-06-01,2022,6,fuel_used_gallons,231084,88349,7,Strong
A3322801222225003,332280,"Naknek, South Naknek, King Salmon",2022-06-01,2022,6,diesel_kwh_generated,3621456,1252927,8,Strong
A3322801222225003,332280,"Naknek, South Naknek, King Salmon",2022-06-01,2022,6,peak_consumption_kw,12600,2189,20,Extreme
A3322801222225003,332280,"Naknek, South Naknek, King Salmon",2022-06-01,2022,6,commercial_sold_to,2473571,459911,9,Strong
A3322800123225003,332280,"Naknek, South Naknek, King Salmon",2022-07-01,2022,7,fuel_used_gallons,417269,88349,16,Extreme
A3322800123225003,332280,"Naknek, South Naknek, King Salmon",2022-07-01,2022,7,diesel_kwh_generated,6230067,1252927,18,Extreme
A3322800123225003,332280,"Naknek, South Naknek, King Salmon",2022-07-01,2022,7,peak_consumption_kw,12300,2189,19,Extreme
A3322800123225003,332280,"Naknek, South Naknek, King Salmon",2022-07-01,2022,7,commercial_sold_to,5459371,459911,22,Extreme
A3322801223225003,332280,"Naknek, South Naknek, King Salmon",2023-06-01,2023,6,fuel_used_gallons,227885,88349,7,Strong
A3322801223225003,332280,"Naknek, South Naknek, King Salmon",2023-06-01,2023,6,diesel_kwh_generated,2951793,1252927,6,Strong
A3322801223225003,332280,"Naknek, South Naknek, King Salmon",2023-06-01,2023,6,peak_consumption_kw,11926,2189,19,Extreme
A3322801223225003,332280,"Naknek, South Naknek, King Salmon",2023-06-01,2023,6,commercial_sold_to,2222391,459911,8,Strong
A3322800124225003,332280,"Naknek, South Naknek, King Salmon",2023-07-01,2023,7,fuel_used_gallons,485362,88349,20,Extreme
A3322800124225003,332280,"Naknek, South Naknek, King Salmon",2023-07-01,2023,7,diesel_kwh_generated,7159281,1252927,21,Extreme
A3322800124225003,332280,"Naknek, South Naknek, King Salmon",2023-07-01,2023,7,peak_consumption_kw,15568,2189,26,Extreme
A3322800124225003,332280,"Naknek, South Naknek, King Salmon",2023-07-01,2023,7,commercial_sold_to,6403933,459911,26,Extreme
A3322800524225003,332280,"Naknek, South Naknek, King Salmon",2023-11-01,2023,11,unbilled_sold_to,25423,0,NA,Strong
A3322800624225003,332280,"Naknek, South Naknek, King Salmon",2023-12-01,2023,12,unbilled_sold_to,32643,0,NA,Strong
A3322800824225003,332280,"Naknek, South Naknek, King Salmon",2024-02-01,2024,2,unbilled_sold_to,13460,0,NA,Strong
A3322800924225003,332280,"Naknek, South Naknek, King Salmon",2024-03-01,2024,3,unbilled_sold_to,13799,0,NA,Strong
A3322801124225003,332280,"Naknek, South Naknek, King Salmon",2024-05-01,2024,5,peak_consumption_kw,4990,2189,5,Strong
A3322801224225003,332280,"Naknek, South Naknek, King Salmon",2024-06-01,2024,6,fuel_used_gallons,188878,88349,5,Strong
A3322801224225003,332280,"Naknek, South Naknek, King Salmon",2024-06-01,2024,6,diesel_kwh_generated,2893997,1252927,6,Strong
A3322801224225003,332280,"Naknek, South Naknek, King Salmon",2024-06-01,2024,6,peak_consumption_kw,10800,2189,16,Extreme
A3322801224225003,332280,"Naknek, South Naknek, King Salmon",2024-06-01,2024,6,commercial_sold_to,2030681,459911,7,Strong
A3322800125225003,332280,"Naknek, South Naknek, King Salmon",2024-07-01,2024,7,fuel_used_gallons,419418,88349,16,Extreme
A3322800125225003,332280,"Naknek, South Naknek, King Salmon",2024-07-01,2024,7,diesel_kwh_generated,6264146,1252927,18,Extreme
A3322800125225003,332280,"Naknek, South Naknek, King Salmon",2024-07-01,2024,7,peak_consumption_kw,14200,2189,23,Extreme
A3322800125225003,332280,"Naknek, South Naknek, King Salmon",2024-07-01,2024,7,commercial_sold_to,5283943,459911,21,Extreme
A3322800725225003,332280,"Naknek, South Naknek, King Salmon",2025-01-01,2025,1,unbilled_sold_to,67046,0,NA,Strong
A3322801225225003,332280,"Naknek, South Naknek, King Salmon",2025-06-01,2025,6,fuel_used_gallons,248517,88349,8,Strong
A3322801225225003,332280,"Naknek, South Naknek, King Salmon",2025-06-01,2025,6,diesel_kwh_generated,3570295,1252927,8,Strong
A3322801225225003,332280,"Naknek, South Naknek, King Salmon",2025-06-01,2025,6,peak_consumption_kw,14400,2189,23,Extreme
A3322801225225003,332280,"Naknek, South Naknek, King Salmon",2025-06-01,2025,6,commercial_sold_to,2630055,459911,10,Extreme
A3322800126225003,332280,"Naknek, South Naknek, King Salmon",2025-07-01,2025,7,fuel_used_gallons,405896,88349,16,Extreme
A3322800126225003,332280,"Naknek, South Naknek, King Salmon",2025-07-01,2025,7,diesel_kwh_generated,6207739,1252927,18,Extreme
A3322800126225003,332280,"Naknek, South Naknek, King Salmon",2025-07-01,2025,7,peak_consumption_kw,15207,2189,25,Extreme
A3322800126225003,332280,"Naknek, South Naknek, King Salmon",2025-07-01,2025,7,commercial_sold_to,5203692,459911,21,Extreme
A3322800926225003,332280,"Naknek, South Naknek, King Salmon",2026-03-01,2026,3,unbilled_sold_to,10430,0,NA,Strong
A3322801226225003,332280,"Naknek, South Naknek, King Salmon",2026-06-01,2026,6,fuel_used_gallons,224788,88349,7,Strong
A3322801226225003,332280,"Naknek, South Naknek, King Salmon",2026-06-01,2026,6,diesel_kwh_generated,3112267,1252927,7,Strong
A3322801226225003,332280,"Naknek, South Naknek, King Salmon",2026-06-01,2026,6,peak_consumption_kw,13100,2189,21,Extreme
A3322801226225003,332280,"Naknek, South Naknek, King Salmon",2026-06-01,2026,6,commercial_sold_to,2373551,459911,8,Strong
A3322900616225003,332290,Napakiak,2015-12-01,2015,12,unbilled_sold_to,0,5108,5,Strong
A3322900716225003,332290,Napakiak,2016-01-01,2016,1,unbilled_sold_to,0,5108,5,Strong
A3322900816225003,332290,Napakiak,2016-02-01,2016,2,unbilled_sold_to,0,5108,5,Strong
A3322900916225003,332290,Napakiak,2016-03-01,2016,3,unbilled_sold_to,0,5108,5,Strong
A3322901016225003,332290,Napakiak,2016-04-01,2016,4,unbilled_sold_to,0,5108,5,Strong
A3322901116225003,332290,Napakiak,2016-05-01,2016,5,unbilled_sold_to,0,5108,5,Strong
A3322901216225003,332290,Napakiak,2016-06-01,2016,6,unbilled_sold_to,0,5108,5,Strong
A3322900117225003,332290,Napakiak,2016-07-01,2016,7,unbilled_sold_to,0,5108,5,Strong
A3322900217225003,332290,Napakiak,2016-08-01,2016,8,unbilled_sold_to,0,5108,5,Strong
A3322900317225003,332290,Napakiak,2016-09-01,2016,9,unbilled_sold_to,0,5108,5,Strong
A3322900417225003,332290,Napakiak,2016-10-01,2016,10,unbilled_sold_to,0,5108,5,Strong
A3322900517225003,332290,Napakiak,2016-11-01,2016,11,unbilled_sold_to,0,5108,5,Strong
A3322900617225003,332290,Napakiak,2016-12-01,2016,12,unbilled_sold_to,0,5108,5,Strong
A3322900717225003,332290,Napakiak,2017-01-01,2017,1,unbilled_sold_to,0,5108,5,Strong
A3322900817225003,332290,Napakiak,2017-02-01,2017,2,unbilled_sold_to,0,5108,5,Strong
A3322900917225003,332290,Napakiak,2017-03-01,2017,3,unbilled_sold_to,0,5108,5,Strong
A3322901017225003,332290,Napakiak,2017-04-01,2017,4,unbilled_sold_to,0,5108,5,Strong
A3322901117225003,332290,Napakiak,2017-05-01,2017,5,unbilled_sold_to,0,5108,5,Strong
A3322901217225003,332290,Napakiak,2017-06-01,2017,6,unbilled_sold_to,0,5108,5,Strong
A3322900118225003,332290,Napakiak,2017-07-01,2017,7,unbilled_sold_to,0,5108,5,Strong
A3322900218225003,332290,Napakiak,2017-08-01,2017,8,unbilled_sold_to,0,5108,5,Strong
A3322900318225003,332290,Napakiak,2017-09-01,2017,9,unbilled_sold_to,0,5108,5,Strong
A3322900418225003,332290,Napakiak,2017-10-01,2017,10,unbilled_sold_to,0,5108,5,Strong
A3322900518225003,332290,Napakiak,2017-11-01,2017,11,unbilled_sold_to,0,5108,5,Strong
A3322900918225003,332290,Napakiak,2018-03-01,2018,3,unbilled_sold_to,10553,5108,6,Strong
A3323001016225003,332300,Napaskiak,2016-04-01,2016,4,commercial_sold_to,47889,15222,5,Strong
A3323001016225003,332300,Napaskiak,2016-04-01,2016,4,residential_customers,0,109,37,Extreme
A3323000117225003,332300,Napaskiak,2016-07-01,2016,7,commercial_sold_to,43650,15222,5,Strong
A3323000117225003,332300,Napaskiak,2016-07-01,2016,7,com_facil_sold_to,25915,3273,19,Extreme
A3323000217225003,332300,Napaskiak,2016-08-01,2016,8,com_facil_sold_to,25865,3273,19,Extreme
A3323000317225003,332300,Napaskiak,2016-09-01,2016,9,com_facil_sold_to,10301,3273,6,Strong
A3323000817225003,332300,Napaskiak,2017-02-01,2017,2,commercial_sold_to,72453,15222,9,Extreme
A3323000817225003,332300,Napaskiak,2017-02-01,2017,2,unbilled_sold_to,12680,3649,5,Strong
A3323001017225003,332300,Napaskiak,2017-04-01,2017,4,unbilled_sold_to,21919,3649,9,Extreme
A3323000118225003,332300,Napaskiak,2017-07-01,2017,7,com_facil_sold_to,9044,3273,5,Strong
A3323000424225003,332300,Napaskiak,2023-10-01,2023,10,powerhouse_consumption_kwh,34108,2909.5,19,Extreme
A3323000524225003,332300,Napaskiak,2023-11-01,2023,11,powerhouse_consumption_kwh,38097,2909.5,21,Extreme
A3323000624225003,332300,Napaskiak,2023-12-01,2023,12,powerhouse_consumption_kwh,13010,2909.5,6,Strong
A3323000724225003,332300,Napaskiak,2024-01-01,2024,1,powerhouse_consumption_kwh,43082,2909.5,24,Extreme
A3323000724225003,332300,Napaskiak,2024-01-01,2024,1,residential_sold_to,92204,34119,11,Extreme
A3323000125225003,332300,Napaskiak,2024-07-01,2024,7,unbilled_sold_to,35325,3649,16,Extreme
A3323000325225003,332300,Napaskiak,2024-09-01,2024,9,powerhouse_consumption_kwh,62691,2909.5,36,Extreme
A3323000925225003,332300,Napaskiak,2025-03-01,2025,3,unbilled_sold_to,33686,3649,15,Extreme
A3323000526225003,332300,Napaskiak,2025-11-01,2025,11,commercial_sold_to,50456,15222,6,Strong
A3323000726225003,332300,Napaskiak,2026-01-01,2026,1,commercial_sold_to,54210,15222,6,Strong
A3323000826225003,332300,Napaskiak,2026-02-01,2026,2,commercial_sold_to,48721,15222,5,Strong
A3323000926225003,332300,Napaskiak,2026-03-01,2026,3,commercial_sold_to,47799,15222,5,Strong
A3323001026225003,332300,Napaskiak,2026-04-01,2026,4,commercial_sold_to,45362,15222,5,Strong
A3323001226225003,332300,Napaskiak,2026-06-01,2026,6,peak_consumption_kw,492,199.5,9,Strong
A3311700726225003,331170,Naukati Bay,2026-01-01,2026,1,residential_sold_to,61259,36023,6,Strong
A3323200616225003,332320,Nelson Lagoon,2015-12-01,2015,12,peak_consumption_kw,720,7202,9,Extreme
A3323200716225003,332320,Nelson Lagoon,2016-01-01,2016,1,peak_consumption_kw,720,7202,9,Extreme
A3323200816225003,332320,Nelson Lagoon,2016-02-01,2016,2,powerhouse_consumption_kwh,5229,1203,8,Strong
A3323200816225003,332320,Nelson Lagoon,2016-02-01,2016,2,peak_consumption_kw,720,7202,9,Extreme
A3323200916225003,332320,Nelson Lagoon,2016-03-01,2016,3,peak_consumption_kw,720,7202,9,Extreme
A3323201016225003,332320,Nelson Lagoon,2016-04-01,2016,4,peak_consumption_kw,720,7202,9,Extreme
A3323201116225003,332320,Nelson Lagoon,2016-05-01,2016,5,peak_consumption_kw,720,7202,9,Extreme
A3323201216225003,332320,Nelson Lagoon,2016-06-01,2016,6,peak_consumption_kw,720,7202,9,Extreme
A3323200117225003,332320,Nelson Lagoon,2016-07-01,2016,7,peak_consumption_kw,720,7202,9,Extreme
A3323200217225003,332320,Nelson Lagoon,2016-08-01,2016,8,peak_consumption_kw,720,7202,9,Extreme
A3323200317225003,332320,Nelson Lagoon,2016-09-01,2016,9,peak_consumption_kw,720,7202,9,Extreme
A3323200417225003,332320,Nelson Lagoon,2016-10-01,2016,10,peak_consumption_kw,720,7202,9,Extreme
A3323200517225003,332320,Nelson Lagoon,2016-11-01,2016,11,peak_consumption_kw,720,7202,9,Extreme
A3323200617225003,332320,Nelson Lagoon,2016-12-01,2016,12,peak_consumption_kw,720,7202,9,Extreme
A3323200717225003,332320,Nelson Lagoon,2017-01-01,2017,1,peak_consumption_kw,720,7202,9,Extreme
A3323200817225003,332320,Nelson Lagoon,2017-02-01,2017,2,peak_consumption_kw,720,7202,9,Extreme
A3323200917225003,332320,Nelson Lagoon,2017-03-01,2017,3,peak_consumption_kw,720,7202,9,Extreme
A3323201017225003,332320,Nelson Lagoon,2017-04-01,2017,4,peak_consumption_kw,720,7202,9,Extreme
A3323201117225003,332320,Nelson Lagoon,2017-05-01,2017,5,peak_consumption_kw,720,7202,9,Extreme
A3323201217225003,332320,Nelson Lagoon,2017-06-01,2017,6,peak_consumption_kw,720,7202,9,Extreme
A3323200618225003,332320,Nelson Lagoon,2017-12-01,2017,12,fuel_used_gallons,4253,2283,6,Strong
A3323200920225003,332320,Nelson Lagoon,2020-03-01,2020,3,fuel_used_gallons,6690,2283,14,Extreme
A3323201020225003,332320,Nelson Lagoon,2020-04-01,2020,4,fuel_used_gallons,8677,2283,20,Extreme
A3323201022225003,332320,Nelson Lagoon,2022-04-01,2022,4,fuel_used_gallons,6092,2283,12,Extreme
A3323200723225003,332320,Nelson Lagoon,2023-01-01,2023,1,com_facil_sold_to,8649,2366.5,10,Extreme
A3323201024225003,332320,Nelson Lagoon,2024-04-01,2024,4,fuel_used_gallons,8261,2283,18,Extreme
A3323201224225003,332320,Nelson Lagoon,2024-06-01,2024,6,commercial_sold_to,16305,7123,6,Strong
A3323200125225003,332320,Nelson Lagoon,2024-07-01,2024,7,commercial_sold_to,16132,7123,6,Strong
A3323201225225003,332320,Nelson Lagoon,2025-06-01,2025,6,commercial_sold_to,22278,7123,11,Extreme
A3323200126225003,332320,Nelson Lagoon,2025-07-01,2025,7,commercial_sold_to,14285,7123,5,Strong
A3323200226225003,332320,Nelson Lagoon,2025-08-01,2025,8,fuel_used_gallons,4860,2283,8,Strong
A3323200326225003,332320,Nelson Lagoon,2025-09-01,2025,9,fuel_used_gallons,5628,2283,10,Extreme
A3323200326225003,332320,Nelson Lagoon,2025-09-01,2025,9,peak_consumption_kw,70,7202,10,Extreme
A3323200426225003,332320,Nelson Lagoon,2025-10-01,2025,10,fuel_used_gallons,5425,2283,10,Extreme
A3323200426225003,332320,Nelson Lagoon,2025-10-01,2025,10,peak_consumption_kw,65,7202,10,Extreme
A3323200526225003,332320,Nelson Lagoon,2025-11-01,2025,11,peak_consumption_kw,63,7202,10,Extreme
A3323200626225003,332320,Nelson Lagoon,2025-12-01,2025,12,peak_consumption_kw,67,7202,10,Extreme
A3323200726225003,332320,Nelson Lagoon,2026-01-01,2026,1,peak_consumption_kw,72,7202,10,Extreme
A3323200826225003,332320,Nelson Lagoon,2026-02-01,2026,2,total_kwh_purchased,25279,0,NA,Strong
A3323200826225003,332320,Nelson Lagoon,2026-02-01,2026,2,peak_consumption_kw,57,7202,10,Extreme
A3323200926225003,332320,Nelson Lagoon,2026-03-01,2026,3,peak_consumption_kw,40,7202,10,Extreme
A3323201026225003,332320,Nelson Lagoon,2026-04-01,2026,4,fuel_used_gallons,9551,2283,22,Extreme
A3323201026225003,332320,Nelson Lagoon,2026-04-01,2026,4,peak_consumption_kw,42,7202,10,Extreme
A3323201126225003,332320,Nelson Lagoon,2026-05-01,2026,5,peak_consumption_kw,61,7202,10,Extreme
A3323201226225003,332320,Nelson Lagoon,2026-06-01,2026,6,peak_consumption_kw,96,7202,10,Extreme
A3323201226225003,332320,Nelson Lagoon,2026-06-01,2026,6,commercial_sold_to,19778,7123,9,Strong
A3323200127225003,332320,Nelson Lagoon,2026-07-01,2026,7,fuel_used_gallons,3797,2283,5,Strong
A3323200127225003,332320,Nelson Lagoon,2026-07-01,2026,7,peak_consumption_kw,100,7202,10,Extreme
A3323200127225003,332320,Nelson Lagoon,2026-07-01,2026,7,commercial_sold_to,24504,7123,12,Extreme
A3314800116225003,331480,New Stuyahok,2015-07-01,2015,7,commercial_sold_to,19107,7489,8,Strong
A3314800216225003,331480,New Stuyahok,2015-08-01,2015,8,commercial_sold_to,18882,7489,8,Strong
A3314800316225003,331480,New Stuyahok,2015-09-01,2015,9,commercial_sold_to,21639,7489,10,Extreme
A3314800416225003,331480,New Stuyahok,2015-10-01,2015,10,commercial_sold_to,20657,7489,10,Extreme
A3314800516225003,331480,New Stuyahok,2015-11-01,2015,11,commercial_sold_to,20037,7489,9,Extreme
A3314800616225003,331480,New Stuyahok,2015-12-01,2015,12,commercial_sold_to,19954,7489,9,Extreme
A3314800716225003,331480,New Stuyahok,2016-01-01,2016,1,commercial_sold_to,21334,7489,10,Extreme
A3314800924225003,331480,New Stuyahok,2024-03-01,2024,3,powerhouse_consumption_kwh,14957,3336,13,Extreme
A3314800225225003,331480,New Stuyahok,2024-08-01,2024,8,powerhouse_consumption_kwh,7738,3336,5,Strong
A3314800325225003,331480,New Stuyahok,2024-09-01,2024,9,powerhouse_consumption_kwh,7730,3336,5,Strong
A3314800425225003,331480,New Stuyahok,2024-10-01,2024,10,powerhouse_consumption_kwh,7534,3336,5,Strong
A3314800626225003,331480,New Stuyahok,2025-12-01,2025,12,commercial_sold_to,47865,7489,29,Extreme
A3314800726225003,331480,New Stuyahok,2026-01-01,2026,1,commercial_sold_to,26393,7489,14,Extreme
A3314800826225003,331480,New Stuyahok,2026-02-01,2026,2,commercial_sold_to,24144,7489,12,Extreme
A3314800926225003,331480,New Stuyahok,2026-03-01,2026,3,commercial_sold_to,26907,7489,14,Extreme
A3314801026225003,331480,New Stuyahok,2026-04-01,2026,4,commercial_sold_to,23202,7489,11,Extreme
A3314801126225003,331480,New Stuyahok,2026-05-01,2026,5,commercial_sold_to,0,7489,5,Strong
A3314801126225003,331480,New Stuyahok,2026-05-01,2026,5,com_facil_sold_to,0,20928,5,Strong
A3314801126225003,331480,New Stuyahok,2026-05-01,2026,5,govt_facil_sold_to,0,38161,5,Strong
A3328700716225003,332870,Newtok,2016-01-01,2016,1,govt_facil_sold_to,1132,163,5,Strong
A3328700916225003,332870,Newtok,2016-03-01,2016,3,unbilled_sold_to,1505,176,6,Strong
A3328700817225003,332870,Newtok,2017-02-01,2017,2,govt_facil_sold_to,1193,163,5,Strong
A3328700519225003,332870,Newtok,2018-11-01,2018,11,govt_facil_sold_to,1171,163,5,Strong
A3328700619225003,332870,Newtok,2018-12-01,2018,12,govt_facil_sold_to,1191,163,5,Strong
A3328700222225003,332870,Newtok,2021-08-01,2021,8,commercial_sold_to,38198,9400,10,Extreme
A3328700322225003,332870,Newtok,2021-09-01,2021,9,fuel_used_gallons,7096,3349,5,Strong
A3328700522225003,332870,Newtok,2021-11-01,2021,11,commercial_sold_to,30152,9400,7,Strong
A3328700622225003,332870,Newtok,2021-12-01,2021,12,fuel_used_gallons,9552,3349,8,Strong
A3328700722225003,332870,Newtok,2022-01-01,2022,1,fuel_used_gallons,9037,3349,7,Strong
A3328701022225003,332870,Newtok,2022-04-01,2022,4,commercial_sold_to,22783,9400,5,Strong
A3328701222225003,332870,Newtok,2022-06-01,2022,6,fuel_used_gallons,12958,3349,12,Extreme
A3328701222225003,332870,Newtok,2022-06-01,2022,6,powerhouse_consumption_kwh,3964,622,5,Strong
A3328700223225003,332870,Newtok,2022-08-01,2022,8,commercial_sold_to,23759,9400,5,Strong
A3328700323225003,332870,Newtok,2022-09-01,2022,9,commercial_sold_to,28047,9400,7,Strong
A3328700823225003,332870,Newtok,2023-02-01,2023,2,com_facil_sold_to,6908,1892,5,Strong
A3328701123225003,332870,Newtok,2023-05-01,2023,5,commercial_sold_to,23904,9400,5,Strong
A3328700324225003,332870,Newtok,2023-09-01,2023,9,fuel_used_gallons,7156,3349,5,Strong
A3328700524225003,332870,Newtok,2023-11-01,2023,11,fuel_used_gallons,7800,3349,5,Strong
A3328700624225003,332870,Newtok,2023-12-01,2023,12,fuel_used_gallons,7074,3349,5,Strong
A3328700624225003,332870,Newtok,2023-12-01,2023,12,commercial_sold_to,24221,9400,5,Strong
A3328700724225003,332870,Newtok,2024-01-01,2024,1,fuel_used_gallons,7074,3349,5,Strong
A3328700824225003,332870,Newtok,2024-02-01,2024,2,fuel_used_gallons,11736,3349,10,Extreme
A3328700824225003,332870,Newtok,2024-02-01,2024,2,powerhouse_consumption_kwh,4570,622,6,Strong
A3328700924225003,332870,Newtok,2024-03-01,2024,3,fuel_used_gallons,7372,3349,5,Strong
A3328700924225003,332870,Newtok,2024-03-01,2024,3,diesel_kwh_generated,96205,39592,6,Strong
A3328700924225003,332870,Newtok,2024-03-01,2024,3,com_facil_sold_to,7429,1892,5,Strong
A3328701024225003,332870,Newtok,2024-04-01,2024,4,fuel_used_gallons,7372,3349,5,Strong
A3328701024225003,332870,Newtok,2024-04-01,2024,4,diesel_kwh_generated,96205,39592,6,Strong
A3328701124225003,332870,Newtok,2024-05-01,2024,5,fuel_used_gallons,11907,3349,11,Extreme
A3328701124225003,332870,Newtok,2024-05-01,2024,5,diesel_kwh_generated,110339,39592,7,Strong
A3328701124225003,332870,Newtok,2024-05-01,2024,5,govt_facil_sold_to,1435,163,6,Strong
A3328701224225003,332870,Newtok,2024-06-01,2024,6,govt_facil_sold_to,1502,163,6,Strong
A3328700125225003,332870,Newtok,2024-07-01,2024,7,commercial_sold_to,24896,9400,6,Strong
A3328700125225003,332870,Newtok,2024-07-01,2024,7,govt_facil_sold_to,1879,163,8,Strong
A3328700225225003,332870,Newtok,2024-08-01,2024,8,fuel_used_gallons,10205,3349,8,Strong
A3328700425225003,332870,Newtok,2024-10-01,2024,10,fuel_used_gallons,11062,3349,9,Extreme
A3328700425225003,332870,Newtok,2024-10-01,2024,10,diesel_kwh_generated,98768,39592,6,Strong
A3328700525225003,332870,Newtok,2024-11-01,2024,11,govt_facil_sold_to,2092,163,9,Extreme
A3328700625225003,332870,Newtok,2024-12-01,2024,12,govt_facil_sold_to,1324,163,5,Strong
A3328700725225003,332870,Newtok,2025-01-01,2025,1,govt_facil_sold_to,1326,163,5,Strong
A3328700825225003,332870,Newtok,2025-02-01,2025,2,powerhouse_consumption_kwh,6287,622,8,Strong
A3328700925225003,332870,Newtok,2025-03-01,2025,3,powerhouse_consumption_kwh,6287,622,8,Strong
A3328701025225003,332870,Newtok,2025-04-01,2025,4,fuel_used_gallons,13414,3349,12,Extreme
A3328701025225003,332870,Newtok,2025-04-01,2025,4,powerhouse_consumption_kwh,8954,622,12,Extreme
A3328701125225003,332870,Newtok,2025-05-01,2025,5,fuel_used_gallons,13764,3349,13,Extreme
A3328701125225003,332870,Newtok,2025-05-01,2025,5,powerhouse_consumption_kwh,3815,622,5,Strong
A3328701125225003,332870,Newtok,2025-05-01,2025,5,govt_facil_sold_to,3720,163,17,Extreme
A3328701225225003,332870,Newtok,2025-06-01,2025,6,govt_facil_sold_to,1395,163,6,Strong
A3328700126225003,332870,Newtok,2025-07-01,2025,7,govt_facil_sold_to,1396,163,6,Strong
A3328700226225003,332870,Newtok,2025-08-01,2025,8,govt_facil_sold_to,1498,163,6,Strong
A3328700426225003,332870,Newtok,2025-10-01,2025,10,fuel_used_gallons,10024,3349,8,Strong
A3328700426225003,332870,Newtok,2025-10-01,2025,10,diesel_kwh_generated,110100,39592,7,Strong
A3328700426225003,332870,Newtok,2025-10-01,2025,10,commercial_sold_to,22389,9400,5,Strong
A3328700626225003,332870,Newtok,2025-12-01,2025,12,fuel_used_gallons,10781,3349,9,Extreme
A3328700626225003,332870,Newtok,2025-12-01,2025,12,diesel_kwh_generated,127928,39592,9,Strong
A3328700626225003,332870,Newtok,2025-12-01,2025,12,residential_sold_to,53739,21875,5,Strong
A3328700626225003,332870,Newtok,2025-12-01,2025,12,commercial_sold_to,34830,9400,9,Extreme
A3328700626225003,332870,Newtok,2025-12-01,2025,12,govt_facil_sold_to,1776,163,8,Strong
A3328700726225003,332870,Newtok,2026-01-01,2026,1,fuel_used_gallons,10781,3349,9,Extreme
A3328700726225003,332870,Newtok,2026-01-01,2026,1,diesel_kwh_generated,127928,39592,9,Strong
A3328700726225003,332870,Newtok,2026-01-01,2026,1,govt_facil_sold_to,1710,163,7,Strong
A3328700826225003,332870,Newtok,2026-02-01,2026,2,powerhouse_consumption_kwh,5954,622,8,Strong
A3328700826225003,332870,Newtok,2026-02-01,2026,2,peak_consumption_kw,198,93,7,Strong
A3328700926225003,332870,Newtok,2026-03-01,2026,3,fuel_used_gallons,12648,3349,11,Extreme
A3328700926225003,332870,Newtok,2026-03-01,2026,3,diesel_kwh_generated,123496,39592,8,Strong
A3328700926225003,332870,Newtok,2026-03-01,2026,3,peak_consumption_kw,240,93,10,Extreme
A3328700926225003,332870,Newtok,2026-03-01,2026,3,commercial_sold_to,25894,9400,6,Strong
A3328700926225003,332870,Newtok,2026-03-01,2026,3,govt_facil_sold_to,1576,163,7,Strong
A3328701026225003,332870,Newtok,2026-04-01,2026,4,fuel_used_gallons,12648,3349,11,Extreme
A3328701026225003,332870,Newtok,2026-04-01,2026,4,diesel_kwh_generated,123496,39592,8,Strong
A3328701026225003,332870,Newtok,2026-04-01,2026,4,peak_consumption_kw,240,93,10,Extreme
A3328701026225003,332870,Newtok,2026-04-01,2026,4,govt_facil_sold_to,1277,163,5,Strong
A3328701126225003,332870,Newtok,2026-05-01,2026,5,fuel_used_gallons,12648,3349,11,Extreme
A3328701126225003,332870,Newtok,2026-05-01,2026,5,diesel_kwh_generated,123496,39592,8,Strong
A3328701126225003,332870,Newtok,2026-05-01,2026,5,peak_consumption_kw,240,93,10,Extreme
A3328701226225003,332870,Newtok,2026-06-01,2026,6,peak_consumption_kw,198,93,7,Strong
A3314900516225003,331490,Nightmute,2015-11-01,2015,11,commercial_sold_to,8688,2892,7,Strong
A3314900616225003,331490,Nightmute,2015-12-01,2015,12,commercial_sold_to,9718,2892,8,Strong
A3314900716225003,331490,Nightmute,2016-01-01,2016,1,commercial_sold_to,11219,2892,10,Extreme
A3314900217225003,331490,Nightmute,2016-08-01,2016,8,residential_customers,262,54,70,Extreme
A3314900417225003,331490,Nightmute,2016-10-01,2016,10,residential_customers,259,54,69,Extreme
A3314900517225003,331490,Nightmute,2016-11-01,2016,11,residential_customers,262,54,70,Extreme
A3314900717225003,331490,Nightmute,2017-01-01,2017,1,residential_customers,265,54,71,Extreme
A3314900817225003,331490,Nightmute,2017-02-01,2017,2,residential_customers,265,54,71,Extreme
A3314900518225003,331490,Nightmute,2017-11-01,2017,11,com_facil_sold_to,31507,9855,5,Strong
A3314900618225003,331490,Nightmute,2017-12-01,2017,12,com_facil_sold_to,34862,9855,6,Strong
A3314900718225003,331490,Nightmute,2018-01-01,2018,1,com_facil_sold_to,37490,9855,7,Strong
A3314900818225003,331490,Nightmute,2018-02-01,2018,2,com_facil_sold_to,36081,9855,6,Strong
A3314900918225003,331490,Nightmute,2018-03-01,2018,3,com_facil_sold_to,33736,9855,6,Strong
A3314901018225003,331490,Nightmute,2018-04-01,2018,4,com_facil_sold_to,35541,9855,6,Strong
A3314901118225003,331490,Nightmute,2018-05-01,2018,5,com_facil_sold_to,29415,9855,5,Strong
A3314900519225003,331490,Nightmute,2018-11-01,2018,11,com_facil_sold_to,30985,9855,5,Strong
A3314900619225003,331490,Nightmute,2018-12-01,2018,12,com_facil_sold_to,37626,9855,7,Strong
A3314900719225003,331490,Nightmute,2019-01-01,2019,1,com_facil_sold_to,35301,9855,6,Strong
A3314900919225003,331490,Nightmute,2019-03-01,2019,3,com_facil_sold_to,29270,9855,5,Strong
A3314900726225003,331490,Nightmute,2026-01-01,2026,1,residential_sold_to,66990,24075.5,10,Extreme
A3314900726225003,331490,Nightmute,2026-01-01,2026,1,commercial_sold_to,26393,2892,29,Extreme
A3314900726225003,331490,Nightmute,2026-01-01,2026,1,residential_customers,106,54,18,Extreme
A3314901026225003,331490,Nightmute,2026-04-01,2026,4,commercial_sold_to,18579,2892,19,Extreme
A3323300318225003,332330,Nikolai,2017-09-01,2017,9,powerhouse_consumption_kwh,4356,1294.5,5,Strong
A3323300719225003,332330,Nikolai,2019-01-01,2019,1,fuel_used_gallons,7597,3431,6,Strong
A3323300719225003,332330,Nikolai,2019-01-01,2019,1,residential_sold_to,27661,12523,7,Strong
A3323300220225003,332330,Nikolai,2019-08-01,2019,8,commercial_sold_to,26314,9299,5,Strong
A3323300520225003,332330,Nikolai,2019-11-01,2019,11,residential_sold_to,23612,12523,5,Strong
A3323300521225003,332330,Nikolai,2020-11-01,2020,11,fuel_used_gallons,8000,3431,7,Strong
A3323300521225003,332330,Nikolai,2020-11-01,2020,11,residential_sold_to,35853,12523,11,Extreme
A3323301021225003,332330,Nikolai,2021-04-01,2021,4,fuel_used_gallons,6644,3431,5,Strong
A3323301021225003,332330,Nikolai,2021-04-01,2021,4,residential_sold_to,28337,12523,7,Strong
A3323300122225003,332330,Nikolai,2021-07-01,2021,7,fuel_used_gallons,9079,3431,8,Strong
A3323300122225003,332330,Nikolai,2021-07-01,2021,7,powerhouse_consumption_kwh,5872,1294.5,8,Strong
A3323300222225003,332330,Nikolai,2021-08-01,2021,8,fuel_used_gallons,8457,3431,8,Strong
A3323300222225003,332330,Nikolai,2021-08-01,2021,8,residential_sold_to,22821,12523,5,Strong
A3323300522225003,332330,Nikolai,2021-11-01,2021,11,govt_facil_sold_to,14439,2108,8,Strong
A3323300622225003,332330,Nikolai,2021-12-01,2021,12,residential_sold_to,26049,12523,6,Strong
A3323300822225003,332330,Nikolai,2022-02-01,2022,2,unbilled_sold_to,12526,1887,5,Strong
A3323300823225003,332330,Nikolai,2023-02-01,2023,2,powerhouse_consumption_kwh,4274,1294.5,5,Strong
A3323300426225003,332330,Nikolai,2025-10-01,2025,10,residential_sold_to,23734,12523,5,Strong
A3323300726225003,332330,Nikolai,2026-01-01,2026,1,powerhouse_consumption_kwh,3886,1294.5,5,Strong
A3323300726225003,332330,Nikolai,2026-01-01,2026,1,residential_sold_to,25097,12523,6,Strong
A3323300726225003,332330,Nikolai,2026-01-01,2026,1,govt_facil_sold_to,12108,2108,6,Strong
A3323300726225003,332330,Nikolai,2026-01-01,2026,1,unbilled_sold_to,10917,1887,5,Strong
A3327400221225003,332740,Nikolski,2020-08-01,2020,8,fuel_used_gallons,3072,1563,5,Strong
A3327400422225003,332740,Nikolski,2021-10-01,2021,10,fuel_used_gallons,0,1563,5,Strong
A3327401123225003,332740,Nikolski,2023-05-01,2023,5,fuel_used_gallons,3630,1563,7,Strong
A3327401224225003,332740,Nikolski,2024-06-01,2024,6,fuel_used_gallons,4610,1563,11,Extreme
A3327401224225003,332740,Nikolski,2024-06-01,2024,6,diesel_kwh_generated,44654,16793,11,Extreme
A3327400125225003,332740,Nikolski,2024-07-01,2024,7,powerhouse_consumption_kwh,4984,1909.5,6,Strong
A3327400725225003,332740,Nikolski,2025-01-01,2025,1,fuel_used_gallons,3042,1563,5,Strong
A3327400825225003,332740,Nikolski,2025-02-01,2025,2,fuel_used_gallons,2885,1563,5,Strong
A3327400925225003,332740,Nikolski,2025-03-01,2025,3,fuel_used_gallons,3170,1563,6,Strong
A3327400925225003,332740,Nikolski,2025-03-01,2025,3,com_facil_sold_to,9925,2766,8,Strong
A3327400626225003,332740,Nikolski,2025-12-01,2025,12,powerhouse_consumption_kwh,4878,1909.5,6,Strong
A3327400926225003,332740,Nikolski,2026-03-01,2026,3,fuel_used_gallons,4100,1563,9,Strong
A3327400926225003,332740,Nikolski,2026-03-01,2026,3,com_facil_sold_to,7247,2766,5,Strong
A3327401026225003,332740,Nikolski,2026-04-01,2026,4,fuel_used_gallons,3493,1563,7,Strong
A3327401126225003,332740,Nikolski,2026-05-01,2026,5,fuel_used_gallons,2962,1563,5,Strong
A3327401226225003,332740,Nikolski,2026-06-01,2026,6,fuel_used_gallons,3151,1563,5,Strong
A3315000116225003,331500,Noatak,2015-07-01,2015,7,commercial_sold_to,18522,10922,7,Strong
A3315000216225003,331500,Noatak,2015-08-01,2015,8,commercial_sold_to,17564,10922,6,Strong
A3315000416225003,331500,Noatak,2015-10-01,2015,10,commercial_sold_to,18443,10922,7,Strong
A3315000516225003,331500,Noatak,2015-11-01,2015,11,commercial_sold_to,17508,10922,6,Strong
A3315000616225003,331500,Noatak,2015-12-01,2015,12,commercial_sold_to,18494,10922,7,Strong
A3315000716225003,331500,Noatak,2016-01-01,2016,1,commercial_sold_to,19623,10922,8,Strong
A3315000722225003,331500,Noatak,2022-01-01,2022,1,powerhouse_consumption_kwh,12428,3995,8,Strong
A3315000324225003,331500,Noatak,2023-09-01,2023,9,powerhouse_consumption_kwh,16994,3995,12,Extreme
A3315000724225003,331500,Noatak,2024-01-01,2024,1,powerhouse_consumption_kwh,9203,3995,5,Strong
A3315001024225003,331500,Noatak,2024-04-01,2024,4,solar_kwh_generated,35382,2520,11,Extreme
A3315001124225003,331500,Noatak,2024-05-01,2024,5,solar_kwh_generated,45141,2520,15,Extreme
A3315001224225003,331500,Noatak,2024-06-01,2024,6,solar_kwh_generated,36308,2520,12,Extreme
A3315000525225003,331500,Noatak,2024-11-01,2024,11,powerhouse_consumption_kwh,9126,3995,5,Strong
A3315001125225003,331500,Noatak,2025-05-01,2025,5,solar_kwh_generated,17578,2520,5,Strong
A3315000126225003,331500,Noatak,2025-07-01,2025,7,powerhouse_consumption_kwh,9593,3995,5,Strong
A3315000226225003,331500,Noatak,2025-08-01,2025,8,powerhouse_consumption_kwh,10100,3995,6,Strong
A3315000526225003,331500,Noatak,2025-11-01,2025,11,commercial_sold_to,20925,10922,9,Extreme
A3315000626225003,331500,Noatak,2025-12-01,2025,12,commercial_sold_to,24044,10922,12,Extreme
A3315000726225003,331500,Noatak,2026-01-01,2026,1,commercial_sold_to,5640,10922,5,Strong
A3315000726225003,331500,Noatak,2026-01-01,2026,1,residential_customers,55,118,21,Extreme
A3315000826225003,331500,Noatak,2026-02-01,2026,2,commercial_sold_to,21336,10922,10,Extreme
A3315000926225003,331500,Noatak,2026-03-01,2026,3,commercial_sold_to,26907,10922,15,Extreme
A3315001026225003,331500,Noatak,2026-04-01,2026,4,commercial_sold_to,20731,10922,9,Strong
A3315001126225003,331500,Noatak,2026-05-01,2026,5,commercial_sold_to,0,10922,10,Extreme
A3323400121225003,332340,Nome,2020-07-01,2020,7,powerhouse_consumption_kwh,195374,107791,8,Strong
A3323400324225003,332340,Nome,2023-09-01,2023,9,peak_consumption_kw,8169,4377.5,8,Strong
A3323400325225003,332340,Nome,2024-09-01,2024,9,residential_customers,1315,1751,11,Extreme
A3323400825225003,332340,Nome,2025-02-01,2025,2,powerhouse_consumption_kwh,159368,107791,5,Strong
A3323401126225003,332340,Nome,2026-05-01,2026,5,commercial_customers,381,315,7,Strong
A3323401226225003,332340,Nome,2026-06-01,2026,6,commercial_customers,381,315,7,Strong
A3315100217225003,331510,Noorvik,2016-08-01,2016,8,residential_customers,85,135,17,Extreme
A3315100417225003,331510,Noorvik,2016-10-01,2016,10,residential_customers,84,135,17,Extreme
A3315100517225003,331510,Noorvik,2016-11-01,2016,11,residential_customers,85,135,17,Extreme
A3315100717225003,331510,Noorvik,2017-01-01,2017,1,residential_customers,83,135,18,Extreme
A3315100817225003,331510,Noorvik,2017-02-01,2017,2,residential_customers,85,135,17,Extreme
A3315100526225003,331510,Noorvik,2025-11-01,2025,11,commercial_sold_to,25886,12693,6,Strong
A3315100626225003,331510,Noorvik,2025-12-01,2025,12,commercial_sold_to,24490,12693,5,Strong
A3315100726225003,331510,Noorvik,2026-01-01,2026,1,powerhouse_consumption_kwh,6910,3021,5,Strong
A3315100726225003,331510,Noorvik,2026-01-01,2026,1,commercial_sold_to,25527,12693,5,Strong
A3315100826225003,331510,Noorvik,2026-02-01,2026,2,commercial_sold_to,24947,12693,5,Strong
A3315100926225003,331510,Noorvik,2026-03-01,2026,3,commercial_sold_to,26843,12693,6,Strong
A3315101126225003,331510,Noorvik,2026-05-01,2026,5,commercial_sold_to,0,12693,5,Strong
A3311800919225003,331180,"Northway, Northway Village, Northway Junction",2019-03-01,2019,3,peak_consumption_kw,412,183,5,Strong
A3311800621225003,331180,"Northway, Northway Village, Northway Junction",2020-12-01,2020,12,govt_facil_sold_to,0,22648.5,5,Strong
A3311800621225003,331180,"Northway, Northway Village, Northway Junction",2020-12-01,2020,12,unbilled_sold_to,25680,0,NA,Strong
A3311801125225003,331180,"Northway, Northway Village, Northway Junction",2025-05-01,2025,5,powerhouse_consumption_kwh,5040,1404,7,Strong
A3311800626225003,331180,"Northway, Northway Village, Northway Junction",2025-12-01,2025,12,powerhouse_consumption_kwh,3936,1404,5,Strong
A3311800626225003,331180,"Northway, Northway Village, Northway Junction",2025-12-01,2025,12,residential_sold_to,54557,27766,5,Strong
A3311800726225003,331180,"Northway, Northway Village, Northway Junction",2026-01-01,2026,1,powerhouse_consumption_kwh,4248,1404,5,Strong
A3311800726225003,331180,"Northway, Northway Village, Northway Junction",2026-01-01,2026,1,residential_sold_to,59563,27766,5,Strong
A3311801026225003,331180,"Northway, Northway Village, Northway Junction",2026-04-01,2026,4,powerhouse_consumption_kwh,3960,1404,5,Strong
A3323801019225003,332380,Nuiqsut,2019-04-01,2019,4,peak_consumption_kw,5077,1123,14,Extreme
A3323800821225003,332380,Nuiqsut,2021-02-01,2021,2,peak_consumption_kw,2522,1123,5,Strong
A3323800425225003,332380,Nuiqsut,2024-10-01,2024,10,powerhouse_consumption_kwh,57674,31749,5,Strong
A3323800926225003,332380,Nuiqsut,2026-03-01,2026,3,peak_consumption_kw,3802,1123,10,Extreme
A3315200616225003,331520,Nulato,2015-12-01,2015,12,commercial_sold_to,11969,0,NA,Strong
A3315200716225003,331520,Nulato,2016-01-01,2016,1,commercial_sold_to,12488,0,NA,Strong
A3315200217225003,331520,Nulato,2016-08-01,2016,8,residential_customers,1859,108,591,Extreme
A3315200417225003,331520,Nulato,2016-10-01,2016,10,residential_customers,1893,108,602,Extreme
A3315200517225003,331520,Nulato,2016-11-01,2016,11,residential_customers,1880,108,598,Extreme
A3315200717225003,331520,Nulato,2017-01-01,2017,1,residential_customers,1864,108,592,Extreme
A3315200817225003,331520,Nulato,2017-02-01,2017,2,residential_customers,1861,108,591,Extreme
A3315200723225003,331520,Nulato,2023-01-01,2023,1,com_facil_sold_to,47336,23141,5,Strong
A3315201123225003,331520,Nulato,2023-05-01,2023,5,powerhouse_consumption_kwh,3000,1382,5,Strong
A3315200626225003,331520,Nulato,2025-12-01,2025,12,commercial_sold_to,10015,0,NA,Strong
A3315200726225003,331520,Nulato,2026-01-01,2026,1,commercial_sold_to,11763,0,NA,Strong
A3315200926225003,331520,Nulato,2026-03-01,2026,3,commercial_sold_to,11849,0,NA,Strong
A3324200916225003,332420,Nunam Iqua,2016-03-01,2016,3,unbilled_sold_to,1873,525,5,Strong
A3324201019225003,332420,Nunam Iqua,2019-04-01,2019,4,residential_customers,476,47,145,Extreme
A3315300616225003,331530,Nunapitchuk,2015-12-01,2015,12,commercial_sold_to,15451,9268.5,5,Strong
A3315300716225003,331530,Nunapitchuk,2016-01-01,2016,1,commercial_sold_to,16111,9268.5,5,Strong
A3315300217225003,331530,Nunapitchuk,2016-08-01,2016,8,residential_customers,50,124,17,Extreme
A3315300417225003,331530,Nunapitchuk,2016-10-01,2016,10,residential_customers,50,124,17,Extreme
A3315300517225003,331530,Nunapitchuk,2016-11-01,2016,11,residential_customers,49,124,17,Extreme
A3315300717225003,331530,Nunapitchuk,2017-01-01,2017,1,residential_customers,50,124,17,Extreme
A3315300817225003,331530,Nunapitchuk,2017-02-01,2017,2,residential_customers,50,124,17,Extreme
A3315300524225003,331530,Nunapitchuk,2023-11-01,2023,11,commercial_sold_to,15805,9268.5,5,Strong
A3315300624225003,331530,Nunapitchuk,2023-12-01,2023,12,commercial_sold_to,15389,9268.5,5,Strong
A3315300724225003,331530,Nunapitchuk,2024-01-01,2024,1,commercial_sold_to,17360,9268.5,6,Strong
A3315300824225003,331530,Nunapitchuk,2024-02-01,2024,2,commercial_sold_to,15858,9268.5,5,Strong
A3315300924225003,331530,Nunapitchuk,2024-03-01,2024,3,commercial_sold_to,16798,9268.5,6,Strong
A3315301024225003,331530,Nunapitchuk,2024-04-01,2024,4,commercial_sold_to,17171,9268.5,6,Strong
A3315300425225003,331530,Nunapitchuk,2024-10-01,2024,10,com_facil_sold_to,74476,14798,15,Extreme
A3315300726225003,331530,Nunapitchuk,2026-01-01,2026,1,commercial_sold_to,15894,9268.5,5,Strong
A3315300926225003,331530,Nunapitchuk,2026-03-01,2026,3,commercial_sold_to,15706,9268.5,5,Strong
A3315301126225003,331530,Nunapitchuk,2026-05-01,2026,5,commercial_sold_to,0,9268.5,7,Strong
A3315400116225003,331540,Old Harbor,2015-07-01,2015,7,commercial_sold_to,10037,0,NA,Strong
A3315400216225003,331540,Old Harbor,2015-08-01,2015,8,commercial_sold_to,11869,0,NA,Strong
A3315400316225003,331540,Old Harbor,2015-09-01,2015,9,commercial_sold_to,10124,0,NA,Strong
A3315400217225003,331540,Old Harbor,2016-08-01,2016,8,residential_customers,203,92,15,Extreme
A3315400417225003,331540,Old Harbor,2016-10-01,2016,10,residential_customers,208,92,16,Extreme
A3315400517225003,331540,Old Harbor,2016-11-01,2016,11,residential_customers,207,92,16,Extreme
A3315400617225003,331540,Old Harbor,2016-12-01,2016,12,fuel_used_gallons,7148,4791,5,Strong
A3315400717225003,331540,Old Harbor,2017-01-01,2017,1,residential_customers,207,92,16,Extreme
A3315400817225003,331540,Old Harbor,2017-02-01,2017,2,residential_customers,207,92,16,Extreme
A3315400722225003,331540,Old Harbor,2022-01-01,2022,1,fuel_used_gallons,7347,4791,6,Strong
A3315400626225003,331540,Old Harbor,2025-12-01,2025,12,fuel_used_gallons,7076,4791,5,Strong
A3315400626225003,331540,Old Harbor,2025-12-01,2025,12,powerhouse_consumption_kwh,14745,2854,22,Extreme
A3315400726225003,331540,Old Harbor,2026-01-01,2026,1,peak_consumption_kw,1670,149.5,1026,Extreme
A3315401126225003,331540,Old Harbor,2026-05-01,2026,5,com_facil_sold_to,0,21907,5,Strong
A3315401126225003,331540,Old Harbor,2026-05-01,2026,5,govt_facil_sold_to,0,10378,6,Strong
A3324400819225003,332440,Ouzinkie,2019-02-01,2019,2,govt_facil_sold_to,2025,768,6,Strong
A3324501222225003,332450,Pedro Bay,2022-06-01,2022,6,powerhouse_consumption_kwh,3083,1090,9,Extreme
A3324500123225003,332450,Pedro Bay,2022-07-01,2022,7,powerhouse_consumption_kwh,3075,1090,9,Extreme
A3324500425225003,332450,Pedro Bay,2024-10-01,2024,10,peak_consumption_kw,123,63,6,Strong
A3324600517225003,332460,Pelican,2016-11-01,2016,11,powerhouse_consumption_kwh,13667,5245.5,8,Strong
A3324600617225003,332460,Pelican,2016-12-01,2016,12,powerhouse_consumption_kwh,115654,5245.5,101,Extreme
A3324600122225003,332460,Pelican,2021-07-01,2021,7,fuel_used_gallons,350,44,5,Strong
A3324600422225003,332460,Pelican,2021-10-01,2021,10,fuel_used_gallons,856,44,12,Extreme
A3324600622225003,332460,Pelican,2021-12-01,2021,12,fuel_used_gallons,5027,44,76,Extreme
A3324600722225003,332460,Pelican,2022-01-01,2022,1,fuel_used_gallons,3461,44,52,Extreme
A3324600922225003,332460,Pelican,2022-03-01,2022,3,residential_customers,25971,72,17469,Extreme
A3324600922225003,332460,Pelican,2022-03-01,2022,3,commercial_customers,24989,27.5,4810,Extreme
A3324600922225003,332460,Pelican,2022-03-01,2022,3,com_facil_customers,24789,15.5,16709,Extreme
A3324600922225003,332460,Pelican,2022-03-01,2022,3,govt_facil_customers,297,1,30,Extreme
A3324600922225003,332460,Pelican,2022-03-01,2022,3,unbilled_customers,24436,2,2443,Extreme
A3324601022225003,332460,Pelican,2022-04-01,2022,4,fuel_used_gallons,727,44,10,Extreme
A3324600323225003,332460,Pelican,2022-09-01,2022,9,fuel_used_gallons,697,44,10,Extreme
A3324600423225003,332460,Pelican,2022-10-01,2022,10,fuel_used_gallons,3186,44,48,Extreme
A3324600523225003,332460,Pelican,2022-11-01,2022,11,fuel_used_gallons,8054,44,123,Extreme
A3324600623225003,332460,Pelican,2022-12-01,2022,12,fuel_used_gallons,7847,44,120,Extreme
A3324600723225003,332460,Pelican,2023-01-01,2023,1,fuel_used_gallons,7552,44,115,Extreme
A3324600823225003,332460,Pelican,2023-02-01,2023,2,fuel_used_gallons,2738,44,41,Extreme
A3324600923225003,332460,Pelican,2023-03-01,2023,3,fuel_used_gallons,3920,44,59,Extreme
A3324600724225003,332460,Pelican,2024-01-01,2024,1,fuel_used_gallons,3461,44,52,Extreme
A3324600824225003,332460,Pelican,2024-02-01,2024,2,fuel_used_gallons,592,44,8,Strong
A3324600924225003,332460,Pelican,2024-03-01,2024,3,fuel_used_gallons,1871,44,28,Extreme
A3324600225225003,332460,Pelican,2024-08-01,2024,8,fuel_used_gallons,1769,44,26,Extreme
A3324600325225003,332460,Pelican,2024-09-01,2024,9,govt_facil_sold_to,860,313,7,Strong
A3324600425225003,332460,Pelican,2024-10-01,2024,10,fuel_used_gallons,682,44,10,Extreme
A3324600425225003,332460,Pelican,2024-10-01,2024,10,govt_facil_sold_to,1191,313,11,Extreme
A3324600525225003,332460,Pelican,2024-11-01,2024,11,govt_facil_sold_to,2172,313,23,Extreme
A3324600625225003,332460,Pelican,2024-12-01,2024,12,fuel_used_gallons,1436,44,21,Extreme
A3324600625225003,332460,Pelican,2024-12-01,2024,12,govt_facil_sold_to,2408,313,26,Extreme
A3324600725225003,332460,Pelican,2025-01-01,2025,1,fuel_used_gallons,2789,44,42,Extreme
A3324600725225003,332460,Pelican,2025-01-01,2025,1,govt_facil_sold_to,1869,313,19,Extreme
A3324600825225003,332460,Pelican,2025-02-01,2025,2,fuel_used_gallons,4122,44,63,Extreme
A3324600825225003,332460,Pelican,2025-02-01,2025,2,govt_facil_sold_to,2415,313,26,Extreme
A3324600925225003,332460,Pelican,2025-03-01,2025,3,fuel_used_gallons,1553,44,23,Extreme
A3324600925225003,332460,Pelican,2025-03-01,2025,3,govt_facil_sold_to,1775,313,18,Extreme
A3324601025225003,332460,Pelican,2025-04-01,2025,4,govt_facil_sold_to,1613,313,16,Extreme
A3324601125225003,332460,Pelican,2025-05-01,2025,5,govt_facil_sold_to,1095,313,10,Extreme
A3324601225225003,332460,Pelican,2025-06-01,2025,6,govt_facil_sold_to,699,313,5,Strong
A3324700716225003,332470,Perryville,2016-01-01,2016,1,com_facil_sold_to,10352,0,NA,Strong
A3324700519225003,332470,Perryville,2018-11-01,2018,11,diesel_kwh_generated,116640,39731,10,Extreme
A3324700619225003,332470,Perryville,2018-12-01,2018,12,commercial_sold_to,83046,16425.5,10,Extreme
A3324700719225003,332470,Perryville,2019-01-01,2019,1,diesel_kwh_generated,107040,39731,9,Strong
A3324700819225003,332470,Perryville,2019-02-01,2019,2,diesel_kwh_generated,112560,39731,10,Extreme
A3324700919225003,332470,Perryville,2019-03-01,2019,3,diesel_kwh_generated,102880,39731,8,Strong
A3324700620225003,332470,Perryville,2019-12-01,2019,12,peak_consumption_kw,101,1,10,Extreme
A3324700720225003,332470,Perryville,2020-01-01,2020,1,peak_consumption_kw,99,1,10,Extreme
A3324800717225003,332480,Pilot Point,2017-01-01,2017,1,peak_consumption_kw,191,96,5,Strong
A3324800122225003,332480,Pilot Point,2021-07-01,2021,7,residential_sold_to,20436,10826.5,5,Strong
A3324800123225003,332480,Pilot Point,2022-07-01,2022,7,residential_sold_to,20036,10826.5,5,Strong
A3324800724225003,332480,Pilot Point,2024-01-01,2024,1,powerhouse_consumption_kwh,9848,2023,20,Extreme
A3315500217225003,331550,Pilot Station,2016-08-01,2016,8,residential_customers,36,132,16,Extreme
A3315500417225003,331550,Pilot Station,2016-10-01,2016,10,residential_customers,37,132,16,Extreme
A3315500517225003,331550,Pilot Station,2016-11-01,2016,11,residential_customers,36,132,16,Extreme
A3315500717225003,331550,Pilot Station,2017-01-01,2017,1,residential_customers,38,132,16,Extreme
A3315500817225003,331550,Pilot Station,2017-02-01,2017,2,residential_customers,38,132,16,Extreme
A3315500918225003,331550,Pilot Station,2018-03-01,2018,3,residential_sold_to,1061401,54050,105,Extreme
A3315500622225003,331550,Pilot Station,2021-12-01,2021,12,fuel_used_gallons,29783,12466,8,Strong
A3315501223225003,331550,Pilot Station,2023-06-01,2023,6,commercial_sold_to,8471,19726,6,Strong
A3315500124225003,331550,Pilot Station,2023-07-01,2023,7,commercial_sold_to,30201,19726,6,Strong
A3315500426225003,331550,Pilot Station,2025-10-01,2025,10,peak_consumption_kw,894,395,67,Extreme
A3315501126225003,331550,Pilot Station,2026-05-01,2026,5,commercial_sold_to,0,19726,10,Extreme
A3315600217225003,331560,Pitkas Point,2016-08-01,2016,8,residential_customers,90,28,21,Extreme
A3315600417225003,331560,Pitkas Point,2016-10-01,2016,10,residential_customers,141,28,38,Extreme
A3315600517225003,331560,Pitkas Point,2016-11-01,2016,11,residential_customers,141,28,38,Extreme
A3315600717225003,331560,Pitkas Point,2017-01-01,2017,1,residential_customers,142,28,38,Extreme
A3315600817225003,331560,Pitkas Point,2017-02-01,2017,2,residential_customers,142,28,38,Extreme
A3315600726225003,331560,Pitkas Point,2026-01-01,2026,1,residential_sold_to,66768,11561,28,Extreme
A3315600726225003,331560,Pitkas Point,2026-01-01,2026,1,commercial_sold_to,23198,0,NA,Strong
A3315600726225003,331560,Pitkas Point,2026-01-01,2026,1,govt_facil_sold_to,65702,0,NA,Strong
A3315600726225003,331560,Pitkas Point,2026-01-01,2026,1,residential_customers,131,28,35,Extreme
A3324900418225003,332490,Platinum,2017-10-01,2017,10,diesel_kwh_generated,29341,17006,10,Extreme
A3324900418225003,332490,Platinum,2017-10-01,2017,10,com_facil_sold_to,2221,907,19,Extreme
A3323900916225003,332390,Point Hope,2016-03-01,2016,3,powerhouse_consumption_kwh,39162,23188.5,6,Strong
A3323900321225003,332390,Point Hope,2020-09-01,2020,9,powerhouse_consumption_kwh,37860,23188.5,6,Strong
A3325900917225003,332590,Port Alsworth,2017-03-01,2017,3,govt_facil_sold_to,10814,6252,5,Strong
A3325900818225003,332590,Port Alsworth,2018-02-01,2018,2,powerhouse_consumption_kwh,2890,1763,5,Strong
A3325900123225003,332590,Port Alsworth,2022-07-01,2022,7,peak_consumption_kw,418,198,5,Strong
A3325900824225003,332590,Port Alsworth,2024-02-01,2024,2,peak_consumption_kw,395,198,5,Strong
A3325900926225003,332590,Port Alsworth,2026-03-01,2026,3,peak_consumption_kw,600,198,9,Extreme
A3325901026225003,332590,Port Alsworth,2026-04-01,2026,4,peak_consumption_kw,600,198,9,Extreme
A3325000117225003,332500,Port Heiden,2016-07-01,2016,7,peak_consumption_kw,301,88.5,5,Strong
A3325000217225003,332500,Port Heiden,2016-08-01,2016,8,peak_consumption_kw,301,88.5,5,Strong
A3325000317225003,332500,Port Heiden,2016-09-01,2016,9,peak_consumption_kw,301,88.5,5,Strong
A3325000417225003,332500,Port Heiden,2016-10-01,2016,10,peak_consumption_kw,301,88.5,5,Strong
A3325000517225003,332500,Port Heiden,2016-11-01,2016,11,peak_consumption_kw,301,88.5,5,Strong
A3325000617225003,332500,Port Heiden,2016-12-01,2016,12,peak_consumption_kw,301,88.5,5,Strong
A3325000717225003,332500,Port Heiden,2017-01-01,2017,1,peak_consumption_kw,301,88.5,5,Strong
A3325000817225003,332500,Port Heiden,2017-02-01,2017,2,peak_consumption_kw,301,88.5,5,Strong
A3325000917225003,332500,Port Heiden,2017-03-01,2017,3,peak_consumption_kw,301,88.5,5,Strong
A3325000118225003,332500,Port Heiden,2017-07-01,2017,7,peak_consumption_kw,718,88.5,14,Extreme
A3325000218225003,332500,Port Heiden,2017-08-01,2017,8,peak_consumption_kw,718,88.5,14,Extreme
A3325000318225003,332500,Port Heiden,2017-09-01,2017,9,peak_consumption_kw,718,88.5,14,Extreme
A3325000418225003,332500,Port Heiden,2017-10-01,2017,10,peak_consumption_kw,718,88.5,14,Extreme
A3325001019225003,332500,Port Heiden,2019-04-01,2019,4,peak_consumption_kw,470,88.5,9,Strong
A3325000620225003,332500,Port Heiden,2019-12-01,2019,12,com_facil_sold_to,10131,4190,5,Strong
A3325000521225003,332500,Port Heiden,2020-11-01,2020,11,com_facil_sold_to,13415,4190,8,Strong
A3325000723225003,332500,Port Heiden,2023-01-01,2023,1,commercial_sold_to,39511,8925,15,Extreme
A3325000923225003,332500,Port Heiden,2023-03-01,2023,3,commercial_sold_to,19475,8925,5,Strong
A3325000923225003,332500,Port Heiden,2023-03-01,2023,3,govt_facil_sold_to,47323,10961,8,Strong
A3325001023225003,332500,Port Heiden,2023-04-01,2023,4,fuel_used_gallons,27720,4150,25,Extreme
A3325001023225003,332500,Port Heiden,2023-04-01,2023,4,diesel_kwh_generated,347100,49818,28,Extreme
A3325001023225003,332500,Port Heiden,2023-04-01,2023,4,powerhouse_consumption_kwh,9656,2604,8,Strong
A3325000124225003,332500,Port Heiden,2023-07-01,2023,7,fuel_used_gallons,10910,4150,7,Strong
A3325000124225003,332500,Port Heiden,2023-07-01,2023,7,diesel_kwh_generated,127213,49818,7,Strong
A3325000224225003,332500,Port Heiden,2023-08-01,2023,8,fuel_used_gallons,12134,4150,8,Strong
A3325000224225003,332500,Port Heiden,2023-08-01,2023,8,diesel_kwh_generated,137712,49818,8,Strong
A3325000824225003,332500,Port Heiden,2024-02-01,2024,2,residential_sold_to,38156,15394,9,Strong
A3325000824225003,332500,Port Heiden,2024-02-01,2024,2,commercial_sold_to,22729,8925,7,Strong
A3325000824225003,332500,Port Heiden,2024-02-01,2024,2,govt_facil_sold_to,42180,10961,7,Strong
A3325000525225003,332500,Port Heiden,2024-11-01,2024,11,commercial_sold_to,23902,8925,7,Strong
A3325000726225003,332500,Port Heiden,2026-01-01,2026,1,com_facil_sold_to,9572,4190,5,Strong
A3315700116225003,331570,Quinhagak,2015-07-01,2015,7,commercial_sold_to,40715,24320,6,Strong
A3315700216225003,331570,Quinhagak,2015-08-01,2015,8,commercial_sold_to,42107,24320,7,Strong
A3315700316225003,331570,Quinhagak,2015-09-01,2015,9,powerhouse_consumption_kwh,37430,2827,20,Extreme
A3315700316225003,331570,Quinhagak,2015-09-01,2015,9,commercial_sold_to,36465,24320,5,Strong
A3315700416225003,331570,Quinhagak,2015-10-01,2015,10,powerhouse_consumption_kwh,23244,2827,12,Extreme
A3315700616225003,331570,Quinhagak,2015-12-01,2015,12,commercial_sold_to,38180,24320,5,Strong
A3315700716225003,331570,Quinhagak,2016-01-01,2016,1,commercial_sold_to,39865,24320,6,Strong
A3315700217225003,331570,Quinhagak,2016-08-01,2016,8,residential_customers,87,184,16,Extreme
A3315700417225003,331570,Quinhagak,2016-10-01,2016,10,powerhouse_consumption_kwh,11622,2827,5,Strong
A3315700417225003,331570,Quinhagak,2016-10-01,2016,10,residential_customers,87,184,16,Extreme
A3315700517225003,331570,Quinhagak,2016-11-01,2016,11,residential_customers,86,184,17,Extreme
A3315700617225003,331570,Quinhagak,2016-12-01,2016,12,fuel_used_gallons,33510,9901,9,Strong
A3315700717225003,331570,Quinhagak,2017-01-01,2017,1,residential_customers,88,184,16,Extreme
A3315700817225003,331570,Quinhagak,2017-02-01,2017,2,residential_customers,89,184,16,Extreme
A3315700320225003,331570,Quinhagak,2019-09-01,2019,9,powerhouse_consumption_kwh,12448,2827,6,Strong
A3315700621225003,331570,Quinhagak,2020-12-01,2020,12,fuel_used_gallons,23881,9901,5,Strong
A3315700823225003,331570,Quinhagak,2023-02-01,2023,2,commercial_sold_to,8014,24320,6,Strong
A3315701123225003,331570,Quinhagak,2023-05-01,2023,5,commercial_sold_to,46053,24320,8,Strong
A3315700526225003,331570,Quinhagak,2025-11-01,2025,11,commercial_sold_to,36510,24320,5,Strong
A3315700626225003,331570,Quinhagak,2025-12-01,2025,12,commercial_sold_to,36782,24320,5,Strong
A3315700726225003,331570,Quinhagak,2026-01-01,2026,1,peak_consumption_kw,5430,470,47,Extreme
A3315700726225003,331570,Quinhagak,2026-01-01,2026,1,commercial_sold_to,43129,24320,7,Strong
A3315700826225003,331570,Quinhagak,2026-02-01,2026,2,commercial_sold_to,38212,24320,5,Strong
A3315700926225003,331570,Quinhagak,2026-03-01,2026,3,commercial_sold_to,45651,24320,8,Strong
A3315701026225003,331570,Quinhagak,2026-04-01,2026,4,commercial_sold_to,37568,24320,5,Strong
A3315701126225003,331570,Quinhagak,2026-05-01,2026,5,commercial_sold_to,0,24320,9,Extreme
A3325200619225003,332520,Rampart,2018-12-01,2018,12,fuel_used_gallons,3987,1931,5,Strong
A3325200920225003,332520,Rampart,2020-03-01,2020,3,fuel_used_gallons,5320,1931,9,Strong
A3325200522225003,332520,Rampart,2021-11-01,2021,11,fuel_used_gallons,3828,1931,5,Strong
A3325200824225003,332520,Rampart,2024-02-01,2024,2,powerhouse_consumption_kwh,9137,2267,9,Strong
A3325200824225003,332520,Rampart,2024-02-01,2024,2,peak_consumption_kw,7358,51,493,Extreme
A3325200924225003,332520,Rampart,2024-03-01,2024,3,peak_consumption_kw,7368,51,494,Extreme
A3325200924225003,332520,Rampart,2024-03-01,2024,3,commercial_sold_to,37895,2583.5,16,Extreme
A3325201024225003,332520,Rampart,2024-04-01,2024,4,peak_consumption_kw,7368,51,494,Extreme
A3325201024225003,332520,Rampart,2024-04-01,2024,4,commercial_sold_to,75569,2583.5,32,Extreme
A3325201124225003,332520,Rampart,2024-05-01,2024,5,powerhouse_consumption_kwh,7196,2267,6,Strong
A3325201124225003,332520,Rampart,2024-05-01,2024,5,peak_consumption_kw,7368,51,494,Extreme
A3325201224225003,332520,Rampart,2024-06-01,2024,6,fuel_used_gallons,7253,1931,14,Extreme
A3325201224225003,332520,Rampart,2024-06-01,2024,6,diesel_kwh_generated,233609,21917,30,Extreme
A3325201224225003,332520,Rampart,2024-06-01,2024,6,peak_consumption_kw,7368,51,494,Extreme
A3325200125225003,332520,Rampart,2024-07-01,2024,7,peak_consumption_kw,7368,51,494,Extreme
A3325200225225003,332520,Rampart,2024-08-01,2024,8,peak_consumption_kw,7368,51,494,Extreme
A3325200325225003,332520,Rampart,2024-09-01,2024,9,peak_consumption_kw,7368,51,494,Extreme
A3325200425225003,332520,Rampart,2024-10-01,2024,10,residential_sold_to,17438,6217,6,Strong
A3325200525225003,332520,Rampart,2024-11-01,2024,11,residential_sold_to,15898,6217,5,Strong
A3325200625225003,332520,Rampart,2024-12-01,2024,12,fuel_used_gallons,3816,1931,5,Strong
A3325200625225003,332520,Rampart,2024-12-01,2024,12,residential_sold_to,17922,6217,7,Strong
A3325200725225003,332520,Rampart,2025-01-01,2025,1,residential_sold_to,18160,6217,7,Strong
A3325200825225003,332520,Rampart,2025-02-01,2025,2,residential_sold_to,17704,6217,6,Strong
A3325200426225003,332520,Rampart,2025-10-01,2025,10,residential_sold_to,15352,6217,5,Strong
A3325200426225003,332520,Rampart,2025-10-01,2025,10,commercial_sold_to,14798,2583.5,5,Strong
A3325200526225003,332520,Rampart,2025-11-01,2025,11,residential_sold_to,16466,6217,6,Strong
A3325200526225003,332520,Rampart,2025-11-01,2025,11,commercial_sold_to,14029,2583.5,5,Strong
A3325200626225003,332520,Rampart,2025-12-01,2025,12,fuel_used_gallons,4476,1931,7,Strong
A3325200626225003,332520,Rampart,2025-12-01,2025,12,diesel_kwh_generated,57937,21917,5,Strong
A3325200626225003,332520,Rampart,2025-12-01,2025,12,residential_sold_to,22507,6217,9,Extreme
A3325200626225003,332520,Rampart,2025-12-01,2025,12,commercial_sold_to,18025,2583.5,7,Strong
A3325200726225003,332520,Rampart,2026-01-01,2026,1,residential_sold_to,21398,6217,9,Strong
A3325200726225003,332520,Rampart,2026-01-01,2026,1,commercial_sold_to,17888,2583.5,7,Strong
A3325200726225003,332520,Rampart,2026-01-01,2026,1,govt_facil_sold_to,4408,1047,5,Strong
A3325200826225003,332520,Rampart,2026-02-01,2026,2,residential_sold_to,18688,6217,7,Strong
A3325200826225003,332520,Rampart,2026-02-01,2026,2,commercial_sold_to,12777,2583.5,5,Strong
A3325200926225003,332520,Rampart,2026-03-01,2026,3,residential_sold_to,18774,6217,7,Strong
A3325200926225003,332520,Rampart,2026-03-01,2026,3,commercial_sold_to,32739,2583.5,13,Extreme
A3322500417225003,332250,Red Devil,2016-10-01,2016,10,govt_facil_sold_to,1015,303,5,Strong
A3322500517225003,332250,Red Devil,2016-11-01,2016,11,govt_facil_sold_to,1918,303,11,Extreme
A3322500617225003,332250,Red Devil,2016-12-01,2016,12,govt_facil_sold_to,2921,303,18,Extreme
A3322500717225003,332250,Red Devil,2017-01-01,2017,1,govt_facil_sold_to,2552,303,16,Extreme
A3322500817225003,332250,Red Devil,2017-02-01,2017,2,govt_facil_sold_to,2415,303,15,Extreme
A3322500917225003,332250,Red Devil,2017-03-01,2017,3,govt_facil_sold_to,2209,303,13,Extreme
A3322501017225003,332250,Red Devil,2017-04-01,2017,4,govt_facil_sold_to,2326,303,14,Extreme
A3322500518225003,332250,Red Devil,2017-11-01,2017,11,govt_facil_sold_to,1533,303,9,Strong
A3322500618225003,332250,Red Devil,2017-12-01,2017,12,govt_facil_sold_to,1956,303,11,Extreme
A3322500718225003,332250,Red Devil,2018-01-01,2018,1,govt_facil_sold_to,2225,303,13,Extreme
A3322500818225003,332250,Red Devil,2018-02-01,2018,2,govt_facil_sold_to,1741,303,10,Extreme
A3322500918225003,332250,Red Devil,2018-03-01,2018,3,govt_facil_sold_to,1017,303,5,Strong
A3322500820225003,332250,Red Devil,2020-02-01,2020,2,govt_facil_sold_to,987,303,5,Strong
A3322500621225003,332250,Red Devil,2020-12-01,2020,12,govt_facil_sold_to,1629,303,9,Extreme
A3322500721225003,332250,Red Devil,2021-01-01,2021,1,govt_facil_sold_to,1636,303,9,Extreme
A3322500821225003,332250,Red Devil,2021-02-01,2021,2,govt_facil_sold_to,1008,303,5,Strong
A3322500921225003,332250,Red Devil,2021-03-01,2021,3,govt_facil_sold_to,1109,303,6,Strong
A3322500222225003,332250,Red Devil,2021-08-01,2021,8,fuel_used_gallons,1644,745.5,8,Strong
A3322500222225003,332250,Red Devil,2021-08-01,2021,8,diesel_kwh_generated,11502,4744,5,Strong
A3322500822225003,332250,Red Devil,2022-02-01,2022,2,govt_facil_sold_to,1028,303,5,Strong
A3325301221225003,332530,Ruby,2021-06-01,2021,6,fuel_used_gallons,7895,4364.5,5,Strong
A3325301122225003,332530,Ruby,2022-05-01,2022,5,fuel_used_gallons,8068,4364.5,5,Strong
A3325301122225003,332530,Ruby,2022-05-01,2022,5,powerhouse_consumption_kwh,4365,2002,6,Strong
A3325300324225003,332530,Ruby,2023-09-01,2023,9,fuel_used_gallons,7949,4364.5,5,Strong
A3325300524225003,332530,Ruby,2023-11-01,2023,11,residential_sold_to,33661,20589.5,5,Strong
A3325300526225003,332530,Ruby,2025-11-01,2025,11,powerhouse_consumption_kwh,17400,2002,40,Extreme
A3315800116225003,331580,Russian Mission,2015-07-01,2015,7,commercial_sold_to,8044,3055,8,Strong
A3315800216225003,331580,Russian Mission,2015-08-01,2015,8,commercial_sold_to,8432,3055,9,Strong
A3315800316225003,331580,Russian Mission,2015-09-01,2015,9,commercial_sold_to,8482,3055,9,Strong
A3315800416225003,331580,Russian Mission,2015-10-01,2015,10,commercial_sold_to,8488,3055,9,Strong
A3315800516225003,331580,Russian Mission,2015-11-01,2015,11,commercial_sold_to,9018,3055,10,Extreme
A3315800616225003,331580,Russian Mission,2015-12-01,2015,12,commercial_sold_to,9796,3055,11,Extreme
A3315800716225003,331580,Russian Mission,2016-01-01,2016,1,commercial_sold_to,10700,3055,12,Extreme
A3315800417225003,331580,Russian Mission,2016-10-01,2016,10,residential_customers,176,78,66,Extreme
A3315800517225003,331580,Russian Mission,2016-11-01,2016,11,residential_customers,176,78,66,Extreme
A3315800717225003,331580,Russian Mission,2017-01-01,2017,1,residential_customers,175,78,65,Extreme
A3315800817225003,331580,Russian Mission,2017-02-01,2017,2,residential_customers,175,78,65,Extreme
A3315800725225003,331580,Russian Mission,2025-01-01,2025,1,residential_sold_to,48929,33854.5,5,Strong
A3315800526225003,331580,Russian Mission,2025-11-01,2025,11,commercial_sold_to,6692,3055,6,Strong
A3315800626225003,331580,Russian Mission,2025-12-01,2025,12,commercial_sold_to,6606,3055,6,Strong
A3315800726225003,331580,Russian Mission,2026-01-01,2026,1,powerhouse_consumption_kwh,20507,1816,45,Extreme
A3315800726225003,331580,Russian Mission,2026-01-01,2026,1,peak_consumption_kw,2060,199,251,Extreme
A3315800726225003,331580,Russian Mission,2026-01-01,2026,1,commercial_sold_to,7796,3055,8,Strong
A3315800826225003,331580,Russian Mission,2026-02-01,2026,2,commercial_sold_to,8115,3055,8,Strong
A3315800926225003,331580,Russian Mission,2026-03-01,2026,3,commercial_sold_to,8803,3055,9,Extreme
A3315801026225003,331580,Russian Mission,2026-04-01,2026,4,commercial_sold_to,8033,3055,8,Strong
A3315801126225003,331580,Russian Mission,2026-05-01,2026,5,commercial_sold_to,0,3055,5,Strong
A3315801126225003,331580,Russian Mission,2026-05-01,2026,5,govt_facil_sold_to,0,31422,5,Strong
A3325500216225003,332550,Saint George,2015-08-01,2015,8,fuel_used_gallons,6757,3721,6,Strong
A3325500316225003,332550,Saint George,2015-09-01,2015,9,powerhouse_consumption_kwh,4656,2691,5,Strong
A3325501016225003,332550,Saint George,2016-04-01,2016,4,powerhouse_consumption_kwh,4485,2691,5,Strong
A3325500217225003,332550,Saint George,2016-08-01,2016,8,wind_kwh_generated,26488,0,NA,Strong
A3325500317225003,332550,Saint George,2016-09-01,2016,9,wind_kwh_generated,20849,0,NA,Strong
A3325501217225003,332550,Saint George,2017-06-01,2017,6,powerhouse_consumption_kwh,5841,2691,8,Strong
A3325500618225003,332550,Saint George,2017-12-01,2017,12,powerhouse_consumption_kwh,6642,2691,10,Extreme
A3325501018225003,332550,Saint George,2018-04-01,2018,4,powerhouse_consumption_kwh,5305,2691,7,Strong
A3325501118225003,332550,Saint George,2018-05-01,2018,5,fuel_used_gallons,6787,3721,6,Strong
A3325500519225003,332550,Saint George,2018-11-01,2018,11,peak_consumption_kw,869,75,36,Extreme
A3325501121225003,332550,Saint George,2021-05-01,2021,5,powerhouse_consumption_kwh,4608,2691,5,Strong
A3325501222225003,332550,Saint George,2022-06-01,2022,6,powerhouse_consumption_kwh,12769,2691,26,Extreme
A3325500724225003,332550,Saint George,2024-01-01,2024,1,fuel_used_gallons,8045,3721,8,Strong
A3325500724225003,332550,Saint George,2024-01-01,2024,1,powerhouse_consumption_kwh,5542,2691,7,Strong
A3325501024225003,332550,Saint George,2024-04-01,2024,4,powerhouse_consumption_kwh,223,2691,6,Strong
A3325501124225003,332550,Saint George,2024-05-01,2024,5,powerhouse_consumption_kwh,5183,2691,6,Strong
A3325501224225003,332550,Saint George,2024-06-01,2024,6,com_facil_sold_to,20737,6868,6,Strong
A3325500525225003,332550,Saint George,2024-11-01,2024,11,fuel_used_gallons,7765,3721,8,Strong
A3325500525225003,332550,Saint George,2024-11-01,2024,11,diesel_kwh_generated,92959,45478.5,6,Strong
A3325500525225003,332550,Saint George,2024-11-01,2024,11,powerhouse_consumption_kwh,5437,2691,7,Strong
A3325500525225003,332550,Saint George,2024-11-01,2024,11,unbilled_sold_to,17904,2734,5,Strong
A3316600116225003,331660,"Saint Mary's, Andreafsky",2015-07-01,2015,7,commercial_sold_to,53114,34036,5,Strong
A3316600216225003,331660,"Saint Mary's, Andreafsky",2015-08-01,2015,8,commercial_sold_to,56835,34036,6,Strong
A3316600316225003,331660,"Saint Mary's, Andreafsky",2015-09-01,2015,9,commercial_sold_to,62055,34036,7,Strong
A3316600416225003,331660,"Saint Mary's, Andreafsky",2015-10-01,2015,10,commercial_sold_to,62582,34036,7,Strong
A3316600516225003,331660,"Saint Mary's, Andreafsky",2015-11-01,2015,11,commercial_sold_to,66232,34036,8,Strong
A3316600616225003,331660,"Saint Mary's, Andreafsky",2015-12-01,2015,12,commercial_sold_to,66680,34036,8,Strong
A3316600716225003,331660,"Saint Mary's, Andreafsky",2016-01-01,2016,1,commercial_sold_to,68967,34036,9,Strong
A3316600723225003,331660,"Saint Mary's, Andreafsky",2023-01-01,2023,1,powerhouse_consumption_kwh,91390,10509,7,Strong
A3316600724225003,331660,"Saint Mary's, Andreafsky",2024-01-01,2024,1,powerhouse_consumption_kwh,73444,10509,6,Strong
A3316600625225003,331660,"Saint Mary's, Andreafsky",2024-12-01,2024,12,powerhouse_consumption_kwh,79623,10509,6,Strong
A3316600725225003,331660,"Saint Mary's, Andreafsky",2025-01-01,2025,1,diesel_kwh_generated,682368,277628.5,5,Strong
A3316600725225003,331660,"Saint Mary's, Andreafsky",2025-01-01,2025,1,powerhouse_consumption_kwh,75635,10509,6,Strong
A3316600526225003,331660,"Saint Mary's, Andreafsky",2025-11-01,2025,11,commercial_sold_to,55219,34036,5,Strong
A3316600626225003,331660,"Saint Mary's, Andreafsky",2025-12-01,2025,12,commercial_sold_to,55705,34036,5,Strong
A3316600726225003,331660,"Saint Mary's, Andreafsky",2026-01-01,2026,1,commercial_sold_to,15610,34036,5,Strong
A3316600726225003,331660,"Saint Mary's, Andreafsky",2026-01-01,2026,1,residential_customers,60,174,19,Extreme
A3316600826225003,331660,"Saint Mary's, Andreafsky",2026-02-01,2026,2,commercial_sold_to,61086,34036,7,Strong
A3316600926225003,331660,"Saint Mary's, Andreafsky",2026-03-01,2026,3,commercial_sold_to,66306,34036,8,Strong
A3316601126225003,331660,"Saint Mary's, Andreafsky",2026-05-01,2026,5,commercial_sold_to,0,34036,9,Strong
A3316601126225003,331660,"Saint Mary's, Andreafsky",2026-05-01,2026,5,govt_facil_sold_to,0,62063,5,Strong
A3316700116225003,331670,Saint Michael,2015-07-01,2015,7,commercial_sold_to,33885,17955,5,Strong
A3316700216225003,331670,Saint Michael,2015-08-01,2015,8,commercial_sold_to,35567,17955,5,Strong
A3316700516225003,331670,Saint Michael,2015-11-01,2015,11,commercial_sold_to,37138,17955,6,Strong
A3316700616225003,331670,Saint Michael,2015-12-01,2015,12,commercial_sold_to,40715,17955,7,Strong
A3316700716225003,331670,Saint Michael,2016-01-01,2016,1,commercial_sold_to,41145,17955,7,Strong
A3316700526225003,331670,Saint Michael,2025-11-01,2025,11,commercial_sold_to,43033,17955,7,Strong
A3316700626225003,331670,Saint Michael,2025-12-01,2025,12,commercial_sold_to,40304,17955,7,Strong
A3316700726225003,331670,Saint Michael,2026-01-01,2026,1,commercial_sold_to,47751,17955,9,Strong
A3316700826225003,331670,Saint Michael,2026-02-01,2026,2,commercial_sold_to,37886,17955,6,Strong
A3316700926225003,331670,Saint Michael,2026-03-01,2026,3,commercial_sold_to,45833,17955,8,Strong
A3316701026225003,331670,Saint Michael,2026-04-01,2026,4,commercial_sold_to,36016,17955,5,Strong
A3316701126225003,331670,Saint Michael,2026-05-01,2026,5,commercial_sold_to,0,17955,5,Strong
A3316701126225003,331670,Saint Michael,2026-05-01,2026,5,govt_facil_sold_to,0,37582,6,Strong
A3325600516225003,332560,Saint Paul,2015-11-01,2015,11,total_kwh_purchased,50009,1538,21,Extreme
A3325600616225003,332560,Saint Paul,2015-12-01,2015,12,total_kwh_purchased,63245,1538,27,Extreme
A3325600716225003,332560,Saint Paul,2016-01-01,2016,1,total_kwh_purchased,76541,1538,33,Extreme
A3325600816225003,332560,Saint Paul,2016-02-01,2016,2,total_kwh_purchased,89259,1538,38,Extreme
A3325600916225003,332560,Saint Paul,2016-03-01,2016,3,total_kwh_purchased,37995,1538,16,Extreme
A3325601016225003,332560,Saint Paul,2016-04-01,2016,4,total_kwh_purchased,64763,1538,28,Extreme
A3325601116225003,332560,Saint Paul,2016-05-01,2016,5,total_kwh_purchased,36595,1538,15,Extreme
A3325601216225003,332560,Saint Paul,2016-06-01,2016,6,total_kwh_purchased,33416,1538,14,Extreme
A3325600117225003,332560,Saint Paul,2016-07-01,2016,7,total_kwh_purchased,25709,1538,11,Extreme
A3325600217225003,332560,Saint Paul,2016-08-01,2016,8,total_kwh_purchased,40002,1538,17,Extreme
A3325600317225003,332560,Saint Paul,2016-09-01,2016,9,total_kwh_purchased,44136,1538,19,Extreme
A3325600417225003,332560,Saint Paul,2016-10-01,2016,10,total_kwh_purchased,46126,1538,20,Extreme
A3325600517225003,332560,Saint Paul,2016-11-01,2016,11,total_kwh_purchased,52450,1538,22,Extreme
A3325600617225003,332560,Saint Paul,2016-12-01,2016,12,total_kwh_purchased,45977,1538,19,Extreme
A3325600717225003,332560,Saint Paul,2017-01-01,2017,1,total_kwh_purchased,56729,1538,24,Extreme
A3325600817225003,332560,Saint Paul,2017-02-01,2017,2,total_kwh_purchased,77972,1538,34,Extreme
A3325600917225003,332560,Saint Paul,2017-03-01,2017,3,total_kwh_purchased,60614,1538,26,Extreme
A3325601017225003,332560,Saint Paul,2017-04-01,2017,4,total_kwh_purchased,47840,1538,20,Extreme
A3325601117225003,332560,Saint Paul,2017-05-01,2017,5,total_kwh_purchased,44357,1538,19,Extreme
A3325601217225003,332560,Saint Paul,2017-06-01,2017,6,total_kwh_purchased,16665,1538,7,Strong
A3325600118225003,332560,Saint Paul,2017-07-01,2017,7,total_kwh_purchased,26005,1538,11,Extreme
A3325600218225003,332560,Saint Paul,2017-08-01,2017,8,total_kwh_purchased,19843,1538,8,Strong
A3325600318225003,332560,Saint Paul,2017-09-01,2017,9,total_kwh_purchased,21978,1538,9,Strong
A3325600418225003,332560,Saint Paul,2017-10-01,2017,10,total_kwh_purchased,12299,1538,5,Strong
A3325600518225003,332560,Saint Paul,2017-11-01,2017,11,total_kwh_purchased,47095,1538,20,Extreme
A3325600618225003,332560,Saint Paul,2017-12-01,2017,12,total_kwh_purchased,54964,1538,23,Extreme
A3325600718225003,332560,Saint Paul,2018-01-01,2018,1,total_kwh_purchased,59369,1538,25,Extreme
A3325600818225003,332560,Saint Paul,2018-02-01,2018,2,total_kwh_purchased,61072,1538,26,Extreme
A3325600918225003,332560,Saint Paul,2018-03-01,2018,3,total_kwh_purchased,20128,1538,8,Strong
A3325601018225003,332560,Saint Paul,2018-04-01,2018,4,total_kwh_purchased,32998,1538,14,Extreme
A3325601118225003,332560,Saint Paul,2018-05-01,2018,5,total_kwh_purchased,42038,1538,18,Extreme
A3325601218225003,332560,Saint Paul,2018-06-01,2018,6,total_kwh_purchased,20554,1538,8,Strong
A3325600119225003,332560,Saint Paul,2018-07-01,2018,7,total_kwh_purchased,14210,1538,6,Strong
A3325600219225003,332560,Saint Paul,2018-08-01,2018,8,total_kwh_purchased,26980,1538,11,Extreme
A3325600319225003,332560,Saint Paul,2018-09-01,2018,9,total_kwh_purchased,13115,1538,5,Strong
A3325600419225003,332560,Saint Paul,2018-10-01,2018,10,total_kwh_purchased,21655,1538,9,Strong
A3325600519225003,332560,Saint Paul,2018-11-01,2018,11,total_kwh_purchased,19126,1538,8,Strong
A3325600619225003,332560,Saint Paul,2018-12-01,2018,12,total_kwh_purchased,27016,1538,11,Extreme
A3325600719225003,332560,Saint Paul,2019-01-01,2019,1,total_kwh_purchased,28325,1538,12,Extreme
A3325600819225003,332560,Saint Paul,2019-02-01,2019,2,total_kwh_purchased,24166,1538,10,Extreme
A3325600919225003,332560,Saint Paul,2019-03-01,2019,3,total_kwh_purchased,19903,1538,8,Strong
A3325600520225003,332560,Saint Paul,2019-11-01,2019,11,total_kwh_purchased,16355,1538,6,Strong
A3325600620225003,332560,Saint Paul,2019-12-01,2019,12,total_kwh_purchased,22351,1538,9,Extreme
A3325600720225003,332560,Saint Paul,2020-01-01,2020,1,total_kwh_purchased,57206,1538,24,Extreme
A3325600820225003,332560,Saint Paul,2020-02-01,2020,2,total_kwh_purchased,40428,1538,17,Extreme
A3325600920225003,332560,Saint Paul,2020-03-01,2020,3,total_kwh_purchased,26977,1538,11,Extreme
A3325601020225003,332560,Saint Paul,2020-04-01,2020,4,total_kwh_purchased,15444,1538,6,Strong
A3325600521225003,332560,Saint Paul,2020-11-01,2020,11,total_kwh_purchased,25398,1538,10,Extreme
A3325600621225003,332560,Saint Paul,2020-12-01,2020,12,total_kwh_purchased,17240,1538,7,Strong
A3325600721225003,332560,Saint Paul,2021-01-01,2021,1,total_kwh_purchased,27543,1538,11,Extreme
A3325600625225003,332560,Saint Paul,2024-12-01,2024,12,fuel_used_gallons,28791,19456,5,Strong
A3325600725225003,332560,Saint Paul,2025-01-01,2025,1,fuel_used_gallons,29672,19456,5,Strong
A3325600725225003,332560,Saint Paul,2025-01-01,2025,1,diesel_kwh_generated,424495,265086,6,Strong
A3325601225225003,332560,Saint Paul,2025-06-01,2025,6,wind_kwh_generated,36665,0,NA,Strong
A3325600126225003,332560,Saint Paul,2025-07-01,2025,7,wind_kwh_generated,21365,0,NA,Strong
A3325600226225003,332560,Saint Paul,2025-08-01,2025,8,wind_kwh_generated,15221,0,NA,Strong
A3325600326225003,332560,Saint Paul,2025-09-01,2025,9,wind_kwh_generated,13257,0,NA,Strong
A3325600426225003,332560,Saint Paul,2025-10-01,2025,10,wind_kwh_generated,37679,0,NA,Strong
A3325600526225003,332560,Saint Paul,2025-11-01,2025,11,wind_kwh_generated,37679,0,NA,Strong
A3325600526225003,332560,Saint Paul,2025-11-01,2025,11,total_kwh_purchased,61591,1538,26,Extreme
A3325600626225003,332560,Saint Paul,2025-12-01,2025,12,total_kwh_purchased,50305,1538,21,Extreme
A3325600626225003,332560,Saint Paul,2025-12-01,2025,12,residential_sold_to,123700,55595,12,Extreme
A3325600726225003,332560,Saint Paul,2026-01-01,2026,1,total_kwh_purchased,46811,1538,20,Extreme
A3325600926225003,332560,Saint Paul,2026-03-01,2026,3,fuel_used_gallons,29608,19456,5,Strong
A3325601026225003,332560,Saint Paul,2026-04-01,2026,4,fuel_used_gallons,29608,19456,5,Strong
A3325401117225003,332540,Sand Point,2017-05-01,2017,5,wind_kwh_generated,52248,0,NA,Strong
A3325401217225003,332540,Sand Point,2017-06-01,2017,6,wind_kwh_generated,40099,0,NA,Strong
A3325400519225003,332540,Sand Point,2018-11-01,2018,11,unbilled_sold_to,20807,89,157,Extreme
A3325400619225003,332540,Sand Point,2018-12-01,2018,12,unbilled_sold_to,62726,89,475,Extreme
A3325400719225003,332540,Sand Point,2019-01-01,2019,1,unbilled_sold_to,43461,89,329,Extreme
A3325400819225003,332540,Sand Point,2019-02-01,2019,2,unbilled_sold_to,33464,89,253,Extreme
A3325400919225003,332540,Sand Point,2019-03-01,2019,3,unbilled_sold_to,45111,89,341,Extreme
A3325401019225003,332540,Sand Point,2019-04-01,2019,4,unbilled_sold_to,23922,89,181,Extreme
A3325401119225003,332540,Sand Point,2019-05-01,2019,5,unbilled_sold_to,9381,89,70,Extreme
A3325400120225003,332540,Sand Point,2019-07-01,2019,7,unbilled_sold_to,763,89,5,Strong
A3325400320225003,332540,Sand Point,2019-09-01,2019,9,unbilled_sold_to,9854,89,74,Extreme
A3325400420225003,332540,Sand Point,2019-10-01,2019,10,unbilled_sold_to,10780,89,81,Extreme
A3325400520225003,332540,Sand Point,2019-11-01,2019,11,unbilled_sold_to,4567,89,34,Extreme
A3325400620225003,332540,Sand Point,2019-12-01,2019,12,unbilled_sold_to,6307,89,47,Extreme
A3325400621225003,332540,Sand Point,2020-12-01,2020,12,fuel_used_gallons,38672,19953,6,Strong
A3325401221225003,332540,Sand Point,2021-06-01,2021,6,wind_kwh_generated,29770,0,NA,Strong
A3325400423225003,332540,Sand Point,2022-10-01,2022,10,powerhouse_consumption_kwh,25537,6720,12,Extreme
A3315900116225003,331590,Savoonga,2015-07-01,2015,7,commercial_sold_to,28118,3284,14,Extreme
A3315900116225003,331590,Savoonga,2015-07-01,2015,7,com_facil_sold_to,11565,52231,5,Strong
A3315900216225003,331590,Savoonga,2015-08-01,2015,8,commercial_sold_to,29118,3284,15,Extreme
A3315900216225003,331590,Savoonga,2015-08-01,2015,8,com_facil_sold_to,12519,52231,5,Strong
A3315900316225003,331590,Savoonga,2015-09-01,2015,9,commercial_sold_to,31740,3284,16,Extreme
A3315900316225003,331590,Savoonga,2015-09-01,2015,9,com_facil_sold_to,13422,52231,5,Strong
A3315900416225003,331590,Savoonga,2015-10-01,2015,10,commercial_sold_to,39208,3284,20,Extreme
A3315900516225003,331590,Savoonga,2015-11-01,2015,11,commercial_sold_to,42913,3284,22,Extreme
A3315900616225003,331590,Savoonga,2015-12-01,2015,12,powerhouse_consumption_kwh,5532,2735,5,Strong
A3315900616225003,331590,Savoonga,2015-12-01,2015,12,commercial_sold_to,42702,3284,22,Extreme
A3315900716225003,331590,Savoonga,2016-01-01,2016,1,powerhouse_consumption_kwh,6092,2735,6,Strong
A3315900716225003,331590,Savoonga,2016-01-01,2016,1,commercial_sold_to,46701,3284,25,Extreme
A3315900816225003,331590,Savoonga,2016-02-01,2016,2,commercial_sold_to,13279,3284,6,Strong
A3315901016225003,331590,Savoonga,2016-04-01,2016,4,commercial_sold_to,12853,3284,5,Strong
A3315901116225003,331590,Savoonga,2016-05-01,2016,5,commercial_sold_to,11783,3284,5,Strong
A3315900217225003,331590,Savoonga,2016-08-01,2016,8,residential_customers,82,161,53,Extreme
A3315900417225003,331590,Savoonga,2016-10-01,2016,10,residential_customers,83,161,53,Extreme
A3315900517225003,331590,Savoonga,2016-11-01,2016,11,residential_customers,83,161,53,Extreme
A3315900617225003,331590,Savoonga,2016-12-01,2016,12,commercial_sold_to,15196,3284,7,Strong
A3315900717225003,331590,Savoonga,2017-01-01,2017,1,residential_customers,86,161,51,Extreme
A3315900817225003,331590,Savoonga,2017-02-01,2017,2,residential_customers,85,161,51,Extreme
A3315901121225003,331590,Savoonga,2021-05-01,2021,5,powerhouse_consumption_kwh,5667,2735,5,Strong
A3315900323225003,331590,Savoonga,2022-09-01,2022,9,commercial_sold_to,12246,3284,5,Strong
A3315900623225003,331590,Savoonga,2022-12-01,2022,12,fuel_used_gallons,39691,13817,11,Extreme
A3315900124225003,331590,Savoonga,2023-07-01,2023,7,powerhouse_consumption_kwh,10465,2735,13,Extreme
A3315900225225003,331590,Savoonga,2024-08-01,2024,8,powerhouse_consumption_kwh,5533,2735,5,Strong
A3315900526225003,331590,Savoonga,2025-11-01,2025,11,commercial_sold_to,43840,3284,23,Extreme
A3315900626225003,331590,Savoonga,2025-12-01,2025,12,commercial_sold_to,43765,3284,23,Extreme
A3315900726225003,331590,Savoonga,2026-01-01,2026,1,peak_consumption_kw,4940,436.5,108,Extreme
A3315900726225003,331590,Savoonga,2026-01-01,2026,1,commercial_sold_to,46549,3284,25,Extreme
A3315900826225003,331590,Savoonga,2026-02-01,2026,2,commercial_sold_to,42288,3284,22,Extreme
A3315900926225003,331590,Savoonga,2026-03-01,2026,3,fuel_used_gallons,46206,13817,13,Extreme
A3315900926225003,331590,Savoonga,2026-03-01,2026,3,commercial_sold_to,43983,3284,23,Extreme
A3315901026225003,331590,Savoonga,2026-04-01,2026,4,commercial_sold_to,44162,3284,23,Extreme
A3315901126225003,331590,Savoonga,2026-05-01,2026,5,com_facil_sold_to,0,52231,7,Strong
A3315901126225003,331590,Savoonga,2026-05-01,2026,5,govt_facil_sold_to,0,54418,8,Strong
A3316000116225003,331600,Scammon Bay,2015-07-01,2015,7,commercial_sold_to,13355,6310,8,Strong
A3316000216225003,331600,Scammon Bay,2015-08-01,2015,8,commercial_sold_to,13256,6310,8,Strong
A3316000316225003,331600,Scammon Bay,2015-09-01,2015,9,commercial_sold_to,14352,6310,9,Strong
A3316000416225003,331600,Scammon Bay,2015-10-01,2015,10,commercial_sold_to,16433,6310,11,Extreme
A3316000516225003,331600,Scammon Bay,2015-11-01,2015,11,commercial_sold_to,13599,6310,8,Strong
A3316000616225003,331600,Scammon Bay,2015-12-01,2015,12,commercial_sold_to,13788,6310,8,Strong
A3316000716225003,331600,Scammon Bay,2016-01-01,2016,1,commercial_sold_to,16670,6310,11,Extreme
A3316000223225003,331600,Scammon Bay,2022-08-01,2022,8,powerhouse_consumption_kwh,6428,3001,5,Strong
A3316000323225003,331600,Scammon Bay,2022-09-01,2022,9,powerhouse_consumption_kwh,6027,3001,5,Strong
A3316000423225003,331600,Scammon Bay,2022-10-01,2022,10,powerhouse_consumption_kwh,5974,3001,5,Strong
A3316000723225003,331600,Scammon Bay,2023-01-01,2023,1,powerhouse_consumption_kwh,7532,3001,7,Strong
A3316001023225003,331600,Scammon Bay,2023-04-01,2023,4,powerhouse_consumption_kwh,6528,3001,5,Strong
A3316000226225003,331600,Scammon Bay,2025-08-01,2025,8,powerhouse_consumption_kwh,6402,3001,5,Strong
A3316000426225003,331600,Scammon Bay,2025-10-01,2025,10,powerhouse_consumption_kwh,6404,3001,5,Strong
A3316000526225003,331600,Scammon Bay,2025-11-01,2025,11,commercial_sold_to,14356,6310,9,Strong
A3316000626225003,331600,Scammon Bay,2025-12-01,2025,12,commercial_sold_to,13980,6310,8,Strong
A3316000726225003,331600,Scammon Bay,2026-01-01,2026,1,commercial_sold_to,15948,6310,10,Extreme
A3316000826225003,331600,Scammon Bay,2026-02-01,2026,2,commercial_sold_to,13935,6310,8,Strong
A3316000926225003,331600,Scammon Bay,2026-03-01,2026,3,commercial_sold_to,15146,6310,10,Extreme
A3316001026225003,331600,Scammon Bay,2026-04-01,2026,4,commercial_sold_to,19092,6310,14,Extreme
A3316001126225003,331600,Scammon Bay,2026-05-01,2026,5,commercial_sold_to,0,6310,7,Strong
A3316001126225003,331600,Scammon Bay,2026-05-01,2026,5,govt_facil_sold_to,0,52121,5,Strong
A3316100216225003,331610,Selawik,2015-08-01,2015,8,wind_kwh_generated,7872,613,8,Strong
A3316100316225003,331610,Selawik,2015-09-01,2015,9,wind_kwh_generated,6153,613,6,Strong
A3316100516225003,331610,Selawik,2015-11-01,2015,11,wind_kwh_generated,18994,613,20,Extreme
A3316100516225003,331610,Selawik,2015-11-01,2015,11,commercial_sold_to,32418,21065,5,Strong
A3316100616225003,331610,Selawik,2015-12-01,2015,12,wind_kwh_generated,16429,613,17,Extreme
A3316100616225003,331610,Selawik,2015-12-01,2015,12,commercial_sold_to,62937,21065,17,Extreme
A3316100716225003,331610,Selawik,2016-01-01,2016,1,wind_kwh_generated,34826,613,38,Extreme
A3316100716225003,331610,Selawik,2016-01-01,2016,1,commercial_sold_to,63290,21065,18,Extreme
A3316100816225003,331610,Selawik,2016-02-01,2016,2,wind_kwh_generated,8388,613,9,Strong
A3316101016225003,331610,Selawik,2016-04-01,2016,4,wind_kwh_generated,8659,613,9,Strong
A3316100217225003,331610,Selawik,2016-08-01,2016,8,residential_customers,30,166,23,Extreme
A3316100417225003,331610,Selawik,2016-10-01,2016,10,residential_customers,31,166,23,Extreme
A3316100517225003,331610,Selawik,2016-11-01,2016,11,residential_customers,30,166,23,Extreme
A3316100717225003,331610,Selawik,2017-01-01,2017,1,residential_customers,29,166,23,Extreme
A3316100817225003,331610,Selawik,2017-02-01,2017,2,residential_customers,29,166,23,Extreme
A3316100518225003,331610,Selawik,2017-11-01,2017,11,wind_kwh_generated,4887,613,5,Strong
A3316100526225003,331610,Selawik,2025-11-01,2025,11,commercial_sold_to,32402,21065,5,Strong
A3316100626225003,331610,Selawik,2025-12-01,2025,12,commercial_sold_to,34464,21065,6,Strong
A3316100726225003,331610,Selawik,2026-01-01,2026,1,commercial_sold_to,37206,21065,7,Strong
A3316100826225003,331610,Selawik,2026-02-01,2026,2,commercial_sold_to,33667,21065,5,Strong
A3316100926225003,331610,Selawik,2026-03-01,2026,3,commercial_sold_to,37546,21065,7,Strong
A3316101126225003,331610,Selawik,2026-05-01,2026,5,commercial_sold_to,0,21065,9,Strong
A3316200217225003,331620,Shageluk,2016-08-01,2016,8,residential_customers,137,37,67,Extreme
A3316200424225003,331620,Shageluk,2023-10-01,2023,10,com_facil_sold_to,20856,7149,7,Strong
A3316201225225003,331620,Shageluk,2025-06-01,2025,6,powerhouse_consumption_kwh,2522,988,5,Strong
A3316200126225003,331620,Shageluk,2025-07-01,2025,7,powerhouse_consumption_kwh,3091,988,7,Strong
A3316200526225003,331620,Shageluk,2025-11-01,2025,11,powerhouse_consumption_kwh,2442,988,5,Strong
A3316200626225003,331620,Shageluk,2025-12-01,2025,12,powerhouse_consumption_kwh,2886,988,6,Strong
A3316200726225003,331620,Shageluk,2026-01-01,2026,1,residential_sold_to,23749,11141.5,5,Strong
A3316200726225003,331620,Shageluk,2026-01-01,2026,1,commercial_sold_to,13738,8512,5,Strong
A3316201126225003,331620,Shageluk,2026-05-01,2026,5,commercial_sold_to,0,8512,8,Strong
A3316300116225003,331630,Shaktoolik,2015-07-01,2015,7,commercial_sold_to,22820,13144,7,Strong
A3316300216225003,331630,Shaktoolik,2015-08-01,2015,8,commercial_sold_to,21374,13144,6,Strong
A3316301016225003,331630,Shaktoolik,2016-04-01,2016,4,powerhouse_consumption_kwh,24528,5867,5,Strong
A3316300417225003,331630,Shaktoolik,2016-10-01,2016,10,residential_customers,137,63,50,Extreme
A3316300517225003,331630,Shaktoolik,2016-11-01,2016,11,residential_customers,138,63,51,Extreme
A3316300717225003,331630,Shaktoolik,2017-01-01,2017,1,residential_customers,141,63,53,Extreme
A3316300817225003,331630,Shaktoolik,2017-02-01,2017,2,residential_customers,139,63,51,Extreme
A3316300618225003,331630,Shaktoolik,2017-12-01,2017,12,fuel_used_gallons,8088,5158.5,5,Strong
A3316300725225003,331630,Shaktoolik,2025-01-01,2025,1,fuel_used_gallons,8121,5158.5,5,Strong
A3316300526225003,331630,Shaktoolik,2025-11-01,2025,11,commercial_sold_to,27197,13144,10,Extreme
A3316300626225003,331630,Shaktoolik,2025-12-01,2025,12,commercial_sold_to,30834,13144,13,Extreme
A3316300726225003,331630,Shaktoolik,2026-01-01,2026,1,diesel_kwh_generated,129942,69070,5,Strong
A3316300726225003,331630,Shaktoolik,2026-01-01,2026,1,commercial_sold_to,34338,13144,15,Extreme
A3316300826225003,331630,Shaktoolik,2026-02-01,2026,2,commercial_sold_to,30990,13144,13,Extreme
A3316300926225003,331630,Shaktoolik,2026-03-01,2026,3,commercial_sold_to,35335,13144,16,Extreme
A3316301026225003,331630,Shaktoolik,2026-04-01,2026,4,commercial_sold_to,30237,13144,12,Extreme
A3316301126225003,331630,Shaktoolik,2026-05-01,2026,5,commercial_sold_to,0,13144,10,Extreme
A3316400217225003,331640,Shishmaref,2016-08-01,2016,8,residential_customers,89,150,14,Extreme
A3316400417225003,331640,Shishmaref,2016-10-01,2016,10,residential_customers,91,150,13,Extreme
A3316400517225003,331640,Shishmaref,2016-11-01,2016,11,residential_customers,90,150,13,Extreme
A3316400717225003,331640,Shishmaref,2017-01-01,2017,1,residential_customers,92,150,13,Extreme
A3316400817225003,331640,Shishmaref,2017-02-01,2017,2,residential_customers,92,150,13,Extreme
A3316400619225003,331640,Shishmaref,2018-12-01,2018,12,fuel_used_gallons,18063,10882,5,Strong
A3316400823225003,331640,Shishmaref,2023-02-01,2023,2,fuel_used_gallons,33823,10882,16,Extreme
A3316401126225003,331640,Shishmaref,2026-05-01,2026,5,govt_facil_sold_to,0,35830,5,Strong
A3316500116225003,331650,Shungnak,2015-07-01,2015,7,commercial_sold_to,14820,7708.5,8,Strong
A3316500216225003,331650,Shungnak,2015-08-01,2015,8,commercial_sold_to,13140,7708.5,6,Strong
A3316500316225003,331650,Shungnak,2015-09-01,2015,9,commercial_sold_to,14426,7708.5,7,Strong
A3316500416225003,331650,Shungnak,2015-10-01,2015,10,commercial_sold_to,14635,7708.5,7,Strong
A3316500516225003,331650,Shungnak,2015-11-01,2015,11,commercial_sold_to,13729,7708.5,6,Strong
A3316500616225003,331650,Shungnak,2015-12-01,2015,12,commercial_sold_to,13848,7708.5,7,Strong
A3316500716225003,331650,Shungnak,2016-01-01,2016,1,commercial_sold_to,14277,7708.5,7,Strong
A3316500217225003,331650,Shungnak,2016-08-01,2016,8,residential_customers,185,61,42,Extreme
A3316500522225003,331650,Shungnak,2021-11-01,2021,11,commercial_sold_to,13672,7708.5,6,Strong
A3316500622225003,331650,Shungnak,2021-12-01,2021,12,fuel_used_gallons,27862,9839,7,Strong
A3316500622225003,331650,Shungnak,2021-12-01,2021,12,commercial_sold_to,12933,7708.5,6,Strong
A3316500623225003,331650,Shungnak,2022-12-01,2022,12,fuel_used_gallons,23885,9839,6,Strong
A3316500224225003,331650,Shungnak,2023-08-01,2023,8,commercial_sold_to,3527,7708.5,5,Strong
A3316500324225003,331650,Shungnak,2023-09-01,2023,9,commercial_sold_to,3084,7708.5,5,Strong
A3316500424225003,331650,Shungnak,2023-10-01,2023,10,commercial_sold_to,3401,7708.5,5,Strong
A3316500524225003,331650,Shungnak,2023-11-01,2023,11,commercial_sold_to,3245,7708.5,5,Strong
A3316500624225003,331650,Shungnak,2023-12-01,2023,12,commercial_sold_to,23163,7708.5,17,Extreme
A3316500526225003,331650,Shungnak,2025-11-01,2025,11,commercial_sold_to,13217,7708.5,6,Strong
A3316500626225003,331650,Shungnak,2025-12-01,2025,12,commercial_sold_to,15975,7708.5,9,Strong
A3316500726225003,331650,Shungnak,2026-01-01,2026,1,residential_sold_to,75133,31222.5,6,Strong
A3316500726225003,331650,Shungnak,2026-01-01,2026,1,commercial_sold_to,41080,7708.5,36,Extreme
A3316500726225003,331650,Shungnak,2026-01-01,2026,1,govt_facil_sold_to,48562,19852,6,Strong
A3316500726225003,331650,Shungnak,2026-01-01,2026,1,residential_customers,149,61,30,Extreme
A3316500826225003,331650,Shungnak,2026-02-01,2026,2,commercial_sold_to,13564,7708.5,6,Strong
A3316500926225003,331650,Shungnak,2026-03-01,2026,3,commercial_sold_to,14417,7708.5,7,Strong
A3316501026225003,331650,Shungnak,2026-04-01,2026,4,commercial_sold_to,12711,7708.5,5,Strong
A3316501126225003,331650,Shungnak,2026-05-01,2026,5,commercial_sold_to,0,7708.5,8,Strong
A3311900817225003,331190,Skagway,2017-02-01,2017,2,govt_facil_customers,0,60,40,Extreme
A3311901117225003,331190,Skagway,2017-05-01,2017,5,fuel_used_gallons,20729,2224,6,Strong
A3311901117225003,331190,Skagway,2017-05-01,2017,5,diesel_kwh_generated,308000,32666,6,Strong
A3311900820225003,331190,Skagway,2020-02-01,2020,2,fuel_used_gallons,18557,2224,5,Strong
A3311901020225003,331190,Skagway,2020-04-01,2020,4,fuel_used_gallons,31913,2224,9,Extreme
A3311901020225003,331190,Skagway,2020-04-01,2020,4,diesel_kwh_generated,467772,32666,9,Extreme
A3311900821225003,331190,Skagway,2021-02-01,2021,2,fuel_used_gallons,20675,2224,6,Strong
A3311900821225003,331190,Skagway,2021-02-01,2021,2,diesel_kwh_generated,301625,32666,6,Strong
A3311901021225003,331190,Skagway,2021-04-01,2021,4,fuel_used_gallons,30573,2224,9,Strong
A3311901021225003,331190,Skagway,2021-04-01,2021,4,diesel_kwh_generated,444461,32666,9,Strong
A3311901121225003,331190,Skagway,2021-05-01,2021,5,fuel_used_gallons,33941,2224,10,Extreme
A3311901121225003,331190,Skagway,2021-05-01,2021,5,diesel_kwh_generated,494196,32666,10,Extreme
A3311901121225003,331190,Skagway,2021-05-01,2021,5,total_kwh_purchased,46993,829697,5,Strong
A3311901122225003,331190,Skagway,2022-05-01,2022,5,fuel_used_gallons,26909,2224,8,Strong
A3311901122225003,331190,Skagway,2022-05-01,2022,5,diesel_kwh_generated,394990,32666,8,Strong
A3311900723225003,331190,Skagway,2023-01-01,2023,1,fuel_used_gallons,21367,2224,6,Strong
A3311900723225003,331190,Skagway,2023-01-01,2023,1,diesel_kwh_generated,311055,32666,6,Strong
A3311900723225003,331190,Skagway,2023-01-01,2023,1,peak_consumption_kw,22920,2274,41,Extreme
A3311900823225003,331190,Skagway,2023-02-01,2023,2,fuel_used_gallons,18996,2224,5,Strong
A3311900823225003,331190,Skagway,2023-02-01,2023,2,diesel_kwh_generated,266406,32666,5,Strong
A3311900923225003,331190,Skagway,2023-03-01,2023,3,fuel_used_gallons,37095,2224,11,Extreme
A3311900923225003,331190,Skagway,2023-03-01,2023,3,diesel_kwh_generated,518983,32666,10,Extreme
A3311901023225003,331190,Skagway,2023-04-01,2023,4,fuel_used_gallons,23871,2224,7,Strong
A3311901023225003,331190,Skagway,2023-04-01,2023,4,diesel_kwh_generated,332757,32666,6,Strong
A3311900224225003,331190,Skagway,2023-08-01,2023,8,fuel_used_gallons,29954,2224,9,Strong
A3311900224225003,331190,Skagway,2023-08-01,2023,8,diesel_kwh_generated,441333,32666,9,Strong
A3311900824225003,331190,Skagway,2024-02-01,2024,2,fuel_used_gallons,42863,2224,13,Extreme
A3311900824225003,331190,Skagway,2024-02-01,2024,2,diesel_kwh_generated,599435,32666,12,Extreme
A3311900924225003,331190,Skagway,2024-03-01,2024,3,fuel_used_gallons,33416,2224,10,Extreme
A3311900924225003,331190,Skagway,2024-03-01,2024,3,diesel_kwh_generated,468860,32666,9,Extreme
A3311901024225003,331190,Skagway,2024-04-01,2024,4,fuel_used_gallons,17267,2224,5,Strong
A3311900725225003,331190,Skagway,2025-01-01,2025,1,fuel_used_gallons,19129,2224,5,Strong
A3311900725225003,331190,Skagway,2025-01-01,2025,1,diesel_kwh_generated,270477,32666,5,Strong
A3311900825225003,331190,Skagway,2025-02-01,2025,2,fuel_used_gallons,34432,2224,10,Extreme
A3311900825225003,331190,Skagway,2025-02-01,2025,2,diesel_kwh_generated,479727,32666,9,Extreme
A3311900925225003,331190,Skagway,2025-03-01,2025,3,fuel_used_gallons,24290,2224,7,Strong
A3311900925225003,331190,Skagway,2025-03-01,2025,3,diesel_kwh_generated,347162,32666,7,Strong
A3311901025225003,331190,Skagway,2025-04-01,2025,4,fuel_used_gallons,28738,2224,8,Strong
A3311901025225003,331190,Skagway,2025-04-01,2025,4,diesel_kwh_generated,405969,32666,8,Strong
A3311900726225003,331190,Skagway,2026-01-01,2026,1,fuel_used_gallons,59068,2224,18,Extreme
A3311900726225003,331190,Skagway,2026-01-01,2026,1,diesel_kwh_generated,838883,32666,17,Extreme
A3311900726225003,331190,Skagway,2026-01-01,2026,1,residential_sold_to,423601,274938,5,Strong
A3311900726225003,331190,Skagway,2026-01-01,2026,1,residential_customers,438,629,8,Strong
A3311900826225003,331190,Skagway,2026-02-01,2026,2,fuel_used_gallons,19376,2224,5,Strong
A3311900826225003,331190,Skagway,2026-02-01,2026,2,diesel_kwh_generated,281950,32666,5,Strong
A3311900826225003,331190,Skagway,2026-02-01,2026,2,residential_customers,435,629,8,Strong
A3311900926225003,331190,Skagway,2026-03-01,2026,3,fuel_used_gallons,44322,2224,13,Extreme
A3311900926225003,331190,Skagway,2026-03-01,2026,3,diesel_kwh_generated,620548,32666,12,Extreme
A3311901026225003,331190,Skagway,2026-04-01,2026,4,fuel_used_gallons,54294,2224,16,Extreme
A3311901026225003,331190,Skagway,2026-04-01,2026,4,diesel_kwh_generated,765086,32666,15,Extreme
A3311901126225003,331190,Skagway,2026-05-01,2026,5,fuel_used_gallons,25253,2224,7,Strong
A3311901126225003,331190,Skagway,2026-05-01,2026,5,diesel_kwh_generated,345796,32666,7,Strong
A3311950616225003,331195,Slana,2015-12-01,2015,12,com_facil_sold_to,607,94.5,5,Strong
A3311950720225003,331195,Slana,2020-01-01,2020,1,com_facil_sold_to,578,94.5,5,Strong
A3311950622225003,331195,Slana,2021-12-01,2021,12,fuel_used_gallons,13609,7968,5,Strong
A3311950523225003,331195,Slana,2022-11-01,2022,11,com_facil_sold_to,573,94.5,5,Strong
A3311950726225003,331195,Slana,2026-01-01,2026,1,fuel_used_gallons,13515,7968,5,Strong
A3322600622225003,332260,Sleetmute,2021-12-01,2021,12,residential_sold_to,13963,7236,5,Strong
A3322601022225003,332260,Sleetmute,2022-04-01,2022,4,residential_sold_to,13108,7236,5,Strong
A3322600923225003,332260,Sleetmute,2023-03-01,2023,3,residential_sold_to,13824,7236,5,Strong
A3322600224225003,332260,Sleetmute,2023-08-01,2023,8,com_facil_sold_to,16393,4618,7,Strong
A3322600724225003,332260,Sleetmute,2024-01-01,2024,1,powerhouse_consumption_kwh,2252,1236,6,Strong
A3322600924225003,332260,Sleetmute,2024-03-01,2024,3,powerhouse_consumption_kwh,2146,1236,5,Strong
A3322600225225003,332260,Sleetmute,2024-08-01,2024,8,commercial_sold_to,12385,5950,6,Strong
A3322600726225003,332260,Sleetmute,2026-01-01,2026,1,powerhouse_consumption_kwh,2751,1236,8,Strong
A3322600926225003,332260,Sleetmute,2026-03-01,2026,3,powerhouse_consumption_kwh,2237,1236,5,Strong
A3316800417225003,331680,Stebbins,2016-10-01,2016,10,residential_customers,228,138,20,Extreme
A3316800517225003,331680,Stebbins,2016-11-01,2016,11,residential_customers,225,138,20,Extreme
A3316800617225003,331680,Stebbins,2016-12-01,2016,12,fuel_used_gallons,48247,19325,7,Strong
A3316800717225003,331680,Stebbins,2017-01-01,2017,1,residential_customers,227,138,20,Extreme
A3316800817225003,331680,Stebbins,2017-02-01,2017,2,residential_customers,227,138,20,Extreme
A3316800625225003,331680,Stebbins,2024-12-01,2024,12,com_facil_sold_to,75981,21414,6,Strong
A3316800725225003,331680,Stebbins,2025-01-01,2025,1,com_facil_sold_to,81638,21414,6,Strong
A3316800426225003,331680,Stebbins,2025-10-01,2025,10,powerhouse_consumption_kwh,19228,6386,5,Strong
A3316800526225003,331680,Stebbins,2025-11-01,2025,11,powerhouse_consumption_kwh,20140,6386,5,Strong
A3316800526225003,331680,Stebbins,2025-11-01,2025,11,commercial_sold_to,36475,16423,6,Strong
A3316800626225003,331680,Stebbins,2025-12-01,2025,12,commercial_sold_to,40142,16423,7,Strong
A3316800726225003,331680,Stebbins,2026-01-01,2026,1,commercial_sold_to,43510,16423,8,Strong
A3316800826225003,331680,Stebbins,2026-02-01,2026,2,commercial_sold_to,38913,16423,6,Strong
A3316800926225003,331680,Stebbins,2026-03-01,2026,3,commercial_sold_to,43481,16423,8,Strong
A3316801126225003,331680,Stebbins,2026-05-01,2026,5,commercial_sold_to,0,16423,5,Strong
A3325700916225003,332570,Stevens Village,2016-03-01,2016,3,com_facil_sold_to,9877,2233,5,Strong
A3325700718225003,332570,Stevens Village,2018-01-01,2018,1,com_facil_sold_to,13257,2233,7,Strong
A3322700616225003,332270,Stony River,2015-12-01,2015,12,govt_facil_sold_to,1212,81,9,Extreme
A3322700716225003,332270,Stony River,2016-01-01,2016,1,govt_facil_sold_to,1212,81,9,Extreme
A3322700816225003,332270,Stony River,2016-02-01,2016,2,govt_facil_sold_to,760,81,6,Strong
A3322700916225003,332270,Stony River,2016-03-01,2016,3,govt_facil_sold_to,752,81,6,Strong
A3322701216225003,332270,Stony River,2016-06-01,2016,6,fuel_used_gallons,0,1287,5,Strong
A3322700517225003,332270,Stony River,2016-11-01,2016,11,govt_facil_sold_to,1117,81,9,Strong
A3322700617225003,332270,Stony River,2016-12-01,2016,12,govt_facil_sold_to,1481,81,12,Extreme
A3322700717225003,332270,Stony River,2017-01-01,2017,1,govt_facil_sold_to,1236,81,10,Extreme
A3322700817225003,332270,Stony River,2017-02-01,2017,2,govt_facil_sold_to,1193,81,9,Extreme
A3322700917225003,332270,Stony River,2017-03-01,2017,3,govt_facil_sold_to,1410,81,11,Extreme
A3322701017225003,332270,Stony River,2017-04-01,2017,4,govt_facil_sold_to,1358,81,11,Extreme
A3322700518225003,332270,Stony River,2017-11-01,2017,11,govt_facil_sold_to,1093,81,8,Strong
A3322700618225003,332270,Stony River,2017-12-01,2017,12,govt_facil_sold_to,1022,81,8,Strong
A3322700718225003,332270,Stony River,2018-01-01,2018,1,govt_facil_sold_to,1362,81,11,Extreme
A3322700818225003,332270,Stony River,2018-02-01,2018,2,govt_facil_sold_to,687,81,5,Strong
A3322700519225003,332270,Stony River,2018-11-01,2018,11,govt_facil_sold_to,1457,81,11,Extreme
A3322700619225003,332270,Stony River,2018-12-01,2018,12,govt_facil_sold_to,627,81,5,Strong
A3322701019225003,332270,Stony River,2019-04-01,2019,4,govt_facil_sold_to,1079,81,8,Strong
A3322700520225003,332270,Stony River,2019-11-01,2019,11,govt_facil_sold_to,822,81,6,Strong
A3322700620225003,332270,Stony River,2019-12-01,2019,12,govt_facil_sold_to,786,81,6,Strong
A3322700720225003,332270,Stony River,2020-01-01,2020,1,govt_facil_sold_to,1258,81,10,Extreme
A3322700820225003,332270,Stony River,2020-02-01,2020,2,govt_facil_sold_to,1283,81,10,Extreme
A3322700920225003,332270,Stony River,2020-03-01,2020,3,govt_facil_sold_to,1366,81,11,Extreme
A3322701020225003,332270,Stony River,2020-04-01,2020,4,govt_facil_sold_to,1318,81,10,Extreme
A3322700521225003,332270,Stony River,2020-11-01,2020,11,govt_facil_sold_to,1001,81,8,Strong
A3322700621225003,332270,Stony River,2020-12-01,2020,12,govt_facil_sold_to,1031,81,8,Strong
A3322700821225003,332270,Stony River,2021-02-01,2021,2,govt_facil_sold_to,636,81,5,Strong
A3322700921225003,332270,Stony River,2021-03-01,2021,3,govt_facil_sold_to,666,81,5,Strong
A3322700522225003,332270,Stony River,2021-11-01,2021,11,govt_facil_sold_to,623,81,5,Strong
A3322700722225003,332270,Stony River,2022-01-01,2022,1,govt_facil_sold_to,631,81,5,Strong
A3322700523225003,332270,Stony River,2022-11-01,2022,11,fuel_used_gallons,3481,1287,8,Strong
A3322700723225003,332270,Stony River,2023-01-01,2023,1,fuel_used_gallons,2631,1287,5,Strong
A3322700723225003,332270,Stony River,2023-01-01,2023,1,powerhouse_consumption_kwh,2831,982,7,Strong
A3322700723225003,332270,Stony River,2023-01-01,2023,1,govt_facil_sold_to,735,81,5,Strong
A3322700923225003,332270,Stony River,2023-03-01,2023,3,govt_facil_sold_to,1236,81,10,Extreme
A3322701023225003,332270,Stony River,2023-04-01,2023,4,govt_facil_sold_to,1027,81,8,Strong
A3322700724225003,332270,Stony River,2024-01-01,2024,1,govt_facil_sold_to,1671,81,13,Extreme
A3322700824225003,332270,Stony River,2024-02-01,2024,2,powerhouse_consumption_kwh,2163,982,5,Strong
A3322700824225003,332270,Stony River,2024-02-01,2024,2,govt_facil_sold_to,1128,81,9,Strong
A3322700924225003,332270,Stony River,2024-03-01,2024,3,govt_facil_sold_to,1027,81,8,Strong
A3322701024225003,332270,Stony River,2024-04-01,2024,4,govt_facil_sold_to,707,81,5,Strong
A3322700125225003,332270,Stony River,2024-07-01,2024,7,powerhouse_consumption_kwh,2585,982,6,Strong
A3322700225225003,332270,Stony River,2024-08-01,2024,8,powerhouse_consumption_kwh,3425,982,10,Extreme
A3322700325225003,332270,Stony River,2024-09-01,2024,9,powerhouse_consumption_kwh,2326,982,5,Strong
A3322700525225003,332270,Stony River,2024-11-01,2024,11,govt_facil_sold_to,1069,81,8,Strong
A3322700725225003,332270,Stony River,2025-01-01,2025,1,powerhouse_consumption_kwh,2984,982,8,Strong
A3322700825225003,332270,Stony River,2025-02-01,2025,2,govt_facil_sold_to,664,81,5,Strong
A3322700925225003,332270,Stony River,2025-03-01,2025,3,powerhouse_consumption_kwh,2295,982,5,Strong
A3322700925225003,332270,Stony River,2025-03-01,2025,3,govt_facil_sold_to,1076,81,8,Strong
A3322701225225003,332270,Stony River,2025-06-01,2025,6,powerhouse_consumption_kwh,2656,982,7,Strong
A3322700226225003,332270,Stony River,2025-08-01,2025,8,govt_facil_sold_to,2000,81,16,Extreme
A3322700426225003,332270,Stony River,2025-10-01,2025,10,powerhouse_consumption_kwh,3174,982,9,Strong
A3322700526225003,332270,Stony River,2025-11-01,2025,11,powerhouse_consumption_kwh,3816,982,11,Extreme
A3322700626225003,332270,Stony River,2025-12-01,2025,12,diesel_kwh_generated,24272,10714,5,Strong
A3322700626225003,332270,Stony River,2025-12-01,2025,12,powerhouse_consumption_kwh,5382,982,18,Extreme
A3322700626225003,332270,Stony River,2025-12-01,2025,12,govt_facil_sold_to,729,81,5,Strong
A3322700726225003,332270,Stony River,2026-01-01,2026,1,govt_facil_sold_to,855,81,6,Strong
A3322700826225003,332270,Stony River,2026-02-01,2026,2,govt_facil_sold_to,651,81,5,Strong
A3322700926225003,332270,Stony River,2026-03-01,2026,3,govt_facil_sold_to,1270,81,10,Extreme
A3322701226225003,332270,Stony River,2026-06-01,2026,6,powerhouse_consumption_kwh,2994,982,8,Strong
A3322700127225003,332270,Stony River,2026-07-01,2026,7,powerhouse_consumption_kwh,3004,982,8,Strong
A3325801122225003,332580,Takotna,2022-05-01,2022,5,fuel_used_gallons,4145,1978,5,Strong
A3325800924225003,332580,Takotna,2024-03-01,2024,3,com_facil_sold_to,8228,1891.5,9,Extreme
A3326000626225003,332600,Tanana,2025-12-01,2025,12,residential_sold_to,51471,26175,8,Strong
A3326100218225003,332610,Tatitlek,2017-08-01,2017,8,commercial_sold_to,9496,4022,5,Strong
A3326101118225003,332610,Tatitlek,2018-05-01,2018,5,com_facil_sold_to,12524,3672,8,Strong
A3326100920225003,332610,Tatitlek,2020-03-01,2020,3,residential_sold_to,17841,10311,5,Strong
A3326101221225003,332610,Tatitlek,2021-06-01,2021,6,powerhouse_consumption_kwh,5463,2736,5,Strong
A3326100122225003,332610,Tatitlek,2021-07-01,2021,7,powerhouse_consumption_kwh,7699,2736,9,Extreme
A3326100822225003,332610,Tatitlek,2022-02-01,2022,2,peak_consumption_kw,158,81,5,Strong
A3326100523225003,332610,Tatitlek,2022-11-01,2022,11,powerhouse_consumption_kwh,5351,2736,5,Strong
A3326100624225003,332610,Tatitlek,2023-12-01,2023,12,residential_sold_to,21024,10311,7,Strong
A3326100225225003,332610,Tatitlek,2024-08-01,2024,8,powerhouse_consumption_kwh,100,2736,5,Strong
A3326100225225003,332610,Tatitlek,2024-08-01,2024,8,peak_consumption_kw,4005,81,241,Extreme
A3326100226225003,332610,Tatitlek,2025-08-01,2025,8,powerhouse_consumption_kwh,77,2736,5,Strong
A3326100226225003,332610,Tatitlek,2025-08-01,2025,8,peak_consumption_kw,1806,81,106,Extreme
A3316850116225003,331685,Teller,2015-07-01,2015,7,commercial_sold_to,11535,3668,24,Extreme
A3316850116225003,331685,Teller,2015-07-01,2015,7,com_facil_sold_to,3024,14972,6,Strong
A3316850216225003,331685,Teller,2015-08-01,2015,8,commercial_sold_to,11397,3668,24,Extreme
A3316850216225003,331685,Teller,2015-08-01,2015,8,com_facil_sold_to,2773,14972,6,Strong
A3316850316225003,331685,Teller,2015-09-01,2015,9,commercial_sold_to,13003,3668,28,Extreme
A3316850316225003,331685,Teller,2015-09-01,2015,9,com_facil_sold_to,3202,14972,6,Strong
A3316850416225003,331685,Teller,2015-10-01,2015,10,commercial_sold_to,14936,3668,34,Extreme
A3316850416225003,331685,Teller,2015-10-01,2015,10,com_facil_sold_to,3373,14972,6,Strong
A3316850516225003,331685,Teller,2015-11-01,2015,11,commercial_sold_to,16859,3668,40,Extreme
A3316850516225003,331685,Teller,2015-11-01,2015,11,com_facil_sold_to,3208,14972,6,Strong
A3316850616225003,331685,Teller,2015-12-01,2015,12,commercial_sold_to,17923,3668,44,Extreme
A3316850616225003,331685,Teller,2015-12-01,2015,12,com_facil_sold_to,3967,14972,5,Strong
A3316850716225003,331685,Teller,2016-01-01,2016,1,commercial_sold_to,17370,3668,42,Extreme
A3316850716225003,331685,Teller,2016-01-01,2016,1,com_facil_sold_to,4066,14972,5,Strong
A3316850318225003,331685,Teller,2017-09-01,2017,9,powerhouse_consumption_kwh,8666,3571,7,Strong
A3316850320225003,331685,Teller,2019-09-01,2019,9,powerhouse_consumption_kwh,7825,3571,6,Strong
A3316850623225003,331685,Teller,2022-12-01,2022,12,fuel_used_gallons,11673,5406,7,Strong
A3316850526225003,331685,Teller,2025-11-01,2025,11,commercial_sold_to,16099,3668,38,Extreme
A3316850526225003,331685,Teller,2025-11-01,2025,11,com_facil_sold_to,3168,14972,6,Strong
A3316850626225003,331685,Teller,2025-12-01,2025,12,commercial_sold_to,16430,3668,39,Extreme
A3316850626225003,331685,Teller,2025-12-01,2025,12,com_facil_sold_to,3042,14972,6,Strong
A3316850726225003,331685,Teller,2026-01-01,2026,1,commercial_sold_to,18424,3668,45,Extreme
A3316850726225003,331685,Teller,2026-01-01,2026,1,com_facil_sold_to,3345,14972,6,Strong
A3316850826225003,331685,Teller,2026-02-01,2026,2,commercial_sold_to,17006,3668,41,Extreme
A3316850826225003,331685,Teller,2026-02-01,2026,2,com_facil_sold_to,3746,14972,5,Strong
A3316850926225003,331685,Teller,2026-03-01,2026,3,commercial_sold_to,21673,3668,55,Extreme
A3316850926225003,331685,Teller,2026-03-01,2026,3,com_facil_sold_to,4830,14972,5,Strong
A3316851026225003,331685,Teller,2026-04-01,2026,4,commercial_sold_to,16886,3668,40,Extreme
A3316851026225003,331685,Teller,2026-04-01,2026,4,com_facil_sold_to,4038,14972,5,Strong
A3316851126225003,331685,Teller,2026-05-01,2026,5,commercial_sold_to,0,3668,11,Extreme
A3316851126225003,331685,Teller,2026-05-01,2026,5,com_facil_sold_to,0,14972,7,Strong
A3316851126225003,331685,Teller,2026-05-01,2026,5,govt_facil_sold_to,0,23405,6,Strong
A3326300217225003,332630,Tenakee Springs,2016-08-01,2016,8,govt_facil_sold_to,58,160,6,Strong
A3326300317225003,332630,Tenakee Springs,2016-09-01,2016,9,govt_facil_sold_to,43,160,7,Strong
A3326300623225003,332630,Tenakee Springs,2022-12-01,2022,12,fuel_used_gallons,4060,2744,5,Strong
A3326300823225003,332630,Tenakee Springs,2023-02-01,2023,2,peak_consumption_kw,185,94,5,Strong
A3326300125225003,332630,Tenakee Springs,2024-07-01,2024,7,peak_consumption_kw,219,94,7,Strong
A3326300225225003,332630,Tenakee Springs,2024-08-01,2024,8,peak_consumption_kw,217,94,7,Strong
A3326300425225003,332630,Tenakee Springs,2024-10-01,2024,10,peak_consumption_kw,232,94,8,Strong
A3312000621225003,331200,Tetlin,2020-12-01,2020,12,commercial_sold_to,13893,3179,5,Strong
A3312000523225003,331200,Tetlin,2022-11-01,2022,11,commercial_sold_to,14731,3179,5,Strong
A3312101125225003,331210,"Thorne Bay, City of",2025-05-01,2025,5,powerhouse_consumption_kwh,2077,5825.5,9,Extreme
A3316900116225003,331690,Togiak,2015-07-01,2015,7,commercial_sold_to,149671,29698,13,Extreme
A3316900216225003,331690,Togiak,2015-08-01,2015,8,commercial_sold_to,124035,29698,10,Extreme
A3316901216225003,331690,Togiak,2016-06-01,2016,6,commercial_sold_to,74746,29698,5,Strong
A3316900117225003,331690,Togiak,2016-07-01,2016,7,commercial_sold_to,163557,29698,14,Extreme
A3316900217225003,331690,Togiak,2016-08-01,2016,8,commercial_sold_to,111241,29698,9,Strong
A3316900217225003,331690,Togiak,2016-08-01,2016,8,residential_customers,89,214,8,Strong
A3316900417225003,331690,Togiak,2016-10-01,2016,10,residential_customers,92,214,8,Strong
A3316900517225003,331690,Togiak,2016-11-01,2016,11,residential_customers,90,214,8,Strong
A3316900717225003,331690,Togiak,2017-01-01,2017,1,residential_customers,90,214,8,Strong
A3316900817225003,331690,Togiak,2017-02-01,2017,2,residential_customers,90,214,8,Strong
A3316901217225003,331690,Togiak,2017-06-01,2017,6,commercial_sold_to,74615,29698,5,Strong
A3316900118225003,331690,Togiak,2017-07-01,2017,7,commercial_sold_to,158919,29698,14,Extreme
A3316900218225003,331690,Togiak,2017-08-01,2017,8,commercial_sold_to,88855,29698,6,Strong
A3316900119225003,331690,Togiak,2018-07-01,2018,7,commercial_sold_to,136229,29698,11,Extreme
A3316900219225003,331690,Togiak,2018-08-01,2018,8,commercial_sold_to,109518,29698,8,Strong
A3316900319225003,331690,Togiak,2018-09-01,2018,9,powerhouse_consumption_kwh,10287,4528,5,Strong
A3316900619225003,331690,Togiak,2018-12-01,2018,12,fuel_used_gallons,37434,17679.5,9,Extreme
A3316900120225003,331690,Togiak,2019-07-01,2019,7,commercial_sold_to,141921,29698,12,Extreme
A3316900220225003,331690,Togiak,2019-08-01,2019,8,commercial_sold_to,100206,29698,7,Strong
A3316900121225003,331690,Togiak,2020-07-01,2020,7,commercial_sold_to,98256,29698,7,Strong
A3316900221225003,331690,Togiak,2020-08-01,2020,8,commercial_sold_to,92450,29698,7,Strong
A3316900122225003,331690,Togiak,2021-07-01,2021,7,commercial_sold_to,118514,29698,9,Extreme
A3316900222225003,331690,Togiak,2021-08-01,2021,8,commercial_sold_to,92957,29698,7,Strong
A3316900123225003,331690,Togiak,2022-07-01,2022,7,commercial_sold_to,102953,29698,8,Strong
A3316900223225003,331690,Togiak,2022-08-01,2022,8,commercial_sold_to,100730,29698,8,Strong
A3316900124225003,331690,Togiak,2023-07-01,2023,7,commercial_sold_to,100089,29698,7,Strong
A3316900924225003,331690,Togiak,2024-03-01,2024,3,powerhouse_consumption_kwh,14403,4528,9,Strong
A3312200623225003,331220,"Tok, Tanacross",2022-12-01,2022,12,com_facil_sold_to,67083,21715.5,5,Strong
A3312200723225003,331220,"Tok, Tanacross",2023-01-01,2023,1,com_facil_sold_to,74674,21715.5,5,Strong
A3312200823225003,331220,"Tok, Tanacross",2023-02-01,2023,2,com_facil_sold_to,68039,21715.5,5,Strong
A3312200724225003,331220,"Tok, Tanacross",2024-01-01,2024,1,com_facil_sold_to,66776,21715.5,5,Strong
A3312200626225003,331220,"Tok, Tanacross",2025-12-01,2025,12,com_facil_sold_to,73362,21715.5,5,Strong
A3312200726225003,331220,"Tok, Tanacross",2026-01-01,2026,1,residential_sold_to,541244,322600,5,Strong
A3312200726225003,331220,"Tok, Tanacross",2026-01-01,2026,1,com_facil_sold_to,73981,21715.5,5,Strong
A3312200826225003,331220,"Tok, Tanacross",2026-02-01,2026,2,com_facil_sold_to,70576,21715.5,5,Strong
A3317000116225003,331700,Toksook Bay,2015-07-01,2015,7,commercial_sold_to,23532,4720,24,Extreme
A3317000216225003,331700,Toksook Bay,2015-08-01,2015,8,commercial_sold_to,22887,4720,24,Extreme
A3317000316225003,331700,Toksook Bay,2015-09-01,2015,9,commercial_sold_to,24497,4720,26,Extreme
A3317000416225003,331700,Toksook Bay,2015-10-01,2015,10,commercial_sold_to,27116,4720,29,Extreme
A3317000516225003,331700,Toksook Bay,2015-11-01,2015,11,commercial_sold_to,31362,4720,35,Extreme
A3317000616225003,331700,Toksook Bay,2015-12-01,2015,12,commercial_sold_to,33943,4720,38,Extreme
A3317000716225003,331700,Toksook Bay,2016-01-01,2016,1,commercial_sold_to,36402,4720,41,Extreme
A3317000618225003,331700,Toksook Bay,2017-12-01,2017,12,fuel_used_gallons,59395,19277.5,10,Extreme
A3317000724225003,331700,Toksook Bay,2024-01-01,2024,1,wind_kwh_generated,327102,43391,8,Strong
A3317000526225003,331700,Toksook Bay,2025-11-01,2025,11,commercial_sold_to,24287,4720,25,Extreme
A3317000626225003,331700,Toksook Bay,2025-12-01,2025,12,commercial_sold_to,24946,4720,26,Extreme
A3317000726225003,331700,Toksook Bay,2026-01-01,2026,1,commercial_sold_to,24195,4720,25,Extreme
A3317000826225003,331700,Toksook Bay,2026-02-01,2026,2,commercial_sold_to,29318,4720,32,Extreme
A3317000926225003,331700,Toksook Bay,2026-03-01,2026,3,commercial_sold_to,28699,4720,31,Extreme
A3317001026225003,331700,Toksook Bay,2026-04-01,2026,4,commercial_sold_to,22556,4720,23,Extreme
A3317001126225003,331700,Toksook Bay,2026-05-01,2026,5,commercial_sold_to,0,4720,6,Strong
A3317001126225003,331700,Toksook Bay,2026-05-01,2026,5,com_facil_sold_to,0,43311,5,Strong
A3317001126225003,331700,Toksook Bay,2026-05-01,2026,5,govt_facil_sold_to,0,24053,5,Strong
A3327100124225003,332710,Tuluksak,2023-07-01,2023,7,residential_sold_to,66235,23162.5,6,Strong
A3327100124225003,332710,Tuluksak,2023-07-01,2023,7,unbilled_sold_to,5229,1605.5,6,Strong
A3327100224225003,332710,Tuluksak,2023-08-01,2023,8,commercial_sold_to,67036,14225.5,9,Extreme
A3327100324225003,332710,Tuluksak,2023-09-01,2023,9,govt_facil_sold_to,5874,1136,6,Strong
A3327100724225003,332710,Tuluksak,2024-01-01,2024,1,commercial_sold_to,46117,14225.5,6,Strong
A3327100924225003,332710,Tuluksak,2024-03-01,2024,3,residential_sold_to,60962,23162.5,5,Strong
A3327101224225003,332710,Tuluksak,2024-06-01,2024,6,diesel_kwh_generated,144464,53282,6,Strong
A3327101224225003,332710,Tuluksak,2024-06-01,2024,6,residential_sold_to,57936,23162.5,5,Strong
A3327101224225003,332710,Tuluksak,2024-06-01,2024,6,com_facil_sold_to,47673,3316,35,Extreme
A3327100726225003,332710,Tuluksak,2026-01-01,2026,1,total_kwh_purchased,93710,0,NA,Strong
A3327100926225003,332710,Tuluksak,2026-03-01,2026,3,com_facil_sold_to,12142,3316,7,Strong
A3327200716225003,332720,Tuntutuliak,2016-01-01,2016,1,wind_kwh_generated,55057,7774,5,Strong
A3327200716225003,332720,Tuntutuliak,2016-01-01,2016,1,total_kwh_purchased,18477,0,NA,Strong
A3327200916225003,332720,Tuntutuliak,2016-03-01,2016,3,total_kwh_purchased,11420,0,NA,Strong
A3327200117225003,332720,Tuntutuliak,2016-07-01,2016,7,powerhouse_consumption_kwh,5060,2446.5,6,Strong
A3327200417225003,332720,Tuntutuliak,2016-10-01,2016,10,total_kwh_purchased,14426,0,NA,Strong
A3327200517225003,332720,Tuntutuliak,2016-11-01,2016,11,total_kwh_purchased,10579,0,NA,Strong
A3327200617225003,332720,Tuntutuliak,2016-12-01,2016,12,total_kwh_purchased,13611,0,NA,Strong
A3327200717225003,332720,Tuntutuliak,2017-01-01,2017,1,total_kwh_purchased,10062,0,NA,Strong
A3327200618225003,332720,Tuntutuliak,2017-12-01,2017,12,total_kwh_purchased,10941,0,NA,Strong
A3327200918225003,332720,Tuntutuliak,2018-03-01,2018,3,powerhouse_consumption_kwh,4700,2446.5,5,Strong
A3327201018225003,332720,Tuntutuliak,2018-04-01,2018,4,total_kwh_purchased,11572,0,NA,Strong
A3327200921225003,332720,Tuntutuliak,2021-03-01,2021,3,powerhouse_consumption_kwh,4963,2446.5,5,Strong
A3327200126225003,332720,Tuntutuliak,2025-07-01,2025,7,powerhouse_consumption_kwh,10647,2446.5,18,Extreme
A3327200426225003,332720,Tuntutuliak,2025-10-01,2025,10,powerhouse_consumption_kwh,5379,2446.5,6,Strong
A3327200526225003,332720,Tuntutuliak,2025-11-01,2025,11,powerhouse_consumption_kwh,8238,2446.5,12,Extreme
A3327200626225003,332720,Tuntutuliak,2025-12-01,2025,12,powerhouse_consumption_kwh,6152,2446.5,8,Strong
A3327200726225003,332720,Tuntutuliak,2026-01-01,2026,1,powerhouse_consumption_kwh,6924,2446.5,10,Extreme
A3327201026225003,332720,Tuntutuliak,2026-04-01,2026,4,powerhouse_consumption_kwh,6258,2446.5,8,Strong
A3327201126225003,332720,Tuntutuliak,2026-05-01,2026,5,powerhouse_consumption_kwh,4820,2446.5,5,Strong
A3327201226225003,332720,Tuntutuliak,2026-06-01,2026,6,powerhouse_consumption_kwh,7371,2446.5,11,Extreme
A3327200127225003,332720,Tuntutuliak,2026-07-01,2026,7,powerhouse_consumption_kwh,6574,2446.5,9,Strong
A3317100516225003,331710,Tununak,2015-11-01,2015,11,commercial_sold_to,15502,0,NA,Strong
A3317100616225003,331710,Tununak,2015-12-01,2015,12,commercial_sold_to,17061,0,NA,Strong
A3317100716225003,331710,Tununak,2016-01-01,2016,1,commercial_sold_to,17482,0,NA,Strong
A3317100526225003,331710,Tununak,2025-11-01,2025,11,commercial_sold_to,18389,0,NA,Strong
A3317100626225003,331710,Tununak,2025-12-01,2025,12,commercial_sold_to,18328,0,NA,Strong
A3317100726225003,331710,Tununak,2026-01-01,2026,1,commercial_sold_to,19043,0,NA,Strong
A3317100826225003,331710,Tununak,2026-02-01,2026,2,commercial_sold_to,17793,0,NA,Strong
A3317100926225003,331710,Tununak,2026-03-01,2026,3,commercial_sold_to,21998,0,NA,Strong
A3317101026225003,331710,Tununak,2026-04-01,2026,4,commercial_sold_to,18663,0,NA,Strong
A3317101026225003,331710,Tununak,2026-04-01,2026,4,com_facil_sold_to,2117,17224,5,Strong
A3317101126225003,331710,Tununak,2026-05-01,2026,5,com_facil_sold_to,0,17224,5,Strong
A3317101126225003,331710,Tununak,2026-05-01,2026,5,govt_facil_sold_to,0,31455,5,Strong
A3327300122225003,332730,Twin Hills,2021-07-01,2021,7,total_kwh_purchased,20269,0,NA,Strong
A3327300222225003,332730,Twin Hills,2021-08-01,2021,8,total_kwh_purchased,22010,0,NA,Strong
A3327300322225003,332730,Twin Hills,2021-09-01,2021,9,total_kwh_purchased,22216,0,NA,Strong
A3327300422225003,332730,Twin Hills,2021-10-01,2021,10,total_kwh_purchased,24213,0,NA,Strong
A3327300522225003,332730,Twin Hills,2021-11-01,2021,11,total_kwh_purchased,32914,0,NA,Strong
A3327300622225003,332730,Twin Hills,2021-12-01,2021,12,total_kwh_purchased,35189,0,NA,Strong
A3327300722225003,332730,Twin Hills,2022-01-01,2022,1,total_kwh_purchased,38064,0,NA,Strong
A3327300822225003,332730,Twin Hills,2022-02-01,2022,2,total_kwh_purchased,34474,0,NA,Strong
A3327300922225003,332730,Twin Hills,2022-03-01,2022,3,total_kwh_purchased,33926,0,NA,Strong
A3327300922225003,332730,Twin Hills,2022-03-01,2022,3,residential_sold_to,20548,10364,6,Strong
A3327301022225003,332730,Twin Hills,2022-04-01,2022,4,total_kwh_purchased,27760,0,NA,Strong
A3327301122225003,332730,Twin Hills,2022-05-01,2022,5,total_kwh_purchased,28431,0,NA,Strong
A3327301222225003,332730,Twin Hills,2022-06-01,2022,6,total_kwh_purchased,21717,0,NA,Strong
A3327300123225003,332730,Twin Hills,2022-07-01,2022,7,total_kwh_purchased,23101,0,NA,Strong
A3327300223225003,332730,Twin Hills,2022-08-01,2022,8,total_kwh_purchased,25188,0,NA,Strong
A3327300323225003,332730,Twin Hills,2022-09-01,2022,9,total_kwh_purchased,22662,0,NA,Strong
A3327300423225003,332730,Twin Hills,2022-10-01,2022,10,total_kwh_purchased,23467,0,NA,Strong
A3327300523225003,332730,Twin Hills,2022-11-01,2022,11,total_kwh_purchased,21960,0,NA,Strong
A3327300623225003,332730,Twin Hills,2022-12-01,2022,12,total_kwh_purchased,26786,0,NA,Strong
A3327300723225003,332730,Twin Hills,2023-01-01,2023,1,total_kwh_purchased,29009,0,NA,Strong
A3327300823225003,332730,Twin Hills,2023-02-01,2023,2,total_kwh_purchased,26548,0,NA,Strong
A3327300923225003,332730,Twin Hills,2023-03-01,2023,3,total_kwh_purchased,27801,0,NA,Strong
A3327301023225003,332730,Twin Hills,2023-04-01,2023,4,total_kwh_purchased,25457,0,NA,Strong
A3327301123225003,332730,Twin Hills,2023-05-01,2023,5,total_kwh_purchased,27177,0,NA,Strong
A3327301223225003,332730,Twin Hills,2023-06-01,2023,6,total_kwh_purchased,21012,0,NA,Strong
A3327300424225003,332730,Twin Hills,2023-10-01,2023,10,govt_facil_sold_to,7487,801,9,Extreme
A3327300624225003,332730,Twin Hills,2023-12-01,2023,12,residential_sold_to,21479,10364,6,Strong
A3327300624225003,332730,Twin Hills,2023-12-01,2023,12,com_facil_sold_to,10256,2820,6,Strong
A3327300624225003,332730,Twin Hills,2023-12-01,2023,12,govt_facil_sold_to,11764,801,15,Extreme
A3327300724225003,332730,Twin Hills,2024-01-01,2024,1,com_facil_sold_to,9000,2820,5,Strong
A3327300724225003,332730,Twin Hills,2024-01-01,2024,1,govt_facil_sold_to,7597,801,9,Extreme
A3327300824225003,332730,Twin Hills,2024-02-01,2024,2,govt_facil_sold_to,9166,801,11,Extreme
A3327300924225003,332730,Twin Hills,2024-03-01,2024,3,govt_facil_sold_to,7796,801,9,Extreme
A3327301024225003,332730,Twin Hills,2024-04-01,2024,4,govt_facil_sold_to,8855,801,11,Extreme
A3327301124225003,332730,Twin Hills,2024-05-01,2024,5,govt_facil_sold_to,6688,801,8,Strong
A3327300225225003,332730,Twin Hills,2024-08-01,2024,8,govt_facil_sold_to,4404,801,5,Strong
A3327300325225003,332730,Twin Hills,2024-09-01,2024,9,govt_facil_sold_to,5494,801,6,Strong
A3327300425225003,332730,Twin Hills,2024-10-01,2024,10,govt_facil_sold_to,6465,801,8,Strong
A3327300525225003,332730,Twin Hills,2024-11-01,2024,11,govt_facil_sold_to,6751,801,8,Strong
A3327300625225003,332730,Twin Hills,2024-12-01,2024,12,govt_facil_sold_to,7098,801,8,Strong
A3327300725225003,332730,Twin Hills,2025-01-01,2025,1,com_facil_sold_to,8615,2820,5,Strong
A3327300725225003,332730,Twin Hills,2025-01-01,2025,1,govt_facil_sold_to,7221,801,9,Strong
A3327300825225003,332730,Twin Hills,2025-02-01,2025,2,govt_facil_sold_to,6574,801,8,Strong
A3327300925225003,332730,Twin Hills,2025-03-01,2025,3,govt_facil_sold_to,7313,801,9,Strong
A3327301025225003,332730,Twin Hills,2025-04-01,2025,4,govt_facil_sold_to,7270,801,9,Strong
A3327301125225003,332730,Twin Hills,2025-05-01,2025,5,govt_facil_sold_to,5713,801,7,Strong
A3327301225225003,332730,Twin Hills,2025-06-01,2025,6,govt_facil_sold_to,4539,801,5,Strong
A3327300126225003,332730,Twin Hills,2025-07-01,2025,7,govt_facil_sold_to,5201,801,6,Strong
A3327300226225003,332730,Twin Hills,2025-08-01,2025,8,govt_facil_sold_to,5234,801,6,Strong
A3327300326225003,332730,Twin Hills,2025-09-01,2025,9,govt_facil_sold_to,6430,801,8,Strong
A3327300426225003,332730,Twin Hills,2025-10-01,2025,10,govt_facil_sold_to,6430,801,8,Strong
A3327300526225003,332730,Twin Hills,2025-11-01,2025,11,govt_facil_sold_to,7864,801,10,Extreme
A3327300626225003,332730,Twin Hills,2025-12-01,2025,12,govt_facil_sold_to,7754,801,9,Extreme
A3327300726225003,332730,Twin Hills,2026-01-01,2026,1,residential_sold_to,53782,10364,24,Extreme
A3327300726225003,332730,Twin Hills,2026-01-01,2026,1,govt_facil_sold_to,36884,801,49,Extreme
A3327300726225003,332730,Twin Hills,2026-01-01,2026,1,residential_customers,92,33,40,Extreme
A3327300826225003,332730,Twin Hills,2026-02-01,2026,2,govt_facil_sold_to,8535,801,10,Extreme
A3327300926225003,332730,Twin Hills,2026-03-01,2026,3,govt_facil_sold_to,10145,801,13,Extreme
A3327301026225003,332730,Twin Hills,2026-04-01,2026,4,govt_facil_sold_to,7954,801,10,Extreme
A3328500219225003,332850,Unalakleet,2018-08-01,2018,8,unbilled_sold_to,1818,198,6,Strong
A3328500319225003,332850,Unalakleet,2018-09-01,2018,9,unbilled_sold_to,1818,198,6,Strong
A3328500619225003,332850,Unalakleet,2018-12-01,2018,12,unbilled_sold_to,1944,198,7,Strong
A3328500819225003,332850,Unalakleet,2019-02-01,2019,2,unbilled_sold_to,1548,198,5,Strong
A3328501023225003,332850,Unalakleet,2023-04-01,2023,4,unbilled_sold_to,1440,198,5,Strong
A3328500625225003,332850,Unalakleet,2024-12-01,2024,12,com_facil_sold_to,113903,40876,6,Strong
A3328500725225003,332850,Unalakleet,2025-01-01,2025,1,com_facil_sold_to,101276,40876,5,Strong
A3328500825225003,332850,Unalakleet,2025-02-01,2025,2,powerhouse_consumption_kwh,41714,13727,5,Strong
A3328500726225003,332850,Unalakleet,2026-01-01,2026,1,unbilled_sold_to,2268,198,8,Strong
A3328500826225003,332850,Unalakleet,2026-02-01,2026,2,com_facil_sold_to,125281,40876,6,Strong
A3328500826225003,332850,Unalakleet,2026-02-01,2026,2,unbilled_sold_to,2106,198,7,Strong
A3328500926225003,332850,Unalakleet,2026-03-01,2026,3,unbilled_sold_to,2106,198,7,Strong
A3328601218225003,332860,Unalaska,2018-06-01,2018,6,govt_facil_sold_to,45039,27084,6,Strong
A3328600120225003,332860,Unalaska,2019-07-01,2019,7,powerhouse_consumption_kwh,127369,72067,5,Strong
A3328600220225003,332860,Unalaska,2019-08-01,2019,8,powerhouse_consumption_kwh,156709,72067,7,Strong
A3328800416225003,332880,Venetie,2015-10-01,2015,10,govt_facil_sold_to,2291,560.5,8,Strong
A3328800618225003,332880,Venetie,2017-12-01,2017,12,diesel_kwh_generated,143300,59700,6,Strong
A3328800618225003,332880,Venetie,2017-12-01,2017,12,commercial_sold_to,40550,11563,5,Strong
A3328800519225003,332880,Venetie,2018-11-01,2018,11,fuel_used_gallons,14112,5935,5,Strong
A3328800720225003,332880,Venetie,2020-01-01,2020,1,commercial_sold_to,48852,11563,6,Strong
A3328801120225003,332880,Venetie,2020-05-01,2020,5,commercial_sold_to,56894,11563,7,Strong
A3328801220225003,332880,Venetie,2020-06-01,2020,6,commercial_sold_to,48734,11563,6,Strong
A3328800824225003,332880,Venetie,2024-02-01,2024,2,residential_sold_to,56211,19956,5,Strong
A3328800825225003,332880,Venetie,2025-02-01,2025,2,govt_facil_sold_to,3334,560.5,13,Extreme
A3324100216225003,332410,Wainwright,2015-08-01,2015,8,peak_consumption_kw,1724,1048,5,Strong
A3324100218225003,332410,Wainwright,2017-08-01,2017,8,peak_consumption_kw,4272,1048,23,Extreme
A3324100718225003,332410,Wainwright,2018-01-01,2018,1,peak_consumption_kw,7847,1048,48,Extreme
A3317300116225003,331730,Wales,2015-07-01,2015,7,commercial_sold_to,10225,3875,5,Strong
A3317300216225003,331730,Wales,2015-08-01,2015,8,commercial_sold_to,11040,3875,6,Strong
A3317300316225003,331730,Wales,2015-09-01,2015,9,commercial_sold_to,12591,3875,7,Strong
A3317300416225003,331730,Wales,2015-10-01,2015,10,commercial_sold_to,12241,3875,6,Strong
A3317300516225003,331730,Wales,2015-11-01,2015,11,commercial_sold_to,12089,3875,6,Strong
A3317300616225003,331730,Wales,2015-12-01,2015,12,commercial_sold_to,13596,3875,7,Strong
A3317300716225003,331730,Wales,2016-01-01,2016,1,commercial_sold_to,15498,3875,9,Strong
A3317300217225003,331730,Wales,2016-08-01,2016,8,residential_customers,145,40,12,Extreme
A3317300423225003,331730,Wales,2022-10-01,2022,10,com_facil_sold_to,33983,12350,8,Strong
A3317300523225003,331730,Wales,2022-11-01,2022,11,com_facil_sold_to,39621,12350,10,Extreme
A3317300623225003,331730,Wales,2022-12-01,2022,12,com_facil_sold_to,27159,12350,6,Strong
A3317300723225003,331730,Wales,2023-01-01,2023,1,com_facil_sold_to,28653,12350,6,Strong
A3317300923225003,331730,Wales,2023-03-01,2023,3,fuel_used_gallons,0,4520,5,Strong
A3317300923225003,331730,Wales,2023-03-01,2023,3,residential_sold_to,41445,16208,6,Strong
A3317300923225003,331730,Wales,2023-03-01,2023,3,residential_customers,93,40,6,Strong
A3317301023225003,331730,Wales,2023-04-01,2023,4,com_facil_sold_to,35269,12350,9,Strong
A3317301123225003,331730,Wales,2023-05-01,2023,5,com_facil_sold_to,40363,12350,11,Extreme
A3317301223225003,331730,Wales,2023-06-01,2023,6,com_facil_sold_to,29125,12350,6,Strong
A3317300124225003,331730,Wales,2023-07-01,2023,7,com_facil_sold_to,24356,12350,5,Strong
A3317300224225003,331730,Wales,2023-08-01,2023,8,com_facil_sold_to,27088,12350,6,Strong
A3317300324225003,331730,Wales,2023-09-01,2023,9,com_facil_sold_to,34280,12350,8,Strong
A3317300424225003,331730,Wales,2023-10-01,2023,10,com_facil_sold_to,41267,12350,11,Extreme
A3317300524225003,331730,Wales,2023-11-01,2023,11,com_facil_sold_to,41492,12350,11,Extreme
A3317300624225003,331730,Wales,2023-12-01,2023,12,com_facil_sold_to,45279,12350,12,Extreme
A3317300724225003,331730,Wales,2024-01-01,2024,1,com_facil_sold_to,53341,12350,16,Extreme
A3317300824225003,331730,Wales,2024-02-01,2024,2,com_facil_sold_to,45691,12350,13,Extreme
A3317300924225003,331730,Wales,2024-03-01,2024,3,powerhouse_consumption_kwh,7927,2331,7,Strong
A3317300924225003,331730,Wales,2024-03-01,2024,3,com_facil_sold_to,46709,12350,13,Extreme
A3317301024225003,331730,Wales,2024-04-01,2024,4,com_facil_sold_to,46954,12350,13,Extreme
A3317301124225003,331730,Wales,2024-05-01,2024,5,com_facil_sold_to,44917,12350,12,Extreme
A3317300425225003,331730,Wales,2024-10-01,2024,10,commercial_sold_to,9764,3875,5,Strong
A3317300625225003,331730,Wales,2024-12-01,2024,12,commercial_sold_to,10708,3875,5,Strong
A3317300725225003,331730,Wales,2025-01-01,2025,1,commercial_sold_to,11658,3875,6,Strong
A3317300825225003,331730,Wales,2025-02-01,2025,2,commercial_sold_to,10926,3875,5,Strong
A3317300925225003,331730,Wales,2025-03-01,2025,3,commercial_sold_to,12559,3875,7,Strong
A3317301025225003,331730,Wales,2025-04-01,2025,4,commercial_sold_to,10533,3875,5,Strong
A3317300226225003,331730,Wales,2025-08-01,2025,8,commercial_sold_to,11646,3875,6,Strong
A3317300326225003,331730,Wales,2025-09-01,2025,9,powerhouse_consumption_kwh,6434,2331,5,Strong
A3317300326225003,331730,Wales,2025-09-01,2025,9,commercial_sold_to,11474,3875,6,Strong
A3317300426225003,331730,Wales,2025-10-01,2025,10,powerhouse_consumption_kwh,6525,2331,5,Strong
A3317300426225003,331730,Wales,2025-10-01,2025,10,commercial_sold_to,11474,3875,6,Strong
A3317300526225003,331730,Wales,2025-11-01,2025,11,powerhouse_consumption_kwh,7938,2331,7,Strong
A3317300526225003,331730,Wales,2025-11-01,2025,11,commercial_sold_to,22698,3875,14,Extreme
A3317300626225003,331730,Wales,2025-12-01,2025,12,powerhouse_consumption_kwh,6854,2331,6,Strong
A3317300626225003,331730,Wales,2025-12-01,2025,12,commercial_sold_to,25179,3875,16,Extreme
A3317300726225003,331730,Wales,2026-01-01,2026,1,commercial_sold_to,33496,3875,23,Extreme
A3317300826225003,331730,Wales,2026-02-01,2026,2,commercial_sold_to,29382,3875,20,Extreme
A3317300926225003,331730,Wales,2026-03-01,2026,3,powerhouse_consumption_kwh,6919,2331,6,Strong
A3317300926225003,331730,Wales,2026-03-01,2026,3,commercial_sold_to,31022,3875,21,Extreme
A3317301026225003,331730,Wales,2026-04-01,2026,4,powerhouse_consumption_kwh,6926,2331,6,Strong
A3317301026225003,331730,Wales,2026-04-01,2026,4,commercial_sold_to,26714,3875,18,Extreme
A3317301126225003,331730,Wales,2026-05-01,2026,5,com_facil_sold_to,0,12350,5,Strong
A3312300616225003,331230,Whale Pass,2015-12-01,2015,12,peak_consumption_kw,219,100,5,Strong
A3312300716225003,331230,Whale Pass,2016-01-01,2016,1,peak_consumption_kw,219,100,5,Strong
A3312300816225003,331230,Whale Pass,2016-02-01,2016,2,peak_consumption_kw,219,100,5,Strong
A3312300916225003,331230,Whale Pass,2016-03-01,2016,3,peak_consumption_kw,219,100,5,Strong
A3312301016225003,331230,Whale Pass,2016-04-01,2016,4,peak_consumption_kw,219,100,5,Strong
A3312301116225003,331230,Whale Pass,2016-05-01,2016,5,peak_consumption_kw,219,100,5,Strong
A3312301216225003,331230,Whale Pass,2016-06-01,2016,6,peak_consumption_kw,219,100,5,Strong
A3312300117225003,331230,Whale Pass,2016-07-01,2016,7,peak_consumption_kw,219,100,5,Strong
A3312300217225003,331230,Whale Pass,2016-08-01,2016,8,peak_consumption_kw,219,100,5,Strong
A3312300317225003,331230,Whale Pass,2016-09-01,2016,9,peak_consumption_kw,219,100,5,Strong
A3312300417225003,331230,Whale Pass,2016-10-01,2016,10,peak_consumption_kw,219,100,5,Strong
A3312300517225003,331230,Whale Pass,2016-11-01,2016,11,peak_consumption_kw,219,100,5,Strong
A3312300617225003,331230,Whale Pass,2016-12-01,2016,12,peak_consumption_kw,219,100,5,Strong
A3312300717225003,331230,Whale Pass,2017-01-01,2017,1,peak_consumption_kw,219,100,5,Strong
A3312300817225003,331230,Whale Pass,2017-02-01,2017,2,peak_consumption_kw,219,100,5,Strong
A3312300917225003,331230,Whale Pass,2017-03-01,2017,3,peak_consumption_kw,219,100,5,Strong
A3312301017225003,331230,Whale Pass,2017-04-01,2017,4,peak_consumption_kw,219,100,5,Strong
A3312301117225003,331230,Whale Pass,2017-05-01,2017,5,peak_consumption_kw,219,100,5,Strong
A3312301217225003,331230,Whale Pass,2017-06-01,2017,6,peak_consumption_kw,219,100,5,Strong
A3312300118225003,331230,Whale Pass,2017-07-01,2017,7,peak_consumption_kw,219,100,5,Strong
A3312300218225003,331230,Whale Pass,2017-08-01,2017,8,peak_consumption_kw,219,100,5,Strong
A3312300318225003,331230,Whale Pass,2017-09-01,2017,9,peak_consumption_kw,219,100,5,Strong
A3312300418225003,331230,Whale Pass,2017-10-01,2017,10,peak_consumption_kw,219,100,5,Strong
A3312300518225003,331230,Whale Pass,2017-11-01,2017,11,peak_consumption_kw,219,100,5,Strong
A3312300618225003,331230,Whale Pass,2017-12-01,2017,12,peak_consumption_kw,219,100,5,Strong
A3312300718225003,331230,Whale Pass,2018-01-01,2018,1,peak_consumption_kw,219,100,5,Strong
A3312300818225003,331230,Whale Pass,2018-02-01,2018,2,peak_consumption_kw,219,100,5,Strong
A3312300918225003,331230,Whale Pass,2018-03-01,2018,3,peak_consumption_kw,219,100,5,Strong
A3312300823225003,331230,Whale Pass,2023-02-01,2023,2,com_facil_sold_to,1709,539,6,Strong
A3312300923225003,331230,Whale Pass,2023-03-01,2023,3,com_facil_sold_to,1689,539,6,Strong
A3312300924225003,331230,Whale Pass,2024-03-01,2024,3,com_facil_sold_to,1569,539,5,Strong
A3312301024225003,331230,Whale Pass,2024-04-01,2024,4,com_facil_sold_to,1843,539,7,Strong
A3312301124225003,331230,Whale Pass,2024-05-01,2024,5,com_facil_sold_to,1641,539,6,Strong
A3312300725225003,331230,Whale Pass,2025-01-01,2025,1,com_facil_sold_to,1803,539,6,Strong
A3312300825225003,331230,Whale Pass,2025-02-01,2025,2,com_facil_sold_to,1841,539,7,Strong
A3328900721225003,332890,White Mountain,2021-01-01,2021,1,com_facil_sold_to,18046,9298,5,Strong
A3328900626225003,332890,White Mountain,2025-12-01,2025,12,govt_facil_sold_to,7459,1326,9,Strong
A3329000417225003,332900,Yakutat,2016-10-01,2016,10,peak_consumption_kw,2101,1147,5,Strong
A3329001126225003,332900,Yakutat,2026-05-01,2026,5,com_facil_sold_to,0,99920.5,5,Strong
A3329001126225003,332900,Yakutat,2026-05-01,2026,5,govt_facil_sold_to,0,64628,5,Strong
