identifier,project_code,sales_reporting_name,date,calendar_year,calendar_month,column,raw_value,carry_forward,annual_average,avg_preceding_proceeding,avg_same_month_other_years,manual_override,decision,comment
A3310051023225003,331005,Adak,2023-04-01,2023,4,diesel_kwh_generated,249556,137836,162351,185640,173570,NA,NA,NA
A3310050924225003,331005,Adak,2024-03-01,2024,3,powerhouse_consumption_kwh,77093,47732,46038,60602,26939,NA,NA,NA
A3310051024225003,331005,Adak,2024-04-01,2024,4,powerhouse_consumption_kwh,73471,77093,46038,72446,30111,NA,NA,NA
A3310051124225003,331005,Adak,2024-05-01,2024,5,powerhouse_consumption_kwh,67798,73471,46038,68503,25072,NA,NA,NA
A3310051224225003,331005,Adak,2024-06-01,2024,6,powerhouse_consumption_kwh,63535,67798,46038,60471,25573,NA,NA,NA
A3310050426225003,331005,Adak,2025-10-01,2025,10,fuel_used_gallons,5363,8345,9630,6982,12725,NA,NA,NA
A3310050426225003,331005,Adak,2025-10-01,2025,10,diesel_kwh_generated,59230,106620,106930,81471,154403,NA,NA,NA
A3310050526225003,331005,Adak,2025-11-01,2025,11,fuel_used_gallons,5618,5363,9630,6096,13699,NA,NA,NA
A3310050526225003,331005,Adak,2025-11-01,2025,11,diesel_kwh_generated,56322,59230,106930,70700,162467,NA,NA,NA
A3310050626225003,331005,Adak,2025-12-01,2025,12,diesel_kwh_generated,82170,56322,106930,77566,165811,NA,NA,NA
A3310051126225003,331005,Adak,2026-05-01,2026,5,fuel_used_gallons,5639,8746,8081,8746,13703,NA,NA,NA
A3310051126225003,331005,Adak,2026-05-01,2026,5,diesel_kwh_generated,67375,106298,97015,106298,170996,NA,NA,NA
A3310100819225003,331010,Akhiok,2019-02-01,2019,2,residential_sold_to,18895,7452,7919,7584,6749,NA,NA,NA
A3310100921225003,331010,Akhiok,2021-03-01,2021,3,fuel_used_gallons,4473,NA,2206,1686,2584,NA,NA,NA
A3310100122225003,331010,Akhiok,2021-07-01,2021,7,fuel_used_gallons,1165,2909,2206,2037,2364,NA,NA,NA
A3310100222225003,331010,Akhiok,2021-08-01,2021,8,fuel_used_gallons,1165,1165,2206,1210,2170,NA,NA,NA
A3310100622225003,331010,Akhiok,2021-12-01,2021,12,commercial_sold_to,19102,14143,11448,12496,10099,NA,NA,NA
A3310100822225003,331010,Akhiok,2022-02-01,2022,2,powerhouse_consumption_kwh,5199,774,1582,2280,817,NA,NA,NA
A3310100923225003,331010,Akhiok,2023-03-01,2023,3,peak_consumption_kw,2202,101,285,78,67,NA,NA,NA
A3310101223225003,331010,Akhiok,2023-06-01,2023,6,residential_sold_to,14682,2836,7874,7065,7231,NA,NA,NA
A3310100724225003,331010,Akhiok,2024-01-01,2024,1,diesel_kwh_generated,45738,NA,34415,25738,24199,NA,NA,NA
A3310100724225003,331010,Akhiok,2024-01-01,2024,1,com_facil_sold_to,9947,NA,4753,4688,3210,NA,NA,NA
A3310100724225003,331010,Akhiok,2024-01-01,2024,1,govt_facil_sold_to,1269,NA,606,655,552,NA,NA,NA
A3310100425225003,331010,Akhiok,2024-10-01,2024,10,diesel_kwh_generated,71382,24609,34415,19332,23788,NA,NA,NA
A3310100425225003,331010,Akhiok,2024-10-01,2024,10,powerhouse_consumption_kwh,4801,NA,2346,1282,993,NA,NA,NA
A3310100226225003,331010,Akhiok,2025-08-01,2025,8,fuel_used_gallons,0,2760,2546,2760,2299,NA,NA,NA
A3310100626225003,331010,Akhiok,2025-12-01,2025,12,govt_facil_sold_to,1163,869,636,760,684,NA,NA,NA
A3310200118225003,331020,Akiachak,2017-07-01,2017,7,residential_customers,136,191,186,190,191,NA,NA,NA
A3310201221225003,331020,Akiachak,2021-06-01,2021,6,powerhouse_consumption_kwh,6129,5828,4417,5895,3367,NA,NA,NA
A3310200223225003,331020,Akiachak,2022-08-01,2022,8,powerhouse_consumption_kwh,8293,NA,4335,4000,3885,NA,NA,NA
A3310200323225003,331020,Akiachak,2022-09-01,2022,9,unbilled_sold_to,95852,2266,11458,3506,4057,NA,NA,NA
A3310200524225003,331020,Akiachak,2023-11-01,2023,11,fuel_used_gallons,19885,15149,13950,16865,12389,NA,NA,NA
A3310200624225003,331020,Akiachak,2023-12-01,2023,12,fuel_used_gallons,18581,19885,13950,18192,13136,NA,NA,NA
A3310200925225003,331020,Akiachak,2025-03-01,2025,3,wind_kwh_generated,15919,7295,12855,16612,18681,NA,NA,NA
A3310201025225003,331020,Akiachak,2025-04-01,2025,4,wind_kwh_generated,25928,15919,12855,18934,8447,NA,NA,NA
A3310201125225003,331020,Akiachak,2025-05-01,2025,5,wind_kwh_generated,21949,25928,12855,22640,9246,NA,NA,NA
A3310201225225003,331020,Akiachak,2025-06-01,2025,6,wind_kwh_generated,19353,21949,12855,19468,8281,NA,NA,NA
A3310200126225003,331020,Akiachak,2025-07-01,2025,7,wind_kwh_generated,16988,19353,12855,17316,0,NA,NA,NA
A3310200226225003,331020,Akiachak,2025-08-01,2025,8,wind_kwh_generated,15280,16988,12855,17996,0,NA,NA,NA
A3310200326225003,331020,Akiachak,2025-09-01,2025,9,wind_kwh_generated,19003,15280,12855,11838,0,NA,NA,NA
A3310200826225003,331020,Akiachak,2026-02-01,2026,2,wind_kwh_generated,12860,4601,22124,20982,3648,NA,NA,NA
A3310200926225003,331020,Akiachak,2026-03-01,2026,3,wind_kwh_generated,37362,12860,22124,19101,7960,NA,NA,NA
A3310201026225003,331020,Akiachak,2026-04-01,2026,4,wind_kwh_generated,25342,37362,22124,32550,8643,NA,NA,NA
A3310201126225003,331020,Akiachak,2026-05-01,2026,5,wind_kwh_generated,27737,25342,22124,25092,7316,NA,NA,NA
A3310201226225003,331020,Akiachak,2026-06-01,2026,6,wind_kwh_generated,24842,27737,22124,27737,6451,NA,NA,NA
A3310300818225003,331030,Akiak,2018-02-01,2018,2,fuel_used_gallons,17318,9243,8568,8862,8188,NA,NA,NA
A3310300818225003,331030,Akiak,2018-02-01,2018,2,powerhouse_consumption_kwh,5126,2571,2930,2596,2425,NA,NA,NA
A3310300123225003,331030,Akiak,2022-07-01,2022,7,govt_facil_sold_to,54459,NA,11037,1199,1505,NA,NA,NA
A3310300223225003,331030,Akiak,2022-08-01,2022,8,commercial_sold_to,267666,21097,73675,35515,46004,NA,NA,NA
A3310300224225003,331030,Akiak,2023-08-01,2023,8,fuel_used_gallons,21098,7000,11699,7778,9835,NA,NA,NA
A3310300224225003,331030,Akiak,2023-08-01,2023,8,residential_sold_to,106044,41871,50914,32581,41878,NA,NA,NA
A3310300224225003,331030,Akiak,2023-08-01,2023,8,unbilled_sold_to,3461,1266,1650,1088,559,NA,NA,NA
A3310300324225003,331030,Akiak,2023-09-01,2023,9,diesel_kwh_generated,214987,164626,140633,164626,99241,NA,NA,NA
A3310300324225003,331030,Akiak,2023-09-01,2023,9,commercial_sold_to,166922,27475,66740,27475,39584,NA,NA,NA
A3310300924225003,331030,Akiak,2024-03-01,2024,3,residential_sold_to,260475,NA,87989,NA,35089,NA,NA,NA
A3310300924225003,331030,Akiak,2024-03-01,2024,3,commercial_sold_to,294257,NA,67610,NA,34236,NA,NA,NA
A3310300924225003,331030,Akiak,2024-03-01,2024,3,com_facil_sold_to,212495,NA,49384,NA,14938,NA,NA,NA
A3310300924225003,331030,Akiak,2024-03-01,2024,3,govt_facil_sold_to,22135,NA,5814,NA,3041,NA,NA,NA
A3310300924225003,331030,Akiak,2024-03-01,2024,3,unbilled_sold_to,10461,NA,2862,NA,815,NA,NA,NA
A3310300225225003,331030,Akiak,2024-08-01,2024,8,fuel_used_gallons,25572,NA,11133,6656,9196,NA,NA,NA
A3310300225225003,331030,Akiak,2024-08-01,2024,8,diesel_kwh_generated,267575,NA,134683,133802,101280,NA,NA,NA
A3310300225225003,331030,Akiak,2024-08-01,2024,8,powerhouse_consumption_kwh,9914,NA,4011,2322,2725,NA,NA,NA
A3310300225225003,331030,Akiak,2024-08-01,2024,8,residential_sold_to,98245,NA,87989,52902,42853,NA,NA,NA
A3310300126225003,331030,Akiak,2025-07-01,2025,7,fuel_used_gallons,15084,NA,9448,6961,6384,NA,NA,NA
A3310300126225003,331030,Akiak,2025-07-01,2025,7,residential_sold_to,69724,NA,42834,31293,29224,NA,NA,NA
A3310300726225003,331030,Akiak,2026-01-01,2026,1,fuel_used_gallons,17109,NA,9569,6751,9242,NA,NA,NA
A3310300726225003,331030,Akiak,2026-01-01,2026,1,diesel_kwh_generated,217138,NA,120351,84245,120751,NA,NA,NA
A3310300726225003,331030,Akiak,2026-01-01,2026,1,powerhouse_consumption_kwh,5645,NA,3363,2548,2550,NA,NA,NA
A3310300726225003,331030,Akiak,2026-01-01,2026,1,residential_sold_to,76581,NA,58174,86604,40507,NA,NA,NA
A3310300826225003,331030,Akiak,2026-02-01,2026,2,residential_sold_to,86604,76581,58174,65149,31174,NA,NA,NA
A3310400816225003,331040,Akutan,2016-02-01,2016,2,govt_facil_sold_to,812,216,506,340,251,NA,NA,NA
A3310401116225003,331040,Akutan,2016-05-01,2016,5,govt_facil_sold_to,925,64,506,503,318,NA,NA,NA
A3310401216225003,331040,Akutan,2016-06-01,2016,6,govt_facil_sold_to,942,925,506,895,208,NA,NA,NA
A3310400117225003,331040,Akutan,2016-07-01,2016,7,govt_facil_sold_to,865,942,506,708,359,NA,NA,NA
A3310400717225003,331040,Akutan,2017-01-01,2017,1,peak_consumption_kw,5,48,69,67,94,NA,NA,NA
A3310401017225003,331040,Akutan,2017-04-01,2017,4,govt_facil_sold_to,994,429,262,229,247,NA,NA,NA
A3310400118225003,331040,Akutan,2017-07-01,2017,7,govt_facil_sold_to,775,132,262,69,369,NA,NA,NA
A3310400322225003,331040,Akutan,2021-09-01,2021,9,govt_facil_sold_to,660,410,312,328,211,NA,NA,NA
A3310400722225003,331040,Akutan,2022-01-01,2022,1,govt_facil_sold_to,718,145,416,222,268,NA,NA,NA
A3310401122225003,331040,Akutan,2022-05-01,2022,5,govt_facil_sold_to,764,608,416,476,334,NA,NA,NA
A3310400226225003,331040,Akutan,2025-08-01,2025,8,hydro_kwh_generated,40552,23668,14290,14176,5902,NA,NA,NA
A3312400116225003,331240,Alakanuk,2015-07-01,2015,7,fuel_used_gallons,11377,NA,14236,12557,1077,NA,NA,NA
A3312400216225003,331240,Alakanuk,2015-08-01,2015,8,fuel_used_gallons,12557,11377,14236,14020,445,NA,NA,NA
A3312400216225003,331240,Alakanuk,2015-08-01,2015,8,commercial_sold_to,26063,18042,23477,21312,13691,NA,NA,NA
A3312400316225003,331240,Alakanuk,2015-09-01,2015,9,fuel_used_gallons,16662,12557,14236,14682,0,NA,NA,NA
A3312400316225003,331240,Alakanuk,2015-09-01,2015,9,commercial_sold_to,24582,26063,23477,24681,13128,NA,NA,NA
A3312400416225003,331240,Alakanuk,2015-10-01,2015,10,fuel_used_gallons,16806,16662,14236,15219,0,NA,NA,NA
A3312400416225003,331240,Alakanuk,2015-10-01,2015,10,commercial_sold_to,23299,24582,23477,24172,14053,NA,NA,NA
A3312400516225003,331240,Alakanuk,2015-11-01,2015,11,fuel_used_gallons,13776,16806,14236,16806,0,NA,NA,NA
A3312400516225003,331240,Alakanuk,2015-11-01,2015,11,commercial_sold_to,23763,23299,23477,24206,14083,NA,NA,NA
A3312400616225003,331240,Alakanuk,2015-12-01,2015,12,commercial_sold_to,25113,23763,23477,24385,14260,NA,NA,NA
A3312400716225003,331240,Alakanuk,2016-01-01,2016,1,fuel_used_gallons,15720,NA,7993,13782,0,NA,NA,NA
A3312400716225003,331240,Alakanuk,2016-01-01,2016,1,commercial_sold_to,25007,25113,15639,19562,15174,NA,NA,NA
A3312400816225003,331240,Alakanuk,2016-02-01,2016,2,fuel_used_gallons,13782,15720,7993,14958,0,NA,NA,NA
A3312400916225003,331240,Alakanuk,2016-03-01,2016,3,fuel_used_gallons,14196,13782,7993,13546,0,NA,NA,NA
A3312401016225003,331240,Alakanuk,2016-04-01,2016,4,fuel_used_gallons,13309,14196,7993,13563,0,NA,NA,NA
A3312401116225003,331240,Alakanuk,2016-05-01,2016,5,fuel_used_gallons,12930,13309,7993,12036,0,NA,NA,NA
A3312401216225003,331240,Alakanuk,2016-06-01,2016,6,fuel_used_gallons,10763,12930,7993,11848,0,NA,NA,NA
A3312400117225003,331240,Alakanuk,2016-07-01,2016,7,fuel_used_gallons,10766,10763,7993,7608,1138,NA,NA,NA
A3312400217225003,331240,Alakanuk,2016-08-01,2016,8,diesel_kwh_generated,52919,148807,160361,148807,164377,NA,NA,NA
A3312400217225003,331240,Alakanuk,2016-08-01,2016,8,residential_customers,65,162,142,162,157,NA,NA,NA
A3312400417225003,331240,Alakanuk,2016-10-01,2016,10,residential_customers,88,162,142,126,157,NA,NA,NA
A3312400517225003,331240,Alakanuk,2016-11-01,2016,11,residential_customers,90,88,142,124,157,NA,NA,NA
A3312400717225003,331240,Alakanuk,2017-01-01,2017,1,residential_customers,91,161,150,126,158,NA,NA,NA
A3312400817225003,331240,Alakanuk,2017-02-01,2017,2,residential_customers,90,91,150,126,158,NA,NA,NA
A3312400626225003,331240,Alakanuk,2025-12-01,2025,12,commercial_sold_to,22954,21853,13112,24844,14476,NA,NA,NA
A3312400726225003,331240,Alakanuk,2026-01-01,2026,1,commercial_sold_to,27835,22954,27320,22636,14892,NA,NA,NA
A3312400726225003,331240,Alakanuk,2026-01-01,2026,1,com_facil_sold_to,79189,34578,48380,34598,44543,NA,NA,NA
A3312400826225003,331240,Alakanuk,2026-02-01,2026,2,commercial_sold_to,22318,27835,27320,30165,12711,NA,NA,NA
A3312400926225003,331240,Alakanuk,2026-03-01,2026,3,commercial_sold_to,32495,22318,27320,24474,13757,NA,NA,NA
A3312401026225003,331240,Alakanuk,2026-04-01,2026,4,commercial_sold_to,26631,32495,27320,32495,13655,NA,NA,NA
A3310500720225003,331050,"Allakaket, Alatna",2020-01-01,2020,1,commercial_sold_to,7723,5456,3468,5342,4186,NA,NA,NA
A3310500726225003,331050,"Allakaket, Alatna",2026-01-01,2026,1,commercial_sold_to,6998,6611,4696,5856,4258,NA,NA,NA
A3312500116225003,331250,Ambler,2015-07-01,2015,7,commercial_sold_to,12461,NA,17785,12762,3683,NA,NA,NA
A3312500216225003,331250,Ambler,2015-08-01,2015,8,commercial_sold_to,12762,12461,17785,14042,3516,NA,NA,NA
A3312500316225003,331250,Ambler,2015-09-01,2015,9,commercial_sold_to,15624,12762,17785,17510,3232,NA,NA,NA
A3312500416225003,331250,Ambler,2015-10-01,2015,10,commercial_sold_to,22259,15624,17785,17522,3119,NA,NA,NA
A3312500516225003,331250,Ambler,2015-11-01,2015,11,commercial_sold_to,19421,22259,17785,23222,4111,NA,NA,NA
A3312500616225003,331250,Ambler,2015-12-01,2015,12,commercial_sold_to,24184,19421,17785,21494,4716,NA,NA,NA
A3312500716225003,331250,Ambler,2016-01-01,2016,1,commercial_sold_to,23567,24184,5483,14650,4694,NA,NA,NA
A3312500816225003,331250,Ambler,2016-02-01,2016,2,commercial_sold_to,5115,23567,5483,13890,4084,NA,NA,NA
A3312500620225003,331250,Ambler,2019-12-01,2019,12,fuel_used_gallons,17629,7995,8018,8768,8833,NA,NA,NA
A3312500722225003,331250,Ambler,2022-01-01,2022,1,residential_sold_to,79156,61837,41317,57889,53356,NA,NA,NA
A3312500825225003,331250,Ambler,2025-02-01,2025,2,com_facil_sold_to,55826,26824,26941,27539,25071,NA,NA,NA
A3312500526225003,331250,Ambler,2025-11-01,2025,11,fuel_used_gallons,0,8451,6764,4226,8496,NA,NA,NA
A3312500526225003,331250,Ambler,2025-11-01,2025,11,commercial_sold_to,12709,3222,5205,9629,4783,NA,NA,NA
A3312500626225003,331250,Ambler,2025-12-01,2025,12,fuel_used_gallons,0,0,6764,0,10596,NA,NA,NA
A3312500626225003,331250,Ambler,2025-12-01,2025,12,commercial_sold_to,16036,12709,5205,14424,5531,NA,NA,NA
A3312500726225003,331250,Ambler,2026-01-01,2026,1,fuel_used_gallons,0,0,0,0,9940,NA,NA,NA
A3312500726225003,331250,Ambler,2026-01-01,2026,1,commercial_sold_to,16138,16036,13352,14340,5437,NA,NA,NA
A3312500826225003,331250,Ambler,2026-02-01,2026,2,fuel_used_gallons,0,0,0,0,9113,NA,NA,NA
A3312500826225003,331250,Ambler,2026-02-01,2026,2,commercial_sold_to,12643,16138,13352,14532,3331,NA,NA,NA
A3312500926225003,331250,Ambler,2026-03-01,2026,3,fuel_used_gallons,0,0,0,0,9141,NA,NA,NA
A3312500926225003,331250,Ambler,2026-03-01,2026,3,commercial_sold_to,12925,12643,13352,12172,3408,NA,NA,NA
A3312501026225003,331250,Ambler,2026-04-01,2026,4,fuel_used_gallons,0,0,0,0,8153,NA,NA,NA
A3312501026225003,331250,Ambler,2026-04-01,2026,4,commercial_sold_to,11701,12925,13352,12925,3206,NA,NA,NA
A3323500916225003,332350,Anaktuvuk Pass,2016-03-01,2016,3,peak_consumption_kw,1070,590,654,570,798,NA,NA,NA
A3323500617225003,332350,Anaktuvuk Pass,2016-12-01,2016,12,peak_consumption_kw,1134,628,654,658,654,NA,NA,NA
A3323500817225003,332350,Anaktuvuk Pass,2017-02-01,2017,2,peak_consumption_kw,1134,689,662,660,701,NA,NA,NA
A3323500721225003,332350,Anaktuvuk Pass,2021-01-01,2021,1,peak_consumption_kw,1519,640,922,844,738,NA,NA,NA
A3323500821225003,332350,Anaktuvuk Pass,2021-02-01,2021,2,peak_consumption_kw,1047,1519,922,1709,710,NA,NA,NA
A3323500921225003,332350,Anaktuvuk Pass,2021-03-01,2021,3,peak_consumption_kw,1899,1047,922,837,716,NA,NA,NA
A3323501121225003,332350,Anaktuvuk Pass,2021-05-01,2021,5,peak_consumption_kw,1900,627,922,562,954,NA,NA,NA
A3323500722225003,332350,Anaktuvuk Pass,2022-01-01,2022,1,peak_consumption_kw,1183,853,608,750,771,NA,NA,NA
A3323501123225003,332350,Anaktuvuk Pass,2023-05-01,2023,5,peak_consumption_kw,4415,598,920,552,703,NA,NA,NA
A3323500826225003,332350,Anaktuvuk Pass,2026-02-01,2026,2,residential_sold_to,136637,104484,97963,102188,70466,NA,NA,NA
A3326500126225003,332650,Angoon,2025-07-01,2025,7,commercial_sold_to,84044,58271,60070,75342,42287,NA,NA,NA
A3326500226225003,332650,Angoon,2025-08-01,2025,8,commercial_sold_to,92412,84044,60070,84345,39024,NA,NA,NA
A3326500326225003,332650,Angoon,2025-09-01,2025,9,commercial_sold_to,84646,92412,60070,69615,42167,NA,NA,NA
A3326500726225003,332650,Angoon,2026-01-01,2026,1,residential_sold_to,101165,81215,76580,79814,82192,NA,NA,NA
A3326500826225003,332650,Angoon,2026-02-01,2026,2,residential_customers,142,190,169,166,193,NA,NA,NA
A3326500926225003,332650,Angoon,2026-03-01,2026,3,residential_customers,141,142,169,142,193,NA,NA,NA
A3326501026225003,332650,Angoon,2026-04-01,2026,4,residential_customers,142,141,169,164,192,NA,NA,NA
A3326500127225003,332650,Angoon,2026-07-01,2026,7,commercial_sold_to,88260,56279,58858,56279,41904,NA,NA,NA
A3317600717225003,331760,Aniak,2017-01-01,2017,1,unbilled_sold_to,12655,7678,4881,7212,6911,NA,NA,NA
A3317600719225003,331760,Aniak,2019-01-01,2019,1,unbilled_sold_to,12145,8685,3966,6856,6962,NA,NA,NA
A3317600720225003,331760,Aniak,2020-01-01,2020,1,unbilled_sold_to,12098,5269,4023,5753,6967,NA,NA,NA
A3317600822225003,331760,Aniak,2022-02-01,2022,2,peak_consumption_kw,52,560,401,540,474,NA,NA,NA
A3317600925225003,331760,Aniak,2025-03-01,2025,3,peak_consumption_kw,2901,435,598,442,465,NA,NA,NA
A3317600626225003,331760,Aniak,2025-12-01,2025,12,com_facil_sold_to,13347,8779,8289,12792,6183,NA,NA,NA
A3317600726225003,331760,Aniak,2026-01-01,2026,1,com_facil_sold_to,16806,13347,12538,13076,7382,NA,NA,NA
A3317600926225003,331760,Aniak,2026-03-01,2026,3,com_facil_sold_to,15336,12806,12538,11656,6983,NA,NA,NA
A3312600116225003,331260,Anvik,2015-07-01,2015,7,com_facil_sold_to,4177,NA,4815,4183,10738,NA,NA,NA
A3312600216225003,331260,Anvik,2015-08-01,2015,8,com_facil_sold_to,4183,4177,4815,4412,10564,NA,NA,NA
A3312600316225003,331260,Anvik,2015-09-01,2015,9,com_facil_sold_to,4647,4183,4815,4504,10467,NA,NA,NA
A3312600416225003,331260,Anvik,2015-10-01,2015,10,com_facil_sold_to,4824,4647,4815,5088,11086,NA,NA,NA
A3312600516225003,331260,Anvik,2015-11-01,2015,11,com_facil_sold_to,5530,4824,4815,5177,10866,NA,NA,NA
A3312600616225003,331260,Anvik,2015-12-01,2015,12,commercial_sold_to,10356,9271,8405,9960,997,NA,NA,NA
A3312600616225003,331260,Anvik,2015-12-01,2015,12,com_facil_sold_to,5530,5530,4815,5545,10989,NA,NA,NA
A3312600716225003,331260,Anvik,2016-01-01,2016,1,commercial_sold_to,10649,10356,887,5178,841,NA,NA,NA
A3312600716225003,331260,Anvik,2016-01-01,2016,1,com_facil_sold_to,5560,5530,10494,8106,11034,NA,NA,NA
A3312600217225003,331260,Anvik,2016-08-01,2016,8,residential_customers,122,40,68,40,38,NA,NA,NA
A3312600417225003,331260,Anvik,2016-10-01,2016,10,residential_customers,161,41,68,101,37,NA,NA,NA
A3312600517225003,331260,Anvik,2016-11-01,2016,11,residential_customers,161,161,68,101,37,NA,NA,NA
A3312600717225003,331260,Anvik,2017-01-01,2017,1,residential_customers,161,41,60,101,37,NA,NA,NA
A3312600817225003,331260,Anvik,2017-02-01,2017,2,residential_customers,161,161,60,100,37,NA,NA,NA
A3312600520225003,331260,Anvik,2019-11-01,2019,11,com_facil_sold_to,15273,14663,12254,15761,9892,NA,NA,NA
A3312600620225003,331260,Anvik,2019-12-01,2019,12,com_facil_sold_to,16859,15273,12254,14284,9856,NA,NA,NA
A3312600622225003,331260,Anvik,2021-12-01,2021,12,fuel_used_gallons,4515,3418,2993,3325,2194,NA,NA,NA
A3312600526225003,331260,Anvik,2025-11-01,2025,11,fuel_used_gallons,0,2714,2274,1357,3094,NA,NA,NA
A3312600526225003,331260,Anvik,2025-11-01,2025,11,commercial_sold_to,10073,0,1671,4987,927,NA,NA,NA
A3312600526225003,331260,Anvik,2025-11-01,2025,11,com_facil_sold_to,4359,10257,9390,7193,10983,NA,NA,NA
A3312600626225003,331260,Anvik,2025-12-01,2025,12,fuel_used_gallons,0,0,2274,0,3322,NA,NA,NA
A3312600626225003,331260,Anvik,2025-12-01,2025,12,com_facil_sold_to,4129,4359,9390,4408,11129,NA,NA,NA
A3312600726225003,331260,Anvik,2026-01-01,2026,1,fuel_used_gallons,0,0,0,0,3338,NA,NA,NA
A3312600726225003,331260,Anvik,2026-01-01,2026,1,com_facil_sold_to,4456,4129,4294,4183,11144,NA,NA,NA
A3312600826225003,331260,Anvik,2026-02-01,2026,2,fuel_used_gallons,0,0,0,0,3146,NA,NA,NA
A3312600826225003,331260,Anvik,2026-02-01,2026,2,com_facil_sold_to,4237,4456,4294,4541,10653,NA,NA,NA
A3312600826225003,331260,Anvik,2026-02-01,2026,2,govt_facil_sold_to,31922,4765,15551,8758,9072,NA,NA,NA
A3312600926225003,331260,Anvik,2026-03-01,2026,3,fuel_used_gallons,0,0,0,0,3068,NA,NA,NA
A3312600926225003,331260,Anvik,2026-03-01,2026,3,com_facil_sold_to,4626,4237,4294,4048,11240,NA,NA,NA
A3312601026225003,331260,Anvik,2026-04-01,2026,4,fuel_used_gallons,0,0,0,0,2881,NA,NA,NA
A3312601026225003,331260,Anvik,2026-04-01,2026,4,com_facil_sold_to,3859,4626,4294,4626,11407,NA,NA,NA
A3317701018225003,331770,Arctic Village,2018-04-01,2018,4,govt_facil_sold_to,2432,NA,840,NA,616,NA,NA,NA
A3317700422225003,331770,Arctic Village,2021-10-01,2021,10,fuel_used_gallons,13695,NA,4887,0,3814,NA,NA,NA
A3317700422225003,331770,Arctic Village,2021-10-01,2021,10,diesel_kwh_generated,126000,NA,58321,NA,62392,NA,NA,NA
A3317700422225003,331770,Arctic Village,2021-10-01,2021,10,residential_sold_to,54203,NA,22462,19252,21505,NA,NA,NA
A3317700822225003,331770,Arctic Village,2022-02-01,2022,2,fuel_used_gallons,20356,0,7331,0,4391,NA,NA,NA
A3317700323225003,331770,Arctic Village,2022-09-01,2022,9,unbilled_sold_to,11386,0,3507,0,2221,NA,NA,NA
A3317700523225003,331770,Arctic Village,2022-11-01,2022,11,residential_sold_to,48466,1,23372,1,19127,NA,NA,NA
A3317700523225003,331770,Arctic Village,2022-11-01,2022,11,com_facil_sold_to,49602,0,11334,0,7664,NA,NA,NA
A3317700723225003,331770,Arctic Village,2023-01-01,2023,1,com_facil_sold_to,47210,0,21926,0,9108,NA,NA,NA
A3317700923225003,331770,Arctic Village,2023-03-01,2023,3,residential_sold_to,47927,1,33110,10860,17969,NA,NA,NA
A3317700923225003,331770,Arctic Village,2023-03-01,2023,3,com_facil_sold_to,48824,0,21926,2426,8468,NA,NA,NA
A3317700124225003,331770,Arctic Village,2023-07-01,2023,7,residential_sold_to,69278,NA,33110,29200,16087,NA,NA,NA
A3317700824225003,331770,Arctic Village,2024-02-01,2024,2,commercial_sold_to,51862,24189,36488,38026,12107,NA,NA,NA
A3317700924225003,331770,Arctic Village,2024-03-01,2024,3,commercial_sold_to,51862,51862,36488,51862,16061,NA,NA,NA
A3317701024225003,331770,Arctic Village,2024-04-01,2024,4,commercial_sold_to,51862,51862,36488,51862,18081,NA,NA,NA
A3317701124225003,331770,Arctic Village,2024-05-01,2024,5,commercial_sold_to,51862,51862,36488,51876,9391,NA,NA,NA
A3317701224225003,331770,Arctic Village,2024-06-01,2024,6,commercial_sold_to,51890,51862,36488,58185,11803,NA,NA,NA
A3317700125225003,331770,Arctic Village,2024-07-01,2024,7,commercial_sold_to,64508,51890,36488,30862,11741,NA,NA,NA
A3317700225225003,331770,Arctic Village,2024-08-01,2024,8,unbilled_sold_to,33847,1253,7326,1253,2063,NA,NA,NA
A3317700525225003,331770,Arctic Village,2024-11-01,2024,11,unbilled_sold_to,22906,7869,7326,8343,4068,NA,NA,NA
A3317700825225003,331770,Arctic Village,2025-02-01,2025,2,unbilled_sold_to,17710,4623,8634,7874,2715,NA,NA,NA
A3317700925225003,331770,Arctic Village,2025-03-01,2025,3,unbilled_sold_to,11124,17710,8634,12548,3904,NA,NA,NA
A3317700626225003,331770,Arctic Village,2025-12-01,2025,12,unbilled_sold_to,18003,5099,8634,5486,3558,NA,NA,NA
A3317700826225003,331770,Arctic Village,2026-02-01,2026,2,unbilled_sold_to,12072,5873,7882,5873,3341,NA,NA,NA
A3317500716225003,331750,Atka,2016-01-01,2016,1,govt_facil_sold_to,8776,5135,4925,4716,4030,NA,NA,NA
A3317500217225003,331750,Atka,2016-08-01,2016,8,fuel_used_gallons,3927,406,1064,203,766,NA,NA,NA
A3317500917225003,331750,Atka,2017-03-01,2017,3,unbilled_sold_to,330,0,88,51,72,NA,NA,NA
A3317500618225003,331750,Atka,2017-12-01,2017,12,peak_consumption_kw,130,54,66,60,61,NA,NA,NA
A3317500718225003,331750,Atka,2018-01-01,2018,1,unbilled_sold_to,378,0,106,30,75,NA,NA,NA
A3317500624225003,331750,Atka,2023-12-01,2023,12,residential_sold_to,18231,10413,9879,9098,11058,NA,NA,NA
A3317500624225003,331750,Atka,2023-12-01,2023,12,com_facil_sold_to,13304,5791,6364,6091,4181,NA,NA,NA
A3317500724225003,331750,Atka,2024-01-01,2024,1,peak_consumption_kw,112,71,112,71,62,NA,NA,NA
A3317800616225003,331780,Atmautluak,2015-12-01,2015,12,fuel_used_gallons,0,3925,1962,7858,6344,NA,NA,NA
A3317800716225003,331780,Atmautluak,2016-01-01,2016,1,fuel_used_gallons,11792,0,5115,2965,6705,NA,NA,NA
A3317800217225003,331780,Atmautluak,2016-08-01,2016,8,govt_facil_sold_to,18048,438,2674,604,656,NA,NA,NA
A3317800118225003,331780,Atmautluak,2017-07-01,2017,7,govt_facil_sold_to,13628,1172,2618,906,726,NA,NA,NA
A3317800718225003,331780,Atmautluak,2018-01-01,2018,1,govt_facil_sold_to,29960,1253,3415,1208,2576,NA,NA,NA
A3317800920225003,331780,Atmautluak,2020-03-01,2020,3,unbilled_sold_to,586,216,233,364,262,NA,NA,NA
A3317800722225003,331780,Atmautluak,2022-01-01,2022,1,unbilled_sold_to,850,288,704,546,230,NA,NA,NA
A3317800822225003,331780,Atmautluak,2022-02-01,2022,2,powerhouse_consumption_kwh,5230,3067,6549,3003,3653,NA,NA,NA
A3317800822225003,331780,Atmautluak,2022-02-01,2022,2,unbilled_sold_to,804,850,704,776,153,NA,NA,NA
A3317800922225003,331780,Atmautluak,2022-03-01,2022,3,unbilled_sold_to,701,804,704,780,250,NA,NA,NA
A3317801022225003,331780,Atmautluak,2022-04-01,2022,4,powerhouse_consumption_kwh,6780,2939,6549,6292,3539,NA,NA,NA
A3317801022225003,331780,Atmautluak,2022-04-01,2022,4,unbilled_sold_to,757,701,704,745,171,NA,NA,NA
A3317801122225003,331780,Atmautluak,2022-05-01,2022,5,powerhouse_consumption_kwh,9645,6780,6549,6404,3646,NA,NA,NA
A3317801122225003,331780,Atmautluak,2022-05-01,2022,5,unbilled_sold_to,789,757,704,640,112,NA,NA,NA
A3317801222225003,331780,Atmautluak,2022-06-01,2022,6,powerhouse_consumption_kwh,6029,9645,6549,7916,3827,NA,NA,NA
A3317800123225003,331780,Atmautluak,2022-07-01,2022,7,powerhouse_consumption_kwh,6186,6029,6549,7024,3368,NA,NA,NA
A3317800123225003,331780,Atmautluak,2022-07-01,2022,7,unbilled_sold_to,741,523,704,504,81,NA,NA,NA
A3317800223225003,331780,Atmautluak,2022-08-01,2022,8,powerhouse_consumption_kwh,8019,6186,6549,7016,3641,NA,NA,NA
A3317800323225003,331780,Atmautluak,2022-09-01,2022,9,powerhouse_consumption_kwh,7845,8019,6549,7276,3754,NA,NA,NA
A3317800423225003,331780,Atmautluak,2022-10-01,2022,10,powerhouse_consumption_kwh,6533,7845,6549,8363,4016,NA,NA,NA
A3317800423225003,331780,Atmautluak,2022-10-01,2022,10,unbilled_sold_to,732,468,704,678,108,NA,NA,NA
A3317800523225003,331780,Atmautluak,2022-11-01,2022,11,powerhouse_consumption_kwh,8881,6533,6549,6985,3952,NA,NA,NA
A3317800523225003,331780,Atmautluak,2022-11-01,2022,11,unbilled_sold_to,887,732,704,721,167,NA,NA,NA
A3317800623225003,331780,Atmautluak,2022-12-01,2022,12,powerhouse_consumption_kwh,7437,8881,6549,6896,3473,NA,NA,NA
A3317800623225003,331780,Atmautluak,2022-12-01,2022,12,unbilled_sold_to,710,887,704,612,170,NA,NA,NA
A3317800823225003,331780,Atmautluak,2023-02-01,2023,2,powerhouse_consumption_kwh,7028,4912,7228,7012,3396,NA,NA,NA
A3317800923225003,331780,Atmautluak,2023-03-01,2023,3,powerhouse_consumption_kwh,9111,7028,7228,7040,3230,NA,NA,NA
A3317801023225003,331780,Atmautluak,2023-04-01,2023,4,powerhouse_consumption_kwh,7051,9111,7228,8370,3509,NA,NA,NA
A3317801123225003,331780,Atmautluak,2023-05-01,2023,5,powerhouse_consumption_kwh,7630,7051,7228,7340,3898,NA,NA,NA
A3317801223225003,331780,Atmautluak,2023-06-01,2023,6,powerhouse_consumption_kwh,7630,7630,7228,6218,3627,NA,NA,NA
A3317800224225003,331780,Atmautluak,2023-08-01,2023,8,powerhouse_consumption_kwh,6878,4806,7228,6944,3783,NA,NA,NA
A3317800324225003,331780,Atmautluak,2023-09-01,2023,9,powerhouse_consumption_kwh,9083,6878,7228,8490,3600,NA,NA,NA
A3317800424225003,331780,Atmautluak,2023-10-01,2023,10,powerhouse_consumption_kwh,10103,9083,7228,9267,3506,NA,NA,NA
A3317800524225003,331780,Atmautluak,2023-11-01,2023,11,powerhouse_consumption_kwh,9451,10103,7228,6576,3889,NA,NA,NA
A3323600420225003,332360,Atqasuk,2019-10-01,2019,10,govt_facil_sold_to,5493,3988,3986,6143,1300,NA,NA,NA
A3323600520225003,332360,Atqasuk,2019-11-01,2019,11,govt_facil_sold_to,8298,5493,3986,8322,1416,NA,NA,NA
A3323600620225003,332360,Atqasuk,2019-12-01,2019,12,govt_facil_sold_to,11150,8298,3986,10225,2076,NA,NA,NA
A3323600720225003,332360,Atqasuk,2020-01-01,2020,1,govt_facil_sold_to,12152,11150,4785,11246,2212,NA,NA,NA
A3323600820225003,332360,Atqasuk,2020-02-01,2020,2,govt_facil_sold_to,11341,12152,4785,11404,2195,NA,NA,NA
A3323600920225003,332360,Atqasuk,2020-03-01,2020,3,govt_facil_sold_to,10655,11341,4785,9933,1947,NA,NA,NA
A3323601020225003,332360,Atqasuk,2020-04-01,2020,4,govt_facil_sold_to,8525,10655,4785,9228,1955,NA,NA,NA
A3323601120225003,332360,Atqasuk,2020-05-01,2020,5,govt_facil_sold_to,7801,8525,4785,4460,1552,NA,NA,NA
A3323601121225003,332360,Atqasuk,2021-05-01,2021,5,residential_customers,0,64,58,64,65,NA,NA,NA
A3323601121225003,332360,Atqasuk,2021-05-01,2021,5,commercial_customers,0,61,56,61,53,NA,NA,NA
A3323601221225003,332360,Atqasuk,2021-06-01,2021,6,fuel_used_gallons,0,20909,20635,19558,17172,NA,NA,NA
A3323600726225003,332360,Atqasuk,2026-01-01,2026,1,com_facil_sold_to,20090,8998,7406,7015,8628,NA,NA,NA
A3317900920225003,331790,Beaver,2020-03-01,2020,3,powerhouse_consumption_kwh,1660,NA,2382,1155,1293,NA,NA,NA
A3317901120225003,331790,Beaver,2020-05-01,2020,5,powerhouse_consumption_kwh,1678,1155,2382,1235,491,NA,NA,NA
A3317900121225003,331790,Beaver,2020-07-01,2020,7,powerhouse_consumption_kwh,2895,1315,2382,2089,108,NA,NA,NA
A3317900221225003,331790,Beaver,2020-08-01,2020,8,powerhouse_consumption_kwh,2863,2895,2382,3202,4,NA,NA,NA
A3317900321225003,331790,Beaver,2020-09-01,2020,9,powerhouse_consumption_kwh,3509,2863,2382,2863,4,NA,NA,NA
A3317900621225003,331790,Beaver,2020-12-01,2020,12,powerhouse_consumption_kwh,3981,NA,2382,4128,4,NA,NA,NA
A3317900721225003,331790,Beaver,2021-01-01,2021,1,powerhouse_consumption_kwh,4128,3981,2701,3981,4,NA,NA,NA
A3317900921225003,331790,Beaver,2021-03-01,2021,3,powerhouse_consumption_kwh,3761,NA,2701,NA,768,NA,NA,NA
A3317900922225003,331790,Beaver,2022-03-01,2022,3,residential_sold_to,13548,7152,9980,10012,6474,NA,NA,NA
A3318000516225003,331800,"Bethel, Oscarville",2015-11-01,2015,11,commercial_sold_to,1911319,1773217,1831132,1879776,1342044,NA,NA,NA
A3318000616225003,331800,"Bethel, Oscarville",2015-12-01,2015,12,commercial_sold_to,1986335,1911319,1831132,1966920,1401178,NA,NA,NA
A3318000716225003,331800,"Bethel, Oscarville",2016-01-01,2016,1,commercial_sold_to,2022520,1986335,1288045,1587974,1462402,NA,NA,NA
A3318000217225003,331800,"Bethel, Oscarville",2016-08-01,2016,8,residential_customers,163,1855,1450,1870,1762,NA,NA,NA
A3318000417225003,331800,"Bethel, Oscarville",2016-10-01,2016,10,residential_customers,229,1884,1450,1057,1761,NA,NA,NA
A3318000517225003,331800,"Bethel, Oscarville",2016-11-01,2016,11,residential_customers,230,229,1450,1061,1786,NA,NA,NA
A3318000717225003,331800,"Bethel, Oscarville",2017-01-01,2017,1,residential_customers,232,1893,1605,1062,1789,NA,NA,NA
A3318000817225003,331800,"Bethel, Oscarville",2017-02-01,2017,2,residential_customers,232,232,1605,1066,1807,NA,NA,NA
A3318000526225003,331800,"Bethel, Oscarville",2025-11-01,2025,11,fuel_used_gallons,0,253952,214313,126976,263292,NA,NA,NA
A3318000526225003,331800,"Bethel, Oscarville",2025-11-01,2025,11,commercial_sold_to,1847623,1403565,1447718,1608041,1348413,NA,NA,NA
A3318000626225003,331800,"Bethel, Oscarville",2025-12-01,2025,12,fuel_used_gallons,0,0,214313,0,279825,NA,NA,NA
A3318000626225003,331800,"Bethel, Oscarville",2025-12-01,2025,12,commercial_sold_to,1812517,1847623,1447718,1928388,1418560,NA,NA,NA
A3318000726225003,331800,"Bethel, Oscarville",2026-01-01,2026,1,fuel_used_gallons,0,0,0,0,293061,NA,NA,NA
A3318000726225003,331800,"Bethel, Oscarville",2026-01-01,2026,1,residential_sold_to,1525259,1306519,1297200,1266446,1100268,NA,NA,NA
A3318000726225003,331800,"Bethel, Oscarville",2026-01-01,2026,1,commercial_sold_to,2009153,1812517,1875726,1805134,1463738,NA,NA,NA
A3318000826225003,331800,"Bethel, Oscarville",2026-02-01,2026,2,fuel_used_gallons,0,0,0,0,261375,NA,NA,NA
A3318000926225003,331800,"Bethel, Oscarville",2026-03-01,2026,3,fuel_used_gallons,0,0,0,0,270203,NA,NA,NA
A3318000926225003,331800,"Bethel, Oscarville",2026-03-01,2026,3,commercial_sold_to,2001330,1797750,1875726,1746210,1326772,NA,NA,NA
A3318001026225003,331800,"Bethel, Oscarville",2026-04-01,2026,4,fuel_used_gallons,0,0,0,0,248365,NA,NA,NA
A3310600622225003,331060,"Bettles, Evansville",2021-12-01,2021,12,powerhouse_consumption_kwh,2145,94,259,1280,1221,NA,NA,NA
A3310600722225003,331060,"Bettles, Evansville",2022-01-01,2022,1,powerhouse_consumption_kwh,2467,2145,1941,2422,1365,NA,NA,NA
A3310600822225003,331060,"Bettles, Evansville",2022-02-01,2022,2,powerhouse_consumption_kwh,2698,2467,1941,2010,1430,NA,NA,NA
A3310600922225003,331060,"Bettles, Evansville",2022-03-01,2022,3,powerhouse_consumption_kwh,1554,2698,1941,2134,1329,NA,NA,NA
A3310601022225003,331060,"Bettles, Evansville",2022-04-01,2022,4,powerhouse_consumption_kwh,1570,1554,1941,1491,1362,NA,NA,NA
A3310600323225003,331060,"Bettles, Evansville",2022-09-01,2022,9,powerhouse_consumption_kwh,2121,1248,1941,1824,838,NA,NA,NA
A3310600423225003,331060,"Bettles, Evansville",2022-10-01,2022,10,powerhouse_consumption_kwh,2400,2121,1941,2367,943,NA,NA,NA
A3310600523225003,331060,"Bettles, Evansville",2022-11-01,2022,11,powerhouse_consumption_kwh,2613,2400,1941,2404,1009,NA,NA,NA
A3310600623225003,331060,"Bettles, Evansville",2022-12-01,2022,12,powerhouse_consumption_kwh,2408,2613,1941,2428,1194,NA,NA,NA
A3310600723225003,331060,"Bettles, Evansville",2023-01-01,2023,1,powerhouse_consumption_kwh,2244,2408,2098,2423,1387,NA,NA,NA
A3310600823225003,331060,"Bettles, Evansville",2023-02-01,2023,2,powerhouse_consumption_kwh,2438,2244,2098,2207,1456,NA,NA,NA
A3310600923225003,331060,"Bettles, Evansville",2023-03-01,2023,3,powerhouse_consumption_kwh,2170,2438,2098,2364,1267,NA,NA,NA
A3310601023225003,331060,"Bettles, Evansville",2023-04-01,2023,4,powerhouse_consumption_kwh,2290,2170,2098,1946,1290,NA,NA,NA
A3310601123225003,331060,"Bettles, Evansville",2023-05-01,2023,5,powerhouse_consumption_kwh,1721,2290,2098,2080,741,NA,NA,NA
A3310601223225003,331060,"Bettles, Evansville",2023-06-01,2023,6,powerhouse_consumption_kwh,1871,1721,2098,1678,624,NA,NA,NA
A3310600124225003,331060,"Bettles, Evansville",2023-07-01,2023,7,powerhouse_consumption_kwh,1636,1871,2098,1763,710,NA,NA,NA
A3310600224225003,331060,"Bettles, Evansville",2023-08-01,2023,8,powerhouse_consumption_kwh,1655,1636,2098,1977,704,NA,NA,NA
A3310600324225003,331060,"Bettles, Evansville",2023-09-01,2023,9,powerhouse_consumption_kwh,2318,1655,2098,1931,816,NA,NA,NA
A3310600424225003,331060,"Bettles, Evansville",2023-10-01,2023,10,powerhouse_consumption_kwh,2207,2318,2098,2360,965,NA,NA,NA
A3310600524225003,331060,"Bettles, Evansville",2023-11-01,2023,11,powerhouse_consumption_kwh,2401,2207,2098,2214,1030,NA,NA,NA
A3310600624225003,331060,"Bettles, Evansville",2023-12-01,2023,12,powerhouse_consumption_kwh,2221,2401,2098,2382,1213,NA,NA,NA
A3310600724225003,331060,"Bettles, Evansville",2024-01-01,2024,1,powerhouse_consumption_kwh,2364,2221,2293,2448,1375,NA,NA,NA
A3310600824225003,331060,"Bettles, Evansville",2024-02-01,2024,2,powerhouse_consumption_kwh,2675,2364,2293,2412,1432,NA,NA,NA
A3310600924225003,331060,"Bettles, Evansville",2024-03-01,2024,3,powerhouse_consumption_kwh,2461,2675,2293,2564,1238,NA,NA,NA
A3310601024225003,331060,"Bettles, Evansville",2024-04-01,2024,4,powerhouse_consumption_kwh,2454,2461,2293,2193,1274,NA,NA,NA
A3310601124225003,331060,"Bettles, Evansville",2024-05-01,2024,5,powerhouse_consumption_kwh,1925,2454,2293,2094,719,NA,NA,NA
A3310601224225003,331060,"Bettles, Evansville",2024-06-01,2024,6,powerhouse_consumption_kwh,1734,1925,2293,1734,640,NA,NA,NA
A3310600125225003,331060,"Bettles, Evansville",2024-07-01,2024,7,powerhouse_consumption_kwh,1542,1734,2293,1741,721,NA,NA,NA
A3310600225225003,331060,"Bettles, Evansville",2024-08-01,2024,8,powerhouse_consumption_kwh,1748,1542,2293,1742,694,NA,NA,NA
A3310600325225003,331060,"Bettles, Evansville",2024-09-01,2024,9,powerhouse_consumption_kwh,1943,1748,2293,2231,858,NA,NA,NA
A3310600425225003,331060,"Bettles, Evansville",2024-10-01,2024,10,powerhouse_consumption_kwh,2714,1943,2293,2680,908,NA,NA,NA
A3310600525225003,331060,"Bettles, Evansville",2024-11-01,2024,11,powerhouse_consumption_kwh,3416,2714,2293,2628,929,NA,NA,NA
A3310600625225003,331060,"Bettles, Evansville",2024-12-01,2024,12,powerhouse_consumption_kwh,2541,3416,2293,3178,1181,NA,NA,NA
A3310600725225003,331060,"Bettles, Evansville",2025-01-01,2025,1,powerhouse_consumption_kwh,2941,2541,3096,2895,1318,NA,NA,NA
A3310600825225003,331060,"Bettles, Evansville",2025-02-01,2025,2,powerhouse_consumption_kwh,3249,2941,3096,3016,1375,NA,NA,NA
A3310600925225003,331060,"Bettles, Evansville",2025-03-01,2025,3,powerhouse_consumption_kwh,3092,3249,3096,3293,1175,NA,NA,NA
A3310601025225003,331060,"Bettles, Evansville",2025-04-01,2025,4,powerhouse_consumption_kwh,3337,3092,3096,2824,1185,NA,NA,NA
A3310601125225003,331060,"Bettles, Evansville",2025-05-01,2025,5,powerhouse_consumption_kwh,2555,3337,3096,2656,649,NA,NA,NA
A3310601225225003,331060,"Bettles, Evansville",2025-06-01,2025,6,powerhouse_consumption_kwh,1975,2555,3096,2767,613,NA,NA,NA
A3310600126225003,331060,"Bettles, Evansville",2025-07-01,2025,7,powerhouse_consumption_kwh,2979,1975,3096,2512,561,NA,NA,NA
A3310600226225003,331060,"Bettles, Evansville",2025-08-01,2025,8,powerhouse_consumption_kwh,3049,2979,3096,3002,549,NA,NA,NA
A3310600326225003,331060,"Bettles, Evansville",2025-09-01,2025,9,powerhouse_consumption_kwh,3024,3049,3096,3138,738,NA,NA,NA
A3310600426225003,331060,"Bettles, Evansville",2025-10-01,2025,10,powerhouse_consumption_kwh,3226,3024,3096,3290,852,NA,NA,NA
A3310600526225003,331060,"Bettles, Evansville",2025-11-01,2025,11,powerhouse_consumption_kwh,3556,3226,3096,3697,915,NA,NA,NA
A3310600626225003,331060,"Bettles, Evansville",2025-12-01,2025,12,powerhouse_consumption_kwh,4168,3556,3096,4236,1018,NA,NA,NA
A3310600726225003,331060,"Bettles, Evansville",2026-01-01,2026,1,powerhouse_consumption_kwh,4916,4168,4758,4525,1120,NA,NA,NA
A3310600826225003,331060,"Bettles, Evansville",2026-02-01,2026,2,powerhouse_consumption_kwh,4882,4916,4758,4728,1212,NA,NA,NA
A3310600926225003,331060,"Bettles, Evansville",2026-03-01,2026,3,powerhouse_consumption_kwh,4541,4882,4758,4788,1030,NA,NA,NA
A3310601026225003,331060,"Bettles, Evansville",2026-04-01,2026,4,powerhouse_consumption_kwh,4693,4541,4758,4541,1050,NA,NA,NA
A3318100718225003,331810,Birch Creek,2018-01-01,2018,1,powerhouse_consumption_kwh,1021,664,372,386,314,NA,NA,NA
A3318101219225003,331810,Birch Creek,2019-06-01,2019,6,peak_consumption_kw,401,40,70,40,25,NA,NA,NA
A3318100222225003,331810,Birch Creek,2021-08-01,2021,8,peak_consumption_kw,149,28,42,39,30,NA,NA,NA
A3318100722225003,331810,Birch Creek,2022-01-01,2022,1,peak_consumption_kw,612,73,145,44,33,NA,NA,NA
A3318100822225003,331810,Birch Creek,2022-02-01,2022,2,residential_sold_to,6419,3298,4498,3262,1911,NA,NA,NA
A3318101022225003,331810,Birch Creek,2022-04-01,2022,4,peak_consumption_kw,123,40,145,40,32,NA,NA,NA
A3318101022225003,331810,Birch Creek,2022-04-01,2022,4,residential_sold_to,5848,3227,4498,4209,1526,NA,NA,NA
A3312700623225003,331270,Brevig Mission,2022-12-01,2022,12,fuel_used_gallons,14655,7759,8300,9118,7891,NA,NA,NA
A3312700526225003,331270,Brevig Mission,2025-11-01,2025,11,fuel_used_gallons,0,8943,7416,4472,7821,NA,NA,NA
A3312700526225003,331270,Brevig Mission,2025-11-01,2025,11,commercial_sold_to,32361,5619,9345,19451,4499,NA,NA,NA
A3312700526225003,331270,Brevig Mission,2025-11-01,2025,11,com_facil_sold_to,762,24427,21388,12594,24051,NA,NA,NA
A3312700626225003,331270,Brevig Mission,2025-12-01,2025,12,fuel_used_gallons,0,0,7416,0,9519,NA,NA,NA
A3312700626225003,331270,Brevig Mission,2025-12-01,2025,12,commercial_sold_to,33283,32361,9345,35013,4818,NA,NA,NA
A3312700626225003,331270,Brevig Mission,2025-12-01,2025,12,com_facil_sold_to,761,762,21388,750,26263,NA,NA,NA
A3312700726225003,331270,Brevig Mission,2026-01-01,2026,1,fuel_used_gallons,0,0,0,0,9247,NA,NA,NA
A3312700726225003,331270,Brevig Mission,2026-01-01,2026,1,commercial_sold_to,37665,33283,34866,33872,5174,NA,NA,NA
A3312700726225003,331270,Brevig Mission,2026-01-01,2026,1,com_facil_sold_to,738,761,614,712,28268,NA,NA,NA
A3312700826225003,331270,Brevig Mission,2026-02-01,2026,2,fuel_used_gallons,0,0,0,0,8696,NA,NA,NA
A3312700826225003,331270,Brevig Mission,2026-02-01,2026,2,commercial_sold_to,34460,37665,34866,36760,3511,NA,NA,NA
A3312700826225003,331270,Brevig Mission,2026-02-01,2026,2,com_facil_sold_to,662,738,614,632,27200,NA,NA,NA
A3312700926225003,331270,Brevig Mission,2026-03-01,2026,3,fuel_used_gallons,0,0,0,0,8753,NA,NA,NA
A3312700926225003,331270,Brevig Mission,2026-03-01,2026,3,commercial_sold_to,35854,34460,34866,32973,3531,NA,NA,NA
A3312700926225003,331270,Brevig Mission,2026-03-01,2026,3,com_facil_sold_to,525,662,614,596,28120,NA,NA,NA
A3312701026225003,331270,Brevig Mission,2026-04-01,2026,4,fuel_used_gallons,0,0,0,0,8053,NA,NA,NA
A3312701026225003,331270,Brevig Mission,2026-04-01,2026,4,commercial_sold_to,31486,35854,34866,35854,3426,NA,NA,NA
A3312701026225003,331270,Brevig Mission,2026-04-01,2026,4,com_facil_sold_to,529,525,614,525,26213,NA,NA,NA
A3318200921225003,331820,Buckland,2021-03-01,2021,3,fuel_used_gallons,25444,13226,13350,19335,12676,NA,NA,NA
A3318201021225003,331820,Buckland,2021-04-01,2021,4,fuel_used_gallons,25444,25444,13350,18242,12330,NA,NA,NA
A3318200922225003,331820,Buckland,2022-03-01,2022,3,powerhouse_consumption_kwh,21233,NA,7860,3824,4145,NA,NA,NA
A3318201022225003,331820,Buckland,2022-04-01,2022,4,com_facil_sold_to,31984,11134,12904,11134,11880,NA,NA,NA
A3318200523225003,331820,Buckland,2022-11-01,2022,11,govt_facil_sold_to,49701,8217,13581,8604,8299,NA,NA,NA
A3318200723225003,331820,Buckland,2023-01-01,2023,1,unbilled_customers,969,3,166,498,2,NA,NA,NA
A3318200823225003,331820,Buckland,2023-02-01,2023,2,unbilled_customers,992,969,166,486,2,NA,NA,NA
A3318200923225003,331820,Buckland,2023-03-01,2023,3,fuel_used_gallons,34946,14925,16123,18982,11621,NA,NA,NA
A3318200826225003,331820,Buckland,2026-02-01,2026,2,total_kwh_purchased,100179,0,16696,0,0,NA,NA,NA
A3318201026225003,331820,Buckland,2026-04-01,2026,4,com_facil_sold_to,23558,12412,14156,10672,12816,NA,NA,NA
A3318201126225003,331820,Buckland,2026-05-01,2026,5,govt_facil_sold_to,32390,11769,15389,10344,6872,NA,NA,NA
A3318301118225003,331830,Central,2018-05-01,2018,5,peak_consumption_kw,250,128,128,124,81,NA,NA,NA
A3318300219225003,331830,Central,2018-08-01,2018,8,peak_consumption_kw,180,92,128,96,99,NA,NA,NA
A3318300621225003,331830,Central,2020-12-01,2020,12,powerhouse_consumption_kwh,2081,1846,1459,1894,1321,NA,NA,NA
A3318300123225003,331830,Central,2022-07-01,2022,7,powerhouse_consumption_kwh,2365,1647,1505,1960,1470,NA,NA,NA
A3318300223225003,331830,Central,2022-08-01,2022,8,powerhouse_consumption_kwh,2273,2365,1505,2098,1442,NA,NA,NA
A3318301223225003,331830,Central,2023-06-01,2023,6,powerhouse_consumption_kwh,2485,1834,1389,1719,1406,NA,NA,NA
A3318400718225003,331840,Chalkyitsik,2018-01-01,2018,1,powerhouse_consumption_kwh,6516,1937,2708,1536,2000,NA,NA,NA
A3318401018225003,331840,Chalkyitsik,2018-04-01,2018,4,commercial_sold_to,8060,1856,4203,4926,4452,NA,NA,NA
A3318401118225003,331840,Chalkyitsik,2018-05-01,2018,5,commercial_sold_to,7997,8060,4203,6860,2960,NA,NA,NA
A3318400619225003,331840,Chalkyitsik,2018-12-01,2018,12,fuel_used_gallons,5237,NA,2587,2811,2370,NA,NA,NA
A3318400619225003,331840,Chalkyitsik,2018-12-01,2018,12,diesel_kwh_generated,56390,NA,30134,36950,27510,NA,NA,NA
A3318400619225003,331840,Chalkyitsik,2018-12-01,2018,12,residential_sold_to,10580,NA,5405,4887,5569,NA,NA,NA
A3318400619225003,331840,Chalkyitsik,2018-12-01,2018,12,com_facil_sold_to,19795,NA,8774,5817,4973,NA,NA,NA
A3318400320225003,331840,Chalkyitsik,2019-09-01,2019,9,fuel_used_gallons,4419,1974,2331,1930,2329,NA,NA,NA
A3323100817225003,332310,Chefornak,2017-02-01,2017,2,fuel_used_gallons,22696,11301,10564,10918,10439,NA,NA,NA
A3323100919225003,332310,Chefornak,2019-03-01,2019,3,unbilled_sold_to,2968,1640,1478,1479,1513,NA,NA,NA
A3323100421225003,332310,Chefornak,2020-10-01,2020,10,powerhouse_consumption_kwh,8375,3827,4521,6082,3092,NA,NA,NA
A3323100521225003,332310,Chefornak,2020-11-01,2020,11,powerhouse_consumption_kwh,8336,8375,4521,7622,2886,NA,NA,NA
A3323101221225003,332310,Chefornak,2021-06-01,2021,6,powerhouse_consumption_kwh,7469,6006,5444,6032,2818,NA,NA,NA
A3323100622225003,332310,Chefornak,2021-12-01,2021,12,fuel_used_gallons,0,12937,7618,10656,9956,NA,NA,NA
A3323100622225003,332310,Chefornak,2021-12-01,2021,12,residential_sold_to,69136,54816,49659,49366,50201,NA,NA,NA
A3323100622225003,332310,Chefornak,2021-12-01,2021,12,commercial_sold_to,25933,21975,18518,19015,16231,NA,NA,NA
A3323100622225003,332310,Chefornak,2021-12-01,2021,12,unbilled_sold_to,2647,2559,1336,2600,1465,NA,NA,NA
A3323100722225003,332310,Chefornak,2022-01-01,2022,1,unbilled_sold_to,2641,2647,1943,2721,1566,NA,NA,NA
A3323100822225003,332310,Chefornak,2022-02-01,2022,2,unbilled_sold_to,2795,2641,1943,2872,1467,NA,NA,NA
A3323100922225003,332310,Chefornak,2022-03-01,2022,3,unbilled_sold_to,3102,2795,1943,2684,1500,NA,NA,NA
A3323101122225003,332310,Chefornak,2022-05-01,2022,5,peak_consumption_kw,700,178,372,439,313,NA,NA,NA
A3323101222225003,332310,Chefornak,2022-06-01,2022,6,peak_consumption_kw,700,700,372,448,300,NA,NA,NA
A3323100724225003,332310,Chefornak,2024-01-01,2024,1,peak_consumption_kw,535,340,333,330,344,NA,NA,NA
A3323100526225003,332310,Chefornak,2025-11-01,2025,11,peak_consumption_kw,524,404,369,452,351,NA,NA,NA
A3318500616225003,331850,Chenega Bay,2015-12-01,2015,12,govt_facil_sold_to,2310,NA,2310,6149,913,NA,NA,NA
A3318500716225003,331850,Chenega Bay,2016-01-01,2016,1,govt_facil_sold_to,6149,2310,1076,1935,866,NA,NA,NA
A3318500717225003,331850,Chenega Bay,2017-01-01,2017,1,govt_facil_sold_to,2119,1361,876,1226,1269,NA,NA,NA
A3318500917225003,331850,Chenega Bay,2017-03-01,2017,3,govt_facil_sold_to,2110,1092,876,1203,583,NA,NA,NA
A3318501217225003,331850,Chenega Bay,2017-06-01,2017,6,residential_sold_to,13823,7070,7918,7307,5766,NA,NA,NA
A3318500118225003,331850,Chenega Bay,2017-07-01,2017,7,residential_customers,7544,25,652,25,23,NA,NA,NA
A3318500118225003,331850,Chenega Bay,2017-07-01,2017,7,commercial_customers,5268,11,450,11,16,NA,NA,NA
A3318500118225003,331850,Chenega Bay,2017-07-01,2017,7,com_facil_customers,2583,9,224,9,9,NA,NA,NA
A3318500118225003,331850,Chenega Bay,2017-07-01,2017,7,govt_facil_customers,269,3,25,3,3,NA,NA,NA
A3318500619225003,331850,Chenega Bay,2018-12-01,2018,12,govt_facil_sold_to,1933,588,583,660,951,NA,NA,NA
A3318501020225003,331850,Chenega Bay,2020-04-01,2020,4,fuel_used_gallons,0,1255,1685,628,2120,NA,NA,NA
A3318501120225003,331850,Chenega Bay,2020-05-01,2020,5,fuel_used_gallons,0,0,1685,0,2223,NA,NA,NA
A3318501220225003,331850,Chenega Bay,2020-06-01,2020,6,fuel_used_gallons,0,0,1685,0,2012,NA,NA,NA
A3318500121225003,331850,Chenega Bay,2020-07-01,2020,7,fuel_used_gallons,0,0,1685,3570,1980,NA,NA,NA
A3318500221225003,331850,Chenega Bay,2020-08-01,2020,8,fuel_used_gallons,7139,0,1685,1100,2081,NA,NA,NA
A3318500421225003,331850,Chenega Bay,2020-10-01,2020,10,powerhouse_consumption_kwh,3685,2414,2283,3734,1367,NA,NA,NA
A3318500521225003,331850,Chenega Bay,2020-11-01,2020,11,powerhouse_consumption_kwh,5053,3685,2283,2493,1404,NA,NA,NA
A3318500522225003,331850,Chenega Bay,2021-11-01,2021,11,residential_sold_to,12024,6866,6609,6832,6890,NA,NA,NA
A3318500324225003,331850,Chenega Bay,2023-09-01,2023,9,peak_consumption_kw,112,71,87,93,67,NA,NA,NA
A3318500424225003,331850,Chenega Bay,2023-10-01,2023,10,peak_consumption_kw,115,112,87,114,68,NA,NA,NA
A3318500524225003,331850,Chenega Bay,2023-11-01,2023,11,peak_consumption_kw,115,115,87,115,68,NA,NA,NA
A3318500624225003,331850,Chenega Bay,2023-12-01,2023,12,peak_consumption_kw,115,115,87,115,66,NA,NA,NA
A3318500724225003,331850,Chenega Bay,2024-01-01,2024,1,peak_consumption_kw,115,115,115,115,67,NA,NA,NA
A3318500824225003,331850,Chenega Bay,2024-02-01,2024,2,peak_consumption_kw,115,115,115,115,70,NA,NA,NA
A3318500924225003,331850,Chenega Bay,2024-03-01,2024,3,peak_consumption_kw,115,115,115,115,69,NA,NA,NA
A3318501024225003,331850,Chenega Bay,2024-04-01,2024,4,peak_consumption_kw,115,115,115,115,71,NA,NA,NA
A3318501124225003,331850,Chenega Bay,2024-05-01,2024,5,peak_consumption_kw,115,115,115,115,68,NA,NA,NA
A3318501224225003,331850,Chenega Bay,2024-06-01,2024,6,peak_consumption_kw,115,115,115,115,62,NA,NA,NA
A3318500125225003,331850,Chenega Bay,2024-07-01,2024,7,peak_consumption_kw,115,115,115,115,66,NA,NA,NA
A3318500225225003,331850,Chenega Bay,2024-08-01,2024,8,peak_consumption_kw,115,115,115,115,63,NA,NA,NA
A3318500325225003,331850,Chenega Bay,2024-09-01,2024,9,peak_consumption_kw,115,115,115,115,66,NA,NA,NA
A3318500425225003,331850,Chenega Bay,2024-10-01,2024,10,peak_consumption_kw,115,115,115,115,68,NA,NA,NA
A3318500525225003,331850,Chenega Bay,2024-11-01,2024,11,peak_consumption_kw,115,115,115,115,68,NA,NA,NA
A3318500625225003,331850,Chenega Bay,2024-12-01,2024,12,peak_consumption_kw,115,115,115,115,66,NA,NA,NA
A3318500725225003,331850,Chenega Bay,2025-01-01,2025,1,peak_consumption_kw,115,115,115,115,67,NA,NA,NA
A3318500825225003,331850,Chenega Bay,2025-02-01,2025,2,peak_consumption_kw,115,115,115,115,70,NA,NA,NA
A3318500825225003,331850,Chenega Bay,2025-02-01,2025,2,commercial_sold_to,15120,5519,9733,7916,7031,NA,NA,NA
A3318500925225003,331850,Chenega Bay,2025-03-01,2025,3,peak_consumption_kw,115,115,115,115,69,NA,NA,NA
A3318501025225003,331850,Chenega Bay,2025-04-01,2025,4,peak_consumption_kw,115,115,115,115,71,NA,NA,NA
A3318501125225003,331850,Chenega Bay,2025-05-01,2025,5,peak_consumption_kw,115,115,115,115,68,NA,NA,NA
A3318501225225003,331850,Chenega Bay,2025-06-01,2025,6,peak_consumption_kw,115,115,115,115,62,NA,NA,NA
A3318501225225003,331850,Chenega Bay,2025-06-01,2025,6,govt_facil_sold_to,2161,302,876,1889,180,NA,NA,NA
A3318500126225003,331850,Chenega Bay,2025-07-01,2025,7,peak_consumption_kw,115,115,115,115,66,NA,NA,NA
A3318500126225003,331850,Chenega Bay,2025-07-01,2025,7,govt_facil_sold_to,3476,2161,876,1884,197,NA,NA,NA
A3318500226225003,331850,Chenega Bay,2025-08-01,2025,8,peak_consumption_kw,115,115,115,115,63,NA,NA,NA
A3318500326225003,331850,Chenega Bay,2025-09-01,2025,9,peak_consumption_kw,115,115,115,115,66,NA,NA,NA
A3318500426225003,331850,Chenega Bay,2025-10-01,2025,10,peak_consumption_kw,115,115,115,115,68,NA,NA,NA
A3318500526225003,331850,Chenega Bay,2025-11-01,2025,11,peak_consumption_kw,115,115,115,115,68,NA,NA,NA
A3318500626225003,331850,Chenega Bay,2025-12-01,2025,12,peak_consumption_kw,115,115,115,115,66,NA,NA,NA
A3318500726225003,331850,Chenega Bay,2026-01-01,2026,1,peak_consumption_kw,115,115,115,115,67,NA,NA,NA
A3318500826225003,331850,Chenega Bay,2026-02-01,2026,2,peak_consumption_kw,115,115,115,115,70,NA,NA,NA
A3318500926225003,331850,Chenega Bay,2026-03-01,2026,3,peak_consumption_kw,115,115,115,115,69,NA,NA,NA
A3318501026225003,331850,Chenega Bay,2026-04-01,2026,4,peak_consumption_kw,115,115,115,115,71,NA,NA,NA
A3318501126225003,331850,Chenega Bay,2026-05-01,2026,5,peak_consumption_kw,115,115,115,115,68,NA,NA,NA
A3312800116225003,331280,Chevak,2015-07-01,2015,7,commercial_sold_to,31280,NA,32606,31715,15309,NA,NA,NA
A3312800216225003,331280,Chevak,2015-08-01,2015,8,commercial_sold_to,31715,31280,32606,31928,15409,NA,NA,NA
A3312800316225003,331280,Chevak,2015-09-01,2015,9,commercial_sold_to,32575,31715,32606,31684,15423,NA,NA,NA
A3312800416225003,331280,Chevak,2015-10-01,2015,10,commercial_sold_to,31654,32575,32606,33322,15648,NA,NA,NA
A3312800516225003,331280,Chevak,2015-11-01,2015,11,commercial_sold_to,34068,31654,32606,32998,17821,NA,NA,NA
A3312800616225003,331280,Chevak,2015-12-01,2015,12,commercial_sold_to,34342,34068,32606,34485,18590,NA,NA,NA
A3312800716225003,331280,Chevak,2016-01-01,2016,1,commercial_sold_to,34902,34342,25196,27956,19279,NA,NA,NA
A3312800217225003,331280,Chevak,2016-08-01,2016,8,residential_customers,66,209,175,210,204,NA,NA,NA
A3312800417225003,331280,Chevak,2016-10-01,2016,10,residential_customers,68,210,175,139,207,NA,NA,NA
A3312800517225003,331280,Chevak,2016-11-01,2016,11,residential_customers,68,68,175,138,207,NA,NA,NA
A3312800617225003,331280,Chevak,2016-12-01,2016,12,commercial_sold_to,27624,26025,25196,26314,19262,NA,NA,NA
A3312800717225003,331280,Chevak,2017-01-01,2017,1,residential_customers,69,209,184,138,208,NA,NA,NA
A3312800817225003,331280,Chevak,2017-02-01,2017,2,residential_customers,68,69,184,140,208,NA,NA,NA
A3312800622225003,331280,Chevak,2021-12-01,2021,12,fuel_used_gallons,37891,17872,14398,15660,8008,NA,NA,NA
A3312800526225003,331280,Chevak,2025-11-01,2025,11,commercial_sold_to,33365,11568,15416,22440,17891,NA,NA,NA
A3312800626225003,331280,Chevak,2025-12-01,2025,12,commercial_sold_to,33313,33365,15416,35068,18693,NA,NA,NA
A3312800726225003,331280,Chevak,2026-01-01,2026,1,commercial_sold_to,36772,33313,33568,32534,19092,NA,NA,NA
A3312800826225003,331280,Chevak,2026-02-01,2026,2,commercial_sold_to,31754,36772,33568,35752,16106,NA,NA,NA
A3312800926225003,331280,Chevak,2026-03-01,2026,3,commercial_sold_to,34732,31754,33568,31384,16418,NA,NA,NA
A3312801026225003,331280,Chevak,2026-04-01,2026,4,commercial_sold_to,31015,34732,33568,34732,15965,NA,NA,NA
A3318600216225003,331860,Chignik,2015-08-01,2015,8,fuel_used_gallons,8245,NA,5008,5074,4899,NA,NA,NA
A3318600216225003,331860,Chignik,2015-08-01,2015,8,diesel_kwh_generated,113561,NA,67191,68956,71682,NA,NA,NA
A3318600216225003,331860,Chignik,2015-08-01,2015,8,commercial_sold_to,72600,NA,32671,38453,36158,NA,NA,NA
A3318601217225003,331860,Chignik,2017-06-01,2017,6,commercial_sold_to,63891,44781,31711,44402,44663,NA,NA,NA
A3318600118225003,331860,Chignik,2017-07-01,2017,7,powerhouse_consumption_kwh,4957,2422,2048,2342,2189,NA,NA,NA
A3318601118225003,331860,Chignik,2018-05-01,2018,5,commercial_sold_to,64049,13323,36360,42366,36311,NA,NA,NA
A3318601218225003,331860,Chignik,2018-06-01,2018,6,diesel_kwh_generated,101651,96250,70222,102376,90175,NA,NA,NA
A3318601218225003,331860,Chignik,2018-06-01,2018,6,commercial_sold_to,71408,64049,36360,67986,43828,NA,NA,NA
A3318600119225003,331860,Chignik,2018-07-01,2018,7,diesel_kwh_generated,108503,101651,70222,100082,73852,NA,NA,NA
A3318600119225003,331860,Chignik,2018-07-01,2018,7,commercial_sold_to,71922,71408,36360,56676,41355,NA,NA,NA
A3318600219225003,331860,Chignik,2018-08-01,2018,8,powerhouse_consumption_kwh,4273,2202,2066,2096,2399,NA,NA,NA
A3318601119225003,331860,Chignik,2019-05-01,2019,5,commercial_sold_to,58864,20813,31589,27086,36830,NA,NA,NA
A3318600120225003,331860,Chignik,2019-07-01,2019,7,commercial_sold_to,56093,33358,31589,42925,43114,NA,NA,NA
A3318600820225003,331860,Chignik,2020-02-01,2020,2,com_facil_sold_to,0,10366,6978,5433,10316,NA,NA,NA
A3318600920225003,331860,Chignik,2020-03-01,2020,3,com_facil_sold_to,500,0,6978,918,9657,NA,NA,NA
A3318601020225003,331860,Chignik,2020-04-01,2020,4,powerhouse_consumption_kwh,39606,1444,11148,34917,1668,NA,NA,NA
A3318601120225003,331860,Chignik,2020-05-01,2020,5,powerhouse_consumption_kwh,68390,39606,11148,39606,1818,NA,NA,NA
A3318601120225003,331860,Chignik,2020-05-01,2020,5,residential_sold_to,176547,13524,27604,14695,9958,NA,NA,NA
A3318601220225003,331860,Chignik,2020-06-01,2020,6,fuel_used_gallons,8269,NA,4680,6237,5475,NA,NA,NA
A3318601220225003,331860,Chignik,2020-06-01,2020,6,diesel_kwh_generated,198357,NA,73512,78818,78087,NA,NA,NA
A3318601220225003,331860,Chignik,2020-06-01,2020,6,commercial_sold_to,58720,43916,33937,44105,45237,NA,NA,NA
A3318601222225003,331860,Chignik,2022-06-01,2022,6,powerhouse_consumption_kwh,3615,2960,2403,2666,2100,NA,NA,NA
A3318700816225003,331870,Chignik Lagoon,2016-02-01,2016,2,unbilled_sold_to,25910,553,14655,307,2015,NA,NA,NA
A3318701116225003,331870,Chignik Lagoon,2016-05-01,2016,5,unbilled_sold_to,29518,1684,14655,13941,4295,NA,NA,NA
A3318701216225003,331870,Chignik Lagoon,2016-06-01,2016,6,unbilled_sold_to,26198,29518,14655,26868,3708,NA,NA,NA
A3318700117225003,331870,Chignik Lagoon,2016-07-01,2016,7,unbilled_sold_to,24219,26198,14655,22185,2645,NA,NA,NA
A3318700217225003,331870,Chignik Lagoon,2016-08-01,2016,8,unbilled_sold_to,18172,24219,14655,17972,946,NA,NA,NA
A3318700317225003,331870,Chignik Lagoon,2016-09-01,2016,9,unbilled_sold_to,11725,18172,14655,18306,1172,NA,NA,NA
A3318700417225003,331870,Chignik Lagoon,2016-10-01,2016,10,unbilled_sold_to,18440,11725,14655,15521,1412,NA,NA,NA
A3318700517225003,331870,Chignik Lagoon,2016-11-01,2016,11,unbilled_sold_to,19317,18440,14655,9250,632,NA,NA,NA
A3318700618225003,331870,Chignik Lagoon,2017-12-01,2017,12,unbilled_sold_to,12470,81,1352,3862,653,NA,NA,NA
A3318700718225003,331870,Chignik Lagoon,2018-01-01,2018,1,unbilled_sold_to,7644,12470,8645,6902,782,NA,NA,NA
A3318701018225003,331870,Chignik Lagoon,2018-04-01,2018,4,unbilled_sold_to,16823,93,8645,9219,2360,NA,NA,NA
A3318701118225003,331870,Chignik Lagoon,2018-05-01,2018,5,unbilled_sold_to,18345,16823,8645,18248,5412,NA,NA,NA
A3318701218225003,331870,Chignik Lagoon,2018-06-01,2018,6,unbilled_sold_to,19674,18345,8645,19866,4361,NA,NA,NA
A3318700119225003,331870,Chignik Lagoon,2018-07-01,2018,7,unbilled_sold_to,21388,19674,8645,12032,2960,NA,NA,NA
A3318700219225003,331870,Chignik Lagoon,2018-08-01,2018,8,unbilled_sold_to,4389,21388,8645,12902,2477,NA,NA,NA
A3318700319225003,331870,Chignik Lagoon,2018-09-01,2018,9,unbilled_sold_to,4417,4389,8645,6234,1984,NA,NA,NA
A3318700419225003,331870,Chignik Lagoon,2018-10-01,2018,10,unbilled_sold_to,8080,4417,8645,2510,2564,NA,NA,NA
A3318700819225003,331870,Chignik Lagoon,2019-02-01,2019,2,unbilled_sold_to,15275,1752,7452,6060,3078,NA,NA,NA
A3318700919225003,331870,Chignik Lagoon,2019-03-01,2019,3,powerhouse_consumption_kwh,8797,1018,2499,1862,3347,NA,NA,NA
A3318700919225003,331870,Chignik Lagoon,2019-03-01,2019,3,unbilled_sold_to,10369,15275,7452,17442,353,NA,NA,NA
A3318701019225003,331870,Chignik Lagoon,2019-04-01,2019,4,unbilled_sold_to,19608,10369,7452,16494,2082,NA,NA,NA
A3318701119225003,331870,Chignik Lagoon,2019-05-01,2019,5,unbilled_sold_to,22620,19608,7452,17716,4985,NA,NA,NA
A3318701219225003,331870,Chignik Lagoon,2019-06-01,2019,6,unbilled_sold_to,15823,22620,7452,11513,4746,NA,NA,NA
A3318701121225003,331870,Chignik Lagoon,2021-05-01,2021,5,commercial_sold_to,1655,10024,10629,10456,10255,NA,NA,NA
A3318700622225003,331870,Chignik Lagoon,2021-12-01,2021,12,powerhouse_consumption_kwh,8306,678,1778,2744,1890,NA,NA,NA
A3318700626225003,331870,Chignik Lagoon,2025-12-01,2025,12,commercial_sold_to,18557,12198,11577,13786,11018,NA,NA,NA
A3318800217225003,331880,Chignik Lake,2016-08-01,2016,8,commercial_sold_to,8872,6230,5285,4718,5047,NA,NA,NA
A3318800920225003,331880,Chignik Lake,2020-03-01,2020,3,peak_consumption_kw,206,63,84,134,59,NA,NA,NA
A3318801020225003,331880,Chignik Lake,2020-04-01,2020,4,peak_consumption_kw,206,206,84,134,61,NA,NA,NA
A3318800821225003,331880,Chignik Lake,2021-02-01,2021,2,fuel_used_gallons,6351,2332,2923,1923,2842,NA,NA,NA
A3318800522225003,331880,Chignik Lake,2021-11-01,2021,11,fuel_used_gallons,5880,NA,2923,NA,3311,NA,NA,NA
A3318800522225003,331880,Chignik Lake,2021-11-01,2021,11,powerhouse_consumption_kwh,2929,NA,1132,NA,1247,NA,NA,NA
A3318800722225003,331880,Chignik Lake,2022-01-01,2022,1,fuel_used_gallons,5694,NA,2973,2716,3092,NA,NA,NA
A3318800722225003,331880,Chignik Lake,2022-01-01,2022,1,powerhouse_consumption_kwh,2837,NA,1997,1412,758,NA,NA,NA
A3318800323225003,331880,Chignik Lake,2022-09-01,2022,9,powerhouse_consumption_kwh,2378,1677,1997,1677,1274,NA,NA,NA
A3318800523225003,331880,Chignik Lake,2022-11-01,2022,11,powerhouse_consumption_kwh,4184,NA,1997,NA,1108,NA,NA,NA
A3318801223225003,331880,Chignik Lake,2023-06-01,2023,6,powerhouse_consumption_kwh,1800,856,1515,773,819,NA,NA,NA
A3318800324225003,331880,Chignik Lake,2023-09-01,2023,9,powerhouse_consumption_kwh,4613,NA,1515,2425,995,NA,NA,NA
A3318800324225003,331880,Chignik Lake,2023-09-01,2023,9,commercial_sold_to,8771,NA,4695,4733,3930,NA,NA,NA
A3318800324225003,331880,Chignik Lake,2023-09-01,2023,9,com_facil_sold_to,8197,NA,4287,2968,2422,NA,NA,NA
A3318800424225003,331880,Chignik Lake,2023-10-01,2023,10,powerhouse_consumption_kwh,2425,4613,1515,4613,923,NA,NA,NA
A3318800924225003,331880,Chignik Lake,2024-03-01,2024,3,com_facil_sold_to,7644,7025,4945,7104,3646,NA,NA,NA
A3318801024225003,331880,Chignik Lake,2024-04-01,2024,4,com_facil_sold_to,7182,7644,4945,5443,3250,NA,NA,NA
A3318800126225003,331880,Chignik Lake,2025-07-01,2025,7,fuel_used_gallons,7797,NA,3230,1201,2257,NA,NA,NA
A3318800126225003,331880,Chignik Lake,2025-07-01,2025,7,diesel_kwh_generated,81623,NA,35926,17048,22839,NA,NA,NA
A3318800126225003,331880,Chignik Lake,2025-07-01,2025,7,powerhouse_consumption_kwh,2372,NA,968,508,899,NA,NA,NA
A3318800126225003,331880,Chignik Lake,2025-07-01,2025,7,peak_consumption_kw,120,NA,65,70,57,NA,NA,NA
A3318800426225003,331880,Chignik Lake,2025-10-01,2025,10,residential_sold_to,21019,NA,12330,11659,10191,NA,NA,NA
A3326600416225003,332660,Chilkat Valley,2015-10-01,2015,10,commercial_sold_to,48708,42691,40599,45296,26474,NA,NA,NA
A3326600917225003,332660,Chilkat Valley,2017-03-01,2017,3,peak_consumption_kw,60,133,178,94,165,NA,NA,NA
A3326601017225003,332660,Chilkat Valley,2017-04-01,2017,4,peak_consumption_kw,56,60,178,84,109,NA,NA,NA
A3326600720225003,332660,Chilkat Valley,2020-01-01,2020,1,peak_consumption_kw,480,250,217,184,192,NA,NA,NA
A3326600920225003,332660,Chilkat Valley,2020-03-01,2020,3,peak_consumption_kw,54,117,217,80,166,NA,NA,NA
A3326601020225003,332660,Chilkat Valley,2020-04-01,2020,4,peak_consumption_kw,43,54,217,124,112,NA,NA,NA
A3326600421225003,332660,Chilkat Valley,2020-10-01,2020,10,com_facil_sold_to,1050,93,737,1808,411,NA,NA,NA
A3326600521225003,332660,Chilkat Valley,2020-11-01,2020,11,com_facil_sold_to,3522,1050,737,2102,354,NA,NA,NA
A3326600621225003,332660,Chilkat Valley,2020-12-01,2020,12,com_facil_sold_to,3154,3522,737,3385,423,NA,NA,NA
A3326600721225003,332660,Chilkat Valley,2021-01-01,2021,1,com_facil_sold_to,3248,3154,1988,3422,445,NA,NA,NA
A3326600821225003,332660,Chilkat Valley,2021-02-01,2021,2,com_facil_sold_to,3689,3248,1988,2798,435,NA,NA,NA
A3326600921225003,332660,Chilkat Valley,2021-03-01,2021,3,com_facil_sold_to,2348,3689,1988,2534,469,NA,NA,NA
A3326601021225003,332660,Chilkat Valley,2021-04-01,2021,4,com_facil_sold_to,1379,2348,1988,2078,422,NA,NA,NA
A3326601121225003,332660,Chilkat Valley,2021-05-01,2021,5,com_facil_sold_to,1809,1379,1988,1695,315,NA,NA,NA
A3326601221225003,332660,Chilkat Valley,2021-06-01,2021,6,com_facil_sold_to,2011,1809,1988,1856,258,NA,NA,NA
A3326600122225003,332660,Chilkat Valley,2021-07-01,2021,7,com_facil_sold_to,1903,2011,1988,1879,177,NA,NA,NA
A3326600222225003,332660,Chilkat Valley,2021-08-01,2021,8,com_facil_sold_to,1747,1903,1988,1661,170,NA,NA,NA
A3326600322225003,332660,Chilkat Valley,2021-09-01,2021,9,com_facil_sold_to,1419,1747,1988,1755,183,NA,NA,NA
A3326600422225003,332660,Chilkat Valley,2021-10-01,2021,10,com_facil_sold_to,1763,1419,1988,1290,309,NA,NA,NA
A3326600522225003,332660,Chilkat Valley,2021-11-01,2021,11,com_facil_sold_to,1160,1763,1988,1574,691,NA,NA,NA
A3326600622225003,332660,Chilkat Valley,2021-12-01,2021,12,com_facil_sold_to,1386,1160,1988,1474,676,NA,NA,NA
A3326600722225003,332660,Chilkat Valley,2022-01-01,2022,1,com_facil_sold_to,1788,1386,1218,1593,688,NA,NA,NA
A3326600822225003,332660,Chilkat Valley,2022-02-01,2022,2,peak_consumption_kw,61,92,181,116,166,NA,NA,NA
A3326600822225003,332660,Chilkat Valley,2022-02-01,2022,2,com_facil_sold_to,1800,1788,1218,1919,750,NA,NA,NA
A3326600922225003,332660,Chilkat Valley,2022-03-01,2022,3,com_facil_sold_to,2050,1800,1218,1914,518,NA,NA,NA
A3326601022225003,332660,Chilkat Valley,2022-04-01,2022,4,peak_consumption_kw,41,141,181,89,112,NA,NA,NA
A3326601022225003,332660,Chilkat Valley,2022-04-01,2022,4,com_facil_sold_to,2028,2050,1218,1747,314,NA,NA,NA
A3326601122225003,332660,Chilkat Valley,2022-05-01,2022,5,peak_consumption_kw,37,41,181,112,160,NA,NA,NA
A3326601122225003,332660,Chilkat Valley,2022-05-01,2022,5,com_facil_sold_to,1444,2028,1218,1570,376,NA,NA,NA
A3326601222225003,332660,Chilkat Valley,2022-06-01,2022,6,com_facil_sold_to,1112,1444,1218,1073,408,NA,NA,NA
A3326600123225003,332660,Chilkat Valley,2022-07-01,2022,7,com_facil_sold_to,702,1112,1218,890,348,NA,NA,NA
A3326600223225003,332660,Chilkat Valley,2022-08-01,2022,8,com_facil_sold_to,669,702,1218,726,324,NA,NA,NA
A3326600323225003,332660,Chilkat Valley,2022-09-01,2022,9,com_facil_sold_to,750,669,1218,668,279,NA,NA,NA
A3326600423225003,332660,Chilkat Valley,2022-10-01,2022,10,com_facil_sold_to,667,750,1218,770,465,NA,NA,NA
A3326600523225003,332660,Chilkat Valley,2022-11-01,2022,11,com_facil_sold_to,789,667,1218,742,744,NA,NA,NA
A3326600623225003,332660,Chilkat Valley,2022-12-01,2022,12,com_facil_sold_to,818,789,1218,789,757,NA,NA,NA
A3326900823225003,332690,Chilkat Valley/Klukwan,2023-02-01,2023,2,powerhouse_consumption_kwh,14310,4978,5380,4978,4520,NA,NA,NA
A3326900726225003,332690,Chilkat Valley/Klukwan,2026-01-01,2026,1,residential_sold_to,117710,95226,87771,90843,97218,NA,NA,NA
A3326900926225003,332690,Chilkat Valley/Klukwan,2026-03-01,2026,3,residential_customers,221,224,259,249,269,NA,NA,NA
A3310700216225003,331070,Chistochina,2015-08-01,2015,8,powerhouse_consumption_kwh,752,NA,814,NA,124,NA,NA,NA
A3310700516225003,331070,Chistochina,2015-11-01,2015,11,powerhouse_consumption_kwh,938,NA,814,752,151,NA,NA,NA
A3310700616225003,331070,Chistochina,2015-12-01,2015,12,powerhouse_consumption_kwh,752,938,814,1018,151,NA,NA,NA
A3310700716225003,331070,Chistochina,2016-01-01,2016,1,powerhouse_consumption_kwh,1098,752,590,845,152,NA,NA,NA
A3310700816225003,331070,Chistochina,2016-02-01,2016,2,diesel_kwh_generated,8880,33420,21150,33420,NA,NA,NA,NA
A3310700816225003,331070,Chistochina,2016-02-01,2016,2,powerhouse_consumption_kwh,938,1098,590,973,151,NA,NA,NA
A3310700916225003,331070,Chistochina,2016-03-01,2016,3,powerhouse_consumption_kwh,848,938,590,894,149,NA,NA,NA
A3310701016225003,331070,Chistochina,2016-04-01,2016,4,powerhouse_consumption_kwh,850,848,590,828,143,NA,NA,NA
A3310701116225003,331070,Chistochina,2016-05-01,2016,5,powerhouse_consumption_kwh,808,850,590,868,133,NA,NA,NA
A3310701216225003,331070,Chistochina,2016-06-01,2016,6,powerhouse_consumption_kwh,886,808,590,808,133,NA,NA,NA
A3310700417225003,331070,Chistochina,2016-10-01,2016,10,powerhouse_consumption_kwh,257,193,590,212,144,NA,NA,NA
A3310700418225003,331070,Chistochina,2017-10-01,2017,10,powerhouse_consumption_kwh,241,220,209,224,146,NA,NA,NA
A3310701219225003,331070,Chistochina,2019-06-01,2019,6,residential_sold_to,20169,12926,15996,16438,13249,NA,NA,NA
A3310700120225003,331070,Chistochina,2019-07-01,2019,7,powerhouse_consumption_kwh,268,181,164,172,121,NA,NA,NA
A3310700420225003,331070,Chistochina,2019-10-01,2019,10,residential_sold_to,23571,18566,15996,14982,12516,NA,NA,NA
A3318900121225003,331890,Chitina,2020-07-01,2020,7,peak_consumption_kw,190,174,104,132,105,NA,NA,NA
A3318900721225003,331890,Chitina,2021-01-01,2021,1,unbilled_sold_to,0,575,527,575,498,NA,NA,NA
A3318900323225003,331890,Chitina,2022-09-01,2022,9,fuel_used_gallons,6736,3427,3552,3171,2863,NA,NA,NA
A3318901225225003,331890,Chitina,2025-06-01,2025,6,peak_consumption_kw,220,86,107,102,105,NA,NA,NA
A3318900126225003,331890,Chitina,2025-07-01,2025,7,commercial_sold_to,30538,26180,19106,25215,24555,NA,NA,NA
A3318900626225003,331890,Chitina,2025-12-01,2025,12,com_facil_sold_to,3703,2308,2242,2772,1409,NA,NA,NA
A3318900726225003,331890,Chitina,2026-01-01,2026,1,com_facil_sold_to,3235,3703,2590,2944,1414,NA,NA,NA
A3318901226225003,331890,Chitina,2026-06-01,2026,6,com_facil_sold_to,2738,2528,2590,2528,1097,NA,NA,NA
A3322301018225003,332230,Chuathbaluk,2018-04-01,2018,4,peak_consumption_kw,652,NA,106,50,55,NA,NA,NA
A3322300220225003,332230,Chuathbaluk,2019-08-01,2019,8,powerhouse_consumption_kwh,1740,1336,894,1116,924,NA,NA,NA
A3322300422225003,332230,Chuathbaluk,2021-10-01,2021,10,powerhouse_consumption_kwh,1950,554,787,577,824,NA,NA,NA
A3322300823225003,332230,Chuathbaluk,2023-02-01,2023,2,powerhouse_consumption_kwh,2792,1510,1759,2625,790,NA,NA,NA
A3322300923225003,332230,Chuathbaluk,2023-03-01,2023,3,powerhouse_consumption_kwh,3740,2792,1759,1900,770,NA,NA,NA
A3322301123225003,332230,Chuathbaluk,2023-05-01,2023,5,powerhouse_consumption_kwh,4956,1007,1759,1152,859,NA,NA,NA
A3322300124225003,332230,Chuathbaluk,2023-07-01,2023,7,powerhouse_consumption_kwh,1697,1297,1759,1324,926,NA,NA,NA
A3319000518225003,331900,Circle,2017-11-01,2017,11,commercial_sold_to,10286,4673,5542,7572,4631,NA,NA,NA
A3319000618225003,331900,Circle,2017-12-01,2017,12,commercial_sold_to,10472,10286,5542,9980,5989,NA,NA,NA
A3319000718225003,331900,Circle,2018-01-01,2018,1,commercial_sold_to,9674,10472,4744,7950,5147,NA,NA,NA
A3319000621225003,331900,Circle,2020-12-01,2020,12,commercial_sold_to,12328,5223,5056,5408,5804,NA,NA,NA
A3319000623225003,331900,Circle,2022-12-01,2022,12,residential_sold_to,18959,12789,10861,14362,12291,NA,NA,NA
A3319100917225003,331910,Clark's Point,2017-03-01,2017,3,com_facil_sold_to,7774,1745,2722,1620,2776,NA,NA,NA
A3319100119225003,331910,Clark's Point,2018-07-01,2018,7,unbilled_sold_to,237,9,25,7,11,NA,NA,NA
A3319100919225003,331910,Clark's Point,2019-03-01,2019,3,unbilled_sold_to,253,2,32,1,32,NA,NA,NA
A3319101219225003,331910,Clark's Point,2019-06-01,2019,6,unbilled_sold_to,71,10,32,9,13,NA,NA,NA
A3319100123225003,331910,Clark's Point,2022-07-01,2022,7,fuel_used_gallons,5902,3609,2966,3229,3055,NA,NA,NA
A3319100824225003,331910,Clark's Point,2024-02-01,2024,2,fuel_used_gallons,5532,NA,3283,5358,2491,NA,NA,NA
A3319100824225003,331910,Clark's Point,2024-02-01,2024,2,diesel_kwh_generated,66680,NA,39363,64652,30286,NA,NA,NA
A3319100924225003,331910,Clark's Point,2024-03-01,2024,3,fuel_used_gallons,5358,5532,3283,4013,2818,NA,NA,NA
A3319100924225003,331910,Clark's Point,2024-03-01,2024,3,commercial_sold_to,20022,17808,10852,16058,8604,NA,NA,NA
A3319100924225003,331910,Clark's Point,2024-03-01,2024,3,unbilled_sold_to,66,14,56,71,51,NA,NA,NA
A3319101024225003,331910,Clark's Point,2024-04-01,2024,4,unbilled_sold_to,128,66,56,54,13,NA,NA,NA
A3319100225225003,331910,Clark's Point,2024-08-01,2024,8,peak_consumption_kw,1457,72,218,82,61,NA,NA,NA
A3319100525225003,331910,Clark's Point,2024-11-01,2024,11,unbilled_sold_to,241,55,56,28,9,NA,NA,NA
A3319100725225003,331910,Clark's Point,2025-01-01,2025,1,unbilled_sold_to,325,0,79,40,6,NA,NA,NA
A3319100825225003,331910,Clark's Point,2025-02-01,2025,2,unbilled_sold_to,79,325,79,264,19,NA,NA,NA
A3319100925225003,331910,Clark's Point,2025-03-01,2025,3,unbilled_sold_to,203,79,79,60,37,NA,NA,NA
A3319100426225003,331910,Clark's Point,2025-10-01,2025,10,fuel_used_gallons,0,2368,2736,3066,2779,NA,NA,NA
A3319100626225003,331910,Clark's Point,2025-12-01,2025,12,unbilled_sold_to,78,41,79,28,6,NA,NA,NA
A3319100826225003,331910,Clark's Point,2026-02-01,2026,2,diesel_kwh_generated,69623,21945,45784,21945,29991,NA,NA,NA
A3319100826225003,331910,Clark's Point,2026-02-01,2026,2,unbilled_sold_to,74,16,34,8,20,NA,NA,NA
A3319101026225003,331910,Clark's Point,2026-04-01,2026,4,unbilled_sold_to,69,0,34,11,19,NA,NA,NA
A3319101126225003,331910,Clark's Point,2026-05-01,2026,5,fuel_used_gallons,0,NA,1712,0,2532,NA,NA,NA
A3319101226225003,331910,Clark's Point,2026-06-01,2026,6,fuel_used_gallons,0,0,1712,0,2507,NA,NA,NA
A3319800717225003,331980,Cold Bay,2017-01-01,2017,1,govt_facil_sold_to,120710,116393,93000,116393,64607,NA,NA,NA
A3319800917225003,331980,Cold Bay,2017-03-01,2017,3,govt_facil_sold_to,133575,NA,93000,94697,64752,NA,NA,NA
A3319800522225003,331980,Cold Bay,2021-11-01,2021,11,peak_consumption_kw,16700,271,1640,271,264,NA,NA,NA
A3319200117225003,331920,"Cordova, Eyak",2016-07-01,2016,7,peak_consumption_kw,8776,7341,4825,7682,7194,NA,NA,NA
A3319200117225003,331920,"Cordova, Eyak",2016-07-01,2016,7,commercial_sold_to,2412164,1610670,1209118,1822251,2778796,NA,NA,NA
A3319200117225003,331920,"Cordova, Eyak",2016-07-01,2016,7,residential_customers,706,962,831,834,925,NA,NA,NA
A3319200117225003,331920,"Cordova, Eyak",2016-07-01,2016,7,commercial_customers,866,625,708,742,629,NA,NA,NA
A3319200217225003,331920,"Cordova, Eyak",2016-08-01,2016,8,peak_consumption_kw,8022,8776,4825,6450,7744,NA,NA,NA
A3319200217225003,331920,"Cordova, Eyak",2016-08-01,2016,8,commercial_sold_to,2033832,2412164,1209118,1790922,2605544,NA,NA,NA
A3319200217225003,331920,"Cordova, Eyak",2016-08-01,2016,8,residential_customers,706,706,831,706,967,NA,NA,NA
A3319200217225003,331920,"Cordova, Eyak",2016-08-01,2016,8,commercial_customers,858,866,708,854,629,NA,NA,NA
A3319200317225003,331920,"Cordova, Eyak",2016-09-01,2016,9,residential_customers,705,706,831,710,961,NA,NA,NA
A3319200317225003,331920,"Cordova, Eyak",2016-09-01,2016,9,commercial_customers,843,858,708,839,610,NA,NA,NA
A3319200417225003,331920,"Cordova, Eyak",2016-10-01,2016,10,residential_customers,714,705,831,708,974,NA,NA,NA
A3319200517225003,331920,"Cordova, Eyak",2016-11-01,2016,11,residential_customers,712,714,831,714,971,NA,NA,NA
A3319200617225003,331920,"Cordova, Eyak",2016-12-01,2016,12,residential_customers,715,712,831,716,971,NA,NA,NA
A3319200717225003,331920,"Cordova, Eyak",2017-01-01,2017,1,govt_facil_sold_to,257401,252170,158196,207846,149952,NA,NA,NA
A3319200717225003,331920,"Cordova, Eyak",2017-01-01,2017,1,residential_customers,721,715,836,720,971,NA,NA,NA
A3319200817225003,331920,"Cordova, Eyak",2017-02-01,2017,2,residential_customers,726,721,836,728,970,NA,NA,NA
A3319200917225003,331920,"Cordova, Eyak",2017-03-01,2017,3,residential_customers,736,726,836,731,946,NA,NA,NA
A3319201017225003,331920,"Cordova, Eyak",2017-04-01,2017,4,residential_customers,736,736,836,737,950,NA,NA,NA
A3319201117225003,331920,"Cordova, Eyak",2017-05-01,2017,5,residential_customers,738,736,836,738,955,NA,NA,NA
A3319201117225003,331920,"Cordova, Eyak",2017-05-01,2017,5,commercial_customers,855,801,712,830,630,NA,NA,NA
A3319201217225003,331920,"Cordova, Eyak",2017-06-01,2017,6,residential_customers,741,738,836,784,981,NA,NA,NA
A3319201217225003,331920,"Cordova, Eyak",2017-06-01,2017,6,commercial_customers,859,855,712,804,628,NA,NA,NA
A3319200118225003,331920,"Cordova, Eyak",2017-07-01,2017,7,commercial_sold_to,3617271,1653380,1430329,2263254,2644895,NA,NA,NA
A3319200118225003,331920,"Cordova, Eyak",2017-07-01,2017,7,residential_customers,830,741,836,854,911,NA,NA,NA
A3319200218225003,331920,"Cordova, Eyak",2017-08-01,2017,8,peak_consumption_kw,8549,7375,5033,7043,7685,NA,NA,NA
A3319200218225003,331920,"Cordova, Eyak",2017-08-01,2017,8,commercial_sold_to,2873127,3617271,1430329,2566317,2512289,NA,NA,NA
A3319201218225003,331920,"Cordova, Eyak",2018-06-01,2018,6,commercial_sold_to,2190211,1184629,1362867,2031220,1767676,NA,NA,NA
A3319200119225003,331920,"Cordova, Eyak",2018-07-01,2018,7,commercial_sold_to,2877812,2190211,1362867,2484319,2727057,NA,NA,NA
A3319200219225003,331920,"Cordova, Eyak",2018-08-01,2018,8,peak_consumption_kw,8059,37,5398,2624,7740,NA,NA,NA
A3319200219225003,331920,"Cordova, Eyak",2018-08-01,2018,8,commercial_sold_to,2778427,2877812,1362867,2124476,2522811,NA,NA,NA
A3319200619225003,331920,"Cordova, Eyak",2018-12-01,2018,12,peak_consumption_kw,17075,3220,5398,3233,3478,NA,NA,NA
A3319201219225003,331920,"Cordova, Eyak",2019-06-01,2019,6,commercial_sold_to,2127496,1157581,1360724,2004055,1773948,NA,NA,NA
A3319200120225003,331920,"Cordova, Eyak",2019-07-01,2019,7,peak_consumption_kw,8106,7602,4867,8182,7268,NA,NA,NA
A3319200120225003,331920,"Cordova, Eyak",2019-07-01,2019,7,commercial_sold_to,2850529,2127496,1360724,2651062,2730088,NA,NA,NA
A3319200120225003,331920,"Cordova, Eyak",2019-07-01,2019,7,residential_customers,852,971,935,920,908,NA,NA,NA
A3319200120225003,331920,"Cordova, Eyak",2019-07-01,2019,7,commercial_customers,309,640,589,682,691,NA,NA,NA
A3319200220225003,331920,"Cordova, Eyak",2019-08-01,2019,8,peak_consumption_kw,8761,8106,4867,6950,7662,NA,NA,NA
A3319200220225003,331920,"Cordova, Eyak",2019-08-01,2019,8,commercial_sold_to,3174627,2850529,1360724,2065562,2478789,NA,NA,NA
A3319200220225003,331920,"Cordova, Eyak",2019-08-01,2019,8,residential_customers,869,852,935,846,948,NA,NA,NA
A3319200320225003,331920,"Cordova, Eyak",2019-09-01,2019,9,residential_customers,840,869,935,915,946,NA,NA,NA
A3319200121225003,331920,"Cordova, Eyak",2020-07-01,2020,7,commercial_sold_to,2389128,1612336,1214442,2013638,2781355,NA,NA,NA
A3319200221225003,331920,"Cordova, Eyak",2020-08-01,2020,8,commercial_sold_to,2414939,2389128,1214442,1737708,2563199,NA,NA,NA
A3319200122225003,331920,"Cordova, Eyak",2021-07-01,2021,7,peak_consumption_kw,8282,6857,4650,7444,7249,NA,NA,NA
A3319200122225003,331920,"Cordova, Eyak",2021-07-01,2021,7,commercial_sold_to,3170344,1655347,1376630,2370062,2694553,NA,NA,NA
A3319200222225003,331920,"Cordova, Eyak",2021-08-01,2021,8,peak_consumption_kw,8030,8282,4650,6660,7743,NA,NA,NA
A3319200222225003,331920,"Cordova, Eyak",2021-08-01,2021,8,commercial_sold_to,3084777,3170344,1376630,2205180,2488773,NA,NA,NA
A3319201222225003,331920,"Cordova, Eyak",2022-06-01,2022,6,powerhouse_consumption_kwh,140666,115894,77520,95019,38732,NA,NA,NA
A3319200123225003,331920,"Cordova, Eyak",2022-07-01,2022,7,peak_consumption_kw,8949,7031,4726,6742,7175,NA,NA,NA
A3319200123225003,331920,"Cordova, Eyak",2022-07-01,2022,7,commercial_sold_to,3136946,1776153,1279343,1704010,2698264,NA,NA,NA
A3319200123225003,331920,"Cordova, Eyak",2022-07-01,2022,7,residential_customers,755,982,959,981,919,NA,NA,NA
A3319200123225003,331920,"Cordova, Eyak",2022-07-01,2022,7,commercial_customers,886,660,612,654,626,NA,NA,NA
A3319200523225003,331920,"Cordova, Eyak",2022-11-01,2022,11,commercial_customers,208,621,612,618,598,NA,NA,NA
A3319200523225003,331920,"Cordova, Eyak",2022-11-01,2022,11,govt_facil_customers,455,45,80,45,46,NA,NA,NA
A3319200723225003,331920,"Cordova, Eyak",2023-01-01,2023,1,commercial_customers,216,616,535,612,594,NA,NA,NA
A3319200723225003,331920,"Cordova, Eyak",2023-01-01,2023,1,govt_facil_customers,444,45,110,44,46,NA,NA,NA
A3319200823225003,331920,"Cordova, Eyak",2023-02-01,2023,2,powerhouse_consumption_kwh,185753,95862,63220,62176,23265,NA,NA,NA
A3319200923225003,331920,"Cordova, Eyak",2023-03-01,2023,3,commercial_customers,207,608,535,614,595,NA,NA,NA
A3319200923225003,331920,"Cordova, Eyak",2023-03-01,2023,3,govt_facil_customers,444,44,110,44,46,NA,NA,NA
A3319201223225003,331920,"Cordova, Eyak",2023-06-01,2023,6,peak_consumption_kw,7643,4097,4851,6491,7087,NA,NA,NA
A3319201223225003,331920,"Cordova, Eyak",2023-06-01,2023,6,commercial_sold_to,2035634,1200883,1250559,1114376,1783134,NA,NA,NA
A3319200124225003,331920,"Cordova, Eyak",2023-07-01,2023,7,peak_consumption_kw,8885,7643,4851,8631,7182,NA,NA,NA
A3319200124225003,331920,"Cordova, Eyak",2023-07-01,2023,7,residential_sold_to,2743630,354375,601561,381254,331959,NA,NA,NA
A3319200224225003,331920,"Cordova, Eyak",2023-08-01,2023,8,peak_consumption_kw,9619,8885,4851,6988,7566,NA,NA,NA
A3319200224225003,331920,"Cordova, Eyak",2023-08-01,2023,8,commercial_sold_to,3384703,1027869,1250559,1185284,2455447,NA,NA,NA
A3319200125225003,331920,"Cordova, Eyak",2024-07-01,2024,7,commercial_sold_to,2312733,1837054,1132965,1696392,2789844,NA,NA,NA
A3319201225225003,331920,"Cordova, Eyak",2025-06-01,2025,6,commercial_sold_to,1958461,1157629,1411733,2392079,1790852,NA,NA,NA
A3319200126225003,331920,"Cordova, Eyak",2025-07-01,2025,7,peak_consumption_kw,8558,7337,4849,7530,7218,NA,NA,NA
A3319200126225003,331920,"Cordova, Eyak",2025-07-01,2025,7,residential_sold_to,179961,366882,383876,365236,616811,NA,NA,NA
A3319200126225003,331920,"Cordova, Eyak",2025-07-01,2025,7,commercial_sold_to,3626529,1958461,1411733,2255082,2643866,NA,NA,NA
A3319200226225003,331920,"Cordova, Eyak",2025-08-01,2025,8,peak_consumption_kw,7724,8558,4849,7241,7777,NA,NA,NA
A3319200226225003,331920,"Cordova, Eyak",2025-08-01,2025,8,commercial_sold_to,2551702,3626529,1411733,2553820,2548003,NA,NA,NA
A3319200926225003,331920,"Cordova, Eyak",2026-03-01,2026,3,residential_customers,749,996,874,874,945,NA,NA,NA
A3319201026225003,331920,"Cordova, Eyak",2026-04-01,2026,4,residential_customers,751,749,874,750,949,NA,NA,NA
A3319201126225003,331920,"Cordova, Eyak",2026-05-01,2026,5,residential_customers,751,751,874,876,954,NA,NA,NA
A3310900116225003,331090,Craig,2015-07-01,2015,7,fuel_used_gallons,45332,NA,29956,65096,12102,NA,NA,NA
A3310900116225003,331090,Craig,2015-07-01,2015,7,diesel_kwh_generated,648599,NA,428748,940051,170450,NA,NA,NA
A3310900116225003,331090,Craig,2015-07-01,2015,7,commercial_sold_to,795804,NA,644518,1168310,622454,NA,NA,NA
A3310900216225003,331090,Craig,2015-08-01,2015,8,fuel_used_gallons,65096,45332,29956,45332,54364,NA,NA,NA
A3310900216225003,331090,Craig,2015-08-01,2015,8,diesel_kwh_generated,940051,648599,428748,648599,772515,NA,NA,NA
A3310900216225003,331090,Craig,2015-08-01,2015,8,commercial_sold_to,1168310,795804,644518,795804,1150674,NA,NA,NA
A3310900717225003,331090,Craig,2017-01-01,2017,1,fuel_used_gallons,57781,28933,20167,22551,11223,NA,NA,NA
A3310900717225003,331090,Craig,2017-01-01,2017,1,diesel_kwh_generated,816477,421778,288195,325052,148057,NA,NA,NA
A3310900917225003,331090,Craig,2017-03-01,2017,3,fuel_used_gallons,77491,16169,20167,38856,29784,NA,NA,NA
A3310900917225003,331090,Craig,2017-03-01,2017,3,diesel_kwh_generated,1131766,228326,288195,560020,426222,NA,NA,NA
A3310901017225003,331090,Craig,2017-04-01,2017,4,fuel_used_gallons,61544,77491,20167,40631,35927,NA,NA,NA
A3310901017225003,331090,Craig,2017-04-01,2017,4,diesel_kwh_generated,891713,1131766,288195,593214,507258,NA,NA,NA
A3310900218225003,331090,Craig,2017-08-01,2017,8,commercial_sold_to,671875,366114,341682,338886,1200318,NA,NA,NA
A3310900818225003,331090,Craig,2018-02-01,2018,2,fuel_used_gallons,64300,10820,34007,52246,10825,NA,NA,NA
A3310900818225003,331090,Craig,2018-02-01,2018,2,diesel_kwh_generated,885042,154363,466450,749937,154063,NA,NA,NA
A3310900918225003,331090,Craig,2018-03-01,2018,3,fuel_used_gallons,93673,64300,34007,74554,28166,NA,NA,NA
A3310900918225003,331090,Craig,2018-03-01,2018,3,diesel_kwh_generated,1345511,885042,466450,1006075,404848,NA,NA,NA
A3310901018225003,331090,Craig,2018-04-01,2018,4,fuel_used_gallons,84807,93673,34007,53029,33601,NA,NA,NA
A3310901018225003,331090,Craig,2018-04-01,2018,4,diesel_kwh_generated,1127108,1345511,466450,757547,483718,NA,NA,NA
A3310900219225003,331090,Craig,2018-08-01,2018,8,fuel_used_gallons,62261,1886,34007,16438,54679,NA,NA,NA
A3310900219225003,331090,Craig,2018-08-01,2018,8,diesel_kwh_generated,865441,27175,466450,227176,780805,NA,NA,NA
A3310900219225003,331090,Craig,2018-08-01,2018,8,commercial_sold_to,637815,348678,324260,346712,1203724,NA,NA,NA
A3310900919225003,331090,Craig,2019-03-01,2019,3,fuel_used_gallons,61749,10109,26009,33212,31358,NA,NA,NA
A3310900919225003,331090,Craig,2019-03-01,2019,3,diesel_kwh_generated,894673,148421,363828,461210,449932,NA,NA,NA
A3310901019225003,331090,Craig,2019-04-01,2019,4,fuel_used_gallons,56316,61749,26009,39898,36450,NA,NA,NA
A3310901019225003,331090,Craig,2019-04-01,2019,4,diesel_kwh_generated,773999,894673,363828,574832,519029,NA,NA,NA
A3310900220225003,331090,Craig,2019-08-01,2019,8,fuel_used_gallons,92354,15813,26009,21612,51336,NA,NA,NA
A3310900220225003,331090,Craig,2019-08-01,2019,8,diesel_kwh_generated,1301792,212999,363828,292574,732321,NA,NA,NA
A3310900220225003,331090,Craig,2019-08-01,2019,8,commercial_sold_to,1022978,361057,385622,448378,1165208,NA,NA,NA
A3310900320225003,331090,Craig,2019-09-01,2019,9,commercial_sold_to,535700,1022978,385622,649206,396510,NA,NA,NA
A3310901020225003,331090,Craig,2020-04-01,2020,4,fuel_used_gallons,65450,21001,11985,10700,35536,NA,NA,NA
A3310901020225003,331090,Craig,2020-04-01,2020,4,diesel_kwh_generated,953239,303701,168711,152884,501105,NA,NA,NA
A3310901021225003,331090,Craig,2021-04-01,2021,4,fuel_used_gallons,63322,23457,14270,12384,35749,NA,NA,NA
A3310901021225003,331090,Craig,2021-04-01,2021,4,diesel_kwh_generated,965418,301984,200253,160724,499888,NA,NA,NA
A3310900222225003,331090,Craig,2021-08-01,2021,8,commercial_sold_to,1125696,357002,405457,486475,1154936,NA,NA,NA
A3310900322225003,331090,Craig,2021-09-01,2021,9,commercial_sold_to,615948,1125696,405457,700464,387594,NA,NA,NA
A3310901222225003,331090,Craig,2022-06-01,2022,6,commercial_sold_to,649703,308525,516124,550577,339641,NA,NA,NA
A3310900123225003,331090,Craig,2022-07-01,2022,7,commercial_sold_to,792629,649703,516124,1246655,622772,NA,NA,NA
A3310900223225003,331090,Craig,2022-08-01,2022,8,fuel_used_gallons,48522,1464,12191,5078,56206,NA,NA,NA
A3310900223225003,331090,Craig,2022-08-01,2022,8,diesel_kwh_generated,693637,20270,162449,68080,799894,NA,NA,NA
A3310900223225003,331090,Craig,2022-08-01,2022,8,commercial_sold_to,1843607,792629,516124,587076,1083145,NA,NA,NA
A3310900923225003,331090,Craig,2023-03-01,2023,3,fuel_used_gallons,68613,1178,22984,20144,30672,NA,NA,NA
A3310900923225003,331090,Craig,2023-03-01,2023,3,diesel_kwh_generated,1027003,11970,324356,274390,436698,NA,NA,NA
A3310900124225003,331090,Craig,2023-07-01,2023,7,commercial_sold_to,996998,343964,547132,1294626,602335,NA,NA,NA
A3310900224225003,331090,Craig,2023-08-01,2023,8,fuel_used_gallons,97278,13274,22984,8589,50788,NA,NA,NA
A3310900224225003,331090,Craig,2023-08-01,2023,8,diesel_kwh_generated,1382089,187307,324356,121192,723399,NA,NA,NA
A3310900224225003,331090,Craig,2023-08-01,2023,8,commercial_sold_to,2245289,996998,547132,748395,1042977,NA,NA,NA
A3310900125225003,331090,Craig,2024-07-01,2024,7,fuel_used_gallons,61295,5749,29929,75381,10106,NA,NA,NA
A3310900125225003,331090,Craig,2024-07-01,2024,7,diesel_kwh_generated,869846,85088,418998,1081700,142794,NA,NA,NA
A3310900125225003,331090,Craig,2024-07-01,2024,7,commercial_sold_to,1048097,352757,481090,912009,597225,NA,NA,NA
A3310900225225003,331090,Craig,2024-08-01,2024,8,fuel_used_gallons,145013,61295,29929,54727,45485,NA,NA,NA
A3310900225225003,331090,Craig,2024-08-01,2024,8,diesel_kwh_generated,2078313,869846,418998,744078,646041,NA,NA,NA
A3310900225225003,331090,Craig,2024-08-01,2024,8,commercial_sold_to,1471261,1048097,481090,701894,1120379,NA,NA,NA
A3310900325225003,331090,Craig,2024-09-01,2024,9,fuel_used_gallons,48159,145013,29929,73806,9711,NA,NA,NA
A3310900325225003,331090,Craig,2024-09-01,2024,9,diesel_kwh_generated,618309,2078313,418998,1053610,133969,NA,NA,NA
A3310900126225003,331090,Craig,2025-07-01,2025,7,commercial_sold_to,1256854,435550,536880,1088624,576349,NA,NA,NA
A3310900226225003,331090,Craig,2025-08-01,2025,8,commercial_sold_to,1741699,1256854,536880,815447,1093336,NA,NA,NA
A3310900726225003,331090,Craig,2026-01-01,2026,1,residential_customers,569,685,634,626,666,NA,NA,NA
A3310900826225003,331090,Craig,2026-02-01,2026,2,residential_customers,567,569,634,624,668,NA,NA,NA
A3322400420225003,332240,Crooked Creek,2019-10-01,2019,10,peak_consumption_kw,200,41,79,69,57,NA,NA,NA
A3322400421225003,332240,Crooked Creek,2020-10-01,2020,10,fuel_used_gallons,3747,2619,2237,2674,2202,NA,NA,NA
A3322400421225003,332240,Crooked Creek,2020-10-01,2020,10,commercial_sold_to,20391,8231,9449,10731,8748,NA,NA,NA
A3322400821225003,332240,Crooked Creek,2021-02-01,2021,2,powerhouse_consumption_kwh,2093,976,1081,954,1026,NA,NA,NA
A3322400723225003,332240,Crooked Creek,2023-01-01,2023,1,govt_facil_sold_to,4174,2030,1490,1968,1622,NA,NA,NA
A3322400724225003,332240,Crooked Creek,2024-01-01,2024,1,fuel_used_gallons,4302,2810,2417,2060,2304,NA,NA,NA
A3322400724225003,332240,Crooked Creek,2024-01-01,2024,1,diesel_kwh_generated,45175,26584,25198,24382,26888,NA,NA,NA
A3322400724225003,332240,Crooked Creek,2024-01-01,2024,1,com_facil_sold_to,6245,3085,2912,2910,2983,NA,NA,NA
A3322400724225003,332240,Crooked Creek,2024-01-01,2024,1,govt_facil_sold_to,3439,2622,1748,1830,1696,NA,NA,NA
A3322400924225003,332240,Crooked Creek,2024-03-01,2024,3,govt_facil_sold_to,2900,1037,1748,1763,1341,NA,NA,NA
A3322400526225003,332240,Crooked Creek,2025-11-01,2025,11,com_facil_sold_to,4411,2657,2758,3474,2781,NA,NA,NA
A3322400626225003,332240,Crooked Creek,2025-12-01,2025,12,com_facil_sold_to,4292,4411,2758,4811,2553,NA,NA,NA
A3322400726225003,332240,Crooked Creek,2026-01-01,2026,1,com_facil_sold_to,5211,4292,3846,4252,3086,NA,NA,NA
A3322400826225003,332240,Crooked Creek,2026-02-01,2026,2,com_facil_sold_to,4213,5211,3846,5226,2629,NA,NA,NA
A3322400926225003,332240,Crooked Creek,2026-03-01,2026,3,powerhouse_consumption_kwh,1930,1688,1556,1821,905,NA,NA,NA
A3322400926225003,332240,Crooked Creek,2026-03-01,2026,3,com_facil_sold_to,5240,4213,3846,4103,2830,NA,NA,NA
A3322401026225003,332240,Crooked Creek,2026-04-01,2026,4,powerhouse_consumption_kwh,1954,1930,1556,1570,919,NA,NA,NA
A3320600616225003,332060,Deering,2015-12-01,2015,12,unbilled_sold_to,2165,156,833,584,435,NA,NA,NA
A3320600716225003,332060,Deering,2016-01-01,2016,1,unbilled_sold_to,1012,2165,274,1453,416,NA,NA,NA
A3320600816225003,332060,Deering,2016-02-01,2016,2,unbilled_sold_to,741,1012,274,812,111,NA,NA,NA
A3320600820225003,332060,Deering,2020-02-01,2020,2,powerhouse_consumption_kwh,5462,NA,2762,3680,2385,NA,NA,NA
A3320600222225003,332060,Deering,2021-08-01,2021,8,powerhouse_consumption_kwh,22,2363,1881,1190,2700,NA,NA,NA
A3320600322225003,332060,Deering,2021-09-01,2021,9,powerhouse_consumption_kwh,16,22,1881,22,2316,NA,NA,NA
A3320600422225003,332060,Deering,2021-10-01,2021,10,powerhouse_consumption_kwh,23,16,1881,1487,2551,NA,NA,NA
A3320600422225003,332060,Deering,2021-10-01,2021,10,unbilled_sold_to,5623,17,559,92,202,NA,NA,NA
A3320600723225003,332060,Deering,2023-01-01,2023,1,unbilled_sold_to,2090,481,293,247,308,NA,NA,NA
A3320600724225003,332060,Deering,2024-01-01,2024,1,com_facil_sold_to,18840,15304,14416,12024,10978,NA,NA,NA
A3320601124225003,332060,Deering,2024-05-01,2024,5,unbilled_sold_to,797,479,672,356,108,NA,NA,NA
A3320600125225003,332060,Deering,2024-07-01,2024,7,unbilled_sold_to,3817,234,672,185,203,NA,NA,NA
A3320600625225003,332060,Deering,2024-12-01,2024,12,com_facil_sold_to,19479,13320,14416,15036,10280,NA,NA,NA
A3320600625225003,332060,Deering,2024-12-01,2024,12,govt_facil_sold_to,8705,7343,4482,8003,3977,NA,NA,NA
A3320600625225003,332060,Deering,2024-12-01,2024,12,unbilled_sold_to,901,104,672,52,562,NA,NA,NA
A3320600925225003,332060,Deering,2025-03-01,2025,3,unbilled_sold_to,1021,0,358,97,244,NA,NA,NA
A3320600426225003,332060,Deering,2025-10-01,2025,10,unbilled_sold_to,844,114,358,322,733,NA,NA,NA
A3320600626225003,332060,Deering,2025-12-01,2025,12,unbilled_sold_to,1465,531,358,532,505,NA,NA,NA
A3324300117225003,332430,"Dillingham, Aleknagik",2016-07-01,2016,7,diesel_kwh_generated,2275400,1539000,1539933,1798700,2872542,NA,NA,NA
A3324300117225003,332430,"Dillingham, Aleknagik",2016-07-01,2016,7,peak_consumption_kw,4240,2770,2775,3490,5827,NA,NA,NA
A3324300117225003,332430,"Dillingham, Aleknagik",2016-07-01,2016,7,commercial_sold_to,1682902,893206,871304,1140028,2207808,NA,NA,NA
A3324300217225003,332430,"Dillingham, Aleknagik",2016-08-01,2016,8,fuel_used_gallons,140763,96153,99803,96232,131402,NA,NA,NA
A3324300217225003,332430,"Dillingham, Aleknagik",2016-08-01,2016,8,peak_consumption_kw,4210,4240,2775,3390,5374,NA,NA,NA
A3324300217225003,332430,"Dillingham, Aleknagik",2016-08-01,2016,8,commercial_sold_to,1386851,1682902,871304,1221770,1278302,NA,NA,NA
A3324300817225003,332430,"Dillingham, Aleknagik",2017-02-01,2017,2,com_facil_sold_to,151902,86230,91180,82635,88849,NA,NA,NA
A3324300118225003,332430,"Dillingham, Aleknagik",2017-07-01,2017,7,fuel_used_gallons,159096,96116,105300,111638,182831,NA,NA,NA
A3324300118225003,332430,"Dillingham, Aleknagik",2017-07-01,2017,7,diesel_kwh_generated,2389000,1580400,1595265,1712750,2859920,NA,NA,NA
A3324300118225003,332430,"Dillingham, Aleknagik",2017-07-01,2017,7,peak_consumption_kw,4360,3070,2845,3580,5814,NA,NA,NA
A3324300118225003,332430,"Dillingham, Aleknagik",2017-07-01,2017,7,commercial_sold_to,1744038,999427,881682,1037148,2201015,NA,NA,NA
A3324300218225003,332430,"Dillingham, Aleknagik",2017-08-01,2017,8,peak_consumption_kw,4090,4360,2845,3315,5388,NA,NA,NA
A3324300218225003,332430,"Dillingham, Aleknagik",2017-08-01,2017,8,commercial_sold_to,1074869,1744038,881682,1244066,1312967,NA,NA,NA
A3324300119225003,332430,"Dillingham, Aleknagik",2018-07-01,2018,7,fuel_used_gallons,169629,107862,107467,127091,181661,NA,NA,NA
A3324300119225003,332430,"Dillingham, Aleknagik",2018-07-01,2018,7,diesel_kwh_generated,2546200,1609800,1598846,1913400,2842454,NA,NA,NA
A3324300119225003,332430,"Dillingham, Aleknagik",2018-07-01,2018,7,peak_consumption_kw,4600,3200,2912,3850,5787,NA,NA,NA
A3324300119225003,332430,"Dillingham, Aleknagik",2018-07-01,2018,7,commercial_sold_to,1853171,943588,899634,1233380,2188889,NA,NA,NA
A3324300219225003,332430,"Dillingham, Aleknagik",2018-08-01,2018,8,fuel_used_gallons,146320,169629,107467,131010,130785,NA,NA,NA
A3324300219225003,332430,"Dillingham, Aleknagik",2018-08-01,2018,8,diesel_kwh_generated,2217000,2546200,1598846,1975700,1936521,NA,NA,NA
A3324300219225003,332430,"Dillingham, Aleknagik",2018-08-01,2018,8,peak_consumption_kw,4500,4600,2912,3570,5342,NA,NA,NA
A3324300219225003,332430,"Dillingham, Aleknagik",2018-08-01,2018,8,commercial_sold_to,1523173,1853171,899634,1294147,1263156,NA,NA,NA
A3324300120225003,332430,"Dillingham, Aleknagik",2019-07-01,2019,7,fuel_used_gallons,199294,101988,107545,116562,178364,NA,NA,NA
A3324300120225003,332430,"Dillingham, Aleknagik",2019-07-01,2019,7,diesel_kwh_generated,3026364,1541043,1599159,1751116,2789102,NA,NA,NA
A3324300120225003,332430,"Dillingham, Aleknagik",2019-07-01,2019,7,powerhouse_consumption_kwh,97603,57080,51892,68687,69248,NA,NA,NA
A3324300120225003,332430,"Dillingham, Aleknagik",2019-07-01,2019,7,peak_consumption_kw,6050,3130,2976,4075,5626,NA,NA,NA
A3324300120225003,332430,"Dillingham, Aleknagik",2019-07-01,2019,7,commercial_sold_to,2352448,915829,903486,1088008,2133414,NA,NA,NA
A3324300220225003,332430,"Dillingham, Aleknagik",2019-08-01,2019,8,peak_consumption_kw,5020,6050,2976,4151,5284,NA,NA,NA
A3324300220225003,332430,"Dillingham, Aleknagik",2019-08-01,2019,8,commercial_sold_to,1260186,2352448,903486,1531552,1292376,NA,NA,NA
A3324300720225003,332430,"Dillingham, Aleknagik",2020-01-01,2020,1,unbilled_sold_to,13438,5185,1120,2592,1108,NA,NA,NA
A3324300121225003,332430,"Dillingham, Aleknagik",2020-07-01,2020,7,fuel_used_gallons,163501,100687,103930,113322,182341,NA,NA,NA
A3324300121225003,332430,"Dillingham, Aleknagik",2020-07-01,2020,7,diesel_kwh_generated,2446241,1491055,1547131,1683274,2853560,NA,NA,NA
A3324300121225003,332430,"Dillingham, Aleknagik",2020-07-01,2020,7,peak_consumption_kw,5720,2910,2980,4218,5663,NA,NA,NA
A3324300121225003,332430,"Dillingham, Aleknagik",2020-07-01,2020,7,commercial_sold_to,1857841,871551,841077,1039172,2188371,NA,NA,NA
A3324300221225003,332430,"Dillingham, Aleknagik",2020-08-01,2020,8,peak_consumption_kw,5525,5720,2980,3922,5228,NA,NA,NA
A3324300221225003,332430,"Dillingham, Aleknagik",2020-08-01,2020,8,commercial_sold_to,1206792,1857841,841077,1251196,1298309,NA,NA,NA
A3324300122225003,332430,"Dillingham, Aleknagik",2021-07-01,2021,7,fuel_used_gallons,202239,99662,106533,115946,178037,NA,NA,NA
A3324300122225003,332430,"Dillingham, Aleknagik",2021-07-01,2021,7,diesel_kwh_generated,3064875,1531881,1591666,1751181,2784823,NA,NA,NA
A3324300122225003,332430,"Dillingham, Aleknagik",2021-07-01,2021,7,peak_consumption_kw,6255,3225,3027,4522,5603,NA,NA,NA
A3324300122225003,332430,"Dillingham, Aleknagik",2021-07-01,2021,7,commercial_sold_to,2342610,935398,893778,1140574,2134507,NA,NA,NA
A3324300222225003,332430,"Dillingham, Aleknagik",2021-08-01,2021,8,peak_consumption_kw,5820,6255,3027,4195,5196,NA,NA,NA
A3324300222225003,332430,"Dillingham, Aleknagik",2021-08-01,2021,8,commercial_sold_to,1345751,2342610,893778,1515770,1282869,NA,NA,NA
A3324301122225003,332430,"Dillingham, Aleknagik",2022-05-01,2022,5,peak_consumption_kw,3974,2340,3260,3148,2408,NA,NA,NA
A3324301122225003,332430,"Dillingham, Aleknagik",2022-05-01,2022,5,commercial_sold_to,1244815,763940,970597,888686,765593,NA,NA,NA
A3324301222225003,332430,"Dillingham, Aleknagik",2022-06-01,2022,6,peak_consumption_kw,3955,3974,3260,5227,2968,NA,NA,NA
A3324300123225003,332430,"Dillingham, Aleknagik",2022-07-01,2022,7,fuel_used_gallons,217983,109587,110067,119066,176288,NA,NA,NA
A3324300123225003,332430,"Dillingham, Aleknagik",2022-07-01,2022,7,diesel_kwh_generated,3284252,1639589,1632676,1753782,2760448,NA,NA,NA
A3324300123225003,332430,"Dillingham, Aleknagik",2022-07-01,2022,7,powerhouse_consumption_kwh,87212,42089,43591,49554,70402,NA,NA,NA
A3324300123225003,332430,"Dillingham, Aleknagik",2022-07-01,2022,7,peak_consumption_kw,6480,3955,3260,4938,5578,NA,NA,NA
A3324300123225003,332430,"Dillingham, Aleknagik",2022-07-01,2022,7,commercial_sold_to,2677337,1013431,970597,1098364,2097315,NA,NA,NA
A3324300223225003,332430,"Dillingham, Aleknagik",2022-08-01,2022,8,peak_consumption_kw,5920,6480,3260,4292,5184,NA,NA,NA
A3324300223225003,332430,"Dillingham, Aleknagik",2022-08-01,2022,8,commercial_sold_to,1183298,2677337,970597,1687185,1300919,NA,NA,NA
A3324300124225003,332430,"Dillingham, Aleknagik",2023-07-01,2023,7,fuel_used_gallons,204672,108487,107381,126187,177767,NA,NA,NA
A3324300124225003,332430,"Dillingham, Aleknagik",2023-07-01,2023,7,diesel_kwh_generated,3098114,1624182,1605642,1893814,2781130,NA,NA,NA
A3324300124225003,332430,"Dillingham, Aleknagik",2023-07-01,2023,7,peak_consumption_kw,6555,2985,3139,4782,5570,NA,NA,NA
A3324300124225003,332430,"Dillingham, Aleknagik",2023-07-01,2023,7,commercial_sold_to,2458551,972689,915180,1183900,2121625,NA,NA,NA
A3324300224225003,332430,"Dillingham, Aleknagik",2023-08-01,2023,8,fuel_used_gallons,143887,204672,107381,144648,131055,NA,NA,NA
A3324300224225003,332430,"Dillingham, Aleknagik",2023-08-01,2023,8,diesel_kwh_generated,2163446,3098114,1605642,2172255,1942471,NA,NA,NA
A3324300224225003,332430,"Dillingham, Aleknagik",2023-08-01,2023,8,peak_consumption_kw,6580,6555,3139,4362,5111,NA,NA,NA
A3324300224225003,332430,"Dillingham, Aleknagik",2023-08-01,2023,8,commercial_sold_to,1395112,2458551,915180,1575810,1277385,NA,NA,NA
A3324300125225003,332430,"Dillingham, Aleknagik",2024-07-01,2024,7,fuel_used_gallons,178032,102754,103762,111066,180727,NA,NA,NA
A3324300125225003,332430,"Dillingham, Aleknagik",2024-07-01,2024,7,diesel_kwh_generated,2718892,1521905,1539532,1649112,2823266,NA,NA,NA
A3324300125225003,332430,"Dillingham, Aleknagik",2024-07-01,2024,7,peak_consumption_kw,5775,2640,2923,4045,5657,NA,NA,NA
A3324300125225003,332430,"Dillingham, Aleknagik",2024-07-01,2024,7,commercial_sold_to,2036558,909336,866541,1054168,2168513,NA,NA,NA
A3324300225225003,332430,"Dillingham, Aleknagik",2024-08-01,2024,8,peak_consumption_kw,5450,5775,2923,3938,5237,NA,NA,NA
A3324300225225003,332430,"Dillingham, Aleknagik",2024-08-01,2024,8,commercial_sold_to,1199001,2036558,866541,1341953,1299175,NA,NA,NA
A3324300126225003,332430,"Dillingham, Aleknagik",2025-07-01,2025,7,fuel_used_gallons,213975,98952,106028,113480,176733,NA,NA,NA
A3324300126225003,332430,"Dillingham, Aleknagik",2025-07-01,2025,7,diesel_kwh_generated,3278944,1511228,1567162,1710757,2761038,NA,NA,NA
A3324300126225003,332430,"Dillingham, Aleknagik",2025-07-01,2025,7,peak_consumption_kw,6650,2780,2967,4122,5559,NA,NA,NA
A3324300126225003,332430,"Dillingham, Aleknagik",2025-07-01,2025,7,commercial_sold_to,2547720,912167,902901,1114354,2111717,NA,NA,NA
A3324300226225003,332430,"Dillingham, Aleknagik",2025-08-01,2025,8,peak_consumption_kw,5465,6650,2967,4352,5235,NA,NA,NA
A3324300226225003,332430,"Dillingham, Aleknagik",2025-08-01,2025,8,commercial_sold_to,1316540,2547720,902901,1585618,1286115,NA,NA,NA
A3324300826225003,332430,"Dillingham, Aleknagik",2026-02-01,2026,2,residential_customers,829,941,869,882,964,NA,NA,NA
A3324300926225003,332430,"Dillingham, Aleknagik",2026-03-01,2026,3,residential_customers,822,829,869,878,964,NA,NA,NA
A3324301126225003,332430,"Dillingham, Aleknagik",2026-05-01,2026,5,residential_customers,825,926,869,926,973,NA,NA,NA
A3319300517225003,331930,Diomede,2016-11-01,2016,11,govt_facil_sold_to,595,NA,646,696,123,NA,NA,NA
A3319300617225003,331930,Diomede,2016-12-01,2016,12,govt_facil_sold_to,696,595,646,689,161,NA,NA,NA
A3319300717225003,331930,Diomede,2017-01-01,2017,1,residential_sold_to,25865,22528,18802,20740,11126,NA,NA,NA
A3319300717225003,331930,Diomede,2017-01-01,2017,1,govt_facil_sold_to,783,696,2044,652,200,NA,NA,NA
A3319300817225003,331930,Diomede,2017-02-01,2017,2,govt_facil_sold_to,609,783,2044,726,161,NA,NA,NA
A3319300917225003,331930,Diomede,2017-03-01,2017,3,govt_facil_sold_to,668,609,2044,698,198,NA,NA,NA
A3319301017225003,331930,Diomede,2017-04-01,2017,4,residential_sold_to,25738,18546,18802,20828,11077,NA,NA,NA
A3319301017225003,331930,Diomede,2017-04-01,2017,4,com_facil_sold_to,4673,2780,3601,3880,1083,NA,NA,NA
A3319301017225003,331930,Diomede,2017-04-01,2017,4,govt_facil_sold_to,788,668,2044,1047,174,NA,NA,NA
A3319301117225003,331930,Diomede,2017-05-01,2017,5,residential_sold_to,23111,25738,18802,25738,10308,NA,NA,NA
A3319301117225003,331930,Diomede,2017-05-01,2017,5,com_facil_sold_to,4981,4673,3601,4673,994,NA,NA,NA
A3319301117225003,331930,Diomede,2017-05-01,2017,5,govt_facil_sold_to,1426,788,2044,788,170,NA,NA,NA
A3319300118225003,331930,Diomede,2017-07-01,2017,7,govt_facil_sold_to,1238,NA,2044,656,180,NA,NA,NA
A3319300218225003,331930,Diomede,2017-08-01,2017,8,govt_facil_sold_to,656,1238,2044,1148,184,NA,NA,NA
A3319300318225003,331930,Diomede,2017-09-01,2017,9,govt_facil_sold_to,1057,656,2044,7386,91,NA,NA,NA
A3319300418225003,331930,Diomede,2017-10-01,2017,10,com_facil_sold_to,14810,1755,3601,1462,1049,NA,NA,NA
A3319300418225003,331930,Diomede,2017-10-01,2017,10,govt_facil_sold_to,14115,1057,2044,780,129,NA,NA,NA
A3319300518225003,331930,Diomede,2017-11-01,2017,11,govt_facil_sold_to,503,14115,2044,7379,135,NA,NA,NA
A3319300618225003,331930,Diomede,2017-12-01,2017,12,govt_facil_sold_to,643,503,2044,554,167,NA,NA,NA
A3319300718225003,331930,Diomede,2018-01-01,2018,1,powerhouse_consumption_kwh,15022,3041,6949,2881,3759,NA,NA,NA
A3319300718225003,331930,Diomede,2018-01-01,2018,1,govt_facil_sold_to,605,643,550,562,223,NA,NA,NA
A3319300818225003,331930,Diomede,2018-02-01,2018,2,govt_facil_sold_to,482,605,550,593,177,NA,NA,NA
A3319300918225003,331930,Diomede,2018-03-01,2018,3,govt_facil_sold_to,581,482,550,502,209,NA,NA,NA
A3319300918225003,331930,Diomede,2018-03-01,2018,3,unbilled_sold_to,4464,1619,2405,1544,1480,NA,NA,NA
A3319301018225003,331930,Diomede,2018-04-01,2018,4,residential_sold_to,22747,20797,16632,19102,11450,NA,NA,NA
A3319301018225003,331930,Diomede,2018-04-01,2018,4,govt_facil_sold_to,521,581,550,528,208,NA,NA,NA
A3319301218225003,331930,Diomede,2018-06-01,2018,6,govt_facil_sold_to,552,476,550,530,131,NA,NA,NA
A3319301218225003,331930,Diomede,2018-06-01,2018,6,unbilled_sold_to,4201,1573,2405,1704,1352,NA,NA,NA
A3319300119225003,331930,Diomede,2018-07-01,2018,7,govt_facil_sold_to,583,552,550,578,262,NA,NA,NA
A3319300219225003,331930,Diomede,2018-08-01,2018,8,govt_facil_sold_to,604,583,550,583,190,NA,NA,NA
A3319300921225003,331930,Diomede,2021-03-01,2021,3,peak_consumption_kw,198,102,98,96,84,NA,NA,NA
A3319300122225003,331930,Diomede,2021-07-01,2021,7,unbilled_sold_to,4556,0,1814,0,1924,NA,NA,NA
A3319300322225003,331930,Diomede,2021-09-01,2021,9,unbilled_sold_to,7671,0,1814,907,1677,NA,NA,NA
A3319300523225003,331930,Diomede,2022-11-01,2022,11,fuel_used_gallons,0,3687,3542,5035,3633,NA,NA,NA
A3319300523225003,331930,Diomede,2022-11-01,2022,11,commercial_sold_to,0,20217,19640,33968,18391,NA,NA,NA
A3319300623225003,331930,Diomede,2022-12-01,2022,12,diesel_kwh_generated,78953,NA,41339,39706,40942,NA,NA,NA
A3319300623225003,331930,Diomede,2022-12-01,2022,12,commercial_sold_to,47719,0,19640,10088,18075,NA,NA,NA
A3319300623225003,331930,Diomede,2022-12-01,2022,12,unbilled_sold_to,3837,0,1444,2018,2106,NA,NA,NA
A3319300723225003,331930,Diomede,2023-01-01,2023,1,unbilled_sold_to,4035,3837,1860,2481,1644,NA,NA,NA
A3311001116225003,331100,"Dot Lake, Dot Lake Village",2016-05-01,2016,5,commercial_sold_to,23061,12863,16386,17644,11327,NA,NA,NA
A3311000726225003,331100,"Dot Lake, Dot Lake Village",2026-01-01,2026,1,residential_sold_to,14513,12823,11219,12035,10500,NA,NA,NA
A3311100822225003,331110,"Eagle, Eagle Village",2022-02-01,2022,2,fuel_used_gallons,8859,7566,5995,6799,6015,NA,NA,NA
A3311100626225003,331110,"Eagle, Eagle Village",2025-12-01,2025,12,residential_sold_to,36411,25809,26504,31902,26154,NA,NA,NA
A3311100726225003,331110,"Eagle, Eagle Village",2026-01-01,2026,1,residential_sold_to,37994,36411,29500,32245,27554,NA,NA,NA
A3312900516225003,331290,Eek,2015-11-01,2015,11,commercial_sold_to,24815,16483,17741,19814,12180,NA,NA,NA
A3312900616225003,331290,Eek,2015-12-01,2015,12,commercial_sold_to,23144,24815,17741,27938,13627,NA,NA,NA
A3312900716225003,331290,Eek,2016-01-01,2016,1,commercial_sold_to,31061,23144,10479,16456,14832,NA,NA,NA
A3312900722225003,331290,Eek,2022-01-01,2022,1,com_facil_sold_to,51642,44734,35221,47202,23078,NA,NA,NA
A3312900126225003,331290,Eek,2025-07-01,2025,7,powerhouse_consumption_kwh,6735,4106,4783,5152,1683,NA,NA,NA
A3312900226225003,331290,Eek,2025-08-01,2025,8,powerhouse_consumption_kwh,6197,6735,4783,7048,1646,NA,NA,NA
A3312900326225003,331290,Eek,2025-09-01,2025,9,powerhouse_consumption_kwh,7362,6197,4783,6780,1570,NA,NA,NA
A3312900426225003,331290,Eek,2025-10-01,2025,10,powerhouse_consumption_kwh,7362,7362,4783,7362,1690,NA,NA,NA
A3312900526225003,331290,Eek,2025-11-01,2025,11,commercial_sold_to,32472,11432,15807,23148,11414,NA,NA,NA
A3312900626225003,331290,Eek,2025-12-01,2025,12,commercial_sold_to,34864,32472,15807,35138,12455,NA,NA,NA
A3312900726225003,331290,Eek,2026-01-01,2026,1,commercial_sold_to,37804,34864,36320,35450,14158,NA,NA,NA
A3312900826225003,331290,Eek,2026-02-01,2026,2,commercial_sold_to,36037,37804,36320,38887,10648,NA,NA,NA
A3312900926225003,331290,Eek,2026-03-01,2026,3,commercial_sold_to,39970,36037,36320,33754,11534,NA,NA,NA
A3312901026225003,331290,Eek,2026-04-01,2026,4,commercial_sold_to,31471,39970,36320,39970,11199,NA,NA,NA
A3319400616225003,331940,Egegik,2015-12-01,2015,12,residential_customers,26,NA,26,26,74,NA,NA,NA
A3319400716225003,331940,Egegik,2016-01-01,2016,1,residential_customers,26,26,40,26,72,NA,NA,NA
A3319400816225003,331940,Egegik,2016-02-01,2016,2,residential_customers,27,26,40,26,72,NA,NA,NA
A3319400916225003,331940,Egegik,2016-03-01,2016,3,residential_customers,27,27,40,26,78,NA,NA,NA
A3319401016225003,331940,Egegik,2016-04-01,2016,4,residential_customers,26,27,40,38,72,NA,NA,NA
A3319401116225003,331940,Egegik,2016-05-01,2016,5,commercial_sold_to,45643,10151,20947,35437,51630,NA,NA,NA
A3319401216225003,331940,Egegik,2016-06-01,2016,6,commercial_sold_to,60723,45643,20947,49660,55784,NA,NA,NA
A3319400117225003,331940,Egegik,2016-07-01,2016,7,commercial_sold_to,53677,60723,20947,35017,52034,NA,NA,NA
A3319400417225003,331940,Egegik,2016-10-01,2016,10,residential_customers,31,37,40,32,80,NA,NA,NA
A3319400517225003,331940,Egegik,2016-11-01,2016,11,residential_customers,28,31,40,29,80,NA,NA,NA
A3319400617225003,331940,Egegik,2016-12-01,2016,12,residential_customers,27,28,40,27,74,NA,NA,NA
A3319400717225003,331940,Egegik,2017-01-01,2017,1,residential_customers,26,27,46,26,72,NA,NA,NA
A3319400817225003,331940,Egegik,2017-02-01,2017,2,residential_customers,24,26,46,26,72,NA,NA,NA
A3319400917225003,331940,Egegik,2017-03-01,2017,3,residential_customers,25,24,46,26,78,NA,NA,NA
A3319401017225003,331940,Egegik,2017-04-01,2017,4,residential_customers,28,25,46,36,72,NA,NA,NA
A3319401117225003,331940,Egegik,2017-05-01,2017,5,commercial_sold_to,46057,10730,21869,32232,51584,NA,NA,NA
A3319401217225003,331940,Egegik,2017-06-01,2017,6,commercial_sold_to,53734,46057,21869,50074,56561,NA,NA,NA
A3319400118225003,331940,Egegik,2017-07-01,2017,7,diesel_kwh_generated,100856,88849,48847,63672,103220,NA,NA,NA
A3319400118225003,331940,Egegik,2017-07-01,2017,7,commercial_sold_to,54092,53734,21869,32318,51988,NA,NA,NA
A3319400718225003,331940,Egegik,2018-01-01,2018,1,residential_customers,24,46,66,38,72,NA,NA,NA
A3319400818225003,331940,Egegik,2018-02-01,2018,2,residential_customers,29,24,66,52,72,NA,NA,NA
A3319401018225003,331940,Egegik,2018-04-01,2018,4,residential_customers,29,81,66,66,72,NA,NA,NA
A3319401118225003,331940,Egegik,2018-05-01,2018,5,commercial_sold_to,53848,25026,23509,41101,50718,NA,NA,NA
A3319401218225003,331940,Egegik,2018-06-01,2018,6,commercial_sold_to,57176,53848,23509,53096,56178,NA,NA,NA
A3319400119225003,331940,Egegik,2018-07-01,2018,7,commercial_sold_to,52343,57176,23509,34824,52182,NA,NA,NA
A3319401119225003,331940,Egegik,2019-05-01,2019,5,commercial_sold_to,50653,17907,21312,33027,51073,NA,NA,NA
A3319401219225003,331940,Egegik,2019-06-01,2019,6,commercial_sold_to,48147,50653,21312,48932,57181,NA,NA,NA
A3319400120225003,331940,Egegik,2019-07-01,2019,7,commercial_sold_to,47211,48147,21312,28967,52752,NA,NA,NA
A3319401120225003,331940,Egegik,2020-05-01,2020,5,commercial_sold_to,40615,12292,23176,32340,52189,NA,NA,NA
A3319401220225003,331940,Egegik,2020-06-01,2020,6,commercial_sold_to,52389,40615,23176,42106,56710,NA,NA,NA
A3319400121225003,331940,Egegik,2020-07-01,2020,7,peak_consumption_kw,351,254,185,264,263,NA,NA,NA
A3319400121225003,331940,Egegik,2020-07-01,2020,7,residential_sold_to,27648,22689,14684,20618,26547,NA,NA,NA
A3319400121225003,331940,Egegik,2020-07-01,2020,7,commercial_sold_to,43597,52389,23176,31093,53154,NA,NA,NA
A3319401121225003,331940,Egegik,2021-05-01,2021,5,commercial_sold_to,48431,20472,22671,40862,51320,NA,NA,NA
A3319401221225003,331940,Egegik,2021-06-01,2021,6,diesel_kwh_generated,103096,82379,53989,92381,98820,NA,NA,NA
A3319401221225003,331940,Egegik,2021-06-01,2021,6,commercial_sold_to,61251,48431,22671,51078,55725,NA,NA,NA
A3319400122225003,331940,Egegik,2021-07-01,2021,7,diesel_kwh_generated,102383,103096,53989,74600,103050,NA,NA,NA
A3319400122225003,331940,Egegik,2021-07-01,2021,7,residential_sold_to,26865,26198,14364,22014,26634,NA,NA,NA
A3319400122225003,331940,Egegik,2021-07-01,2021,7,commercial_sold_to,53725,61251,22671,35728,52028,NA,NA,NA
A3319401022225003,331940,Egegik,2022-04-01,2022,4,commercial_sold_to,39315,11451,25892,31168,18066,NA,NA,NA
A3319401122225003,331940,Egegik,2022-05-01,2022,5,powerhouse_consumption_kwh,5693,2267,2849,2291,2362,NA,NA,NA
A3319401122225003,331940,Egegik,2022-05-01,2022,5,peak_consumption_kw,311,197,158,224,230,NA,NA,NA
A3319401122225003,331940,Egegik,2022-05-01,2022,5,commercial_sold_to,50886,39315,25892,47364,51047,NA,NA,NA
A3319401222225003,331940,Egegik,2022-06-01,2022,6,diesel_kwh_generated,103797,90020,62006,100230,98742,NA,NA,NA
A3319401222225003,331940,Egegik,2022-06-01,2022,6,residential_sold_to,26755,16903,15018,22726,23667,NA,NA,NA
A3319401222225003,331940,Egegik,2022-06-01,2022,6,commercial_sold_to,55412,50886,25892,50101,56374,NA,NA,NA
A3319400123225003,331940,Egegik,2022-07-01,2022,7,diesel_kwh_generated,110440,103797,62006,80602,102155,NA,NA,NA
A3319400123225003,331940,Egegik,2022-07-01,2022,7,residential_sold_to,28549,26755,15018,23782,26447,NA,NA,NA
A3319400123225003,331940,Egegik,2022-07-01,2022,7,commercial_sold_to,49316,55412,25892,34144,52518,NA,NA,NA
A3319401123225003,331940,Egegik,2023-05-01,2023,5,commercial_sold_to,59205,32830,28739,46856,50123,NA,NA,NA
A3319401223225003,331940,Egegik,2023-06-01,2023,6,diesel_kwh_generated,110404,93533,61731,104794,98008,NA,NA,NA
A3319401223225003,331940,Egegik,2023-06-01,2023,6,residential_sold_to,27745,14925,14353,23535,23557,NA,NA,NA
A3319401223225003,331940,Egegik,2023-06-01,2023,6,commercial_sold_to,60883,59205,28739,60298,55766,NA,NA,NA
A3319400124225003,331940,Egegik,2023-07-01,2023,7,diesel_kwh_generated,116056,110404,61731,80831,101531,NA,NA,NA
A3319400124225003,331940,Egegik,2023-07-01,2023,7,residential_sold_to,32145,27745,14353,22684,26047,NA,NA,NA
A3319400124225003,331940,Egegik,2023-07-01,2023,7,commercial_sold_to,61390,60883,28739,39158,51177,NA,NA,NA
A3319401124225003,331940,Egegik,2024-05-01,2024,5,peak_consumption_kw,333,137,171,191,228,NA,NA,NA
A3319401124225003,331940,Egegik,2024-05-01,2024,5,commercial_sold_to,64198,15006,25671,35631,49568,NA,NA,NA
A3319401224225003,331940,Egegik,2024-06-01,2024,6,diesel_kwh_generated,105954,98635,60817,104382,98502,NA,NA,NA
A3319401224225003,331940,Egegik,2024-06-01,2024,6,residential_sold_to,26879,14035,13754,20368,23653,NA,NA,NA
A3319401224225003,331940,Egegik,2024-06-01,2024,6,commercial_sold_to,56256,64198,25671,57684,56280,NA,NA,NA
A3319400125225003,331940,Egegik,2024-07-01,2024,7,diesel_kwh_generated,110130,105954,60817,83292,102189,NA,NA,NA
A3319400125225003,331940,Egegik,2024-07-01,2024,7,residential_sold_to,26700,26879,13754,22434,26652,NA,NA,NA
A3319400125225003,331940,Egegik,2024-07-01,2024,7,commercial_sold_to,51171,56256,25671,39924,52312,NA,NA,NA
A3319401125225003,331940,Egegik,2025-05-01,2025,5,fuel_used_gallons,9578,3433,5642,5388,6613,NA,NA,NA
A3319401125225003,331940,Egegik,2025-05-01,2025,5,commercial_sold_to,50777,18177,30508,37492,51060,NA,NA,NA
A3319401225225003,331940,Egegik,2025-06-01,2025,6,diesel_kwh_generated,109378,90881,68540,102550,98122,NA,NA,NA
A3319401225225003,331940,Egegik,2025-06-01,2025,6,peak_consumption_kw,7342,244,1188,265,256,NA,NA,NA
A3319401225225003,331940,Egegik,2025-06-01,2025,6,residential_sold_to,29820,17621,17016,25414,23327,NA,NA,NA
A3319401225225003,331940,Egegik,2025-06-01,2025,6,commercial_sold_to,56808,50777,30508,53118,56219,NA,NA,NA
A3319400126225003,331940,Egegik,2025-07-01,2025,7,fuel_used_gallons,9898,7342,5642,7342,7746,NA,NA,NA
A3319400126225003,331940,Egegik,2025-07-01,2025,7,diesel_kwh_generated,114220,109378,68540,109378,101735,NA,NA,NA
A3319400126225003,331940,Egegik,2025-07-01,2025,7,residential_sold_to,33206,29820,17016,29820,25929,NA,NA,NA
A3319400126225003,331940,Egegik,2025-07-01,2025,7,commercial_sold_to,55458,56808,30508,56808,51836,NA,NA,NA
A3319500217225003,331950,Ekwok,2016-08-01,2016,8,residential_customers,140,51,60,50,48,NA,NA,NA
A3319500125225003,331950,Ekwok,2024-07-01,2024,7,govt_facil_sold_to,298,6062,6675,5494,3939,NA,NA,NA
A3319500526225003,331950,Ekwok,2025-11-01,2025,11,com_facil_sold_to,1495,11235,9850,6274,9169,NA,NA,NA
A3319500626225003,331950,Ekwok,2025-12-01,2025,12,com_facil_sold_to,1314,1495,9850,1468,9992,NA,NA,NA
A3319500726225003,331950,Ekwok,2026-01-01,2026,1,commercial_sold_to,10234,9691,10528,9700,750,NA,NA,NA
A3319500726225003,331950,Ekwok,2026-01-01,2026,1,com_facil_sold_to,1440,1314,2262,1360,10514,NA,NA,NA
A3319500826225003,331950,Ekwok,2026-02-01,2026,2,com_facil_sold_to,1405,1440,2262,1416,10092,NA,NA,NA
A3319500926225003,331950,Ekwok,2026-03-01,2026,3,com_facil_sold_to,1391,1405,2262,3108,10401,NA,NA,NA
A3319501026225003,331950,Ekwok,2026-04-01,2026,4,commercial_sold_to,12224,9947,10528,9947,0,NA,NA,NA
A3319601216225003,331960,Elfin Cove,2016-06-01,2016,6,fuel_used_gallons,4407,2465,2259,3299,5063,NA,NA,NA
A3319601216225003,331960,Elfin Cove,2016-06-01,2016,6,diesel_kwh_generated,58013,31308,26399,42647,66855,NA,NA,NA
A3319601216225003,331960,Elfin Cove,2016-06-01,2016,6,commercial_sold_to,29247,13731,11349,20670,40503,NA,NA,NA
A3319600117225003,331960,Elfin Cove,2016-07-01,2016,7,fuel_used_gallons,4133,4407,2259,4652,4999,NA,NA,NA
A3319600117225003,331960,Elfin Cove,2016-07-01,2016,7,diesel_kwh_generated,53986,58013,26399,59926,66688,NA,NA,NA
A3319600117225003,331960,Elfin Cove,2016-07-01,2016,7,commercial_sold_to,27609,29247,11349,30036,40563,NA,NA,NA
A3319600217225003,331960,Elfin Cove,2016-08-01,2016,8,fuel_used_gallons,4898,4133,2259,3956,5359,NA,NA,NA
A3319600217225003,331960,Elfin Cove,2016-08-01,2016,8,diesel_kwh_generated,61840,53986,26399,45936,70022,NA,NA,NA
A3319600217225003,331960,Elfin Cove,2016-08-01,2016,8,residential_sold_to,24721,18513,9862,12785,16422,NA,NA,NA
A3319600217225003,331960,Elfin Cove,2016-08-01,2016,8,commercial_sold_to,30825,27609,11349,22030,41678,NA,NA,NA
A3319601217225003,331960,Elfin Cove,2017-06-01,2017,6,fuel_used_gallons,4237,2701,2289,3676,5080,NA,NA,NA
A3319601217225003,331960,Elfin Cove,2017-06-01,2017,6,diesel_kwh_generated,55836,33667,27946,46656,67073,NA,NA,NA
A3319601217225003,331960,Elfin Cove,2017-06-01,2017,6,residential_sold_to,23275,8327,9948,14656,16704,NA,NA,NA
A3319601217225003,331960,Elfin Cove,2017-06-01,2017,6,commercial_sold_to,27973,18483,12400,24632,40630,NA,NA,NA
A3319600118225003,331960,Elfin Cove,2017-07-01,2017,7,fuel_used_gallons,4652,4237,2289,4568,4942,NA,NA,NA
A3319600118225003,331960,Elfin Cove,2017-07-01,2017,7,diesel_kwh_generated,59646,55836,27946,59209,66059,NA,NA,NA
A3319600118225003,331960,Elfin Cove,2017-07-01,2017,7,commercial_sold_to,30781,27973,12400,28804,40210,NA,NA,NA
A3319600218225003,331960,Elfin Cove,2017-08-01,2017,8,fuel_used_gallons,4898,4652,2289,3602,5359,NA,NA,NA
A3319600218225003,331960,Elfin Cove,2017-08-01,2017,8,diesel_kwh_generated,62582,59646,27946,45876,69940,NA,NA,NA
A3319600218225003,331960,Elfin Cove,2017-08-01,2017,8,commercial_sold_to,29636,30781,12400,22663,41811,NA,NA,NA
A3319601218225003,331960,Elfin Cove,2018-06-01,2018,6,fuel_used_gallons,4369,2745,2265,3730,5067,NA,NA,NA
A3319601218225003,331960,Elfin Cove,2018-06-01,2018,6,diesel_kwh_generated,61344,35681,28084,49288,66522,NA,NA,NA
A3319601218225003,331960,Elfin Cove,2018-06-01,2018,6,commercial_sold_to,32057,17470,11840,24524,40222,NA,NA,NA
A3319600119225003,331960,Elfin Cove,2018-07-01,2018,7,fuel_used_gallons,4715,4369,2265,4686,4935,NA,NA,NA
A3319600119225003,331960,Elfin Cove,2018-07-01,2018,7,diesel_kwh_generated,62895,61344,28084,62390,65698,NA,NA,NA
A3319600119225003,331960,Elfin Cove,2018-07-01,2018,7,commercial_sold_to,31577,32057,11840,31843,40122,NA,NA,NA
A3319600219225003,331960,Elfin Cove,2018-08-01,2018,8,fuel_used_gallons,5004,4715,2265,3665,5347,NA,NA,NA
A3319600219225003,331960,Elfin Cove,2018-08-01,2018,8,diesel_kwh_generated,63437,62895,28084,48574,69845,NA,NA,NA
A3319600219225003,331960,Elfin Cove,2018-08-01,2018,8,commercial_sold_to,31629,31577,11840,21904,41589,NA,NA,NA
A3319600319225003,331960,Elfin Cove,2018-09-01,2018,9,powerhouse_consumption_kwh,6352,3090,2516,2663,1875,NA,NA,NA
A3319601219225003,331960,Elfin Cove,2019-06-01,2019,6,fuel_used_gallons,4721,2379,2211,3493,5031,NA,NA,NA
A3319601219225003,331960,Elfin Cove,2019-06-01,2019,6,diesel_kwh_generated,57051,29600,26743,46566,66951,NA,NA,NA
A3319601219225003,331960,Elfin Cove,2019-06-01,2019,6,residential_sold_to,22224,10778,9598,15682,16809,NA,NA,NA
A3319600120225003,331960,Elfin Cove,2019-07-01,2019,7,fuel_used_gallons,4607,4721,2211,4689,4947,NA,NA,NA
A3319600120225003,331960,Elfin Cove,2019-07-01,2019,7,diesel_kwh_generated,63531,57051,26743,58614,65627,NA,NA,NA
A3319600120225003,331960,Elfin Cove,2019-07-01,2019,7,commercial_sold_to,29985,24603,10631,27026,40299,NA,NA,NA
A3319600220225003,331960,Elfin Cove,2019-08-01,2019,8,fuel_used_gallons,4657,4607,2211,3648,5385,NA,NA,NA
A3319600220225003,331960,Elfin Cove,2019-08-01,2019,8,diesel_kwh_generated,60176,63531,26743,48742,70207,NA,NA,NA
A3319600220225003,331960,Elfin Cove,2019-08-01,2019,8,commercial_sold_to,29449,29985,10631,23274,41831,NA,NA,NA
A3319601220225003,331960,Elfin Cove,2020-06-01,2020,6,fuel_used_gallons,3947,1487,2149,2880,5109,NA,NA,NA
A3319601220225003,331960,Elfin Cove,2020-06-01,2020,6,diesel_kwh_generated,49930,18695,25234,37458,67663,NA,NA,NA
A3319600121225003,331960,Elfin Cove,2020-07-01,2020,7,fuel_used_gallons,4273,3947,2149,4248,4984,NA,NA,NA
A3319600121225003,331960,Elfin Cove,2020-07-01,2020,7,diesel_kwh_generated,56220,49930,25234,54766,66440,NA,NA,NA
A3319600221225003,331960,Elfin Cove,2020-08-01,2020,8,fuel_used_gallons,4548,4273,2149,3483,5397,NA,NA,NA
A3319600221225003,331960,Elfin Cove,2020-08-01,2020,8,diesel_kwh_generated,59601,56220,25234,45462,70271,NA,NA,NA
A3319600221225003,331960,Elfin Cove,2020-08-01,2020,8,residential_sold_to,21809,20886,9314,14748,16746,NA,NA,NA
A3319601121225003,331960,Elfin Cove,2021-05-01,2021,5,commercial_sold_to,27632,5155,17395,22380,23668,NA,NA,NA
A3319601221225003,331960,Elfin Cove,2021-06-01,2021,6,fuel_used_gallons,4619,3340,2511,4280,5042,NA,NA,NA
A3319601221225003,331960,Elfin Cove,2021-06-01,2021,6,diesel_kwh_generated,60461,43185,31235,56175,66610,NA,NA,NA
A3319601221225003,331960,Elfin Cove,2021-06-01,2021,6,commercial_sold_to,39605,27632,17395,36743,39467,NA,NA,NA
A3319600122225003,331960,Elfin Cove,2021-07-01,2021,7,fuel_used_gallons,5221,4619,2511,5068,4879,NA,NA,NA
A3319600122225003,331960,Elfin Cove,2021-07-01,2021,7,diesel_kwh_generated,69165,60461,31235,66428,65001,NA,NA,NA
A3319600122225003,331960,Elfin Cove,2021-07-01,2021,7,commercial_sold_to,45854,39605,17395,41972,38535,NA,NA,NA
A3319600222225003,331960,Elfin Cove,2021-08-01,2021,8,fuel_used_gallons,5516,5221,2511,4336,5290,NA,NA,NA
A3319600222225003,331960,Elfin Cove,2021-08-01,2021,8,diesel_kwh_generated,72394,69165,31235,56596,68849,NA,NA,NA
A3319600222225003,331960,Elfin Cove,2021-08-01,2021,8,commercial_sold_to,44338,45854,17395,37030,40177,NA,NA,NA
A3319600322225003,331960,Elfin Cove,2021-09-01,2021,9,commercial_sold_to,28206,44338,17395,23747,18728,NA,NA,NA
A3319601122225003,331960,Elfin Cove,2022-05-01,2022,5,diesel_kwh_generated,50076,21829,32387,47504,39011,NA,NA,NA
A3319601122225003,331960,Elfin Cove,2022-05-01,2022,5,commercial_sold_to,28563,13561,18882,28770,23575,NA,NA,NA
A3319601222225003,331960,Elfin Cove,2022-06-01,2022,6,fuel_used_gallons,5513,3786,2590,4502,4952,NA,NA,NA
A3319601222225003,331960,Elfin Cove,2022-06-01,2022,6,diesel_kwh_generated,73180,50076,32387,59788,65338,NA,NA,NA
A3319601222225003,331960,Elfin Cove,2022-06-01,2022,6,commercial_sold_to,43978,28563,18882,38534,39030,NA,NA,NA
A3319600123225003,331960,Elfin Cove,2022-07-01,2022,7,fuel_used_gallons,5218,5513,2590,5639,4879,NA,NA,NA
A3319600123225003,331960,Elfin Cove,2022-07-01,2022,7,diesel_kwh_generated,69501,73180,32387,74252,64964,NA,NA,NA
A3319600123225003,331960,Elfin Cove,2022-07-01,2022,7,commercial_sold_to,48504,43978,18882,47284,38241,NA,NA,NA
A3319600223225003,331960,Elfin Cove,2022-08-01,2022,8,fuel_used_gallons,5765,5218,2590,4041,5262,NA,NA,NA
A3319600223225003,331960,Elfin Cove,2022-08-01,2022,8,diesel_kwh_generated,75324,69501,32387,53156,68524,NA,NA,NA
A3319600223225003,331960,Elfin Cove,2022-08-01,2022,8,commercial_sold_to,50590,48504,18882,35497,39482,NA,NA,NA
A3319601123225003,331960,Elfin Cove,2023-05-01,2023,5,commercial_sold_to,29393,16414,20479,34534,23492,NA,NA,NA
A3319601223225003,331960,Elfin Cove,2023-06-01,2023,6,fuel_used_gallons,5795,3093,2624,4205,4924,NA,NA,NA
A3319601223225003,331960,Elfin Cove,2023-06-01,2023,6,diesel_kwh_generated,78139,40798,35150,56085,64842,NA,NA,NA
A3319601223225003,331960,Elfin Cove,2023-06-01,2023,6,commercial_sold_to,52655,29393,20479,40704,38162,NA,NA,NA
A3319600124225003,331960,Elfin Cove,2023-07-01,2023,7,fuel_used_gallons,5317,5795,2624,5590,4868,NA,NA,NA
A3319600124225003,331960,Elfin Cove,2023-07-01,2023,7,diesel_kwh_generated,71372,78139,35150,74990,64756,NA,NA,NA
A3319600124225003,331960,Elfin Cove,2023-07-01,2023,7,commercial_sold_to,52016,52655,20479,50884,37851,NA,NA,NA
A3319600224225003,331960,Elfin Cove,2023-08-01,2023,8,fuel_used_gallons,5384,5317,2624,4383,5305,NA,NA,NA
A3319600224225003,331960,Elfin Cove,2023-08-01,2023,8,diesel_kwh_generated,71840,71372,35150,58116,68911,NA,NA,NA
A3319600224225003,331960,Elfin Cove,2023-08-01,2023,8,powerhouse_consumption_kwh,5286,2378,2172,2495,2672,NA,NA,NA
A3319600224225003,331960,Elfin Cove,2023-08-01,2023,8,commercial_sold_to,49112,52016,20479,40324,39647,NA,NA,NA
A3319600324225003,331960,Elfin Cove,2023-09-01,2023,9,commercial_sold_to,28632,49112,20479,26249,18680,NA,NA,NA
A3319600724225003,331960,Elfin Cove,2024-01-01,2024,1,com_facil_sold_to,1995,1216,1117,1520,642,NA,NA,NA
A3319601124225003,331960,Elfin Cove,2024-05-01,2024,5,fuel_used_gallons,4242,1350,2740,3798,3006,NA,NA,NA
A3319601124225003,331960,Elfin Cove,2024-05-01,2024,5,diesel_kwh_generated,55327,16145,35043,50019,38486,NA,NA,NA
A3319601124225003,331960,Elfin Cove,2024-05-01,2024,5,commercial_sold_to,37755,6912,21465,32350,22656,NA,NA,NA
A3319601224225003,331960,Elfin Cove,2024-06-01,2024,6,fuel_used_gallons,6247,4242,2740,4744,4879,NA,NA,NA
A3319601224225003,331960,Elfin Cove,2024-06-01,2024,6,diesel_kwh_generated,83893,55327,35043,63382,64267,NA,NA,NA
A3319601224225003,331960,Elfin Cove,2024-06-01,2024,6,commercial_sold_to,57789,37755,21465,43925,37648,NA,NA,NA
A3319600125225003,331960,Elfin Cove,2024-07-01,2024,7,fuel_used_gallons,5246,6247,2740,6094,4876,NA,NA,NA
A3319600125225003,331960,Elfin Cove,2024-07-01,2024,7,diesel_kwh_generated,71437,83893,35043,81854,64749,NA,NA,NA
A3319600125225003,331960,Elfin Cove,2024-07-01,2024,7,commercial_sold_to,50095,57789,21465,56246,38064,NA,NA,NA
A3319600225225003,331960,Elfin Cove,2024-08-01,2024,8,fuel_used_gallons,5940,5246,2740,4214,5243,NA,NA,NA
A3319600225225003,331960,Elfin Cove,2024-08-01,2024,8,diesel_kwh_generated,79814,71437,35043,56666,68025,NA,NA,NA
A3319600225225003,331960,Elfin Cove,2024-08-01,2024,8,commercial_sold_to,54702,50095,21465,38512,39025,NA,NA,NA
A3319601125225003,331960,Elfin Cove,2025-05-01,2025,5,fuel_used_gallons,3952,1282,2734,3572,3035,NA,NA,NA
A3319601125225003,331960,Elfin Cove,2025-05-01,2025,5,diesel_kwh_generated,52102,14182,33975,46646,38808,NA,NA,NA
A3319601125225003,331960,Elfin Cove,2025-05-01,2025,5,commercial_sold_to,36986,6037,20868,29842,22733,NA,NA,NA
A3319601225225003,331960,Elfin Cove,2025-06-01,2025,6,fuel_used_gallons,5863,3952,2734,4849,4917,NA,NA,NA
A3319601225225003,331960,Elfin Cove,2025-06-01,2025,6,diesel_kwh_generated,79110,52102,33975,64263,64745,NA,NA,NA
A3319601225225003,331960,Elfin Cove,2025-06-01,2025,6,commercial_sold_to,53647,36986,20868,44608,38063,NA,NA,NA
A3319600126225003,331960,Elfin Cove,2025-07-01,2025,7,fuel_used_gallons,5746,5863,2734,6189,4820,NA,NA,NA
A3319600126225003,331960,Elfin Cove,2025-07-01,2025,7,diesel_kwh_generated,76424,79110,33975,82070,64195,NA,NA,NA
A3319600126225003,331960,Elfin Cove,2025-07-01,2025,7,commercial_sold_to,52229,53647,20868,56316,37827,NA,NA,NA
A3319600226225003,331960,Elfin Cove,2025-08-01,2025,8,fuel_used_gallons,6515,5746,2734,4334,5179,NA,NA,NA
A3319600226225003,331960,Elfin Cove,2025-08-01,2025,8,diesel_kwh_generated,85031,76424,33975,56696,67445,NA,NA,NA
A3319600226225003,331960,Elfin Cove,2025-08-01,2025,8,commercial_sold_to,58985,52229,20868,31608,38550,NA,NA,NA
A3319600926225003,331960,Elfin Cove,2026-03-01,2026,3,com_facil_sold_to,3153,276,892,366,766,NA,NA,NA
A3319601126225003,331960,Elfin Cove,2026-05-01,2026,5,fuel_used_gallons,4109,1453,2386,3385,3019,NA,NA,NA
A3319601126225003,331960,Elfin Cove,2026-05-01,2026,5,diesel_kwh_generated,49743,18745,29088,44176,39044,NA,NA,NA
A3319601126225003,331960,Elfin Cove,2026-05-01,2026,5,commercial_sold_to,35358,14821,19731,33902,22896,NA,NA,NA
A3319601226225003,331960,Elfin Cove,2026-06-01,2026,6,fuel_used_gallons,5317,4109,2386,4109,4972,NA,NA,NA
A3319601226225003,331960,Elfin Cove,2026-06-01,2026,6,diesel_kwh_generated,69607,49743,29088,49743,65696,NA,NA,NA
A3319601226225003,331960,Elfin Cove,2026-06-01,2026,6,commercial_sold_to,52982,35358,19731,35358,38129,NA,NA,NA
A3313000217225003,331300,Elim,2016-08-01,2016,8,residential_customers,170,89,102,89,90,NA,NA,NA
A3313000320225003,331300,Elim,2019-09-01,2019,9,powerhouse_consumption_kwh,2278,1933,1896,2036,1482,NA,NA,NA
A3313000520225003,331300,Elim,2019-11-01,2019,11,powerhouse_consumption_kwh,2374,2140,1896,2208,1426,NA,NA,NA
A3313000620225003,331300,Elim,2019-12-01,2019,12,powerhouse_consumption_kwh,2276,2374,1896,2357,1558,NA,NA,NA
A3313000720225003,331300,Elim,2020-01-01,2020,1,powerhouse_consumption_kwh,2340,2276,1608,1808,1593,NA,NA,NA
A3313000621225003,331300,Elim,2020-12-01,2020,12,fuel_used_gallons,15854,8445,7628,8540,8322,NA,NA,NA
A3313000622225003,331300,Elim,2021-12-01,2021,12,fuel_used_gallons,14421,10188,8805,10029,8481,NA,NA,NA
A3313000526225003,331300,Elim,2025-11-01,2025,11,fuel_used_gallons,0,3517,4607,1758,8679,NA,NA,NA
A3313000626225003,331300,Elim,2025-12-01,2025,12,fuel_used_gallons,0,0,4607,0,10084,NA,NA,NA
A3313000726225003,331300,Elim,2026-01-01,2026,1,fuel_used_gallons,0,0,0,0,9581,NA,NA,NA
A3313000826225003,331300,Elim,2026-02-01,2026,2,fuel_used_gallons,0,0,0,0,8535,NA,NA,NA
A3313000926225003,331300,Elim,2026-03-01,2026,3,fuel_used_gallons,0,0,0,0,8325,NA,NA,NA
A3313001026225003,331300,Elim,2026-04-01,2026,4,fuel_used_gallons,0,0,0,0,7811,NA,NA,NA
A3313100116225003,331310,Emmonak,2015-07-01,2015,7,commercial_sold_to,191364,NA,121051,221463,121748,NA,NA,NA
A3313100216225003,331310,Emmonak,2015-08-01,2015,8,commercial_sold_to,221463,191364,121051,146842,108656,NA,NA,NA
A3313100117225003,331310,Emmonak,2016-07-01,2016,7,commercial_sold_to,230376,52120,84788,99416,117846,NA,NA,NA
A3313100119225003,331310,Emmonak,2018-07-01,2018,7,commercial_sold_to,206784,135459,92979,159350,120206,NA,NA,NA
A3313100219225003,331310,Emmonak,2018-08-01,2018,8,commercial_sold_to,183240,206784,92979,169760,112478,NA,NA,NA
A3313100120225003,331310,Emmonak,2019-07-01,2019,7,commercial_sold_to,191747,105511,91319,146320,121709,NA,NA,NA
A3313100220225003,331310,Emmonak,2019-08-01,2019,8,commercial_sold_to,187129,191747,91319,151508,112089,NA,NA,NA
A3313100526225003,331310,Emmonak,2025-11-01,2025,11,fuel_used_gallons,0,30815,26077,15408,32057,NA,NA,NA
A3313100626225003,331310,Emmonak,2025-12-01,2025,12,fuel_used_gallons,0,0,26077,0,34178,NA,NA,NA
A3313100726225003,331310,Emmonak,2026-01-01,2026,1,fuel_used_gallons,0,0,0,0,34838,NA,NA,NA
A3313100826225003,331310,Emmonak,2026-02-01,2026,2,fuel_used_gallons,0,0,0,0,30955,NA,NA,NA
A3313100926225003,331310,Emmonak,2026-03-01,2026,3,fuel_used_gallons,0,0,0,0,30977,NA,NA,NA
A3313101026225003,331310,Emmonak,2026-04-01,2026,4,fuel_used_gallons,0,0,0,0,29909,NA,NA,NA
A3319701016225003,331970,False Pass,2016-04-01,2016,4,unbilled_customers,72,0,12,36,1,NA,NA,NA
A3319701116225003,331970,False Pass,2016-05-01,2016,5,unbilled_customers,72,72,12,36,268,NA,NA,NA
A3319701216225003,331970,False Pass,2016-06-01,2016,6,peak_consumption_kw,4255,104,520,104,114,NA,NA,NA
A3319700319225003,331970,False Pass,2018-09-01,2018,9,powerhouse_consumption_kwh,7768,3808,3865,4194,2670,NA,NA,NA
A3319700819225003,331970,False Pass,2019-02-01,2019,2,peak_consumption_kw,195,142,177,166,114,NA,NA,NA
A3319700919225003,331970,False Pass,2019-03-01,2019,3,peak_consumption_kw,190,195,177,195,112,NA,NA,NA
A3319700320225003,331970,False Pass,2019-09-01,2019,9,peak_consumption_kw,198,175,177,180,108,NA,NA,NA
A3319700420225003,331970,False Pass,2019-10-01,2019,10,peak_consumption_kw,184,198,177,172,111,NA,NA,NA
A3319700620225003,331970,False Pass,2019-12-01,2019,12,peak_consumption_kw,190,145,177,164,110,NA,NA,NA
A3319700720225003,331970,False Pass,2020-01-01,2020,1,peak_consumption_kw,182,190,122,169,116,NA,NA,NA
A3319701120225003,331970,False Pass,2020-05-01,2020,5,unbilled_sold_to,12000,8000,7660,12000,2349,NA,NA,NA
A3319701220225003,331970,False Pass,2020-06-01,2020,6,unbilled_sold_to,16000,12000,7660,13810,2307,NA,NA,NA
A3319700121225003,331970,False Pass,2020-07-01,2020,7,unbilled_sold_to,15620,16000,7660,8150,2494,NA,NA,NA
A3319700725225003,331970,False Pass,2025-01-01,2025,1,com_facil_sold_to,14165,7784,9936,8466,6998,NA,NA,NA
A3319701125225003,331970,False Pass,2025-05-01,2025,5,unbilled_customers,2668,1,223,1,8,NA,NA,NA
A3319700826225003,331970,False Pass,2026-02-01,2026,2,com_facil_sold_to,14042,13804,15733,17094,6015,NA,NA,NA
A3319700926225003,331970,False Pass,2026-03-01,2026,3,com_facil_sold_to,20384,14042,15733,14578,6942,NA,NA,NA
A3319700926225003,331970,False Pass,2026-03-01,2026,3,govt_facil_sold_to,4723,3076,2986,2964,1966,NA,NA,NA
A3319701026225003,331970,False Pass,2026-04-01,2026,4,com_facil_sold_to,15113,20384,15733,17854,6410,NA,NA,NA
A3319701126225003,331970,False Pass,2026-05-01,2026,5,com_facil_sold_to,15323,15113,15733,15113,6120,NA,NA,NA
A3320200617225003,332020,Fort Yukon,2016-12-01,2016,12,fuel_used_gallons,66384,22713,25221,22713,23394,NA,NA,NA
A3320201022225003,332020,Fort Yukon,2022-04-01,2022,4,com_facil_customers,70,17,21,17,17,NA,NA,NA
A3319900517225003,331990,Galena,2016-11-01,2016,11,govt_facil_sold_to,139893,50592,50831,50970,34589,NA,NA,NA
A3319900917225003,331990,Galena,2017-03-01,2017,3,govt_facil_sold_to,87679,47517,39769,38392,37579,NA,NA,NA
A3319901123225003,331990,Galena,2023-05-01,2023,5,commercial_customers,354,136,147,134,122,NA,NA,NA
A3313200216225003,331320,Gambell,2015-08-01,2015,8,powerhouse_consumption_kwh,16874,4681,12362,14912,7805,NA,NA,NA
A3313200316225003,331320,Gambell,2015-09-01,2015,9,powerhouse_consumption_kwh,25142,16874,12362,17237,7314,NA,NA,NA
A3313200416225003,331320,Gambell,2015-10-01,2015,10,powerhouse_consumption_kwh,17600,25142,12362,15017,6962,NA,NA,NA
A3313200217225003,331320,Gambell,2016-08-01,2016,8,powerhouse_consumption_kwh,23329,5021,8083,12455,7160,NA,NA,NA
A3313200217225003,331320,Gambell,2016-08-01,2016,8,residential_customers,110,160,150,161,165,NA,NA,NA
A3313200317225003,331320,Gambell,2016-09-01,2016,9,powerhouse_consumption_kwh,19889,23329,8083,15522,7839,NA,NA,NA
A3313200417225003,331320,Gambell,2016-10-01,2016,10,residential_customers,110,162,150,136,165,NA,NA,NA
A3313200517225003,331320,Gambell,2016-11-01,2016,11,residential_customers,111,110,150,138,166,NA,NA,NA
A3313200717225003,331320,Gambell,2017-01-01,2017,1,residential_customers,109,165,156,137,166,NA,NA,NA
A3313200817225003,331320,Gambell,2017-02-01,2017,2,residential_customers,109,109,156,137,166,NA,NA,NA
A3313200618225003,331320,Gambell,2017-12-01,2017,12,powerhouse_consumption_kwh,13507,6734,6988,10286,5788,NA,NA,NA
A3313200718225003,331320,Gambell,2018-01-01,2018,1,powerhouse_consumption_kwh,13837,13507,8903,11976,5926,NA,NA,NA
A3313200319225003,331320,Gambell,2018-09-01,2018,9,powerhouse_consumption_kwh,12385,8696,8903,10983,8590,NA,NA,NA
A3313200419225003,331320,Gambell,2018-10-01,2018,10,powerhouse_consumption_kwh,13270,12385,8903,9190,7395,NA,NA,NA
A3313200820225003,331320,Gambell,2020-02-01,2020,2,powerhouse_consumption_kwh,12581,5625,6324,7253,5131,NA,NA,NA
A3313200522225003,331320,Gambell,2021-11-01,2021,11,powerhouse_consumption_kwh,11783,6017,6093,9117,5521,NA,NA,NA
A3313200622225003,331320,Gambell,2021-12-01,2021,12,powerhouse_consumption_kwh,12217,11783,6093,8838,5932,NA,NA,NA
A3313200726225003,331320,Gambell,2026-01-01,2026,1,commercial_sold_to,50264,42593,47612,44855,22760,NA,NA,NA
A3313200826225003,331320,Gambell,2026-02-01,2026,2,commercial_sold_to,47117,50264,47612,49752,18597,NA,NA,NA
A3313200926225003,331320,Gambell,2026-03-01,2026,3,commercial_sold_to,49241,47117,47612,45472,19332,NA,NA,NA
A3313201026225003,331320,Gambell,2026-04-01,2026,4,commercial_sold_to,43828,49241,47612,49241,19012,NA,NA,NA
A3320001217225003,332000,Golovin,2017-06-01,2017,6,unbilled_sold_to,5557,1677,3527,3453,1267,NA,NA,NA
A3320000118225003,332000,Golovin,2017-07-01,2017,7,unbilled_sold_to,5229,5557,3527,5730,914,NA,NA,NA
A3320000218225003,332000,Golovin,2017-08-01,2017,8,unbilled_sold_to,5904,5229,3527,3829,1312,NA,NA,NA
A3320000619225003,332000,Golovin,2018-12-01,2018,12,fuel_used_gallons,11066,6629,6760,6812,6756,NA,NA,NA
A3320001119225003,332000,Golovin,2019-05-01,2019,5,powerhouse_consumption_kwh,5267,2486,3407,5320,3351,NA,NA,NA
A3320001219225003,332000,Golovin,2019-06-01,2019,6,powerhouse_consumption_kwh,8155,5267,3407,4052,2773,NA,NA,NA
A3320001020225003,332000,Golovin,2020-04-01,2020,4,com_facil_sold_to,24474,10779,12956,10670,11579,NA,NA,NA
A3320001120225003,332000,Golovin,2020-05-01,2020,5,powerhouse_consumption_kwh,5105,2353,2888,2516,3374,NA,NA,NA
A3320001021225003,332000,Golovin,2021-04-01,2021,4,powerhouse_consumption_kwh,6523,4224,3306,3451,3350,NA,NA,NA
A3320001221225003,332000,Golovin,2021-06-01,2021,6,fuel_used_gallons,12994,5365,9533,9668,5504,NA,NA,NA
A3320000122225003,332000,Golovin,2021-07-01,2021,7,fuel_used_gallons,13971,12994,9533,15927,5978,NA,NA,NA
A3320000222225003,332000,Golovin,2021-08-01,2021,8,fuel_used_gallons,18860,13971,9533,12646,6404,NA,NA,NA
A3320000322225003,332000,Golovin,2021-09-01,2021,9,fuel_used_gallons,11320,18860,9533,14944,6621,NA,NA,NA
A3320000322225003,332000,Golovin,2021-09-01,2021,9,powerhouse_consumption_kwh,5519,2827,3306,2742,2987,NA,NA,NA
A3320000722225003,332000,Golovin,2022-01-01,2022,1,govt_facil_sold_to,6436,3897,1742,2736,2834,NA,NA,NA
A3320000922225003,332000,Golovin,2022-03-01,2022,3,powerhouse_consumption_kwh,4756,2271,2918,2424,3213,NA,NA,NA
A3320001122225003,332000,Golovin,2022-05-01,2022,5,powerhouse_consumption_kwh,5163,2576,2918,2598,3365,NA,NA,NA
A3320000823225003,332000,Golovin,2023-02-01,2023,2,fuel_used_gallons,16015,6606,7420,6124,6805,NA,NA,NA
A3320000923225003,332000,Golovin,2023-03-01,2023,3,residential_sold_to,43260,23255,23399,24085,24195,NA,NA,NA
A3320000324225003,332000,Golovin,2023-09-01,2023,9,fuel_used_gallons,13153,5717,7420,5717,6418,NA,NA,NA
A3320000624225003,332000,Golovin,2023-12-01,2023,12,powerhouse_consumption_kwh,5289,2644,2849,2740,2944,NA,NA,NA
A3320000425225003,332000,Golovin,2024-10-01,2024,10,fuel_used_gallons,12352,6070,6902,6442,6400,NA,NA,NA
A3320000426225003,332000,Golovin,2025-10-01,2025,10,powerhouse_consumption_kwh,4642,4314,3420,4363,2543,NA,NA,NA
A3320000526225003,332000,Golovin,2025-11-01,2025,11,powerhouse_consumption_kwh,4412,4642,3420,4795,2683,NA,NA,NA
A3320000626225003,332000,Golovin,2025-12-01,2025,12,powerhouse_consumption_kwh,4948,4412,3420,4531,2993,NA,NA,NA
A3320000726225003,332000,Golovin,2026-01-01,2026,1,powerhouse_consumption_kwh,4650,4948,4618,3826,2506,NA,NA,NA
A3320000926225003,332000,Golovin,2026-03-01,2026,3,powerhouse_consumption_kwh,5842,2703,4618,5677,3058,NA,NA,NA
A3320001026225003,332000,Golovin,2026-04-01,2026,4,powerhouse_consumption_kwh,8651,5842,4618,4388,3046,NA,NA,NA
A3313300516225003,331330,Goodnews Bay,2015-11-01,2015,11,commercial_sold_to,8550,8327,7930,8586,4442,NA,NA,NA
A3313300616225003,331330,Goodnews Bay,2015-12-01,2015,12,commercial_sold_to,8844,8550,7930,9203,4646,NA,NA,NA
A3313300716225003,331330,Goodnews Bay,2016-01-01,2016,1,commercial_sold_to,9856,8844,4965,6755,4930,NA,NA,NA
A3313300217225003,331330,Goodnews Bay,2016-08-01,2016,8,residential_customers,135,74,91,75,78,NA,NA,NA
A3313300417225003,331330,Goodnews Bay,2016-10-01,2016,10,residential_customers,139,76,91,107,78,NA,NA,NA
A3313300517225003,331330,Goodnews Bay,2016-11-01,2016,11,residential_customers,138,139,91,108,78,NA,NA,NA
A3313300717225003,331330,Goodnews Bay,2017-01-01,2017,1,residential_customers,139,76,88,107,78,NA,NA,NA
A3313300817225003,331330,Goodnews Bay,2017-02-01,2017,2,residential_customers,138,139,88,108,78,NA,NA,NA
A3313300921225003,331330,Goodnews Bay,2021-03-01,2021,3,powerhouse_consumption_kwh,3874,2273,2004,2627,1189,NA,NA,NA
A3313301021225003,331330,Goodnews Bay,2021-04-01,2021,4,powerhouse_consumption_kwh,2981,3874,2004,2633,1424,NA,NA,NA
A3313300623225003,331330,Goodnews Bay,2022-12-01,2022,12,fuel_used_gallons,14511,4902,5601,5443,4614,NA,NA,NA
A3313300526225003,331330,Goodnews Bay,2025-11-01,2025,11,commercial_sold_to,11430,2500,4325,7064,4154,NA,NA,NA
A3313300626225003,331330,Goodnews Bay,2025-12-01,2025,12,commercial_sold_to,11627,11430,4325,12300,4368,NA,NA,NA
A3313300726225003,331330,Goodnews Bay,2026-01-01,2026,1,commercial_sold_to,13169,11627,12717,11571,4599,NA,NA,NA
A3313300826225003,331330,Goodnews Bay,2026-02-01,2026,2,commercial_sold_to,11515,13169,12717,13544,3915,NA,NA,NA
A3313300926225003,331330,Goodnews Bay,2026-03-01,2026,3,commercial_sold_to,13920,11515,12717,11890,4194,NA,NA,NA
A3313301026225003,331330,Goodnews Bay,2026-04-01,2026,4,commercial_sold_to,12264,13920,12717,13920,4160,NA,NA,NA
A3313400116225003,331340,Grayling,2015-07-01,2015,7,commercial_sold_to,8253,NA,8209,8428,3356,NA,NA,NA
A3313400216225003,331340,Grayling,2015-08-01,2015,8,commercial_sold_to,8428,8253,8209,8122,3074,NA,NA,NA
A3313400316225003,331340,Grayling,2015-09-01,2015,9,commercial_sold_to,7991,8428,8209,7974,2834,NA,NA,NA
A3313400416225003,331340,Grayling,2015-10-01,2015,10,commercial_sold_to,7520,7991,8209,7872,2834,NA,NA,NA
A3313400516225003,331340,Grayling,2015-11-01,2015,11,commercial_sold_to,7752,7520,8209,8415,3417,NA,NA,NA
A3313400616225003,331340,Grayling,2015-12-01,2015,12,commercial_sold_to,9310,7752,8209,8344,3533,NA,NA,NA
A3313400716225003,331340,Grayling,2016-01-01,2016,1,commercial_sold_to,8935,9310,3782,6154,3678,NA,NA,NA
A3313400619225003,331340,Grayling,2018-12-01,2018,12,fuel_used_gallons,7423,4556,4240,4416,4812,NA,NA,NA
A3313400623225003,331340,Grayling,2022-12-01,2022,12,fuel_used_gallons,7060,4201,4277,4516,4848,NA,NA,NA
A3313400124225003,331340,Grayling,2023-07-01,2023,7,fuel_used_gallons,7060,NA,4639,3701,3450,NA,NA,NA
A3313400624225003,331340,Grayling,2023-12-01,2023,12,powerhouse_consumption_kwh,6169,5458,3291,6558,2701,NA,NA,NA
A3313400724225003,331340,Grayling,2024-01-01,2024,1,powerhouse_consumption_kwh,7658,6169,6547,5147,2596,NA,NA,NA
A3313400924225003,331340,Grayling,2024-03-01,2024,3,powerhouse_consumption_kwh,7703,4125,6547,6054,2298,NA,NA,NA
A3313401024225003,331340,Grayling,2024-04-01,2024,4,powerhouse_consumption_kwh,7983,7703,6547,6938,1907,NA,NA,NA
A3313401124225003,331340,Grayling,2024-05-01,2024,5,powerhouse_consumption_kwh,6173,7983,6547,6298,2156,NA,NA,NA
A3313400325225003,331340,Grayling,2024-09-01,2024,9,powerhouse_consumption_kwh,5866,4822,6547,6105,2413,NA,NA,NA
A3313400425225003,331340,Grayling,2024-10-01,2024,10,powerhouse_consumption_kwh,7388,5866,6547,7508,2620,NA,NA,NA
A3313400525225003,331340,Grayling,2024-11-01,2024,11,powerhouse_consumption_kwh,9150,7388,6547,8622,2295,NA,NA,NA
A3313400625225003,331340,Grayling,2024-12-01,2024,12,powerhouse_consumption_kwh,9857,9150,6547,9522,2291,NA,NA,NA
A3313400725225003,331340,Grayling,2025-01-01,2025,1,powerhouse_consumption_kwh,9893,9857,4335,9522,2348,NA,NA,NA
A3313400825225003,331340,Grayling,2025-02-01,2025,2,powerhouse_consumption_kwh,9188,9893,4335,8112,1776,NA,NA,NA
A3313400925225003,331340,Grayling,2025-03-01,2025,3,powerhouse_consumption_kwh,6330,9188,4335,6538,2451,NA,NA,NA
A3313400526225003,331340,Grayling,2025-11-01,2025,11,fuel_used_gallons,0,3768,3444,1884,4374,NA,NA,NA
A3313400526225003,331340,Grayling,2025-11-01,2025,11,commercial_sold_to,8585,2494,3339,5555,3334,NA,NA,NA
A3313400626225003,331340,Grayling,2025-12-01,2025,12,fuel_used_gallons,0,0,3444,0,5554,NA,NA,NA
A3313400626225003,331340,Grayling,2025-12-01,2025,12,commercial_sold_to,8616,8585,3339,9244,3602,NA,NA,NA
A3313400726225003,331340,Grayling,2026-01-01,2026,1,fuel_used_gallons,0,0,0,0,4779,NA,NA,NA
A3313400726225003,331340,Grayling,2026-01-01,2026,1,commercial_sold_to,9902,8616,9968,9150,3582,NA,NA,NA
A3313400826225003,331340,Grayling,2026-02-01,2026,2,fuel_used_gallons,0,0,0,0,4264,NA,NA,NA
A3313400826225003,331340,Grayling,2026-02-01,2026,2,commercial_sold_to,9684,9902,9968,10360,2683,NA,NA,NA
A3313400926225003,331340,Grayling,2026-03-01,2026,3,fuel_used_gallons,0,0,0,0,4388,NA,NA,NA
A3313400926225003,331340,Grayling,2026-03-01,2026,3,commercial_sold_to,10817,9684,9968,9576,2857,NA,NA,NA
A3313401026225003,331340,Grayling,2026-04-01,2026,4,fuel_used_gallons,0,0,0,0,4153,NA,NA,NA
A3313401026225003,331340,Grayling,2026-04-01,2026,4,commercial_sold_to,9467,10817,9968,10817,2863,NA,NA,NA
A3320100919225003,332010,Gustavus,2019-03-01,2019,3,fuel_used_gallons,6235,1526,1450,763,4212,NA,NA,NA
A3320100821225003,332010,Gustavus,2021-02-01,2021,2,fuel_used_gallons,8936,38,3128,3074,2717,NA,NA,NA
A3320100821225003,332010,Gustavus,2021-02-01,2021,2,diesel_kwh_generated,130569,356,48506,44009,41554,NA,NA,NA
A3320100921225003,332010,Gustavus,2021-03-01,2021,3,fuel_used_gallons,6109,8936,3128,8838,4225,NA,NA,NA
A3320101021225003,332010,Gustavus,2021-04-01,2021,4,fuel_used_gallons,8740,6109,3128,3709,2377,NA,NA,NA
A3320101021225003,332010,Gustavus,2021-04-01,2021,4,diesel_kwh_generated,126440,87662,48506,53391,36783,NA,NA,NA
A3320100722225003,332010,Gustavus,2022-01-01,2022,1,fuel_used_gallons,5422,2993,1209,2620,3543,NA,NA,NA
A3320100323225003,332010,Gustavus,2022-09-01,2022,9,peak_consumption_kw,2473,851,1209,1654,922,NA,NA,NA
A3320100423225003,332010,Gustavus,2022-10-01,2022,10,peak_consumption_kw,2458,2473,1209,2466,865,NA,NA,NA
A3320100523225003,332010,Gustavus,2022-11-01,2022,11,peak_consumption_kw,2458,2458,1209,2458,807,NA,NA,NA
A3320100623225003,332010,Gustavus,2022-12-01,2022,12,peak_consumption_kw,2458,2458,1209,2458,659,NA,NA,NA
A3320100723225003,332010,Gustavus,2023-01-01,2023,1,fuel_used_gallons,5981,2471,2483,1250,3487,NA,NA,NA
A3320100723225003,332010,Gustavus,2023-01-01,2023,1,peak_consumption_kw,2458,2458,2452,2395,664,NA,NA,NA
A3320100723225003,332010,Gustavus,2023-01-01,2023,1,govt_facil_sold_to,78006,23102,80863,47880,51166,NA,NA,NA
A3320100823225003,332010,Gustavus,2023-02-01,2023,2,peak_consumption_kw,2332,2458,2452,2444,652,NA,NA,NA
A3320100823225003,332010,Gustavus,2023-02-01,2023,2,govt_facil_sold_to,72657,78006,80863,74086,53439,NA,NA,NA
A3320100923225003,332010,Gustavus,2023-03-01,2023,3,fuel_used_gallons,5486,28,2483,1564,4287,NA,NA,NA
A3320100923225003,332010,Gustavus,2023-03-01,2023,3,peak_consumption_kw,2430,2332,2452,2366,657,NA,NA,NA
A3320100923225003,332010,Gustavus,2023-03-01,2023,3,govt_facil_sold_to,70166,72657,80863,72162,49548,NA,NA,NA
A3320101023225003,332010,Gustavus,2023-04-01,2023,4,peak_consumption_kw,2400,2430,2452,2442,612,NA,NA,NA
A3320101023225003,332010,Gustavus,2023-04-01,2023,4,govt_facil_sold_to,71666,70166,80863,74492,48392,NA,NA,NA
A3320101123225003,332010,Gustavus,2023-05-01,2023,5,peak_consumption_kw,2455,2400,2452,2429,638,NA,NA,NA
A3320101123225003,332010,Gustavus,2023-05-01,2023,5,govt_facil_sold_to,78817,71666,80863,76628,43937,NA,NA,NA
A3320101223225003,332010,Gustavus,2023-06-01,2023,6,peak_consumption_kw,2458,2455,2452,2470,652,NA,NA,NA
A3320101223225003,332010,Gustavus,2023-06-01,2023,6,govt_facil_sold_to,81591,78817,80863,73060,31546,NA,NA,NA
A3320100124225003,332010,Gustavus,2023-07-01,2023,7,fuel_used_gallons,9199,1278,2483,1268,949,NA,NA,NA
A3320100124225003,332010,Gustavus,2023-07-01,2023,7,peak_consumption_kw,2485,2458,2452,2472,733,NA,NA,NA
A3320100124225003,332010,Gustavus,2023-07-01,2023,7,govt_facil_sold_to,67302,81591,80863,83306,29205,NA,NA,NA
A3320100224225003,332010,Gustavus,2023-08-01,2023,8,peak_consumption_kw,2485,2485,2452,2485,732,NA,NA,NA
A3320100224225003,332010,Gustavus,2023-08-01,2023,8,govt_facil_sold_to,85022,67302,80863,76452,31032,NA,NA,NA
A3320100324225003,332010,Gustavus,2023-09-01,2023,9,peak_consumption_kw,2485,2485,2452,2485,920,NA,NA,NA
A3320100324225003,332010,Gustavus,2023-09-01,2023,9,govt_facil_sold_to,85602,85022,80863,73477,32310,NA,NA,NA
A3320100424225003,332010,Gustavus,2023-10-01,2023,10,peak_consumption_kw,2485,2485,2452,2480,862,NA,NA,NA
A3320100524225003,332010,Gustavus,2023-11-01,2023,11,peak_consumption_kw,2475,2485,2452,2479,806,NA,NA,NA
A3320100524225003,332010,Gustavus,2023-11-01,2023,11,govt_facil_sold_to,95255,61932,80863,92138,36045,NA,NA,NA
A3320100624225003,332010,Gustavus,2023-12-01,2023,12,peak_consumption_kw,2473,2475,2452,2474,657,NA,NA,NA
A3320100624225003,332010,Gustavus,2023-12-01,2023,12,govt_facil_sold_to,122345,95255,80863,112732,38525,NA,NA,NA
A3320100724225003,332010,Gustavus,2024-01-01,2024,1,peak_consumption_kw,2473,2473,2331,2473,663,NA,NA,NA
A3320100724225003,332010,Gustavus,2024-01-01,2024,1,govt_facil_sold_to,130208,122345,102367,122704,45945,NA,NA,NA
A3320100824225003,332010,Gustavus,2024-02-01,2024,2,peak_consumption_kw,2473,2473,2331,2476,638,NA,NA,NA
A3320100824225003,332010,Gustavus,2024-02-01,2024,2,govt_facil_sold_to,123064,130208,102367,125812,48398,NA,NA,NA
A3320100924225003,332010,Gustavus,2024-03-01,2024,3,fuel_used_gallons,6127,4733,1973,2375,4223,NA,NA,NA
A3320100924225003,332010,Gustavus,2024-03-01,2024,3,peak_consumption_kw,2480,2473,2331,2476,652,NA,NA,NA
A3320100924225003,332010,Gustavus,2024-03-01,2024,3,govt_facil_sold_to,121417,123064,102367,115596,44422,NA,NA,NA
A3320101024225003,332010,Gustavus,2024-04-01,2024,4,peak_consumption_kw,2480,2480,2331,2480,604,NA,NA,NA
A3320101024225003,332010,Gustavus,2024-04-01,2024,4,govt_facil_sold_to,108127,121417,102367,106373,44746,NA,NA,NA
A3320101124225003,332010,Gustavus,2024-05-01,2024,5,peak_consumption_kw,2480,2480,2331,2480,635,NA,NA,NA
A3320101124225003,332010,Gustavus,2024-05-01,2024,5,govt_facil_sold_to,91329,108127,102367,100058,42686,NA,NA,NA
A3320101224225003,332010,Gustavus,2024-06-01,2024,6,peak_consumption_kw,2480,2480,2331,2480,649,NA,NA,NA
A3320101224225003,332010,Gustavus,2024-06-01,2024,6,govt_facil_sold_to,91988,91329,102367,90400,30391,NA,NA,NA
A3320100125225003,332010,Gustavus,2024-07-01,2024,7,peak_consumption_kw,2480,2480,2331,2480,733,NA,NA,NA
A3320100125225003,332010,Gustavus,2024-07-01,2024,7,govt_facil_sold_to,89472,91988,102367,91352,26742,NA,NA,NA
A3320100225225003,332010,Gustavus,2024-08-01,2024,8,peak_consumption_kw,2480,2480,2331,2480,733,NA,NA,NA
A3320100225225003,332010,Gustavus,2024-08-01,2024,8,govt_facil_sold_to,90717,89472,102367,89450,30399,NA,NA,NA
A3320100325225003,332010,Gustavus,2024-09-01,2024,9,peak_consumption_kw,2480,2480,2331,2480,921,NA,NA,NA
A3320100325225003,332010,Gustavus,2024-09-01,2024,9,govt_facil_sold_to,89428,90717,102367,83910,31885,NA,NA,NA
A3320100425225003,332010,Gustavus,2024-10-01,2024,10,peak_consumption_kw,2480,2480,2331,2480,863,NA,NA,NA
A3320100425225003,332010,Gustavus,2024-10-01,2024,10,govt_facil_sold_to,77103,89428,102367,101593,28384,NA,NA,NA
A3320100525225003,332010,Gustavus,2024-11-01,2024,11,total_kwh_purchased,240778,0,42231,132999,30014,NA,NA,NA
A3320100525225003,332010,Gustavus,2024-11-01,2024,11,peak_consumption_kw,2480,2480,2331,1596,805,NA,NA,NA
A3320100525225003,332010,Gustavus,2024-11-01,2024,11,govt_facil_sold_to,113758,77103,102367,89446,34195,NA,NA,NA
A3320100625225003,332010,Gustavus,2024-12-01,2024,12,total_kwh_purchased,265998,240778,42231,278404,33080,NA,NA,NA
A3320100625225003,332010,Gustavus,2024-12-01,2024,12,govt_facil_sold_to,101788,113758,102367,111650,40581,NA,NA,NA
A3320100725225003,332010,Gustavus,2025-01-01,2025,1,total_kwh_purchased,316029,265998,293608,249780,14690,NA,NA,NA
A3320100725225003,332010,Gustavus,2025-01-01,2025,1,govt_facil_sold_to,109541,101788,106388,112021,48012,NA,NA,NA
A3320100825225003,332010,Gustavus,2025-02-01,2025,2,fuel_used_gallons,9338,1113,3113,2447,2677,NA,NA,NA
A3320100825225003,332010,Gustavus,2025-02-01,2025,2,diesel_kwh_generated,134466,15141,44526,34344,41121,NA,NA,NA
A3320100825225003,332010,Gustavus,2025-02-01,2025,2,total_kwh_purchased,233561,316029,293608,285735,32931,NA,NA,NA
A3320100825225003,332010,Gustavus,2025-02-01,2025,2,com_facil_sold_to,5791,3941,4596,3989,3711,NA,NA,NA
A3320100825225003,332010,Gustavus,2025-02-01,2025,2,govt_facil_sold_to,122254,109541,106388,116197,48479,NA,NA,NA
A3320100925225003,332010,Gustavus,2025-03-01,2025,3,total_kwh_purchased,255441,233561,293608,263909,21186,NA,NA,NA
A3320100925225003,332010,Gustavus,2025-03-01,2025,3,govt_facil_sold_to,122853,122254,106388,122458,44279,NA,NA,NA
A3320101025225003,332010,Gustavus,2025-04-01,2025,4,total_kwh_purchased,294257,255441,293608,293439,21012,NA,NA,NA
A3320101025225003,332010,Gustavus,2025-04-01,2025,4,govt_facil_sold_to,122661,122853,106388,118322,43292,NA,NA,NA
A3320101125225003,332010,Gustavus,2025-05-01,2025,5,total_kwh_purchased,331437,294257,293608,246888,33049,NA,NA,NA
A3320101125225003,332010,Gustavus,2025-05-01,2025,5,govt_facil_sold_to,113790,122661,106388,115252,40440,NA,NA,NA
A3320101225225003,332010,Gustavus,2025-06-01,2025,6,fuel_used_gallons,11436,30,3113,363,934,NA,NA,NA
A3320101225225003,332010,Gustavus,2025-06-01,2025,6,diesel_kwh_generated,171173,365,44526,4830,20159,NA,NA,NA
A3320101225225003,332010,Gustavus,2025-06-01,2025,6,total_kwh_purchased,199520,331437,293608,338337,0,NA,NA,NA
A3320101225225003,332010,Gustavus,2025-06-01,2025,6,govt_facil_sold_to,107843,113790,106388,104956,28630,NA,NA,NA
A3320100126225003,332010,Gustavus,2025-07-01,2025,7,total_kwh_purchased,345237,199520,293608,279265,0,NA,NA,NA
A3320100126225003,332010,Gustavus,2025-07-01,2025,7,govt_facil_sold_to,96122,107843,106388,105108,26003,NA,NA,NA
A3320100226225003,332010,Gustavus,2025-08-01,2025,8,total_kwh_purchased,359010,345237,293608,313952,0,NA,NA,NA
A3320100226225003,332010,Gustavus,2025-08-01,2025,8,govt_facil_sold_to,102372,96122,106388,94866,29104,NA,NA,NA
A3320100326225003,332010,Gustavus,2025-09-01,2025,9,total_kwh_purchased,282666,359010,293608,317104,0,NA,NA,NA
A3320100326225003,332010,Gustavus,2025-09-01,2025,9,govt_facil_sold_to,93610,102372,106388,91378,31421,NA,NA,NA
A3320100426225003,332010,Gustavus,2025-10-01,2025,10,total_kwh_purchased,275197,282666,293608,291402,0,NA,NA,NA
A3320100426225003,332010,Gustavus,2025-10-01,2025,10,govt_facil_sold_to,80383,93610,106388,91996,28020,NA,NA,NA
A3320100526225003,332010,Gustavus,2025-11-01,2025,11,total_kwh_purchased,300139,275197,293608,303001,24078,NA,NA,NA
A3320100526225003,332010,Gustavus,2025-11-01,2025,11,govt_facil_sold_to,90382,80383,106388,97612,36532,NA,NA,NA
A3320100626225003,332010,Gustavus,2025-12-01,2025,12,total_kwh_purchased,330805,300139,293608,223520,26600,NA,NA,NA
A3320100626225003,332010,Gustavus,2025-12-01,2025,12,com_facil_sold_to,6262,4791,4596,5368,3405,NA,NA,NA
A3320100626225003,332010,Gustavus,2025-12-01,2025,12,govt_facil_sold_to,114840,90382,106388,104868,39276,NA,NA,NA
A3320100726225003,332010,Gustavus,2026-01-01,2026,1,fuel_used_gallons,16581,3390,7627,3044,2427,NA,NA,NA
A3320100726225003,332010,Gustavus,2026-01-01,2026,1,diesel_kwh_generated,248363,46267,111777,40813,35406,NA,NA,NA
A3320100726225003,332010,Gustavus,2026-01-01,2026,1,total_kwh_purchased,146900,330805,245735,330058,31603,NA,NA,NA
A3320100726225003,332010,Gustavus,2026-01-01,2026,1,com_facil_sold_to,5945,6262,5364,5934,3481,NA,NA,NA
A3320100726225003,332010,Gustavus,2026-01-01,2026,1,govt_facil_sold_to,119354,114840,124304,123868,47031,NA,NA,NA
A3320100826225003,332010,Gustavus,2026-02-01,2026,2,total_kwh_purchased,329310,146900,245735,179380,23356,NA,NA,NA
A3320100826225003,332010,Gustavus,2026-02-01,2026,2,govt_facil_sold_to,132895,119354,124304,118434,47415,NA,NA,NA
A3320100926225003,332010,Gustavus,2026-03-01,2026,3,fuel_used_gallons,9428,2699,7627,6058,3893,NA,NA,NA
A3320100926225003,332010,Gustavus,2026-03-01,2026,3,diesel_kwh_generated,136440,35359,111777,86853,59578,NA,NA,NA
A3320100926225003,332010,Gustavus,2026-03-01,2026,3,total_kwh_purchased,211860,329310,245735,269714,25544,NA,NA,NA
A3320100926225003,332010,Gustavus,2026-03-01,2026,3,govt_facil_sold_to,117514,132895,124304,130974,44813,NA,NA,NA
A3320101026225003,332010,Gustavus,2026-04-01,2026,4,fuel_used_gallons,9416,9428,7627,4720,2309,NA,NA,NA
A3320101026225003,332010,Gustavus,2026-04-01,2026,4,diesel_kwh_generated,138347,136440,111777,68408,35460,NA,NA,NA
A3320101026225003,332010,Gustavus,2026-04-01,2026,4,total_kwh_purchased,210117,211860,245735,271174,29426,NA,NA,NA
A3320101026225003,332010,Gustavus,2026-04-01,2026,4,govt_facil_sold_to,129052,117514,124304,120110,42653,NA,NA,NA
A3320101126225003,332010,Gustavus,2026-05-01,2026,5,total_kwh_purchased,330489,210117,245735,210117,33144,NA,NA,NA
A3320101126225003,332010,Gustavus,2026-05-01,2026,5,govt_facil_sold_to,122707,129052,124304,129052,39548,NA,NA,NA
A3311200618225003,331120,"Haines, Covenant Life",2017-12-01,2017,12,fuel_used_gallons,10133,677,1826,6115,4927,NA,NA,NA
A3311200618225003,331120,"Haines, Covenant Life",2017-12-01,2017,12,diesel_kwh_generated,128942,9000,23120,82575,67833,NA,NA,NA
A3311200718225003,331120,"Haines, Covenant Life",2018-01-01,2018,1,fuel_used_gallons,11553,10133,9080,13670,10359,NA,NA,NA
A3311200718225003,331120,"Haines, Covenant Life",2018-01-01,2018,1,diesel_kwh_generated,156150,128942,146111,176509,158106,NA,NA,NA
A3311200818225003,331120,"Haines, Covenant Life",2018-02-01,2018,2,fuel_used_gallons,17208,11553,9080,12957,4336,NA,NA,NA
A3311200818225003,331120,"Haines, Covenant Life",2018-02-01,2018,2,diesel_kwh_generated,224076,156150,146111,171737,60282,NA,NA,NA
A3311200918225003,331120,"Haines, Covenant Life",2018-03-01,2018,3,fuel_used_gallons,14361,17208,9080,16148,2546,NA,NA,NA
A3311200918225003,331120,"Haines, Covenant Life",2018-03-01,2018,3,diesel_kwh_generated,187324,224076,146111,213958,34580,NA,NA,NA
A3311201018225003,331120,"Haines, Covenant Life",2018-04-01,2018,4,fuel_used_gallons,15088,14361,9080,27074,4739,NA,NA,NA
A3311201018225003,331120,"Haines, Covenant Life",2018-04-01,2018,4,diesel_kwh_generated,203840,187324,146111,372746,68306,NA,NA,NA
A3311201118225003,331120,"Haines, Covenant Life",2018-05-01,2018,5,fuel_used_gallons,39788,15088,9080,7544,4557,NA,NA,NA
A3311201118225003,331120,"Haines, Covenant Life",2018-05-01,2018,5,diesel_kwh_generated,558168,203840,146111,203840,80416,NA,NA,NA
A3311200119225003,331120,"Haines, Covenant Life",2018-07-01,2018,7,fuel_used_gallons,7959,0,9080,178,753,NA,NA,NA
A3311200119225003,331120,"Haines, Covenant Life",2018-07-01,2018,7,diesel_kwh_generated,92900,NA,146111,5613,8910,NA,NA,NA
A3311200520225003,331120,"Haines, Covenant Life",2019-11-01,2019,11,fuel_used_gallons,8367,2099,1484,1354,1179,NA,NA,NA
A3311200520225003,331120,"Haines, Covenant Life",2019-11-01,2019,11,diesel_kwh_generated,113104,28900,19569,16814,17059,NA,NA,NA
A3311200621225003,331120,"Haines, Covenant Life",2020-12-01,2020,12,fuel_used_gallons,22909,2598,2740,14942,3650,NA,NA,NA
A3311200621225003,331120,"Haines, Covenant Life",2020-12-01,2020,12,diesel_kwh_generated,323180,35776,37343,205142,48409,NA,NA,NA
A3311200721225003,331120,"Haines, Covenant Life",2021-01-01,2021,1,fuel_used_gallons,27285,22909,10907,22069,8786,NA,NA,NA
A3311200721225003,331120,"Haines, Covenant Life",2021-01-01,2021,1,diesel_kwh_generated,374509,323180,152986,311608,133843,NA,NA,NA
A3311200821225003,331120,"Haines, Covenant Life",2021-02-01,2021,2,fuel_used_gallons,21229,27285,10907,22648,3933,NA,NA,NA
A3311200821225003,331120,"Haines, Covenant Life",2021-02-01,2021,2,diesel_kwh_generated,300037,374509,152986,312434,52686,NA,NA,NA
A3311200921225003,331120,"Haines, Covenant Life",2021-03-01,2021,3,fuel_used_gallons,18012,21229,10907,23033,2180,NA,NA,NA
A3311200921225003,331120,"Haines, Covenant Life",2021-03-01,2021,3,diesel_kwh_generated,250360,300037,152986,329897,28276,NA,NA,NA
A3311201021225003,331120,"Haines, Covenant Life",2021-04-01,2021,4,fuel_used_gallons,24837,18012,10907,13316,3764,NA,NA,NA
A3311201021225003,331120,"Haines, Covenant Life",2021-04-01,2021,4,diesel_kwh_generated,359757,250360,152986,187440,52715,NA,NA,NA
A3311201121225003,331120,"Haines, Covenant Life",2021-05-01,2021,5,fuel_used_gallons,8619,24837,10907,12454,7674,NA,NA,NA
A3311201121225003,331120,"Haines, Covenant Life",2021-05-01,2021,5,diesel_kwh_generated,124521,359757,152986,180587,134622,NA,NA,NA
A3311200622225003,331120,"Haines, Covenant Life",2021-12-01,2021,12,fuel_used_gallons,16668,577,10907,28050,4274,NA,NA,NA
A3311200622225003,331120,"Haines, Covenant Life",2021-12-01,2021,12,diesel_kwh_generated,230977,5304,152986,389575,57629,NA,NA,NA
A3311200722225003,331120,"Haines, Covenant Life",2022-01-01,2022,1,fuel_used_gallons,55522,16668,8820,15689,5962,NA,NA,NA
A3311200722225003,331120,"Haines, Covenant Life",2022-01-01,2022,1,diesel_kwh_generated,773846,230977,134323,216390,89473,NA,NA,NA
A3311200822225003,331120,"Haines, Covenant Life",2022-02-01,2022,2,fuel_used_gallons,14710,55522,8820,28018,4585,NA,NA,NA
A3311200822225003,331120,"Haines, Covenant Life",2022-02-01,2022,2,diesel_kwh_generated,201804,773846,134323,391231,62509,NA,NA,NA
A3311201022225003,331120,"Haines, Covenant Life",2022-04-01,2022,4,fuel_used_gallons,8896,515,8820,11167,5358,NA,NA,NA
A3311201022225003,331120,"Haines, Covenant Life",2022-04-01,2022,4,diesel_kwh_generated,124862,8616,134323,160722,76204,NA,NA,NA
A3311201122225003,331120,"Haines, Covenant Life",2022-05-01,2022,5,fuel_used_gallons,21819,8896,8820,4693,6354,NA,NA,NA
A3311201122225003,331120,"Haines, Covenant Life",2022-05-01,2022,5,diesel_kwh_generated,312828,124862,134323,65507,111083,NA,NA,NA
A3311200723225003,331120,"Haines, Covenant Life",2023-01-01,2023,1,fuel_used_gallons,11318,1479,3117,931,10382,NA,NA,NA
A3311200723225003,331120,"Haines, Covenant Life",2023-01-01,2023,1,diesel_kwh_generated,153452,22157,46071,14035,158405,NA,NA,NA
A3311201123225003,331120,"Haines, Covenant Life",2023-05-01,2023,5,fuel_used_gallons,11758,607,3117,1007,7360,NA,NA,NA
A3311201123225003,331120,"Haines, Covenant Life",2023-05-01,2023,5,diesel_kwh_generated,171099,7242,46071,14256,128799,NA,NA,NA
A3311200324225003,331120,"Haines, Covenant Life",2023-09-01,2023,9,fuel_used_gallons,6462,1578,3117,1116,764,NA,NA,NA
A3311200324225003,331120,"Haines, Covenant Life",2023-09-01,2023,9,diesel_kwh_generated,89214,23887,46071,16197,10541,NA,NA,NA
A3311200726225003,331120,"Haines, Covenant Life",2026-01-01,2026,1,residential_sold_to,747617,599655,575344,566292,571224,NA,NA,NA
A3311400722225003,331140,Hollis,2022-01-01,2022,1,powerhouse_consumption_kwh,3165,2768,1864,2769,1514,NA,NA,NA
A3311401022225003,331140,Hollis,2022-04-01,2022,4,powerhouse_consumption_kwh,2801,2516,1864,2551,1453,NA,NA,NA
A3313500616225003,331350,Holy Cross,2015-12-01,2015,12,fuel_used_gallons,6581,3822,4128,4001,5238,NA,NA,NA
A3313500617225003,331350,Holy Cross,2016-12-01,2016,12,fuel_used_gallons,13564,4050,4434,4423,4462,NA,NA,NA
A3313500620225003,331350,Holy Cross,2019-12-01,2019,12,fuel_used_gallons,9198,3882,4040,4424,4947,NA,NA,NA
A3313500724225003,331350,Holy Cross,2024-01-01,2024,1,residential_sold_to,37724,27713,25852,27720,29631,NA,NA,NA
A3313500725225003,331350,Holy Cross,2025-01-01,2025,1,residential_sold_to,38362,32098,27160,32128,29568,NA,NA,NA
A3313500526225003,331350,Holy Cross,2025-11-01,2025,11,fuel_used_gallons,0,3867,3437,1934,4117,NA,NA,NA
A3313500626225003,331350,Holy Cross,2025-12-01,2025,12,fuel_used_gallons,0,0,3437,0,5969,NA,NA,NA
A3313500626225003,331350,Holy Cross,2025-12-01,2025,12,commercial_sold_to,10110,9789,1658,10292,566,NA,NA,NA
A3313500726225003,331350,Holy Cross,2026-01-01,2026,1,fuel_used_gallons,0,0,0,0,4747,NA,NA,NA
A3313500726225003,331350,Holy Cross,2026-01-01,2026,1,residential_sold_to,40367,32794,34038,32464,29367,NA,NA,NA
A3313500726225003,331350,Holy Cross,2026-01-01,2026,1,commercial_sold_to,10796,10110,10340,10086,642,NA,NA,NA
A3313500826225003,331350,Holy Cross,2026-02-01,2026,2,fuel_used_gallons,0,0,0,0,3987,NA,NA,NA
A3313500826225003,331350,Holy Cross,2026-02-01,2026,2,commercial_sold_to,10062,10796,10340,10962,0,NA,NA,NA
A3313500926225003,331350,Holy Cross,2026-03-01,2026,3,fuel_used_gallons,0,0,0,0,4192,NA,NA,NA
A3313500926225003,331350,Holy Cross,2026-03-01,2026,3,commercial_sold_to,11129,10062,10340,9718,0,NA,NA,NA
A3313501026225003,331350,Holy Cross,2026-04-01,2026,4,fuel_used_gallons,0,0,0,0,3857,NA,NA,NA
A3326700716225003,332670,Hoonah,2016-01-01,2016,1,powerhouse_consumption_kwh,18764,13334,9663,11424,8692,NA,NA,NA
A3326701216225003,332670,Hoonah,2016-06-01,2016,6,peak_consumption_kw,1338,764,698,686,700,NA,NA,NA
A3326700917225003,332670,Hoonah,2017-03-01,2017,3,peak_consumption_kw,1178,575,665,556,655,NA,NA,NA
A3313600116225003,331360,Hooper Bay,2015-07-01,2015,7,commercial_sold_to,67860,NA,78148,71240,31256,NA,NA,NA
A3313600216225003,331360,Hooper Bay,2015-08-01,2015,8,commercial_sold_to,71240,67860,78148,70598,31750,NA,NA,NA
A3313600316225003,331360,Hooper Bay,2015-09-01,2015,9,commercial_sold_to,73336,71240,78148,72237,30699,NA,NA,NA
A3313600416225003,331360,Hooper Bay,2015-10-01,2015,10,commercial_sold_to,73234,73336,78148,80588,32280,NA,NA,NA
A3313600516225003,331360,Hooper Bay,2015-11-01,2015,11,commercial_sold_to,87839,73234,78148,84305,35967,NA,NA,NA
A3313600616225003,331360,Hooper Bay,2015-12-01,2015,12,commercial_sold_to,95376,87839,78148,93750,37955,NA,NA,NA
A3313600716225003,331360,Hooper Bay,2016-01-01,2016,1,commercial_sold_to,99661,95376,40271,66022,39359,NA,NA,NA
A3313600217225003,331360,Hooper Bay,2016-08-01,2016,8,residential_customers,109,263,224,262,259,NA,NA,NA
A3313600417225003,331360,Hooper Bay,2016-10-01,2016,10,residential_customers,108,261,224,184,262,NA,NA,NA
A3313600517225003,331360,Hooper Bay,2016-11-01,2016,11,powerhouse_consumption_kwh,21013,5003,8410,12740,6869,NA,NA,NA
A3313600517225003,331360,Hooper Bay,2016-11-01,2016,11,residential_customers,106,108,224,186,263,NA,NA,NA
A3313600617225003,331360,Hooper Bay,2016-12-01,2016,12,powerhouse_consumption_kwh,20478,21013,8410,18910,7339,NA,NA,NA
A3313600717225003,331360,Hooper Bay,2017-01-01,2017,1,powerhouse_consumption_kwh,16807,20478,8069,16554,7820,NA,NA,NA
A3313600717225003,331360,Hooper Bay,2017-01-01,2017,1,residential_customers,106,264,238,186,266,NA,NA,NA
A3313600817225003,331360,Hooper Bay,2017-02-01,2017,2,residential_customers,108,106,238,186,264,NA,NA,NA
A3313601122225003,331360,Hooper Bay,2022-05-01,2022,5,com_facil_sold_to,130587,69626,73636,64105,65647,NA,NA,NA
A3313600923225003,331360,Hooper Bay,2023-03-01,2023,3,com_facil_sold_to,131754,75187,72550,76110,76910,NA,NA,NA
A3313600526225003,331360,Hooper Bay,2025-11-01,2025,11,fuel_used_gallons,0,21320,17519,10660,19265,NA,NA,NA
A3313600626225003,331360,Hooper Bay,2025-12-01,2025,12,fuel_used_gallons,0,0,17519,0,18116,NA,NA,NA
A3313600726225003,331360,Hooper Bay,2026-01-01,2026,1,fuel_used_gallons,0,0,0,0,23079,NA,NA,NA
A3313600726225003,331360,Hooper Bay,2026-01-01,2026,1,commercial_sold_to,54732,45071,50283,48084,43852,NA,NA,NA
A3313600826225003,331360,Hooper Bay,2026-02-01,2026,2,fuel_used_gallons,0,0,0,0,22086,NA,NA,NA
A3313600926225003,331360,Hooper Bay,2026-03-01,2026,3,fuel_used_gallons,0,0,0,0,21410,NA,NA,NA
A3313601026225003,331360,Hooper Bay,2026-04-01,2026,4,fuel_used_gallons,0,0,0,0,19588,NA,NA,NA
A3320300616225003,332030,Hughes,2015-12-01,2015,12,unbilled_sold_to,245,31,49,57,68,NA,NA,NA
A3320300618225003,332030,Hughes,2017-12-01,2017,12,unbilled_sold_to,254,158,79,132,68,NA,NA,NA
A3320300918225003,332030,Hughes,2018-03-01,2018,3,unbilled_sold_to,242,61,108,104,36,NA,NA,NA
A3320300521225003,332030,Hughes,2020-11-01,2020,11,commercial_sold_to,21262,13215,13330,17068,11787,NA,NA,NA
A3320300621225003,332030,Hughes,2020-12-01,2020,12,commercial_sold_to,20922,21262,13330,21519,12193,NA,NA,NA
A3320300721225003,332030,Hughes,2021-01-01,2021,1,commercial_sold_to,21776,20922,13205,19215,12505,NA,NA,NA
A3320300923225003,332030,Hughes,2023-03-01,2023,3,fuel_used_gallons,7440,5129,4949,4776,4198,NA,NA,NA
A3313700217225003,331370,Huslia,2016-08-01,2016,8,residential_customers,42,101,88,102,104,NA,NA,NA
A3313700417225003,331370,Huslia,2016-10-01,2016,10,residential_customers,41,103,88,72,104,NA,NA,NA
A3313700517225003,331370,Huslia,2016-11-01,2016,11,residential_customers,41,41,88,72,105,NA,NA,NA
A3313700717225003,331370,Huslia,2017-01-01,2017,1,residential_customers,40,102,91,71,106,NA,NA,NA
A3313700817225003,331370,Huslia,2017-02-01,2017,2,residential_customers,40,40,91,72,105,NA,NA,NA
A3313700526225003,331370,Huslia,2025-11-01,2025,11,fuel_used_gallons,0,7499,6490,3750,7420,NA,NA,NA
A3313700526225003,331370,Huslia,2025-11-01,2025,11,commercial_sold_to,11448,0,2016,6370,273,NA,NA,NA
A3313700626225003,331370,Huslia,2025-12-01,2025,12,fuel_used_gallons,0,0,6490,0,7998,NA,NA,NA
A3313700626225003,331370,Huslia,2025-12-01,2025,12,commercial_sold_to,12740,11448,2016,12378,310,NA,NA,NA
A3313700726225003,331370,Huslia,2026-01-01,2026,1,fuel_used_gallons,0,0,0,0,8657,NA,NA,NA
A3313700726225003,331370,Huslia,2026-01-01,2026,1,residential_sold_to,73964,67616,61302,62441,54318,NA,NA,NA
A3313700726225003,331370,Huslia,2026-01-01,2026,1,commercial_sold_to,13309,12740,11059,11917,353,NA,NA,NA
A3313700826225003,331370,Huslia,2026-02-01,2026,2,fuel_used_gallons,0,0,0,0,7715,NA,NA,NA
A3313700826225003,331370,Huslia,2026-02-01,2026,2,commercial_sold_to,11094,13309,11059,11926,0,NA,NA,NA
A3313700926225003,331370,Huslia,2026-03-01,2026,3,fuel_used_gallons,0,0,0,0,7524,NA,NA,NA
A3313700926225003,331370,Huslia,2026-03-01,2026,3,commercial_sold_to,10543,11094,11059,10192,0,NA,NA,NA
A3313701026225003,331370,Huslia,2026-04-01,2026,4,fuel_used_gallons,0,0,0,0,7086,NA,NA,NA
A3311501016225003,331150,Hydaburg,2016-04-01,2016,4,residential_customers,175,129,133,130,117,NA,NA,NA
A3311500621225003,331150,Hydaburg,2020-12-01,2020,12,commercial_sold_to,97894,41408,45184,45774,36997,NA,NA,NA
A3320401224225003,332040,Igiugig,2024-06-01,2024,6,peak_consumption_kw,148,128,114,130,72,NA,NA,NA
A3320400225225003,332040,Igiugig,2024-08-01,2024,8,total_kwh_purchased,12272,4484,5834,12289,372,NA,NA,NA
A3320400325225003,332040,Igiugig,2024-09-01,2024,9,total_kwh_purchased,20094,12272,5834,8289,369,NA,NA,NA
A3320400325225003,332040,Igiugig,2024-09-01,2024,9,com_facil_sold_to,18411,12523,9704,9191,4994,NA,NA,NA
A3320400425225003,332040,Igiugig,2024-10-01,2024,10,powerhouse_consumption_kwh,3836,2069,2707,3094,1728,NA,NA,NA
A3320400525225003,332040,Igiugig,2024-11-01,2024,11,powerhouse_consumption_kwh,4118,3836,2707,4874,1427,NA,NA,NA
A3320400625225003,332040,Igiugig,2024-12-01,2024,12,powerhouse_consumption_kwh,5911,4118,2707,3632,1821,NA,NA,NA
A3320400725225003,332040,Igiugig,2025-01-01,2025,1,powerhouse_consumption_kwh,3146,5911,3311,4720,1794,NA,NA,NA
A3320400825225003,332040,Igiugig,2025-02-01,2025,2,powerhouse_consumption_kwh,3529,3146,3311,3994,1446,NA,NA,NA
A3320400925225003,332040,Igiugig,2025-03-01,2025,3,powerhouse_consumption_kwh,4843,3529,3311,3154,1562,NA,NA,NA
A3320400326225003,332040,Igiugig,2025-09-01,2025,9,powerhouse_consumption_kwh,3714,1421,3311,3156,1553,NA,NA,NA
A3320400426225003,332040,Igiugig,2025-10-01,2025,10,powerhouse_consumption_kwh,4890,3714,3311,3393,1622,NA,NA,NA
A3320400526225003,332040,Igiugig,2025-11-01,2025,11,powerhouse_consumption_kwh,3072,4890,3311,4592,1532,NA,NA,NA
A3320400626225003,332040,Igiugig,2025-12-01,2025,12,powerhouse_consumption_kwh,4294,3072,3311,3706,1983,NA,NA,NA
A3320400726225003,332040,Igiugig,2026-01-01,2026,1,fuel_used_gallons,3444,3380,2650,2872,2489,NA,NA,NA
A3320400726225003,332040,Igiugig,2026-01-01,2026,1,powerhouse_consumption_kwh,4340,4294,3269,3628,1674,NA,NA,NA
A3320400826225003,332040,Igiugig,2026-02-01,2026,2,powerhouse_consumption_kwh,2963,4340,3269,3896,1502,NA,NA,NA
A3320400926225003,332040,Igiugig,2026-03-01,2026,3,powerhouse_consumption_kwh,3452,2963,3269,2920,1701,NA,NA,NA
A3320401026225003,332040,Igiugig,2026-04-01,2026,4,powerhouse_consumption_kwh,2878,3452,3269,3083,1501,NA,NA,NA
A3320500716225003,332050,"Iliamna, Newhalen, Nondalton",2016-01-01,2016,1,fuel_used_gallons,2114,261,490,130,510,NA,NA,NA
A3320500716225003,332050,"Iliamna, Newhalen, Nondalton",2016-01-01,2016,1,diesel_kwh_generated,28707,3431,11219,3431,6659,NA,NA,NA
A3320500517225003,332050,"Iliamna, Newhalen, Nondalton",2016-11-01,2016,11,fuel_used_gallons,1405,756,490,1062,1478,NA,NA,NA
A3320500517225003,332050,"Iliamna, Newhalen, Nondalton",2016-11-01,2016,11,diesel_kwh_generated,19097,9715,11219,13756,19051,NA,NA,NA
A3320500617225003,332050,"Iliamna, Newhalen, Nondalton",2016-12-01,2016,12,fuel_used_gallons,1367,1405,490,888,579,NA,NA,NA
A3320500617225003,332050,"Iliamna, Newhalen, Nondalton",2016-12-01,2016,12,diesel_kwh_generated,17797,19097,11219,12067,8864,NA,NA,NA
A3320500118225003,332050,"Iliamna, Newhalen, Nondalton",2017-07-01,2017,7,fuel_used_gallons,1063,0,255,460,69,NA,NA,NA
A3320500218225003,332050,"Iliamna, Newhalen, Nondalton",2017-08-01,2017,8,fuel_used_gallons,921,1063,255,590,102,NA,NA,NA
A3320500918225003,332050,"Iliamna, Newhalen, Nondalton",2018-03-01,2018,3,fuel_used_gallons,3008,150,514,75,361,NA,NA,NA
A3320500918225003,332050,"Iliamna, Newhalen, Nondalton",2018-03-01,2018,3,diesel_kwh_generated,39680,2010,9068,2010,7913,NA,NA,NA
A3320501218225003,332050,"Iliamna, Newhalen, Nondalton",2018-06-01,2018,6,fuel_used_gallons,1587,0,514,9,115,NA,NA,NA
A3320501218225003,332050,"Iliamna, Newhalen, Nondalton",2018-06-01,2018,6,diesel_kwh_generated,21150,NA,9068,250,1787,NA,NA,NA
A3320500919225003,332050,"Iliamna, Newhalen, Nondalton",2019-03-01,2019,3,fuel_used_gallons,1545,400,476,200,508,NA,NA,NA
A3320500919225003,332050,"Iliamna, Newhalen, Nondalton",2019-03-01,2019,3,diesel_kwh_generated,20780,5210,8444,5210,11063,NA,NA,NA
A3320500320225003,332050,"Iliamna, Newhalen, Nondalton",2019-09-01,2019,9,fuel_used_gallons,2098,249,476,297,292,NA,NA,NA
A3320500320225003,332050,"Iliamna, Newhalen, Nondalton",2019-09-01,2019,9,diesel_kwh_generated,27200,3260,8444,3830,3786,NA,NA,NA
A3320500721225003,332050,"Iliamna, Newhalen, Nondalton",2021-01-01,2021,1,fuel_used_gallons,1006,53,1019,189,649,NA,NA,NA
A3320500921225003,332050,"Iliamna, Newhalen, Nondalton",2021-03-01,2021,3,fuel_used_gallons,917,325,1019,170,570,NA,NA,NA
A3320500422225003,332050,"Iliamna, Newhalen, Nondalton",2021-10-01,2021,10,fuel_used_gallons,5705,105,1019,1266,1157,NA,NA,NA
A3320500422225003,332050,"Iliamna, Newhalen, Nondalton",2021-10-01,2021,10,diesel_kwh_generated,74610,1410,14526,16640,14563,NA,NA,NA
A3320500522225003,332050,"Iliamna, Newhalen, Nondalton",2021-11-01,2021,11,fuel_used_gallons,2426,5705,1019,3582,1365,NA,NA,NA
A3320500522225003,332050,"Iliamna, Newhalen, Nondalton",2021-11-01,2021,11,diesel_kwh_generated,31870,74610,14526,46825,17632,NA,NA,NA
A3320500622225003,332050,"Iliamna, Newhalen, Nondalton",2021-12-01,2021,12,fuel_used_gallons,1459,2426,1019,2426,570,NA,NA,NA
A3320500622225003,332050,"Iliamna, Newhalen, Nondalton",2021-12-01,2021,12,diesel_kwh_generated,19040,31870,14526,31870,8708,NA,NA,NA
A3320501123225003,332050,"Iliamna, Newhalen, Nondalton",2023-05-01,2023,5,peak_consumption_kw,1275,607,779,616,591,NA,NA,NA
A3320500224225003,332050,"Iliamna, Newhalen, Nondalton",2023-08-01,2023,8,peak_consumption_kw,1275,628,779,643,637,NA,NA,NA
A3320500625225003,332050,"Iliamna, Newhalen, Nondalton",2024-12-01,2024,12,fuel_used_gallons,1404,66,215,72,576,NA,NA,NA
A3320500625225003,332050,"Iliamna, Newhalen, Nondalton",2024-12-01,2024,12,diesel_kwh_generated,18810,870,3306,710,8737,NA,NA,NA
A3320500825225003,332050,"Iliamna, Newhalen, Nondalton",2025-02-01,2025,2,fuel_used_gallons,3306,78,2032,39,323,NA,NA,NA
A3320500825225003,332050,"Iliamna, Newhalen, Nondalton",2025-02-01,2025,2,diesel_kwh_generated,42278,550,33743,550,4560,NA,NA,NA
A3320500426225003,332050,"Iliamna, Newhalen, Nondalton",2025-10-01,2025,10,fuel_used_gallons,9152,89,2032,4562,812,NA,NA,NA
A3320500426225003,332050,"Iliamna, Newhalen, Nondalton",2025-10-01,2025,10,diesel_kwh_generated,114710,1150,33743,58635,10553,NA,NA,NA
A3320500526225003,332050,"Iliamna, Newhalen, Nondalton",2025-11-01,2025,11,fuel_used_gallons,9035,9152,2032,5666,630,NA,NA,NA
A3320500526225003,332050,"Iliamna, Newhalen, Nondalton",2025-11-01,2025,11,diesel_kwh_generated,116120,114710,33743,68460,8271,NA,NA,NA
A3320500626225003,332050,"Iliamna, Newhalen, Nondalton",2025-12-01,2025,12,fuel_used_gallons,2181,9035,2032,4847,498,NA,NA,NA
A3320500626225003,332050,"Iliamna, Newhalen, Nondalton",2025-12-01,2025,12,diesel_kwh_generated,22210,116120,33743,62308,8312,NA,NA,NA
A3320500626225003,332050,"Iliamna, Newhalen, Nondalton",2025-12-01,2025,12,peak_consumption_kw,1275,629,685,633,726,NA,NA,NA
A3320500826225003,332050,"Iliamna, Newhalen, Nondalton",2026-02-01,2026,2,fuel_used_gallons,1145,659,317,330,563,NA,NA,NA
A3326800716225003,332680,Kake,2016-01-01,2016,1,powerhouse_consumption_kwh,15400,6400,7673,6400,11373,NA,NA,NA
A3326800621225003,332680,Kake,2020-12-01,2020,12,hydro_kwh_generated,72577,40127,10692,72294,44116,NA,NA,NA
A3326800621225003,332680,Kake,2020-12-01,2020,12,peak_consumption_kw,737,346,369,244,416,NA,NA,NA
A3326800721225003,332680,Kake,2021-01-01,2021,1,hydro_kwh_generated,104461,72577,71229,54710,23602,NA,NA,NA
A3326801021225003,332680,Kake,2021-04-01,2021,4,hydro_kwh_generated,96614,8604,71229,50726,40913,NA,NA,NA
A3326801121225003,332680,Kake,2021-05-01,2021,5,hydro_kwh_generated,92848,96614,71229,94241,42433,NA,NA,NA
A3326801221225003,332680,Kake,2021-06-01,2021,6,hydro_kwh_generated,91868,92848,71229,57345,21616,NA,NA,NA
A3326800322225003,332680,Kake,2021-09-01,2021,9,hydro_kwh_generated,77213,28244,71229,71901,13247,NA,NA,NA
A3326800422225003,332680,Kake,2021-10-01,2021,10,hydro_kwh_generated,115558,77213,71229,85410,45190,NA,NA,NA
A3326800522225003,332680,Kake,2021-11-01,2021,11,hydro_kwh_generated,93606,115558,71229,101300,46059,NA,NA,NA
A3326800622225003,332680,Kake,2021-12-01,2021,12,hydro_kwh_generated,87043,93606,71229,48009,42669,NA,NA,NA
A3326800622225003,332680,Kake,2021-12-01,2021,12,powerhouse_consumption_kwh,15511,8478,8249,13026,9274,NA,NA,NA
A3326800722225003,332680,Kake,2022-01-01,2022,1,powerhouse_consumption_kwh,17573,15511,13273,20706,11156,NA,NA,NA
A3326800822225003,332680,Kake,2022-02-01,2022,2,hydro_kwh_generated,96006,2412,64689,43063,39342,NA,NA,NA
A3326800822225003,332680,Kake,2022-02-01,2022,2,powerhouse_consumption_kwh,25902,17573,13273,15638,12079,NA,NA,NA
A3326800922225003,332680,Kake,2022-03-01,2022,3,hydro_kwh_generated,83714,96006,64689,103864,17719,NA,NA,NA
A3326801022225003,332680,Kake,2022-04-01,2022,4,hydro_kwh_generated,111721,83714,64689,79225,39402,NA,NA,NA
A3326801022225003,332680,Kake,2022-04-01,2022,4,powerhouse_consumption_kwh,19439,13704,13273,14973,11908,NA,NA,NA
A3326801122225003,332680,Kake,2022-05-01,2022,5,hydro_kwh_generated,74736,111721,64689,72775,44244,NA,NA,NA
A3326801122225003,332680,Kake,2022-05-01,2022,5,powerhouse_consumption_kwh,16242,19439,13273,13084,9630,NA,NA,NA
A3326800323225003,332680,Kake,2022-09-01,2022,9,hydro_kwh_generated,63553,35911,64689,62495,14613,NA,NA,NA
A3326800423225003,332680,Kake,2022-10-01,2022,10,hydro_kwh_generated,89079,63553,64689,93476,47838,NA,NA,NA
A3326800523225003,332680,Kake,2022-11-01,2022,11,hydro_kwh_generated,123399,89079,64689,72071,43079,NA,NA,NA
A3326800623225003,332680,Kake,2022-12-01,2022,12,hydro_kwh_generated,55063,123399,64689,83172,45867,NA,NA,NA
A3326800623225003,332680,Kake,2022-12-01,2022,12,powerhouse_consumption_kwh,18661,11549,13273,15372,8959,NA,NA,NA
A3326800723225003,332680,Kake,2023-01-01,2023,1,powerhouse_consumption_kwh,19196,18661,13282,18473,10993,NA,NA,NA
A3326800823225003,332680,Kake,2023-02-01,2023,2,hydro_kwh_generated,118009,42944,72135,35618,37142,NA,NA,NA
A3326800823225003,332680,Kake,2023-02-01,2023,2,powerhouse_consumption_kwh,18285,19196,13282,18333,12925,NA,NA,NA
A3326800923225003,332680,Kake,2023-03-01,2023,3,powerhouse_consumption_kwh,17470,18285,13282,18642,9654,NA,NA,NA
A3326800923225003,332680,Kake,2023-03-01,2023,3,peak_consumption_kw,718,599,531,623,360,NA,NA,NA
A3326801023225003,332680,Kake,2023-04-01,2023,4,hydro_kwh_generated,74356,28292,72135,71312,43139,NA,NA,NA
A3326801023225003,332680,Kake,2023-04-01,2023,4,powerhouse_consumption_kwh,18999,17470,13282,19406,11952,NA,NA,NA
A3326801123225003,332680,Kake,2023-05-01,2023,5,hydro_kwh_generated,114331,74356,72135,57816,40284,NA,NA,NA
A3326801123225003,332680,Kake,2023-05-01,2023,5,powerhouse_consumption_kwh,21343,18999,13282,18057,9120,NA,NA,NA
A3326801223225003,332680,Kake,2023-06-01,2023,6,powerhouse_consumption_kwh,17115,21343,13282,15194,8254,NA,NA,NA
A3326801223225003,332680,Kake,2023-06-01,2023,6,peak_consumption_kw,688,447,531,544,368,NA,NA,NA
A3326800324225003,332680,Kake,2023-09-01,2023,9,peak_consumption_kw,712,310,531,344,374,NA,NA,NA
A3326800424225003,332680,Kake,2023-10-01,2023,10,hydro_kwh_generated,159767,19823,72135,49190,40770,NA,NA,NA
A3326800524225003,332680,Kake,2023-11-01,2023,11,hydro_kwh_generated,78556,159767,72135,150332,47564,NA,NA,NA
A3326800624225003,332680,Kake,2023-12-01,2023,12,hydro_kwh_generated,140896,78556,72135,85552,37284,NA,NA,NA
A3326800724225003,332680,Kake,2024-01-01,2024,1,hydro_kwh_generated,92549,140896,56982,113369,24794,NA,NA,NA
A3326800824225003,332680,Kake,2024-02-01,2024,2,hydro_kwh_generated,85842,92549,56982,66838,40358,NA,NA,NA
A3326800824225003,332680,Kake,2024-02-01,2024,2,powerhouse_consumption_kwh,18739,8007,13417,12686,12874,NA,NA,NA
A3326800924225003,332680,Kake,2024-03-01,2024,3,powerhouse_consumption_kwh,17366,18739,13417,18666,9664,NA,NA,NA
A3326801024225003,332680,Kake,2024-04-01,2024,4,hydro_kwh_generated,80605,41126,56982,38588,42514,NA,NA,NA
A3326801024225003,332680,Kake,2024-04-01,2024,4,powerhouse_consumption_kwh,18594,17366,13417,15798,11992,NA,NA,NA
A3326800425225003,332680,Kake,2024-10-01,2024,10,hydro_kwh_generated,103822,44380,56982,64738,46364,NA,NA,NA
A3326800525225003,332680,Kake,2024-11-01,2024,11,hydro_kwh_generated,85096,103822,56982,79824,46910,NA,NA,NA
A3326800525225003,332680,Kake,2024-11-01,2024,11,powerhouse_consumption_kwh,15963,8061,13417,12607,8351,NA,NA,NA
A3326800625225003,332680,Kake,2024-12-01,2024,12,hydro_kwh_generated,55826,85096,56982,75872,45791,NA,NA,NA
A3326800625225003,332680,Kake,2024-12-01,2024,12,powerhouse_consumption_kwh,17153,15963,13417,17356,9110,NA,NA,NA
A3326800725225003,332680,Kake,2025-01-01,2025,1,hydro_kwh_generated,66647,55826,67825,44972,27384,NA,NA,NA
A3326800725225003,332680,Kake,2025-01-01,2025,1,powerhouse_consumption_kwh,18748,17153,13793,18070,11038,NA,NA,NA
A3326800825225003,332680,Kake,2025-02-01,2025,2,powerhouse_consumption_kwh,18986,18748,13793,17854,12847,NA,NA,NA
A3326800825225003,332680,Kake,2025-02-01,2025,2,peak_consumption_kw,697,412,378,396,383,NA,NA,NA
A3326800925225003,332680,Kake,2025-03-01,2025,3,hydro_kwh_generated,87982,34119,67825,52854,17292,NA,NA,NA
A3326800925225003,332680,Kake,2025-03-01,2025,3,powerhouse_consumption_kwh,16961,18986,13793,19042,9704,NA,NA,NA
A3326801025225003,332680,Kake,2025-04-01,2025,4,hydro_kwh_generated,71590,87982,67825,90713,43415,NA,NA,NA
A3326801025225003,332680,Kake,2025-04-01,2025,4,powerhouse_consumption_kwh,19099,16961,13793,17384,11942,NA,NA,NA
A3326801125225003,332680,Kake,2025-05-01,2025,5,hydro_kwh_generated,93444,71590,67825,67282,42373,NA,NA,NA
A3326801125225003,332680,Kake,2025-05-01,2025,5,powerhouse_consumption_kwh,17807,19099,13793,19030,9474,NA,NA,NA
A3326801225225003,332680,Kake,2025-06-01,2025,6,hydro_kwh_generated,62973,93444,67825,73416,24506,NA,NA,NA
A3326801225225003,332680,Kake,2025-06-01,2025,6,powerhouse_consumption_kwh,18960,17807,13793,14376,8070,NA,NA,NA
A3326800126225003,332680,Kake,2025-07-01,2025,7,hydro_kwh_generated,53389,62973,67825,41318,6451,NA,NA,NA
A3326800426225003,332680,Kake,2025-10-01,2025,10,hydro_kwh_generated,83641,4714,67825,69062,48382,NA,NA,NA
A3326800526225003,332680,Kake,2025-11-01,2025,11,hydro_kwh_generated,133409,83641,67825,92986,42078,NA,NA,NA
A3326800626225003,332680,Kake,2025-12-01,2025,12,hydro_kwh_generated,102330,133409,67825,82440,41140,NA,NA,NA
A3326800726225003,332680,Kake,2026-01-01,2026,1,powerhouse_consumption_kwh,19389,11818,13927,14810,10974,NA,NA,NA
A3326800826225003,332680,Kake,2026-02-01,2026,2,hydro_kwh_generated,118605,31471,58615,21329,37082,NA,NA,NA
A3326800826225003,332680,Kake,2026-02-01,2026,2,powerhouse_consumption_kwh,17801,19389,13927,14282,12979,NA,NA,NA
A3326800926225003,332680,Kake,2026-03-01,2026,3,residential_customers,185,191,214,190,238,NA,NA,NA
A3326801026225003,332680,Kake,2026-04-01,2026,4,hydro_kwh_generated,70856,11187,58615,58478,43489,NA,NA,NA
A3326801026225003,332680,Kake,2026-04-01,2026,4,powerhouse_consumption_kwh,27701,9176,13927,8682,11081,NA,NA,NA
A3326801026225003,332680,Kake,2026-04-01,2026,4,residential_customers,188,185,214,208,237,NA,NA,NA
A3326801126225003,332680,Kake,2026-05-01,2026,5,hydro_kwh_generated,105768,70856,58615,58367,41141,NA,NA,NA
A3323700219225003,332370,Kaktovik,2018-08-01,2018,8,powerhouse_consumption_kwh,3042,24054,17719,24054,19590,NA,NA,NA
A3323700919225003,332370,Kaktovik,2019-03-01,2019,3,residential_sold_to,122763,66074,64404,63058,73154,NA,NA,NA
A3323700919225003,332370,Kaktovik,2019-03-01,2019,3,residential_customers,0,75,69,74,77,NA,NA,NA
A3323700625225003,332370,Kaktovik,2024-12-01,2024,12,peak_consumption_kw,21275,849,2463,886,779,NA,NA,NA
A3317200116225003,331720,Kalskag,2015-07-01,2015,7,commercial_sold_to,12891,NA,15212,13797,5730,NA,NA,NA
A3317200216225003,331720,Kalskag,2015-08-01,2015,8,commercial_sold_to,13797,12891,15212,13924,6048,NA,NA,NA
A3317200316225003,331720,Kalskag,2015-09-01,2015,9,commercial_sold_to,14957,13797,15212,14056,5802,NA,NA,NA
A3317200416225003,331720,Kalskag,2015-10-01,2015,10,commercial_sold_to,14316,14957,15212,16113,5928,NA,NA,NA
A3317200516225003,331720,Kalskag,2015-11-01,2015,11,commercial_sold_to,17269,14316,15212,16178,6553,NA,NA,NA
A3317200616225003,331720,Kalskag,2015-12-01,2015,12,commercial_sold_to,18041,17269,15212,17402,6863,NA,NA,NA
A3317200716225003,331720,Kalskag,2016-01-01,2016,1,commercial_sold_to,17534,18041,5321,11120,7522,NA,NA,NA
A3317200217225003,331720,Kalskag,2016-08-01,2016,8,residential_customers,128,64,73,65,64,NA,NA,NA
A3317200820225003,331720,Kalskag,2020-02-01,2020,2,powerhouse_consumption_kwh,6139,4750,3900,5539,3147,NA,NA,NA
A3317200920225003,331720,Kalskag,2020-03-01,2020,3,powerhouse_consumption_kwh,6328,6139,3900,4482,3339,NA,NA,NA
A3317200923225003,331720,Kalskag,2023-03-01,2023,3,fuel_used_gallons,0,5868,8161,8222,9290,NA,NA,NA
A3317200923225003,331720,Kalskag,2023-03-01,2023,3,commercial_sold_to,0,4860,5555,6120,6606,NA,NA,NA
A3317200526225003,331720,Kalskag,2025-11-01,2025,11,fuel_used_gallons,0,8661,7223,4330,10143,NA,NA,NA
A3317200526225003,331720,Kalskag,2025-11-01,2025,11,commercial_sold_to,15729,8700,9120,12504,6707,NA,NA,NA
A3317200626225003,331720,Kalskag,2025-12-01,2025,12,fuel_used_gallons,0,0,7223,0,11123,NA,NA,NA
A3317200626225003,331720,Kalskag,2025-12-01,2025,12,commercial_sold_to,16307,15729,9120,18022,7036,NA,NA,NA
A3317200726225003,331720,Kalskag,2026-01-01,2026,1,fuel_used_gallons,0,0,0,0,11073,NA,NA,NA
A3317200726225003,331720,Kalskag,2026-01-01,2026,1,commercial_sold_to,20315,16307,16070,15384,7243,NA,NA,NA
A3317200826225003,331720,Kalskag,2026-02-01,2026,2,fuel_used_gallons,0,0,0,0,9867,NA,NA,NA
A3317200826225003,331720,Kalskag,2026-02-01,2026,2,commercial_sold_to,14461,20315,16070,18255,5454,NA,NA,NA
A3317200926225003,331720,Kalskag,2026-03-01,2026,3,fuel_used_gallons,0,0,0,0,9290,NA,NA,NA
A3317200926225003,331720,Kalskag,2026-03-01,2026,3,commercial_sold_to,16195,14461,16070,13884,4986,NA,NA,NA
A3317201026225003,331720,Kalskag,2026-04-01,2026,4,fuel_used_gallons,0,0,0,0,9504,NA,NA,NA
A3317201026225003,331720,Kalskag,2026-04-01,2026,4,commercial_sold_to,13307,16195,16070,16195,5874,NA,NA,NA
A3313800116225003,331380,Kaltag,2015-07-01,2015,7,com_facil_sold_to,2882,NA,2810,3000,11390,NA,NA,NA
A3313800216225003,331380,Kaltag,2015-08-01,2015,8,com_facil_sold_to,3000,2882,2810,2738,11649,NA,NA,NA
A3313800316225003,331380,Kaltag,2015-09-01,2015,9,com_facil_sold_to,2595,3000,2810,2668,11581,NA,NA,NA
A3313800416225003,331380,Kaltag,2015-10-01,2015,10,com_facil_sold_to,2335,2595,2810,2640,12401,NA,NA,NA
A3313800516225003,331380,Kaltag,2015-11-01,2015,11,com_facil_sold_to,2685,2335,2810,2848,12481,NA,NA,NA
A3313800616225003,331380,Kaltag,2015-12-01,2015,12,com_facil_sold_to,3361,2685,2810,3082,12761,NA,NA,NA
A3313801217225003,331380,Kaltag,2017-06-01,2017,6,commercial_sold_to,11135,0,5763,18850,1256,NA,NA,NA
A3313800118225003,331380,Kaltag,2017-07-01,2017,7,fuel_used_gallons,7005,3936,4474,4151,4306,NA,NA,NA
A3313800118225003,331380,Kaltag,2017-07-01,2017,7,diesel_kwh_generated,89256,52369,57455,54891,53878,NA,NA,NA
A3313800118225003,331380,Kaltag,2017-07-01,2017,7,commercial_sold_to,37699,11135,5763,12848,6391,NA,NA,NA
A3313800218225003,331380,Kaltag,2017-08-01,2017,8,commercial_sold_to,14560,37699,5763,37699,2517,NA,NA,NA
A3313800119225003,331380,Kaltag,2018-07-01,2018,7,fuel_used_gallons,8006,3593,4506,3926,4206,NA,NA,NA
A3313800119225003,331380,Kaltag,2018-07-01,2018,7,diesel_kwh_generated,102642,46948,59215,50588,52540,NA,NA,NA
A3313800119225003,331380,Kaltag,2018-07-01,2018,7,commercial_sold_to,49648,6859,5529,8032,5196,NA,NA,NA
A3313800323225003,331380,Kaltag,2022-09-01,2022,9,commercial_sold_to,12050,9640,5470,13324,584,NA,NA,NA
A3313800423225003,331380,Kaltag,2022-10-01,2022,10,commercial_sold_to,17008,12050,5470,13268,303,NA,NA,NA
A3313800523225003,331380,Kaltag,2022-11-01,2022,11,commercial_sold_to,14486,17008,5470,8504,779,NA,NA,NA
A3313800823225003,331380,Kaltag,2023-02-01,2023,2,fuel_used_gallons,1907,5970,4343,5506,4038,NA,NA,NA
A3313800526225003,331380,Kaltag,2025-11-01,2025,11,fuel_used_gallons,0,4737,3874,2368,4591,NA,NA,NA
A3313800626225003,331380,Kaltag,2025-12-01,2025,12,fuel_used_gallons,0,0,3874,0,4530,NA,NA,NA
A3313800726225003,331380,Kaltag,2026-01-01,2026,1,fuel_used_gallons,0,0,0,0,5014,NA,NA,NA
A3313800826225003,331380,Kaltag,2026-02-01,2026,2,fuel_used_gallons,0,0,0,0,4229,NA,NA,NA
A3313800926225003,331380,Kaltag,2026-03-01,2026,3,fuel_used_gallons,0,0,0,0,4545,NA,NA,NA
A3313801026225003,331380,Kaltag,2026-04-01,2026,4,fuel_used_gallons,0,0,0,0,4349,NA,NA,NA
A3317400218225003,331740,Karluk,2017-08-01,2017,8,powerhouse_consumption_kwh,584,174,224,182,288,NA,NA,NA
A3317400621225003,331740,Karluk,2020-12-01,2020,12,com_facil_sold_to,4658,2178,1951,2750,2514,NA,NA,NA
A3317400921225003,331740,Karluk,2021-03-01,2021,3,com_facil_sold_to,4652,2181,2856,2528,2137,NA,NA,NA
A3317400622225003,331740,Karluk,2021-12-01,2021,12,com_facil_sold_to,5417,1883,2856,2568,2438,NA,NA,NA
A3317400724225003,331740,Karluk,2024-01-01,2024,1,powerhouse_consumption_kwh,606,353,500,476,244,NA,NA,NA
A3317400824225003,331740,Karluk,2024-02-01,2024,2,powerhouse_consumption_kwh,598,606,500,924,202,NA,NA,NA
A3317400924225003,331740,Karluk,2024-03-01,2024,3,powerhouse_consumption_kwh,1242,598,500,478,234,NA,NA,NA
A3317400126225003,331740,Karluk,2025-07-01,2025,7,powerhouse_consumption_kwh,607,458,446,490,233,NA,NA,NA
A3317400226225003,331740,Karluk,2025-08-01,2025,8,powerhouse_consumption_kwh,522,607,446,550,294,NA,NA,NA
A3317400326225003,331740,Karluk,2025-09-01,2025,9,powerhouse_consumption_kwh,492,522,446,536,242,NA,NA,NA
A3317400426225003,331740,Karluk,2025-10-01,2025,10,powerhouse_consumption_kwh,550,492,446,494,282,NA,NA,NA
A3317400526225003,331740,Karluk,2025-11-01,2025,11,powerhouse_consumption_kwh,497,550,446,416,251,NA,NA,NA
A3313900716225003,331390,Kasigluk,2016-01-01,2016,1,wind_kwh_generated,104977,49928,48316,65928,32814,NA,NA,NA
A3313900217225003,331390,Kasigluk,2016-08-01,2016,8,residential_customers,228,122,123,121,118,NA,NA,NA
A3313900526225003,331390,Kasigluk,2025-11-01,2025,11,fuel_used_gallons,0,15398,13598,7699,17120,NA,NA,NA
A3313900626225003,331390,Kasigluk,2025-12-01,2025,12,fuel_used_gallons,0,0,13598,0,17698,NA,NA,NA
A3313900726225003,331390,Kasigluk,2026-01-01,2026,1,fuel_used_gallons,0,0,0,0,19862,NA,NA,NA
A3313900826225003,331390,Kasigluk,2026-02-01,2026,2,fuel_used_gallons,0,0,0,0,16820,NA,NA,NA
A3313900926225003,331390,Kasigluk,2026-03-01,2026,3,fuel_used_gallons,0,0,0,0,17252,NA,NA,NA
A3313901026225003,331390,Kasigluk,2026-04-01,2026,4,fuel_used_gallons,0,0,0,0,16536,NA,NA,NA
A3314000622225003,331400,Kiana,2021-12-01,2021,12,fuel_used_gallons,28079,13070,11629,13154,9592,NA,NA,NA
A3314000526225003,331400,Kiana,2025-11-01,2025,11,commercial_sold_to,29123,16757,19381,24038,17787,NA,NA,NA
A3314000626225003,331400,Kiana,2025-12-01,2025,12,commercial_sold_to,31319,29123,19381,30968,18831,NA,NA,NA
A3314000726225003,331400,Kiana,2026-01-01,2026,1,commercial_sold_to,32812,31319,30826,31205,19156,NA,NA,NA
A3314000826225003,331400,Kiana,2026-02-01,2026,2,commercial_sold_to,31091,32812,30826,32184,17141,NA,NA,NA
A3314000926225003,331400,Kiana,2026-03-01,2026,3,commercial_sold_to,31557,31091,30826,29467,18202,NA,NA,NA
A3320700218225003,332070,King Cove,2017-08-01,2017,8,powerhouse_consumption_kwh,21547,5498,8299,5498,4776,NA,NA,NA
A3320700318225003,332070,King Cove,2017-09-01,2017,9,com_facil_sold_to,205473,73770,98380,79420,93500,NA,NA,NA
A3320800516225003,332080,Kipnuk,2015-11-01,2015,11,unbilled_customers,64,NA,64,64,20,NA,NA,NA
A3320800616225003,332080,Kipnuk,2015-12-01,2015,12,unbilled_sold_to,12795,9826,11310,11142,6507,NA,NA,NA
A3320800616225003,332080,Kipnuk,2015-12-01,2015,12,unbilled_customers,64,64,64,64,13,NA,NA,NA
A3320800716225003,332080,Kipnuk,2016-01-01,2016,1,unbilled_sold_to,12457,12795,8248,11070,5208,NA,NA,NA
A3320800716225003,332080,Kipnuk,2016-01-01,2016,1,unbilled_customers,64,64,60,64,22,NA,NA,NA
A3320800816225003,332080,Kipnuk,2016-02-01,2016,2,unbilled_customers,64,64,60,64,21,NA,NA,NA
A3320800916225003,332080,Kipnuk,2016-03-01,2016,3,unbilled_sold_to,12276,9344,8248,7896,5423,NA,NA,NA
A3320800916225003,332080,Kipnuk,2016-03-01,2016,3,unbilled_customers,64,64,60,64,11,NA,NA,NA
A3320801016225003,332080,Kipnuk,2016-04-01,2016,4,unbilled_customers,65,64,60,65,9,NA,NA,NA
A3320801116225003,332080,Kipnuk,2016-05-01,2016,5,unbilled_customers,66,65,60,66,13,NA,NA,NA
A3320801216225003,332080,Kipnuk,2016-06-01,2016,6,unbilled_customers,66,66,60,65,8,NA,NA,NA
A3320800117225003,332080,Kipnuk,2016-07-01,2016,7,unbilled_customers,64,66,60,65,18,NA,NA,NA
A3320800217225003,332080,Kipnuk,2016-08-01,2016,8,unbilled_customers,64,64,60,64,13,NA,NA,NA
A3320800317225003,332080,Kipnuk,2016-09-01,2016,9,unbilled_customers,64,64,60,64,13,NA,NA,NA
A3320800417225003,332080,Kipnuk,2016-10-01,2016,10,unbilled_customers,65,64,60,64,14,NA,NA,NA
A3320800517225003,332080,Kipnuk,2016-11-01,2016,11,unbilled_customers,65,65,60,34,20,NA,NA,NA
A3320800817225003,332080,Kipnuk,2017-02-01,2017,2,unbilled_sold_to,14927,9766,10566,11108,4129,NA,NA,NA
A3320800917225003,332080,Kipnuk,2017-03-01,2017,3,unbilled_sold_to,12451,14927,10566,12486,5404,NA,NA,NA
A3320800118225003,332080,Kipnuk,2017-07-01,2017,7,unbilled_sold_to,12881,7903,10566,11868,2252,NA,NA,NA
A3320800218225003,332080,Kipnuk,2017-08-01,2017,8,unbilled_sold_to,15832,12881,10566,10322,1766,NA,NA,NA
A3320800718225003,332080,Kipnuk,2018-01-01,2018,1,unbilled_sold_to,12530,9140,6382,10052,5200,NA,NA,NA
A3320801018225003,332080,Kipnuk,2018-04-01,2018,4,unbilled_sold_to,13974,8722,6382,8952,3773,NA,NA,NA
A3320800219225003,332080,Kipnuk,2018-08-01,2018,8,fuel_used_gallons,0,12689,10478,6344,9280,NA,NA,NA
A3320800319225003,332080,Kipnuk,2018-09-01,2018,9,fuel_used_gallons,0,0,10478,0,10409,NA,NA,NA
A3320800619225003,332080,Kipnuk,2018-12-01,2018,12,com_facil_sold_to,62709,27810,23422,29594,23344,NA,NA,NA
A3320800719225003,332080,Kipnuk,2019-01-01,2019,1,unbilled_customers,81,7,24,44,20,NA,NA,NA
A3320800819225003,332080,Kipnuk,2019-02-01,2019,2,unbilled_customers,81,81,24,46,19,NA,NA,NA
A3320800919225003,332080,Kipnuk,2019-03-01,2019,3,com_facil_sold_to,47766,28046,14061,22089,19174,NA,NA,NA
A3320800922225003,332080,Kipnuk,2022-03-01,2022,3,commercial_sold_to,109475,60854,59711,53518,58052,NA,NA,NA
A3320800423225003,332080,Kipnuk,2022-10-01,2022,10,powerhouse_consumption_kwh,18982,2677,5868,2751,5678,NA,NA,NA
A3320800623225003,332080,Kipnuk,2022-12-01,2022,12,unbilled_sold_to,26182,2381,4017,1956,5020,NA,NA,NA
A3320800923225003,332080,Kipnuk,2023-03-01,2023,3,powerhouse_consumption_kwh,25970,2567,9150,5678,6154,NA,NA,NA
A3320800525225003,332080,Kipnuk,2024-11-01,2024,11,powerhouse_consumption_kwh,30391,12138,10256,9374,5740,NA,NA,NA
A3320800625225003,332080,Kipnuk,2024-12-01,2024,12,com_facil_sold_to,67263,19491,21891,26440,22838,NA,NA,NA
A3320800725225003,332080,Kipnuk,2025-01-01,2025,1,residential_sold_to,121402,88818,79032,76017,82277,NA,NA,NA
A3320800326225003,332080,Kipnuk,2025-09-01,2025,9,fuel_used_gallons,19514,10757,11137,10757,8241,NA,NA,NA
A3314100217225003,331410,Kivalina,2016-08-01,2016,8,residential_customers,186,86,112,86,88,NA,NA,NA
A3314100417225003,331410,Kivalina,2016-10-01,2016,10,residential_customers,185,87,112,136,88,NA,NA,NA
A3314100517225003,331410,Kivalina,2016-11-01,2016,11,residential_customers,186,185,112,136,89,NA,NA,NA
A3314100717225003,331410,Kivalina,2017-01-01,2017,1,residential_sold_to,84175,47182,48861,51249,63789,NA,NA,NA
A3314100717225003,331410,Kivalina,2017-01-01,2017,1,residential_customers,183,86,103,134,92,NA,NA,NA
A3314100817225003,331410,Kivalina,2017-02-01,2017,2,residential_customers,181,183,103,136,89,NA,NA,NA
A3314100819225003,331410,Kivalina,2019-02-01,2019,2,commercial_sold_to,73408,8038,35256,40588,33670,NA,NA,NA
A3314100919225003,331410,Kivalina,2019-03-01,2019,3,commercial_sold_to,73139,73408,35256,57840,27831,NA,NA,NA
A3314101019225003,331410,Kivalina,2019-04-01,2019,4,commercial_sold_to,42273,73139,35256,47634,21982,NA,NA,NA
A3314100320225003,331410,Kivalina,2019-09-01,2019,9,commercial_sold_to,44431,27235,35256,36440,16740,NA,NA,NA
A3314100420225003,331410,Kivalina,2019-10-01,2019,10,commercial_sold_to,45644,44431,35256,31716,22077,NA,NA,NA
A3314100720225003,331410,Kivalina,2020-01-01,2020,1,commercial_sold_to,61792,21449,46422,56266,27196,NA,NA,NA
A3314100820225003,331410,Kivalina,2020-02-01,2020,2,commercial_sold_to,91083,61792,46422,70458,31902,NA,NA,NA
A3314100920225003,331410,Kivalina,2020-03-01,2020,3,commercial_sold_to,79125,91083,46422,59788,27233,NA,NA,NA
A3314101220225003,331410,Kivalina,2020-06-01,2020,6,commercial_sold_to,42524,28822,46422,32404,13509,NA,NA,NA
A3314100121225003,331410,Kivalina,2020-07-01,2020,7,commercial_sold_to,35985,42524,46422,39936,11605,NA,NA,NA
A3314100221225003,331410,Kivalina,2020-08-01,2020,8,commercial_sold_to,37347,35985,46422,42739,13277,NA,NA,NA
A3314100321225003,331410,Kivalina,2020-09-01,2020,9,commercial_sold_to,49493,37347,46422,46876,16234,NA,NA,NA
A3314100421225003,331410,Kivalina,2020-10-01,2020,10,commercial_sold_to,56404,49493,46422,35518,21001,NA,NA,NA
A3314100721225003,331410,Kivalina,2021-01-01,2021,1,commercial_sold_to,34178,24451,47846,54563,29958,NA,NA,NA
A3314100821225003,331410,Kivalina,2021-02-01,2021,2,commercial_sold_to,84675,34178,47846,49217,32543,NA,NA,NA
A3314100921225003,331410,Kivalina,2021-03-01,2021,3,commercial_sold_to,64256,84675,47846,71464,28720,NA,NA,NA
A3314101021225003,331410,Kivalina,2021-04-01,2021,4,commercial_sold_to,58254,64256,47846,67782,20384,NA,NA,NA
A3314101121225003,331410,Kivalina,2021-05-01,2021,5,commercial_sold_to,71309,58254,47846,43034,17084,NA,NA,NA
A3314100422225003,331410,Kivalina,2021-10-01,2021,10,commercial_sold_to,58052,22074,47846,49891,20836,NA,NA,NA
A3314100522225003,331410,Kivalina,2021-11-01,2021,11,commercial_sold_to,77708,58052,47846,60619,16807,NA,NA,NA
A3314100622225003,331410,Kivalina,2021-12-01,2021,12,commercial_sold_to,63186,77708,47846,78954,19094,NA,NA,NA
A3314100722225003,331410,Kivalina,2022-01-01,2022,1,commercial_sold_to,80201,63186,54067,65849,25356,NA,NA,NA
A3314100822225003,331410,Kivalina,2022-02-01,2022,2,powerhouse_consumption_kwh,7288,4481,4941,4764,3424,NA,NA,NA
A3314100822225003,331410,Kivalina,2022-02-01,2022,2,commercial_sold_to,68512,80201,54067,69274,34159,NA,NA,NA
A3314100922225003,331410,Kivalina,2022-03-01,2022,3,commercial_sold_to,58346,68512,54067,64460,29310,NA,NA,NA
A3314101022225003,331410,Kivalina,2022-04-01,2022,4,commercial_sold_to,60408,58346,54067,57988,20169,NA,NA,NA
A3314101122225003,331410,Kivalina,2022-05-01,2022,5,commercial_sold_to,57630,60408,54067,51853,18604,NA,NA,NA
A3314101222225003,331410,Kivalina,2022-06-01,2022,6,commercial_sold_to,43298,57630,54067,46639,13423,NA,NA,NA
A3314100123225003,331410,Kivalina,2022-07-01,2022,7,commercial_sold_to,35648,43298,54067,42150,11638,NA,NA,NA
A3314100223225003,331410,Kivalina,2022-08-01,2022,8,commercial_sold_to,41002,35648,54067,38354,12912,NA,NA,NA
A3314100323225003,331410,Kivalina,2022-09-01,2022,9,commercial_sold_to,41059,41002,54067,44615,17077,NA,NA,NA
A3314100423225003,331410,Kivalina,2022-10-01,2022,10,commercial_sold_to,48228,41059,54067,47329,21819,NA,NA,NA
A3314100523225003,331410,Kivalina,2022-11-01,2022,11,commercial_sold_to,53599,48228,54067,54553,19218,NA,NA,NA
A3314100523225003,331410,Kivalina,2022-11-01,2022,11,com_facil_sold_to,55651,49106,35681,54104,29414,NA,NA,NA
A3314100623225003,331410,Kivalina,2022-12-01,2022,12,commercial_sold_to,60878,53599,54067,60865,19325,NA,NA,NA
A3314100623225003,331410,Kivalina,2022-12-01,2022,12,com_facil_sold_to,59102,55651,35681,60606,28278,NA,NA,NA
A3314100723225003,331410,Kivalina,2023-01-01,2023,1,commercial_sold_to,68131,60878,16647,48794,26562,NA,NA,NA
A3314100723225003,331410,Kivalina,2023-01-01,2023,1,com_facil_sold_to,65560,59102,59958,62130,32971,NA,NA,NA
A3314100823225003,331410,Kivalina,2023-02-01,2023,2,commercial_sold_to,36711,68131,16647,41486,37339,NA,NA,NA
A3314100823225003,331410,Kivalina,2023-02-01,2023,2,com_facil_sold_to,65157,65560,59958,65863,28260,NA,NA,NA
A3314100923225003,331410,Kivalina,2023-03-01,2023,3,com_facil_sold_to,66166,65157,59958,65486,29786,NA,NA,NA
A3314101023225003,331410,Kivalina,2023-04-01,2023,4,com_facil_sold_to,65814,66166,59958,65437,28614,NA,NA,NA
A3314101123225003,331410,Kivalina,2023-05-01,2023,5,com_facil_sold_to,64708,65814,59958,58404,27949,NA,NA,NA
A3314100324225003,331410,Kivalina,2023-09-01,2023,9,com_facil_sold_to,52844,48092,59958,55626,26317,NA,NA,NA
A3314100424225003,331410,Kivalina,2023-10-01,2023,10,com_facil_sold_to,63159,52844,59958,57614,29295,NA,NA,NA
A3314100524225003,331410,Kivalina,2023-11-01,2023,11,com_facil_sold_to,62385,63159,59958,63786,28741,NA,NA,NA
A3314100624225003,331410,Kivalina,2023-12-01,2023,12,com_facil_sold_to,64414,62385,59958,65586,27747,NA,NA,NA
A3314100724225003,331410,Kivalina,2024-01-01,2024,1,com_facil_sold_to,68788,64414,55757,63173,32648,NA,NA,NA
A3314100824225003,331410,Kivalina,2024-02-01,2024,2,com_facil_sold_to,61932,68788,55757,69651,28583,NA,NA,NA
A3314100924225003,331410,Kivalina,2024-03-01,2024,3,com_facil_sold_to,70514,61932,55757,65567,29352,NA,NA,NA
A3314101024225003,331410,Kivalina,2024-04-01,2024,4,com_facil_sold_to,69202,70514,55757,67984,28276,NA,NA,NA
A3314101124225003,331410,Kivalina,2024-05-01,2024,5,com_facil_sold_to,65454,69202,55757,50046,27866,NA,NA,NA
A3314100325225003,331410,Kivalina,2024-09-01,2024,9,com_facil_sold_to,56406,52352,55757,56630,25961,NA,NA,NA
A3314100425225003,331410,Kivalina,2024-10-01,2024,10,com_facil_sold_to,60909,56406,55757,57004,29520,NA,NA,NA
A3314100525225003,331410,Kivalina,2024-11-01,2024,11,com_facil_sold_to,57602,60909,55757,44300,29219,NA,NA,NA
A3314100726225003,331410,Kivalina,2026-01-01,2026,1,residential_sold_to,90324,61234,68130,62856,63174,NA,NA,NA
A3314100726225003,331410,Kivalina,2026-01-01,2026,1,commercial_sold_to,32812,23663,27100,23696,30094,NA,NA,NA
A3311550719225003,331155,Klawock,2019-01-01,2019,1,commercial_sold_to,266989,345980,376422,360874,360125,NA,NA,NA
A3311550720225003,331155,Klawock,2020-01-01,2020,1,commercial_sold_to,256177,377792,386375,388295,361206,NA,NA,NA
A3311550726225003,331155,Klawock,2026-01-01,2026,1,residential_customers,348,414,379,379,399,NA,NA,NA
A3311550826225003,331155,Klawock,2026-02-01,2026,2,residential_customers,344,348,379,380,400,NA,NA,NA
A3327000623225003,332700,Klukwan,2022-12-01,2022,12,commercial_sold_to,15306,6235,8195,6235,7924,NA,NA,NA
A3320900516225003,332090,Kobuk,2015-11-01,2015,11,commercial_sold_to,12273,NA,13479,14685,8166,NA,NA,NA
A3320900616225003,332090,Kobuk,2015-12-01,2015,12,commercial_sold_to,14685,12273,13479,13506,8511,NA,NA,NA
A3320900716225003,332090,Kobuk,2016-01-01,2016,1,commercial_sold_to,14738,14685,7633,10603,8176,NA,NA,NA
A3320900417225003,332090,Kobuk,2016-10-01,2016,10,residential_customers,187,37,65,112,36,NA,NA,NA
A3320900517225003,332090,Kobuk,2016-11-01,2016,11,residential_customers,186,187,65,112,36,NA,NA,NA
A3320900717225003,332090,Kobuk,2017-01-01,2017,1,residential_customers,188,36,62,112,37,NA,NA,NA
A3320900817225003,332090,Kobuk,2017-02-01,2017,2,residential_customers,188,188,62,113,37,NA,NA,NA
A3320900724225003,332090,Kobuk,2024-01-01,2024,1,commercial_sold_to,3186,8045,7897,11882,9332,NA,NA,NA
A3320900824225003,332090,Kobuk,2024-02-01,2024,2,commercial_sold_to,15718,3186,7897,5790,7884,NA,NA,NA
A3320900526225003,332090,Kobuk,2025-11-01,2025,11,commercial_sold_to,11274,7437,7940,9768,8266,NA,NA,NA
A3320900626225003,332090,Kobuk,2025-12-01,2025,12,commercial_sold_to,12100,11274,7940,12679,8770,NA,NA,NA
A3320900726225003,332090,Kobuk,2026-01-01,2026,1,commercial_sold_to,14084,12100,12783,12182,8242,NA,NA,NA
A3320900826225003,332090,Kobuk,2026-02-01,2026,2,commercial_sold_to,12264,14084,12783,13638,8229,NA,NA,NA
A3320900926225003,332090,Kobuk,2026-03-01,2026,3,commercial_sold_to,13193,12264,12783,11928,7771,NA,NA,NA
A3320901026225003,332090,Kobuk,2026-04-01,2026,4,commercial_sold_to,11591,13193,12783,13193,7465,NA,NA,NA
A3321000616225003,332100,Kokhanok,2015-12-01,2015,12,unbilled_sold_to,800,NA,800,132,252,NA,NA,NA
A3321000716225003,332100,Kokhanok,2016-01-01,2016,1,com_facil_sold_to,16312,4666,6071,4737,8407,NA,NA,NA
A3321000322225003,332100,Kokhanok,2021-09-01,2021,9,fuel_used_gallons,8526,2852,3726,3188,3344,NA,NA,NA
A3321000322225003,332100,Kokhanok,2021-09-01,2021,9,residential_sold_to,39440,13676,17794,18089,15638,NA,NA,NA
A3321000523225003,332100,Kokhanok,2022-11-01,2022,11,commercial_sold_to,19893,3989,6020,4148,7145,NA,NA,NA
A3321000524225003,332100,Kokhanok,2023-11-01,2023,11,fuel_used_gallons,7051,3390,3645,3390,3618,NA,NA,NA
A3321000724225003,332100,Kokhanok,2024-01-01,2024,1,unbilled_sold_to,6389,173,681,178,189,NA,NA,NA
A3321000824225003,332100,Kokhanok,2024-02-01,2024,2,residential_sold_to,41086,20708,19389,21276,15390,NA,NA,NA
A3321001225225003,332100,Kokhanok,2025-06-01,2025,6,unbilled_sold_to,864,523,519,546,62,NA,NA,NA
A3321000626225003,332100,Kokhanok,2025-12-01,2025,12,commercial_sold_to,20461,8284,8240,16558,7354,NA,NA,NA
A3321000626225003,332100,Kokhanok,2025-12-01,2025,12,unbilled_sold_to,1376,440,519,465,194,NA,NA,NA
A3321000726225003,332100,Kokhanok,2026-01-01,2026,1,commercial_sold_to,24831,20461,17383,19962,6078,NA,NA,NA
A3321000826225003,332100,Kokhanok,2026-02-01,2026,2,commercial_sold_to,19464,24831,17383,24114,7391,NA,NA,NA
A3321000926225003,332100,Kokhanok,2026-03-01,2026,3,commercial_sold_to,23398,19464,17383,14454,8220,NA,NA,NA
A3321100116225003,332110,Koliganek,2015-07-01,2015,7,powerhouse_consumption_kwh,3363,NA,2315,NA,2197,NA,NA,NA
A3321101216225003,332110,Koliganek,2016-06-01,2016,6,commercial_sold_to,13208,5934,5799,6958,4982,NA,NA,NA
A3321100117225003,332110,Koliganek,2016-07-01,2016,7,powerhouse_consumption_kwh,3086,2457,2275,2722,2224,NA,NA,NA
A3321100217225003,332110,Koliganek,2016-08-01,2016,8,powerhouse_consumption_kwh,2987,3086,2275,2850,2052,NA,NA,NA
A3321100417225003,332110,Koliganek,2016-10-01,2016,10,residential_sold_to,34133,23451,25711,23660,22205,NA,NA,NA
A3321100817225003,332110,Koliganek,2017-02-01,2017,2,commercial_sold_to,11949,4999,6999,5796,4398,NA,NA,NA
A3321101217225003,332110,Koliganek,2017-06-01,2017,6,powerhouse_consumption_kwh,3148,2717,2356,3053,1828,NA,NA,NA
A3321100118225003,332110,Koliganek,2017-07-01,2017,7,powerhouse_consumption_kwh,3389,3148,2356,3052,2194,NA,NA,NA
A3321100218225003,332110,Koliganek,2017-08-01,2017,8,powerhouse_consumption_kwh,2957,3389,2356,2862,2055,NA,NA,NA
A3321100218225003,332110,Koliganek,2017-08-01,2017,8,commercial_sold_to,17511,6098,6999,5728,5118,NA,NA,NA
A3321100518225003,332110,Koliganek,2017-11-01,2017,11,govt_facil_sold_to,36987,23743,7466,16416,16260,NA,NA,NA
A3321101218225003,332110,Koliganek,2018-06-01,2018,6,powerhouse_consumption_kwh,2892,2526,2355,2822,1853,NA,NA,NA
A3321100119225003,332110,Koliganek,2018-07-01,2018,7,powerhouse_consumption_kwh,3117,2892,2355,3206,2221,NA,NA,NA
A3321100219225003,332110,Koliganek,2018-08-01,2018,8,powerhouse_consumption_kwh,3519,3117,2355,3014,1992,NA,NA,NA
A3321100319225003,332110,Koliganek,2018-09-01,2018,9,powerhouse_consumption_kwh,2912,3519,2355,2590,1760,NA,NA,NA
A3321100619225003,332110,Koliganek,2018-12-01,2018,12,peak_consumption_kw,168,136,133,142,94,NA,NA,NA
A3321100623225003,332110,Koliganek,2022-12-01,2022,12,fuel_used_gallons,9640,4896,5048,5064,5473,NA,NA,NA
A3321100623225003,332110,Koliganek,2022-12-01,2022,12,powerhouse_consumption_kwh,2806,1437,1650,1442,1499,NA,NA,NA
A3321100726225003,332110,Koliganek,2026-01-01,2026,1,com_facil_sold_to,13384,11317,9294,10658,8158,NA,NA,NA
A3325100616225003,332510,Kongiganak,2015-12-01,2015,12,residential_customers,103,NA,103,101,146,NA,NA,NA
A3325100716225003,332510,Kongiganak,2016-01-01,2016,1,residential_customers,101,103,103,103,146,NA,NA,NA
A3325100816225003,332510,Kongiganak,2016-02-01,2016,2,total_kwh_purchased,13731,0,11943,11171,4362,NA,NA,NA
A3325100816225003,332510,Kongiganak,2016-02-01,2016,2,residential_customers,103,101,103,102,150,NA,NA,NA
A3325100916225003,332510,Kongiganak,2016-03-01,2016,3,total_kwh_purchased,22342,13731,11943,11540,3948,NA,NA,NA
A3325100916225003,332510,Kongiganak,2016-03-01,2016,3,residential_customers,103,103,103,102,151,NA,NA,NA
A3325101016225003,332510,Kongiganak,2016-04-01,2016,4,residential_customers,101,103,103,102,146,NA,NA,NA
A3325101116225003,332510,Kongiganak,2016-05-01,2016,5,total_kwh_purchased,16464,9350,11943,9294,2360,NA,NA,NA
A3325101116225003,332510,Kongiganak,2016-05-01,2016,5,residential_customers,102,101,103,102,146,NA,NA,NA
A3325100117225003,332510,Kongiganak,2016-07-01,2016,7,residential_customers,102,104,103,103,142,NA,NA,NA
A3325100217225003,332510,Kongiganak,2016-08-01,2016,8,residential_customers,102,102,103,102,140,NA,NA,NA
A3325100317225003,332510,Kongiganak,2016-09-01,2016,9,residential_customers,102,102,103,104,140,NA,NA,NA
A3325100417225003,332510,Kongiganak,2016-10-01,2016,10,total_kwh_purchased,18117,6966,11943,12156,1399,NA,NA,NA
A3325100517225003,332510,Kongiganak,2016-11-01,2016,11,total_kwh_purchased,17345,18117,11943,17898,761,NA,NA,NA
A3325100617225003,332510,Kongiganak,2016-12-01,2016,12,total_kwh_purchased,17679,17345,11943,15332,1431,NA,NA,NA
A3325100717225003,332510,Kongiganak,2017-01-01,2017,1,total_kwh_purchased,13319,17679,11088,19287,2536,NA,NA,NA
A3325100817225003,332510,Kongiganak,2017-02-01,2017,2,total_kwh_purchased,20895,13319,11088,18390,3645,NA,NA,NA
A3325100917225003,332510,Kongiganak,2017-03-01,2017,3,total_kwh_purchased,23461,20895,11088,14714,3836,NA,NA,NA
A3325100318225003,332510,Kongiganak,2017-09-01,2017,9,peak_consumption_kw,421,230,256,326,205,NA,NA,NA
A3325100418225003,332510,Kongiganak,2017-10-01,2017,10,total_kwh_purchased,12591,8338,11088,7592,2013,NA,NA,NA
A3325100418225003,332510,Kongiganak,2017-10-01,2017,10,peak_consumption_kw,421,421,256,320,231,NA,NA,NA
A3325100618225003,332510,Kongiganak,2017-12-01,2017,12,total_kwh_purchased,14311,6845,11088,16104,1768,NA,NA,NA
A3325100618225003,332510,Kongiganak,2017-12-01,2017,12,unbilled_sold_to,19706,6818,4942,5804,2893,NA,NA,NA
A3325100718225003,332510,Kongiganak,2018-01-01,2018,1,total_kwh_purchased,25362,14311,10052,18516,1332,NA,NA,NA
A3325100818225003,332510,Kongiganak,2018-02-01,2018,2,total_kwh_purchased,22721,25362,10052,20690,3463,NA,NA,NA
A3325100918225003,332510,Kongiganak,2018-03-01,2018,3,total_kwh_purchased,16018,22721,10052,21270,4580,NA,NA,NA
A3325101018225003,332510,Kongiganak,2018-04-01,2018,4,total_kwh_purchased,19818,16018,10052,15918,1788,NA,NA,NA
A3325101118225003,332510,Kongiganak,2018-05-01,2018,5,total_kwh_purchased,15819,19818,10052,14298,2424,NA,NA,NA
A3325100119225003,332510,Kongiganak,2018-07-01,2018,7,total_kwh_purchased,12113,8779,10052,4390,846,NA,NA,NA
A3325100126225003,332510,Kongiganak,2025-07-01,2025,7,fuel_used_gallons,13388,5984,9344,7372,5709,NA,NA,NA
A3325100626225003,332510,Kongiganak,2025-12-01,2025,12,fuel_used_gallons,19986,8820,9344,10156,6078,NA,NA,NA
A3325100726225003,332510,Kongiganak,2026-01-01,2026,1,fuel_used_gallons,11491,19986,11012,14578,6267,NA,NA,NA
A3325100726225003,332510,Kongiganak,2026-01-01,2026,1,govt_facil_sold_to,5698,1132,1365,848,1181,NA,NA,NA
A3325101126225003,332510,Kongiganak,2026-05-01,2026,5,fuel_used_gallons,14978,6642,11012,10810,6112,NA,NA,NA
A3325101226225003,332510,Kongiganak,2026-06-01,2026,6,fuel_used_gallons,14978,14978,11012,14978,5730,NA,NA,NA
A3321200516225003,332120,Kotlik,2015-11-01,2015,11,commercial_sold_to,40143,37061,37708,39870,24367,NA,NA,NA
A3321200616225003,332120,Kotlik,2015-12-01,2015,12,commercial_sold_to,42680,40143,37708,41263,26620,NA,NA,NA
A3321200716225003,332120,Kotlik,2016-01-01,2016,1,commercial_sold_to,42383,42680,28884,34016,28415,NA,NA,NA
A3321200526225003,332120,Kotlik,2025-11-01,2025,11,fuel_used_gallons,0,12430,11076,6215,13487,NA,NA,NA
A3321200626225003,332120,Kotlik,2025-12-01,2025,12,fuel_used_gallons,0,0,11076,0,14747,NA,NA,NA
A3321200726225003,332120,Kotlik,2026-01-01,2026,1,fuel_used_gallons,0,0,0,0,15589,NA,NA,NA
A3321200826225003,332120,Kotlik,2026-02-01,2026,2,fuel_used_gallons,0,0,0,0,13752,NA,NA,NA
A3321200926225003,332120,Kotlik,2026-03-01,2026,3,fuel_used_gallons,0,0,0,0,14768,NA,NA,NA
A3321201026225003,332120,Kotlik,2026-04-01,2026,4,fuel_used_gallons,0,0,0,0,13682,NA,NA,NA
A3321300719225003,332130,Kotzebue,2019-01-01,2019,1,govt_facil_sold_to,184866,79851,82090,75366,80475,NA,NA,NA
A3321300324225003,332130,Kotzebue,2023-09-01,2023,9,com_facil_sold_to,226662,135761,159288,141366,129209,NA,NA,NA
A3321300424225003,332130,Kotzebue,2023-10-01,2023,10,solar_kwh_generated,913987,101655,257697,57078,79795,NA,NA,NA
A3321301124225003,332130,Kotzebue,2024-05-01,2024,5,solar_kwh_generated,387843,101508,124463,155958,148814,NA,NA,NA
A3321300626225003,332130,Kotzebue,2025-12-01,2025,12,peak_consumption_kw,1323,2856,2705,3086,3090,NA,NA,NA
A3314200524225003,331420,Koyuk,2023-11-01,2023,11,residential_customers,21,84,79,85,89,NA,NA,NA
A3314200524225003,331420,Koyuk,2023-11-01,2023,11,govt_facil_customers,135,18,28,18,18,NA,NA,NA
A3314200526225003,331420,Koyuk,2025-11-01,2025,11,fuel_used_gallons,0,7763,6767,3882,8623,NA,NA,NA
A3314200526225003,331420,Koyuk,2025-11-01,2025,11,commercial_sold_to,31245,8866,13152,21413,13679,NA,NA,NA
A3314200626225003,331420,Koyuk,2025-12-01,2025,12,fuel_used_gallons,0,0,6767,0,7577,NA,NA,NA
A3314200626225003,331420,Koyuk,2025-12-01,2025,12,commercial_sold_to,33960,31245,13152,34282,14150,NA,NA,NA
A3314200726225003,331420,Koyuk,2026-01-01,2026,1,fuel_used_gallons,0,0,0,0,9719,NA,NA,NA
A3314200726225003,331420,Koyuk,2026-01-01,2026,1,commercial_sold_to,37318,33960,31571,31670,14312,NA,NA,NA
A3314200826225003,331420,Koyuk,2026-02-01,2026,2,fuel_used_gallons,0,0,0,0,8891,NA,NA,NA
A3314200826225003,331420,Koyuk,2026-02-01,2026,2,commercial_sold_to,29381,37318,31571,35300,12693,NA,NA,NA
A3314200926225003,331420,Koyuk,2026-03-01,2026,3,fuel_used_gallons,0,0,0,0,8877,NA,NA,NA
A3314200926225003,331420,Koyuk,2026-03-01,2026,3,commercial_sold_to,33282,29381,31571,27842,13135,NA,NA,NA
A3314201026225003,331420,Koyuk,2026-04-01,2026,4,fuel_used_gallons,0,0,0,0,8335,NA,NA,NA
A3314201026225003,331420,Koyuk,2026-04-01,2026,4,commercial_sold_to,26304,33282,31571,33282,12925,NA,NA,NA
A3321400716225003,332140,Koyukuk,2016-01-01,2016,1,fuel_used_gallons,7920,2700,2575,2142,4435,NA,NA,NA
A3321400521225003,332140,Koyukuk,2020-11-01,2020,11,commercial_sold_to,16984,8547,7097,8736,5851,NA,NA,NA
A3321400522225003,332140,Koyukuk,2021-11-01,2021,11,fuel_used_gallons,11751,NA,5528,NA,3305,NA,NA,NA
A3321400522225003,332140,Koyukuk,2021-11-01,2021,11,diesel_kwh_generated,115431,NA,48238,NA,35681,NA,NA,NA
A3321400522225003,332140,Koyukuk,2021-11-01,2021,11,powerhouse_consumption_kwh,7038,NA,2790,NA,2483,NA,NA,NA
A3321400522225003,332140,Koyukuk,2021-11-01,2021,11,residential_sold_to,37356,NA,14933,NA,12546,NA,NA,NA
A3321400522225003,332140,Koyukuk,2021-11-01,2021,11,commercial_sold_to,19273,NA,9540,NA,5597,NA,NA,NA
A3321400522225003,332140,Koyukuk,2021-11-01,2021,11,com_facil_sold_to,12323,NA,4205,NA,2745,NA,NA,NA
A3321401022225003,332140,Koyukuk,2022-04-01,2022,4,fuel_used_gallons,16983,NA,5225,2637,3257,NA,NA,NA
A3321401022225003,332140,Koyukuk,2022-04-01,2022,4,diesel_kwh_generated,169866,NA,56432,25557,25945,NA,NA,NA
A3321401022225003,332140,Koyukuk,2022-04-01,2022,4,powerhouse_consumption_kwh,7294,NA,3323,1785,1801,NA,NA,NA
A3321401022225003,332140,Koyukuk,2022-04-01,2022,4,residential_sold_to,57000,NA,22066,9401,10221,NA,NA,NA
A3321401022225003,332140,Koyukuk,2022-04-01,2022,4,commercial_sold_to,23152,NA,8209,4891,5371,NA,NA,NA
A3321401022225003,332140,Koyukuk,2022-04-01,2022,4,com_facil_sold_to,18551,NA,5139,2326,1467,NA,NA,NA
A3321401022225003,332140,Koyukuk,2022-04-01,2022,4,govt_facil_sold_to,11869,NA,2125,448,2269,NA,NA,NA
A3321400423225003,332140,Koyukuk,2022-10-01,2022,10,diesel_kwh_generated,63569,NA,56432,75281,27273,NA,NA,NA
A3321400423225003,332140,Koyukuk,2022-10-01,2022,10,residential_sold_to,29596,NA,22066,24471,9849,NA,NA,NA
A3321400523225003,332140,Koyukuk,2022-11-01,2022,11,diesel_kwh_generated,75281,63569,56432,53840,40142,NA,NA,NA
A3321400523225003,332140,Koyukuk,2022-11-01,2022,11,residential_sold_to,24471,29596,22066,27875,13978,NA,NA,NA
A3321400623225003,332140,Koyukuk,2022-12-01,2022,12,residential_sold_to,26154,24471,22066,22299,12268,NA,NA,NA
A3321400124225003,332140,Koyukuk,2023-07-01,2023,7,powerhouse_consumption_kwh,6161,1600,2750,2523,2118,NA,NA,NA
A3321400625225003,332140,Koyukuk,2024-12-01,2024,12,fuel_used_gallons,9768,3622,3974,4216,3412,NA,NA,NA
A3321400626225003,332140,Koyukuk,2025-12-01,2025,12,govt_facil_sold_to,12137,5639,6820,11284,3612,NA,NA,NA
A3321400726225003,332140,Koyukuk,2026-01-01,2026,1,diesel_kwh_generated,55364,37041,46231,37070,34301,NA,NA,NA
A3321400726225003,332140,Koyukuk,2026-01-01,2026,1,govt_facil_sold_to,16928,12137,13016,10620,3756,NA,NA,NA
A3321500523225003,332150,Kwethluk,2022-11-01,2022,11,powerhouse_consumption_kwh,8799,NA,3985,3427,3240,NA,NA,NA
A3321500224225003,332150,Kwethluk,2023-08-01,2023,8,powerhouse_consumption_kwh,91,2079,1976,2079,3307,NA,NA,NA
A3321500225225003,332150,Kwethluk,2024-08-01,2024,8,peak_consumption_kw,678,389,530,500,279,NA,NA,NA
A3321500325225003,332150,Kwethluk,2024-09-01,2024,9,peak_consumption_kw,611,678,530,648,302,NA,NA,NA
A3321500425225003,332150,Kwethluk,2024-10-01,2024,10,peak_consumption_kw,618,611,530,604,324,NA,NA,NA
A3321500525225003,332150,Kwethluk,2024-11-01,2024,11,peak_consumption_kw,598,618,530,548,350,NA,NA,NA
A3321500426225003,332150,Kwethluk,2025-10-01,2025,10,unbilled_sold_to,45906,10468,15492,14937,10220,NA,NA,NA
A3321600416225003,332160,Kwigillingok,2015-10-01,2015,10,wind_kwh_generated,116614,NA,84310,NA,25133,NA,NA,NA
A3321600416225003,332160,Kwigillingok,2015-10-01,2015,10,powerhouse_consumption_kwh,9271,NA,6575,NA,3646,NA,NA,NA
A3321600416225003,332160,Kwigillingok,2015-10-01,2015,10,residential_sold_to,99632,NA,68924,NA,44256,NA,NA,NA
A3321600416225003,332160,Kwigillingok,2015-10-01,2015,10,commercial_sold_to,142773,NA,95260,NA,52502,NA,NA,NA
A3321600416225003,332160,Kwigillingok,2015-10-01,2015,10,com_facil_sold_to,13121,NA,10720,NA,3121,NA,NA,NA
A3321600416225003,332160,Kwigillingok,2015-10-01,2015,10,govt_facil_sold_to,1766,NA,1378,NA,258,NA,NA,NA
A3321600716225003,332160,Kwigillingok,2016-01-01,2016,1,com_facil_sold_to,12352,8319,5032,9478,5311,NA,NA,NA
A3321600716225003,332160,Kwigillingok,2016-01-01,2016,1,govt_facil_sold_to,1391,990,762,1148,1015,NA,NA,NA
A3321600816225003,332160,Kwigillingok,2016-02-01,2016,2,com_facil_sold_to,10636,12352,5032,11994,4461,NA,NA,NA
A3321600816225003,332160,Kwigillingok,2016-02-01,2016,2,govt_facil_sold_to,1306,1391,762,1366,806,NA,NA,NA
A3321600916225003,332160,Kwigillingok,2016-03-01,2016,3,com_facil_sold_to,11635,10636,5032,7726,5411,NA,NA,NA
A3321600916225003,332160,Kwigillingok,2016-03-01,2016,3,govt_facil_sold_to,1340,1306,762,1340,982,NA,NA,NA
A3321601016225003,332160,Kwigillingok,2016-04-01,2016,4,powerhouse_consumption_kwh,10184,5483,4931,4936,3942,NA,NA,NA
A3321601016225003,332160,Kwigillingok,2016-04-01,2016,4,govt_facil_sold_to,1375,1340,762,829,528,NA,NA,NA
A3321600617225003,332160,Kwigillingok,2016-12-01,2016,12,govt_facil_sold_to,1150,798,762,968,827,NA,NA,NA
A3321600717225003,332160,Kwigillingok,2017-01-01,2017,1,residential_sold_to,87180,52063,46859,48848,53992,NA,NA,NA
A3321600717225003,332160,Kwigillingok,2017-01-01,2017,1,com_facil_sold_to,11327,2890,5523,6992,5413,NA,NA,NA
A3321600717225003,332160,Kwigillingok,2017-01-01,2017,1,govt_facil_sold_to,1139,1150,609,1105,1040,NA,NA,NA
A3321600817225003,332160,Kwigillingok,2017-02-01,2017,2,com_facil_sold_to,11093,11327,5523,11618,4415,NA,NA,NA
A3321600817225003,332160,Kwigillingok,2017-02-01,2017,2,govt_facil_sold_to,1060,1139,609,1156,830,NA,NA,NA
A3321600917225003,332160,Kwigillingok,2017-03-01,2017,3,com_facil_sold_to,11909,11093,5523,8276,5384,NA,NA,NA
A3321600917225003,332160,Kwigillingok,2017-03-01,2017,3,govt_facil_sold_to,1173,1060,609,828,998,NA,NA,NA
A3321600618225003,332160,Kwigillingok,2017-12-01,2017,12,govt_facil_sold_to,1103,579,609,1094,831,NA,NA,NA
A3321600718225003,332160,Kwigillingok,2018-01-01,2018,1,com_facil_sold_to,9374,5722,4630,4118,5608,NA,NA,NA
A3321600718225003,332160,Kwigillingok,2018-01-01,2018,1,govt_facil_sold_to,1608,1103,592,781,993,NA,NA,NA
A3321600818225003,332160,Kwigillingok,2018-02-01,2018,2,wind_kwh_generated,122432,69828,32173,46454,28102,NA,NA,NA
A3321600918225003,332160,Kwigillingok,2018-03-01,2018,3,com_facil_sold_to,9223,2513,4630,4120,5653,NA,NA,NA
A3321600119225003,332160,Kwigillingok,2018-07-01,2018,7,powerhouse_consumption_kwh,9890,7655,5223,8927,3742,NA,NA,NA
A3321600219225003,332160,Kwigillingok,2018-08-01,2018,8,powerhouse_consumption_kwh,10199,9890,5223,7416,3726,NA,NA,NA
A3321600619225003,332160,Kwigillingok,2018-12-01,2018,12,govt_facil_sold_to,1075,712,592,864,834,NA,NA,NA
A3321600719225003,332160,Kwigillingok,2019-01-01,2019,1,powerhouse_consumption_kwh,9504,6571,6111,4407,5211,NA,NA,NA
A3321600719225003,332160,Kwigillingok,2019-01-01,2019,1,unbilled_sold_to,8514,4844,3143,5128,3197,NA,NA,NA
A3321600620225003,332160,Kwigillingok,2019-12-01,2019,12,govt_facil_sold_to,1304,617,535,1233,811,NA,NA,NA
A3321600720225003,332160,Kwigillingok,2020-01-01,2020,1,govt_facil_sold_to,1849,1304,837,1881,969,NA,NA,NA
A3321600720225003,332160,Kwigillingok,2020-01-01,2020,1,unbilled_sold_to,10791,6856,3281,8176,2969,NA,NA,NA
A3321600820225003,332160,Kwigillingok,2020-02-01,2020,2,govt_facil_sold_to,2458,1849,837,1664,690,NA,NA,NA
A3321600820225003,332160,Kwigillingok,2020-02-01,2020,2,unbilled_sold_to,9496,10791,3281,6504,2440,NA,NA,NA
A3321600920225003,332160,Kwigillingok,2020-03-01,2020,3,govt_facil_sold_to,1479,2458,837,1657,968,NA,NA,NA
A3321600721225003,332160,Kwigillingok,2021-01-01,2021,1,powerhouse_consumption_kwh,12326,7565,4229,5244,4898,NA,NA,NA
A3321600322225003,332160,Kwigillingok,2021-09-01,2021,9,fuel_used_gallons,28051,7712,9658,7954,7522,NA,NA,NA
A3321600722225003,332160,Kwigillingok,2022-01-01,2022,1,fuel_used_gallons,34740,9807,10572,9336,7555,NA,NA,NA
A3321600724225003,332160,Kwigillingok,2024-01-01,2024,1,residential_customers,16,113,104,113,99,NA,NA,NA
A3321600625225003,332160,Kwigillingok,2024-12-01,2024,12,govt_facil_sold_to,1276,729,413,962,814,NA,NA,NA
A3321600725225003,332160,Kwigillingok,2025-01-01,2025,1,govt_facil_sold_to,1194,1276,534,794,1035,NA,NA,NA
A3321600925225003,332160,Kwigillingok,2025-03-01,2025,3,govt_facil_sold_to,1207,313,534,486,995,NA,NA,NA
A3321600326225003,332160,Kwigillingok,2025-09-01,2025,9,powerhouse_consumption_kwh,9709,2495,3483,3036,4391,NA,NA,NA
A3321600526225003,332160,Kwigillingok,2025-11-01,2025,11,govt_facil_sold_to,1088,294,534,464,553,NA,NA,NA
A3321600626225003,332160,Kwigillingok,2025-12-01,2025,12,residential_sold_to,8648,17089,39864,16597,52769,NA,NA,NA
A3321600726225003,332160,Kwigillingok,2026-01-01,2026,1,govt_facil_sold_to,1924,633,1274,1117,962,NA,NA,NA
A3321600826225003,332160,Kwigillingok,2026-02-01,2026,2,residential_sold_to,13770,16105,16368,17358,46166,NA,NA,NA
A3321600826225003,332160,Kwigillingok,2026-02-01,2026,2,govt_facil_sold_to,1601,1924,1274,2104,776,NA,NA,NA
A3321600926225003,332160,Kwigillingok,2026-03-01,2026,3,govt_facil_sold_to,2285,1601,1274,1158,887,NA,NA,NA
A3321700817225003,332170,Larsen Bay,2017-02-01,2017,2,fuel_used_gallons,2146,NA,874,2895,37,NA,NA,NA
A3321700917225003,332170,Larsen Bay,2017-03-01,2017,3,fuel_used_gallons,2895,2146,874,1500,446,NA,NA,NA
A3321701017225003,332170,Larsen Bay,2017-04-01,2017,4,fuel_used_gallons,855,2895,874,1448,14,NA,NA,NA
A3321701217225003,332170,Larsen Bay,2017-06-01,2017,6,govt_facil_sold_to,8942,1517,2194,1439,1191,NA,NA,NA
A3321700218225003,332170,Larsen Bay,2017-08-01,2017,8,peak_consumption_kw,275,154,209,214,204,NA,NA,NA
A3321700318225003,332170,Larsen Bay,2017-09-01,2017,9,fuel_used_gallons,725,NA,874,1205,1186,NA,NA,NA
A3321700318225003,332170,Larsen Bay,2017-09-01,2017,9,peak_consumption_kw,275,275,209,234,204,NA,NA,NA
A3321700418225003,332170,Larsen Bay,2017-10-01,2017,10,fuel_used_gallons,1205,725,874,382,918,NA,NA,NA
A3321700518225003,332170,Larsen Bay,2017-11-01,2017,11,peak_consumption_kw,100,193,209,212,191,NA,NA,NA
A3321700319225003,332170,Larsen Bay,2018-09-01,2018,9,fuel_used_gallons,1186,NA,279,639,955,NA,NA,NA
A3321700419225003,332170,Larsen Bay,2018-10-01,2018,10,fuel_used_gallons,639,1186,279,900,1200,NA,NA,NA
A3321700519225003,332170,Larsen Bay,2018-11-01,2018,11,fuel_used_gallons,613,639,279,320,50,NA,NA,NA
A3321700220225003,332170,Larsen Bay,2019-08-01,2019,8,fuel_used_gallons,1110,113,362,649,NA,NA,NA,NA
A3321700320225003,332170,Larsen Bay,2019-09-01,2019,9,fuel_used_gallons,1185,1110,362,1153,956,NA,NA,NA
A3321700420225003,332170,Larsen Bay,2019-10-01,2019,10,fuel_used_gallons,1196,1185,362,648,922,NA,NA,NA
A3321700920225003,332170,Larsen Bay,2020-03-01,2020,3,fuel_used_gallons,1337,111,362,111,965,NA,NA,NA
A3321800817225003,332180,Levelock,2017-02-01,2017,2,com_facil_sold_to,8757,4943,3732,4548,3972,NA,NA,NA
A3321800920225003,332180,Levelock,2020-03-01,2020,3,fuel_used_gallons,6320,2910,3314,3048,3636,NA,NA,NA
A3321800721225003,332180,Levelock,2021-01-01,2021,1,fuel_used_gallons,0,4507,3018,5235,3764,NA,NA,NA
A3321800821225003,332180,Levelock,2021-02-01,2021,2,fuel_used_gallons,5963,0,3018,1812,3239,NA,NA,NA
A3321800821225003,332180,Levelock,2021-02-01,2021,2,diesel_kwh_generated,77087,NA,41701,43130,39596,NA,NA,NA
A3321800522225003,332180,Levelock,2021-11-01,2021,11,diesel_kwh_generated,100338,33867,41701,29406,37983,NA,NA,NA
A3321800522225003,332180,Levelock,2021-11-01,2021,11,govt_facil_sold_to,12999,3450,3924,3822,3750,NA,NA,NA
A3321800623225003,332180,Levelock,2022-12-01,2022,12,peak_consumption_kw,28,99,84,106,98,NA,NA,NA
A3321800225225003,332180,Levelock,2024-08-01,2024,8,peak_consumption_kw,200,83,109,98,85,NA,NA,NA
A3321800726225003,332180,Levelock,2026-01-01,2026,1,com_facil_sold_to,6563,5344,6897,5952,3863,NA,NA,NA
A3321800826225003,332180,Levelock,2026-02-01,2026,2,com_facil_sold_to,6561,6563,6897,7580,4216,NA,NA,NA
A3321800926225003,332180,Levelock,2026-03-01,2026,3,com_facil_sold_to,8596,6561,6897,7314,3885,NA,NA,NA
A3321801026225003,332180,Levelock,2026-04-01,2026,4,com_facil_sold_to,8067,8596,6897,7466,3233,NA,NA,NA
A3321900617225003,332190,Lime Village,2016-12-01,2016,12,commercial_sold_to,3724,1259,1435,1219,1670,NA,NA,NA
A3321900518225003,332190,Lime Village,2017-11-01,2017,11,govt_facil_sold_to,330,52,104,333,237,NA,NA,NA
A3321900618225003,332190,Lime Village,2017-12-01,2017,12,govt_facil_sold_to,614,330,104,330,258,NA,NA,NA
A3321900818225003,332190,Lime Village,2018-02-01,2018,2,fuel_used_gallons,1814,NA,1191,NA,606,NA,NA,NA
A3321900818225003,332190,Lime Village,2018-02-01,2018,2,diesel_kwh_generated,16121,NA,9052,NA,7691,NA,NA,NA
A3321900818225003,332190,Lime Village,2018-02-01,2018,2,powerhouse_consumption_kwh,1193,NA,550,NA,776,NA,NA,NA
A3321900818225003,332190,Lime Village,2018-02-01,2018,2,govt_facil_sold_to,577,NA,174,NA,192,NA,NA,NA
A3321900619225003,332190,Lime Village,2018-12-01,2018,12,fuel_used_gallons,1803,NA,1191,NA,895,NA,NA,NA
A3321900619225003,332190,Lime Village,2018-12-01,2018,12,diesel_kwh_generated,15562,NA,9052,NA,7538,NA,NA,NA
A3321900619225003,332190,Lime Village,2018-12-01,2018,12,govt_facil_sold_to,390,NA,174,NA,296,NA,NA,NA
A3321900819225003,332190,Lime Village,2019-02-01,2019,2,powerhouse_consumption_kwh,1492,NA,335,252,701,NA,NA,NA
A3321900919225003,332190,Lime Village,2019-03-01,2019,3,govt_facil_sold_to,1261,200,212,116,262,NA,NA,NA
A3321900520225003,332190,Lime Village,2019-11-01,2019,11,govt_facil_sold_to,397,47,212,47,226,NA,NA,NA
A3321900720225003,332190,Lime Village,2020-01-01,2020,1,fuel_used_gallons,1472,NA,1472,NA,608,NA,NA,NA
A3321900720225003,332190,Lime Village,2020-01-01,2020,1,diesel_kwh_generated,13979,NA,13979,NA,4689,NA,NA,NA
A3321900720225003,332190,Lime Village,2020-01-01,2020,1,commercial_sold_to,4278,NA,4278,NA,1303,NA,NA,NA
A3321900720225003,332190,Lime Village,2020-01-01,2020,1,govt_facil_sold_to,1621,NA,1621,NA,327,NA,NA,NA
A3321900721225003,332190,Lime Village,2021-01-01,2021,1,govt_facil_sold_to,969,NA,484,0,436,NA,NA,NA
A3321901023225003,332190,Lime Village,2023-04-01,2023,4,fuel_used_gallons,6438,NA,4103,NA,2603,NA,NA,NA
A3321901023225003,332190,Lime Village,2023-04-01,2023,4,diesel_kwh_generated,59134,NA,40982,NA,22994,NA,NA,NA
A3321901023225003,332190,Lime Village,2023-04-01,2023,4,residential_sold_to,9042,NA,4568,NA,1692,NA,NA,NA
A3321901023225003,332190,Lime Village,2023-04-01,2023,4,commercial_sold_to,10468,NA,3586,NA,1032,NA,NA,NA
A3321901023225003,332190,Lime Village,2023-04-01,2023,4,com_facil_sold_to,11294,NA,6872,NA,1799,NA,NA,NA
A3321901023225003,332190,Lime Village,2023-04-01,2023,4,govt_facil_sold_to,6923,NA,1541,NA,170,NA,NA,NA
A3321900224225003,332190,Lime Village,2023-08-01,2023,8,fuel_used_gallons,1768,NA,4103,NA,685,NA,NA,NA
A3321900224225003,332190,Lime Village,2023-08-01,2023,8,diesel_kwh_generated,22829,NA,40982,NA,6622,NA,NA,NA
A3321900224225003,332190,Lime Village,2023-08-01,2023,8,residential_sold_to,6413,NA,4568,1456,1971,NA,NA,NA
A3321900224225003,332190,Lime Village,2023-08-01,2023,8,commercial_sold_to,5746,NA,3586,901,1317,NA,NA,NA
A3321900224225003,332190,Lime Village,2023-08-01,2023,8,com_facil_sold_to,4811,NA,6872,890,909,NA,NA,NA
A3321900424225003,332190,Lime Village,2023-10-01,2023,10,com_facil_sold_to,8078,890,6872,4484,934,NA,NA,NA
A3321900424225003,332190,Lime Village,2023-10-01,2023,10,govt_facil_sold_to,702,36,1541,369,62,NA,NA,NA
A3321900524225003,332190,Lime Village,2023-11-01,2023,11,com_facil_sold_to,8078,8078,6872,8078,917,NA,NA,NA
A3321900524225003,332190,Lime Village,2023-11-01,2023,11,govt_facil_sold_to,702,702,1541,702,175,NA,NA,NA
A3321900624225003,332190,Lime Village,2023-12-01,2023,12,com_facil_sold_to,8078,8078,6872,8078,1502,NA,NA,NA
A3321900624225003,332190,Lime Village,2023-12-01,2023,12,govt_facil_sold_to,702,702,1541,702,244,NA,NA,NA
A3321900724225003,332190,Lime Village,2024-01-01,2024,1,com_facil_sold_to,8078,8078,4574,8078,1271,NA,NA,NA
A3321900724225003,332190,Lime Village,2024-01-01,2024,1,govt_facil_sold_to,702,702,339,702,480,NA,NA,NA
A3321900824225003,332190,Lime Village,2024-02-01,2024,2,com_facil_sold_to,8078,8078,4574,8078,1348,NA,NA,NA
A3321900824225003,332190,Lime Village,2024-02-01,2024,2,govt_facil_sold_to,702,702,339,702,174,NA,NA,NA
A3321900924225003,332190,Lime Village,2024-03-01,2024,3,com_facil_sold_to,8078,8078,4574,8086,1250,NA,NA,NA
A3321900924225003,332190,Lime Village,2024-03-01,2024,3,govt_facil_sold_to,702,702,339,704,374,NA,NA,NA
A3321901024225003,332190,Lime Village,2024-04-01,2024,4,fuel_used_gallons,10863,NA,10863,NA,1718,NA,NA,NA
A3321901024225003,332190,Lime Village,2024-04-01,2024,4,diesel_kwh_generated,100015,NA,100015,NA,14818,NA,NA,NA
A3321901024225003,332190,Lime Village,2024-04-01,2024,4,com_facil_sold_to,8094,8078,4574,4724,2199,NA,NA,NA
A3321901024225003,332190,Lime Village,2024-04-01,2024,4,govt_facil_sold_to,706,702,339,376,947,NA,NA,NA
A3321901124225003,332190,Lime Village,2024-05-01,2024,5,residential_sold_to,5182,3538,3723,3538,1274,NA,NA,NA
A3321900325225003,332190,Lime Village,2024-09-01,2024,9,residential_sold_to,9113,NA,3723,1866,1858,NA,NA,NA
A3321900325225003,332190,Lime Village,2024-09-01,2024,9,commercial_sold_to,5443,NA,1519,235,1119,NA,NA,NA
A3321900325225003,332190,Lime Village,2024-09-01,2024,9,com_facil_sold_to,4824,NA,4574,474,887,NA,NA,NA
A3321900825225003,332190,Lime Village,2025-02-01,2025,2,powerhouse_consumption_kwh,1098,932,1079,1046,800,NA,NA,NA
A3321900925225003,332190,Lime Village,2025-03-01,2025,3,powerhouse_consumption_kwh,1161,1098,1079,1111,260,NA,NA,NA
A3321900925225003,332190,Lime Village,2025-03-01,2025,3,commercial_sold_to,8620,282,1896,566,1626,NA,NA,NA
A3321900925225003,332190,Lime Village,2025-03-01,2025,3,govt_facil_sold_to,309,0,125,25,452,NA,NA,NA
A3321901025225003,332190,Lime Village,2025-04-01,2025,4,powerhouse_consumption_kwh,1124,1161,1079,1161,433,NA,NA,NA
A3321900126225003,332190,Lime Village,2025-07-01,2025,7,residential_sold_to,6379,1678,2841,2146,1466,NA,NA,NA
A3321900126225003,332190,Lime Village,2025-07-01,2025,7,commercial_sold_to,3798,850,1896,1080,1000,NA,NA,NA
A3314300516225003,331430,Lower Kalskag,2015-11-01,2015,11,commercial_sold_to,11740,NA,11502,11264,5216,NA,NA,NA
A3314300616225003,331430,Lower Kalskag,2015-12-01,2015,12,commercial_sold_to,11264,11740,11502,11412,5741,NA,NA,NA
A3314300716225003,331430,Lower Kalskag,2016-01-01,2016,1,commercial_sold_to,11083,11264,6071,8684,5616,NA,NA,NA
A3322000225225003,332200,Manley Hot Springs,2024-08-01,2024,8,powerhouse_consumption_kwh,9317,5264,5135,7774,1714,NA,NA,NA
A3322000325225003,332200,Manley Hot Springs,2024-09-01,2024,9,powerhouse_consumption_kwh,10283,9317,5135,9246,1519,NA,NA,NA
A3322000425225003,332200,Manley Hot Springs,2024-10-01,2024,10,powerhouse_consumption_kwh,9174,10283,5135,8012,2552,NA,NA,NA
A3322000726225003,332200,Manley Hot Springs,2026-01-01,2026,1,fuel_used_gallons,6513,6031,4008,5825,4471,NA,NA,NA
A3322000726225003,332200,Manley Hot Springs,2026-01-01,2026,1,residential_sold_to,24925,20778,16894,19931,15746,NA,NA,NA
A3322100818225003,332210,Manokotak,2018-02-01,2018,2,unbilled_sold_to,12274,4482,5163,4785,3849,NA,NA,NA
A3322101019225003,332210,Manokotak,2019-04-01,2019,4,unbilled_sold_to,16663,5909,6245,11286,3502,NA,NA,NA
A3322101119225003,332210,Manokotak,2019-05-01,2019,5,unbilled_sold_to,16663,16663,6245,12217,2744,NA,NA,NA
A3322100721225003,332210,Manokotak,2021-01-01,2021,1,com_facil_sold_to,15931,6124,6409,5921,6837,NA,NA,NA
A3322100522225003,332210,Manokotak,2021-11-01,2021,11,residential_sold_to,90188,40266,59609,59806,55481,NA,NA,NA
A3322100722225003,332210,Manokotak,2022-01-01,2022,1,govt_facil_sold_to,60963,39469,23930,23792,23877,NA,NA,NA
A3322100823225003,332210,Manokotak,2023-02-01,2023,2,commercial_sold_to,34535,11345,16994,10823,14643,NA,NA,NA
A3322100124225003,332210,Manokotak,2023-07-01,2023,7,commercial_sold_to,34117,11155,16994,11700,14742,NA,NA,NA
A3322100525225003,332210,Manokotak,2024-11-01,2024,11,com_facil_sold_to,12334,4708,6743,5166,5474,NA,NA,NA
A3322100625225003,332210,Manokotak,2024-12-01,2024,12,unbilled_sold_to,10303,5679,5094,6152,4568,NA,NA,NA
A3314400116225003,331440,Marshall,2015-07-01,2015,7,commercial_sold_to,18994,NA,21297,19343,9646,NA,NA,NA
A3314400216225003,331440,Marshall,2015-08-01,2015,8,commercial_sold_to,19343,18994,21297,20318,9388,NA,NA,NA
A3314400316225003,331440,Marshall,2015-09-01,2015,9,commercial_sold_to,21643,19343,21297,21370,9352,NA,NA,NA
A3314400416225003,331440,Marshall,2015-10-01,2015,10,commercial_sold_to,23396,21643,21297,21924,9170,NA,NA,NA
A3314400516225003,331440,Marshall,2015-11-01,2015,11,commercial_sold_to,22206,23396,21297,22798,8862,NA,NA,NA
A3314400616225003,331440,Marshall,2015-12-01,2015,12,commercial_sold_to,22199,22206,21297,22826,8931,NA,NA,NA
A3314400716225003,331440,Marshall,2016-01-01,2016,1,commercial_sold_to,23447,22199,9001,15080,9267,NA,NA,NA
A3314400217225003,331440,Marshall,2016-08-01,2016,8,residential_customers,161,110,108,110,107,NA,NA,NA
A3314400417225003,331440,Marshall,2016-10-01,2016,10,powerhouse_consumption_kwh,6555,3432,2886,2892,2789,NA,NA,NA
A3314400618225003,331440,Marshall,2017-12-01,2017,12,fuel_used_gallons,16927,8895,9420,9406,10585,NA,NA,NA
A3314400620225003,331440,Marshall,2019-12-01,2019,12,fuel_used_gallons,24038,8659,9836,9872,9874,NA,NA,NA
A3314401124225003,331440,Marshall,2024-05-01,2024,5,commercial_sold_to,18251,10795,12819,14066,9128,NA,NA,NA
A3314401224225003,331440,Marshall,2024-06-01,2024,6,commercial_sold_to,17337,18251,12819,17812,8940,NA,NA,NA
A3314400125225003,331440,Marshall,2024-07-01,2024,7,commercial_sold_to,17374,17337,12819,18641,9808,NA,NA,NA
A3314400225225003,331440,Marshall,2024-08-01,2024,8,commercial_sold_to,19945,17374,12819,18565,9328,NA,NA,NA
A3314400325225003,331440,Marshall,2024-09-01,2024,9,commercial_sold_to,19756,19945,12819,18736,9541,NA,NA,NA
A3314400425225003,331440,Marshall,2024-10-01,2024,10,commercial_sold_to,17527,19756,12819,13108,9757,NA,NA,NA
A3314401125225003,331440,Marshall,2025-05-01,2025,5,commercial_sold_to,16377,6938,12485,11362,9336,NA,NA,NA
A3314401225225003,331440,Marshall,2025-06-01,2025,6,commercial_sold_to,15785,16377,12485,14700,9113,NA,NA,NA
A3314400526225003,331440,Marshall,2025-11-01,2025,11,fuel_used_gallons,0,9597,8337,4798,9481,NA,NA,NA
A3314400526225003,331440,Marshall,2025-11-01,2025,11,commercial_sold_to,21900,11494,12485,17380,8893,NA,NA,NA
A3314400626225003,331440,Marshall,2025-12-01,2025,12,fuel_used_gallons,0,0,8337,0,12277,NA,NA,NA
A3314400626225003,331440,Marshall,2025-12-01,2025,12,commercial_sold_to,23267,21900,12485,23992,8824,NA,NA,NA
A3314400726225003,331440,Marshall,2026-01-01,2026,1,fuel_used_gallons,0,0,0,0,10996,NA,NA,NA
A3314400726225003,331440,Marshall,2026-01-01,2026,1,commercial_sold_to,26083,23267,25066,24198,9003,NA,NA,NA
A3314400826225003,331440,Marshall,2026-02-01,2026,2,fuel_used_gallons,0,0,0,0,9949,NA,NA,NA
A3314400826225003,331440,Marshall,2026-02-01,2026,2,commercial_sold_to,25130,26083,25066,26338,6704,NA,NA,NA
A3314400926225003,331440,Marshall,2026-03-01,2026,3,fuel_used_gallons,0,0,0,0,10304,NA,NA,NA
A3314400926225003,331440,Marshall,2026-03-01,2026,3,commercial_sold_to,26594,25130,25066,23792,7551,NA,NA,NA
A3314401026225003,331440,Marshall,2026-04-01,2026,4,fuel_used_gallons,0,0,0,0,9399,NA,NA,NA
A3314401026225003,331440,Marshall,2026-04-01,2026,4,commercial_sold_to,22455,26594,25066,26594,8114,NA,NA,NA
A3322200117225003,332220,McGrath,2016-07-01,2016,7,peak_consumption_kw,734,389,467,519,569,NA,NA,NA
A3322200218225003,332220,McGrath,2017-08-01,2017,8,peak_consumption_kw,704,340,412,334,565,NA,NA,NA
A3322200119225003,332220,McGrath,2018-07-01,2018,7,peak_consumption_kw,1218,371,468,437,515,NA,NA,NA
A3322201021225003,332220,McGrath,2021-04-01,2021,4,peak_consumption_kw,686,414,524,480,400,NA,NA,NA
A3322200222225003,332220,McGrath,2021-08-01,2021,8,peak_consumption_kw,799,539,524,439,554,NA,NA,NA
A3322200622225003,332220,McGrath,2021-12-01,2021,12,peak_consumption_kw,1000,442,524,477,444,NA,NA,NA
A3322200123225003,332220,McGrath,2022-07-01,2022,7,peak_consumption_kw,1000,515,535,487,539,NA,NA,NA
A3322200423225003,332220,McGrath,2022-10-01,2022,10,peak_consumption_kw,768,526,535,468,361,NA,NA,NA
A3322200723225003,332220,McGrath,2023-01-01,2023,1,peak_consumption_kw,1000,453,512,467,422,NA,NA,NA
A3322201223225003,332220,McGrath,2023-06-01,2023,6,peak_consumption_kw,726,380,512,378,379,NA,NA,NA
A3322200225225003,332220,McGrath,2024-08-01,2024,8,peak_consumption_kw,694,510,426,443,566,NA,NA,NA
A3322200226225003,332220,McGrath,2025-08-01,2025,8,peak_consumption_kw,726,415,392,390,562,NA,NA,NA
A3314500416225003,331450,Mekoryuk,2015-10-01,2015,10,commercial_sold_to,13815,11685,13110,13380,8364,NA,NA,NA
A3314500516225003,331450,Mekoryuk,2015-11-01,2015,11,commercial_sold_to,15075,13815,13110,15091,8383,NA,NA,NA
A3314500616225003,331450,Mekoryuk,2015-12-01,2015,12,commercial_sold_to,16367,15075,13110,15692,9034,NA,NA,NA
A3314500716225003,331450,Mekoryuk,2016-01-01,2016,1,commercial_sold_to,16310,16367,10017,12415,9415,NA,NA,NA
A3314500119225003,331450,Mekoryuk,2018-07-01,2018,7,powerhouse_consumption_kwh,13366,8072,5142,7324,4120,NA,NA,NA
A3314500620225003,331450,Mekoryuk,2019-12-01,2019,12,fuel_used_gallons,11369,4979,5370,6074,7161,NA,NA,NA
A3314500623225003,331450,Mekoryuk,2022-12-01,2022,12,fuel_used_gallons,21316,5422,6632,6215,6056,NA,NA,NA
A3314500726225003,331450,Mekoryuk,2026-01-01,2026,1,commercial_sold_to,14614,11343,13030,11873,9585,NA,NA,NA
A3314500926225003,331450,Mekoryuk,2026-03-01,2026,3,commercial_sold_to,13812,12403,13030,11846,8286,NA,NA,NA
A3311600522225003,331160,Mentasta Lake,2021-11-01,2021,11,commercial_sold_to,30616,13629,17113,25235,12257,NA,NA,NA
A3311600622225003,331160,Mentasta Lake,2021-12-01,2021,12,commercial_sold_to,36841,30616,17113,28904,12217,NA,NA,NA
A3311600722225003,331160,Mentasta Lake,2022-01-01,2022,1,commercial_sold_to,27192,36841,18437,34790,13046,NA,NA,NA
A3311600822225003,331160,Mentasta Lake,2022-02-01,2022,2,commercial_sold_to,32739,27192,18437,27458,11935,NA,NA,NA
A3311600922225003,331160,Mentasta Lake,2022-03-01,2022,3,commercial_sold_to,27723,32739,18437,23942,11612,NA,NA,NA
A3311600824225003,331160,Mentasta Lake,2024-02-01,2024,2,com_facil_sold_to,5925,5266,4770,4997,2640,NA,NA,NA
A3311600526225003,331160,Mentasta Lake,2025-11-01,2025,11,com_facil_sold_to,5732,4270,4676,5483,2205,NA,NA,NA
A3311600626225003,331160,Mentasta Lake,2025-12-01,2025,12,com_facil_sold_to,6696,5732,4676,6302,2420,NA,NA,NA
A3311600726225003,331160,Mentasta Lake,2026-01-01,2026,1,residential_sold_to,21789,20767,18344,19682,15467,NA,NA,NA
A3311600726225003,331160,Mentasta Lake,2026-01-01,2026,1,com_facil_sold_to,6873,6696,6242,6593,2694,NA,NA,NA
A3311600826225003,331160,Mentasta Lake,2026-02-01,2026,2,com_facil_sold_to,6490,6873,6242,6435,2584,NA,NA,NA
A3311600926225003,331160,Mentasta Lake,2026-03-01,2026,3,com_facil_sold_to,5997,6490,6242,6048,2365,NA,NA,NA
A3311601026225003,331160,Mentasta Lake,2026-04-01,2026,4,com_facil_sold_to,5607,5997,6242,5997,2386,NA,NA,NA
A3314600724225003,331460,Minto,2024-01-01,2024,1,fuel_used_gallons,10568,7947,7038,8464,5571,NA,NA,NA
A3314600724225003,331460,Minto,2024-01-01,2024,1,diesel_kwh_generated,126996,104723,82593,98994,77614,NA,NA,NA
A3314600724225003,331460,Minto,2024-01-01,2024,1,govt_facil_sold_to,32869,19487,16312,20960,12574,NA,NA,NA
A3314600824225003,331460,Minto,2024-02-01,2024,2,govt_facil_sold_to,22434,32869,16312,25206,12083,NA,NA,NA
A3314600625225003,331460,Minto,2024-12-01,2024,12,govt_facil_sold_to,78961,1818,16312,12254,11260,NA,NA,NA
A3314600725225003,331460,Minto,2025-01-01,2025,1,govt_facil_sold_to,22690,78961,18512,49267,13592,NA,NA,NA
A3314600526225003,331460,Minto,2025-11-01,2025,11,commercial_sold_to,26128,0,3618,8643,662,NA,NA,NA
A3314600526225003,331460,Minto,2025-11-01,2025,11,govt_facil_sold_to,36013,13570,18512,18544,8941,NA,NA,NA
A3314600626225003,331460,Minto,2025-12-01,2025,12,commercial_sold_to,17286,26128,3618,20371,775,NA,NA,NA
A3314600626225003,331460,Minto,2025-12-01,2025,12,govt_facil_sold_to,23518,36013,18512,30676,16805,NA,NA,NA
A3314600726225003,331460,Minto,2026-01-01,2026,1,commercial_sold_to,14614,17286,16438,16920,900,NA,NA,NA
A3314600726225003,331460,Minto,2026-01-01,2026,1,govt_facil_sold_to,25339,23518,23468,24178,13327,NA,NA,NA
A3314600826225003,331460,Minto,2026-02-01,2026,2,commercial_sold_to,16553,14614,16438,16789,0,NA,NA,NA
A3314600826225003,331460,Minto,2026-02-01,2026,2,govt_facil_sold_to,24838,25339,23468,25262,11843,NA,NA,NA
A3314600926225003,331460,Minto,2026-03-01,2026,3,commercial_sold_to,18964,16553,16438,16088,0,NA,NA,NA
A3314600926225003,331460,Minto,2026-03-01,2026,3,govt_facil_sold_to,25185,24838,23468,21675,10630,NA,NA,NA
A3314601026225003,331460,Minto,2026-04-01,2026,4,commercial_sold_to,15622,18964,16438,18964,0,NA,NA,NA
A3314700316225003,331470,Mountain Village,2015-09-01,2015,9,commercial_sold_to,42779,42351,42512,42576,29570,NA,NA,NA
A3314700416225003,331470,Mountain Village,2015-10-01,2015,10,commercial_sold_to,42800,42779,42512,43636,29350,NA,NA,NA
A3314700516225003,331470,Mountain Village,2015-11-01,2015,11,commercial_sold_to,44493,42800,42512,41766,31159,NA,NA,NA
A3314700616225003,331470,Mountain Village,2015-12-01,2015,12,powerhouse_consumption_kwh,7934,7464,5865,7738,4533,NA,NA,NA
A3314700716225003,331470,Mountain Village,2016-01-01,2016,1,powerhouse_consumption_kwh,8012,7934,5811,7370,4981,NA,NA,NA
A3314700716225003,331470,Mountain Village,2016-01-01,2016,1,commercial_sold_to,45911,40732,35484,37187,32732,NA,NA,NA
A3314700217225003,331470,Mountain Village,2016-08-01,2016,8,residential_customers,71,182,167,184,170,NA,NA,NA
A3314700626225003,331470,Mountain Village,2025-12-01,2025,12,commercial_sold_to,46215,41974,30973,44880,31023,NA,NA,NA
A3314700726225003,331470,Mountain Village,2026-01-01,2026,1,commercial_sold_to,47786,46215,47202,46542,32544,NA,NA,NA
A3314700826225003,331470,Mountain Village,2026-02-01,2026,2,commercial_sold_to,46869,47786,47202,51282,29412,NA,NA,NA
A3314700926225003,331470,Mountain Village,2026-03-01,2026,3,residential_sold_to,126874,72790,84751,68924,81163,NA,NA,NA
A3314700926225003,331470,Mountain Village,2026-03-01,2026,3,commercial_sold_to,54778,46869,47202,43121,29898,NA,NA,NA
A3322801016225003,332280,"Naknek, South Naknek, King Salmon",2016-04-01,2016,4,peak_consumption_kw,6645,1860,3941,2878,4060,NA,NA,NA
A3322801216225003,332280,"Naknek, South Naknek, King Salmon",2016-06-01,2016,6,peak_consumption_kw,7200,3897,3941,8548,10366,NA,NA,NA
A3322801216225003,332280,"Naknek, South Naknek, King Salmon",2016-06-01,2016,6,commercial_sold_to,1558228,1232304,1036212,3194542,2230560,NA,NA,NA
A3322800117225003,332280,"Naknek, South Naknek, King Salmon",2016-07-01,2016,7,fuel_used_gallons,432464,154261,123954,141521,442809,NA,NA,NA
A3322800117225003,332280,"Naknek, South Naknek, King Salmon",2016-07-01,2016,7,diesel_kwh_generated,6588791,2330873,1840484,1890044,6638909,NA,NA,NA
A3322800117225003,332280,"Naknek, South Naknek, King Salmon",2016-07-01,2016,7,powerhouse_consumption_kwh,108860,78441,53451,66698,65871,NA,NA,NA
A3322800117225003,332280,"Naknek, South Naknek, King Salmon",2016-07-01,2016,7,peak_consumption_kw,13200,7200,3941,5218,13999,NA,NA,NA
A3322800117225003,332280,"Naknek, South Naknek, King Salmon",2016-07-01,2016,7,commercial_sold_to,5156780,1558228,1036212,1139372,5682977,NA,NA,NA
A3322801017225003,332280,"Naknek, South Naknek, King Salmon",2017-04-01,2017,4,peak_consumption_kw,6050,2163,4224,2163,4120,NA,NA,NA
A3322801117225003,332280,"Naknek, South Naknek, King Salmon",2017-05-01,2017,5,fuel_used_gallons,181332,124555,134565,180782,143720,NA,NA,NA
A3322801117225003,332280,"Naknek, South Naknek, King Salmon",2017-05-01,2017,5,commercial_sold_to,1673035,1013324,1127500,1553978,1388079,NA,NA,NA
A3322801217225003,332280,"Naknek, South Naknek, King Salmon",2017-06-01,2017,6,fuel_used_gallons,237010,181332,134565,308368,207994,NA,NA,NA
A3322801217225003,332280,"Naknek, South Naknek, King Salmon",2017-06-01,2017,6,diesel_kwh_generated,2885697,2408881,1864149,4323707,3057491,NA,NA,NA
A3322801217225003,332280,"Naknek, South Naknek, King Salmon",2017-06-01,2017,6,peak_consumption_kw,10200,NA,4224,13400,9991,NA,NA,NA
A3322801217225003,332280,"Naknek, South Naknek, King Salmon",2017-06-01,2017,6,commercial_sold_to,2094632,1673035,1127500,3526696,2170960,NA,NA,NA
A3322800118225003,332280,"Naknek, South Naknek, King Salmon",2017-07-01,2017,7,fuel_used_gallons,435405,237010,134565,169500,442482,NA,NA,NA
A3322800118225003,332280,"Naknek, South Naknek, King Salmon",2017-07-01,2017,7,diesel_kwh_generated,6238533,2885697,1864149,2196816,6677826,NA,NA,NA
A3322800118225003,332280,"Naknek, South Naknek, King Salmon",2017-07-01,2017,7,powerhouse_consumption_kwh,97764,75930,50397,65213,67104,NA,NA,NA
A3322800118225003,332280,"Naknek, South Naknek, King Salmon",2017-07-01,2017,7,peak_consumption_kw,13400,10200,4224,7110,13977,NA,NA,NA
A3322800118225003,332280,"Naknek, South Naknek, King Salmon",2017-07-01,2017,7,commercial_sold_to,5380356,2094632,1127500,1470724,5658135,NA,NA,NA
A3322801018225003,332280,"Naknek, South Naknek, King Salmon",2018-04-01,2018,4,peak_consumption_kw,7300,1820,4862,4538,3995,NA,NA,NA
A3322801118225003,332280,"Naknek, South Naknek, King Salmon",2018-05-01,2018,5,diesel_kwh_generated,2668584,2043959,2069775,2478365,2094327,NA,NA,NA
A3322801118225003,332280,"Naknek, South Naknek, King Salmon",2018-05-01,2018,5,peak_consumption_kw,7255,7300,4862,9050,4462,NA,NA,NA
A3322801118225003,332280,"Naknek, South Naknek, King Salmon",2018-05-01,2018,5,commercial_sold_to,1910958,1304966,1313476,1675118,1364287,NA,NA,NA
A3322801218225003,332280,"Naknek, South Naknek, King Salmon",2018-06-01,2018,6,fuel_used_gallons,206365,176583,140181,334756,211399,NA,NA,NA
A3322801218225003,332280,"Naknek, South Naknek, King Salmon",2018-06-01,2018,6,diesel_kwh_generated,2912771,2668584,2069775,4965408,3054482,NA,NA,NA
A3322801218225003,332280,"Naknek, South Naknek, King Salmon",2018-06-01,2018,6,peak_consumption_kw,10800,7255,4862,10295,9916,NA,NA,NA
A3322801218225003,332280,"Naknek, South Naknek, King Salmon",2018-06-01,2018,6,commercial_sold_to,2045269,1910958,1313476,4200809,2176444,NA,NA,NA
A3322800119225003,332280,"Naknek, South Naknek, King Salmon",2018-07-01,2018,7,fuel_used_gallons,492928,206365,140181,155325,436091,NA,NA,NA
A3322800119225003,332280,"Naknek, South Naknek, King Salmon",2018-07-01,2018,7,diesel_kwh_generated,7262232,2912771,2069775,2243246,6564082,NA,NA,NA
A3322800119225003,332280,"Naknek, South Naknek, King Salmon",2018-07-01,2018,7,peak_consumption_kw,13335,10800,4862,7920,13984,NA,NA,NA
A3322800119225003,332280,"Naknek, South Naknek, King Salmon",2018-07-01,2018,7,commercial_sold_to,6490660,2045269,1313476,1463824,5534768,NA,NA,NA
A3322800219225003,332280,"Naknek, South Naknek, King Salmon",2018-08-01,2018,8,peak_consumption_kw,5040,13335,4862,7728,3419,NA,NA,NA
A3322801019225003,332280,"Naknek, South Naknek, King Salmon",2019-04-01,2019,4,diesel_kwh_generated,2727741,1326535,2149117,1600181,1447821,NA,NA,NA
A3322801019225003,332280,"Naknek, South Naknek, King Salmon",2019-04-01,2019,4,peak_consumption_kw,7161,2186,4178,2898,4009,NA,NA,NA
A3322801019225003,332280,"Naknek, South Naknek, King Salmon",2019-04-01,2019,4,commercial_sold_to,2012193,519478,1347967,778923,694746,NA,NA,NA
A3322801219225003,332280,"Naknek, South Naknek, King Salmon",2019-06-01,2019,6,fuel_used_gallons,257699,123364,143834,291464,205695,NA,NA,NA
A3322801219225003,332280,"Naknek, South Naknek, King Salmon",2019-06-01,2019,6,diesel_kwh_generated,3819828,1873827,2149117,4369156,2953698,NA,NA,NA
A3322801219225003,332280,"Naknek, South Naknek, King Salmon",2019-06-01,2019,6,commercial_sold_to,2902947,1038368,1347967,3435806,2081147,NA,NA,NA
A3322800120225003,332280,"Naknek, South Naknek, King Salmon",2019-07-01,2019,7,fuel_used_gallons,459564,257699,143834,184896,439798,NA,NA,NA
A3322800120225003,332280,"Naknek, South Naknek, King Salmon",2019-07-01,2019,7,diesel_kwh_generated,6864486,3819828,2149117,2745798,6608276,NA,NA,NA
A3322800120225003,332280,"Naknek, South Naknek, King Salmon",2019-07-01,2019,7,peak_consumption_kw,14700,3611,4178,3638,13833,NA,NA,NA
A3322800120225003,332280,"Naknek, South Naknek, King Salmon",2019-07-01,2019,7,commercial_sold_to,5833245,2902947,1347967,1957932,5607814,NA,NA,NA
A3322801220225003,332280,"Naknek, South Naknek, King Salmon",2020-06-01,2020,6,commercial_sold_to,1538080,904348,975671,3331524,2232799,NA,NA,NA
A3322800121225003,332280,"Naknek, South Naknek, King Salmon",2020-07-01,2020,7,fuel_used_gallons,441369,169656,120883,130800,441820,NA,NA,NA
A3322800121225003,332280,"Naknek, South Naknek, King Salmon",2020-07-01,2020,7,diesel_kwh_generated,6636216,2477876,1784473,1931747,6633639,NA,NA,NA
A3322800121225003,332280,"Naknek, South Naknek, King Salmon",2020-07-01,2020,7,peak_consumption_kw,13316,NA,3386,4683,13987,NA,NA,NA
A3322800121225003,332280,"Naknek, South Naknek, King Salmon",2020-07-01,2020,7,commercial_sold_to,5758701,1538080,975671,1137953,5616097,NA,NA,NA
A3322800221225003,332280,"Naknek, South Naknek, King Salmon",2020-08-01,2020,8,peak_consumption_kw,4683,13316,3386,7526,3459,NA,NA,NA
A3322801121225003,332280,"Naknek, South Naknek, King Salmon",2021-05-01,2021,5,fuel_used_gallons,198364,98155,134738,142876,142017,NA,NA,NA
A3322801121225003,332280,"Naknek, South Naknek, King Salmon",2021-05-01,2021,5,diesel_kwh_generated,3042663,1495150,2027414,2216838,2056919,NA,NA,NA
A3322801121225003,332280,"Naknek, South Naknek, King Salmon",2021-05-01,2021,5,peak_consumption_kw,7230,3210,4243,5900,4465,NA,NA,NA
A3322801121225003,332280,"Naknek, South Naknek, King Salmon",2021-05-01,2021,5,commercial_sold_to,2083113,600446,1127810,1368930,1347071,NA,NA,NA
A3322801221225003,332280,"Naknek, South Naknek, King Salmon",2021-06-01,2021,6,fuel_used_gallons,187598,198364,134738,313218,213484,NA,NA,NA
A3322801221225003,332280,"Naknek, South Naknek, King Salmon",2021-06-01,2021,6,diesel_kwh_generated,2938526,3042663,2027414,4965070,3051621,NA,NA,NA
A3322801221225003,332280,"Naknek, South Naknek, King Salmon",2021-06-01,2021,6,peak_consumption_kw,8590,7230,4243,10600,10192,NA,NA,NA
A3322801221225003,332280,"Naknek, South Naknek, King Salmon",2021-06-01,2021,6,commercial_sold_to,2137414,2083113,1127810,3708004,2166206,NA,NA,NA
A3322800122225003,332280,"Naknek, South Naknek, King Salmon",2021-07-01,2021,7,fuel_used_gallons,428071,187598,134738,142114,443297,NA,NA,NA
A3322800122225003,332280,"Naknek, South Naknek, King Salmon",2021-07-01,2021,7,diesel_kwh_generated,6887477,2938526,2027414,2196128,6605721,NA,NA,NA
A3322800122225003,332280,"Naknek, South Naknek, King Salmon",2021-07-01,2021,7,peak_consumption_kw,13969,8590,4243,5560,13914,NA,NA,NA
A3322800122225003,332280,"Naknek, South Naknek, King Salmon",2021-07-01,2021,7,commercial_sold_to,5332894,2137414,1127810,1469690,5663409,NA,NA,NA
A3322801022225003,332280,"Naknek, South Naknek, King Salmon",2022-04-01,2022,4,peak_consumption_kw,5635,1820,4585,4843,4162,NA,NA,NA
A3322801122225003,332280,"Naknek, South Naknek, King Salmon",2022-05-01,2022,5,fuel_used_gallons,187008,96646,134145,163865,143152,NA,NA,NA
A3322801122225003,332280,"Naknek, South Naknek, King Salmon",2022-05-01,2022,5,diesel_kwh_generated,2694528,1281051,1966929,2451254,2091733,NA,NA,NA
A3322801122225003,332280,"Naknek, South Naknek, King Salmon",2022-05-01,2022,5,peak_consumption_kw,7866,5635,4585,9118,4394,NA,NA,NA
A3322801122225003,332280,"Naknek, South Naknek, King Salmon",2022-05-01,2022,5,commercial_sold_to,2010209,597128,1185122,1535350,1354362,NA,NA,NA
A3322801222225003,332280,"Naknek, South Naknek, King Salmon",2022-06-01,2022,6,fuel_used_gallons,231084,187008,134145,302138,208652,NA,NA,NA
A3322801222225003,332280,"Naknek, South Naknek, King Salmon",2022-06-01,2022,6,diesel_kwh_generated,3621456,2694528,1966929,4462298,2975740,NA,NA,NA
A3322801222225003,332280,"Naknek, South Naknek, King Salmon",2022-06-01,2022,6,peak_consumption_kw,12600,7866,4585,10083,9691,NA,NA,NA
A3322801222225003,332280,"Naknek, South Naknek, King Salmon",2022-06-01,2022,6,commercial_sold_to,2473571,2010209,1185122,3734790,2128855,NA,NA,NA
A3322800123225003,332280,"Naknek, South Naknek, King Salmon",2022-07-01,2022,7,fuel_used_gallons,417269,231084,134145,170082,444497,NA,NA,NA
A3322800123225003,332280,"Naknek, South Naknek, King Salmon",2022-07-01,2022,7,diesel_kwh_generated,6230067,3621456,1966929,2616513,6678767,NA,NA,NA
A3322800123225003,332280,"Naknek, South Naknek, King Salmon",2022-07-01,2022,7,peak_consumption_kw,12300,12600,4585,7393,14099,NA,NA,NA
A3322800123225003,332280,"Naknek, South Naknek, King Salmon",2022-07-01,2022,7,commercial_sold_to,5459371,2473571,1185122,1708704,5649356,NA,NA,NA
A3322801223225003,332280,"Naknek, South Naknek, King Salmon",2023-06-01,2023,6,fuel_used_gallons,227885,127050,134303,306206,209008,NA,NA,NA
A3322801223225003,332280,"Naknek, South Naknek, King Salmon",2023-06-01,2023,6,diesel_kwh_generated,2951793,1930820,1905964,4545050,3050147,NA,NA,NA
A3322801223225003,332280,"Naknek, South Naknek, King Salmon",2023-06-01,2023,6,peak_consumption_kw,11926,3968,4171,9768,9775,NA,NA,NA
A3322801223225003,332280,"Naknek, South Naknek, King Salmon",2023-06-01,2023,6,commercial_sold_to,2222391,1383909,1160038,3893921,2156764,NA,NA,NA
A3322800124225003,332280,"Naknek, South Naknek, King Salmon",2023-07-01,2023,7,fuel_used_gallons,485362,227885,134303,170576,436932,NA,NA,NA
A3322800124225003,332280,"Naknek, South Naknek, King Salmon",2023-07-01,2023,7,diesel_kwh_generated,7159281,2951793,1905964,2238460,6575521,NA,NA,NA
A3322800124225003,332280,"Naknek, South Naknek, King Salmon",2023-07-01,2023,7,peak_consumption_kw,15568,11926,4171,7696,13736,NA,NA,NA
A3322800124225003,332280,"Naknek, South Naknek, King Salmon",2023-07-01,2023,7,commercial_sold_to,6403933,2222391,1160038,1596614,5544405,NA,NA,NA
A3322800524225003,332280,"Naknek, South Naknek, King Salmon",2023-11-01,2023,11,unbilled_sold_to,25423,1944,7939,17294,1979,NA,NA,NA
A3322800624225003,332280,"Naknek, South Naknek, King Salmon",2023-12-01,2023,12,unbilled_sold_to,32643,25423,7939,17529,2186,NA,NA,NA
A3322800824225003,332280,"Naknek, South Naknek, King Salmon",2024-02-01,2024,2,unbilled_sold_to,13460,9635,4980,11717,1883,NA,NA,NA
A3322800924225003,332280,"Naknek, South Naknek, King Salmon",2024-03-01,2024,3,unbilled_sold_to,13799,13460,4980,8082,2297,NA,NA,NA
A3322801124225003,332280,"Naknek, South Naknek, King Salmon",2024-05-01,2024,5,peak_consumption_kw,4990,2745,4181,6772,4714,NA,NA,NA
A3322801224225003,332280,"Naknek, South Naknek, King Salmon",2024-06-01,2024,6,fuel_used_gallons,188878,133941,122931,276680,213342,NA,NA,NA
A3322801224225003,332280,"Naknek, South Naknek, King Salmon",2024-06-01,2024,6,diesel_kwh_generated,2893997,1801015,1795689,4032580,3056568,NA,NA,NA
A3322801224225003,332280,"Naknek, South Naknek, King Salmon",2024-06-01,2024,6,peak_consumption_kw,10800,4990,4181,9595,9916,NA,NA,NA
A3322801224225003,332280,"Naknek, South Naknek, King Salmon",2024-06-01,2024,6,commercial_sold_to,2030681,1172141,1015626,3228042,2178065,NA,NA,NA
A3322800125225003,332280,"Naknek, South Naknek, King Salmon",2024-07-01,2024,7,fuel_used_gallons,419418,188878,122931,146612,444259,NA,NA,NA
A3322800125225003,332280,"Naknek, South Naknek, King Salmon",2024-07-01,2024,7,diesel_kwh_generated,6264146,2893997,1795689,2224410,6674980,NA,NA,NA
A3322800125225003,332280,"Naknek, South Naknek, King Salmon",2024-07-01,2024,7,peak_consumption_kw,14200,10800,4181,7158,13888,NA,NA,NA
A3322800125225003,332280,"Naknek, South Naknek, King Salmon",2024-07-01,2024,7,commercial_sold_to,5283943,2030681,1015626,1469921,5668848,NA,NA,NA
A3322800725225003,332280,"Naknek, South Naknek, King Salmon",2025-01-01,2025,1,powerhouse_consumption_kwh,96216,33407,45232,33233,46052,NA,NA,NA
A3322800725225003,332280,"Naknek, South Naknek, King Salmon",2025-01-01,2025,1,unbilled_sold_to,67046,3435,9211,3952,2630,NA,NA,NA
A3322801225225003,332280,"Naknek, South Naknek, King Salmon",2025-06-01,2025,6,fuel_used_gallons,248517,123238,127001,264567,206715,NA,NA,NA
A3322801225225003,332280,"Naknek, South Naknek, King Salmon",2025-06-01,2025,6,diesel_kwh_generated,3570295,1699843,1814918,3953791,2981424,NA,NA,NA
A3322801225225003,332280,"Naknek, South Naknek, King Salmon",2025-06-01,2025,6,peak_consumption_kw,14400,3600,4353,9404,9466,NA,NA,NA
A3322801225225003,332280,"Naknek, South Naknek, King Salmon",2025-06-01,2025,6,commercial_sold_to,2630055,1062092,1035382,3132892,2111468,NA,NA,NA
A3322800126225003,332280,"Naknek, South Naknek, King Salmon",2025-07-01,2025,7,fuel_used_gallons,405896,248517,127001,177788,445761,NA,NA,NA
A3322800126225003,332280,"Naknek, South Naknek, King Salmon",2025-07-01,2025,7,diesel_kwh_generated,6207739,3570295,1814918,2547354,6681248,NA,NA,NA
A3322800126225003,332280,"Naknek, South Naknek, King Salmon",2025-07-01,2025,7,peak_consumption_kw,15207,14400,4353,8936,13776,NA,NA,NA
A3322800126225003,332280,"Naknek, South Naknek, King Salmon",2025-07-01,2025,7,commercial_sold_to,5203692,2630055,1035382,1722894,5677765,NA,NA,NA
A3322800926225003,332280,"Naknek, South Naknek, King Salmon",2026-03-01,2026,3,unbilled_sold_to,10430,6271,6540,5592,2634,NA,NA,NA
A3322900616225003,332290,Napakiak,2015-12-01,2015,12,unbilled_sold_to,0,NA,0,0,5934,NA,NA,NA
A3322900716225003,332290,Napakiak,2016-01-01,2016,1,unbilled_sold_to,0,0,0,0,5341,NA,NA,NA
A3322900816225003,332290,Napakiak,2016-02-01,2016,2,unbilled_sold_to,0,0,0,0,5274,NA,NA,NA
A3322900916225003,332290,Napakiak,2016-03-01,2016,3,unbilled_sold_to,0,0,0,0,5745,NA,NA,NA
A3322901016225003,332290,Napakiak,2016-04-01,2016,4,unbilled_sold_to,0,0,0,0,4737,NA,NA,NA
A3322901116225003,332290,Napakiak,2016-05-01,2016,5,unbilled_sold_to,0,0,0,0,4560,NA,NA,NA
A3322901216225003,332290,Napakiak,2016-06-01,2016,6,unbilled_sold_to,0,0,0,0,4274,NA,NA,NA
A3322900117225003,332290,Napakiak,2016-07-01,2016,7,unbilled_sold_to,0,0,0,0,4482,NA,NA,NA
A3322900217225003,332290,Napakiak,2016-08-01,2016,8,unbilled_sold_to,0,0,0,0,4212,NA,NA,NA
A3322900317225003,332290,Napakiak,2016-09-01,2016,9,unbilled_sold_to,0,0,0,0,4265,NA,NA,NA
A3322900417225003,332290,Napakiak,2016-10-01,2016,10,unbilled_sold_to,0,0,0,0,4794,NA,NA,NA
A3322900517225003,332290,Napakiak,2016-11-01,2016,11,unbilled_sold_to,0,0,0,0,4994,NA,NA,NA
A3322900617225003,332290,Napakiak,2016-12-01,2016,12,unbilled_sold_to,0,0,0,0,5934,NA,NA,NA
A3322900717225003,332290,Napakiak,2017-01-01,2017,1,unbilled_sold_to,0,0,502,0,5341,NA,NA,NA
A3322900817225003,332290,Napakiak,2017-02-01,2017,2,unbilled_sold_to,0,0,502,0,5274,NA,NA,NA
A3322900917225003,332290,Napakiak,2017-03-01,2017,3,unbilled_sold_to,0,0,502,0,5745,NA,NA,NA
A3322901017225003,332290,Napakiak,2017-04-01,2017,4,unbilled_sold_to,0,0,502,0,4737,NA,NA,NA
A3322901117225003,332290,Napakiak,2017-05-01,2017,5,unbilled_sold_to,0,0,502,0,4560,NA,NA,NA
A3322901217225003,332290,Napakiak,2017-06-01,2017,6,unbilled_sold_to,0,0,502,0,4274,NA,NA,NA
A3322900118225003,332290,Napakiak,2017-07-01,2017,7,unbilled_sold_to,0,0,502,0,4482,NA,NA,NA
A3322900218225003,332290,Napakiak,2017-08-01,2017,8,unbilled_sold_to,0,0,502,0,4212,NA,NA,NA
A3322900318225003,332290,Napakiak,2017-09-01,2017,9,unbilled_sold_to,0,0,502,0,4265,NA,NA,NA
A3322900418225003,332290,Napakiak,2017-10-01,2017,10,unbilled_sold_to,0,0,502,0,4794,NA,NA,NA
A3322900518225003,332290,Napakiak,2017-11-01,2017,11,unbilled_sold_to,0,0,502,3015,4994,NA,NA,NA
A3322900918225003,332290,Napakiak,2018-03-01,2018,3,unbilled_sold_to,10553,5016,5772,5068,4690,NA,NA,NA
A3323001016225003,332300,Napaskiak,2016-04-01,2016,4,commercial_sold_to,47889,NA,30594,34668,17130,NA,NA,NA
A3323001016225003,332300,Napaskiak,2016-04-01,2016,4,residential_customers,0,NA,99,117,108,NA,NA,NA
A3323000117225003,332300,Napaskiak,2016-07-01,2016,7,commercial_sold_to,43650,29598,30594,27078,13132,NA,NA,NA
A3323000117225003,332300,Napaskiak,2016-07-01,2016,7,com_facil_sold_to,25915,1883,8537,13874,2894,NA,NA,NA
A3323000217225003,332300,Napaskiak,2016-08-01,2016,8,com_facil_sold_to,25865,25915,8537,18108,2292,NA,NA,NA
A3323000317225003,332300,Napaskiak,2016-09-01,2016,9,com_facil_sold_to,10301,25865,8537,13970,3152,NA,NA,NA
A3323000817225003,332300,Napaskiak,2017-02-01,2017,2,commercial_sold_to,72453,31944,18671,31568,17119,NA,NA,NA
A3323000817225003,332300,Napaskiak,2017-02-01,2017,2,unbilled_sold_to,12680,5859,6422,6000,4758,NA,NA,NA
A3323001017225003,332300,Napaskiak,2017-04-01,2017,4,unbilled_sold_to,21919,6141,6422,4328,3548,NA,NA,NA
A3323000118225003,332300,Napaskiak,2017-07-01,2017,7,com_facil_sold_to,9044,1831,4288,2718,4581,NA,NA,NA
A3323000424225003,332300,Napaskiak,2023-10-01,2023,10,powerhouse_consumption_kwh,34108,1505,10785,19801,2717,NA,NA,NA
A3323000524225003,332300,Napaskiak,2023-11-01,2023,11,powerhouse_consumption_kwh,38097,34108,10785,23559,2627,NA,NA,NA
A3323000624225003,332300,Napaskiak,2023-12-01,2023,12,powerhouse_consumption_kwh,13010,38097,10785,40590,2789,NA,NA,NA
A3323000724225003,332300,Napaskiak,2024-01-01,2024,1,powerhouse_consumption_kwh,43082,13010,10865,8005,2725,NA,NA,NA
A3323000724225003,332300,Napaskiak,2024-01-01,2024,1,residential_sold_to,92204,28334,42796,33793,39443,NA,NA,NA
A3323000125225003,332300,Napaskiak,2024-07-01,2024,7,unbilled_sold_to,35325,2032,6240,2336,2483,NA,NA,NA
A3323000325225003,332300,Napaskiak,2024-09-01,2024,9,powerhouse_consumption_kwh,62691,3039,10865,2445,2544,NA,NA,NA
A3323000925225003,332300,Napaskiak,2025-03-01,2025,3,unbilled_sold_to,33686,4505,5267,3724,4736,NA,NA,NA
A3323000526225003,332300,Napaskiak,2025-11-01,2025,11,commercial_sold_to,50456,20698,18284,30995,15172,NA,NA,NA
A3323000726225003,332300,Napaskiak,2026-01-01,2026,1,commercial_sold_to,54210,41292,43264,45006,17129,NA,NA,NA
A3323000826225003,332300,Napaskiak,2026-02-01,2026,2,commercial_sold_to,48721,54210,43264,51004,19756,NA,NA,NA
A3323000926225003,332300,Napaskiak,2026-03-01,2026,3,commercial_sold_to,47799,48721,43264,47042,15882,NA,NA,NA
A3323001026225003,332300,Napaskiak,2026-04-01,2026,4,commercial_sold_to,45362,47799,43264,43472,17383,NA,NA,NA
A3323001226225003,332300,Napaskiak,2026-06-01,2026,6,peak_consumption_kw,492,92,274,92,161,NA,NA,NA
A3311700726225003,331170,Naukati Bay,2026-01-01,2026,1,residential_sold_to,61259,52096,53329,51658,43347,NA,NA,NA
A3323200616225003,332320,Nelson Lagoon,2015-12-01,2015,12,peak_consumption_kw,720,NA,720,720,4479,NA,NA,NA
A3323200716225003,332320,Nelson Lagoon,2016-01-01,2016,1,peak_consumption_kw,720,720,720,720,4480,NA,NA,NA
A3323200816225003,332320,Nelson Lagoon,2016-02-01,2016,2,powerhouse_consumption_kwh,5229,1974,2193,1950,1052,NA,NA,NA
A3323200816225003,332320,Nelson Lagoon,2016-02-01,2016,2,peak_consumption_kw,720,720,720,720,4931,NA,NA,NA
A3323200916225003,332320,Nelson Lagoon,2016-03-01,2016,3,peak_consumption_kw,720,720,720,720,4928,NA,NA,NA
A3323201016225003,332320,Nelson Lagoon,2016-04-01,2016,4,peak_consumption_kw,720,720,720,720,5253,NA,NA,NA
A3323201116225003,332320,Nelson Lagoon,2016-05-01,2016,5,peak_consumption_kw,720,720,720,720,5256,NA,NA,NA
A3323201216225003,332320,Nelson Lagoon,2016-06-01,2016,6,peak_consumption_kw,720,720,720,720,5261,NA,NA,NA
A3323200117225003,332320,Nelson Lagoon,2016-07-01,2016,7,peak_consumption_kw,720,720,720,720,7202,NA,NA,NA
A3323200217225003,332320,Nelson Lagoon,2016-08-01,2016,8,peak_consumption_kw,720,720,720,720,7202,NA,NA,NA
A3323200317225003,332320,Nelson Lagoon,2016-09-01,2016,9,peak_consumption_kw,720,720,720,720,5419,NA,NA,NA
A3323200417225003,332320,Nelson Lagoon,2016-10-01,2016,10,peak_consumption_kw,720,720,720,720,5418,NA,NA,NA
A3323200517225003,332320,Nelson Lagoon,2016-11-01,2016,11,peak_consumption_kw,720,720,720,720,5417,NA,NA,NA
A3323200617225003,332320,Nelson Lagoon,2016-12-01,2016,12,peak_consumption_kw,720,720,720,720,4479,NA,NA,NA
A3323200717225003,332320,Nelson Lagoon,2017-01-01,2017,1,peak_consumption_kw,720,720,720,720,4480,NA,NA,NA
A3323200817225003,332320,Nelson Lagoon,2017-02-01,2017,2,peak_consumption_kw,720,720,720,720,4931,NA,NA,NA
A3323200917225003,332320,Nelson Lagoon,2017-03-01,2017,3,peak_consumption_kw,720,720,720,720,4928,NA,NA,NA
A3323201017225003,332320,Nelson Lagoon,2017-04-01,2017,4,peak_consumption_kw,720,720,720,720,5253,NA,NA,NA
A3323201117225003,332320,Nelson Lagoon,2017-05-01,2017,5,peak_consumption_kw,720,720,720,720,5256,NA,NA,NA
A3323201217225003,332320,Nelson Lagoon,2017-06-01,2017,6,peak_consumption_kw,720,720,720,720,5261,NA,NA,NA
A3323200618225003,332320,Nelson Lagoon,2017-12-01,2017,12,fuel_used_gallons,4253,2349,2482,2280,2478,NA,NA,NA
A3323200920225003,332320,Nelson Lagoon,2020-03-01,2020,3,fuel_used_gallons,6690,2255,3064,5466,2224,NA,NA,NA
A3323201020225003,332320,Nelson Lagoon,2020-04-01,2020,4,fuel_used_gallons,8677,6690,3064,4380,3952,NA,NA,NA
A3323201022225003,332320,Nelson Lagoon,2022-04-01,2022,4,fuel_used_gallons,6092,2268,2518,2243,4211,NA,NA,NA
A3323200723225003,332320,Nelson Lagoon,2023-01-01,2023,1,com_facil_sold_to,8649,1845,3116,2807,2603,NA,NA,NA
A3323201024225003,332320,Nelson Lagoon,2024-04-01,2024,4,fuel_used_gallons,8261,2283,2988,2283,3994,NA,NA,NA
A3323201224225003,332320,Nelson Lagoon,2024-06-01,2024,6,commercial_sold_to,16305,6099,8906,11116,9795,NA,NA,NA
A3323200125225003,332320,Nelson Lagoon,2024-07-01,2024,7,commercial_sold_to,16132,16305,8906,14293,7261,NA,NA,NA
A3323201225225003,332320,Nelson Lagoon,2025-06-01,2025,6,commercial_sold_to,22278,12528,9124,13406,9198,NA,NA,NA
A3323200126225003,332320,Nelson Lagoon,2025-07-01,2025,7,commercial_sold_to,14285,22278,9124,13959,7467,NA,NA,NA
A3323200226225003,332320,Nelson Lagoon,2025-08-01,2025,8,fuel_used_gallons,4860,2439,2948,4034,2406,NA,NA,NA
A3323200326225003,332320,Nelson Lagoon,2025-09-01,2025,9,fuel_used_gallons,5628,4860,2948,5142,2094,NA,NA,NA
A3323200326225003,332320,Nelson Lagoon,2025-09-01,2025,9,peak_consumption_kw,70,7202,4823,3634,5582,NA,NA,NA
A3323200426225003,332320,Nelson Lagoon,2025-10-01,2025,10,fuel_used_gallons,5425,5628,2948,3880,1995,NA,NA,NA
A3323200426225003,332320,Nelson Lagoon,2025-10-01,2025,10,peak_consumption_kw,65,70,4823,66,5582,NA,NA,NA
A3323200526225003,332320,Nelson Lagoon,2025-11-01,2025,11,peak_consumption_kw,63,65,4823,66,5582,NA,NA,NA
A3323200626225003,332320,Nelson Lagoon,2025-12-01,2025,12,peak_consumption_kw,67,63,4823,68,4609,NA,NA,NA
A3323200726225003,332320,Nelson Lagoon,2026-01-01,2026,1,peak_consumption_kw,72,67,61,62,4609,NA,NA,NA
A3323200826225003,332320,Nelson Lagoon,2026-02-01,2026,2,total_kwh_purchased,25279,0,4213,0,0,NA,NA,NA
A3323200826225003,332320,Nelson Lagoon,2026-02-01,2026,2,peak_consumption_kw,57,72,61,56,5041,NA,NA,NA
A3323200926225003,332320,Nelson Lagoon,2026-03-01,2026,3,peak_consumption_kw,40,57,61,50,5041,NA,NA,NA
A3323201026225003,332320,Nelson Lagoon,2026-04-01,2026,4,fuel_used_gallons,9551,1854,3521,1816,3865,NA,NA,NA
A3323201026225003,332320,Nelson Lagoon,2026-04-01,2026,4,peak_consumption_kw,42,40,61,50,5350,NA,NA,NA
A3323201126225003,332320,Nelson Lagoon,2026-05-01,2026,5,peak_consumption_kw,61,42,61,69,5350,NA,NA,NA
A3323201226225003,332320,Nelson Lagoon,2026-06-01,2026,6,peak_consumption_kw,96,61,61,61,5350,NA,NA,NA
A3323201226225003,332320,Nelson Lagoon,2026-06-01,2026,6,commercial_sold_to,19778,9085,9607,9085,9448,NA,NA,NA
A3314800116225003,331480,New Stuyahok,2015-07-01,2015,7,commercial_sold_to,19107,NA,20046,18882,6992,NA,NA,NA
A3314800216225003,331480,New Stuyahok,2015-08-01,2015,8,commercial_sold_to,18882,19107,20046,20373,6449,NA,NA,NA
A3314800316225003,331480,New Stuyahok,2015-09-01,2015,9,commercial_sold_to,21639,18882,20046,19770,5835,NA,NA,NA
A3314800416225003,331480,New Stuyahok,2015-10-01,2015,10,commercial_sold_to,20657,21639,20046,20838,5772,NA,NA,NA
A3314800516225003,331480,New Stuyahok,2015-11-01,2015,11,commercial_sold_to,20037,20657,20046,20306,6004,NA,NA,NA
A3314800616225003,331480,New Stuyahok,2015-12-01,2015,12,commercial_sold_to,19954,20037,20046,20686,10512,NA,NA,NA
A3314800716225003,331480,New Stuyahok,2016-01-01,2016,1,commercial_sold_to,21334,19954,8851,13706,8399,NA,NA,NA
A3314800924225003,331480,New Stuyahok,2024-03-01,2024,3,powerhouse_consumption_kwh,14957,3530,7060,4954,3987,NA,NA,NA
A3314800125225003,331480,New Stuyahok,2024-07-01,2024,7,powerhouse_consumption_kwh,7159,5888,7060,6813,3397,NA,NA,NA
A3314800225225003,331480,New Stuyahok,2024-08-01,2024,8,powerhouse_consumption_kwh,7738,7159,7060,7444,3308,NA,NA,NA
A3314800325225003,331480,New Stuyahok,2024-09-01,2024,9,powerhouse_consumption_kwh,7730,7738,7060,7636,3169,NA,NA,NA
A3314800425225003,331480,New Stuyahok,2024-10-01,2024,10,powerhouse_consumption_kwh,7534,7730,7060,7475,3365,NA,NA,NA
A3314800525225003,331480,New Stuyahok,2024-11-01,2024,11,powerhouse_consumption_kwh,7220,7534,7060,7262,3189,NA,NA,NA
A3314800526225003,331480,New Stuyahok,2025-11-01,2025,11,fuel_used_gallons,0,12583,10004,6292,12159,NA,NA,NA
A3314800626225003,331480,New Stuyahok,2025-12-01,2025,12,fuel_used_gallons,0,0,10004,0,13577,NA,NA,NA
A3314800626225003,331480,New Stuyahok,2025-12-01,2025,12,commercial_sold_to,47865,NA,7710,26393,7720,NA,NA,NA
A3314800726225003,331480,New Stuyahok,2026-01-01,2026,1,fuel_used_gallons,0,0,0,0,13168,NA,NA,NA
A3314800726225003,331480,New Stuyahok,2026-01-01,2026,1,commercial_sold_to,26393,47865,25162,36004,7893,NA,NA,NA
A3314800826225003,331480,New Stuyahok,2026-02-01,2026,2,fuel_used_gallons,0,0,0,0,11313,NA,NA,NA
A3314800826225003,331480,New Stuyahok,2026-02-01,2026,2,commercial_sold_to,24144,26393,25162,26650,6079,NA,NA,NA
A3314800926225003,331480,New Stuyahok,2026-03-01,2026,3,fuel_used_gallons,0,0,0,0,12566,NA,NA,NA
A3314800926225003,331480,New Stuyahok,2026-03-01,2026,3,commercial_sold_to,26907,24144,25162,23673,6431,NA,NA,NA
A3314801026225003,331480,New Stuyahok,2026-04-01,2026,4,fuel_used_gallons,0,0,0,0,11881,NA,NA,NA
A3314801026225003,331480,New Stuyahok,2026-04-01,2026,4,commercial_sold_to,23202,26907,25162,26907,6633,NA,NA,NA
A3328700916225003,332870,Newtok,2016-03-01,2016,3,unbilled_sold_to,1505,1000,754,987,137,NA,NA,NA
A3328700817225003,332870,Newtok,2017-02-01,2017,2,govt_facil_sold_to,1193,844,490,770,329,NA,NA,NA
A3328700519225003,332870,Newtok,2018-11-01,2018,11,govt_facil_sold_to,1171,389,348,790,467,NA,NA,NA
A3328700619225003,332870,Newtok,2018-12-01,2018,12,govt_facil_sold_to,1191,1171,348,643,577,NA,NA,NA
A3328700222225003,332870,Newtok,2021-08-01,2021,8,commercial_sold_to,38198,16138,17485,18892,14454,NA,NA,NA
A3328700322225003,332870,Newtok,2021-09-01,2021,9,fuel_used_gallons,7096,2670,5041,1335,3925,NA,NA,NA
A3328700522225003,332870,Newtok,2021-11-01,2021,11,commercial_sold_to,30152,5978,17485,10572,8145,NA,NA,NA
A3328700622225003,332870,Newtok,2021-12-01,2021,12,fuel_used_gallons,9552,NA,5041,9037,5131,NA,NA,NA
A3328700722225003,332870,Newtok,2022-01-01,2022,1,fuel_used_gallons,9037,9552,5336,7990,4992,NA,NA,NA
A3328701022225003,332870,Newtok,2022-04-01,2022,4,commercial_sold_to,22783,6176,15334,13866,9771,NA,NA,NA
A3328701222225003,332870,Newtok,2022-06-01,2022,6,fuel_used_gallons,12958,2670,5336,2984,3420,NA,NA,NA
A3328701222225003,332870,Newtok,2022-06-01,2022,6,powerhouse_consumption_kwh,3964,NA,2244,NA,522,NA,NA,NA
A3328700223225003,332870,Newtok,2022-08-01,2022,8,commercial_sold_to,23759,21906,15334,24976,16259,NA,NA,NA
A3328700323225003,332870,Newtok,2022-09-01,2022,9,commercial_sold_to,28047,23759,15334,16794,12017,NA,NA,NA
A3328700823225003,332870,Newtok,2023-02-01,2023,2,com_facil_sold_to,6908,2893,3109,3100,1769,NA,NA,NA
A3328701123225003,332870,Newtok,2023-05-01,2023,5,commercial_sold_to,23904,10820,15256,13742,9766,NA,NA,NA
A3328700324225003,332870,Newtok,2023-09-01,2023,9,fuel_used_gallons,7156,5906,5117,6108,3918,NA,NA,NA
A3328700524225003,332870,Newtok,2023-11-01,2023,11,fuel_used_gallons,7800,6310,5117,6692,2983,NA,NA,NA
A3328700624225003,332870,Newtok,2023-12-01,2023,12,fuel_used_gallons,7074,7800,5117,7437,5485,NA,NA,NA
A3328700624225003,332870,Newtok,2023-12-01,2023,12,commercial_sold_to,24221,8469,15256,10971,11652,NA,NA,NA
A3328700724225003,332870,Newtok,2024-01-01,2024,1,fuel_used_gallons,7074,7074,8124,9405,5273,NA,NA,NA
A3328700824225003,332870,Newtok,2024-02-01,2024,2,fuel_used_gallons,11736,7074,8124,7223,3569,NA,NA,NA
A3328700824225003,332870,Newtok,2024-02-01,2024,2,powerhouse_consumption_kwh,4570,2434,2339,2257,2290,NA,NA,NA
A3328700924225003,332870,Newtok,2024-03-01,2024,3,fuel_used_gallons,7372,11736,8124,9554,4632,NA,NA,NA
A3328700924225003,332870,Newtok,2024-03-01,2024,3,diesel_kwh_generated,96205,64318,73512,80262,51668,NA,NA,NA
A3328700924225003,332870,Newtok,2024-03-01,2024,3,com_facil_sold_to,7429,3290,2279,1645,2150,NA,NA,NA
A3328701024225003,332870,Newtok,2024-04-01,2024,4,fuel_used_gallons,7372,7372,8124,9640,5704,NA,NA,NA
A3328701024225003,332870,Newtok,2024-04-01,2024,4,diesel_kwh_generated,96205,96205,73512,103272,52111,NA,NA,NA
A3328701124225003,332870,Newtok,2024-05-01,2024,5,fuel_used_gallons,11907,7372,8124,6647,4696,NA,NA,NA
A3328701124225003,332870,Newtok,2024-05-01,2024,5,diesel_kwh_generated,110339,96205,73512,76305,41999,NA,NA,NA
A3328701124225003,332870,Newtok,2024-05-01,2024,5,govt_facil_sold_to,1435,0,758,751,611,NA,NA,NA
A3328701224225003,332870,Newtok,2024-06-01,2024,6,govt_facil_sold_to,1502,1435,758,1657,268,NA,NA,NA
A3328700125225003,332870,Newtok,2024-07-01,2024,7,commercial_sold_to,24896,12123,13672,16138,11280,NA,NA,NA
A3328700125225003,332870,Newtok,2024-07-01,2024,7,govt_facil_sold_to,1879,1502,758,751,286,NA,NA,NA
A3328700225225003,332870,Newtok,2024-08-01,2024,8,fuel_used_gallons,10205,5922,8124,4296,2991,NA,NA,NA
A3328700225225003,332870,Newtok,2024-08-01,2024,8,diesel_kwh_generated,83731,35859,73512,38581,40626,NA,NA,NA
A3328700425225003,332870,Newtok,2024-10-01,2024,10,fuel_used_gallons,11062,2670,8124,2670,3740,NA,NA,NA
A3328700425225003,332870,Newtok,2024-10-01,2024,10,diesel_kwh_generated,98768,41303,73512,41303,56429,NA,NA,NA
A3328700525225003,332870,Newtok,2024-11-01,2024,11,govt_facil_sold_to,2092,511,758,918,365,NA,NA,NA
A3328700625225003,332870,Newtok,2024-12-01,2024,12,govt_facil_sold_to,1324,2092,758,1709,564,NA,NA,NA
A3328700725225003,332870,Newtok,2025-01-01,2025,1,govt_facil_sold_to,1326,1324,1209,1145,530,NA,NA,NA
A3328700825225003,332870,Newtok,2025-02-01,2025,2,powerhouse_consumption_kwh,6287,NA,4510,6287,2076,NA,NA,NA
A3328700925225003,332870,Newtok,2025-03-01,2025,3,powerhouse_consumption_kwh,6287,6287,4510,7620,1311,NA,NA,NA
A3328701025225003,332870,Newtok,2025-04-01,2025,4,fuel_used_gallons,13414,3985,6688,8874,5033,NA,NA,NA
A3328701025225003,332870,Newtok,2025-04-01,2025,4,powerhouse_consumption_kwh,8954,6287,4510,5051,1221,NA,NA,NA
A3328701125225003,332870,Newtok,2025-05-01,2025,5,fuel_used_gallons,13764,13414,6688,13414,4431,NA,NA,NA
A3328701125225003,332870,Newtok,2025-05-01,2025,5,powerhouse_consumption_kwh,3815,8954,4510,8954,840,NA,NA,NA
A3328701125225003,332870,Newtok,2025-05-01,2025,5,govt_facil_sold_to,3720,0,1209,698,325,NA,NA,NA
A3328701225225003,332870,Newtok,2025-06-01,2025,6,govt_facil_sold_to,1395,3720,1209,2558,281,NA,NA,NA
A3328700126225003,332870,Newtok,2025-07-01,2025,7,govt_facil_sold_to,1396,1395,1209,1446,339,NA,NA,NA
A3328700226225003,332870,Newtok,2025-08-01,2025,8,govt_facil_sold_to,1498,1396,1209,1170,148,NA,NA,NA
A3328700426225003,332870,Newtok,2025-10-01,2025,10,fuel_used_gallons,10024,5636,6688,5462,3870,NA,NA,NA
A3328700426225003,332870,Newtok,2025-10-01,2025,10,diesel_kwh_generated,110100,67915,74594,63528,54162,NA,NA,NA
A3328700426225003,332870,Newtok,2025-10-01,2025,10,powerhouse_consumption_kwh,3696,1806,4510,1876,741,NA,NA,NA
A3328700426225003,332870,Newtok,2025-10-01,2025,10,commercial_sold_to,22389,15516,11945,15144,9302,NA,NA,NA
A3328700626225003,332870,Newtok,2025-12-01,2025,12,fuel_used_gallons,10781,5287,6688,8034,4955,NA,NA,NA
A3328700626225003,332870,Newtok,2025-12-01,2025,12,diesel_kwh_generated,127928,59142,74594,93535,45384,NA,NA,NA
A3328700626225003,332870,Newtok,2025-12-01,2025,12,residential_sold_to,53739,21277,31879,27177,26376,NA,NA,NA
A3328700626225003,332870,Newtok,2025-12-01,2025,12,commercial_sold_to,34830,14773,11945,18134,10591,NA,NA,NA
A3328700626225003,332870,Newtok,2025-12-01,2025,12,govt_facil_sold_to,1776,653,1209,1182,518,NA,NA,NA
A3328700726225003,332870,Newtok,2026-01-01,2026,1,fuel_used_gallons,10781,10781,12026,10781,4743,NA,NA,NA
A3328700726225003,332870,Newtok,2026-01-01,2026,1,diesel_kwh_generated,127928,127928,124973,127928,37663,NA,NA,NA
A3328700726225003,332870,Newtok,2026-01-01,2026,1,govt_facil_sold_to,1710,1776,1262,1130,491,NA,NA,NA
A3328700826225003,332870,Newtok,2026-02-01,2026,2,powerhouse_consumption_kwh,5954,3288,4137,3470,2117,NA,NA,NA
A3328700826225003,332870,Newtok,2026-02-01,2026,2,peak_consumption_kw,198,154,208,197,103,NA,NA,NA
A3328700926225003,332870,Newtok,2026-03-01,2026,3,fuel_used_gallons,12648,NA,12026,12648,4046,NA,NA,NA
A3328700926225003,332870,Newtok,2026-03-01,2026,3,diesel_kwh_generated,123496,NA,124973,123496,47769,NA,NA,NA
A3328700926225003,332870,Newtok,2026-03-01,2026,3,powerhouse_consumption_kwh,3653,5954,4137,4804,1750,NA,NA,NA
A3328700926225003,332870,Newtok,2026-03-01,2026,3,peak_consumption_kw,240,198,208,219,95,NA,NA,NA
A3328700926225003,332870,Newtok,2026-03-01,2026,3,commercial_sold_to,25894,5616,18424,13152,8854,NA,NA,NA
A3328700926225003,332870,Newtok,2026-03-01,2026,3,govt_facil_sold_to,1576,483,1262,880,255,NA,NA,NA
A3328701026225003,332870,Newtok,2026-04-01,2026,4,fuel_used_gallons,12648,12648,12026,12648,5118,NA,NA,NA
A3328701026225003,332870,Newtok,2026-04-01,2026,4,diesel_kwh_generated,123496,123496,124973,123496,47562,NA,NA,NA
A3328701026225003,332870,Newtok,2026-04-01,2026,4,powerhouse_consumption_kwh,3653,3653,4137,3653,1979,NA,NA,NA
A3328701026225003,332870,Newtok,2026-04-01,2026,4,peak_consumption_kw,240,240,208,240,89,NA,NA,NA
A3328701026225003,332870,Newtok,2026-04-01,2026,4,govt_facil_sold_to,1277,1576,1262,1576,138,NA,NA,NA
A3314900516225003,331490,Nightmute,2015-11-01,2015,11,commercial_sold_to,8688,NA,9203,9718,2916,NA,NA,NA
A3314900616225003,331490,Nightmute,2015-12-01,2015,12,commercial_sold_to,9718,8688,9203,9954,3117,NA,NA,NA
A3314900716225003,331490,Nightmute,2016-01-01,2016,1,commercial_sold_to,11219,9718,4276,6511,5288,NA,NA,NA
A3314900217225003,331490,Nightmute,2016-08-01,2016,8,residential_customers,262,56,108,56,53,NA,NA,NA
A3314900417225003,331490,Nightmute,2016-10-01,2016,10,residential_customers,259,56,108,159,55,NA,NA,NA
A3314900517225003,331490,Nightmute,2016-11-01,2016,11,residential_customers,262,259,108,158,54,NA,NA,NA
A3314900717225003,331490,Nightmute,2017-01-01,2017,1,residential_customers,265,58,90,162,60,NA,NA,NA
A3314900817225003,331490,Nightmute,2017-02-01,2017,2,residential_customers,265,265,90,161,54,NA,NA,NA
A3314900518225003,331490,Nightmute,2017-11-01,2017,11,com_facil_sold_to,31507,23902,19938,29382,11395,NA,NA,NA
A3314900618225003,331490,Nightmute,2017-12-01,2017,12,com_facil_sold_to,34862,31507,19938,34498,13241,NA,NA,NA
A3314900718225003,331490,Nightmute,2018-01-01,2018,1,com_facil_sold_to,37490,34862,29793,35472,14239,NA,NA,NA
A3314900818225003,331490,Nightmute,2018-02-01,2018,2,com_facil_sold_to,36081,37490,29793,35613,14002,NA,NA,NA
A3314900918225003,331490,Nightmute,2018-03-01,2018,3,com_facil_sold_to,33736,36081,29793,35811,13533,NA,NA,NA
A3314901018225003,331490,Nightmute,2018-04-01,2018,4,com_facil_sold_to,35541,33736,29793,31576,13843,NA,NA,NA
A3314901118225003,331490,Nightmute,2018-05-01,2018,5,com_facil_sold_to,29415,35541,29793,27676,9253,NA,NA,NA
A3314900519225003,331490,Nightmute,2018-11-01,2018,11,com_facil_sold_to,30985,27922,29793,32774,11448,NA,NA,NA
A3314900619225003,331490,Nightmute,2018-12-01,2018,12,com_facil_sold_to,37626,30985,29793,33143,12965,NA,NA,NA
A3314900719225003,331490,Nightmute,2019-01-01,2019,1,com_facil_sold_to,35301,37626,16610,32769,14458,NA,NA,NA
A3314900919225003,331490,Nightmute,2019-03-01,2019,3,com_facil_sold_to,29270,27912,16610,27916,13980,NA,NA,NA
A3314900726225003,331490,Nightmute,2026-01-01,2026,1,residential_sold_to,66990,24503,39105,24348,30552,NA,NA,NA
A3314900726225003,331490,Nightmute,2026-01-01,2026,1,commercial_sold_to,26393,5426,14040,5412,3771,NA,NA,NA
A3314900726225003,331490,Nightmute,2026-01-01,2026,1,residential_customers,106,55,68,56,76,NA,NA,NA
A3314901026225003,331490,Nightmute,2026-04-01,2026,4,commercial_sold_to,18579,5789,14040,5789,3281,NA,NA,NA
A3323300318225003,332330,Nikolai,2017-09-01,2017,9,powerhouse_consumption_kwh,4356,NA,1612,1119,1252,NA,NA,NA
A3323300719225003,332330,Nikolai,2019-01-01,2019,1,fuel_used_gallons,7597,NA,4729,3436,3693,NA,NA,NA
A3323300719225003,332330,Nikolai,2019-01-01,2019,1,residential_sold_to,27661,NA,14845,10397,14866,NA,NA,NA
A3323300220225003,332330,Nikolai,2019-08-01,2019,8,commercial_sold_to,26314,NA,14676,9194,9644,NA,NA,NA
A3323300520225003,332330,Nikolai,2019-11-01,2019,11,residential_sold_to,23612,NA,14845,12067,16251,NA,NA,NA
A3323300521225003,332330,Nikolai,2020-11-01,2020,11,fuel_used_gallons,8000,NA,3499,3426,4048,NA,NA,NA
A3323300521225003,332330,Nikolai,2020-11-01,2020,11,residential_sold_to,35853,NA,15029,11900,14891,NA,NA,NA
A3323301021225003,332330,Nikolai,2021-04-01,2021,4,fuel_used_gallons,6644,NA,5161,3246,3481,NA,NA,NA
A3323301021225003,332330,Nikolai,2021-04-01,2021,4,residential_sold_to,28337,NA,17919,11749,12786,NA,NA,NA
A3323300122225003,332330,Nikolai,2021-07-01,2021,7,fuel_used_gallons,9079,NA,5161,8457,3070,NA,NA,NA
A3323300122225003,332330,Nikolai,2021-07-01,2021,7,powerhouse_consumption_kwh,5872,NA,2518,2552,1317,NA,NA,NA
A3323300222225003,332330,Nikolai,2021-08-01,2021,8,fuel_used_gallons,8457,9079,5161,9079,3221,NA,NA,NA
A3323300222225003,332330,Nikolai,2021-08-01,2021,8,residential_sold_to,22821,14038,17919,14038,12579,NA,NA,NA
A3323300522225003,332330,Nikolai,2021-11-01,2021,11,govt_facil_sold_to,14439,1943,3962,2320,3096,NA,NA,NA
A3323300622225003,332330,Nikolai,2021-12-01,2021,12,residential_sold_to,26049,13887,17919,15012,13313,NA,NA,NA
A3323300822225003,332330,Nikolai,2022-02-01,2022,2,unbilled_sold_to,12526,0,2796,1706,2470,NA,NA,NA
A3323300823225003,332330,Nikolai,2023-02-01,2023,2,powerhouse_consumption_kwh,4274,NA,1661,2893,1456,NA,NA,NA
A3323300426225003,332330,Nikolai,2025-10-01,2025,10,residential_sold_to,23734,12475,15596,16206,12803,NA,NA,NA
A3323300726225003,332330,Nikolai,2026-01-01,2026,1,residential_sold_to,25097,NA,18408,16166,15122,NA,NA,NA
A3323300726225003,332330,Nikolai,2026-01-01,2026,1,govt_facil_sold_to,12108,NA,6266,4319,3266,NA,NA,NA
A3323300726225003,332330,Nikolai,2026-01-01,2026,1,unbilled_sold_to,10917,NA,4102,1830,3717,NA,NA,NA
A3327400221225003,332740,Nikolski,2020-08-01,2020,8,fuel_used_gallons,3072,1479,1574,1470,1624,NA,NA,NA
A3327400422225003,332740,Nikolski,2021-10-01,2021,10,fuel_used_gallons,0,1363,1341,1179,1724,NA,NA,NA
A3327401123225003,332740,Nikolski,2023-05-01,2023,5,fuel_used_gallons,3630,1796,1828,1780,1871,NA,NA,NA
A3327401224225003,332740,Nikolski,2024-06-01,2024,6,fuel_used_gallons,4610,2823,2137,2244,1515,NA,NA,NA
A3327401224225003,332740,Nikolski,2024-06-01,2024,6,diesel_kwh_generated,44654,27419,21704,23889,15575,NA,NA,NA
A3327400125225003,332740,Nikolski,2024-07-01,2024,7,powerhouse_consumption_kwh,4984,3795,2151,2651,2013,NA,NA,NA
A3327400725225003,332740,Nikolski,2025-01-01,2025,1,fuel_used_gallons,3042,2523,2224,2704,1668,NA,NA,NA
A3327400825225003,332740,Nikolski,2025-02-01,2025,2,fuel_used_gallons,2885,3042,2224,3106,1592,NA,NA,NA
A3327400925225003,332740,Nikolski,2025-03-01,2025,3,fuel_used_gallons,3170,2885,2224,2560,1862,NA,NA,NA
A3327400925225003,332740,Nikolski,2025-03-01,2025,3,com_facil_sold_to,9925,4900,5711,5715,3205,NA,NA,NA
A3327400626225003,332740,Nikolski,2025-12-01,2025,12,powerhouse_consumption_kwh,4878,2367,1926,2394,1876,NA,NA,NA
A3327400926225003,332740,Nikolski,2026-03-01,2026,3,fuel_used_gallons,4100,2665,3128,3079,1759,NA,NA,NA
A3327400926225003,332740,Nikolski,2026-03-01,2026,3,com_facil_sold_to,7247,6640,6758,6622,3502,NA,NA,NA
A3327401026225003,332740,Nikolski,2026-04-01,2026,4,fuel_used_gallons,3493,4100,3128,3531,1491,NA,NA,NA
A3327401126225003,332740,Nikolski,2026-05-01,2026,5,fuel_used_gallons,2962,3493,3128,3493,1945,NA,NA,NA
A3315000116225003,331500,Noatak,2015-07-01,2015,7,commercial_sold_to,18522,NA,17615,17564,11182,NA,NA,NA
A3315000216225003,331500,Noatak,2015-08-01,2015,8,commercial_sold_to,17564,18522,17615,16840,10916,NA,NA,NA
A3315000416225003,331500,Noatak,2015-10-01,2015,10,commercial_sold_to,18443,15158,17615,16333,11096,NA,NA,NA
A3315000516225003,331500,Noatak,2015-11-01,2015,11,commercial_sold_to,17508,18443,17615,18468,11931,NA,NA,NA
A3315000616225003,331500,Noatak,2015-12-01,2015,12,commercial_sold_to,18494,17508,17615,18566,12956,NA,NA,NA
A3315000716225003,331500,Noatak,2016-01-01,2016,1,commercial_sold_to,19623,18494,11810,14758,11216,NA,NA,NA
A3315000722225003,331500,Noatak,2022-01-01,2022,1,powerhouse_consumption_kwh,12428,6261,5394,7273,4293,NA,NA,NA
A3315000324225003,331500,Noatak,2023-09-01,2023,9,powerhouse_consumption_kwh,16994,4234,5597,6552,4540,NA,NA,NA
A3315000424225003,331500,Noatak,2023-10-01,2023,10,powerhouse_consumption_kwh,8869,16994,5597,11278,4814,NA,NA,NA
A3315000724225003,331500,Noatak,2024-01-01,2024,1,powerhouse_consumption_kwh,9203,6766,7315,7322,4651,NA,NA,NA
A3315001024225003,331500,Noatak,2024-04-01,2024,4,solar_kwh_generated,35382,9656,21676,27398,NA,NA,NA,NA
A3315001124225003,331500,Noatak,2024-05-01,2024,5,solar_kwh_generated,45141,35382,21676,35845,17578,NA,NA,NA
A3315001224225003,331500,Noatak,2024-06-01,2024,6,solar_kwh_generated,36308,45141,21676,45141,NA,NA,NA,NA
A3315000525225003,331500,Noatak,2024-11-01,2024,11,powerhouse_consumption_kwh,9126,7877,7315,7121,4140,NA,NA,NA
A3315001125225003,331500,Noatak,2025-05-01,2025,5,solar_kwh_generated,17578,NA,17578,NA,45141,NA,NA,NA
A3315000126225003,331500,Noatak,2025-07-01,2025,7,powerhouse_consumption_kwh,9593,6349,7708,8224,4286,NA,NA,NA
A3315000226225003,331500,Noatak,2025-08-01,2025,8,powerhouse_consumption_kwh,10100,9593,7708,9023,4352,NA,NA,NA
A3315000526225003,331500,Noatak,2025-11-01,2025,11,fuel_used_gallons,0,12553,10269,6276,12817,NA,NA,NA
A3315000526225003,331500,Noatak,2025-11-01,2025,11,commercial_sold_to,20925,10922,13028,17483,11590,NA,NA,NA
A3315000626225003,331500,Noatak,2025-12-01,2025,12,fuel_used_gallons,0,0,10269,0,11718,NA,NA,NA
A3315000626225003,331500,Noatak,2025-12-01,2025,12,commercial_sold_to,24044,20925,13028,13282,12401,NA,NA,NA
A3315000726225003,331500,Noatak,2026-01-01,2026,1,fuel_used_gallons,0,0,0,0,14344,NA,NA,NA
A3315000726225003,331500,Noatak,2026-01-01,2026,1,commercial_sold_to,5640,24044,18654,22690,12615,NA,NA,NA
A3315000726225003,331500,Noatak,2026-01-01,2026,1,residential_customers,55,111,97,111,120,NA,NA,NA
A3315000826225003,331500,Noatak,2026-02-01,2026,2,fuel_used_gallons,0,0,0,0,13163,NA,NA,NA
A3315000826225003,331500,Noatak,2026-02-01,2026,2,commercial_sold_to,21336,5640,18654,16274,10652,NA,NA,NA
A3315000926225003,331500,Noatak,2026-03-01,2026,3,fuel_used_gallons,0,0,0,0,12704,NA,NA,NA
A3315000926225003,331500,Noatak,2026-03-01,2026,3,commercial_sold_to,26907,21336,18654,21034,11106,NA,NA,NA
A3315001026225003,331500,Noatak,2026-04-01,2026,4,fuel_used_gallons,0,0,0,0,11606,NA,NA,NA
A3315001026225003,331500,Noatak,2026-04-01,2026,4,commercial_sold_to,20731,26907,18654,26907,10766,NA,NA,NA
A3323400121225003,332340,Nome,2020-07-01,2020,7,powerhouse_consumption_kwh,195374,100779,113195,99923,107223,NA,NA,NA
A3323400324225003,332340,Nome,2023-09-01,2023,9,peak_consumption_kw,8169,3629,4648,3934,3924,NA,NA,NA
A3323400325225003,332340,Nome,2024-09-01,2024,9,residential_customers,1315,1787,1738,1786,1761,NA,NA,NA
A3323400825225003,332340,Nome,2025-02-01,2025,2,powerhouse_consumption_kwh,159368,109913,113545,105307,117368,NA,NA,NA
A3315100217225003,331510,Noorvik,2016-08-01,2016,8,residential_customers,85,132,124,134,134,NA,NA,NA
A3315100417225003,331510,Noorvik,2016-10-01,2016,10,residential_customers,84,136,124,110,135,NA,NA,NA
A3315100517225003,331510,Noorvik,2016-11-01,2016,11,residential_customers,85,84,124,112,136,NA,NA,NA
A3315100717225003,331510,Noorvik,2017-01-01,2017,1,residential_customers,83,139,127,112,136,NA,NA,NA
A3315100817225003,331510,Noorvik,2017-02-01,2017,2,residential_customers,85,83,127,110,136,NA,NA,NA
A3315100526225003,331510,Noorvik,2025-11-01,2025,11,commercial_sold_to,25886,10008,14957,17249,14920,NA,NA,NA
A3315100626225003,331510,Noorvik,2025-12-01,2025,12,commercial_sold_to,24490,25886,14957,25706,15597,NA,NA,NA
A3315100726225003,331510,Noorvik,2026-01-01,2026,1,commercial_sold_to,25527,24490,24666,24718,16512,NA,NA,NA
A3315100826225003,331510,Noorvik,2026-02-01,2026,2,commercial_sold_to,24947,25527,24666,26185,14636,NA,NA,NA
A3315100926225003,331510,Noorvik,2026-03-01,2026,3,commercial_sold_to,26843,24947,24666,23148,14067,NA,NA,NA
A3311800919225003,331180,"Northway, Northway Village, Northway Junction",2019-03-01,2019,3,peak_consumption_kw,412,201,203,191,194,NA,NA,NA
A3311800621225003,331180,"Northway, Northway Village, Northway Junction",2020-12-01,2020,12,govt_facil_sold_to,0,25294,20779,25212,27370,NA,NA,NA
A3311800621225003,331180,"Northway, Northway Village, Northway Junction",2020-12-01,2020,12,unbilled_sold_to,25680,0,2140,0,0,NA,NA,NA
A3311801125225003,331180,"Northway, Northway Village, Northway Junction",2025-05-01,2025,5,powerhouse_consumption_kwh,5040,1416,2870,2304,1320,NA,NA,NA
A3311800626225003,331180,"Northway, Northway Village, Northway Junction",2025-12-01,2025,12,powerhouse_consumption_kwh,3936,2880,2870,3564,1313,NA,NA,NA
A3311800626225003,331180,"Northway, Northway Village, Northway Junction",2025-12-01,2025,12,residential_sold_to,54557,38778,35013,49170,35157,NA,NA,NA
A3311800726225003,331180,"Northway, Northway Village, Northway Junction",2026-01-01,2026,1,powerhouse_consumption_kwh,4248,3936,3846,3720,1440,NA,NA,NA
A3311800726225003,331180,"Northway, Northway Village, Northway Junction",2026-01-01,2026,1,residential_sold_to,59563,54557,46919,49960,38154,NA,NA,NA
A3311801026225003,331180,"Northway, Northway Village, Northway Junction",2026-04-01,2026,4,powerhouse_consumption_kwh,3960,3672,3846,3672,1294,NA,NA,NA
A3323801019225003,332380,Nuiqsut,2019-04-01,2019,4,peak_consumption_kw,5077,1191,1401,1124,1201,NA,NA,NA
A3323800821225003,332380,Nuiqsut,2021-02-01,2021,2,peak_consumption_kw,2522,1263,1227,1372,1326,NA,NA,NA
A3323800425225003,332380,Nuiqsut,2024-10-01,2024,10,powerhouse_consumption_kwh,57674,28631,37848,40156,32275,NA,NA,NA
A3323800926225003,332380,Nuiqsut,2026-03-01,2026,3,peak_consumption_kw,3802,1406,1797,1304,1353,NA,NA,NA
A3315200616225003,331520,Nulato,2015-12-01,2015,12,commercial_sold_to,11969,9406,6055,10947,1002,NA,NA,NA
A3315200716225003,331520,Nulato,2016-01-01,2016,1,commercial_sold_to,12488,11969,1041,5984,1176,NA,NA,NA
A3315200217225003,331520,Nulato,2016-08-01,2016,8,residential_customers,1859,109,552,109,109,NA,NA,NA
A3315200417225003,331520,Nulato,2016-10-01,2016,10,residential_customers,1893,109,552,994,107,NA,NA,NA
A3315200517225003,331520,Nulato,2016-11-01,2016,11,residential_customers,1880,1893,552,1000,108,NA,NA,NA
A3315200717225003,331520,Nulato,2017-01-01,2017,1,residential_customers,1864,107,399,984,108,NA,NA,NA
A3315200817225003,331520,Nulato,2017-02-01,2017,2,residential_customers,1861,1864,399,986,108,NA,NA,NA
A3315201123225003,331520,Nulato,2023-05-01,2023,5,powerhouse_consumption_kwh,3000,1849,1597,1936,1346,NA,NA,NA
A3315200526225003,331520,Nulato,2025-11-01,2025,11,fuel_used_gallons,0,7918,6862,3959,7809,NA,NA,NA
A3315200626225003,331520,Nulato,2025-12-01,2025,12,fuel_used_gallons,0,0,6862,0,8693,NA,NA,NA
A3315200626225003,331520,Nulato,2025-12-01,2025,12,commercial_sold_to,10015,8948,1580,10356,1197,NA,NA,NA
A3315200726225003,331520,Nulato,2026-01-01,2026,1,fuel_used_gallons,0,0,0,0,8704,NA,NA,NA
A3315200726225003,331520,Nulato,2026-01-01,2026,1,commercial_sold_to,11763,10015,10680,9932,1249,NA,NA,NA
A3315200826225003,331520,Nulato,2026-02-01,2026,2,fuel_used_gallons,0,0,0,0,8103,NA,NA,NA
A3315200926225003,331520,Nulato,2026-03-01,2026,3,fuel_used_gallons,0,0,0,0,7881,NA,NA,NA
A3315200926225003,331520,Nulato,2026-03-01,2026,3,commercial_sold_to,11849,9849,10680,9554,0,NA,NA,NA
A3315201026225003,331520,Nulato,2026-04-01,2026,4,fuel_used_gallons,0,0,0,0,7300,NA,NA,NA
A3324200916225003,332420,Nunam Iqua,2016-03-01,2016,3,unbilled_sold_to,1873,1076,799,876,586,NA,NA,NA
A3324201019225003,332420,Nunam Iqua,2019-04-01,2019,4,residential_customers,476,46,88,46,46,NA,NA,NA
A3315300616225003,331530,Nunapitchuk,2015-12-01,2015,12,commercial_sold_to,15451,12882,14166,14496,10708,NA,NA,NA
A3315300716225003,331530,Nunapitchuk,2016-01-01,2016,1,commercial_sold_to,16111,15451,9850,12237,10870,NA,NA,NA
A3315300217225003,331530,Nunapitchuk,2016-08-01,2016,8,residential_customers,50,128,108,127,123,NA,NA,NA
A3315300417225003,331530,Nunapitchuk,2016-10-01,2016,10,residential_customers,50,126,108,88,124,NA,NA,NA
A3315300517225003,331530,Nunapitchuk,2016-11-01,2016,11,residential_customers,49,50,108,88,125,NA,NA,NA
A3315300717225003,331530,Nunapitchuk,2017-01-01,2017,1,residential_customers,50,126,116,88,125,NA,NA,NA
A3315300817225003,331530,Nunapitchuk,2017-02-01,2017,2,residential_customers,50,50,116,88,125,NA,NA,NA
A3315300524225003,331530,Nunapitchuk,2023-11-01,2023,11,commercial_sold_to,15805,14677,10537,15033,10199,NA,NA,NA
A3315300624225003,331530,Nunapitchuk,2023-12-01,2023,12,commercial_sold_to,15389,15805,10537,16582,10714,NA,NA,NA
A3315300724225003,331530,Nunapitchuk,2024-01-01,2024,1,commercial_sold_to,17360,15389,13257,15624,10745,NA,NA,NA
A3315300824225003,331530,Nunapitchuk,2024-02-01,2024,2,commercial_sold_to,15858,17360,13257,17079,9461,NA,NA,NA
A3315300924225003,331530,Nunapitchuk,2024-03-01,2024,3,commercial_sold_to,16798,15858,13257,16514,9823,NA,NA,NA
A3315301024225003,331530,Nunapitchuk,2024-04-01,2024,4,commercial_sold_to,17171,16798,13257,15427,9204,NA,NA,NA
A3315300425225003,331530,Nunapitchuk,2024-10-01,2024,10,com_facil_sold_to,74476,10461,19135,14394,15127,NA,NA,NA
A3315300726225003,331530,Nunapitchuk,2026-01-01,2026,1,commercial_sold_to,15894,14402,14333,14070,10892,NA,NA,NA
A3315300926225003,331530,Nunapitchuk,2026-03-01,2026,3,commercial_sold_to,15706,13739,14333,12866,9932,NA,NA,NA
A3315400116225003,331540,Old Harbor,2015-07-01,2015,7,commercial_sold_to,10037,NA,8082,11869,0,NA,NA,NA
A3315400216225003,331540,Old Harbor,2015-08-01,2015,8,commercial_sold_to,11869,10037,8082,10080,0,NA,NA,NA
A3315400316225003,331540,Old Harbor,2015-09-01,2015,9,commercial_sold_to,10124,11869,8082,8822,0,NA,NA,NA
A3315400217225003,331540,Old Harbor,2016-08-01,2016,8,residential_customers,203,93,123,94,88,NA,NA,NA
A3315400417225003,331540,Old Harbor,2016-10-01,2016,10,residential_customers,208,95,123,151,88,NA,NA,NA
A3315400517225003,331540,Old Harbor,2016-11-01,2016,11,residential_customers,207,208,123,153,90,NA,NA,NA
A3315400617225003,331540,Old Harbor,2016-12-01,2016,12,fuel_used_gallons,7148,5165,5180,5285,3629,NA,NA,NA
A3315400717225003,331540,Old Harbor,2017-01-01,2017,1,residential_customers,207,98,115,152,90,NA,NA,NA
A3315400817225003,331540,Old Harbor,2017-02-01,2017,2,residential_customers,207,207,115,152,90,NA,NA,NA
A3315400722225003,331540,Old Harbor,2022-01-01,2022,1,fuel_used_gallons,7347,4444,5014,4864,4952,NA,NA,NA
A3315400526225003,331540,Old Harbor,2025-11-01,2025,11,fuel_used_gallons,0,4214,3345,2107,4878,NA,NA,NA
A3315400626225003,331540,Old Harbor,2025-12-01,2025,12,fuel_used_gallons,0,0,3345,0,5059,NA,NA,NA
A3315400726225003,331540,Old Harbor,2026-01-01,2026,1,fuel_used_gallons,0,0,0,0,5687,NA,NA,NA
A3315400826225003,331540,Old Harbor,2026-02-01,2026,2,fuel_used_gallons,0,0,0,0,4855,NA,NA,NA
A3315400926225003,331540,Old Harbor,2026-03-01,2026,3,fuel_used_gallons,0,0,0,0,4884,NA,NA,NA
A3315401026225003,331540,Old Harbor,2026-04-01,2026,4,fuel_used_gallons,0,0,0,0,4852,NA,NA,NA
A3324400819225003,332440,Ouzinkie,2019-02-01,2019,2,govt_facil_sold_to,2025,926,885,1192,1074,NA,NA,NA
A3324501222225003,332450,Pedro Bay,2022-06-01,2022,6,powerhouse_consumption_kwh,3083,1186,1489,2130,1144,NA,NA,NA
A3324500123225003,332450,Pedro Bay,2022-07-01,2022,7,powerhouse_consumption_kwh,3075,3083,1489,2566,1341,NA,NA,NA
A3324500425225003,332450,Pedro Bay,2024-10-01,2024,10,peak_consumption_kw,123,56,64,59,55,NA,NA,NA
A3324600517225003,332460,Pelican,2016-11-01,2016,11,powerhouse_consumption_kwh,13667,4863,15600,60258,6232,NA,NA,NA
A3324600617225003,332460,Pelican,2016-12-01,2016,12,powerhouse_consumption_kwh,115654,13667,15600,13667,6372,NA,NA,NA
A3324600122225003,332460,Pelican,2021-07-01,2021,7,fuel_used_gallons,350,NA,1072,57,0,NA,NA,NA
A3324600422225003,332460,Pelican,2021-10-01,2021,10,fuel_used_gallons,856,115,1072,70,967,NA,NA,NA
A3324600622225003,332460,Pelican,2021-12-01,2021,12,fuel_used_gallons,5027,24,1072,1742,2321,NA,NA,NA
A3324600722225003,332460,Pelican,2022-01-01,2022,1,fuel_used_gallons,3461,5027,2001,2514,3450,NA,NA,NA
A3324600922225003,332460,Pelican,2022-03-01,2022,3,residential_customers,25971,72,2230,72,73,NA,NA,NA
A3324600922225003,332460,Pelican,2022-03-01,2022,3,commercial_customers,24989,34,2111,34,26,NA,NA,NA
A3324600922225003,332460,Pelican,2022-03-01,2022,3,com_facil_customers,24789,18,2080,18,18,NA,NA,NA
A3324600922225003,332460,Pelican,2022-03-01,2022,3,govt_facil_customers,297,1,26,1,1,NA,NA,NA
A3324600922225003,332460,Pelican,2022-03-01,2022,3,unbilled_customers,24436,2,2038,2,2,NA,NA,NA
A3324601022225003,332460,Pelican,2022-04-01,2022,4,fuel_used_gallons,727,38,2001,19,0,NA,NA,NA
A3324600323225003,332460,Pelican,2022-09-01,2022,9,fuel_used_gallons,697,0,2001,1593,72,NA,NA,NA
A3324600423225003,332460,Pelican,2022-10-01,2022,10,fuel_used_gallons,3186,697,2001,4376,384,NA,NA,NA
A3324600523225003,332460,Pelican,2022-11-01,2022,11,fuel_used_gallons,8054,3186,2001,5516,65,NA,NA,NA
A3324600623225003,332460,Pelican,2022-12-01,2022,12,fuel_used_gallons,7847,8054,2001,7803,1616,NA,NA,NA
A3324600723225003,332460,Pelican,2023-01-01,2023,1,fuel_used_gallons,7552,7847,1604,5292,2428,NA,NA,NA
A3324600823225003,332460,Pelican,2023-02-01,2023,2,fuel_used_gallons,2738,7552,1604,5736,1178,NA,NA,NA
A3324600923225003,332460,Pelican,2023-03-01,2023,3,fuel_used_gallons,3920,2738,1604,2738,866,NA,NA,NA
A3324600724225003,332460,Pelican,2024-01-01,2024,1,fuel_used_gallons,3461,0,847,296,3450,NA,NA,NA
A3324600824225003,332460,Pelican,2024-02-01,2024,2,fuel_used_gallons,592,3461,847,2666,1715,NA,NA,NA
A3324600924225003,332460,Pelican,2024-03-01,2024,3,fuel_used_gallons,1871,592,847,296,1378,NA,NA,NA
A3324600225225003,332460,Pelican,2024-08-01,2024,8,fuel_used_gallons,1769,0,847,0,38,NA,NA,NA
A3324600325225003,332460,Pelican,2024-09-01,2024,9,govt_facil_sold_to,860,276,746,734,286,NA,NA,NA
A3324600425225003,332460,Pelican,2024-10-01,2024,10,fuel_used_gallons,682,0,847,150,1010,NA,NA,NA
A3324600425225003,332460,Pelican,2024-10-01,2024,10,govt_facil_sold_to,1191,860,746,1516,311,NA,NA,NA
A3324600525225003,332460,Pelican,2024-11-01,2024,11,govt_facil_sold_to,2172,1191,746,1800,395,NA,NA,NA
A3324600625225003,332460,Pelican,2024-12-01,2024,12,fuel_used_gallons,1436,301,847,1545,3218,NA,NA,NA
A3324600625225003,332460,Pelican,2024-12-01,2024,12,govt_facil_sold_to,2408,2172,746,2020,417,NA,NA,NA
A3324600725225003,332460,Pelican,2025-01-01,2025,1,fuel_used_gallons,2789,1436,1419,2779,3618,NA,NA,NA
A3324600725225003,332460,Pelican,2025-01-01,2025,1,govt_facil_sold_to,1869,2408,1578,2412,379,NA,NA,NA
A3324600825225003,332460,Pelican,2025-02-01,2025,2,fuel_used_gallons,4122,2789,1419,2171,832,NA,NA,NA
A3324600825225003,332460,Pelican,2025-02-01,2025,2,govt_facil_sold_to,2415,1869,1578,1822,322,NA,NA,NA
A3324600925225003,332460,Pelican,2025-03-01,2025,3,fuel_used_gallons,1553,4122,1419,2061,1457,NA,NA,NA
A3324600925225003,332460,Pelican,2025-03-01,2025,3,govt_facil_sold_to,1775,2415,1578,2014,299,NA,NA,NA
A3324601025225003,332460,Pelican,2025-04-01,2025,4,govt_facil_sold_to,1613,1775,1578,1435,284,NA,NA,NA
A3324601125225003,332460,Pelican,2025-05-01,2025,5,govt_facil_sold_to,1095,1613,1578,1156,276,NA,NA,NA
A3324601225225003,332460,Pelican,2025-06-01,2025,6,govt_facil_sold_to,699,1095,1578,1095,247,NA,NA,NA
A3324700716225003,332470,Perryville,2016-01-01,2016,1,com_facil_sold_to,10352,0,5138,2586,0,NA,NA,NA
A3324700519225003,332470,Perryville,2018-11-01,2018,11,diesel_kwh_generated,116640,NA,116640,NA,36826,NA,NA,NA
A3324700619225003,332470,Perryville,2018-12-01,2018,12,commercial_sold_to,83046,26908,29476,25150,34606,NA,NA,NA
A3324700719225003,332470,Perryville,2019-01-01,2019,1,diesel_kwh_generated,107040,NA,63320,112560,40959,NA,NA,NA
A3324700819225003,332470,Perryville,2019-02-01,2019,2,diesel_kwh_generated,112560,107040,63320,104960,43044,NA,NA,NA
A3324700919225003,332470,Perryville,2019-03-01,2019,3,diesel_kwh_generated,102880,112560,63320,112560,38565,NA,NA,NA
A3324700620225003,332470,Perryville,2019-12-01,2019,12,peak_consumption_kw,101,NA,101,99,NA,NA,NA,NA
A3324700720225003,332470,Perryville,2020-01-01,2020,1,peak_consumption_kw,99,101,17,51,NA,NA,NA,NA
A3324800717225003,332480,Pilot Point,2017-01-01,2017,1,peak_consumption_kw,191,102,112,106,117,NA,NA,NA
A3324800122225003,332480,Pilot Point,2021-07-01,2021,7,residential_sold_to,20436,13541,11873,11534,17751,NA,NA,NA
A3324800123225003,332480,Pilot Point,2022-07-01,2022,7,residential_sold_to,20036,12974,11578,11298,17795,NA,NA,NA
A3324800724225003,332480,Pilot Point,2024-01-01,2024,1,powerhouse_consumption_kwh,9848,1606,2452,1630,2163,NA,NA,NA
A3315500217225003,331550,Pilot Station,2016-08-01,2016,8,residential_customers,36,136,113,137,132,NA,NA,NA
A3315500417225003,331550,Pilot Station,2016-10-01,2016,10,residential_customers,37,138,113,87,132,NA,NA,NA
A3315500517225003,331550,Pilot Station,2016-11-01,2016,11,residential_customers,36,37,113,88,132,NA,NA,NA
A3315500717225003,331550,Pilot Station,2017-01-01,2017,1,residential_customers,38,138,120,88,132,NA,NA,NA
A3315500817225003,331550,Pilot Station,2017-02-01,2017,2,residential_customers,38,38,120,90,133,NA,NA,NA
A3315500918225003,331550,Pilot Station,2018-03-01,2018,3,residential_sold_to,1061401,57559,144528,57559,64376,NA,NA,NA
A3315500622225003,331550,Pilot Station,2021-12-01,2021,12,fuel_used_gallons,29783,17628,13866,16414,11013,NA,NA,NA
A3315501223225003,331550,Pilot Station,2023-06-01,2023,6,commercial_sold_to,8471,20538,18696,25370,20182,NA,NA,NA
A3315500124225003,331550,Pilot Station,2023-07-01,2023,7,commercial_sold_to,30201,8471,18696,15957,21694,NA,NA,NA
A3315500526225003,331550,Pilot Station,2025-11-01,2025,11,fuel_used_gallons,0,12940,11139,6470,13329,NA,NA,NA
A3315500626225003,331550,Pilot Station,2025-12-01,2025,12,fuel_used_gallons,0,0,11139,0,16969,NA,NA,NA
A3315500726225003,331550,Pilot Station,2026-01-01,2026,1,fuel_used_gallons,0,0,0,0,15436,NA,NA,NA
A3315500826225003,331550,Pilot Station,2026-02-01,2026,2,fuel_used_gallons,0,0,0,0,13971,NA,NA,NA
A3315500926225003,331550,Pilot Station,2026-03-01,2026,3,fuel_used_gallons,0,0,0,0,14210,NA,NA,NA
A3315501026225003,331550,Pilot Station,2026-04-01,2026,4,fuel_used_gallons,0,0,0,0,13208,NA,NA,NA
A3315600217225003,331560,Pitkas Point,2016-08-01,2016,8,residential_customers,90,30,54,30,27,NA,NA,NA
A3315600417225003,331560,Pitkas Point,2016-10-01,2016,10,residential_customers,141,30,54,86,27,NA,NA,NA
A3315600517225003,331560,Pitkas Point,2016-11-01,2016,11,residential_customers,141,141,54,86,28,NA,NA,NA
A3315600717225003,331560,Pitkas Point,2017-01-01,2017,1,residential_customers,142,31,49,86,39,NA,NA,NA
A3315600817225003,331560,Pitkas Point,2017-02-01,2017,2,residential_customers,142,142,49,87,28,NA,NA,NA
A3315600726225003,331560,Pitkas Point,2026-01-01,2026,1,residential_sold_to,66768,13782,27926,13226,14219,NA,NA,NA
A3315600726225003,331560,Pitkas Point,2026-01-01,2026,1,commercial_sold_to,23198,3474,8563,3398,749,NA,NA,NA
A3315600726225003,331560,Pitkas Point,2026-01-01,2026,1,govt_facil_sold_to,65702,0,16426,0,0,NA,NA,NA
A3315600726225003,331560,Pitkas Point,2026-01-01,2026,1,residential_customers,131,30,55,30,40,NA,NA,NA
A3323900916225003,332390,Point Hope,2016-03-01,2016,3,powerhouse_consumption_kwh,39162,20652,23965,20908,23503,NA,NA,NA
A3323900321225003,332390,Point Hope,2020-09-01,2020,9,powerhouse_consumption_kwh,37860,30395,27153,31855,23632,NA,NA,NA
A3325900917225003,332590,Port Alsworth,2017-03-01,2017,3,govt_facil_sold_to,10814,8019,8090,8045,6792,NA,NA,NA
A3325900818225003,332590,Port Alsworth,2018-02-01,2018,2,powerhouse_consumption_kwh,2890,2124,2035,2242,1584,NA,NA,NA
A3325900123225003,332590,Port Alsworth,2022-07-01,2022,7,peak_consumption_kw,418,201,228,191,237,NA,NA,NA
A3325900824225003,332590,Port Alsworth,2024-02-01,2024,2,peak_consumption_kw,395,312,245,254,183,NA,NA,NA
A3325900626225003,332590,Port Alsworth,2025-12-01,2025,12,diesel_kwh_generated,120579,100949,90209,110710,77600,NA,NA,NA
A3325900726225003,332590,Port Alsworth,2026-01-01,2026,1,diesel_kwh_generated,120470,120579,98891,108912,80794,NA,NA,NA
A3325900926225003,332590,Port Alsworth,2026-03-01,2026,3,peak_consumption_kw,600,241,429,420,174,NA,NA,NA
A3325901026225003,332590,Port Alsworth,2026-04-01,2026,4,peak_consumption_kw,600,600,429,600,165,NA,NA,NA
A3325000117225003,332500,Port Heiden,2016-07-01,2016,7,peak_consumption_kw,301,53,266,177,160,NA,NA,NA
A3325000217225003,332500,Port Heiden,2016-08-01,2016,8,peak_consumption_kw,301,301,266,301,161,NA,NA,NA
A3325000317225003,332500,Port Heiden,2016-09-01,2016,9,peak_consumption_kw,301,301,266,301,162,NA,NA,NA
A3325000417225003,332500,Port Heiden,2016-10-01,2016,10,peak_consumption_kw,301,301,266,301,181,NA,NA,NA
A3325000517225003,332500,Port Heiden,2016-11-01,2016,11,peak_consumption_kw,301,301,266,301,75,NA,NA,NA
A3325000617225003,332500,Port Heiden,2016-12-01,2016,12,peak_consumption_kw,301,301,266,301,90,NA,NA,NA
A3325000717225003,332500,Port Heiden,2017-01-01,2017,1,peak_consumption_kw,301,301,387,301,75,NA,NA,NA
A3325000817225003,332500,Port Heiden,2017-02-01,2017,2,peak_consumption_kw,301,301,387,301,83,NA,NA,NA
A3325000917225003,332500,Port Heiden,2017-03-01,2017,3,peak_consumption_kw,301,301,387,279,77,NA,NA,NA
A3325000118225003,332500,Port Heiden,2017-07-01,2017,7,peak_consumption_kw,718,257,387,488,100,NA,NA,NA
A3325000218225003,332500,Port Heiden,2017-08-01,2017,8,peak_consumption_kw,718,718,387,718,102,NA,NA,NA
A3325000318225003,332500,Port Heiden,2017-09-01,2017,9,peak_consumption_kw,718,718,387,718,103,NA,NA,NA
A3325000418225003,332500,Port Heiden,2017-10-01,2017,10,peak_consumption_kw,718,718,387,382,112,NA,NA,NA
A3325001019225003,332500,Port Heiden,2019-04-01,2019,4,peak_consumption_kw,470,40,93,40,107,NA,NA,NA
A3325000620225003,332500,Port Heiden,2019-12-01,2019,12,com_facil_sold_to,10131,4287,4658,3715,4956,NA,NA,NA
A3325000521225003,332500,Port Heiden,2020-11-01,2020,11,com_facil_sold_to,13415,4714,4527,5178,4954,NA,NA,NA
A3325000723225003,332500,Port Heiden,2023-01-01,2023,1,commercial_sold_to,39511,7083,12352,7083,10724,NA,NA,NA
A3325000923225003,332500,Port Heiden,2023-03-01,2023,3,commercial_sold_to,19475,NA,12352,9166,8349,NA,NA,NA
A3325000923225003,332500,Port Heiden,2023-03-01,2023,3,govt_facil_sold_to,47323,NA,11204,12592,12363,NA,NA,NA
A3325001023225003,332500,Port Heiden,2023-04-01,2023,4,fuel_used_gallons,27720,NA,9766,NA,3880,NA,NA,NA
A3325001023225003,332500,Port Heiden,2023-04-01,2023,4,diesel_kwh_generated,347100,NA,117871,NA,51995,NA,NA,NA
A3325001023225003,332500,Port Heiden,2023-04-01,2023,4,powerhouse_consumption_kwh,9656,NA,3628,NA,2531,NA,NA,NA
A3325000124225003,332500,Port Heiden,2023-07-01,2023,7,fuel_used_gallons,10910,NA,9766,12134,3208,NA,NA,NA
A3325000124225003,332500,Port Heiden,2023-07-01,2023,7,diesel_kwh_generated,127213,NA,117871,137712,37348,NA,NA,NA
A3325000224225003,332500,Port Heiden,2023-08-01,2023,8,fuel_used_gallons,12134,10910,9766,7018,3373,NA,NA,NA
A3325000224225003,332500,Port Heiden,2023-08-01,2023,8,diesel_kwh_generated,137712,127213,117871,83275,43039,NA,NA,NA
A3325000824225003,332500,Port Heiden,2024-02-01,2024,2,residential_sold_to,38156,NA,19963,NA,15578,NA,NA,NA
A3325000824225003,332500,Port Heiden,2024-02-01,2024,2,commercial_sold_to,22729,NA,12201,NA,8669,NA,NA,NA
A3325000824225003,332500,Port Heiden,2024-02-01,2024,2,govt_facil_sold_to,42180,NA,14339,NA,15580,NA,NA,NA
A3325000525225003,332500,Port Heiden,2024-11-01,2024,11,commercial_sold_to,23902,4819,12201,6056,10036,NA,NA,NA
A3325000726225003,332500,Port Heiden,2026-01-01,2026,1,com_facil_sold_to,9572,4086,3603,3387,4577,NA,NA,NA
A3315700116225003,331570,Quinhagak,2015-07-01,2015,7,commercial_sold_to,40715,NA,37131,42107,25526,NA,NA,NA
A3315700216225003,331570,Quinhagak,2015-08-01,2015,8,commercial_sold_to,42107,40715,37131,38590,24376,NA,NA,NA
A3315700316225003,331570,Quinhagak,2015-09-01,2015,9,powerhouse_consumption_kwh,37430,2102,11874,12673,6509,NA,NA,NA
A3315700316225003,331570,Quinhagak,2015-09-01,2015,9,commercial_sold_to,36465,42107,37131,36482,22847,NA,NA,NA
A3315700416225003,331570,Quinhagak,2015-10-01,2015,10,powerhouse_consumption_kwh,23244,37430,11874,20468,4303,NA,NA,NA
A3315700616225003,331570,Quinhagak,2015-12-01,2015,12,commercial_sold_to,38180,34461,37131,37163,26730,NA,NA,NA
A3315700716225003,331570,Quinhagak,2016-01-01,2016,1,commercial_sold_to,39865,38180,25519,30874,27842,NA,NA,NA
A3315701116225003,331570,Quinhagak,2016-05-01,2016,5,powerhouse_consumption_kwh,9544,6575,5391,6216,3183,NA,NA,NA
A3315700217225003,331570,Quinhagak,2016-08-01,2016,8,residential_customers,87,179,159,182,181,NA,NA,NA
A3315700417225003,331570,Quinhagak,2016-10-01,2016,10,powerhouse_consumption_kwh,11622,5855,5391,4341,5466,NA,NA,NA
A3315700417225003,331570,Quinhagak,2016-10-01,2016,10,residential_customers,87,186,159,136,185,NA,NA,NA
A3315700517225003,331570,Quinhagak,2016-11-01,2016,11,residential_customers,86,87,159,138,185,NA,NA,NA
A3315700617225003,331570,Quinhagak,2016-12-01,2016,12,fuel_used_gallons,33510,12225,11128,13720,13788,NA,NA,NA
A3315700717225003,331570,Quinhagak,2017-01-01,2017,1,residential_customers,88,188,170,138,186,NA,NA,NA
A3315700817225003,331570,Quinhagak,2017-02-01,2017,2,residential_customers,89,88,170,138,186,NA,NA,NA
A3315700320225003,331570,Quinhagak,2019-09-01,2019,9,powerhouse_consumption_kwh,12448,9218,4472,7984,9007,NA,NA,NA
A3315700621225003,331570,Quinhagak,2020-12-01,2020,12,fuel_used_gallons,23881,11734,11908,12726,14751,NA,NA,NA
A3315700122225003,331570,Quinhagak,2021-07-01,2021,7,powerhouse_consumption_kwh,10007,3457,4577,6438,5422,NA,NA,NA
A3315700222225003,331570,Quinhagak,2021-08-01,2021,8,powerhouse_consumption_kwh,9420,10007,4577,8876,5714,NA,NA,NA
A3315700823225003,331570,Quinhagak,2023-02-01,2023,2,commercial_sold_to,8014,29331,24672,24304,24514,NA,NA,NA
A3315701123225003,331570,Quinhagak,2023-05-01,2023,5,commercial_sold_to,46053,23029,24672,22829,23422,NA,NA,NA
A3315700526225003,331570,Quinhagak,2025-11-01,2025,11,commercial_sold_to,36510,22002,24578,29392,25341,NA,NA,NA
A3315700626225003,331570,Quinhagak,2025-12-01,2025,12,commercial_sold_to,36782,36510,24578,39820,26869,NA,NA,NA
A3315700726225003,331570,Quinhagak,2026-01-01,2026,1,commercial_sold_to,43129,36782,41140,37497,27516,NA,NA,NA
A3315700826225003,331570,Quinhagak,2026-02-01,2026,2,commercial_sold_to,38212,43129,41140,44390,21495,NA,NA,NA
A3315700926225003,331570,Quinhagak,2026-03-01,2026,3,commercial_sold_to,45651,38212,41140,37890,23364,NA,NA,NA
A3315701026225003,331570,Quinhagak,2026-04-01,2026,4,commercial_sold_to,37568,45651,41140,45651,23239,NA,NA,NA
A3325200619225003,332520,Rampart,2018-12-01,2018,12,fuel_used_gallons,3987,2165,1913,2592,2629,NA,NA,NA
A3325200920225003,332520,Rampart,2020-03-01,2020,3,fuel_used_gallons,5320,2118,2088,1851,2195,NA,NA,NA
A3325200522225003,332520,Rampart,2021-11-01,2021,11,fuel_used_gallons,3828,1759,2216,1933,2256,NA,NA,NA
A3325200824225003,332520,Rampart,2024-02-01,2024,2,powerhouse_consumption_kwh,9137,2575,3237,2342,1961,NA,NA,NA
A3325200824225003,332520,Rampart,2024-02-01,2024,2,peak_consumption_kw,7358,53,4938,3710,54,NA,NA,NA
A3325200924225003,332520,Rampart,2024-03-01,2024,3,peak_consumption_kw,7368,7358,4938,7363,49,NA,NA,NA
A3325200924225003,332520,Rampart,2024-03-01,2024,3,commercial_sold_to,37895,5338,14171,40454,7392,NA,NA,NA
A3325201024225003,332520,Rampart,2024-04-01,2024,4,peak_consumption_kw,7368,7368,4938,7368,48,NA,NA,NA
A3325201024225003,332520,Rampart,2024-04-01,2024,4,commercial_sold_to,75569,37895,14171,22036,4324,NA,NA,NA
A3325201124225003,332520,Rampart,2024-05-01,2024,5,powerhouse_consumption_kwh,7196,4625,3237,2432,2343,NA,NA,NA
A3325201124225003,332520,Rampart,2024-05-01,2024,5,peak_consumption_kw,7368,7368,4938,7368,44,NA,NA,NA
A3325201224225003,332520,Rampart,2024-06-01,2024,6,fuel_used_gallons,7253,NA,3316,2048,1601,NA,NA,NA
A3325201224225003,332520,Rampart,2024-06-01,2024,6,diesel_kwh_generated,233609,NA,59008,24109,16053,NA,NA,NA
A3325201224225003,332520,Rampart,2024-06-01,2024,6,peak_consumption_kw,7368,7368,4938,7368,42,NA,NA,NA
A3325200125225003,332520,Rampart,2024-07-01,2024,7,peak_consumption_kw,7368,7368,4938,7368,47,NA,NA,NA
A3325200225225003,332520,Rampart,2024-08-01,2024,8,peak_consumption_kw,7368,7368,4938,7368,45,NA,NA,NA
A3325200325225003,332520,Rampart,2024-09-01,2024,9,peak_consumption_kw,7368,7368,4938,3742,50,NA,NA,NA
A3325200425225003,332520,Rampart,2024-10-01,2024,10,residential_sold_to,17438,8768,10441,12333,6462,NA,NA,NA
A3325200525225003,332520,Rampart,2024-11-01,2024,11,residential_sold_to,15898,17438,10441,17680,7060,NA,NA,NA
A3325200625225003,332520,Rampart,2024-12-01,2024,12,fuel_used_gallons,3816,3164,3316,3415,2646,NA,NA,NA
A3325200625225003,332520,Rampart,2024-12-01,2024,12,residential_sold_to,17922,15898,10441,17029,8620,NA,NA,NA
A3325200725225003,332520,Rampart,2025-01-01,2025,1,residential_sold_to,18160,17922,15554,17813,8632,NA,NA,NA
A3325200825225003,332520,Rampart,2025-02-01,2025,2,residential_sold_to,17704,18160,15554,18160,7054,NA,NA,NA
A3325200426225003,332520,Rampart,2025-10-01,2025,10,residential_sold_to,15352,11278,15554,13872,6670,NA,NA,NA
A3325200426225003,332520,Rampart,2025-10-01,2025,10,commercial_sold_to,14798,11947,10747,12988,3009,NA,NA,NA
A3325200526225003,332520,Rampart,2025-11-01,2025,11,residential_sold_to,16466,15352,15554,18930,7003,NA,NA,NA
A3325200526225003,332520,Rampart,2025-11-01,2025,11,commercial_sold_to,14029,14798,10747,16412,2940,NA,NA,NA
A3325200626225003,332520,Rampart,2025-12-01,2025,12,fuel_used_gallons,4476,3457,3199,3457,2580,NA,NA,NA
A3325200626225003,332520,Rampart,2025-12-01,2025,12,diesel_kwh_generated,57937,43682,39258,43682,28200,NA,NA,NA
A3325200626225003,332520,Rampart,2025-12-01,2025,12,residential_sold_to,22507,16466,15554,18932,8162,NA,NA,NA
A3325200626225003,332520,Rampart,2025-12-01,2025,12,commercial_sold_to,18025,14029,10747,15958,3870,NA,NA,NA
A3325200726225003,332520,Rampart,2026-01-01,2026,1,residential_sold_to,21398,22507,16402,20598,8272,NA,NA,NA
A3325200726225003,332520,Rampart,2026-01-01,2026,1,commercial_sold_to,17888,18025,16333,15401,3857,NA,NA,NA
A3325200726225003,332520,Rampart,2026-01-01,2026,1,govt_facil_sold_to,4408,3411,2847,3241,1622,NA,NA,NA
A3325200826225003,332520,Rampart,2026-02-01,2026,2,residential_sold_to,18688,21398,16402,20086,6945,NA,NA,NA
A3325200826225003,332520,Rampart,2026-02-01,2026,2,commercial_sold_to,12777,17888,16333,25314,3388,NA,NA,NA
A3325200926225003,332520,Rampart,2026-03-01,2026,3,residential_sold_to,18774,18688,16402,16024,5913,NA,NA,NA
A3325200926225003,332520,Rampart,2026-03-01,2026,3,commercial_sold_to,32739,12777,16333,11468,8129,NA,NA,NA
A3322500417225003,332250,Red Devil,2016-10-01,2016,10,govt_facil_sold_to,1015,338,770,1128,290,NA,NA,NA
A3322500517225003,332250,Red Devil,2016-11-01,2016,11,govt_facil_sold_to,1918,1015,770,1968,510,NA,NA,NA
A3322500617225003,332250,Red Devil,2016-12-01,2016,12,govt_facil_sold_to,2921,1918,770,2235,721,NA,NA,NA
A3322500717225003,332250,Red Devil,2017-01-01,2017,1,govt_facil_sold_to,2552,2921,1165,2668,803,NA,NA,NA
A3322500817225003,332250,Red Devil,2017-02-01,2017,2,govt_facil_sold_to,2415,2552,1165,2380,695,NA,NA,NA
A3322500917225003,332250,Red Devil,2017-03-01,2017,3,govt_facil_sold_to,2209,2415,1165,2370,525,NA,NA,NA
A3322501017225003,332250,Red Devil,2017-04-01,2017,4,govt_facil_sold_to,2326,2209,1165,1374,377,NA,NA,NA
A3322500518225003,332250,Red Devil,2017-11-01,2017,11,govt_facil_sold_to,1533,254,1165,1105,548,NA,NA,NA
A3322500618225003,332250,Red Devil,2017-12-01,2017,12,govt_facil_sold_to,1956,1533,1165,1879,818,NA,NA,NA
A3322500718225003,332250,Red Devil,2018-01-01,2018,1,govt_facil_sold_to,2225,1956,704,1848,836,NA,NA,NA
A3322500818225003,332250,Red Devil,2018-02-01,2018,2,govt_facil_sold_to,1741,2225,704,1621,763,NA,NA,NA
A3322500918225003,332250,Red Devil,2018-03-01,2018,3,govt_facil_sold_to,1017,1741,704,1028,644,NA,NA,NA
A3322500820225003,332250,Red Devil,2020-02-01,2020,2,govt_facil_sold_to,987,887,505,650,838,NA,NA,NA
A3322500621225003,332250,Red Devil,2020-12-01,2020,12,govt_facil_sold_to,1629,467,505,1052,850,NA,NA,NA
A3322500721225003,332250,Red Devil,2021-01-01,2021,1,govt_facil_sold_to,1636,1629,616,1318,894,NA,NA,NA
A3322500821225003,332250,Red Devil,2021-02-01,2021,2,govt_facil_sold_to,1008,1636,616,1372,836,NA,NA,NA
A3322500921225003,332250,Red Devil,2021-03-01,2021,3,govt_facil_sold_to,1109,1008,616,900,635,NA,NA,NA
A3322500222225003,332250,Red Devil,2021-08-01,2021,8,fuel_used_gallons,1644,776,875,766,760,NA,NA,NA
A3322500222225003,332250,Red Devil,2021-08-01,2021,8,diesel_kwh_generated,11502,5845,6476,5611,4756,NA,NA,NA
A3322500822225003,332250,Red Devil,2022-02-01,2022,2,govt_facil_sold_to,1028,914,452,766,834,NA,NA,NA
A3325301221225003,332530,Ruby,2021-06-01,2021,6,fuel_used_gallons,7895,4014,4827,3814,3412,NA,NA,NA
A3325301122225003,332530,Ruby,2022-05-01,2022,5,fuel_used_gallons,8068,NA,4680,3329,4159,NA,NA,NA
A3325301122225003,332530,Ruby,2022-05-01,2022,5,powerhouse_consumption_kwh,4365,1888,2494,2408,2172,NA,NA,NA
A3325300324225003,332530,Ruby,2023-09-01,2023,9,fuel_used_gallons,7949,4061,4718,4260,4075,NA,NA,NA
A3325300524225003,332530,Ruby,2023-11-01,2023,11,residential_sold_to,33661,23355,24152,27000,22573,NA,NA,NA
A3325300526225003,332530,Ruby,2025-11-01,2025,11,powerhouse_consumption_kwh,17400,2046,3288,1884,1720,NA,NA,NA
A3315800116225003,331580,Russian Mission,2015-07-01,2015,7,commercial_sold_to,8044,NA,8710,8432,3006,NA,NA,NA
A3315800216225003,331580,Russian Mission,2015-08-01,2015,8,commercial_sold_to,8432,8044,8710,8263,2883,NA,NA,NA
A3315800316225003,331580,Russian Mission,2015-09-01,2015,9,commercial_sold_to,8482,8432,8710,8460,2869,NA,NA,NA
A3315800416225003,331580,Russian Mission,2015-10-01,2015,10,commercial_sold_to,8488,8482,8710,8750,2932,NA,NA,NA
A3315800516225003,331580,Russian Mission,2015-11-01,2015,11,commercial_sold_to,9018,8488,8710,9142,3265,NA,NA,NA
A3315800616225003,331580,Russian Mission,2015-12-01,2015,12,commercial_sold_to,9796,9018,8710,9859,3447,NA,NA,NA
A3315800716225003,331580,Russian Mission,2016-01-01,2016,1,commercial_sold_to,10700,9796,4116,6488,3640,NA,NA,NA
A3315800417225003,331580,Russian Mission,2016-10-01,2016,10,residential_customers,176,75,88,126,78,NA,NA,NA
A3315800517225003,331580,Russian Mission,2016-11-01,2016,11,residential_customers,176,176,88,126,78,NA,NA,NA
A3315800717225003,331580,Russian Mission,2017-01-01,2017,1,residential_customers,175,77,94,126,78,NA,NA,NA
A3315800817225003,331580,Russian Mission,2017-02-01,2017,2,residential_customers,175,175,94,126,78,NA,NA,NA
A3315800725225003,331580,Russian Mission,2025-01-01,2025,1,residential_sold_to,48929,35200,34965,34648,38754,NA,NA,NA
A3315800526225003,331580,Russian Mission,2025-11-01,2025,11,fuel_used_gallons,0,6075,4943,3038,6585,NA,NA,NA
A3315800526225003,331580,Russian Mission,2025-11-01,2025,11,commercial_sold_to,6692,3555,3473,5080,3498,NA,NA,NA
A3315800626225003,331580,Russian Mission,2025-12-01,2025,12,fuel_used_gallons,0,0,4943,0,6854,NA,NA,NA
A3315800626225003,331580,Russian Mission,2025-12-01,2025,12,commercial_sold_to,6606,6692,3473,7244,3766,NA,NA,NA
A3315800726225003,331580,Russian Mission,2026-01-01,2026,1,fuel_used_gallons,0,0,0,0,7312,NA,NA,NA
A3315800726225003,331580,Russian Mission,2026-01-01,2026,1,commercial_sold_to,7796,6606,8187,7360,3930,NA,NA,NA
A3315800826225003,331580,Russian Mission,2026-02-01,2026,2,fuel_used_gallons,0,0,0,0,6783,NA,NA,NA
A3315800826225003,331580,Russian Mission,2026-02-01,2026,2,commercial_sold_to,8115,7796,8187,8300,2894,NA,NA,NA
A3315800926225003,331580,Russian Mission,2026-03-01,2026,3,fuel_used_gallons,0,0,0,0,6832,NA,NA,NA
A3315800926225003,331580,Russian Mission,2026-03-01,2026,3,commercial_sold_to,8803,8115,8187,8074,2787,NA,NA,NA
A3315801026225003,331580,Russian Mission,2026-04-01,2026,4,fuel_used_gallons,0,0,0,0,6432,NA,NA,NA
A3315801026225003,331580,Russian Mission,2026-04-01,2026,4,commercial_sold_to,8033,8803,8187,8803,2896,NA,NA,NA
A3325500216225003,332550,Saint George,2015-08-01,2015,8,fuel_used_gallons,6757,3812,4575,4206,3346,NA,NA,NA
A3325500316225003,332550,Saint George,2015-09-01,2015,9,powerhouse_consumption_kwh,4656,3865,3430,3548,2838,NA,NA,NA
A3325501016225003,332550,Saint George,2016-04-01,2016,4,powerhouse_consumption_kwh,4485,2636,3083,2810,2376,NA,NA,NA
A3325500217225003,332550,Saint George,2016-08-01,2016,8,wind_kwh_generated,26488,NA,19064,20849,0,NA,NA,NA
A3325500317225003,332550,Saint George,2016-09-01,2016,9,wind_kwh_generated,20849,26488,19064,18172,0,NA,NA,NA
A3325501217225003,332550,Saint George,2017-06-01,2017,6,powerhouse_consumption_kwh,5841,2582,3442,2559,3632,NA,NA,NA
A3325500618225003,332550,Saint George,2017-12-01,2017,12,powerhouse_consumption_kwh,6642,4256,3442,2821,2785,NA,NA,NA
A3325501018225003,332550,Saint George,2018-04-01,2018,4,powerhouse_consumption_kwh,5305,3073,3037,3608,2294,NA,NA,NA
A3325501118225003,332550,Saint George,2018-05-01,2018,5,fuel_used_gallons,6787,2865,4021,3150,3901,NA,NA,NA
A3325500519225003,332550,Saint George,2018-11-01,2018,11,peak_consumption_kw,869,88,168,87,98,NA,NA,NA
A3325501121225003,332550,Saint George,2021-05-01,2021,5,powerhouse_consumption_kwh,4608,2005,2631,2199,3117,NA,NA,NA
A3325501222225003,332550,Saint George,2022-06-01,2022,6,powerhouse_consumption_kwh,12769,2521,3411,2458,2939,NA,NA,NA
A3325500724225003,332550,Saint George,2024-01-01,2024,1,fuel_used_gallons,8045,3796,4517,3796,3560,NA,NA,NA
A3325500724225003,332550,Saint George,2024-01-01,2024,1,powerhouse_consumption_kwh,5542,2955,3286,2955,2646,NA,NA,NA
A3325501024225003,332550,Saint George,2024-04-01,2024,4,powerhouse_consumption_kwh,223,2210,3286,3696,2802,NA,NA,NA
A3325501124225003,332550,Saint George,2024-05-01,2024,5,powerhouse_consumption_kwh,5183,223,3286,1556,3060,NA,NA,NA
A3325501224225003,332550,Saint George,2024-06-01,2024,6,com_facil_sold_to,20737,5805,9598,9784,7102,NA,NA,NA
A3325500525225003,332550,Saint George,2024-11-01,2024,11,fuel_used_gallons,7765,3560,4517,3560,3540,NA,NA,NA
A3325500525225003,332550,Saint George,2024-11-01,2024,11,diesel_kwh_generated,92959,41673,48923,41673,42532,NA,NA,NA
A3325500525225003,332550,Saint George,2024-11-01,2024,11,powerhouse_consumption_kwh,5437,2579,3286,2579,2716,NA,NA,NA
A3325500525225003,332550,Saint George,2024-11-01,2024,11,unbilled_sold_to,17904,6742,6007,6742,1697,NA,NA,NA
A3316600116225003,331660,"Saint Mary's, Andreafsky",2015-07-01,2015,7,commercial_sold_to,53114,NA,61250,56835,34706,NA,NA,NA
A3316600216225003,331660,"Saint Mary's, Andreafsky",2015-08-01,2015,8,commercial_sold_to,56835,53114,61250,57584,35778,NA,NA,NA
A3316600316225003,331660,"Saint Mary's, Andreafsky",2015-09-01,2015,9,commercial_sold_to,62055,56835,61250,59708,33364,NA,NA,NA
A3316600416225003,331660,"Saint Mary's, Andreafsky",2015-10-01,2015,10,commercial_sold_to,62582,62055,61250,64144,33130,NA,NA,NA
A3316600516225003,331660,"Saint Mary's, Andreafsky",2015-11-01,2015,11,commercial_sold_to,66232,62582,61250,64631,34403,NA,NA,NA
A3316600616225003,331660,"Saint Mary's, Andreafsky",2015-12-01,2015,12,commercial_sold_to,66680,66232,61250,67600,35636,NA,NA,NA
A3316600716225003,331660,"Saint Mary's, Andreafsky",2016-01-01,2016,1,commercial_sold_to,68967,66680,37397,50358,32038,NA,NA,NA
A3316600520225003,331660,"Saint Mary's, Andreafsky",2019-11-01,2019,11,powerhouse_consumption_kwh,55456,42151,20003,44924,18593,NA,NA,NA
A3316600920225003,331660,"Saint Mary's, Andreafsky",2020-03-01,2020,3,powerhouse_consumption_kwh,53226,31462,33915,39725,20240,NA,NA,NA
A3316600321225003,331660,"Saint Mary's, Andreafsky",2020-09-01,2020,9,powerhouse_consumption_kwh,52358,26647,33915,34710,19126,NA,NA,NA
A3316600723225003,331660,"Saint Mary's, Andreafsky",2023-01-01,2023,1,powerhouse_consumption_kwh,91390,14050,42955,25184,22859,NA,NA,NA
A3316600724225003,331660,"Saint Mary's, Andreafsky",2024-01-01,2024,1,powerhouse_consumption_kwh,73444,41795,47977,37796,24853,NA,NA,NA
A3316600924225003,331660,"Saint Mary's, Andreafsky",2024-03-01,2024,3,diesel_kwh_generated,605330,274212,436629,305892,322697,NA,NA,NA
A3316600924225003,331660,"Saint Mary's, Andreafsky",2024-03-01,2024,3,powerhouse_consumption_kwh,57222,33798,47977,34334,19796,NA,NA,NA
A3316600425225003,331660,"Saint Mary's, Andreafsky",2024-10-01,2024,10,powerhouse_consumption_kwh,54226,48765,47977,48612,19826,NA,NA,NA
A3316600625225003,331660,"Saint Mary's, Andreafsky",2024-12-01,2024,12,diesel_kwh_generated,632354,522271,436629,602320,281884,NA,NA,NA
A3316600625225003,331660,"Saint Mary's, Andreafsky",2024-12-01,2024,12,powerhouse_consumption_kwh,79623,48458,47977,62046,18024,NA,NA,NA
A3316600725225003,331660,"Saint Mary's, Andreafsky",2025-01-01,2025,1,diesel_kwh_generated,682368,632354,500516,606076,326713,NA,NA,NA
A3316600725225003,331660,"Saint Mary's, Andreafsky",2025-01-01,2025,1,powerhouse_consumption_kwh,75635,79623,34499,59182,24610,NA,NA,NA
A3316600925225003,331660,"Saint Mary's, Andreafsky",2025-03-01,2025,3,diesel_kwh_generated,605179,579798,500516,555296,322714,NA,NA,NA
A3316600526225003,331660,"Saint Mary's, Andreafsky",2025-11-01,2025,11,commercial_sold_to,55219,33644,36998,44674,35504,NA,NA,NA
A3316600626225003,331660,"Saint Mary's, Andreafsky",2025-12-01,2025,12,commercial_sold_to,55705,55219,36998,35414,36734,NA,NA,NA
A3316600726225003,331660,"Saint Mary's, Andreafsky",2026-01-01,2026,1,commercial_sold_to,15610,55705,48695,58396,37373,NA,NA,NA
A3316600726225003,331660,"Saint Mary's, Andreafsky",2026-01-01,2026,1,residential_customers,60,178,148,178,175,NA,NA,NA
A3316600826225003,331660,"Saint Mary's, Andreafsky",2026-02-01,2026,2,commercial_sold_to,61086,15610,48695,40958,31515,NA,NA,NA
A3316600926225003,331660,"Saint Mary's, Andreafsky",2026-03-01,2026,3,commercial_sold_to,66306,61086,48695,56432,33481,NA,NA,NA
A3316700116225003,331670,Saint Michael,2015-07-01,2015,7,commercial_sold_to,33885,NA,36826,35567,19043,NA,NA,NA
A3316700216225003,331670,Saint Michael,2015-08-01,2015,8,commercial_sold_to,35567,33885,36826,33885,18509,NA,NA,NA
A3316700516225003,331670,Saint Michael,2015-11-01,2015,11,commercial_sold_to,37138,NA,36826,40715,19448,NA,NA,NA
A3316700616225003,331670,Saint Michael,2015-12-01,2015,12,commercial_sold_to,40715,37138,36826,39142,19924,NA,NA,NA
A3316700716225003,331670,Saint Michael,2016-01-01,2016,1,commercial_sold_to,41145,40715,22365,29707,20593,NA,NA,NA
A3316700526225003,331670,Saint Michael,2025-11-01,2025,11,commercial_sold_to,43033,15488,19786,27896,18859,NA,NA,NA
A3316700626225003,331670,Saint Michael,2025-12-01,2025,12,commercial_sold_to,40304,43033,19786,45392,19966,NA,NA,NA
A3316700726225003,331670,Saint Michael,2026-01-01,2026,1,commercial_sold_to,47751,40304,41872,39095,19932,NA,NA,NA
A3316700826225003,331670,Saint Michael,2026-02-01,2026,2,commercial_sold_to,37886,47751,41872,46792,16390,NA,NA,NA
A3316700926225003,331670,Saint Michael,2026-03-01,2026,3,commercial_sold_to,45833,37886,41872,36951,17573,NA,NA,NA
A3316701026225003,331670,Saint Michael,2026-04-01,2026,4,commercial_sold_to,36016,45833,41872,45833,18034,NA,NA,NA
A3325600516225003,332560,Saint Paul,2015-11-01,2015,11,total_kwh_purchased,50009,NA,56627,63245,22202,NA,NA,NA
A3325600616225003,332560,Saint Paul,2015-12-01,2015,12,total_kwh_purchased,63245,50009,56627,63275,21785,NA,NA,NA
A3325600716225003,332560,Saint Paul,2016-01-01,2016,1,total_kwh_purchased,76541,63245,49414,76252,27598,NA,NA,NA
A3325600816225003,332560,Saint Paul,2016-02-01,2016,2,total_kwh_purchased,89259,76541,49414,57268,21523,NA,NA,NA
A3325600916225003,332560,Saint Paul,2016-03-01,2016,3,total_kwh_purchased,37995,89259,49414,77011,12762,NA,NA,NA
A3325601016225003,332560,Saint Paul,2016-04-01,2016,4,total_kwh_purchased,64763,37995,49414,37295,9717,NA,NA,NA
A3325601116225003,332560,Saint Paul,2016-05-01,2016,5,total_kwh_purchased,36595,64763,49414,49090,9705,NA,NA,NA
A3325601216225003,332560,Saint Paul,2016-06-01,2016,6,total_kwh_purchased,33416,36595,49414,31152,5750,NA,NA,NA
A3325600117225003,332560,Saint Paul,2016-07-01,2016,7,total_kwh_purchased,25709,33416,49414,36709,5598,NA,NA,NA
A3325600217225003,332560,Saint Paul,2016-08-01,2016,8,total_kwh_purchased,40002,25709,49414,34922,5653,NA,NA,NA
A3325600317225003,332560,Saint Paul,2016-09-01,2016,9,total_kwh_purchased,44136,40002,49414,43064,4713,NA,NA,NA
A3325600417225003,332560,Saint Paul,2016-10-01,2016,10,total_kwh_purchased,46126,44136,49414,48293,5811,NA,NA,NA
A3325600517225003,332560,Saint Paul,2016-11-01,2016,11,total_kwh_purchased,52450,46126,49414,46052,21957,NA,NA,NA
A3325600617225003,332560,Saint Paul,2016-12-01,2016,12,total_kwh_purchased,45977,52450,49414,54590,23512,NA,NA,NA
A3325600717225003,332560,Saint Paul,2017-01-01,2017,1,total_kwh_purchased,56729,45977,40530,61974,29580,NA,NA,NA
A3325600817225003,332560,Saint Paul,2017-02-01,2017,2,total_kwh_purchased,77972,56729,40530,58672,22651,NA,NA,NA
A3325600917225003,332560,Saint Paul,2017-03-01,2017,3,total_kwh_purchased,60614,77972,40530,62906,10500,NA,NA,NA
A3325601017225003,332560,Saint Paul,2017-04-01,2017,4,total_kwh_purchased,47840,60614,40530,52486,11409,NA,NA,NA
A3325601117225003,332560,Saint Paul,2017-05-01,2017,5,total_kwh_purchased,44357,47840,40530,32252,8929,NA,NA,NA
A3325600118225003,332560,Saint Paul,2017-07-01,2017,7,total_kwh_purchased,26005,16665,40530,18254,5565,NA,NA,NA
A3325600218225003,332560,Saint Paul,2017-08-01,2017,8,total_kwh_purchased,19843,26005,40530,23992,7893,NA,NA,NA
A3325600318225003,332560,Saint Paul,2017-09-01,2017,9,total_kwh_purchased,21978,19843,40530,16071,7175,NA,NA,NA
A3325600518225003,332560,Saint Paul,2017-11-01,2017,11,total_kwh_purchased,47095,12299,40530,33632,22493,NA,NA,NA
A3325600618225003,332560,Saint Paul,2017-12-01,2017,12,total_kwh_purchased,54964,47095,40530,53232,22613,NA,NA,NA
A3325600718225003,332560,Saint Paul,2018-01-01,2018,1,total_kwh_purchased,59369,54964,29855,58018,29316,NA,NA,NA
A3325600818225003,332560,Saint Paul,2018-02-01,2018,2,total_kwh_purchased,61072,59369,29855,39748,24341,NA,NA,NA
A3325600918225003,332560,Saint Paul,2018-03-01,2018,3,total_kwh_purchased,20128,61072,29855,47035,14549,NA,NA,NA
A3325601018225003,332560,Saint Paul,2018-04-01,2018,4,total_kwh_purchased,32998,20128,29855,31083,12894,NA,NA,NA
A3325601118225003,332560,Saint Paul,2018-05-01,2018,5,total_kwh_purchased,42038,32998,29855,26776,9161,NA,NA,NA
A3325601218225003,332560,Saint Paul,2018-06-01,2018,6,total_kwh_purchased,20554,42038,29855,28124,7179,NA,NA,NA
A3325600219225003,332560,Saint Paul,2018-08-01,2018,8,total_kwh_purchased,26980,14210,29855,13662,7100,NA,NA,NA
A3325600419225003,332560,Saint Paul,2018-10-01,2018,10,total_kwh_purchased,21655,13115,29855,16120,8530,NA,NA,NA
A3325600619225003,332560,Saint Paul,2018-12-01,2018,12,total_kwh_purchased,27016,19126,29855,23726,25408,NA,NA,NA
A3325600719225003,332560,Saint Paul,2019-01-01,2019,1,total_kwh_purchased,28325,27016,12720,25591,32420,NA,NA,NA
A3325600819225003,332560,Saint Paul,2019-02-01,2019,2,total_kwh_purchased,24166,28325,12720,24114,28032,NA,NA,NA
A3325600919225003,332560,Saint Paul,2019-03-01,2019,3,total_kwh_purchased,19903,24166,12720,12528,14571,NA,NA,NA
A3325600620225003,332560,Saint Paul,2019-12-01,2019,12,total_kwh_purchased,22351,16355,12720,36780,25875,NA,NA,NA
A3325600720225003,332560,Saint Paul,2020-01-01,2020,1,total_kwh_purchased,57206,22351,17261,31390,29532,NA,NA,NA
A3325600820225003,332560,Saint Paul,2020-02-01,2020,2,total_kwh_purchased,40428,57206,17261,42092,26406,NA,NA,NA
A3325600920225003,332560,Saint Paul,2020-03-01,2020,3,total_kwh_purchased,26977,40428,17261,27936,13864,NA,NA,NA
A3325600521225003,332560,Saint Paul,2020-11-01,2020,11,total_kwh_purchased,25398,7220,17261,12230,24663,NA,NA,NA
A3325600721225003,332560,Saint Paul,2021-01-01,2021,1,total_kwh_purchased,27543,17240,2295,8620,32498,NA,NA,NA
A3325600625225003,332560,Saint Paul,2024-12-01,2024,12,fuel_used_gallons,28791,27041,23002,28356,20723,NA,NA,NA
A3325600725225003,332560,Saint Paul,2025-01-01,2025,1,fuel_used_gallons,29672,28791,22340,27100,22005,NA,NA,NA
A3325600725225003,332560,Saint Paul,2025-01-01,2025,1,diesel_kwh_generated,424495,379843,297413,367512,295922,NA,NA,NA
A3325601225225003,332560,Saint Paul,2025-06-01,2025,6,wind_kwh_generated,36665,0,13489,10682,0,NA,NA,NA
A3325600126225003,332560,Saint Paul,2025-07-01,2025,7,wind_kwh_generated,21365,36665,13489,25943,0,NA,NA,NA
A3325600226225003,332560,Saint Paul,2025-08-01,2025,8,wind_kwh_generated,15221,21365,13489,17311,0,NA,NA,NA
A3325600326225003,332560,Saint Paul,2025-09-01,2025,9,wind_kwh_generated,13257,15221,13489,26450,0,NA,NA,NA
A3325600426225003,332560,Saint Paul,2025-10-01,2025,10,wind_kwh_generated,37679,13257,13489,25468,0,NA,NA,NA
A3325600526225003,332560,Saint Paul,2025-11-01,2025,11,wind_kwh_generated,37679,37679,13489,18840,0,NA,NA,NA
A3325600526225003,332560,Saint Paul,2025-11-01,2025,11,total_kwh_purchased,61591,0,9325,25152,21043,NA,NA,NA
A3325600626225003,332560,Saint Paul,2025-12-01,2025,12,total_kwh_purchased,50305,61591,9325,54201,23079,NA,NA,NA
A3325600626225003,332560,Saint Paul,2025-12-01,2025,12,residential_sold_to,123700,47039,56347,52886,63499,NA,NA,NA
A3325600726225003,332560,Saint Paul,2026-01-01,2026,1,total_kwh_purchased,46811,50305,11680,30947,30571,NA,NA,NA
A3325600926225003,332560,Saint Paul,2026-03-01,2026,3,fuel_used_gallons,29608,24940,26175,27274,21545,NA,NA,NA
A3325601026225003,332560,Saint Paul,2026-04-01,2026,4,fuel_used_gallons,29608,29608,26175,24933,18982,NA,NA,NA
A3325401117225003,332540,Sand Point,2017-05-01,2017,5,wind_kwh_generated,52248,NA,46174,40099,0,NA,NA,NA
A3325401217225003,332540,Sand Point,2017-06-01,2017,6,wind_kwh_generated,40099,52248,46174,52248,5954,NA,NA,NA
A3325400519225003,332540,Sand Point,2018-11-01,2018,11,unbilled_sold_to,20807,0,6961,31363,539,NA,NA,NA
A3325400619225003,332540,Sand Point,2018-12-01,2018,12,unbilled_sold_to,62726,20807,6961,32134,709,NA,NA,NA
A3325400719225003,332540,Sand Point,2019-01-01,2019,1,unbilled_sold_to,43461,62726,15700,48095,117,NA,NA,NA
A3325400819225003,332540,Sand Point,2019-02-01,2019,2,unbilled_sold_to,33464,43461,15700,44286,112,NA,NA,NA
A3325400919225003,332540,Sand Point,2019-03-01,2019,3,unbilled_sold_to,45111,33464,15700,28693,86,NA,NA,NA
A3325401019225003,332540,Sand Point,2019-04-01,2019,4,unbilled_sold_to,23922,45111,15700,27246,80,NA,NA,NA
A3325401119225003,332540,Sand Point,2019-05-01,2019,5,unbilled_sold_to,9381,23922,15700,12130,82,NA,NA,NA
A3325400120225003,332540,Sand Point,2019-07-01,2019,7,unbilled_sold_to,763,337,15700,398,49,NA,NA,NA
A3325400320225003,332540,Sand Point,2019-09-01,2019,9,unbilled_sold_to,9854,459,15700,5620,79,NA,NA,NA
A3325400420225003,332540,Sand Point,2019-10-01,2019,10,unbilled_sold_to,10780,9854,15700,7210,104,NA,NA,NA
A3325400520225003,332540,Sand Point,2019-11-01,2019,11,unbilled_sold_to,4567,10780,15700,8544,2163,NA,NA,NA
A3325400620225003,332540,Sand Point,2019-12-01,2019,12,unbilled_sold_to,6307,4567,15700,2421,6351,NA,NA,NA
A3325400621225003,332540,Sand Point,2020-12-01,2020,12,fuel_used_gallons,38672,24063,20884,23142,19848,NA,NA,NA
A3325401221225003,332540,Sand Point,2021-06-01,2021,6,wind_kwh_generated,29770,NA,29770,NA,8020,NA,NA,NA
A3325400423225003,332540,Sand Point,2022-10-01,2022,10,powerhouse_consumption_kwh,25537,6620,8207,6570,7882,NA,NA,NA
A3315900116225003,331590,Savoonga,2015-07-01,2015,7,commercial_sold_to,28118,NA,35633,29118,4094,NA,NA,NA
A3315900116225003,331590,Savoonga,2015-07-01,2015,7,com_facil_sold_to,11565,NA,16919,12519,45962,NA,NA,NA
A3315900216225003,331590,Savoonga,2015-08-01,2015,8,commercial_sold_to,29118,28118,35633,29929,5283,NA,NA,NA
A3315900216225003,331590,Savoonga,2015-08-01,2015,8,com_facil_sold_to,12519,11565,16919,12494,47735,NA,NA,NA
A3315900316225003,331590,Savoonga,2015-09-01,2015,9,commercial_sold_to,31740,29118,35633,34163,5172,NA,NA,NA
A3315900316225003,331590,Savoonga,2015-09-01,2015,9,com_facil_sold_to,13422,12519,16919,14804,49593,NA,NA,NA
A3315900416225003,331590,Savoonga,2015-10-01,2015,10,commercial_sold_to,39208,31740,35633,37326,3642,NA,NA,NA
A3315900416225003,331590,Savoonga,2015-10-01,2015,10,com_facil_sold_to,17090,13422,16919,18147,50749,NA,NA,NA
A3315900516225003,331590,Savoonga,2015-11-01,2015,11,commercial_sold_to,42913,39208,35633,40955,7454,NA,NA,NA
A3315900616225003,331590,Savoonga,2015-12-01,2015,12,powerhouse_consumption_kwh,5532,4965,4048,5528,3136,NA,NA,NA
A3315900616225003,331590,Savoonga,2015-12-01,2015,12,commercial_sold_to,42702,42913,35633,44807,8040,NA,NA,NA
A3315900716225003,331590,Savoonga,2016-01-01,2016,1,powerhouse_consumption_kwh,6092,5532,3047,5427,3377,NA,NA,NA
A3315900716225003,331590,Savoonga,2016-01-01,2016,1,commercial_sold_to,46701,42702,12900,27990,7950,NA,NA,NA
A3315900816225003,331590,Savoonga,2016-02-01,2016,2,commercial_sold_to,13279,46701,12900,27319,7282,NA,NA,NA
A3315901016225003,331590,Savoonga,2016-04-01,2016,4,commercial_sold_to,12853,7937,12900,9860,6691,NA,NA,NA
A3315901116225003,331590,Savoonga,2016-05-01,2016,5,commercial_sold_to,11783,12853,12900,9120,2092,NA,NA,NA
A3315900217225003,331590,Savoonga,2016-08-01,2016,8,residential_customers,82,160,142,160,161,NA,NA,NA
A3315900417225003,331590,Savoonga,2016-10-01,2016,10,residential_customers,83,161,142,122,161,NA,NA,NA
A3315900517225003,331590,Savoonga,2016-11-01,2016,11,residential_customers,83,83,142,122,161,NA,NA,NA
A3315900617225003,331590,Savoonga,2016-12-01,2016,12,commercial_sold_to,15196,9561,12900,9456,10790,NA,NA,NA
A3315900717225003,331590,Savoonga,2017-01-01,2017,1,residential_customers,86,162,147,124,161,NA,NA,NA
A3315900817225003,331590,Savoonga,2017-02-01,2017,2,residential_customers,85,86,147,123,161,NA,NA,NA
A3315901121225003,331590,Savoonga,2021-05-01,2021,5,powerhouse_consumption_kwh,5667,2498,3604,3040,2516,NA,NA,NA
A3315900323225003,331590,Savoonga,2022-09-01,2022,9,commercial_sold_to,12246,4651,4021,3425,7121,NA,NA,NA
A3315900623225003,331590,Savoonga,2022-12-01,2022,12,fuel_used_gallons,39691,14615,16805,16111,14919,NA,NA,NA
A3315900124225003,331590,Savoonga,2023-07-01,2023,7,powerhouse_consumption_kwh,10465,1811,3629,2566,2626,NA,NA,NA
A3315900225225003,331590,Savoonga,2024-08-01,2024,8,powerhouse_consumption_kwh,5533,2779,2961,3900,3194,NA,NA,NA
A3315900526225003,331590,Savoonga,2025-11-01,2025,11,fuel_used_gallons,0,14071,11794,7036,13992,NA,NA,NA
A3315900526225003,331590,Savoonga,2025-11-01,2025,11,commercial_sold_to,43840,3824,9544,23794,7362,NA,NA,NA
A3315900626225003,331590,Savoonga,2025-12-01,2025,12,fuel_used_gallons,0,0,11794,0,18888,NA,NA,NA
A3315900626225003,331590,Savoonga,2025-12-01,2025,12,commercial_sold_to,43765,43840,9544,45194,7933,NA,NA,NA
A3315900726225003,331590,Savoonga,2026-01-01,2026,1,fuel_used_gallons,0,0,0,0,16261,NA,NA,NA
A3315900726225003,331590,Savoonga,2026-01-01,2026,1,commercial_sold_to,46549,43765,44246,43026,7965,NA,NA,NA
A3315900826225003,331590,Savoonga,2026-02-01,2026,2,fuel_used_gallons,0,0,0,0,14658,NA,NA,NA
A3315900826225003,331590,Savoonga,2026-02-01,2026,2,commercial_sold_to,42288,46549,44246,45266,4059,NA,NA,NA
A3315900926225003,331590,Savoonga,2026-03-01,2026,3,fuel_used_gallons,0,0,0,0,14375,NA,NA,NA
A3315900926225003,331590,Savoonga,2026-03-01,2026,3,commercial_sold_to,43983,42288,44246,43225,3169,NA,NA,NA
A3315901026225003,331590,Savoonga,2026-04-01,2026,4,fuel_used_gallons,0,0,0,0,14418,NA,NA,NA
A3315901026225003,331590,Savoonga,2026-04-01,2026,4,commercial_sold_to,44162,43983,44246,43983,3560,NA,NA,NA
A3316000116225003,331600,Scammon Bay,2015-07-01,2015,7,commercial_sold_to,13355,NA,14130,13256,6853,NA,NA,NA
A3316000216225003,331600,Scammon Bay,2015-08-01,2015,8,commercial_sold_to,13256,13355,14130,13854,6796,NA,NA,NA
A3316000316225003,331600,Scammon Bay,2015-09-01,2015,9,commercial_sold_to,14352,13256,14130,14844,6400,NA,NA,NA
A3316000416225003,331600,Scammon Bay,2015-10-01,2015,10,commercial_sold_to,16433,14352,14130,13976,6432,NA,NA,NA
A3316000516225003,331600,Scammon Bay,2015-11-01,2015,11,commercial_sold_to,13599,16433,14130,15110,6921,NA,NA,NA
A3316000616225003,331600,Scammon Bay,2015-12-01,2015,12,commercial_sold_to,13788,13599,14130,15134,6819,NA,NA,NA
A3316000716225003,331600,Scammon Bay,2016-01-01,2016,1,commercial_sold_to,16670,13788,7481,9834,6987,NA,NA,NA
A3316001122225003,331600,Scammon Bay,2022-05-01,2022,5,powerhouse_consumption_kwh,5871,4341,4996,4866,3226,NA,NA,NA
A3316000223225003,331600,Scammon Bay,2022-08-01,2022,8,powerhouse_consumption_kwh,6428,5416,4996,5722,3569,NA,NA,NA
A3316000323225003,331600,Scammon Bay,2022-09-01,2022,9,powerhouse_consumption_kwh,6027,6428,4996,6201,3339,NA,NA,NA
A3316000423225003,331600,Scammon Bay,2022-10-01,2022,10,powerhouse_consumption_kwh,5974,6027,4996,5440,3458,NA,NA,NA
A3316000723225003,331600,Scammon Bay,2023-01-01,2023,1,powerhouse_consumption_kwh,7532,5673,4459,5754,2911,NA,NA,NA
A3316000823225003,331600,Scammon Bay,2023-02-01,2023,2,powerhouse_consumption_kwh,5834,7532,4459,6114,2530,NA,NA,NA
A3316001023225003,331600,Scammon Bay,2023-04-01,2023,4,powerhouse_consumption_kwh,6528,4696,4459,4888,3165,NA,NA,NA
A3316000226225003,331600,Scammon Bay,2025-08-01,2025,8,powerhouse_consumption_kwh,6402,4397,4117,5050,3572,NA,NA,NA
A3316000526225003,331600,Scammon Bay,2025-11-01,2025,11,fuel_used_gallons,0,10941,9279,5470,11450,NA,NA,NA
A3316000526225003,331600,Scammon Bay,2025-11-01,2025,11,commercial_sold_to,14356,5713,6738,9846,6845,NA,NA,NA
A3316000626225003,331600,Scammon Bay,2025-12-01,2025,12,fuel_used_gallons,0,0,9279,0,11305,NA,NA,NA
A3316000626225003,331600,Scammon Bay,2025-12-01,2025,12,commercial_sold_to,13980,14356,6738,15152,6800,NA,NA,NA
A3316000726225003,331600,Scammon Bay,2026-01-01,2026,1,fuel_used_gallons,0,0,0,0,13005,NA,NA,NA
A3316000726225003,331600,Scammon Bay,2026-01-01,2026,1,commercial_sold_to,15948,13980,16030,13958,7059,NA,NA,NA
A3316000826225003,331600,Scammon Bay,2026-02-01,2026,2,fuel_used_gallons,0,0,0,0,11385,NA,NA,NA
A3316000826225003,331600,Scammon Bay,2026-02-01,2026,2,commercial_sold_to,13935,15948,16030,15547,5366,NA,NA,NA
A3316000926225003,331600,Scammon Bay,2026-03-01,2026,3,fuel_used_gallons,0,0,0,0,11889,NA,NA,NA
A3316000926225003,331600,Scammon Bay,2026-03-01,2026,3,commercial_sold_to,15146,13935,16030,16514,5781,NA,NA,NA
A3316001026225003,331600,Scammon Bay,2026-04-01,2026,4,fuel_used_gallons,0,0,0,0,11155,NA,NA,NA
A3316001026225003,331600,Scammon Bay,2026-04-01,2026,4,commercial_sold_to,19092,15146,16030,15146,5909,NA,NA,NA
A3316100216225003,331610,Selawik,2015-08-01,2015,8,wind_kwh_generated,7872,4010,9604,5082,336,NA,NA,NA
A3316100316225003,331610,Selawik,2015-09-01,2015,9,wind_kwh_generated,6153,7872,9604,6020,530,NA,NA,NA
A3316100516225003,331610,Selawik,2015-11-01,2015,11,wind_kwh_generated,18994,4167,9604,10298,1351,NA,NA,NA
A3316100516225003,331610,Selawik,2015-11-01,2015,11,commercial_sold_to,32418,28882,35312,45910,22521,NA,NA,NA
A3316100616225003,331610,Selawik,2015-12-01,2015,12,wind_kwh_generated,16429,18994,9604,26910,884,NA,NA,NA
A3316100616225003,331610,Selawik,2015-12-01,2015,12,commercial_sold_to,62937,32418,35312,47854,23943,NA,NA,NA
A3316100716225003,331610,Selawik,2016-01-01,2016,1,wind_kwh_generated,34826,16429,5328,12408,59,NA,NA,NA
A3316100716225003,331610,Selawik,2016-01-01,2016,1,commercial_sold_to,63290,62937,26653,43167,24844,NA,NA,NA
A3316100816225003,331610,Selawik,2016-02-01,2016,2,wind_kwh_generated,8388,34826,5328,17740,0,NA,NA,NA
A3316101016225003,331610,Selawik,2016-04-01,2016,4,wind_kwh_generated,8659,654,5328,1864,286,NA,NA,NA
A3316100217225003,331610,Selawik,2016-08-01,2016,8,residential_customers,30,166,139,169,164,NA,NA,NA
A3316100417225003,331610,Selawik,2016-10-01,2016,10,residential_customers,31,172,139,101,168,NA,NA,NA
A3316100517225003,331610,Selawik,2016-11-01,2016,11,residential_customers,30,31,139,103,168,NA,NA,NA
A3316100717225003,331610,Selawik,2017-01-01,2017,1,residential_customers,29,175,142,102,169,NA,NA,NA
A3316100817225003,331610,Selawik,2017-02-01,2017,2,residential_customers,29,29,142,101,168,NA,NA,NA
A3316100518225003,331610,Selawik,2017-11-01,2017,11,wind_kwh_generated,4887,1500,1349,1823,4878,NA,NA,NA
A3316100526225003,331610,Selawik,2025-11-01,2025,11,commercial_sold_to,32402,14300,20387,24382,22523,NA,NA,NA
A3316100626225003,331610,Selawik,2025-12-01,2025,12,commercial_sold_to,34464,32402,20387,34804,26790,NA,NA,NA
A3316100726225003,331610,Selawik,2026-01-01,2026,1,commercial_sold_to,37206,34464,33854,34066,27452,NA,NA,NA
A3316100826225003,331610,Selawik,2026-02-01,2026,2,commercial_sold_to,33667,37206,33854,37376,21255,NA,NA,NA
A3316100926225003,331610,Selawik,2026-03-01,2026,3,commercial_sold_to,37546,33667,33854,30331,22305,NA,NA,NA
A3316200217225003,331620,Shageluk,2016-08-01,2016,8,residential_customers,137,34,40,34,37,NA,NA,NA
A3316200424225003,331620,Shageluk,2023-10-01,2023,10,com_facil_sold_to,20856,12485,11869,11460,7246,NA,NA,NA
A3316201225225003,331620,Shageluk,2025-06-01,2025,6,powerhouse_consumption_kwh,2522,1481,1674,2286,1348,NA,NA,NA
A3316200126225003,331620,Shageluk,2025-07-01,2025,7,powerhouse_consumption_kwh,3091,2522,1674,2144,1466,NA,NA,NA
A3316200326225003,331620,Shageluk,2025-09-01,2025,9,powerhouse_consumption_kwh,2277,1766,1674,2022,1120,NA,NA,NA
A3316200426225003,331620,Shageluk,2025-10-01,2025,10,powerhouse_consumption_kwh,2277,2277,1674,2277,940,NA,NA,NA
A3316200526225003,331620,Shageluk,2025-11-01,2025,11,fuel_used_gallons,0,3427,2724,1714,3144,NA,NA,NA
A3316200626225003,331620,Shageluk,2025-12-01,2025,12,fuel_used_gallons,0,0,2724,0,2891,NA,NA,NA
A3316200726225003,331620,Shageluk,2026-01-01,2026,1,fuel_used_gallons,0,0,0,0,3540,NA,NA,NA
A3316200726225003,331620,Shageluk,2026-01-01,2026,1,residential_sold_to,23749,23040,20286,22018,13914,NA,NA,NA
A3316200726225003,331620,Shageluk,2026-01-01,2026,1,commercial_sold_to,13738,12777,11946,11946,9346,NA,NA,NA
A3316200826225003,331620,Shageluk,2026-02-01,2026,2,fuel_used_gallons,0,0,0,0,3179,NA,NA,NA
A3316200926225003,331620,Shageluk,2026-03-01,2026,3,fuel_used_gallons,0,0,0,0,3189,NA,NA,NA
A3316201026225003,331620,Shageluk,2026-04-01,2026,4,fuel_used_gallons,0,0,0,0,3053,NA,NA,NA
A3316300116225003,331630,Shaktoolik,2015-07-01,2015,7,commercial_sold_to,22820,NA,17384,21374,14962,NA,NA,NA
A3316300216225003,331630,Shaktoolik,2015-08-01,2015,8,commercial_sold_to,21374,22820,17384,19220,14685,NA,NA,NA
A3316301016225003,331630,Shaktoolik,2016-04-01,2016,4,powerhouse_consumption_kwh,24528,16625,13273,17229,5612,NA,NA,NA
A3316300417225003,331630,Shaktoolik,2016-10-01,2016,10,residential_customers,137,64,73,101,64,NA,NA,NA
A3316300517225003,331630,Shaktoolik,2016-11-01,2016,11,residential_customers,138,137,73,100,64,NA,NA,NA
A3316300717225003,331630,Shaktoolik,2017-01-01,2017,1,residential_customers,141,63,76,101,64,NA,NA,NA
A3316300817225003,331630,Shaktoolik,2017-02-01,2017,2,residential_customers,139,141,76,102,64,NA,NA,NA
A3316300618225003,331630,Shaktoolik,2017-12-01,2017,12,fuel_used_gallons,8088,5464,5215,5324,5811,NA,NA,NA
A3316300725225003,331630,Shaktoolik,2025-01-01,2025,1,fuel_used_gallons,8121,7443,4516,6569,5128,NA,NA,NA
A3316300725225003,331630,Shaktoolik,2025-01-01,2025,1,diesel_kwh_generated,120421,99157,102743,101584,75997,NA,NA,NA
A3316300526225003,331630,Shaktoolik,2025-11-01,2025,11,fuel_used_gallons,0,4998,4516,2499,5483,NA,NA,NA
A3316300526225003,331630,Shaktoolik,2025-11-01,2025,11,commercial_sold_to,27197,13069,15876,21952,12536,NA,NA,NA
A3316300626225003,331630,Shaktoolik,2025-12-01,2025,12,fuel_used_gallons,0,0,4516,0,6620,NA,NA,NA
A3316300626225003,331630,Shaktoolik,2025-12-01,2025,12,commercial_sold_to,30834,27197,15876,30768,12902,NA,NA,NA
A3316300726225003,331630,Shaktoolik,2026-01-01,2026,1,fuel_used_gallons,0,0,0,0,5940,NA,NA,NA
A3316300726225003,331630,Shaktoolik,2026-01-01,2026,1,commercial_sold_to,34338,30834,32725,30912,12757,NA,NA,NA
A3316300826225003,331630,Shaktoolik,2026-02-01,2026,2,fuel_used_gallons,0,0,0,0,5071,NA,NA,NA
A3316300826225003,331630,Shaktoolik,2026-02-01,2026,2,commercial_sold_to,30990,34338,32725,34836,12432,NA,NA,NA
A3316300926225003,331630,Shaktoolik,2026-03-01,2026,3,fuel_used_gallons,0,0,0,0,5342,NA,NA,NA
A3316300926225003,331630,Shaktoolik,2026-03-01,2026,3,commercial_sold_to,35335,30990,32725,30614,12271,NA,NA,NA
A3316301026225003,331630,Shaktoolik,2026-04-01,2026,4,fuel_used_gallons,0,0,0,0,5319,NA,NA,NA
A3316301026225003,331630,Shaktoolik,2026-04-01,2026,4,commercial_sold_to,30237,35335,32725,35335,12666,NA,NA,NA
A3316400217225003,331640,Shishmaref,2016-08-01,2016,8,residential_customers,89,145,132,144,149,NA,NA,NA
A3316400417225003,331640,Shishmaref,2016-10-01,2016,10,residential_customers,91,144,132,117,150,NA,NA,NA
A3316400517225003,331640,Shishmaref,2016-11-01,2016,11,residential_customers,90,91,132,118,149,NA,NA,NA
A3316400717225003,331640,Shishmaref,2017-01-01,2017,1,residential_customers,92,145,136,118,150,NA,NA,NA
A3316400817225003,331640,Shishmaref,2017-02-01,2017,2,residential_customers,92,92,136,118,150,NA,NA,NA
A3316400619225003,331640,Shishmaref,2018-12-01,2018,12,fuel_used_gallons,18063,10719,10686,11163,11336,NA,NA,NA
A3316400823225003,331640,Shishmaref,2023-02-01,2023,2,fuel_used_gallons,33823,13213,13572,12788,10792,NA,NA,NA
A3316400526225003,331640,Shishmaref,2025-11-01,2025,11,fuel_used_gallons,0,11165,9589,5582,11402,NA,NA,NA
A3316400626225003,331640,Shishmaref,2025-12-01,2025,12,fuel_used_gallons,0,0,9589,0,13594,NA,NA,NA
A3316400726225003,331640,Shishmaref,2026-01-01,2026,1,fuel_used_gallons,0,0,0,0,12438,NA,NA,NA
A3316400826225003,331640,Shishmaref,2026-02-01,2026,2,fuel_used_gallons,0,0,0,0,14174,NA,NA,NA
A3316400926225003,331640,Shishmaref,2026-03-01,2026,3,fuel_used_gallons,0,0,0,0,11421,NA,NA,NA
A3316401026225003,331640,Shishmaref,2026-04-01,2026,4,fuel_used_gallons,0,0,0,0,11159,NA,NA,NA
A3316500116225003,331650,Shungnak,2015-07-01,2015,7,commercial_sold_to,14820,NA,14100,13140,8046,NA,NA,NA
A3316500216225003,331650,Shungnak,2015-08-01,2015,8,commercial_sold_to,13140,14820,14100,14623,7452,NA,NA,NA
A3316500316225003,331650,Shungnak,2015-09-01,2015,9,commercial_sold_to,14426,13140,14100,13888,7328,NA,NA,NA
A3316500416225003,331650,Shungnak,2015-10-01,2015,10,commercial_sold_to,14635,14426,14100,14078,7381,NA,NA,NA
A3316500516225003,331650,Shungnak,2015-11-01,2015,11,commercial_sold_to,13729,14635,14100,14242,8062,NA,NA,NA
A3316500616225003,331650,Shungnak,2015-12-01,2015,12,commercial_sold_to,13848,13729,14100,14003,10491,NA,NA,NA
A3316500716225003,331650,Shungnak,2016-01-01,2016,1,commercial_sold_to,14277,13848,8738,10802,11622,NA,NA,NA
A3316500217225003,331650,Shungnak,2016-08-01,2016,8,residential_customers,185,62,66,62,61,NA,NA,NA
A3316500522225003,331650,Shungnak,2021-11-01,2021,11,commercial_sold_to,13672,10547,8962,11740,8068,NA,NA,NA
A3316500622225003,331650,Shungnak,2021-12-01,2021,12,fuel_used_gallons,27862,14523,12148,13306,11494,NA,NA,NA
A3316500622225003,331650,Shungnak,2021-12-01,2021,12,commercial_sold_to,12933,13672,8962,13672,10582,NA,NA,NA
A3316500623225003,331650,Shungnak,2022-12-01,2022,12,fuel_used_gallons,23885,11759,10729,12926,11892,NA,NA,NA
A3316500324225003,331650,Shungnak,2023-09-01,2023,9,commercial_sold_to,3084,3527,7218,3464,8462,NA,NA,NA
A3316500424225003,331650,Shungnak,2023-10-01,2023,10,commercial_sold_to,3401,3084,7218,3164,8505,NA,NA,NA
A3316500524225003,331650,Shungnak,2023-11-01,2023,11,commercial_sold_to,3245,3401,7218,13282,9110,NA,NA,NA
A3316500624225003,331650,Shungnak,2023-12-01,2023,12,commercial_sold_to,23163,3245,7218,6374,9560,NA,NA,NA
A3316500526225003,331650,Shungnak,2025-11-01,2025,11,commercial_sold_to,13217,7918,8944,11946,8113,NA,NA,NA
A3316500626225003,331650,Shungnak,2025-12-01,2025,12,commercial_sold_to,15975,13217,8944,27148,10278,NA,NA,NA
A3316500726225003,331650,Shungnak,2026-01-01,2026,1,residential_sold_to,75133,47391,47966,45456,44688,NA,NA,NA
A3316500726225003,331650,Shungnak,2026-01-01,2026,1,commercial_sold_to,41080,15975,20443,14770,8644,NA,NA,NA
A3316500726225003,331650,Shungnak,2026-01-01,2026,1,govt_facil_sold_to,48562,25608,28356,24365,23822,NA,NA,NA
A3316500726225003,331650,Shungnak,2026-01-01,2026,1,residential_customers,149,60,82,60,58,NA,NA,NA
A3316500826225003,331650,Shungnak,2026-02-01,2026,2,commercial_sold_to,13564,41080,20443,27748,7287,NA,NA,NA
A3316500926225003,331650,Shungnak,2026-03-01,2026,3,commercial_sold_to,14417,13564,20443,13138,7611,NA,NA,NA
A3316501026225003,331650,Shungnak,2026-04-01,2026,4,commercial_sold_to,12711,14417,20443,14417,7128,NA,NA,NA
A3311900817225003,331190,Skagway,2017-02-01,2017,2,govt_facil_customers,0,61,56,61,61,NA,NA,NA
A3311901117225003,331190,Skagway,2017-05-01,2017,5,fuel_used_gallons,20729,12480,4473,6264,13694,NA,NA,NA
A3311901117225003,331190,Skagway,2017-05-01,2017,5,diesel_kwh_generated,308000,183800,71309,92200,196869,NA,NA,NA
A3311900820225003,331190,Skagway,2020-02-01,2020,2,fuel_used_gallons,18557,14035,9412,14026,16605,NA,NA,NA
A3311901020225003,331190,Skagway,2020-04-01,2020,4,fuel_used_gallons,31913,14017,9412,9626,18579,NA,NA,NA
A3311901020225003,331190,Skagway,2020-04-01,2020,4,diesel_kwh_generated,467772,179653,129896,134342,263145,NA,NA,NA
A3311900821225003,331190,Skagway,2021-02-01,2021,2,fuel_used_gallons,20675,2969,8552,5239,16393,NA,NA,NA
A3311900821225003,331190,Skagway,2021-02-01,2021,2,diesel_kwh_generated,301625,39557,134834,74166,228255,NA,NA,NA
A3311901021225003,331190,Skagway,2021-04-01,2021,4,fuel_used_gallons,30573,7509,8552,20725,18713,NA,NA,NA
A3311901021225003,331190,Skagway,2021-04-01,2021,4,diesel_kwh_generated,444461,108776,134834,301486,265476,NA,NA,NA
A3311901121225003,331190,Skagway,2021-05-01,2021,5,fuel_used_gallons,33941,30573,8552,15288,12372,NA,NA,NA
A3311901121225003,331190,Skagway,2021-05-01,2021,5,diesel_kwh_generated,494196,444461,134834,444461,178249,NA,NA,NA
A3311901121225003,331190,Skagway,2021-05-01,2021,5,total_kwh_purchased,46993,506839,571960,385670,877449,NA,NA,NA
A3311901122225003,331190,Skagway,2022-05-01,2022,5,fuel_used_gallons,26909,15286,7826,8562,13076,NA,NA,NA
A3311901122225003,331190,Skagway,2022-05-01,2022,5,diesel_kwh_generated,394990,211285,109930,118686,188170,NA,NA,NA
A3311900723225003,331190,Skagway,2023-01-01,2023,1,fuel_used_gallons,21367,11496,15094,15246,12526,NA,NA,NA
A3311900723225003,331190,Skagway,2023-01-01,2023,1,diesel_kwh_generated,311055,164280,213932,215343,177034,NA,NA,NA
A3311900723225003,331190,Skagway,2023-01-01,2023,1,peak_consumption_kw,22920,2098,4022,1950,2252,NA,NA,NA
A3311900823225003,331190,Skagway,2023-02-01,2023,2,fuel_used_gallons,18996,21367,15094,29231,16561,NA,NA,NA
A3311900823225003,331190,Skagway,2023-02-01,2023,2,diesel_kwh_generated,266406,311055,213932,415019,231777,NA,NA,NA
A3311900923225003,331190,Skagway,2023-03-01,2023,3,fuel_used_gallons,37095,18996,15094,21434,16544,NA,NA,NA
A3311900923225003,331190,Skagway,2023-03-01,2023,3,diesel_kwh_generated,518983,266406,213932,299582,231290,NA,NA,NA
A3311901023225003,331190,Skagway,2023-04-01,2023,4,fuel_used_gallons,23871,37095,15094,25812,19383,NA,NA,NA
A3311901023225003,331190,Skagway,2023-04-01,2023,4,diesel_kwh_generated,332757,518983,213932,362568,276646,NA,NA,NA
A3311900224225003,331190,Skagway,2023-08-01,2023,8,fuel_used_gallons,29954,3297,15094,3297,1534,NA,NA,NA
A3311900224225003,331190,Skagway,2023-08-01,2023,8,diesel_kwh_generated,441333,46739,213932,46739,22561,NA,NA,NA
A3311900824225003,331190,Skagway,2024-02-01,2024,2,fuel_used_gallons,42863,13082,12965,23249,14174,NA,NA,NA
A3311900824225003,331190,Skagway,2024-02-01,2024,2,diesel_kwh_generated,599435,194069,181590,331464,198474,NA,NA,NA
A3311900924225003,331190,Skagway,2024-03-01,2024,3,fuel_used_gallons,33416,42863,12965,30065,16912,NA,NA,NA
A3311900924225003,331190,Skagway,2024-03-01,2024,3,diesel_kwh_generated,468860,599435,181590,419956,236302,NA,NA,NA
A3311900725225003,331190,Skagway,2025-01-01,2025,1,fuel_used_gallons,19129,14978,12776,24705,12750,NA,NA,NA
A3311900725225003,331190,Skagway,2025-01-01,2025,1,diesel_kwh_generated,270477,201871,215260,340799,181092,NA,NA,NA
A3311900825225003,331190,Skagway,2025-02-01,2025,2,fuel_used_gallons,34432,19129,12776,21710,15018,NA,NA,NA
A3311900825225003,331190,Skagway,2025-02-01,2025,2,diesel_kwh_generated,479727,270477,215260,308820,210445,NA,NA,NA
A3311900925225003,331190,Skagway,2025-03-01,2025,3,fuel_used_gallons,24290,34432,12776,31585,17825,NA,NA,NA
A3311900925225003,331190,Skagway,2025-03-01,2025,3,diesel_kwh_generated,347162,479727,215260,442848,248472,NA,NA,NA
A3311901025225003,331190,Skagway,2025-04-01,2025,4,fuel_used_gallons,28738,24290,12776,20139,18896,NA,NA,NA
A3311901025225003,331190,Skagway,2025-04-01,2025,4,diesel_kwh_generated,405969,347162,215260,285887,269325,NA,NA,NA
A3311900726225003,331190,Skagway,2026-01-01,2026,1,fuel_used_gallons,59068,12851,40463,16114,8756,NA,NA,NA
A3311900726225003,331190,Skagway,2026-01-01,2026,1,diesel_kwh_generated,838883,157317,570453,219634,124252,NA,NA,NA
A3311900726225003,331190,Skagway,2026-01-01,2026,1,residential_sold_to,423601,304689,328299,302432,317329,NA,NA,NA
A3311900726225003,331190,Skagway,2026-01-01,2026,1,residential_customers,438,627,553,531,614,NA,NA,NA
A3311900826225003,331190,Skagway,2026-02-01,2026,2,fuel_used_gallons,19376,59068,40463,51695,16523,NA,NA,NA
A3311900826225003,331190,Skagway,2026-02-01,2026,2,diesel_kwh_generated,281950,838883,570453,729716,230223,NA,NA,NA
A3311900826225003,331190,Skagway,2026-02-01,2026,2,residential_customers,435,438,553,527,615,NA,NA,NA
A3311900926225003,331190,Skagway,2026-03-01,2026,3,fuel_used_gallons,44322,19376,40463,36835,15822,NA,NA,NA
A3311900926225003,331190,Skagway,2026-03-01,2026,3,diesel_kwh_generated,620548,281950,570453,523518,221133,NA,NA,NA
A3311901026225003,331190,Skagway,2026-04-01,2026,4,fuel_used_gallons,54294,44322,40463,34788,16340,NA,NA,NA
A3311901026225003,331190,Skagway,2026-04-01,2026,4,diesel_kwh_generated,765086,620548,570453,483172,233413,NA,NA,NA
A3311901126225003,331190,Skagway,2026-05-01,2026,5,fuel_used_gallons,25253,54294,40463,54294,13241,NA,NA,NA
A3311901126225003,331190,Skagway,2026-05-01,2026,5,diesel_kwh_generated,345796,765086,570453,765086,193089,NA,NA,NA
A3311950616225003,331195,Slana,2015-12-01,2015,12,com_facil_sold_to,607,261,434,256,202,NA,NA,NA
A3311950620225003,331195,Slana,2019-12-01,2019,12,com_facil_sold_to,498,145,178,362,212,NA,NA,NA
A3311950720225003,331195,Slana,2020-01-01,2020,1,com_facil_sold_to,578,498,215,499,206,NA,NA,NA
A3311950820225003,331195,Slana,2020-02-01,2020,2,com_facil_sold_to,500,578,215,408,180,NA,NA,NA
A3311950622225003,331195,Slana,2021-12-01,2021,12,fuel_used_gallons,13609,10238,8906,10700,9121,NA,NA,NA
A3311950523225003,331195,Slana,2022-11-01,2022,11,com_facil_sold_to,573,176,164,264,168,NA,NA,NA
A3311950923225003,331195,Slana,2023-03-01,2023,3,com_facil_sold_to,494,212,150,136,160,NA,NA,NA
A3311950726225003,331195,Slana,2026-01-01,2026,1,fuel_used_gallons,13515,11581,11151,11506,9688,NA,NA,NA
A3322601019225003,332260,Sleetmute,2019-04-01,2019,4,peak_consumption_kw,12,83,64,71,65,NA,NA,NA
A3322600622225003,332260,Sleetmute,2021-12-01,2021,12,residential_sold_to,13963,9097,8602,9288,8569,NA,NA,NA
A3322601022225003,332260,Sleetmute,2022-04-01,2022,4,residential_sold_to,13108,11038,8971,10204,7499,NA,NA,NA
A3322600923225003,332260,Sleetmute,2023-03-01,2023,3,residential_sold_to,13824,11185,9397,10600,7871,NA,NA,NA
A3322600224225003,332260,Sleetmute,2023-08-01,2023,8,com_facil_sold_to,16393,10082,8188,8360,3809,NA,NA,NA
A3322600724225003,332260,Sleetmute,2024-01-01,2024,1,powerhouse_consumption_kwh,2252,1935,1601,1854,1426,NA,NA,NA
A3322600924225003,332260,Sleetmute,2024-03-01,2024,3,powerhouse_consumption_kwh,2146,1773,1601,1378,1320,NA,NA,NA
A3322600225225003,332260,Sleetmute,2024-08-01,2024,8,commercial_sold_to,12385,9292,7136,8120,5317,NA,NA,NA
A3322600726225003,332260,Sleetmute,2026-01-01,2026,1,powerhouse_consumption_kwh,2751,1770,1621,1492,1376,NA,NA,NA
A3322600926225003,332260,Sleetmute,2026-03-01,2026,3,powerhouse_consumption_kwh,2237,1213,1621,1126,1310,NA,NA,NA
A3316800417225003,331680,Stebbins,2016-10-01,2016,10,residential_customers,228,131,146,178,137,NA,NA,NA
A3316800517225003,331680,Stebbins,2016-11-01,2016,11,residential_customers,225,228,146,181,138,NA,NA,NA
A3316800617225003,331680,Stebbins,2016-12-01,2016,12,fuel_used_gallons,48247,21463,20896,22332,20727,NA,NA,NA
A3316800717225003,331680,Stebbins,2017-01-01,2017,1,residential_customers,227,134,148,180,138,NA,NA,NA
A3316800817225003,331680,Stebbins,2017-02-01,2017,2,residential_customers,227,227,148,180,138,NA,NA,NA
A3316800525225003,331680,Stebbins,2024-11-01,2024,11,com_facil_sold_to,65868,62503,43742,69242,23688,NA,NA,NA
A3316800625225003,331680,Stebbins,2024-12-01,2024,12,com_facil_sold_to,75981,65868,43742,73753,26349,NA,NA,NA
A3316800725225003,331680,Stebbins,2025-01-01,2025,1,com_facil_sold_to,81638,75981,41020,68230,27829,NA,NA,NA
A3316800526225003,331680,Stebbins,2025-11-01,2025,11,commercial_sold_to,36475,1465,8072,20804,14923,NA,NA,NA
A3316800626225003,331680,Stebbins,2025-12-01,2025,12,commercial_sold_to,40142,36475,8072,39992,14246,NA,NA,NA
A3316800726225003,331680,Stebbins,2026-01-01,2026,1,commercial_sold_to,43510,40142,39457,39528,14100,NA,NA,NA
A3316800826225003,331680,Stebbins,2026-02-01,2026,2,commercial_sold_to,38913,43510,39457,43496,12719,NA,NA,NA
A3316800926225003,331680,Stebbins,2026-03-01,2026,3,commercial_sold_to,43481,38913,39457,35418,13537,NA,NA,NA
A3316801026225003,331680,Stebbins,2026-04-01,2026,4,commercial_sold_to,31923,43481,39457,43481,13184,NA,NA,NA
A3325700916225003,332570,Stevens Village,2016-03-01,2016,3,com_facil_sold_to,9877,1031,3068,1084,3104,NA,NA,NA
A3325700718225003,332570,Stevens Village,2018-01-01,2018,1,com_facil_sold_to,13257,1234,3666,1702,5563,NA,NA,NA
A3322700616225003,332270,Stony River,2015-12-01,2015,12,govt_facil_sold_to,1212,0,606,606,748,NA,NA,NA
A3322700716225003,332270,Stony River,2016-01-01,2016,1,govt_facil_sold_to,1212,1212,450,986,932,NA,NA,NA
A3322700816225003,332270,Stony River,2016-02-01,2016,2,govt_facil_sold_to,760,1212,450,982,756,NA,NA,NA
A3322700916225003,332270,Stony River,2016-03-01,2016,3,govt_facil_sold_to,752,760,450,420,823,NA,NA,NA
A3322701216225003,332270,Stony River,2016-06-01,2016,6,fuel_used_gallons,0,1466,1042,1276,1211,NA,NA,NA
A3322700517225003,332270,Stony River,2016-11-01,2016,11,govt_facil_sold_to,1117,2,450,742,684,NA,NA,NA
A3322700617225003,332270,Stony River,2016-12-01,2016,12,govt_facil_sold_to,1481,1117,450,1176,721,NA,NA,NA
A3322700717225003,332270,Stony River,2017-01-01,2017,1,govt_facil_sold_to,1236,1481,687,1337,929,NA,NA,NA
A3322700817225003,332270,Stony River,2017-02-01,2017,2,govt_facil_sold_to,1193,1236,687,1323,712,NA,NA,NA
A3322700917225003,332270,Stony River,2017-03-01,2017,3,govt_facil_sold_to,1410,1193,687,1276,757,NA,NA,NA
A3322701017225003,332270,Stony River,2017-04-01,2017,4,govt_facil_sold_to,1358,1410,687,1012,482,NA,NA,NA
A3322700518225003,332270,Stony River,2017-11-01,2017,11,govt_facil_sold_to,1093,321,687,672,686,NA,NA,NA
A3322700618225003,332270,Stony River,2017-12-01,2017,12,govt_facil_sold_to,1022,1093,687,1228,767,NA,NA,NA
A3322700718225003,332270,Stony River,2018-01-01,2018,1,govt_facil_sold_to,1362,1022,345,854,917,NA,NA,NA
A3322700818225003,332270,Stony River,2018-02-01,2018,2,govt_facil_sold_to,687,1362,345,682,763,NA,NA,NA
A3322700519225003,332270,Stony River,2018-11-01,2018,11,govt_facil_sold_to,1457,0,345,314,650,NA,NA,NA
A3322701019225003,332270,Stony River,2019-04-01,2019,4,govt_facil_sold_to,1079,0,324,109,510,NA,NA,NA
A3322700520225003,332270,Stony River,2019-11-01,2019,11,govt_facil_sold_to,822,0,324,393,713,NA,NA,NA
A3322700620225003,332270,Stony River,2019-12-01,2019,12,govt_facil_sold_to,786,822,324,1040,791,NA,NA,NA
A3322700720225003,332270,Stony River,2020-01-01,2020,1,govt_facil_sold_to,1258,786,608,1034,927,NA,NA,NA
A3322700820225003,332270,Stony River,2020-02-01,2020,2,govt_facil_sold_to,1283,1258,608,1312,703,NA,NA,NA
A3322700920225003,332270,Stony River,2020-03-01,2020,3,govt_facil_sold_to,1366,1283,608,1300,761,NA,NA,NA
A3322701020225003,332270,Stony River,2020-04-01,2020,4,govt_facil_sold_to,1318,1366,608,683,486,NA,NA,NA
A3322700521225003,332270,Stony River,2020-11-01,2020,11,govt_facil_sold_to,1001,39,608,535,695,NA,NA,NA
A3322700621225003,332270,Stony River,2020-12-01,2020,12,govt_facil_sold_to,1031,1001,608,784,766,NA,NA,NA
A3322700821225003,332270,Stony River,2021-02-01,2021,2,govt_facil_sold_to,636,567,298,616,768,NA,NA,NA
A3322700921225003,332270,Stony River,2021-03-01,2021,3,govt_facil_sold_to,666,636,298,554,831,NA,NA,NA
A3322700722225003,332270,Stony River,2022-01-01,2022,1,govt_facil_sold_to,631,582,129,440,990,NA,NA,NA
A3322700523225003,332270,Stony River,2022-11-01,2022,11,fuel_used_gallons,3481,2303,1683,2303,1344,NA,NA,NA
A3322700723225003,332270,Stony River,2023-01-01,2023,1,fuel_used_gallons,2631,NA,1439,1308,1547,NA,NA,NA
A3322700723225003,332270,Stony River,2023-01-01,2023,1,powerhouse_consumption_kwh,2831,1616,1320,1474,1106,NA,NA,NA
A3322700723225003,332270,Stony River,2023-01-01,2023,1,govt_facil_sold_to,735,269,394,428,980,NA,NA,NA
A3322700923225003,332270,Stony River,2023-03-01,2023,3,govt_facil_sold_to,1236,588,394,808,774,NA,NA,NA
A3322701023225003,332270,Stony River,2023-04-01,2023,4,govt_facil_sold_to,1027,1236,394,618,515,NA,NA,NA
A3322700724225003,332270,Stony River,2024-01-01,2024,1,govt_facil_sold_to,1671,550,510,839,886,NA,NA,NA
A3322700824225003,332270,Stony River,2024-02-01,2024,2,powerhouse_consumption_kwh,2163,953,1719,1260,905,NA,NA,NA
A3322700824225003,332270,Stony River,2024-02-01,2024,2,govt_facil_sold_to,1128,1671,510,1349,719,NA,NA,NA
A3322700924225003,332270,Stony River,2024-03-01,2024,3,govt_facil_sold_to,1027,1128,510,918,795,NA,NA,NA
A3322701024225003,332270,Stony River,2024-04-01,2024,4,govt_facil_sold_to,707,1027,510,514,547,NA,NA,NA
A3322700125225003,332270,Stony River,2024-07-01,2024,7,powerhouse_consumption_kwh,2585,1075,1719,2250,1009,NA,NA,NA
A3322700225225003,332270,Stony River,2024-08-01,2024,8,powerhouse_consumption_kwh,3425,2585,1719,2456,968,NA,NA,NA
A3322700325225003,332270,Stony River,2024-09-01,2024,9,powerhouse_consumption_kwh,2326,3425,1719,2648,1064,NA,NA,NA
A3322700525225003,332270,Stony River,2024-11-01,2024,11,govt_facil_sold_to,1069,120,510,262,688,NA,NA,NA
A3322700725225003,332270,Stony River,2025-01-01,2025,1,powerhouse_consumption_kwh,2984,1318,2420,1516,1090,NA,NA,NA
A3322700825225003,332270,Stony River,2025-02-01,2025,2,govt_facil_sold_to,664,449,417,762,765,NA,NA,NA
A3322700925225003,332270,Stony River,2025-03-01,2025,3,powerhouse_consumption_kwh,2295,1713,2420,1605,976,NA,NA,NA
A3322700925225003,332270,Stony River,2025-03-01,2025,3,govt_facil_sold_to,1076,664,417,332,790,NA,NA,NA
A3322701225225003,332270,Stony River,2025-06-01,2025,6,powerhouse_consumption_kwh,2656,1514,2420,1420,1159,NA,NA,NA
A3322700226225003,332270,Stony River,2025-08-01,2025,8,govt_facil_sold_to,2000,0,417,0,0,NA,NA,NA
A3322700426225003,332270,Stony River,2025-10-01,2025,10,powerhouse_consumption_kwh,3174,1358,2420,2587,1112,NA,NA,NA
A3322700526225003,332270,Stony River,2025-11-01,2025,11,powerhouse_consumption_kwh,3816,3174,2420,4278,897,NA,NA,NA
A3322700626225003,332270,Stony River,2025-12-01,2025,12,diesel_kwh_generated,24272,15767,12434,15200,12538,NA,NA,NA
A3322700626225003,332270,Stony River,2025-12-01,2025,12,powerhouse_consumption_kwh,5382,3816,2420,2613,1022,NA,NA,NA
A3322700626225003,332270,Stony River,2025-12-01,2025,12,commercial_sold_to,10323,4511,3040,4744,4050,NA,NA,NA
A3322700626225003,332270,Stony River,2025-12-01,2025,12,govt_facil_sold_to,729,0,417,428,796,NA,NA,NA
A3322700726225003,332270,Stony River,2026-01-01,2026,1,govt_facil_sold_to,855,729,485,690,968,NA,NA,NA
A3322700826225003,332270,Stony River,2026-02-01,2026,2,govt_facil_sold_to,651,855,485,1062,767,NA,NA,NA
A3322700926225003,332270,Stony River,2026-03-01,2026,3,govt_facil_sold_to,1270,651,485,393,771,NA,NA,NA
A3322701226225003,332270,Stony River,2026-06-01,2026,6,powerhouse_consumption_kwh,2994,1280,1509,1280,1122,NA,NA,NA
A3325801122225003,332580,Takotna,2022-05-01,2022,5,fuel_used_gallons,4145,1820,2139,1730,1834,NA,NA,NA
A3325800924225003,332580,Takotna,2024-03-01,2024,3,com_facil_sold_to,8228,2436,3014,1988,2251,NA,NA,NA
A3326000525225003,332600,Tanana,2024-11-01,2024,11,peak_consumption_kw,372,220,243,237,241,NA,NA,NA
A3326000626225003,332600,Tanana,2025-12-01,2025,12,residential_sold_to,51471,30696,30731,33503,31976,NA,NA,NA
A3326100218225003,332610,Tatitlek,2017-08-01,2017,8,commercial_sold_to,9496,3673,4716,3683,4350,NA,NA,NA
A3326101118225003,332610,Tatitlek,2018-05-01,2018,5,com_facil_sold_to,12524,3194,4473,3293,3452,NA,NA,NA
A3326100920225003,332610,Tatitlek,2020-03-01,2020,3,residential_sold_to,17841,11165,12109,12245,11882,NA,NA,NA
A3326101221225003,332610,Tatitlek,2021-06-01,2021,6,powerhouse_consumption_kwh,5463,877,3182,4288,2755,NA,NA,NA
A3326100122225003,332610,Tatitlek,2021-07-01,2021,7,powerhouse_consumption_kwh,7699,5463,3182,3844,2902,NA,NA,NA
A3326100822225003,332610,Tatitlek,2022-02-01,2022,2,peak_consumption_kw,158,99,91,91,86,NA,NA,NA
A3326100523225003,332610,Tatitlek,2022-11-01,2022,11,powerhouse_consumption_kwh,5351,2970,3052,3618,2496,NA,NA,NA
A3326100624225003,332610,Tatitlek,2023-12-01,2023,12,residential_sold_to,21024,7867,10358,8325,10624,NA,NA,NA
A3326100225225003,332610,Tatitlek,2024-08-01,2024,8,powerhouse_consumption_kwh,100,4135,3457,4352,2600,NA,NA,NA
A3326100225225003,332610,Tatitlek,2024-08-01,2024,8,peak_consumption_kw,4005,75,418,80,241,NA,NA,NA
A3326100226225003,332610,Tatitlek,2025-08-01,2025,8,powerhouse_consumption_kwh,77,2316,2328,2050,2603,NA,NA,NA
A3326100226225003,332610,Tatitlek,2025-08-01,2025,8,peak_consumption_kw,1806,71,228,78,461,NA,NA,NA
A3316850116225003,331685,Teller,2015-07-01,2015,7,commercial_sold_to,11535,NA,14276,11397,3740,NA,NA,NA
A3316850116225003,331685,Teller,2015-07-01,2015,7,com_facil_sold_to,3024,NA,3258,2773,14296,NA,NA,NA
A3316850216225003,331685,Teller,2015-08-01,2015,8,commercial_sold_to,11397,11535,14276,12269,3714,NA,NA,NA
A3316850216225003,331685,Teller,2015-08-01,2015,8,com_facil_sold_to,2773,3024,3258,3113,14083,NA,NA,NA
A3316850316225003,331685,Teller,2015-09-01,2015,9,commercial_sold_to,13003,11397,14276,13166,3975,NA,NA,NA
A3316850316225003,331685,Teller,2015-09-01,2015,9,com_facil_sold_to,3202,2773,3258,3073,15947,NA,NA,NA
A3316850416225003,331685,Teller,2015-10-01,2015,10,commercial_sold_to,14936,13003,14276,14931,3654,NA,NA,NA
A3316850416225003,331685,Teller,2015-10-01,2015,10,com_facil_sold_to,3373,3202,3258,3205,16248,NA,NA,NA
A3316850516225003,331685,Teller,2015-11-01,2015,11,commercial_sold_to,16859,14936,14276,16430,4753,NA,NA,NA
A3316850516225003,331685,Teller,2015-11-01,2015,11,com_facil_sold_to,3208,3373,3258,3670,14537,NA,NA,NA
A3316850616225003,331685,Teller,2015-12-01,2015,12,commercial_sold_to,17923,16859,14276,17114,4881,NA,NA,NA
A3316850616225003,331685,Teller,2015-12-01,2015,12,com_facil_sold_to,3967,3208,3258,3637,14886,NA,NA,NA
A3316850716225003,331685,Teller,2016-01-01,2016,1,commercial_sold_to,17370,17923,4692,10548,5217,NA,NA,NA
A3316850716225003,331685,Teller,2016-01-01,2016,1,com_facil_sold_to,4066,3967,14137,10152,15739,NA,NA,NA
A3316850318225003,331685,Teller,2017-09-01,2017,9,powerhouse_consumption_kwh,8666,5609,4450,4778,3704,NA,NA,NA
A3316850320225003,331685,Teller,2019-09-01,2019,9,powerhouse_consumption_kwh,7825,4528,4637,4277,3788,NA,NA,NA
A3316850623225003,331685,Teller,2022-12-01,2022,12,fuel_used_gallons,11673,5688,5751,6239,5219,NA,NA,NA
A3316850526225003,331685,Teller,2025-11-01,2025,11,fuel_used_gallons,0,5702,4390,2851,5713,NA,NA,NA
A3316850526225003,331685,Teller,2025-11-01,2025,11,commercial_sold_to,16099,4024,5889,10227,4829,NA,NA,NA
A3316850526225003,331685,Teller,2025-11-01,2025,11,com_facil_sold_to,3168,17722,13658,10382,14541,NA,NA,NA
A3316850626225003,331685,Teller,2025-12-01,2025,12,fuel_used_gallons,0,0,4390,0,6678,NA,NA,NA
A3316850626225003,331685,Teller,2025-12-01,2025,12,commercial_sold_to,16430,16099,5889,17262,5030,NA,NA,NA
A3316850626225003,331685,Teller,2025-12-01,2025,12,com_facil_sold_to,3042,3168,13658,3256,14979,NA,NA,NA
A3316850726225003,331685,Teller,2026-01-01,2026,1,fuel_used_gallons,0,0,0,0,6336,NA,NA,NA
A3316850726225003,331685,Teller,2026-01-01,2026,1,commercial_sold_to,18424,16430,18497,16718,5111,NA,NA,NA
A3316850726225003,331685,Teller,2026-01-01,2026,1,com_facil_sold_to,3345,3042,3990,3394,15811,NA,NA,NA
A3316850826225003,331685,Teller,2026-02-01,2026,2,fuel_used_gallons,0,0,0,0,5764,NA,NA,NA
A3316850826225003,331685,Teller,2026-02-01,2026,2,commercial_sold_to,17006,18424,18497,20048,3386,NA,NA,NA
A3316850826225003,331685,Teller,2026-02-01,2026,2,com_facil_sold_to,3746,3345,3990,4088,16393,NA,NA,NA
A3316850926225003,331685,Teller,2026-03-01,2026,3,fuel_used_gallons,0,0,0,0,5834,NA,NA,NA
A3316850926225003,331685,Teller,2026-03-01,2026,3,commercial_sold_to,21673,17006,18497,16946,3506,NA,NA,NA
A3316850926225003,331685,Teller,2026-03-01,2026,3,com_facil_sold_to,4830,3746,3990,3892,15638,NA,NA,NA
A3316851026225003,331685,Teller,2026-04-01,2026,4,fuel_used_gallons,0,0,0,0,5705,NA,NA,NA
A3316851026225003,331685,Teller,2026-04-01,2026,4,commercial_sold_to,16886,21673,18497,21673,3682,NA,NA,NA
A3316851026225003,331685,Teller,2026-04-01,2026,4,com_facil_sold_to,4038,4830,3990,4830,15257,NA,NA,NA
A3326300217225003,332630,Tenakee Springs,2016-08-01,2016,8,govt_facil_sold_to,58,147,143,95,149,NA,NA,NA
A3326300317225003,332630,Tenakee Springs,2016-09-01,2016,9,govt_facil_sold_to,43,58,143,112,153,NA,NA,NA
A3326300523225003,332630,Tenakee Springs,2022-11-01,2022,11,fuel_used_gallons,3942,3185,3114,3622,2929,NA,NA,NA
A3326300623225003,332630,Tenakee Springs,2022-12-01,2022,12,fuel_used_gallons,4060,3942,3114,3656,3008,NA,NA,NA
A3326300823225003,332630,Tenakee Springs,2023-02-01,2023,2,peak_consumption_kw,185,150,115,124,92,NA,NA,NA
A3326300125225003,332630,Tenakee Springs,2024-07-01,2024,7,peak_consumption_kw,219,137,135,177,109,NA,NA,NA
A3326300225225003,332630,Tenakee Springs,2024-08-01,2024,8,peak_consumption_kw,217,219,135,170,110,NA,NA,NA
A3326300425225003,332630,Tenakee Springs,2024-10-01,2024,10,peak_consumption_kw,232,121,135,111,88,NA,NA,NA
A3312000621225003,331200,Tetlin,2020-12-01,2020,12,commercial_sold_to,13893,4703,2818,5460,4071,NA,NA,NA
A3312000523225003,331200,Tetlin,2022-11-01,2022,11,commercial_sold_to,14731,12595,6962,9654,3728,NA,NA,NA
A3312101125225003,331210,"Thorne Bay, City of",2025-05-01,2025,5,powerhouse_consumption_kwh,2077,4980,5207,5252,5834,NA,NA,NA
A3316900116225003,331690,Togiak,2015-07-01,2015,7,commercial_sold_to,149671,NA,81927,124035,107077,NA,NA,NA
A3316900216225003,331690,Togiak,2015-08-01,2015,8,commercial_sold_to,124035,149671,81927,104363,80644,NA,NA,NA
A3316901216225003,331690,Togiak,2016-06-01,2016,6,commercial_sold_to,74746,48611,57533,106084,53986,NA,NA,NA
A3316900117225003,331690,Togiak,2016-07-01,2016,7,commercial_sold_to,163557,74746,57533,92994,105689,NA,NA,NA
A3316900217225003,331690,Togiak,2016-08-01,2016,8,commercial_sold_to,111241,163557,57533,99639,81924,NA,NA,NA
A3316900217225003,331690,Togiak,2016-08-01,2016,8,residential_customers,89,227,193,228,214,NA,NA,NA
A3316900417225003,331690,Togiak,2016-10-01,2016,10,residential_customers,92,229,193,160,215,NA,NA,NA
A3316900517225003,331690,Togiak,2016-11-01,2016,11,residential_customers,90,92,193,160,216,NA,NA,NA
A3316900717225003,331690,Togiak,2017-01-01,2017,1,residential_customers,90,228,205,159,216,NA,NA,NA
A3316900817225003,331690,Togiak,2017-02-01,2017,2,residential_customers,90,90,205,159,215,NA,NA,NA
A3316901217225003,331690,Togiak,2017-06-01,2017,6,commercial_sold_to,74615,44089,51841,101504,54001,NA,NA,NA
A3316900118225003,331690,Togiak,2017-07-01,2017,7,commercial_sold_to,158919,74615,51841,81735,106152,NA,NA,NA
A3316900218225003,331690,Togiak,2017-08-01,2017,8,commercial_sold_to,88855,158919,51841,103288,84162,NA,NA,NA
A3316900119225003,331690,Togiak,2018-07-01,2018,7,commercial_sold_to,136229,59796,51289,84657,108421,NA,NA,NA
A3316900219225003,331690,Togiak,2018-08-01,2018,8,commercial_sold_to,109518,136229,51289,97859,82096,NA,NA,NA
A3316900319225003,331690,Togiak,2018-09-01,2018,9,powerhouse_consumption_kwh,10287,8137,5629,8758,4598,NA,NA,NA
A3316900419225003,331690,Togiak,2018-10-01,2018,10,powerhouse_consumption_kwh,9378,10287,5629,7814,4211,NA,NA,NA
A3316900619225003,331690,Togiak,2018-12-01,2018,12,fuel_used_gallons,37434,16789,20096,17569,17667,NA,NA,NA
A3316900120225003,331690,Togiak,2019-07-01,2019,7,commercial_sold_to,141921,60865,46548,80536,107852,NA,NA,NA
A3316900220225003,331690,Togiak,2019-08-01,2019,8,commercial_sold_to,100206,141921,46548,90172,83027,NA,NA,NA
A3316900121225003,331690,Togiak,2020-07-01,2020,7,commercial_sold_to,98256,58925,40166,75688,112219,NA,NA,NA
A3316900221225003,331690,Togiak,2020-08-01,2020,8,commercial_sold_to,92450,98256,40166,65174,83803,NA,NA,NA
A3316900122225003,331690,Togiak,2021-07-01,2021,7,commercial_sold_to,118514,66102,43858,79530,110193,NA,NA,NA
A3316900222225003,331690,Togiak,2021-08-01,2021,8,commercial_sold_to,92957,118514,43858,72566,83752,NA,NA,NA
A3316900123225003,331690,Togiak,2022-07-01,2022,7,commercial_sold_to,102953,55512,42188,78121,111749,NA,NA,NA
A3316900223225003,331690,Togiak,2022-08-01,2022,8,commercial_sold_to,100730,102953,42188,65345,82975,NA,NA,NA
A3316900124225003,331690,Togiak,2023-07-01,2023,7,commercial_sold_to,100089,52757,37185,56256,112035,NA,NA,NA
A3316900924225003,331690,Togiak,2024-03-01,2024,3,powerhouse_consumption_kwh,14403,6521,6199,6080,4250,NA,NA,NA
A3316900526225003,331690,Togiak,2025-11-01,2025,11,fuel_used_gallons,0,15472,14080,7736,17759,NA,NA,NA
A3316900626225003,331690,Togiak,2025-12-01,2025,12,fuel_used_gallons,0,0,14080,0,21410,NA,NA,NA
A3316900726225003,331690,Togiak,2026-01-01,2026,1,fuel_used_gallons,0,0,0,0,19144,NA,NA,NA
A3316900826225003,331690,Togiak,2026-02-01,2026,2,fuel_used_gallons,0,0,0,0,16936,NA,NA,NA
A3316900926225003,331690,Togiak,2026-03-01,2026,3,fuel_used_gallons,0,0,0,0,18022,NA,NA,NA
A3316901026225003,331690,Togiak,2026-04-01,2026,4,fuel_used_gallons,0,0,0,0,17199,NA,NA,NA
A3312200623225003,331220,"Tok, Tanacross",2022-12-01,2022,12,com_facil_sold_to,67083,27503,26494,51088,34996,NA,NA,NA
A3312200723225003,331220,"Tok, Tanacross",2023-01-01,2023,1,com_facil_sold_to,74674,67083,60275,67561,36645,NA,NA,NA
A3312200823225003,331220,"Tok, Tanacross",2023-02-01,2023,2,com_facil_sold_to,68039,74674,60275,65986,35487,NA,NA,NA
A3312200724225003,331220,"Tok, Tanacross",2024-01-01,2024,1,com_facil_sold_to,66776,63740,53152,63212,37435,NA,NA,NA
A3312200725225003,331220,"Tok, Tanacross",2025-01-01,2025,1,com_facil_sold_to,65151,63003,54390,62398,37598,NA,NA,NA
A3312200626225003,331220,"Tok, Tanacross",2025-12-01,2025,12,com_facil_sold_to,73362,53680,54390,63830,34368,NA,NA,NA
A3312200726225003,331220,"Tok, Tanacross",2026-01-01,2026,1,com_facil_sold_to,73981,73362,67380,71969,36714,NA,NA,NA
A3312200826225003,331220,"Tok, Tanacross",2026-02-01,2026,2,com_facil_sold_to,70576,73981,67380,70017,35233,NA,NA,NA
A3312200926225003,331220,"Tok, Tanacross",2026-03-01,2026,3,com_facil_sold_to,66053,70576,67380,64742,30463,NA,NA,NA
A3317000116225003,331700,Toksook Bay,2015-07-01,2015,7,commercial_sold_to,23532,NA,27223,22887,4446,NA,NA,NA
A3317000216225003,331700,Toksook Bay,2015-08-01,2015,8,commercial_sold_to,22887,23532,27223,24014,4567,NA,NA,NA
A3317000316225003,331700,Toksook Bay,2015-09-01,2015,9,commercial_sold_to,24497,22887,27223,25002,4430,NA,NA,NA
A3317000416225003,331700,Toksook Bay,2015-10-01,2015,10,commercial_sold_to,27116,24497,27223,27930,4530,NA,NA,NA
A3317000516225003,331700,Toksook Bay,2015-11-01,2015,11,commercial_sold_to,31362,27116,27223,30530,6652,NA,NA,NA
A3317000616225003,331700,Toksook Bay,2015-12-01,2015,12,commercial_sold_to,33943,31362,27223,33882,7150,NA,NA,NA
A3317000716225003,331700,Toksook Bay,2016-01-01,2016,1,commercial_sold_to,36402,33943,7660,19332,7298,NA,NA,NA
A3317000618225003,331700,Toksook Bay,2017-12-01,2017,12,fuel_used_gallons,59395,17879,20190,19123,22881,NA,NA,NA
A3317000724225003,331700,Toksook Bay,2024-01-01,2024,1,wind_kwh_generated,327102,59334,87184,43844,50907,NA,NA,NA
A3317000526225003,331700,Toksook Bay,2025-11-01,2025,11,commercial_sold_to,24287,5348,7719,15147,7360,NA,NA,NA
A3317000626225003,331700,Toksook Bay,2025-12-01,2025,12,commercial_sold_to,24946,24287,7719,24241,8050,NA,NA,NA
A3317000726225003,331700,Toksook Bay,2026-01-01,2026,1,commercial_sold_to,24195,24946,26192,27132,8519,NA,NA,NA
A3317000826225003,331700,Toksook Bay,2026-02-01,2026,2,commercial_sold_to,29318,24195,26192,26447,4830,NA,NA,NA
A3317000926225003,331700,Toksook Bay,2026-03-01,2026,3,commercial_sold_to,28699,29318,26192,25937,4902,NA,NA,NA
A3317001026225003,331700,Toksook Bay,2026-04-01,2026,4,commercial_sold_to,22556,28699,26192,28699,4525,NA,NA,NA
A3327100124225003,332710,Tuluksak,2023-07-01,2023,7,residential_sold_to,66235,NA,40653,21140,19250,NA,NA,NA
A3327100124225003,332710,Tuluksak,2023-07-01,2023,7,unbilled_sold_to,5229,NA,2148,1309,1158,NA,NA,NA
A3327100224225003,332710,Tuluksak,2023-08-01,2023,8,commercial_sold_to,67036,10461,19497,10900,12138,NA,NA,NA
A3327100324225003,332710,Tuluksak,2023-09-01,2023,9,govt_facil_sold_to,5874,770,1528,806,898,NA,NA,NA
A3327100724225003,332710,Tuluksak,2024-01-01,2024,1,commercial_sold_to,46117,8437,21073,7729,16813,NA,NA,NA
A3327100924225003,332710,Tuluksak,2024-03-01,2024,3,residential_sold_to,60962,18042,37866,22551,27634,NA,NA,NA
A3327101224225003,332710,Tuluksak,2024-06-01,2024,6,diesel_kwh_generated,144464,NA,89589,90996,46705,NA,NA,NA
A3327101224225003,332710,Tuluksak,2024-06-01,2024,6,residential_sold_to,57936,NA,37866,30483,20710,NA,NA,NA
A3327101224225003,332710,Tuluksak,2024-06-01,2024,6,com_facil_sold_to,47673,NA,6380,1121,2120,NA,NA,NA
A3327100726225003,332710,Tuluksak,2026-01-01,2026,1,total_kwh_purchased,93710,0,18742,0,0,NA,NA,NA
A3327100926225003,332710,Tuluksak,2026-03-01,2026,3,com_facil_sold_to,12142,1980,4569,2975,3040,NA,NA,NA
A3327200716225003,332720,Tuntutuliak,2016-01-01,2016,1,wind_kwh_generated,55057,39111,22882,37823,17620,NA,NA,NA
A3327200716225003,332720,Tuntutuliak,2016-01-01,2016,1,total_kwh_purchased,18477,9410,8547,8252,1508,NA,NA,NA
A3327200916225003,332720,Tuntutuliak,2016-03-01,2016,3,total_kwh_purchased,11420,7093,8547,5638,1260,NA,NA,NA
A3327200117225003,332720,Tuntutuliak,2016-07-01,2016,7,powerhouse_consumption_kwh,5060,2440,2546,2605,3560,NA,NA,NA
A3327200417225003,332720,Tuntutuliak,2016-10-01,2016,10,total_kwh_purchased,14426,4522,8547,7550,209,NA,NA,NA
A3327200517225003,332720,Tuntutuliak,2016-11-01,2016,11,total_kwh_purchased,10579,14426,8547,14018,968,NA,NA,NA
A3327200617225003,332720,Tuntutuliak,2016-12-01,2016,12,total_kwh_purchased,13611,10579,8547,10320,2035,NA,NA,NA
A3327200717225003,332720,Tuntutuliak,2017-01-01,2017,1,total_kwh_purchased,10062,13611,4601,11553,2349,NA,NA,NA
A3327200618225003,332720,Tuntutuliak,2017-12-01,2017,12,total_kwh_purchased,10941,8716,4601,6866,2302,NA,NA,NA
A3327200918225003,332720,Tuntutuliak,2018-03-01,2018,3,powerhouse_consumption_kwh,4700,3342,2735,2664,2641,NA,NA,NA
A3327201018225003,332720,Tuntutuliak,2018-04-01,2018,4,total_kwh_purchased,11572,4223,2952,5816,493,NA,NA,NA
A3327200921225003,332720,Tuntutuliak,2021-03-01,2021,3,powerhouse_consumption_kwh,4963,4015,3067,3664,2615,NA,NA,NA
A3327200126225003,332720,Tuntutuliak,2025-07-01,2025,7,powerhouse_consumption_kwh,10647,3470,4569,2882,2939,NA,NA,NA
A3327200426225003,332720,Tuntutuliak,2025-10-01,2025,10,powerhouse_consumption_kwh,5379,4098,4569,6168,2426,NA,NA,NA
A3327200526225003,332720,Tuntutuliak,2025-11-01,2025,11,powerhouse_consumption_kwh,8238,5379,4569,5766,2184,NA,NA,NA
A3327200626225003,332720,Tuntutuliak,2025-12-01,2025,12,powerhouse_consumption_kwh,6152,8238,4569,7581,2697,NA,NA,NA
A3327200726225003,332720,Tuntutuliak,2026-01-01,2026,1,powerhouse_consumption_kwh,6924,6152,5423,4880,2492,NA,NA,NA
A3327201026225003,332720,Tuntutuliak,2026-04-01,2026,4,powerhouse_consumption_kwh,6258,3555,5423,4188,2391,NA,NA,NA
A3327201126225003,332720,Tuntutuliak,2026-05-01,2026,5,powerhouse_consumption_kwh,4820,6258,5423,6814,2535,NA,NA,NA
A3327201226225003,332720,Tuntutuliak,2026-06-01,2026,6,powerhouse_consumption_kwh,7371,4820,5423,4820,2643,NA,NA,NA
A3317100516225003,331710,Tununak,2015-11-01,2015,11,commercial_sold_to,15502,NA,16282,17061,1839,NA,NA,NA
A3317100616225003,331710,Tununak,2015-12-01,2015,12,commercial_sold_to,17061,15502,16282,16492,1833,NA,NA,NA
A3317100716225003,331710,Tununak,2016-01-01,2016,1,commercial_sold_to,17482,17061,1457,8530,1904,NA,NA,NA
A3317100526225003,331710,Tununak,2025-11-01,2025,11,commercial_sold_to,18389,0,3060,9164,1550,NA,NA,NA
A3317100626225003,331710,Tununak,2025-12-01,2025,12,commercial_sold_to,18328,18389,3060,18716,1706,NA,NA,NA
A3317100726225003,331710,Tununak,2026-01-01,2026,1,commercial_sold_to,19043,18328,19374,18060,1748,NA,NA,NA
A3317100826225003,331710,Tununak,2026-02-01,2026,2,commercial_sold_to,17793,19043,19374,20520,0,NA,NA,NA
A3317100926225003,331710,Tununak,2026-03-01,2026,3,commercial_sold_to,21998,17793,19374,18228,0,NA,NA,NA
A3317101026225003,331710,Tununak,2026-04-01,2026,4,commercial_sold_to,18663,21998,19374,21998,0,NA,NA,NA
A3317101026225003,331710,Tununak,2026-04-01,2026,4,com_facil_sold_to,2117,2663,2547,2663,17798,NA,NA,NA
A3327300122225003,332730,Twin Hills,2021-07-01,2021,7,total_kwh_purchased,20269,NA,26135,22010,2888,NA,NA,NA
A3327300222225003,332730,Twin Hills,2021-08-01,2021,8,total_kwh_purchased,22010,20269,26135,21242,3148,NA,NA,NA
A3327300322225003,332730,Twin Hills,2021-09-01,2021,9,total_kwh_purchased,22216,22010,26135,23112,2518,NA,NA,NA
A3327300422225003,332730,Twin Hills,2021-10-01,2021,10,total_kwh_purchased,24213,22216,26135,27565,2607,NA,NA,NA
A3327300522225003,332730,Twin Hills,2021-11-01,2021,11,total_kwh_purchased,32914,24213,26135,29701,2440,NA,NA,NA
A3327300622225003,332730,Twin Hills,2021-12-01,2021,12,total_kwh_purchased,35189,32914,26135,35489,2976,NA,NA,NA
A3327300722225003,332730,Twin Hills,2022-01-01,2022,1,total_kwh_purchased,38064,35189,27295,34832,3223,NA,NA,NA
A3327300822225003,332730,Twin Hills,2022-02-01,2022,2,total_kwh_purchased,34474,38064,27295,35995,2950,NA,NA,NA
A3327300922225003,332730,Twin Hills,2022-03-01,2022,3,total_kwh_purchased,33926,34474,27295,31117,3089,NA,NA,NA
A3327300922225003,332730,Twin Hills,2022-03-01,2022,3,residential_sold_to,20548,16391,12275,13914,10979,NA,NA,NA
A3327301022225003,332730,Twin Hills,2022-04-01,2022,4,total_kwh_purchased,27760,33926,27295,31178,2829,NA,NA,NA
A3327301122225003,332730,Twin Hills,2022-05-01,2022,5,total_kwh_purchased,28431,27760,27295,24738,3882,NA,NA,NA
A3327301222225003,332730,Twin Hills,2022-06-01,2022,6,total_kwh_purchased,21717,28431,27295,25766,3002,NA,NA,NA
A3327300123225003,332730,Twin Hills,2022-07-01,2022,7,total_kwh_purchased,23101,21717,27295,23452,2534,NA,NA,NA
A3327300223225003,332730,Twin Hills,2022-08-01,2022,8,total_kwh_purchased,25188,23101,27295,22882,2751,NA,NA,NA
A3327300323225003,332730,Twin Hills,2022-09-01,2022,9,total_kwh_purchased,22662,25188,27295,24328,2468,NA,NA,NA
A3327300423225003,332730,Twin Hills,2022-10-01,2022,10,total_kwh_purchased,23467,22662,27295,22311,2690,NA,NA,NA
A3327300523225003,332730,Twin Hills,2022-11-01,2022,11,total_kwh_purchased,21960,23467,27295,25126,3657,NA,NA,NA
A3327300623225003,332730,Twin Hills,2022-12-01,2022,12,total_kwh_purchased,26786,21960,27295,25484,3910,NA,NA,NA
A3327300723225003,332730,Twin Hills,2023-01-01,2023,1,total_kwh_purchased,29009,26786,15700,26667,4229,NA,NA,NA
A3327300823225003,332730,Twin Hills,2023-02-01,2023,2,total_kwh_purchased,26548,29009,15700,28405,3830,NA,NA,NA
A3327300923225003,332730,Twin Hills,2023-03-01,2023,3,total_kwh_purchased,27801,26548,15700,26002,3770,NA,NA,NA
A3327301023225003,332730,Twin Hills,2023-04-01,2023,4,total_kwh_purchased,25457,27801,15700,27489,3084,NA,NA,NA
A3327301123225003,332730,Twin Hills,2023-05-01,2023,5,total_kwh_purchased,27177,25457,15700,23234,4062,NA,NA,NA
A3327301223225003,332730,Twin Hills,2023-06-01,2023,6,total_kwh_purchased,21012,27177,15700,27177,3102,NA,NA,NA
A3327300424225003,332730,Twin Hills,2023-10-01,2023,10,govt_facil_sold_to,7487,2238,2928,2528,1919,NA,NA,NA
A3327300624225003,332730,Twin Hills,2023-12-01,2023,12,residential_sold_to,21479,4987,11580,10452,12005,NA,NA,NA
A3327300624225003,332730,Twin Hills,2023-12-01,2023,12,com_facil_sold_to,10256,2524,3791,5762,4120,NA,NA,NA
A3327300624225003,332730,Twin Hills,2023-12-01,2023,12,govt_facil_sold_to,11764,2818,2928,5208,2652,NA,NA,NA
A3327300724225003,332730,Twin Hills,2024-01-01,2024,1,com_facil_sold_to,9000,10256,6846,8587,4013,NA,NA,NA
A3327300724225003,332730,Twin Hills,2024-01-01,2024,1,govt_facil_sold_to,7597,11764,6490,10465,5915,NA,NA,NA
A3327300824225003,332730,Twin Hills,2024-02-01,2024,2,govt_facil_sold_to,9166,7597,6490,7696,2373,NA,NA,NA
A3327300924225003,332730,Twin Hills,2024-03-01,2024,3,govt_facil_sold_to,7796,9166,6490,9010,2678,NA,NA,NA
A3327301024225003,332730,Twin Hills,2024-04-01,2024,4,govt_facil_sold_to,8855,7796,6490,7242,2092,NA,NA,NA
A3327301124225003,332730,Twin Hills,2024-05-01,2024,5,govt_facil_sold_to,6688,8855,6490,6159,1257,NA,NA,NA
A3327300225225003,332730,Twin Hills,2024-08-01,2024,8,govt_facil_sold_to,4404,4108,6490,4801,971,NA,NA,NA
A3327300325225003,332730,Twin Hills,2024-09-01,2024,9,govt_facil_sold_to,5494,4404,6490,5434,1330,NA,NA,NA
A3327300425225003,332730,Twin Hills,2024-10-01,2024,10,govt_facil_sold_to,6465,5494,6490,6122,2033,NA,NA,NA
A3327300525225003,332730,Twin Hills,2024-11-01,2024,11,govt_facil_sold_to,6751,6465,6490,6782,1872,NA,NA,NA
A3327300625225003,332730,Twin Hills,2024-12-01,2024,12,govt_facil_sold_to,7098,6751,6490,6986,3170,NA,NA,NA
A3327300725225003,332730,Twin Hills,2025-01-01,2025,1,com_facil_sold_to,8615,7314,6391,6942,4056,NA,NA,NA
A3327300725225003,332730,Twin Hills,2025-01-01,2025,1,govt_facil_sold_to,7221,7098,6462,6836,5956,NA,NA,NA
A3327300825225003,332730,Twin Hills,2025-02-01,2025,2,govt_facil_sold_to,6574,7221,6462,7267,2661,NA,NA,NA
A3327300925225003,332730,Twin Hills,2025-03-01,2025,3,govt_facil_sold_to,7313,6574,6462,6922,2731,NA,NA,NA
A3327301025225003,332730,Twin Hills,2025-04-01,2025,4,govt_facil_sold_to,7270,7313,6462,6513,2268,NA,NA,NA
A3327301125225003,332730,Twin Hills,2025-05-01,2025,5,govt_facil_sold_to,5713,7270,6462,5904,1396,NA,NA,NA
A3327301225225003,332730,Twin Hills,2025-06-01,2025,6,govt_facil_sold_to,4539,5713,6462,5457,732,NA,NA,NA
A3327300126225003,332730,Twin Hills,2025-07-01,2025,7,govt_facil_sold_to,5201,4539,6462,4886,785,NA,NA,NA
A3327300226225003,332730,Twin Hills,2025-08-01,2025,8,govt_facil_sold_to,5234,5201,6462,5816,868,NA,NA,NA
A3327300326225003,332730,Twin Hills,2025-09-01,2025,9,govt_facil_sold_to,6430,5234,6462,5832,1226,NA,NA,NA
A3327300426225003,332730,Twin Hills,2025-10-01,2025,10,govt_facil_sold_to,6430,6430,6462,7147,2037,NA,NA,NA
A3327300526225003,332730,Twin Hills,2025-11-01,2025,11,govt_facil_sold_to,7864,6430,6462,7092,1748,NA,NA,NA
A3327300626225003,332730,Twin Hills,2025-12-01,2025,12,govt_facil_sold_to,7754,7864,6462,22374,3097,NA,NA,NA
A3327300726225003,332730,Twin Hills,2026-01-01,2026,1,residential_sold_to,53782,13005,22694,12192,12342,NA,NA,NA
A3327300726225003,332730,Twin Hills,2026-01-01,2026,1,govt_facil_sold_to,36884,7754,15880,8144,2661,NA,NA,NA
A3327300726225003,332730,Twin Hills,2026-01-01,2026,1,residential_customers,92,33,47,32,33,NA,NA,NA
A3327300826225003,332730,Twin Hills,2026-02-01,2026,2,govt_facil_sold_to,8535,36884,15880,23514,2443,NA,NA,NA
A3327300926225003,332730,Twin Hills,2026-03-01,2026,3,govt_facil_sold_to,10145,8535,15880,8244,2417,NA,NA,NA
A3327301026225003,332730,Twin Hills,2026-04-01,2026,4,govt_facil_sold_to,7954,10145,15880,10145,2192,NA,NA,NA
A3328500219225003,332850,Unalakleet,2018-08-01,2018,8,unbilled_sold_to,1818,90,700,954,64,NA,NA,NA
A3328500319225003,332850,Unalakleet,2018-09-01,2018,9,unbilled_sold_to,1818,1818,700,945,82,NA,NA,NA
A3328500619225003,332850,Unalakleet,2018-12-01,2018,12,unbilled_sold_to,1944,72,700,189,409,NA,NA,NA
A3328500819225003,332850,Unalakleet,2019-02-01,2019,2,unbilled_sold_to,1548,306,240,288,765,NA,NA,NA
A3328501023225003,332850,Unalakleet,2023-04-01,2023,4,unbilled_sold_to,1440,1206,418,648,348,NA,NA,NA
A3328500625225003,332850,Unalakleet,2024-12-01,2024,12,com_facil_sold_to,113903,59524,52562,80400,48439,NA,NA,NA
A3328500725225003,332850,Unalakleet,2025-01-01,2025,1,com_facil_sold_to,101276,113903,53354,85824,52251,NA,NA,NA
A3328500825225003,332850,Unalakleet,2025-02-01,2025,2,powerhouse_consumption_kwh,41714,31317,22235,25028,15194,NA,NA,NA
A3328500726225003,332850,Unalakleet,2026-01-01,2026,1,unbilled_sold_to,2268,270,1566,1188,432,NA,NA,NA
A3328500826225003,332850,Unalakleet,2026-02-01,2026,2,com_facil_sold_to,125281,73300,72888,67762,52366,NA,NA,NA
A3328500826225003,332850,Unalakleet,2026-02-01,2026,2,unbilled_sold_to,2106,2268,1566,2187,709,NA,NA,NA
A3328500926225003,332850,Unalakleet,2026-03-01,2026,3,unbilled_sold_to,2106,2106,1566,1179,482,NA,NA,NA
A3328601218225003,332860,Unalaska,2018-06-01,2018,6,govt_facil_sold_to,45039,24909,27512,24253,25192,NA,NA,NA
A3328600120225003,332860,Unalaska,2019-07-01,2019,7,powerhouse_consumption_kwh,127369,84990,90188,120850,82803,NA,NA,NA
A3328600220225003,332860,Unalaska,2019-08-01,2019,8,powerhouse_consumption_kwh,156709,127369,90188,118554,95614,NA,NA,NA
A3328800416225003,332880,Venetie,2015-10-01,2015,10,govt_facil_sold_to,2291,1145,1114,972,595,NA,NA,NA
A3328800618225003,332880,Venetie,2017-12-01,2017,12,diesel_kwh_generated,143300,NA,63182,NA,61483,NA,NA,NA
A3328800618225003,332880,Venetie,2017-12-01,2017,12,commercial_sold_to,40550,NA,16855,16928,13946,NA,NA,NA
A3328800720225003,332880,Venetie,2020-01-01,2020,1,commercial_sold_to,48852,27980,27174,27980,12530,NA,NA,NA
A3328801120225003,332880,Venetie,2020-05-01,2020,5,commercial_sold_to,56894,NA,27174,48734,10052,NA,NA,NA
A3328801220225003,332880,Venetie,2020-06-01,2020,6,commercial_sold_to,48734,56894,27174,56894,10400,NA,NA,NA
A3328800824225003,332880,Venetie,2024-02-01,2024,2,residential_sold_to,56211,NA,29169,36213,19495,NA,NA,NA
A3328800825225003,332880,Venetie,2025-02-01,2025,2,govt_facil_sold_to,3334,0,647,407,648,NA,NA,NA
A3324100216225003,332410,Wainwright,2015-08-01,2015,8,peak_consumption_kw,1724,NA,1236,1087,1252,NA,NA,NA
A3324100218225003,332410,Wainwright,2017-08-01,2017,8,peak_consumption_kw,4272,922,1321,946,998,NA,NA,NA
A3324100718225003,332410,Wainwright,2018-01-01,2018,1,peak_consumption_kw,7847,1137,1610,1155,1195,NA,NA,NA
A3317300116225003,331730,Wales,2015-07-01,2015,7,commercial_sold_to,10225,NA,11964,11040,4200,NA,NA,NA
A3317300216225003,331730,Wales,2015-08-01,2015,8,commercial_sold_to,11040,10225,11964,11408,4869,NA,NA,NA
A3317300316225003,331730,Wales,2015-09-01,2015,9,commercial_sold_to,12591,11040,11964,11640,5026,NA,NA,NA
A3317300416225003,331730,Wales,2015-10-01,2015,10,commercial_sold_to,12241,12591,11964,12340,5245,NA,NA,NA
A3317300516225003,331730,Wales,2015-11-01,2015,11,commercial_sold_to,12089,12241,11964,12918,6319,NA,NA,NA
A3317300616225003,331730,Wales,2015-12-01,2015,12,commercial_sold_to,13596,12089,11964,13794,6789,NA,NA,NA
A3317300716225003,331730,Wales,2016-01-01,2016,1,commercial_sold_to,15498,13596,5041,8925,8076,NA,NA,NA
A3317300217225003,331730,Wales,2016-08-01,2016,8,residential_customers,145,47,57,48,39,NA,NA,NA
A3317300423225003,331730,Wales,2022-10-01,2022,10,com_facil_sold_to,33983,20756,19092,30188,13663,NA,NA,NA
A3317300523225003,331730,Wales,2022-11-01,2022,11,com_facil_sold_to,39621,33983,19092,30571,13665,NA,NA,NA
A3317300623225003,331730,Wales,2022-12-01,2022,12,com_facil_sold_to,27159,39621,19092,34137,14948,NA,NA,NA
A3317300723225003,331730,Wales,2023-01-01,2023,1,com_facil_sold_to,28653,27159,32375,25192,16098,NA,NA,NA
A3317300923225003,331730,Wales,2023-03-01,2023,3,fuel_used_gallons,0,2456,5257,4282,4840,NA,NA,NA
A3317300923225003,331730,Wales,2023-03-01,2023,3,residential_sold_to,41445,18193,15840,15890,18812,NA,NA,NA
A3317300923225003,331730,Wales,2023-03-01,2023,3,residential_customers,93,34,36,34,39,NA,NA,NA
A3317301023225003,331730,Wales,2023-04-01,2023,4,com_facil_sold_to,35269,18107,32375,29235,15637,NA,NA,NA
A3317301123225003,331730,Wales,2023-05-01,2023,5,com_facil_sold_to,40363,35269,32375,32197,15418,NA,NA,NA
A3317301223225003,331730,Wales,2023-06-01,2023,6,com_facil_sold_to,29125,40363,32375,32360,12007,NA,NA,NA
A3317300124225003,331730,Wales,2023-07-01,2023,7,com_facil_sold_to,24356,29125,32375,28106,11937,NA,NA,NA
A3317300224225003,331730,Wales,2023-08-01,2023,8,com_facil_sold_to,27088,24356,32375,29318,11339,NA,NA,NA
A3317300324225003,331730,Wales,2023-09-01,2023,9,com_facil_sold_to,34280,27088,32375,34178,11840,NA,NA,NA
A3317300424225003,331730,Wales,2023-10-01,2023,10,com_facil_sold_to,41267,34280,32375,37886,12934,NA,NA,NA
A3317300524225003,331730,Wales,2023-11-01,2023,11,com_facil_sold_to,41492,41267,32375,43273,13478,NA,NA,NA
A3317300624225003,331730,Wales,2023-12-01,2023,12,com_facil_sold_to,45279,41492,32375,47416,13136,NA,NA,NA
A3317300724225003,331730,Wales,2024-01-01,2024,1,fuel_used_gallons,8575,7553,6308,7546,4717,NA,NA,NA
A3317300724225003,331730,Wales,2024-01-01,2024,1,diesel_kwh_generated,111401,81661,78918,90804,68458,NA,NA,NA
A3317300724225003,331730,Wales,2024-01-01,2024,1,com_facil_sold_to,53341,45279,30150,45485,13629,NA,NA,NA
A3317300824225003,331730,Wales,2024-02-01,2024,2,powerhouse_consumption_kwh,5707,3052,3934,5490,2400,NA,NA,NA
A3317300824225003,331730,Wales,2024-02-01,2024,2,com_facil_sold_to,45691,53341,30150,50025,13846,NA,NA,NA
A3317300924225003,331730,Wales,2024-03-01,2024,3,fuel_used_gallons,8400,7538,6308,7646,4000,NA,NA,NA
A3317300924225003,331730,Wales,2024-03-01,2024,3,powerhouse_consumption_kwh,7927,5707,3934,4674,2449,NA,NA,NA
A3317300924225003,331730,Wales,2024-03-01,2024,3,com_facil_sold_to,46709,45691,30150,46322,13692,NA,NA,NA
A3317301024225003,331730,Wales,2024-04-01,2024,4,com_facil_sold_to,46954,46709,30150,45813,14468,NA,NA,NA
A3317301124225003,331730,Wales,2024-05-01,2024,5,com_facil_sold_to,44917,46954,30150,32839,14912,NA,NA,NA
A3317300425225003,331730,Wales,2024-10-01,2024,10,commercial_sold_to,9764,8525,8884,8984,5493,NA,NA,NA
A3317300625225003,331730,Wales,2024-12-01,2024,12,commercial_sold_to,10708,9442,8884,10550,7078,NA,NA,NA
A3317300725225003,331730,Wales,2025-01-01,2025,1,commercial_sold_to,11658,10708,12483,10817,8460,NA,NA,NA
A3317300825225003,331730,Wales,2025-02-01,2025,2,commercial_sold_to,10926,11658,12483,12108,6600,NA,NA,NA
A3317300925225003,331730,Wales,2025-03-01,2025,3,commercial_sold_to,12559,10926,12483,10730,6774,NA,NA,NA
A3317301025225003,331730,Wales,2025-04-01,2025,4,commercial_sold_to,10533,12559,12483,9249,6403,NA,NA,NA
A3317300226225003,331730,Wales,2025-08-01,2025,8,commercial_sold_to,11646,6706,12483,9090,4808,NA,NA,NA
A3317300326225003,331730,Wales,2025-09-01,2025,9,powerhouse_consumption_kwh,6434,5472,4255,5953,2439,NA,NA,NA
A3317300326225003,331730,Wales,2025-09-01,2025,9,commercial_sold_to,11474,11646,12483,11560,5138,NA,NA,NA
A3317300426225003,331730,Wales,2025-10-01,2025,10,powerhouse_consumption_kwh,6434,6434,4255,6434,2527,NA,NA,NA
A3317300426225003,331730,Wales,2025-10-01,2025,10,commercial_sold_to,11474,11474,12483,17086,5322,NA,NA,NA
A3317300526225003,331730,Wales,2025-11-01,2025,11,fuel_used_gallons,0,4705,4027,2352,4980,NA,NA,NA
A3317300526225003,331730,Wales,2025-11-01,2025,11,commercial_sold_to,22698,11474,12483,18326,5258,NA,NA,NA
A3317300626225003,331730,Wales,2025-12-01,2025,12,fuel_used_gallons,0,0,4027,0,6614,NA,NA,NA
A3317300626225003,331730,Wales,2025-12-01,2025,12,commercial_sold_to,25179,22698,12483,28097,5631,NA,NA,NA
A3317300726225003,331730,Wales,2026-01-01,2026,1,fuel_used_gallons,0,0,0,0,5574,NA,NA,NA
A3317300726225003,331730,Wales,2026-01-01,2026,1,commercial_sold_to,33496,25179,30154,27280,6276,NA,NA,NA
A3317300826225003,331730,Wales,2026-02-01,2026,2,fuel_used_gallons,0,0,0,0,4911,NA,NA,NA
A3317300826225003,331730,Wales,2026-02-01,2026,2,commercial_sold_to,29382,33496,30154,32259,4754,NA,NA,NA
A3317300926225003,331730,Wales,2026-03-01,2026,3,fuel_used_gallons,0,0,0,0,4840,NA,NA,NA
A3317300926225003,331730,Wales,2026-03-01,2026,3,commercial_sold_to,31022,29382,30154,28048,4928,NA,NA,NA
A3317301026225003,331730,Wales,2026-04-01,2026,4,fuel_used_gallons,0,0,0,0,5217,NA,NA,NA
A3317301026225003,331730,Wales,2026-04-01,2026,4,commercial_sold_to,26714,31022,30154,31022,4785,NA,NA,NA
A3312300616225003,331230,Whale Pass,2015-12-01,2015,12,peak_consumption_kw,219,NA,134,219,117,NA,NA,NA
A3312300716225003,331230,Whale Pass,2016-01-01,2016,1,peak_consumption_kw,219,219,219,219,113,NA,NA,NA
A3312300816225003,331230,Whale Pass,2016-02-01,2016,2,peak_consumption_kw,219,219,219,219,112,NA,NA,NA
A3312300916225003,331230,Whale Pass,2016-03-01,2016,3,peak_consumption_kw,219,219,219,219,114,NA,NA,NA
A3312301016225003,331230,Whale Pass,2016-04-01,2016,4,peak_consumption_kw,219,219,219,219,94,NA,NA,NA
A3312301116225003,331230,Whale Pass,2016-05-01,2016,5,peak_consumption_kw,219,219,219,219,101,NA,NA,NA
A3312301216225003,331230,Whale Pass,2016-06-01,2016,6,peak_consumption_kw,219,219,219,219,114,NA,NA,NA
A3312300117225003,331230,Whale Pass,2016-07-01,2016,7,peak_consumption_kw,219,219,219,219,122,NA,NA,NA
A3312300217225003,331230,Whale Pass,2016-08-01,2016,8,peak_consumption_kw,219,219,219,219,119,NA,NA,NA
A3312300317225003,331230,Whale Pass,2016-09-01,2016,9,peak_consumption_kw,219,219,219,219,102,NA,NA,NA
A3312300417225003,331230,Whale Pass,2016-10-01,2016,10,peak_consumption_kw,219,219,219,219,102,NA,NA,NA
A3312300517225003,331230,Whale Pass,2016-11-01,2016,11,peak_consumption_kw,219,219,219,219,116,NA,NA,NA
A3312300617225003,331230,Whale Pass,2016-12-01,2016,12,peak_consumption_kw,219,219,219,219,117,NA,NA,NA
A3312300717225003,331230,Whale Pass,2017-01-01,2017,1,peak_consumption_kw,219,219,219,219,113,NA,NA,NA
A3312300817225003,331230,Whale Pass,2017-02-01,2017,2,peak_consumption_kw,219,219,219,219,112,NA,NA,NA
A3312300917225003,331230,Whale Pass,2017-03-01,2017,3,peak_consumption_kw,219,219,219,219,114,NA,NA,NA
A3312301017225003,331230,Whale Pass,2017-04-01,2017,4,peak_consumption_kw,219,219,219,219,94,NA,NA,NA
A3312301117225003,331230,Whale Pass,2017-05-01,2017,5,peak_consumption_kw,219,219,219,219,101,NA,NA,NA
A3312301217225003,331230,Whale Pass,2017-06-01,2017,6,peak_consumption_kw,219,219,219,219,114,NA,NA,NA
A3312300118225003,331230,Whale Pass,2017-07-01,2017,7,peak_consumption_kw,219,219,219,219,122,NA,NA,NA
A3312300218225003,331230,Whale Pass,2017-08-01,2017,8,peak_consumption_kw,219,219,219,219,119,NA,NA,NA
A3312300318225003,331230,Whale Pass,2017-09-01,2017,9,peak_consumption_kw,219,219,219,219,102,NA,NA,NA
A3312300418225003,331230,Whale Pass,2017-10-01,2017,10,peak_consumption_kw,219,219,219,219,102,NA,NA,NA
A3312300518225003,331230,Whale Pass,2017-11-01,2017,11,peak_consumption_kw,219,219,219,219,116,NA,NA,NA
A3312300618225003,331230,Whale Pass,2017-12-01,2017,12,peak_consumption_kw,219,219,219,219,117,NA,NA,NA
A3312300718225003,331230,Whale Pass,2018-01-01,2018,1,peak_consumption_kw,219,219,122,219,113,NA,NA,NA
A3312300818225003,331230,Whale Pass,2018-02-01,2018,2,peak_consumption_kw,219,219,122,219,112,NA,NA,NA
A3312300918225003,331230,Whale Pass,2018-03-01,2018,3,peak_consumption_kw,219,219,122,140,114,NA,NA,NA
A3312300823225003,331230,Whale Pass,2023-02-01,2023,2,com_facil_sold_to,1709,1164,802,1426,913,NA,NA,NA
A3312300923225003,331230,Whale Pass,2023-03-01,2023,3,com_facil_sold_to,1689,1709,802,1464,826,NA,NA,NA
A3312300924225003,331230,Whale Pass,2024-03-01,2024,3,com_facil_sold_to,1569,1009,1191,1426,838,NA,NA,NA
A3312301024225003,331230,Whale Pass,2024-04-01,2024,4,com_facil_sold_to,1843,1569,1191,1605,709,NA,NA,NA
A3312301124225003,331230,Whale Pass,2024-05-01,2024,5,com_facil_sold_to,1641,1843,1191,1518,528,NA,NA,NA
A3312300725225003,331230,Whale Pass,2025-01-01,2025,1,com_facil_sold_to,1803,1278,893,1560,824,NA,NA,NA
A3312300825225003,331230,Whale Pass,2025-02-01,2025,2,com_facil_sold_to,1841,1803,893,1418,900,NA,NA,NA
A3328900721225003,332890,White Mountain,2021-01-01,2021,1,com_facil_sold_to,18046,10171,9625,10171,10806,NA,NA,NA
A3328900626225003,332890,White Mountain,2025-12-01,2025,12,govt_facil_sold_to,7459,1435,1666,2039,2340,NA,NA,NA
A3329000417225003,332900,Yakutat,2016-10-01,2016,10,peak_consumption_kw,2101,1323,1210,1096,1045,NA,NA,NA
A3329000526225003,332900,Yakutat,2025-11-01,2025,11,fuel_used_gallons,0,38978,29554,19489,31219,NA,NA,NA
A3329000626225003,332900,Yakutat,2025-12-01,2025,12,fuel_used_gallons,0,0,29554,0,32264,NA,NA,NA
A3329000726225003,332900,Yakutat,2026-01-01,2026,1,fuel_used_gallons,0,0,0,0,32930,NA,NA,NA
A3329000826225003,332900,Yakutat,2026-02-01,2026,2,fuel_used_gallons,0,0,0,0,32358,NA,NA,NA
A3329000926225003,332900,Yakutat,2026-03-01,2026,3,fuel_used_gallons,0,0,0,0,34557,NA,NA,NA
A3329001026225003,332900,Yakutat,2026-04-01,2026,4,fuel_used_gallons,0,0,0,0,37107,NA,NA,NA
