file,identifier,row_index,target_column,target_value_scrubbed,eval_column,eval_value_observed,rule_broken
l0_pce_rate_line.csv,A3310050123225003,8,residential_rate,0,effective_residential_rate,0,< 0.08
l0_pce_rate_line.csv,A3310050419225003,36,residential_rate,0,effective_residential_rate,0,< 0.08
l0_pce_rate_line.csv,A3310050519225003,49,residential_rate,0,effective_residential_rate,0,< 0.08
l0_pce_rate_line.csv,A3310050620225003,62,residential_rate,0,effective_residential_rate,0,< 0.08
l0_pce_rate_line.csv,A3310050620225003,63,residential_rate,0,effective_residential_rate,0,< 0.08
l0_pce_rate_line.csv,A3310051118225003,120,residential_rate,0,effective_residential_rate,0,< 0.08
l0_pce_rate_line.csv,A3310051119225003,122,residential_rate,0,effective_residential_rate,0,< 0.08
l0_pce_rate_line.csv,A3310051218225003,134,residential_rate,0,effective_residential_rate,0,< 0.08
l0_pce_rate_line.csv,A3310051220225003,137,residential_rate,0,effective_residential_rate,0,< 0.08
l0_pce_rate_line.csv,A3310100121225003,148,residential_rate,0,effective_residential_rate,0,< 0.08
l0_pce_rate_line.csv,A3310100122225003,150,residential_rate,0,effective_residential_rate,0,< 0.08
l0_pce_rate_line.csv,A3310100218225003,158,residential_rate,0,effective_residential_rate,0,< 0.08
l0_pce_rate_line.csv,A3310100221225003,162,residential_rate,0,effective_residential_rate,0,< 0.08
l0_pce_rate_line.csv,A3310100418225003,180,residential_rate,0,effective_residential_rate,0,< 0.08
l0_pce_rate_line.csv,A3310100518225003,192,residential_rate,0,effective_residential_rate,0,< 0.08
l0_pce_rate_line.csv,A3310100618225003,205,residential_rate,0,effective_residential_rate,0,< 0.08
l0_pce_rate_line.csv,A3310100718225003,216,residential_rate,0,effective_residential_rate,0,< 0.08
l0_pce_rate_line.csv,A3310101220225003,272,residential_rate,0,effective_residential_rate,0,< 0.08
l0_pce_rate_line.csv,A3310200122225003,285,residential_rate,0,effective_residential_rate,0,< 0.08
l0_pce_rate_line.csv,A3310200123225003,287,residential_rate,0,effective_residential_rate,0,< 0.08
l0_pce_rate_line.csv,A3310200125225003,290,residential_rate,0,effective_residential_rate,0,< 0.08
l0_pce_rate_line.csv,A3310200222225003,298,residential_rate,0,effective_residential_rate,0,< 0.08
l0_pce_rate_line.csv,A3310200223225003,300,residential_rate,0,effective_residential_rate,0,< 0.08
l0_pce_rate_line.csv,A3310200224225003,302,residential_rate,0,effective_residential_rate,0,< 0.08
l0_pce_rate_line.csv,A3310200324225003,314,residential_rate,0,effective_residential_rate,0,< 0.08
l0_pce_rate_line.csv,A3310200620225003,343,residential_rate,0,effective_residential_rate,0,< 0.08
l0_pce_rate_line.csv,A3310200624225003,349,residential_rate,0,effective_residential_rate,0,< 0.08
l0_pce_rate_line.csv,A3310200724225003,361,residential_rate,0,effective_residential_rate,0,< 0.08
l0_pce_rate_line.csv,A3310200725225003,363,residential_rate,0,effective_residential_rate,0,< 0.08
l0_pce_rate_line.csv,A3310201018225003,390,residential_rate,0,effective_residential_rate,0,< 0.08
l0_pce_rate_line.csv,A3310201116225003,401,residential_rate,0,effective_residential_rate,0,< 0.08
l0_pce_rate_line.csv,A3310300323225003,451,residential_rate,0,effective_residential_rate,0,< 0.08
l0_pce_rate_line.csv,A3310300625225003,480,residential_rate,0,effective_residential_rate,0,< 0.08
l0_pce_rate_line.csv,A3310300725225003,489,residential_rate,0,effective_residential_rate,0,< 0.08
l0_pce_rate_line.csv,A3310401018225003,628,residential_rate,0,effective_residential_rate,0,< 0.08
l0_pce_rate_line.csv,A3310401219225003,652,residential_rate,0,effective_residential_rate,0,< 0.08
l0_pce_rate_line.csv,A3310500120225003,664,residential_rate,0,effective_residential_rate,-0.6068,< 0.08
l0_pce_rate_line.csv,A3310500217225003,672,residential_rate,0,effective_residential_rate,0,< 0.08
l0_pce_rate_line.csv,A3310500218225003,674,residential_rate,0,effective_residential_rate,0,< 0.08
l0_pce_rate_line.csv,A3310500219225003,676,residential_rate,0,effective_residential_rate,0,< 0.08
l0_pce_rate_line.csv,A3310500219225003,677,residential_rate,0,effective_residential_rate,0,< 0.08
l0_pce_rate_line.csv,A3310500221225003,680,residential_rate,0,effective_residential_rate,0,< 0.08
l0_pce_rate_line.csv,A3310500317225003,687,residential_rate,0,effective_residential_rate,0,< 0.08
l0_pce_rate_line.csv,A3310500417225003,699,residential_rate,0,effective_residential_rate,0,< 0.08
l0_pce_rate_line.csv,A3310500420225003,703,residential_rate,0,effective_residential_rate,0,< 0.08
l0_pce_rate_line.csv,A3310500517225003,713,residential_rate,0,effective_residential_rate,0,< 0.08
l0_pce_rate_line.csv,A3310500521225003,718,residential_rate,0,effective_residential_rate,0,< 0.08
l0_pce_rate_line.csv,A3310500617225003,726,residential_rate,0,effective_residential_rate,0,< 0.08
l0_pce_rate_line.csv,A3310500716225003,737,residential_rate,0,effective_residential_rate,0,< 0.08
l0_pce_rate_line.csv,A3310500717225003,739,residential_rate,0,effective_residential_rate,0,< 0.08
l0_pce_rate_line.csv,A3310500717225003,740,residential_rate,0,effective_residential_rate,0,< 0.08
l0_pce_rate_line.csv,A3310500817225003,752,residential_rate,0,effective_residential_rate,0,< 0.08
l0_pce_rate_line.csv,A3310500818225003,754,residential_rate,0,effective_residential_rate,0,< 0.08
l0_pce_rate_line.csv,A3310500821225003,758,residential_rate,0,effective_residential_rate,0,< 0.08
l0_pce_rate_line.csv,A3310501018225003,778,residential_rate,0,effective_residential_rate,0,< 0.08
l0_pce_rate_line.csv,A3310600120225003,811,residential_rate,0,effective_residential_rate,0,< 0.08
l0_pce_rate_line.csv,A3310600217225003,819,residential_rate,0,effective_residential_rate,0,< 0.08
l0_pce_rate_line.csv,A3310600317225003,831,residential_rate,0,effective_residential_rate,0,< 0.08
l0_pce_rate_line.csv,A3310600420225003,845,residential_rate,0,effective_residential_rate,0,< 0.08
l0_pce_rate_line.csv,A3310600517225003,854,residential_rate,0,effective_residential_rate,0,< 0.08
l0_pce_rate_line.csv,A3310600617225003,866,residential_rate,0,effective_residential_rate,0,< 0.08
l0_pce_rate_line.csv,A3310600717225003,878,residential_rate,0,effective_residential_rate,0,< 0.08
l0_pce_rate_line.csv,A3310600817225003,890,residential_rate,0,effective_residential_rate,0,< 0.08
l0_pce_rate_line.csv,A3310601018225003,914,residential_rate,0,effective_residential_rate,0,< 0.08
l0_pce_rate_line.csv,A3310601216225003,935,residential_rate,0,effective_residential_rate,0,< 0.08
l0_pce_rate_line.csv,A3310601220225003,940,residential_rate,0,effective_residential_rate,0,< 0.08
l0_pce_rate_line.csv,A3310700117225003,947,residential_rate,0,effective_residential_rate,0,< 0.08
l0_pce_rate_line.csv,A3310700120225003,951,residential_rate,0,effective_residential_rate,0,< 0.08
l0_pce_rate_line.csv,A3310700217225003,960,residential_rate,0,effective_residential_rate,0,< 0.08
l0_pce_rate_line.csv,A3310700317225003,971,residential_rate,0,effective_residential_rate,0,< 0.08
l0_pce_rate_line.csv,A3310700319225003,974,residential_rate,0,effective_residential_rate,0,< 0.08
l0_pce_rate_line.csv,A3310700417225003,983,residential_rate,0,effective_residential_rate,0,< 0.08
l0_pce_rate_line.csv,A3310700420225003,987,residential_rate,0,effective_residential_rate,0,< 0.08
l0_pce_rate_line.csv,A3310700516225003,995,residential_rate,0,effective_residential_rate,0,< 0.08
l0_pce_rate_line.csv,A3310700517225003,997,residential_rate,0,effective_residential_rate,0,< 0.08
l0_pce_rate_line.csv,A3310700617225003,1009,residential_rate,0,effective_residential_rate,0,< 0.08
l0_pce_rate_line.csv,A3310700717225003,1021,residential_rate,0,effective_residential_rate,0,< 0.08
l0_pce_rate_line.csv,A3310700719225003,1024,residential_rate,0,effective_residential_rate,0,< 0.08
l0_pce_rate_line.csv,A3310700817225003,1034,residential_rate,0,effective_residential_rate,0,< 0.08
l0_pce_rate_line.csv,A3310701018225003,1058,residential_rate,0,effective_residential_rate,0,< 0.08
l0_pce_rate_line.csv,A3310701216225003,1078,residential_rate,0,effective_residential_rate,0,< 0.08
l0_pce_rate_line.csv,A3310800117225003,1089,residential_rate,0,effective_residential_rate,0,< 0.08
l0_pce_rate_line.csv,A3310800120225003,1093,residential_rate,0,effective_residential_rate,0,< 0.08
l0_pce_rate_line.csv,A3310800121225003,1095,residential_rate,0,effective_residential_rate,0,< 0.08
l0_pce_rate_line.csv,A3310800217225003,1102,residential_rate,0,effective_residential_rate,0,< 0.08
l0_pce_rate_line.csv,A3310800221225003,1107,residential_rate,0,effective_residential_rate,0,< 0.08
l0_pce_rate_line.csv,A3310800317225003,1114,residential_rate,0,effective_residential_rate,0,< 0.08
l0_pce_rate_line.csv,A3310800318225003,1116,residential_rate,0,effective_residential_rate,0,< 0.08
l0_pce_rate_line.csv,A3310800321225003,1120,residential_rate,0,effective_residential_rate,0,< 0.08
l0_pce_rate_line.csv,A3310800420225003,1130,residential_rate,0,effective_residential_rate,0,< 0.08
l0_pce_rate_line.csv,A3310800421225003,1132,residential_rate,0,effective_residential_rate,0,< 0.08
l0_pce_rate_line.csv,A3310800517225003,1140,residential_rate,0,effective_residential_rate,0,< 0.08
l0_pce_rate_line.csv,A3310800521225003,1145,residential_rate,0,effective_residential_rate,0,< 0.08
l0_pce_rate_line.csv,A3310800617225003,1153,residential_rate,0,effective_residential_rate,0,< 0.08
l0_pce_rate_line.csv,A3310800621225003,1158,residential_rate,0,effective_residential_rate,0,< 0.08
l0_pce_rate_line.csv,A3310800717225003,1166,residential_rate,0,effective_residential_rate,0,< 0.08
l0_pce_rate_line.csv,A3310800721225003,1171,residential_rate,0,effective_residential_rate,0,< 0.08
l0_pce_rate_line.csv,A3310800816225003,1178,residential_rate,0,effective_residential_rate,0,< 0.08
l0_pce_rate_line.csv,A3310800817225003,1180,residential_rate,0,effective_residential_rate,0,< 0.08
l0_pce_rate_line.csv,A3310800818225003,1182,residential_rate,0,effective_residential_rate,0,< 0.08
l0_pce_rate_line.csv,A3310800821225003,1186,residential_rate,0,effective_residential_rate,0,< 0.08
l0_pce_rate_line.csv,A3310800917225003,1194,residential_rate,0,effective_residential_rate,0,< 0.08
l0_pce_rate_line.csv,A3310800921225003,1199,residential_rate,0,effective_residential_rate,0,< 0.08
l0_pce_rate_line.csv,A3310801021225003,1211,residential_rate,0,effective_residential_rate,0,< 0.08
l0_pce_rate_line.csv,A3310801216225003,1229,residential_rate,0,effective_residential_rate,0,< 0.08
l0_pce_rate_line.csv,A3310900116225003,1240,residential_rate,0,effective_residential_rate,0,< 0.08
l0_pce_rate_line.csv,A3310900120225003,1245,residential_rate,0,effective_residential_rate,0,< 0.08
l0_pce_rate_line.csv,A3310900121225003,1247,residential_rate,0,effective_residential_rate,0,< 0.08
l0_pce_rate_line.csv,A3310900217225003,1256,residential_rate,0,effective_residential_rate,0,< 0.08
l0_pce_rate_line.csv,A3310900221225003,1261,residential_rate,0,effective_residential_rate,0,< 0.08
l0_pce_rate_line.csv,A3310900317225003,1268,residential_rate,0,effective_residential_rate,0,< 0.08
l0_pce_rate_line.csv,A3310900321225003,1273,residential_rate,0,effective_residential_rate,0,< 0.08
l0_pce_rate_line.csv,A3310900417225003,1280,residential_rate,0,effective_residential_rate,0,< 0.08
l0_pce_rate_line.csv,A3310900420225003,1284,residential_rate,0,effective_residential_rate,0,< 0.08
l0_pce_rate_line.csv,A3310900421225003,1286,residential_rate,0,effective_residential_rate,0,< 0.08
l0_pce_rate_line.csv,A3310900516225003,1293,residential_rate,0,effective_residential_rate,0,< 0.08
l0_pce_rate_line.csv,A3310900521225003,1299,residential_rate,0,effective_residential_rate,0,< 0.08
l0_pce_rate_line.csv,A3310900616225003,1306,residential_rate,0,effective_residential_rate,0,< 0.08
l0_pce_rate_line.csv,A3310900617225003,1308,residential_rate,0,effective_residential_rate,0,< 0.08
l0_pce_rate_line.csv,A3310900621225003,1313,residential_rate,0,effective_residential_rate,0,< 0.08
l0_pce_rate_line.csv,A3310900721225003,1325,residential_rate,0,effective_residential_rate,0,< 0.08
l0_pce_rate_line.csv,A3310900816225003,1332,residential_rate,0,effective_residential_rate,0,< 0.08
l0_pce_rate_line.csv,A3310900818225003,1335,residential_rate,0,effective_residential_rate,0,< 0.08
l0_pce_rate_line.csv,A3310900821225003,1339,residential_rate,0,effective_residential_rate,0,< 0.08
l0_pce_rate_line.csv,A3310900917225003,1347,residential_rate,0,effective_residential_rate,0,< 0.08
l0_pce_rate_line.csv,A3310900917225003,1348,residential_rate,0,effective_residential_rate,0,< 0.08
l0_pce_rate_line.csv,A3310900921225003,1353,residential_rate,0,effective_residential_rate,0,< 0.08
l0_pce_rate_line.csv,A3310901021225003,1365,residential_rate,0,effective_residential_rate,0,< 0.08
l0_pce_rate_line.csv,A3310901118225003,1374,residential_rate,0,effective_residential_rate,0,< 0.08
l0_pce_rate_line.csv,A3310901118225003,1375,residential_rate,0,effective_residential_rate,0,< 0.08
l0_pce_rate_line.csv,A3310901216225003,1385,residential_rate,0,effective_residential_rate,0,< 0.08
l0_pce_rate_line.csv,A3311000120225003,1400,residential_rate,0,effective_residential_rate,0,< 0.08
l0_pce_rate_line.csv,A3311000317225003,1419,residential_rate,0,effective_residential_rate,0,< 0.08
l0_pce_rate_line.csv,A3311000420225003,1433,residential_rate,0,effective_residential_rate,0,< 0.08
l0_pce_rate_line.csv,A3311000717225003,1464,residential_rate,0,effective_residential_rate,0,< 0.08
l0_pce_rate_line.csv,A3311000817225003,1476,residential_rate,0,effective_residential_rate,0,< 0.08
l0_pce_rate_line.csv,A3311000821225003,1481,residential_rate,0,effective_residential_rate,0,< 0.08
l0_pce_rate_line.csv,A3311100116225003,1530,residential_rate,0,effective_residential_rate,0,< 0.08
l0_pce_rate_line.csv,A3311100120225003,1535,residential_rate,0,effective_residential_rate,0,< 0.08
l0_pce_rate_line.csv,A3311100217225003,1544,residential_rate,0,effective_residential_rate,0,< 0.08
l0_pce_rate_line.csv,A3311100219225003,1547,residential_rate,0,effective_residential_rate,0,< 0.08
l0_pce_rate_line.csv,A3311100317225003,1557,residential_rate,0,effective_residential_rate,0,< 0.08
l0_pce_rate_line.csv,A3311100417225003,1569,residential_rate,0,effective_residential_rate,0,< 0.08
l0_pce_rate_line.csv,A3311100418225003,1571,residential_rate,0,effective_residential_rate,0,< 0.08
l0_pce_rate_line.csv,A3311100420225003,1574,residential_rate,0,effective_residential_rate,0,< 0.08
l0_pce_rate_line.csv,A3311100422225003,1577,residential_rate,0,effective_residential_rate,0,< 0.08
l0_pce_rate_line.csv,A3311100516225003,1583,residential_rate,0,effective_residential_rate,0,< 0.08
l0_pce_rate_line.csv,A3311100517225003,1585,residential_rate,0,effective_residential_rate,0,< 0.08
l0_pce_rate_line.csv,A3311100716225003,1607,residential_rate,0,effective_residential_rate,0,< 0.08
l0_pce_rate_line.csv,A3311100717225003,1609,residential_rate,0,effective_residential_rate,0,< 0.08
l0_pce_rate_line.csv,A3311100817225003,1621,residential_rate,0,effective_residential_rate,0,< 0.08
l0_pce_rate_line.csv,A3311100925225003,1642,residential_rate,0,effective_residential_rate,0,< 0.08
l0_pce_rate_line.csv,A3311101216225003,1668,residential_rate,0,effective_residential_rate,0,< 0.08
l0_pce_rate_line.csv,A3311101216225003,1669,residential_rate,0,effective_residential_rate,0,< 0.08
l0_pce_rate_line.csv,A3311200116225003,1680,residential_rate,0,effective_residential_rate,0,< 0.08
l0_pce_rate_line.csv,A3311200118225003,1683,residential_rate,0,effective_residential_rate,0,< 0.08
l0_pce_rate_line.csv,A3311200120225003,1686,residential_rate,0,effective_residential_rate,0,< 0.08
l0_pce_rate_line.csv,A3311200121225003,1688,residential_rate,0,effective_residential_rate,0,< 0.08
l0_pce_rate_line.csv,A3311200216225003,1695,residential_rate,0,effective_residential_rate,0,< 0.08
l0_pce_rate_line.csv,A3311200217225003,1697,residential_rate,0,effective_residential_rate,0,< 0.08
l0_pce_rate_line.csv,A3311200219225003,1700,residential_rate,0,effective_residential_rate,0,< 0.08
l0_pce_rate_line.csv,A3311200221225003,1703,residential_rate,0,effective_residential_rate,0,< 0.08
l0_pce_rate_line.csv,A3311200317225003,1711,residential_rate,0,effective_residential_rate,0,< 0.08
l0_pce_rate_line.csv,A3311200321225003,1716,residential_rate,0,effective_residential_rate,0,< 0.08
l0_pce_rate_line.csv,A3311200417225003,1724,residential_rate,0,effective_residential_rate,0,< 0.08
l0_pce_rate_line.csv,A3311200420225003,1728,residential_rate,0,effective_residential_rate,0,< 0.08
l0_pce_rate_line.csv,A3311200421225003,1730,residential_rate,0,effective_residential_rate,0,< 0.08
l0_pce_rate_line.csv,A3311200516225003,1737,residential_rate,0,effective_residential_rate,0,< 0.08
l0_pce_rate_line.csv,A3311200517225003,1739,residential_rate,0,effective_residential_rate,0,< 0.08
l0_pce_rate_line.csv,A3311200519225003,1742,residential_rate,0,effective_residential_rate,0,< 0.08
l0_pce_rate_line.csv,A3311200521225003,1745,residential_rate,0,effective_residential_rate,0,< 0.08
l0_pce_rate_line.csv,A3311200617225003,1754,residential_rate,0,effective_residential_rate,0,< 0.08
l0_pce_rate_line.csv,A3311200621225003,1759,residential_rate,0,effective_residential_rate,0,< 0.08
l0_pce_rate_line.csv,A3311200717225003,1767,residential_rate,0,effective_residential_rate,0,< 0.08
l0_pce_rate_line.csv,A3311200721225003,1772,residential_rate,0,effective_residential_rate,0,< 0.08
l0_pce_rate_line.csv,A3311200817225003,1780,residential_rate,0,effective_residential_rate,0,< 0.08
l0_pce_rate_line.csv,A3311200820225003,1784,residential_rate,0,effective_residential_rate,0,< 0.08
l0_pce_rate_line.csv,A3311200917225003,1793,residential_rate,0,effective_residential_rate,0,< 0.08
l0_pce_rate_line.csv,A3311200917225003,1794,residential_rate,0,effective_residential_rate,0,< 0.08
l0_pce_rate_line.csv,A3311200918225003,1796,residential_rate,0,effective_residential_rate,0,< 0.08
l0_pce_rate_line.csv,A3311201017225003,1807,residential_rate,0,effective_residential_rate,0,< 0.08
l0_pce_rate_line.csv,A3311201018225003,1809,residential_rate,0,effective_residential_rate,0,< 0.08
l0_pce_rate_line.csv,A3311201120225003,1824,residential_rate,0,effective_residential_rate,0,< 0.08
l0_pce_rate_line.csv,A3311201216225003,1832,residential_rate,0,effective_residential_rate,0,< 0.08
l0_pce_rate_line.csv,A3311300120225003,1845,residential_rate,0,effective_residential_rate,0,< 0.08
l0_pce_rate_line.csv,A3311300218225003,1853,residential_rate,0,effective_residential_rate,0,< 0.08
l0_pce_rate_line.csv,A3311300318225003,1863,residential_rate,0,effective_residential_rate,0,< 0.08
l0_pce_rate_line.csv,A3311300418225003,1873,residential_rate,0,effective_residential_rate,0,< 0.08
l0_pce_rate_line.csv,A3311300420225003,1876,residential_rate,0,effective_residential_rate,0,< 0.08
l0_pce_rate_line.csv,A3311300518225003,1884,residential_rate,0,effective_residential_rate,0,< 0.08
l0_pce_rate_line.csv,A3311300618225003,1894,residential_rate,0,effective_residential_rate,0,< 0.08
l0_pce_rate_line.csv,A3311300718225003,1905,residential_rate,0,effective_residential_rate,0,< 0.08
l0_pce_rate_line.csv,A3311300817225003,1915,residential_rate,0,effective_residential_rate,0,< 0.08
l0_pce_rate_line.csv,A3311300917225003,1926,residential_rate,0,effective_residential_rate,0,< 0.08
l0_pce_rate_line.csv,A3311300918225003,1928,residential_rate,0,effective_residential_rate,0,< 0.08
l0_pce_rate_line.csv,A3311400117225003,1966,residential_rate,0,effective_residential_rate,0,< 0.08
l0_pce_rate_line.csv,A3311400120225003,1970,residential_rate,0,effective_residential_rate,0,< 0.08
l0_pce_rate_line.csv,A3311400121225003,1972,residential_rate,0,effective_residential_rate,0,< 0.08
l0_pce_rate_line.csv,A3311400217225003,1979,residential_rate,0,effective_residential_rate,0,< 0.08
l0_pce_rate_line.csv,A3311400221225003,1984,residential_rate,0,effective_residential_rate,0,< 0.08
l0_pce_rate_line.csv,A3311400321225003,1995,residential_rate,0,effective_residential_rate,0,< 0.08
l0_pce_rate_line.csv,A3311400417225003,2002,residential_rate,0,effective_residential_rate,0,< 0.08
l0_pce_rate_line.csv,A3311400420225003,2006,residential_rate,0,effective_residential_rate,0,< 0.08
l0_pce_rate_line.csv,A3311400421225003,2008,residential_rate,0,effective_residential_rate,0,< 0.08
l0_pce_rate_line.csv,A3311400517225003,2016,residential_rate,0,effective_residential_rate,0,< 0.08
l0_pce_rate_line.csv,A3311400521225003,2021,residential_rate,0,effective_residential_rate,0,< 0.08
l0_pce_rate_line.csv,A3311400617225003,2029,residential_rate,0,effective_residential_rate,0,< 0.08
l0_pce_rate_line.csv,A3311400621225003,2034,residential_rate,0,effective_residential_rate,0,< 0.08
l0_pce_rate_line.csv,A3311400717225003,2042,residential_rate,0,effective_residential_rate,0,< 0.08
l0_pce_rate_line.csv,A3311400721225003,2047,residential_rate,0,effective_residential_rate,0,< 0.08
l0_pce_rate_line.csv,A3311400817225003,2055,residential_rate,0,effective_residential_rate,0,< 0.08
l0_pce_rate_line.csv,A3311400818225003,2057,residential_rate,0,effective_residential_rate,0,< 0.08
l0_pce_rate_line.csv,A3311400820225003,2060,residential_rate,0,effective_residential_rate,0,< 0.08
l0_pce_rate_line.csv,A3311400821225003,2062,residential_rate,0,effective_residential_rate,0,< 0.08
l0_pce_rate_line.csv,A3311400917225003,2070,residential_rate,0,effective_residential_rate,0,< 0.08
l0_pce_rate_line.csv,A3311400917225003,2071,residential_rate,0,effective_residential_rate,0,< 0.08
l0_pce_rate_line.csv,A3311400921225003,2076,residential_rate,0,effective_residential_rate,0,< 0.08
l0_pce_rate_line.csv,A3311401021225003,2088,residential_rate,0,effective_residential_rate,0,< 0.08
l0_pce_rate_line.csv,A3311401116225003,2095,residential_rate,0,effective_residential_rate,0,< 0.08
l0_pce_rate_line.csv,A3311401118225003,2098,residential_rate,0,effective_residential_rate,0,< 0.08
l0_pce_rate_line.csv,A3311401216225003,2107,residential_rate,0,effective_residential_rate,0,< 0.08
l0_pce_rate_line.csv,A3311500117225003,2118,residential_rate,0,effective_residential_rate,0,< 0.08
l0_pce_rate_line.csv,A3311500120225003,2122,residential_rate,0,effective_residential_rate,0,< 0.08
l0_pce_rate_line.csv,A3311500121225003,2124,residential_rate,0,effective_residential_rate,0,< 0.08
l0_pce_rate_line.csv,A3311500221225003,2135,residential_rate,0,effective_residential_rate,0,< 0.08
l0_pce_rate_line.csv,A3311500317225003,2142,residential_rate,0,effective_residential_rate,0,< 0.08
l0_pce_rate_line.csv,A3311500321225003,2147,residential_rate,0,effective_residential_rate,0,< 0.08
l0_pce_rate_line.csv,A3311500417225003,2154,residential_rate,0,effective_residential_rate,0,< 0.08
l0_pce_rate_line.csv,A3311500420225003,2158,residential_rate,0,effective_residential_rate,0,< 0.08
l0_pce_rate_line.csv,A3311500421225003,2160,residential_rate,0,effective_residential_rate,0,< 0.08
l0_pce_rate_line.csv,A3311500516225003,2167,residential_rate,0,effective_residential_rate,0,< 0.08
l0_pce_rate_line.csv,A3311500517225003,2169,residential_rate,0,effective_residential_rate,0,< 0.08
l0_pce_rate_line.csv,A3311500521225003,2174,residential_rate,0,effective_residential_rate,0,< 0.08
l0_pce_rate_line.csv,A3311500617225003,2182,residential_rate,0,effective_residential_rate,0,< 0.08
l0_pce_rate_line.csv,A3311500621225003,2187,residential_rate,0,effective_residential_rate,0,< 0.08
l0_pce_rate_line.csv,A3311500717225003,2195,residential_rate,0,effective_residential_rate,0,< 0.08
l0_pce_rate_line.csv,A3311500721225003,2200,residential_rate,0,effective_residential_rate,0,< 0.08
l0_pce_rate_line.csv,A3311500817225003,2208,residential_rate,0,effective_residential_rate,0,< 0.08
l0_pce_rate_line.csv,A3311500821225003,2213,residential_rate,0,effective_residential_rate,0,< 0.08
l0_pce_rate_line.csv,A3311500917225003,2221,residential_rate,0,effective_residential_rate,0,< 0.08
l0_pce_rate_line.csv,A3311500917225003,2222,residential_rate,0,effective_residential_rate,0,< 0.08
l0_pce_rate_line.csv,A3311500921225003,2227,residential_rate,0,effective_residential_rate,0,< 0.08
l0_pce_rate_line.csv,A3311501018225003,2236,residential_rate,0,effective_residential_rate,0,< 0.08
l0_pce_rate_line.csv,A3311501021225003,2240,residential_rate,0,effective_residential_rate,0,< 0.08
l0_pce_rate_line.csv,A3311550117225003,2267,residential_rate,0,effective_residential_rate,0,< 0.08
l0_pce_rate_line.csv,A3311550120225003,2271,residential_rate,0,effective_residential_rate,0,< 0.08
l0_pce_rate_line.csv,A3311550121225003,2273,residential_rate,0,effective_residential_rate,0,< 0.08
l0_pce_rate_line.csv,A3311550217225003,2280,residential_rate,0,effective_residential_rate,0,< 0.08
l0_pce_rate_line.csv,A3311550221225003,2285,residential_rate,0,effective_residential_rate,0,< 0.08
l0_pce_rate_line.csv,A3311550317225003,2292,residential_rate,0,effective_residential_rate,0,< 0.08
l0_pce_rate_line.csv,A3311550321225003,2297,residential_rate,0,effective_residential_rate,0,< 0.08
l0_pce_rate_line.csv,A3311550417225003,2304,residential_rate,0,effective_residential_rate,0,< 0.08
l0_pce_rate_line.csv,A3311550419225003,2307,residential_rate,0,effective_residential_rate,0,< 0.08
l0_pce_rate_line.csv,A3311550420225003,2309,residential_rate,0,effective_residential_rate,0,< 0.08
l0_pce_rate_line.csv,A3311550421225003,2311,residential_rate,0,effective_residential_rate,-1e-04,< 0.08
l0_pce_rate_line.csv,A3311550517225003,2319,residential_rate,0,effective_residential_rate,0,< 0.08
l0_pce_rate_line.csv,A3311550521225003,2324,residential_rate,0,effective_residential_rate,0,< 0.08
l0_pce_rate_line.csv,A3311550617225003,2332,residential_rate,0,effective_residential_rate,0,< 0.08
l0_pce_rate_line.csv,A3311550621225003,2337,residential_rate,0,effective_residential_rate,0,< 0.08
l0_pce_rate_line.csv,A3311550717225003,2345,residential_rate,0,effective_residential_rate,0,< 0.08
l0_pce_rate_line.csv,A3311550721225003,2350,residential_rate,0,effective_residential_rate,0,< 0.08
l0_pce_rate_line.csv,A3311550817225003,2358,residential_rate,0,effective_residential_rate,0,< 0.08
l0_pce_rate_line.csv,A3311550821225003,2363,residential_rate,0,effective_residential_rate,0,< 0.08
l0_pce_rate_line.csv,A3311550916225003,2370,residential_rate,0,effective_residential_rate,0,< 0.08
l0_pce_rate_line.csv,A3311550917225003,2372,residential_rate,0,effective_residential_rate,0,< 0.08
l0_pce_rate_line.csv,A3311550917225003,2373,residential_rate,0,effective_residential_rate,0,< 0.08
l0_pce_rate_line.csv,A3311550921225003,2378,residential_rate,0,effective_residential_rate,0,< 0.08
l0_pce_rate_line.csv,A3311551018225003,2387,residential_rate,0,effective_residential_rate,0,< 0.08
l0_pce_rate_line.csv,A3311551021225003,2391,residential_rate,0,effective_residential_rate,0,< 0.08
l0_pce_rate_line.csv,A3311551116225003,2398,residential_rate,0,effective_residential_rate,0,< 0.08
l0_pce_rate_line.csv,A3311551118225003,2401,residential_rate,0,effective_residential_rate,0,< 0.08
l0_pce_rate_line.csv,A3311600120225003,2423,residential_rate,0,effective_residential_rate,0,< 0.08
l0_pce_rate_line.csv,A3311600217225003,2431,residential_rate,0,effective_residential_rate,0,< 0.08
l0_pce_rate_line.csv,A3311600317225003,2443,residential_rate,0,effective_residential_rate,0,< 0.08
l0_pce_rate_line.csv,A3311600417225003,2454,residential_rate,0,effective_residential_rate,0,< 0.08
l0_pce_rate_line.csv,A3311600420225003,2458,residential_rate,0,effective_residential_rate,0,< 0.08
l0_pce_rate_line.csv,A3311600517225003,2467,residential_rate,0,effective_residential_rate,0,< 0.08
l0_pce_rate_line.csv,A3311600716225003,2489,residential_rate,0,effective_residential_rate,0,< 0.08
l0_pce_rate_line.csv,A3311600717225003,2491,residential_rate,0,effective_residential_rate,0,< 0.08
l0_pce_rate_line.csv,A3311600817225003,2503,residential_rate,0,effective_residential_rate,0,< 0.08
l0_pce_rate_line.csv,A3311600818225003,2505,residential_rate,0,effective_residential_rate,0,< 0.08
l0_pce_rate_line.csv,A3311601018225003,2529,residential_rate,0,effective_residential_rate,0,< 0.08
l0_pce_rate_line.csv,A3311601216225003,2550,residential_rate,0,effective_residential_rate,0,< 0.08
l0_pce_rate_line.csv,A3311700117225003,2561,residential_rate,0,effective_residential_rate,0,< 0.08
l0_pce_rate_line.csv,A3311700120225003,2565,residential_rate,0,effective_residential_rate,0,< 0.08
l0_pce_rate_line.csv,A3311700121225003,2567,residential_rate,0,effective_residential_rate,0,< 0.08
l0_pce_rate_line.csv,A3311700217225003,2574,residential_rate,0,effective_residential_rate,0,< 0.08
l0_pce_rate_line.csv,A3311700221225003,2579,residential_rate,0,effective_residential_rate,0,< 0.08
l0_pce_rate_line.csv,A3311700317225003,2587,residential_rate,0,effective_residential_rate,0,< 0.08
l0_pce_rate_line.csv,A3311700321225003,2592,residential_rate,0,effective_residential_rate,0,< 0.08
l0_pce_rate_line.csv,A3311700417225003,2599,residential_rate,0,effective_residential_rate,0,< 0.08
l0_pce_rate_line.csv,A3311700420225003,2603,residential_rate,0,effective_residential_rate,0,< 0.08
l0_pce_rate_line.csv,A3311700421225003,2605,residential_rate,0,effective_residential_rate,0,< 0.08
l0_pce_rate_line.csv,A3311700517225003,2613,residential_rate,0,effective_residential_rate,0,< 0.08
l0_pce_rate_line.csv,A3311700521225003,2618,residential_rate,0,effective_residential_rate,0,< 0.08
l0_pce_rate_line.csv,A3311700617225003,2626,residential_rate,0,effective_residential_rate,0,< 0.08
l0_pce_rate_line.csv,A3311700621225003,2631,residential_rate,0,effective_residential_rate,0,< 0.08
l0_pce_rate_line.csv,A3311700717225003,2639,residential_rate,0,effective_residential_rate,0,< 0.08
l0_pce_rate_line.csv,A3311700721225003,2644,residential_rate,0,effective_residential_rate,0,< 0.08
l0_pce_rate_line.csv,A3311700817225003,2652,residential_rate,0,effective_residential_rate,0,< 0.08
l0_pce_rate_line.csv,A3311700821225003,2657,residential_rate,0,effective_residential_rate,0,< 0.08
l0_pce_rate_line.csv,A3311700917225003,2665,residential_rate,0,effective_residential_rate,0,< 0.08
l0_pce_rate_line.csv,A3311700917225003,2666,residential_rate,0,effective_residential_rate,0,< 0.08
l0_pce_rate_line.csv,A3311700921225003,2671,residential_rate,0,effective_residential_rate,0,< 0.08
l0_pce_rate_line.csv,A3311701017225003,2679,residential_rate,0,effective_residential_rate,0,< 0.08
l0_pce_rate_line.csv,A3311701018225003,2681,residential_rate,0,effective_residential_rate,0,< 0.08
l0_pce_rate_line.csv,A3311701021225003,2685,residential_rate,0,effective_residential_rate,0,< 0.08
l0_pce_rate_line.csv,A3311701116225003,2692,residential_rate,0,effective_residential_rate,0,< 0.08
l0_pce_rate_line.csv,A3311701216225003,2703,residential_rate,0,effective_residential_rate,0,< 0.08
l0_pce_rate_line.csv,A3311800117225003,2714,residential_rate,0,effective_residential_rate,0,< 0.08
l0_pce_rate_line.csv,A3311800120225003,2718,residential_rate,0,effective_residential_rate,0,< 0.08
l0_pce_rate_line.csv,A3311800122225003,2721,residential_rate,0,effective_residential_rate,0,< 0.08
l0_pce_rate_line.csv,A3311800217225003,2727,residential_rate,0,effective_residential_rate,0,< 0.08
l0_pce_rate_line.csv,A3311800317225003,2739,residential_rate,0,effective_residential_rate,0,< 0.08
l0_pce_rate_line.csv,A3311800417225003,2750,residential_rate,0,effective_residential_rate,0,< 0.08
l0_pce_rate_line.csv,A3311800420225003,2754,residential_rate,0,effective_residential_rate,0,< 0.08
l0_pce_rate_line.csv,A3311800421225003,2756,residential_rate,0,effective_residential_rate,0,< 0.08
l0_pce_rate_line.csv,A3311800517225003,2765,residential_rate,0,effective_residential_rate,0,< 0.08
l0_pce_rate_line.csv,A3311800617225003,2777,residential_rate,0,effective_residential_rate,0,< 0.08
l0_pce_rate_line.csv,A3311800618225003,2778,residential_rate,0,effective_residential_rate,0,< 0.08
l0_pce_rate_line.csv,A3311800618225003,2779,residential_rate,0,effective_residential_rate,0,< 0.08
l0_pce_rate_line.csv,A3311800716225003,2790,residential_rate,0,effective_residential_rate,0,< 0.08
l0_pce_rate_line.csv,A3311800817225003,2803,residential_rate,0,effective_residential_rate,0,< 0.08
l0_pce_rate_line.csv,A3311800817225003,2804,residential_rate,0,effective_residential_rate,0,< 0.08
l0_pce_rate_line.csv,A3311800917225003,2816,residential_rate,0,effective_residential_rate,0,< 0.08
l0_pce_rate_line.csv,A3311800918225003,2818,residential_rate,0,effective_residential_rate,0,< 0.08
l0_pce_rate_line.csv,A3311800925225003,2827,residential_rate,0,effective_residential_rate,0,< 0.08
l0_pce_rate_line.csv,A3311801216225003,2852,residential_rate,0,effective_residential_rate,0,< 0.08
l0_pce_rate_line.csv,A3311801220225003,2857,residential_rate,0,effective_residential_rate,0,< 0.08
l0_pce_rate_line.csv,A3311900120225003,2867,residential_rate,0,effective_residential_rate,0,< 0.08
l0_pce_rate_line.csv,A3311900121225003,2869,residential_rate,0,effective_residential_rate,0,< 0.08
l0_pce_rate_line.csv,A3311900217225003,2876,residential_rate,0,effective_residential_rate,0,< 0.08
l0_pce_rate_line.csv,A3311900219225003,2879,residential_rate,0,effective_residential_rate,0,< 0.08
l0_pce_rate_line.csv,A3311900220225003,2881,residential_rate,0,effective_residential_rate,0,< 0.08
l0_pce_rate_line.csv,A3311900221225003,2883,residential_rate,0,effective_residential_rate,0,< 0.08
l0_pce_rate_line.csv,A3311900317225003,2891,residential_rate,0,effective_residential_rate,0,< 0.08
l0_pce_rate_line.csv,A3311900319225003,2894,residential_rate,0,effective_residential_rate,0,< 0.08
l0_pce_rate_line.csv,A3311900321225003,2897,residential_rate,0,effective_residential_rate,0,< 0.08
l0_pce_rate_line.csv,A3311900417225003,2904,residential_rate,0,effective_residential_rate,0,< 0.08
l0_pce_rate_line.csv,A3311900420225003,2908,residential_rate,0,effective_residential_rate,0,< 0.08
l0_pce_rate_line.csv,A3311900421225003,2910,residential_rate,0,effective_residential_rate,0,< 0.08
l0_pce_rate_line.csv,A3311900516225003,2917,residential_rate,0,effective_residential_rate,0,< 0.08
l0_pce_rate_line.csv,A3311900517225003,2919,residential_rate,0,effective_residential_rate,0,< 0.08
l0_pce_rate_line.csv,A3311900521225003,2924,residential_rate,0,effective_residential_rate,0,< 0.08
l0_pce_rate_line.csv,A3311900617225003,2933,residential_rate,0,effective_residential_rate,0,< 0.08
l0_pce_rate_line.csv,A3311900621225003,2938,residential_rate,0,effective_residential_rate,0,< 0.08
l0_pce_rate_line.csv,A3311900717225003,2947,residential_rate,0,effective_residential_rate,0,< 0.08
l0_pce_rate_line.csv,A3311900721225003,2952,residential_rate,0,effective_residential_rate,0,< 0.08
l0_pce_rate_line.csv,A3311900816225003,2960,residential_rate,0,effective_residential_rate,0,< 0.08
l0_pce_rate_line.csv,A3311900817225003,2962,residential_rate,0,effective_residential_rate,0,< 0.08
l0_pce_rate_line.csv,A3311900821225003,2967,residential_rate,0,effective_residential_rate,0,< 0.08
l0_pce_rate_line.csv,A3311900917225003,2976,residential_rate,0,effective_residential_rate,0,< 0.08
l0_pce_rate_line.csv,A3311900917225003,2977,residential_rate,0,effective_residential_rate,0,< 0.08
l0_pce_rate_line.csv,A3311901018225003,2990,residential_rate,0,effective_residential_rate,0,< 0.08
l0_pce_rate_line.csv,A3311901116225003,3000,residential_rate,0,effective_residential_rate,0,< 0.08
l0_pce_rate_line.csv,A3311901118225003,3003,residential_rate,0,effective_residential_rate,0,< 0.08
l0_pce_rate_line.csv,A3311950117225003,3023,residential_rate,0,effective_residential_rate,0,< 0.08
l0_pce_rate_line.csv,A3311950120225003,3027,residential_rate,0,effective_residential_rate,0,< 0.08
l0_pce_rate_line.csv,A3311950217225003,3035,residential_rate,0,effective_residential_rate,0,< 0.08
l0_pce_rate_line.csv,A3311950317225003,3046,residential_rate,0,effective_residential_rate,0,< 0.08
l0_pce_rate_line.csv,A3311950517225003,3067,residential_rate,0,effective_residential_rate,0,< 0.08
l0_pce_rate_line.csv,A3311950617225003,3079,residential_rate,0,effective_residential_rate,0,< 0.08
l0_pce_rate_line.csv,A3311950717225003,3091,residential_rate,0,effective_residential_rate,0,< 0.08
l0_pce_rate_line.csv,A3311950720225003,3095,residential_rate,0,effective_residential_rate,0,< 0.08
l0_pce_rate_line.csv,A3311950817225003,3104,residential_rate,0,effective_residential_rate,0,< 0.08
l0_pce_rate_line.csv,A3311951216225003,3147,residential_rate,0,effective_residential_rate,0,< 0.08
l0_pce_rate_line.csv,A3312000117225003,3160,residential_rate,0,effective_residential_rate,0,< 0.08
l0_pce_rate_line.csv,A3312000120225003,3164,residential_rate,0,effective_residential_rate,0,< 0.08
l0_pce_rate_line.csv,A3312000217225003,3172,residential_rate,0,effective_residential_rate,0,< 0.08
l0_pce_rate_line.csv,A3312000219225003,3175,residential_rate,0,effective_residential_rate,0,< 0.08
l0_pce_rate_line.csv,A3312000317225003,3184,residential_rate,0,effective_residential_rate,0,< 0.08
l0_pce_rate_line.csv,A3312000420225003,3198,residential_rate,0,effective_residential_rate,0,< 0.08
l0_pce_rate_line.csv,A3312000516225003,3206,residential_rate,0,effective_residential_rate,0,< 0.08
l0_pce_rate_line.csv,A3312000716225003,3229,residential_rate,0,effective_residential_rate,0,< 0.08
l0_pce_rate_line.csv,A3312000817225003,3243,residential_rate,0,effective_residential_rate,0,< 0.08
l0_pce_rate_line.csv,A3312000821225003,3248,residential_rate,0,effective_residential_rate,0,< 0.08
l0_pce_rate_line.csv,A3312001018225003,3268,residential_rate,0,effective_residential_rate,0,< 0.08
l0_pce_rate_line.csv,A3312001216225003,3289,residential_rate,0,effective_residential_rate,0,< 0.08
l0_pce_rate_line.csv,A3312100117225003,3300,residential_rate,0,effective_residential_rate,0,< 0.08
l0_pce_rate_line.csv,A3312100120225003,3304,residential_rate,0,effective_residential_rate,0,< 0.08
l0_pce_rate_line.csv,A3312100121225003,3306,residential_rate,0,effective_residential_rate,0,< 0.08
l0_pce_rate_line.csv,A3312100217225003,3313,residential_rate,0,effective_residential_rate,0,< 0.08
l0_pce_rate_line.csv,A3312100221225003,3318,residential_rate,0,effective_residential_rate,0,< 0.08
l0_pce_rate_line.csv,A3312100317225003,3325,residential_rate,0,effective_residential_rate,0,< 0.08
l0_pce_rate_line.csv,A3312100321225003,3330,residential_rate,0,effective_residential_rate,0,< 0.08
l0_pce_rate_line.csv,A3312100417225003,3337,residential_rate,0,effective_residential_rate,0,< 0.08
l0_pce_rate_line.csv,A3312100420225003,3341,residential_rate,0,effective_residential_rate,0,< 0.08
l0_pce_rate_line.csv,A3312100421225003,3343,residential_rate,0,effective_residential_rate,0,< 0.08
l0_pce_rate_line.csv,A3312100517225003,3351,residential_rate,0,effective_residential_rate,0,< 0.08
l0_pce_rate_line.csv,A3312100517225003,3352,residential_rate,0,effective_residential_rate,0,< 0.08
l0_pce_rate_line.csv,A3312100521225003,3357,residential_rate,0,effective_residential_rate,0,< 0.08
l0_pce_rate_line.csv,A3312100617225003,3365,residential_rate,0,effective_residential_rate,0,< 0.08
l0_pce_rate_line.csv,A3312100617225003,3366,residential_rate,0,effective_residential_rate,0,< 0.08
l0_pce_rate_line.csv,A3312100621225003,3371,residential_rate,0,effective_residential_rate,0,< 0.08
l0_pce_rate_line.csv,A3312100717225003,3379,residential_rate,0,effective_residential_rate,0,< 0.08
l0_pce_rate_line.csv,A3312100721225003,3384,residential_rate,0,effective_residential_rate,0,< 0.08
l0_pce_rate_line.csv,A3312100817225003,3392,residential_rate,0,effective_residential_rate,0,< 0.08
l0_pce_rate_line.csv,A3312100821225003,3397,residential_rate,0,effective_residential_rate,0,< 0.08
l0_pce_rate_line.csv,A3312100917225003,3405,residential_rate,0,effective_residential_rate,0,< 0.08
l0_pce_rate_line.csv,A3312100917225003,3406,residential_rate,0,effective_residential_rate,0,< 0.08
l0_pce_rate_line.csv,A3312100921225003,3411,residential_rate,0,effective_residential_rate,0,< 0.08
l0_pce_rate_line.csv,A3312101018225003,3420,residential_rate,0,effective_residential_rate,0,< 0.08
l0_pce_rate_line.csv,A3312101021225003,3424,residential_rate,0,effective_residential_rate,0,< 0.08
l0_pce_rate_line.csv,A3312101118225003,3433,residential_rate,0,effective_residential_rate,0,< 0.08
l0_pce_rate_line.csv,A3312200120225003,3455,residential_rate,0,effective_residential_rate,0,< 0.08
l0_pce_rate_line.csv,A3312200217225003,3463,residential_rate,0,effective_residential_rate,0,< 0.08
l0_pce_rate_line.csv,A3312200218225003,3465,residential_rate,0,effective_residential_rate,0,< 0.08
l0_pce_rate_line.csv,A3312200219225003,3467,residential_rate,0,effective_residential_rate,0,< 0.08
l0_pce_rate_line.csv,A3312200317225003,3476,residential_rate,0,effective_residential_rate,0,< 0.08
l0_pce_rate_line.csv,A3312200317225003,3477,residential_rate,0,effective_residential_rate,0,< 0.08
l0_pce_rate_line.csv,A3312200319225003,3480,residential_rate,0,effective_residential_rate,0,< 0.08
l0_pce_rate_line.csv,A3312200321225003,3483,residential_rate,0,effective_residential_rate,0,< 0.08
l0_pce_rate_line.csv,A3312200417225003,3490,residential_rate,0,effective_residential_rate,0,< 0.08
l0_pce_rate_line.csv,A3312200418225003,3492,residential_rate,0,effective_residential_rate,0,< 0.08
l0_pce_rate_line.csv,A3312200420225003,3495,residential_rate,0,effective_residential_rate,0,< 0.08
l0_pce_rate_line.csv,A3312200516225003,3503,residential_rate,0,effective_residential_rate,0,< 0.08
l0_pce_rate_line.csv,A3312200519225003,3507,residential_rate,0,effective_residential_rate,0,< 0.08
l0_pce_rate_line.csv,A3312200520225003,3509,residential_rate,0,effective_residential_rate,0,< 0.08
l0_pce_rate_line.csv,A3312200616225003,3518,residential_rate,0,effective_residential_rate,0,< 0.08
l0_pce_rate_line.csv,A3312200619225003,3522,residential_rate,0,effective_residential_rate,0,< 0.08
l0_pce_rate_line.csv,A3312200621225003,3525,residential_rate,0,effective_residential_rate,0,< 0.08
l0_pce_rate_line.csv,A3312200716225003,3532,residential_rate,0,effective_residential_rate,0,< 0.08
l0_pce_rate_line.csv,A3312200717225003,3534,residential_rate,0,effective_residential_rate,0,< 0.08
l0_pce_rate_line.csv,A3312200719225003,3537,residential_rate,0,effective_residential_rate,0,< 0.08
l0_pce_rate_line.csv,A3312200817225003,3547,residential_rate,0,effective_residential_rate,0,< 0.08
l0_pce_rate_line.csv,A3312200818225003,3549,residential_rate,0,effective_residential_rate,0,< 0.08
l0_pce_rate_line.csv,A3312200820225003,3552,residential_rate,0,effective_residential_rate,0,< 0.08
l0_pce_rate_line.csv,A3312200917225003,3561,residential_rate,0,effective_residential_rate,0,< 0.08
l0_pce_rate_line.csv,A3312200917225003,3562,residential_rate,0,effective_residential_rate,0,< 0.08
l0_pce_rate_line.csv,A3312201018225003,3576,residential_rate,0,effective_residential_rate,0,< 0.08
l0_pce_rate_line.csv,A3312201118225003,3589,residential_rate,0,effective_residential_rate,0,< 0.08
l0_pce_rate_line.csv,A3312300120225003,3614,residential_rate,0,effective_residential_rate,0,< 0.08
l0_pce_rate_line.csv,A3312300121225003,3616,residential_rate,0,effective_residential_rate,0,< 0.08
l0_pce_rate_line.csv,A3312300217225003,3623,residential_rate,0,effective_residential_rate,0,< 0.08
l0_pce_rate_line.csv,A3312300221225003,3628,residential_rate,0,effective_residential_rate,0,< 0.08
l0_pce_rate_line.csv,A3312300321225003,3640,residential_rate,0,effective_residential_rate,0,< 0.08
l0_pce_rate_line.csv,A3312300417225003,3647,residential_rate,0,effective_residential_rate,0,< 0.08
l0_pce_rate_line.csv,A3312300420225003,3651,residential_rate,0,effective_residential_rate,0,< 0.08
l0_pce_rate_line.csv,A3312300421225003,3653,residential_rate,0,effective_residential_rate,0,< 0.08
l0_pce_rate_line.csv,A3312300517225003,3661,residential_rate,0,effective_residential_rate,0,< 0.08
l0_pce_rate_line.csv,A3312300521225003,3666,residential_rate,0,effective_residential_rate,0,< 0.08
l0_pce_rate_line.csv,A3312300621225003,3678,residential_rate,0,effective_residential_rate,0,< 0.08
l0_pce_rate_line.csv,A3312300717225003,3686,residential_rate,0,effective_residential_rate,0,< 0.08
l0_pce_rate_line.csv,A3312300721225003,3691,residential_rate,0,effective_residential_rate,0,< 0.08
l0_pce_rate_line.csv,A3312300817225003,3699,residential_rate,0,effective_residential_rate,0,< 0.08
l0_pce_rate_line.csv,A3312300821225003,3704,residential_rate,0,effective_residential_rate,0,< 0.08
l0_pce_rate_line.csv,A3312300917225003,3712,residential_rate,0,effective_residential_rate,0,< 0.08
l0_pce_rate_line.csv,A3312300921225003,3717,residential_rate,0,effective_residential_rate,0,< 0.08
l0_pce_rate_line.csv,A3312301018225003,3726,residential_rate,0,effective_residential_rate,0,< 0.08
l0_pce_rate_line.csv,A3312301021225003,3730,residential_rate,0,effective_residential_rate,0,< 0.08
l0_pce_rate_line.csv,A3312301118225003,3739,residential_rate,0,effective_residential_rate,0,< 0.08
l0_pce_rate_line.csv,A3312400125225003,3785,residential_rate,0,effective_residential_rate,0,< 0.08
l0_pce_rate_line.csv,A3312400325225003,3846,residential_rate,0,effective_residential_rate,0,< 0.08
l0_pce_rate_line.csv,A3312400425225003,3877,residential_rate,0,effective_residential_rate,0,< 0.08
l0_pce_rate_line.csv,A3312400426225003,3880,residential_rate,0,effective_residential_rate,0,< 0.08
l0_pce_rate_line.csv,A3312400521225003,3899,residential_rate,0,effective_residential_rate,0,< 0.08
l0_pce_rate_line.csv,A3312400525225003,3909,residential_rate,0,effective_residential_rate,0,< 0.08
l0_pce_rate_line.csv,A3312400526225003,3912,residential_rate,0,effective_residential_rate,0,< 0.08
l0_pce_rate_line.csv,A3312400823225003,3996,residential_rate,0,effective_residential_rate,0,< 0.08
l0_pce_rate_line.csv,A3312400825225003,4001,residential_rate,0,effective_residential_rate,0,< 0.08
l0_pce_rate_line.csv,A3312400826225003,4004,residential_rate,0,effective_residential_rate,0,< 0.08
l0_pce_rate_line.csv,A3312400926225003,4035,residential_rate,0,effective_residential_rate,0,< 0.08
l0_pce_rate_line.csv,A3312401125225003,4093,residential_rate,0,effective_residential_rate,0,< 0.08
l0_pce_rate_line.csv,A3312500125225003,4149,residential_rate,0,effective_residential_rate,0,< 0.08
l0_pce_rate_line.csv,A3312500323225003,4203,residential_rate,0.8399,effective_residential_rate,-0.1601,< 0.08
l0_pce_rate_line.csv,A3312500323225003,4204,residential_rate,0.8399,effective_residential_rate,-0.1601,< 0.08
l0_pce_rate_line.csv,A3312500325225003,4210,residential_rate,0,effective_residential_rate,0,< 0.08
l0_pce_rate_line.csv,A3312500423225003,4234,residential_rate,0.8399,effective_residential_rate,0.0759,< 0.08
l0_pce_rate_line.csv,A3312500521225003,4261,residential_rate,0,effective_residential_rate,0,< 0.08
l0_pce_rate_line.csv,A3312500526225003,4273,residential_rate,0,effective_residential_rate,0,< 0.08
l0_pce_rate_line.csv,A3312500726225003,4334,residential_rate,0,effective_residential_rate,0,< 0.08
l0_pce_rate_line.csv,A3312500823225003,4358,residential_rate,0,effective_residential_rate,0,< 0.08
l0_pce_rate_line.csv,A3312500825225003,4363,residential_rate,0,effective_residential_rate,0,< 0.08
l0_pce_rate_line.csv,A3312501026225003,4423,residential_rate,0,effective_residential_rate,0,< 0.08
l0_pce_rate_line.csv,A3312501223225003,4473,residential_rate,0.858,effective_residential_rate,-0.142,< 0.08
l0_pce_rate_line.csv,A3312501223225003,4474,residential_rate,0.858,effective_residential_rate,-0.142,< 0.08
l0_pce_rate_line.csv,A3312600120225003,4494,residential_rate,0,effective_residential_rate,0,< 0.08
l0_pce_rate_line.csv,A3312600125225003,4508,residential_rate,0,effective_residential_rate,0,< 0.08
l0_pce_rate_line.csv,A3312600325225003,4569,residential_rate,0,effective_residential_rate,0,< 0.08
l0_pce_rate_line.csv,A3312600426225003,4602,residential_rate,0,effective_residential_rate,0,< 0.08
l0_pce_rate_line.csv,A3312600521225003,4621,residential_rate,0,effective_residential_rate,0,< 0.08
l0_pce_rate_line.csv,A3312600525225003,4631,residential_rate,0,effective_residential_rate,0,< 0.08
l0_pce_rate_line.csv,A3312600526225003,4634,residential_rate,0,effective_residential_rate,0,< 0.08
l0_pce_rate_line.csv,A3312600726225003,4694,residential_rate,0,effective_residential_rate,0,< 0.08
l0_pce_rate_line.csv,A3312600826225003,4725,residential_rate,0,effective_residential_rate,0,< 0.08
l0_pce_rate_line.csv,A3312600926225003,4756,residential_rate,0,effective_residential_rate,0,< 0.08
l0_pce_rate_line.csv,A3312601125225003,4814,residential_rate,0,effective_residential_rate,0,< 0.08
l0_pce_rate_line.csv,A3312700125225003,4870,residential_rate,0,effective_residential_rate,0,< 0.08
l0_pce_rate_line.csv,A3312700325225003,4931,residential_rate,0,effective_residential_rate,0,< 0.08
l0_pce_rate_line.csv,A3312700426225003,4964,residential_rate,0,effective_residential_rate,0,< 0.08
l0_pce_rate_line.csv,A3312700521225003,4983,residential_rate,0,effective_residential_rate,0,< 0.08
l0_pce_rate_line.csv,A3312700526225003,4995,residential_rate,0,effective_residential_rate,0,< 0.08
l0_pce_rate_line.csv,A3312700723225003,5049,residential_rate,0,effective_residential_rate,0,< 0.08
l0_pce_rate_line.csv,A3312700823225003,5079,residential_rate,0,effective_residential_rate,0,< 0.08
l0_pce_rate_line.csv,A3312700924225003,5112,residential_rate,0,effective_residential_rate,0,< 0.08
l0_pce_rate_line.csv,A3312701026225003,5147,residential_rate,0,effective_residential_rate,0,< 0.08
l0_pce_rate_line.csv,A3312800125225003,5230,residential_rate,0,effective_residential_rate,0,< 0.08
l0_pce_rate_line.csv,A3312800226225003,5263,residential_rate,0,effective_residential_rate,0,< 0.08
l0_pce_rate_line.csv,A3312800325225003,5292,residential_rate,0,effective_residential_rate,0,< 0.08
l0_pce_rate_line.csv,A3312800425225003,5323,residential_rate,0,effective_residential_rate,0,< 0.08
l0_pce_rate_line.csv,A3312800521225003,5344,residential_rate,0,effective_residential_rate,0,< 0.08
l0_pce_rate_line.csv,A3312800525225003,5354,residential_rate,0,effective_residential_rate,0,< 0.08
l0_pce_rate_line.csv,A3312800526225003,5357,residential_rate,0,effective_residential_rate,0,< 0.08
l0_pce_rate_line.csv,A3312800723225003,5411,residential_rate,0,effective_residential_rate,0,< 0.08
l0_pce_rate_line.csv,A3312800725225003,5416,residential_rate,0,effective_residential_rate,0,< 0.08
l0_pce_rate_line.csv,A3312800726225003,5419,residential_rate,0,effective_residential_rate,0,< 0.08
l0_pce_rate_line.csv,A3312900120225003,5579,residential_rate,0,effective_residential_rate,0,< 0.08
l0_pce_rate_line.csv,A3312900125225003,5593,residential_rate,0,effective_residential_rate,0,< 0.08
l0_pce_rate_line.csv,A3312900325225003,5654,residential_rate,0,effective_residential_rate,0,< 0.08
l0_pce_rate_line.csv,A3312900425225003,5685,residential_rate,0,effective_residential_rate,0,< 0.08
l0_pce_rate_line.csv,A3312900521225003,5706,residential_rate,0,effective_residential_rate,0,< 0.08
l0_pce_rate_line.csv,A3312900526225003,5718,residential_rate,0,effective_residential_rate,0,< 0.08
l0_pce_rate_line.csv,A3312900624225003,5745,residential_rate,0,effective_residential_rate,0,< 0.08
l0_pce_rate_line.csv,A3312900625225003,5748,residential_rate,0,effective_residential_rate,0,< 0.08
l0_pce_rate_line.csv,A3312900723225003,5774,residential_rate,0,effective_residential_rate,0,< 0.08
l0_pce_rate_line.csv,A3312900726225003,5781,residential_rate,0,effective_residential_rate,0,< 0.08
l0_pce_rate_line.csv,A3312901026225003,5871,residential_rate,0,effective_residential_rate,0,< 0.08
l0_pce_rate_line.csv,A3312901225225003,5926,residential_rate,0,effective_residential_rate,0,< 0.08
l0_pce_rate_line.csv,A3313000125225003,5955,residential_rate,0,effective_residential_rate,0,< 0.08
l0_pce_rate_line.csv,A3313000325225003,6016,residential_rate,0,effective_residential_rate,0,< 0.08
l0_pce_rate_line.csv,A3313000419225003,6031,residential_rate,0,effective_residential_rate,0,< 0.08
l0_pce_rate_line.csv,A3313000521225003,6068,residential_rate,0,effective_residential_rate,0,< 0.08
l0_pce_rate_line.csv,A3313000526225003,6080,residential_rate,0,effective_residential_rate,0,< 0.08
l0_pce_rate_line.csv,A3313000526225003,6081,residential_rate,0,effective_residential_rate,0,< 0.08
l0_pce_rate_line.csv,A3313000723225003,6135,residential_rate,0,effective_residential_rate,0,< 0.08
l0_pce_rate_line.csv,A3313000726225003,6142,residential_rate,0,effective_residential_rate,0,< 0.08
l0_pce_rate_line.csv,A3313000823225003,6166,residential_rate,0,effective_residential_rate,0,< 0.08
l0_pce_rate_line.csv,A3313100125225003,6315,residential_rate,0,effective_residential_rate,0,< 0.08
l0_pce_rate_line.csv,A3313100125225003,6316,residential_rate,0.01,effective_residential_rate,0.01,< 0.08
l0_pce_rate_line.csv,A3313100325225003,6377,residential_rate,0,effective_residential_rate,0,< 0.08
l0_pce_rate_line.csv,A3313100419225003,6392,residential_rate,0,effective_residential_rate,0,< 0.08
l0_pce_rate_line.csv,A3313100521225003,6429,residential_rate,0,effective_residential_rate,0,< 0.08
l0_pce_rate_line.csv,A3313100526225003,6441,residential_rate,0,effective_residential_rate,0,< 0.08
l0_pce_rate_line.csv,A3313100723225003,6495,residential_rate,0,effective_residential_rate,0,< 0.08
l0_pce_rate_line.csv,A3313100726225003,6502,residential_rate,0,effective_residential_rate,0,< 0.08
l0_pce_rate_line.csv,A3313100823225003,6526,residential_rate,0,effective_residential_rate,0,< 0.08
l0_pce_rate_line.csv,A3313100825225003,6531,residential_rate,0,effective_residential_rate,0,< 0.08
l0_pce_rate_line.csv,A3313101026225003,6594,residential_rate,0,effective_residential_rate,0,< 0.08
l0_pce_rate_line.csv,A3313200125225003,6679,residential_rate,0,effective_residential_rate,0,< 0.08
l0_pce_rate_line.csv,A3313200325225003,6740,residential_rate,0,effective_residential_rate,0,< 0.08
l0_pce_rate_line.csv,A3313200425225003,6771,residential_rate,0,effective_residential_rate,0,< 0.08
l0_pce_rate_line.csv,A3313200521225003,6792,residential_rate,0,effective_residential_rate,0,< 0.08
l0_pce_rate_line.csv,A3313200524225003,6800,residential_rate,0,effective_residential_rate,0,< 0.08
l0_pce_rate_line.csv,A3313200526225003,6805,residential_rate,0,effective_residential_rate,0,< 0.08
l0_pce_rate_line.csv,A3313200624225003,6832,residential_rate,0,effective_residential_rate,0,< 0.08
l0_pce_rate_line.csv,A3313200723225003,6860,residential_rate,0,effective_residential_rate,0,< 0.08
l0_pce_rate_line.csv,A3313200726225003,6867,residential_rate,0,effective_residential_rate,0,< 0.08
l0_pce_rate_line.csv,A3313200823225003,6891,residential_rate,0,effective_residential_rate,0,< 0.08
l0_pce_rate_line.csv,A3313200924225003,6924,residential_rate,0,effective_residential_rate,0,< 0.08
l0_pce_rate_line.csv,A3313201026225003,6959,residential_rate,0,effective_residential_rate,0,< 0.08
l0_pce_rate_line.csv,A3313201118225003,6969,residential_rate,0,effective_residential_rate,0,< 0.08
l0_pce_rate_line.csv,A3313201225225003,7016,residential_rate,0,effective_residential_rate,0,< 0.08
l0_pce_rate_line.csv,A3313300120225003,7032,residential_rate,0,effective_residential_rate,0,< 0.08
l0_pce_rate_line.csv,A3313300125225003,7046,residential_rate,0,effective_residential_rate,0,< 0.08
l0_pce_rate_line.csv,A3313300125225003,7047,residential_rate,0,effective_residential_rate,0,< 0.08
l0_pce_rate_line.csv,A3313300325225003,7108,residential_rate,0,effective_residential_rate,0,< 0.08
l0_pce_rate_line.csv,A3313300521225003,7159,residential_rate,0,effective_residential_rate,0,< 0.08
l0_pce_rate_line.csv,A3313300525225003,7169,residential_rate,0,effective_residential_rate,0,< 0.08
l0_pce_rate_line.csv,A3313300526225003,7172,residential_rate,0,effective_residential_rate,0,< 0.08
l0_pce_rate_line.csv,A3313300625225003,7201,residential_rate,0,effective_residential_rate,0,< 0.08
l0_pce_rate_line.csv,A3313300723225003,7227,residential_rate,0,effective_residential_rate,0,< 0.08
l0_pce_rate_line.csv,A3313300726225003,7234,residential_rate,0,effective_residential_rate,0,< 0.08
l0_pce_rate_line.csv,A3313300823225003,7258,residential_rate,0,effective_residential_rate,0,< 0.08
l0_pce_rate_line.csv,A3313301026225003,7325,residential_rate,0,effective_residential_rate,0,< 0.08
l0_pce_rate_line.csv,A3313400125225003,7409,residential_rate,0,effective_residential_rate,0,< 0.08
l0_pce_rate_line.csv,A3313400325225003,7470,residential_rate,0,effective_residential_rate,0,< 0.08
l0_pce_rate_line.csv,A3313400419225003,7485,residential_rate,0,effective_residential_rate,0,< 0.08
l0_pce_rate_line.csv,A3313400426225003,7504,residential_rate,0,effective_residential_rate,0,< 0.08
l0_pce_rate_line.csv,A3313400521225003,7523,residential_rate,0,effective_residential_rate,0,< 0.08
l0_pce_rate_line.csv,A3313400526225003,7535,residential_rate,0,effective_residential_rate,0,< 0.08
l0_pce_rate_line.csv,A3313400723225003,7589,residential_rate,0,effective_residential_rate,0,< 0.08
l0_pce_rate_line.csv,A3313400926225003,7656,residential_rate,0,effective_residential_rate,0,< 0.08
l0_pce_rate_line.csv,A3313500125225003,7770,residential_rate,0,effective_residential_rate,0,< 0.08
l0_pce_rate_line.csv,A3313500325225003,7831,residential_rate,0,effective_residential_rate,0,< 0.08
l0_pce_rate_line.csv,A3313500521225003,7882,residential_rate,0,effective_residential_rate,0,< 0.08
l0_pce_rate_line.csv,A3313500624225003,7920,residential_rate,0,effective_residential_rate,0,< 0.08
l0_pce_rate_line.csv,A3313500723225003,7948,residential_rate,0,effective_residential_rate,0,< 0.08
l0_pce_rate_line.csv,A3313500724225003,7951,residential_rate,0,effective_residential_rate,0,< 0.08
l0_pce_rate_line.csv,A3313500726225003,7956,residential_rate,0,effective_residential_rate,0,< 0.08
l0_pce_rate_line.csv,A3313500823225003,7980,residential_rate,0,effective_residential_rate,0,< 0.08
l0_pce_rate_line.csv,A3313500825225003,7985,residential_rate,0,effective_residential_rate,0,< 0.08
l0_pce_rate_line.csv,A3313500926225003,8018,residential_rate,0,effective_residential_rate,0,< 0.08
l0_pce_rate_line.csv,A3313501026225003,8049,residential_rate,0,effective_residential_rate,0,< 0.08
l0_pce_rate_line.csv,A3313600125225003,8133,residential_rate,0,effective_residential_rate,0,< 0.08
l0_pce_rate_line.csv,A3313600325225003,8194,residential_rate,0,effective_residential_rate,0,< 0.08
l0_pce_rate_line.csv,A3313600521225003,8245,residential_rate,0,effective_residential_rate,0,< 0.08
l0_pce_rate_line.csv,A3313600525225003,8255,residential_rate,0,effective_residential_rate,0,< 0.08
l0_pce_rate_line.csv,A3313600526225003,8258,residential_rate,0,effective_residential_rate,0,< 0.08
l0_pce_rate_line.csv,A3313600625225003,8287,residential_rate,0,effective_residential_rate,0,< 0.08
l0_pce_rate_line.csv,A3313600723225003,8313,residential_rate,0,effective_residential_rate,0,< 0.08
l0_pce_rate_line.csv,A3313600726225003,8320,residential_rate,0,effective_residential_rate,0,< 0.08
l0_pce_rate_line.csv,A3313600925225003,8379,residential_rate,0,effective_residential_rate,0,< 0.08
l0_pce_rate_line.csv,A3313601026225003,8412,residential_rate,0,effective_residential_rate,0,< 0.08
l0_pce_rate_line.csv,A3313601125225003,8441,residential_rate,0,effective_residential_rate,0,< 0.08
l0_pce_rate_line.csv,A3313601225225003,8469,residential_rate,0,effective_residential_rate,0,< 0.08
l0_pce_rate_line.csv,A3313700125225003,8498,residential_rate,0,effective_residential_rate,0,< 0.08
l0_pce_rate_line.csv,A3313700220225003,8516,residential_rate,0,effective_residential_rate,0,< 0.08
l0_pce_rate_line.csv,A3313700325225003,8560,residential_rate,0,effective_residential_rate,0,< 0.08
l0_pce_rate_line.csv,A3313700425225003,8590,residential_rate,0,effective_residential_rate,0,< 0.08
l0_pce_rate_line.csv,A3313700521225003,8611,residential_rate,0,effective_residential_rate,0,< 0.08
l0_pce_rate_line.csv,A3313700525225003,8621,residential_rate,0,effective_residential_rate,0,< 0.08
l0_pce_rate_line.csv,A3313700625225003,8652,residential_rate,0,effective_residential_rate,0,< 0.08
l0_pce_rate_line.csv,A3313700723225003,8678,residential_rate,0,effective_residential_rate,0,< 0.08
l0_pce_rate_line.csv,A3313700726225003,8685,residential_rate,0,effective_residential_rate,0,< 0.08
l0_pce_rate_line.csv,A3313701225225003,8830,residential_rate,0,effective_residential_rate,0,< 0.08
l0_pce_rate_line.csv,A3313800125225003,8859,residential_rate,0,effective_residential_rate,0,< 0.08
l0_pce_rate_line.csv,A3313800521225003,8970,residential_rate,0,effective_residential_rate,0,< 0.08
l0_pce_rate_line.csv,A3313800723225003,9035,residential_rate,0,effective_residential_rate,0,< 0.08
l0_pce_rate_line.csv,A3313800726225003,9042,residential_rate,0,effective_residential_rate,0,< 0.08
l0_pce_rate_line.csv,A3313800823225003,9066,residential_rate,0,effective_residential_rate,0,< 0.08
l0_pce_rate_line.csv,A3313800825225003,9071,residential_rate,0,effective_residential_rate,0,< 0.08
l0_pce_rate_line.csv,A3313801219225003,9173,residential_rate,0,effective_residential_rate,0,< 0.08
l0_pce_rate_line.csv,A3313900125225003,9217,residential_rate,0,effective_residential_rate,0,< 0.08
l0_pce_rate_line.csv,A3313900325225003,9277,residential_rate,0,effective_residential_rate,0,< 0.08
l0_pce_rate_line.csv,A3313900521225003,9328,residential_rate,0,effective_residential_rate,0,< 0.08
l0_pce_rate_line.csv,A3313900526225003,9340,residential_rate,0,effective_residential_rate,0,< 0.08
l0_pce_rate_line.csv,A3313900723225003,9394,residential_rate,0,effective_residential_rate,0,< 0.08
l0_pce_rate_line.csv,A3313900726225003,9401,residential_rate,0,effective_residential_rate,0,< 0.08
l0_pce_rate_line.csv,A3313901026225003,9492,residential_rate,0,effective_residential_rate,0,< 0.08
l0_pce_rate_line.csv,A3313901125225003,9521,residential_rate,0,effective_residential_rate,0,< 0.08
l0_pce_rate_line.csv,A3314000125225003,9577,residential_rate,0,effective_residential_rate,0,< 0.08
l0_pce_rate_line.csv,A3314000325225003,9638,residential_rate,0,effective_residential_rate,0,< 0.08
l0_pce_rate_line.csv,A3314000521225003,9689,residential_rate,0,effective_residential_rate,0,< 0.08
l0_pce_rate_line.csv,A3314000525225003,9699,residential_rate,0,effective_residential_rate,0,< 0.08
l0_pce_rate_line.csv,A3314000526225003,9702,residential_rate,0,effective_residential_rate,0,< 0.08
l0_pce_rate_line.csv,A3314000723225003,9756,residential_rate,0,effective_residential_rate,0,< 0.08
l0_pce_rate_line.csv,A3314000726225003,9763,residential_rate,0,effective_residential_rate,0,< 0.08
l0_pce_rate_line.csv,A3314001026225003,9854,residential_rate,0,effective_residential_rate,0,< 0.08
l0_pce_rate_line.csv,A3314001125225003,9882,residential_rate,0,effective_residential_rate,0,< 0.08
l0_pce_rate_line.csv,A3314100125225003,9938,residential_rate,0,effective_residential_rate,0,< 0.08
l0_pce_rate_line.csv,A3314100224225003,9967,residential_rate,0,effective_residential_rate,0,< 0.08
l0_pce_rate_line.csv,A3314100323225003,9993,residential_rate,0.8046,effective_residential_rate,-0.1954,< 0.08
l0_pce_rate_line.csv,A3314100323225003,9994,residential_rate,0.8046,effective_residential_rate,-0.1954,< 0.08
l0_pce_rate_line.csv,A3314100325225003,10000,residential_rate,0,effective_residential_rate,0,< 0.08
l0_pce_rate_line.csv,A3314100426225003,10033,residential_rate,0,effective_residential_rate,0,< 0.08
l0_pce_rate_line.csv,A3314100521225003,10052,residential_rate,0,effective_residential_rate,0,< 0.08
l0_pce_rate_line.csv,A3314100526225003,10064,residential_rate,0,effective_residential_rate,0,< 0.08
l0_pce_rate_line.csv,A3314100723225003,10118,residential_rate,0,effective_residential_rate,0,< 0.08
l0_pce_rate_line.csv,A3314100724225003,10121,residential_rate,0,effective_residential_rate,0,< 0.08
l0_pce_rate_line.csv,A3314100823225003,10149,residential_rate,0,effective_residential_rate,0,< 0.08
l0_pce_rate_line.csv,A3314100826225003,10156,residential_rate,0,effective_residential_rate,0,< 0.08
l0_pce_rate_line.csv,A3314100926225003,10187,residential_rate,0,effective_residential_rate,0,< 0.08
l0_pce_rate_line.csv,A3314101026225003,10218,residential_rate,0,effective_residential_rate,0,< 0.08
l0_pce_rate_line.csv,A3314101124225003,10245,residential_rate,0,effective_residential_rate,0,< 0.08
l0_pce_rate_line.csv,A3314200120225003,10290,residential_rate,0,effective_residential_rate,0,< 0.08
l0_pce_rate_line.csv,A3314200125225003,10304,residential_rate,0,effective_residential_rate,0,< 0.08
l0_pce_rate_line.csv,A3314200125225003,10305,residential_rate,0,effective_residential_rate,0,< 0.08
l0_pce_rate_line.csv,A3314200325225003,10366,residential_rate,0,effective_residential_rate,0,< 0.08
l0_pce_rate_line.csv,A3314200425225003,10397,residential_rate,0,effective_residential_rate,0,< 0.08
l0_pce_rate_line.csv,A3314200521225003,10418,residential_rate,0,effective_residential_rate,0,< 0.08
l0_pce_rate_line.csv,A3314200526225003,10430,residential_rate,0,effective_residential_rate,0,< 0.08
l0_pce_rate_line.csv,A3314200723225003,10484,residential_rate,0,effective_residential_rate,0,< 0.08
l0_pce_rate_line.csv,A3314200726225003,10491,residential_rate,0,effective_residential_rate,0,< 0.08
l0_pce_rate_line.csv,A3314200924225003,10548,residential_rate,0,effective_residential_rate,0,< 0.08
l0_pce_rate_line.csv,A3314201026225003,10583,residential_rate,0,effective_residential_rate,0,< 0.08
l0_pce_rate_line.csv,A3314201219225003,10624,residential_rate,0,effective_residential_rate,0,< 0.08
l0_pce_rate_line.csv,A3314300125225003,10665,residential_rate,0,effective_residential_rate,0,< 0.08
l0_pce_rate_line.csv,A3314300325225003,10720,residential_rate,0,effective_residential_rate,0,< 0.08
l0_pce_rate_line.csv,A3314300419225003,10732,residential_rate,0,effective_residential_rate,0,< 0.08
l0_pce_rate_line.csv,A3314300425225003,10749,residential_rate,0,effective_residential_rate,0,< 0.08
l0_pce_rate_line.csv,A3314300521225003,10770,residential_rate,0,effective_residential_rate,0,< 0.08
l0_pce_rate_line.csv,A3314300526225003,10782,residential_rate,0,effective_residential_rate,0,< 0.08
l0_pce_rate_line.csv,A3314300620225003,10798,residential_rate,0,effective_residential_rate,0,< 0.08
l0_pce_rate_line.csv,A3314300720225003,10829,residential_rate,0,effective_residential_rate,0,< 0.08
l0_pce_rate_line.csv,A3314300726225003,10844,residential_rate,0,effective_residential_rate,0,< 0.08
l0_pce_rate_line.csv,A3314301026225003,10934,residential_rate,0,effective_residential_rate,0,< 0.08
l0_pce_rate_line.csv,A3314400125225003,11017,residential_rate,0,effective_residential_rate,0,< 0.08
l0_pce_rate_line.csv,A3314400325225003,11078,residential_rate,0,effective_residential_rate,0,< 0.08
l0_pce_rate_line.csv,A3314400521225003,11129,residential_rate,0,effective_residential_rate,0,< 0.08
l0_pce_rate_line.csv,A3314400526225003,11141,residential_rate,0,effective_residential_rate,0,< 0.08
l0_pce_rate_line.csv,A3314400726225003,11201,residential_rate,0,effective_residential_rate,0,< 0.08
l0_pce_rate_line.csv,A3314401026225003,11292,residential_rate,0,effective_residential_rate,0,< 0.08
l0_pce_rate_line.csv,A3314500125225003,11375,residential_rate,0,effective_residential_rate,0,< 0.08
l0_pce_rate_line.csv,A3314500226225003,11408,residential_rate,0,effective_residential_rate,0,< 0.08
l0_pce_rate_line.csv,A3314500325225003,11437,residential_rate,0,effective_residential_rate,0,< 0.08
l0_pce_rate_line.csv,A3314500521225003,11488,residential_rate,0,effective_residential_rate,0,< 0.08
l0_pce_rate_line.csv,A3314500526225003,11500,residential_rate,0,effective_residential_rate,0,< 0.08
l0_pce_rate_line.csv,A3314500723225003,11554,residential_rate,0,effective_residential_rate,0,< 0.08
l0_pce_rate_line.csv,A3314500823225003,11584,residential_rate,0,effective_residential_rate,0,< 0.08
l0_pce_rate_line.csv,A3314501026225003,11651,residential_rate,0,effective_residential_rate,0,< 0.08
l0_pce_rate_line.csv,A3314501125225003,11679,residential_rate,0,effective_residential_rate,0,< 0.08
l0_pce_rate_line.csv,A3314600125225003,11735,residential_rate,0,effective_residential_rate,0,< 0.08
l0_pce_rate_line.csv,A3314600325225003,11795,residential_rate,0,effective_residential_rate,0,< 0.08
l0_pce_rate_line.csv,A3314600521225003,11846,residential_rate,0,effective_residential_rate,0,< 0.08
l0_pce_rate_line.csv,A3314600526225003,11858,residential_rate,0,effective_residential_rate,0,< 0.08
l0_pce_rate_line.csv,A3314600624225003,11885,residential_rate,0,effective_residential_rate,0,< 0.08
l0_pce_rate_line.csv,A3314600723225003,11913,residential_rate,0,effective_residential_rate,0,< 0.08
l0_pce_rate_line.csv,A3314600823225003,11943,residential_rate,0,effective_residential_rate,0,< 0.08
l0_pce_rate_line.csv,A3314600825225003,11948,residential_rate,0,effective_residential_rate,0,< 0.08
l0_pce_rate_line.csv,A3314600826225003,11951,residential_rate,0,effective_residential_rate,0,< 0.08
l0_pce_rate_line.csv,A3314600926225003,11982,residential_rate,0,effective_residential_rate,0,< 0.08
l0_pce_rate_line.csv,A3314601026225003,12013,residential_rate,0,effective_residential_rate,0,< 0.08
l0_pce_rate_line.csv,A3314601125225003,12041,residential_rate,0,effective_residential_rate,0,< 0.08
l0_pce_rate_line.csv,A3314700125225003,12097,residential_rate,0,effective_residential_rate,0,< 0.08
l0_pce_rate_line.csv,A3314700125225003,12098,residential_rate,0,effective_residential_rate,0,< 0.08
l0_pce_rate_line.csv,A3314700325225003,12159,residential_rate,0,effective_residential_rate,0,< 0.08
l0_pce_rate_line.csv,A3314700419225003,12174,residential_rate,0,effective_residential_rate,0,< 0.08
l0_pce_rate_line.csv,A3314700521225003,12211,residential_rate,0,effective_residential_rate,0,< 0.08
l0_pce_rate_line.csv,A3314700525225003,12221,residential_rate,0,effective_residential_rate,0,< 0.08
l0_pce_rate_line.csv,A3314700526225003,12224,residential_rate,0,effective_residential_rate,0,< 0.08
l0_pce_rate_line.csv,A3314700624225003,12251,residential_rate,0,effective_residential_rate,0,< 0.08
l0_pce_rate_line.csv,A3314700723225003,12279,residential_rate,0,effective_residential_rate,0,< 0.08
l0_pce_rate_line.csv,A3314700726225003,12286,residential_rate,0,effective_residential_rate,0,< 0.08
l0_pce_rate_line.csv,A3314700825225003,12315,residential_rate,0,effective_residential_rate,0,< 0.08
l0_pce_rate_line.csv,A3314800125225003,12460,residential_rate,0,effective_residential_rate,0,< 0.08
l0_pce_rate_line.csv,A3314800325225003,12521,residential_rate,0,effective_residential_rate,0,< 0.08
l0_pce_rate_line.csv,A3314800521225003,12572,residential_rate,0,effective_residential_rate,0,< 0.08
l0_pce_rate_line.csv,A3314800723225003,12637,residential_rate,0,effective_residential_rate,0,< 0.08
l0_pce_rate_line.csv,A3314800726225003,12644,residential_rate,0,effective_residential_rate,0,< 0.08
l0_pce_rate_line.csv,A3314801026225003,12735,residential_rate,0,effective_residential_rate,0,< 0.08
l0_pce_rate_line.csv,A3314801219225003,12775,residential_rate,0,effective_residential_rate,0,< 0.08
l0_pce_rate_line.csv,A3314900125225003,12816,residential_rate,0,effective_residential_rate,0,< 0.08
l0_pce_rate_line.csv,A3314900125225003,12817,residential_rate,0,effective_residential_rate,0,< 0.08
l0_pce_rate_line.csv,A3314900325225003,12872,residential_rate,0,effective_residential_rate,0,< 0.08
l0_pce_rate_line.csv,A3314900426225003,12902,residential_rate,0,effective_residential_rate,0,< 0.08
l0_pce_rate_line.csv,A3314900521225003,12921,residential_rate,0,effective_residential_rate,0,< 0.08
l0_pce_rate_line.csv,A3314900723225003,12986,residential_rate,0,effective_residential_rate,0,< 0.08
l0_pce_rate_line.csv,A3314900823225003,13016,residential_rate,0,effective_residential_rate,0,< 0.08
l0_pce_rate_line.csv,A3314900826225003,13023,residential_rate,0,effective_residential_rate,0,< 0.08
l0_pce_rate_line.csv,A3314900926225003,13054,residential_rate,0,effective_residential_rate,0,< 0.08
l0_pce_rate_line.csv,A3314901026225003,13085,residential_rate,0,effective_residential_rate,0,< 0.08
l0_pce_rate_line.csv,A3314901125225003,13113,residential_rate,0,effective_residential_rate,0,< 0.08
l0_pce_rate_line.csv,A3315000125225003,13169,residential_rate,0,effective_residential_rate,0,< 0.08
l0_pce_rate_line.csv,A3315000323225003,13223,residential_rate,0.9922,effective_residential_rate,-0.00780000000000003,< 0.08
l0_pce_rate_line.csv,A3315000323225003,13224,residential_rate,0.9922,effective_residential_rate,-0.00780000000000003,< 0.08
l0_pce_rate_line.csv,A3315000325225003,13230,residential_rate,0,effective_residential_rate,0,< 0.08
l0_pce_rate_line.csv,A3315000426225003,13263,residential_rate,0,effective_residential_rate,0,< 0.08
l0_pce_rate_line.csv,A3315000521225003,13282,residential_rate,0,effective_residential_rate,0,< 0.08
l0_pce_rate_line.csv,A3315000526225003,13294,residential_rate,0,effective_residential_rate,0,< 0.08
l0_pce_rate_line.csv,A3315000626225003,13325,residential_rate,0,effective_residential_rate,0,< 0.08
l0_pce_rate_line.csv,A3315000723225003,13348,residential_rate,0,effective_residential_rate,0,< 0.08
l0_pce_rate_line.csv,A3315000725225003,13353,residential_rate,0,effective_residential_rate,0,< 0.08
l0_pce_rate_line.csv,A3315000821225003,13374,residential_rate,0,effective_residential_rate,0,< 0.08
l0_pce_rate_line.csv,A3315000826225003,13387,residential_rate,0,effective_residential_rate,0,< 0.08
l0_pce_rate_line.csv,A3315000926225003,13418,residential_rate,0,effective_residential_rate,0,< 0.08
l0_pce_rate_line.csv,A3315001026225003,13449,residential_rate,0,effective_residential_rate,0,< 0.08
l0_pce_rate_line.csv,A3315001123225003,13471,residential_rate,0.6678,effective_residential_rate,-0.0962000000000001,< 0.08
l0_pce_rate_line.csv,A3315001123225003,13472,residential_rate,0.6678,effective_residential_rate,-0.0962000000000001,< 0.08
l0_pce_rate_line.csv,A3315001223225003,13498,residential_rate,0.6678,effective_residential_rate,-0.3322,< 0.08
l0_pce_rate_line.csv,A3315001223225003,13499,residential_rate,0.6678,effective_residential_rate,-0.3322,< 0.08
l0_pce_rate_line.csv,A3315001225225003,13504,residential_rate,0,effective_residential_rate,0,< 0.08
l0_pce_rate_line.csv,A3315100120225003,13520,residential_rate,0,effective_residential_rate,0,< 0.08
l0_pce_rate_line.csv,A3315100125225003,13534,residential_rate,0,effective_residential_rate,0,< 0.08
l0_pce_rate_line.csv,A3315100325225003,13595,residential_rate,0,effective_residential_rate,0,< 0.08
l0_pce_rate_line.csv,A3315100521225003,13646,residential_rate,0,effective_residential_rate,0,< 0.08
l0_pce_rate_line.csv,A3315100526225003,13658,residential_rate,0,effective_residential_rate,0,< 0.08
l0_pce_rate_line.csv,A3315100723225003,13712,residential_rate,0,effective_residential_rate,0,< 0.08
l0_pce_rate_line.csv,A3315100726225003,13719,residential_rate,0,effective_residential_rate,0,< 0.08
l0_pce_rate_line.csv,A3315101026225003,13810,residential_rate,0,effective_residential_rate,0,< 0.08
l0_pce_rate_line.csv,A3315101219225003,13850,residential_rate,0,effective_residential_rate,0,< 0.08
l0_pce_rate_line.csv,A3315101225225003,13866,residential_rate,0,effective_residential_rate,0,< 0.08
l0_pce_rate_line.csv,A3315200120225003,13882,residential_rate,0,effective_residential_rate,0,< 0.08
l0_pce_rate_line.csv,A3315200125225003,13896,residential_rate,0,effective_residential_rate,0,< 0.08
l0_pce_rate_line.csv,A3315200325225003,13957,residential_rate,0,effective_residential_rate,0,< 0.08
l0_pce_rate_line.csv,A3315200426225003,13990,residential_rate,0,effective_residential_rate,0,< 0.08
l0_pce_rate_line.csv,A3315200521225003,14009,residential_rate,0,effective_residential_rate,0,< 0.08
l0_pce_rate_line.csv,A3315200525225003,14019,residential_rate,0,effective_residential_rate,0,< 0.08
l0_pce_rate_line.csv,A3315200526225003,14022,residential_rate,0,effective_residential_rate,0,< 0.08
l0_pce_rate_line.csv,A3315200723225003,14076,residential_rate,0,effective_residential_rate,0,< 0.08
l0_pce_rate_line.csv,A3315200726225003,14083,residential_rate,0,effective_residential_rate,0,< 0.08
l0_pce_rate_line.csv,A3315200819225003,14096,residential_rate,0,effective_residential_rate,0,< 0.08
l0_pce_rate_line.csv,A3315200925225003,14143,residential_rate,0,effective_residential_rate,0,< 0.08
l0_pce_rate_line.csv,A3315200926225003,14146,residential_rate,0,effective_residential_rate,0,< 0.08
l0_pce_rate_line.csv,A3315201219225003,14217,residential_rate,0,effective_residential_rate,0,< 0.08
l0_pce_rate_line.csv,A3315201223225003,14227,residential_rate,0.7676,effective_residential_rate,-0.2324,< 0.08
l0_pce_rate_line.csv,A3315300125225003,14258,residential_rate,0,effective_residential_rate,0,< 0.08
l0_pce_rate_line.csv,A3315300325225003,14313,residential_rate,0,effective_residential_rate,0,< 0.08
l0_pce_rate_line.csv,A3315300419225003,14325,residential_rate,0,effective_residential_rate,0,< 0.08
l0_pce_rate_line.csv,A3315300425225003,14342,residential_rate,0,effective_residential_rate,0,< 0.08
l0_pce_rate_line.csv,A3315300426225003,14345,residential_rate,0,effective_residential_rate,0,< 0.08
l0_pce_rate_line.csv,A3315300521225003,14364,residential_rate,0,effective_residential_rate,0,< 0.08
l0_pce_rate_line.csv,A3315300526225003,14376,residential_rate,0,effective_residential_rate,0,< 0.08
l0_pce_rate_line.csv,A3315300723225003,14430,residential_rate,0,effective_residential_rate,0,< 0.08
l0_pce_rate_line.csv,A3315300726225003,14437,residential_rate,0,effective_residential_rate,0,< 0.08
l0_pce_rate_line.csv,A3315301026225003,14528,residential_rate,0,effective_residential_rate,0,< 0.08
l0_pce_rate_line.csv,A3315400120225003,14598,residential_rate,0,effective_residential_rate,0,< 0.08
l0_pce_rate_line.csv,A3315400125225003,14612,residential_rate,0,effective_residential_rate,0,< 0.08
l0_pce_rate_line.csv,A3315400325225003,14673,residential_rate,0,effective_residential_rate,0,< 0.08
l0_pce_rate_line.csv,A3315400521225003,14724,residential_rate,0,effective_residential_rate,0,< 0.08
l0_pce_rate_line.csv,A3315400526225003,14736,residential_rate,0,effective_residential_rate,0,< 0.08
l0_pce_rate_line.csv,A3315400723225003,14790,residential_rate,0,effective_residential_rate,0,< 0.08
l0_pce_rate_line.csv,A3315400726225003,14797,residential_rate,0,effective_residential_rate,0,< 0.08
l0_pce_rate_line.csv,A3315400823225003,14821,residential_rate,0,effective_residential_rate,0,< 0.08
l0_pce_rate_line.csv,A3315500125225003,14970,residential_rate,0,effective_residential_rate,0,< 0.08
l0_pce_rate_line.csv,A3315500325225003,15031,residential_rate,0,effective_residential_rate,0,< 0.08
l0_pce_rate_line.csv,A3315500420225003,15049,residential_rate,0,effective_residential_rate,0,< 0.08
l0_pce_rate_line.csv,A3315500521225003,15083,residential_rate,0,effective_residential_rate,0,< 0.08
l0_pce_rate_line.csv,A3315500526225003,15095,residential_rate,0,effective_residential_rate,0,< 0.08
l0_pce_rate_line.csv,A3315500723225003,15149,residential_rate,0,effective_residential_rate,0,< 0.08
l0_pce_rate_line.csv,A3315500726225003,15156,residential_rate,0,effective_residential_rate,0,< 0.08
l0_pce_rate_line.csv,A3315501025225003,15245,residential_rate,0,effective_residential_rate,0,< 0.08
l0_pce_rate_line.csv,A3315501026225003,15248,residential_rate,0,effective_residential_rate,0,< 0.08
l0_pce_rate_line.csv,A3315501219225003,15289,residential_rate,0,effective_residential_rate,0,< 0.08
l0_pce_rate_line.csv,A3315600120225003,15317,residential_rate,0,effective_residential_rate,0,< 0.08
l0_pce_rate_line.csv,A3315600125225003,15331,residential_rate,0,effective_residential_rate,0,< 0.08
l0_pce_rate_line.csv,A3315600226225003,15361,residential_rate,0,effective_residential_rate,0,< 0.08
l0_pce_rate_line.csv,A3315600325225003,15387,residential_rate,0,effective_residential_rate,0,< 0.08
l0_pce_rate_line.csv,A3315600419225003,15399,residential_rate,0,effective_residential_rate,0,< 0.08
l0_pce_rate_line.csv,A3315600521225003,15436,residential_rate,0,effective_residential_rate,0,< 0.08
l0_pce_rate_line.csv,A3315600526225003,15448,residential_rate,0,effective_residential_rate,0,< 0.08
l0_pce_rate_line.csv,A3315600723225003,15502,residential_rate,0,effective_residential_rate,0,< 0.08
l0_pce_rate_line.csv,A3315600823225003,15532,residential_rate,0,effective_residential_rate,0,< 0.08
l0_pce_rate_line.csv,A3315600824225003,15535,residential_rate,0,effective_residential_rate,0,< 0.08
l0_pce_rate_line.csv,A3315600924225003,15566,residential_rate,0,effective_residential_rate,0,< 0.08
l0_pce_rate_line.csv,A3315600926225003,15571,residential_rate,0,effective_residential_rate,0,< 0.08
l0_pce_rate_line.csv,A3315601026225003,15602,residential_rate,0,effective_residential_rate,0,< 0.08
l0_pce_rate_line.csv,A3315700125225003,15686,residential_rate,0,effective_residential_rate,0,< 0.08
l0_pce_rate_line.csv,A3315700325225003,15747,residential_rate,0,effective_residential_rate,0,< 0.08
l0_pce_rate_line.csv,A3315700521225003,15798,residential_rate,0,effective_residential_rate,0,< 0.08
l0_pce_rate_line.csv,A3315700526225003,15810,residential_rate,0,effective_residential_rate,0,< 0.08
l0_pce_rate_line.csv,A3315700723225003,15864,residential_rate,0,effective_residential_rate,0,< 0.08
l0_pce_rate_line.csv,A3315700826225003,15901,residential_rate,0,effective_residential_rate,0,< 0.08
l0_pce_rate_line.csv,A3315700926225003,15932,residential_rate,0,effective_residential_rate,0,< 0.08
l0_pce_rate_line.csv,A3315701026225003,15963,residential_rate,0,effective_residential_rate,0,< 0.08
l0_pce_rate_line.csv,A3315800125225003,16046,residential_rate,0,effective_residential_rate,0,< 0.08
l0_pce_rate_line.csv,A3315800325225003,16107,residential_rate,0,effective_residential_rate,0,< 0.08
l0_pce_rate_line.csv,A3315800521225003,16158,residential_rate,0,effective_residential_rate,0,< 0.08
l0_pce_rate_line.csv,A3315800723225003,16223,residential_rate,0,effective_residential_rate,0,< 0.08
l0_pce_rate_line.csv,A3315800726225003,16230,residential_rate,0,effective_residential_rate,0,< 0.08
l0_pce_rate_line.csv,A3315800823225003,16254,residential_rate,0,effective_residential_rate,0,< 0.08
l0_pce_rate_line.csv,A3315801225225003,16375,residential_rate,0,effective_residential_rate,0,< 0.08
l0_pce_rate_line.csv,A3315900125225003,16404,residential_rate,0,effective_residential_rate,0,< 0.08
l0_pce_rate_line.csv,A3315900325225003,16465,residential_rate,0,effective_residential_rate,0,< 0.08
l0_pce_rate_line.csv,A3315900521225003,16516,residential_rate,0,effective_residential_rate,0,< 0.08
l0_pce_rate_line.csv,A3315900524225003,16524,residential_rate,0,effective_residential_rate,0,< 0.08
l0_pce_rate_line.csv,A3315900526225003,16529,residential_rate,0,effective_residential_rate,0,< 0.08
l0_pce_rate_line.csv,A3315900723225003,16583,residential_rate,0,effective_residential_rate,0,< 0.08
l0_pce_rate_line.csv,A3315900726225003,16590,residential_rate,0,effective_residential_rate,0,< 0.08
l0_pce_rate_line.csv,A3315900823225003,16614,residential_rate,0,effective_residential_rate,0,< 0.08
l0_pce_rate_line.csv,A3315900925225003,16649,residential_rate,0,effective_residential_rate,0,< 0.08
l0_pce_rate_line.csv,A3315901026225003,16682,residential_rate,0,effective_residential_rate,0,< 0.08
l0_pce_rate_line.csv,A3315901225225003,16738,residential_rate,0,effective_residential_rate,0,< 0.08
l0_pce_rate_line.csv,A3316000125225003,16767,residential_rate,0,effective_residential_rate,0,< 0.08
l0_pce_rate_line.csv,A3316000216225003,16773,residential_rate,0,effective_residential_rate,0,< 0.08
l0_pce_rate_line.csv,A3316000216225003,16774,residential_rate,0,effective_residential_rate,0,< 0.08
l0_pce_rate_line.csv,A3316000316225003,16805,residential_rate,0,effective_residential_rate,0,< 0.08
l0_pce_rate_line.csv,A3316000325225003,16831,residential_rate,0,effective_residential_rate,0,< 0.08
l0_pce_rate_line.csv,A3316000416225003,16837,residential_rate,0,effective_residential_rate,0,< 0.08
l0_pce_rate_line.csv,A3316000516225003,16868,residential_rate,0,effective_residential_rate,0,< 0.08
l0_pce_rate_line.csv,A3316000521225003,16884,residential_rate,0,effective_residential_rate,0,< 0.08
l0_pce_rate_line.csv,A3316000526225003,16896,residential_rate,0,effective_residential_rate,0,< 0.08
l0_pce_rate_line.csv,A3316000625225003,16925,residential_rate,0,effective_residential_rate,0,< 0.08
l0_pce_rate_line.csv,A3316000716225003,16931,residential_rate,0,effective_residential_rate,0,< 0.08
l0_pce_rate_line.csv,A3316000723225003,16952,residential_rate,0,effective_residential_rate,0,< 0.08
l0_pce_rate_line.csv,A3316000726225003,16959,residential_rate,0,effective_residential_rate,0,< 0.08
l0_pce_rate_line.csv,A3316001026225003,17050,residential_rate,0,effective_residential_rate,0,< 0.08
l0_pce_rate_line.csv,A3316100120225003,17120,residential_rate,0,effective_residential_rate,0,< 0.08
l0_pce_rate_line.csv,A3316100125225003,17134,residential_rate,0,effective_residential_rate,0,< 0.08
l0_pce_rate_line.csv,A3316100226225003,17167,residential_rate,0,effective_residential_rate,0,< 0.08
l0_pce_rate_line.csv,A3316100325225003,17196,residential_rate,0,effective_residential_rate,0,< 0.08
l0_pce_rate_line.csv,A3316100326225003,17199,residential_rate,0,effective_residential_rate,0,< 0.08
l0_pce_rate_line.csv,A3316100521225003,17248,residential_rate,0,effective_residential_rate,0,< 0.08
l0_pce_rate_line.csv,A3316100624225003,17286,residential_rate,0,effective_residential_rate,0,< 0.08
l0_pce_rate_line.csv,A3316100625225003,17289,residential_rate,0,effective_residential_rate,0,< 0.08
l0_pce_rate_line.csv,A3316100716225003,17295,residential_rate,0,effective_residential_rate,0,< 0.08
l0_pce_rate_line.csv,A3316100723225003,17316,residential_rate,0,effective_residential_rate,0,< 0.08
l0_pce_rate_line.csv,A3316100726225003,17323,residential_rate,0,effective_residential_rate,0,< 0.08
l0_pce_rate_line.csv,A3316101026225003,17414,residential_rate,0,effective_residential_rate,0,< 0.08
l0_pce_rate_line.csv,A3316200125225003,17498,residential_rate,0,effective_residential_rate,0,< 0.08
l0_pce_rate_line.csv,A3316200325225003,17559,residential_rate,0,effective_residential_rate,0,< 0.08
l0_pce_rate_line.csv,A3316200419225003,17574,residential_rate,0,effective_residential_rate,0,< 0.08
l0_pce_rate_line.csv,A3316200521225003,17611,residential_rate,0,effective_residential_rate,0,< 0.08
l0_pce_rate_line.csv,A3316200526225003,17623,residential_rate,0,effective_residential_rate,0,< 0.08
l0_pce_rate_line.csv,A3316200723225003,17677,residential_rate,0,effective_residential_rate,0,< 0.08
l0_pce_rate_line.csv,A3316200726225003,17684,residential_rate,0,effective_residential_rate,0,< 0.08
l0_pce_rate_line.csv,A3316200823225003,17708,residential_rate,0,effective_residential_rate,0,< 0.08
l0_pce_rate_line.csv,A3316200826225003,17715,residential_rate,0,effective_residential_rate,0,< 0.08
l0_pce_rate_line.csv,A3316200925225003,17744,residential_rate,0,effective_residential_rate,0,< 0.08
l0_pce_rate_line.csv,A3316200926225003,17747,residential_rate,0,effective_residential_rate,0,< 0.08
l0_pce_rate_line.csv,A3316201125225003,17805,residential_rate,0,effective_residential_rate,0,< 0.08
l0_pce_rate_line.csv,A3316300120225003,17848,residential_rate,0,effective_residential_rate,0,< 0.08
l0_pce_rate_line.csv,A3316300125225003,17862,residential_rate,0,effective_residential_rate,0,< 0.08
l0_pce_rate_line.csv,A3316300325225003,17923,residential_rate,0,effective_residential_rate,0,< 0.08
l0_pce_rate_line.csv,A3316300521225003,17974,residential_rate,0,effective_residential_rate,0,< 0.08
l0_pce_rate_line.csv,A3316300526225003,17986,residential_rate,0,effective_residential_rate,0,< 0.08
l0_pce_rate_line.csv,A3316300723225003,18040,residential_rate,0,effective_residential_rate,0,< 0.08
l0_pce_rate_line.csv,A3316300726225003,18047,residential_rate,0,effective_residential_rate,0,< 0.08
l0_pce_rate_line.csv,A3316300926225003,18107,residential_rate,0,effective_residential_rate,0,< 0.08
l0_pce_rate_line.csv,A3316301026225003,18138,residential_rate,0,effective_residential_rate,0,< 0.08
l0_pce_rate_line.csv,A3316400125225003,18221,residential_rate,0,effective_residential_rate,0,< 0.08
l0_pce_rate_line.csv,A3316400325225003,18282,residential_rate,0,effective_residential_rate,0,< 0.08
l0_pce_rate_line.csv,A3316400521225003,18333,residential_rate,0,effective_residential_rate,0,< 0.08
l0_pce_rate_line.csv,A3316400526225003,18345,residential_rate,0,effective_residential_rate,0,< 0.08
l0_pce_rate_line.csv,A3316400723225003,18399,residential_rate,0,effective_residential_rate,0,< 0.08
l0_pce_rate_line.csv,A3316400726225003,18406,residential_rate,0,effective_residential_rate,0,< 0.08
l0_pce_rate_line.csv,A3316500120225003,18566,residential_rate,0,effective_residential_rate,0,< 0.08
l0_pce_rate_line.csv,A3316500125225003,18580,residential_rate,0,effective_residential_rate,0,< 0.08
l0_pce_rate_line.csv,A3316500125225003,18581,residential_rate,0,effective_residential_rate,0,< 0.08
l0_pce_rate_line.csv,A3316500226225003,18614,residential_rate,0,effective_residential_rate,0,< 0.08
l0_pce_rate_line.csv,A3316500323225003,18636,residential_rate,0.9119,effective_residential_rate,-0.0881,< 0.08
l0_pce_rate_line.csv,A3316500323225003,18637,residential_rate,0.9119,effective_residential_rate,-0.0881,< 0.08
l0_pce_rate_line.csv,A3316500325225003,18643,residential_rate,0,effective_residential_rate,0,< 0.08
l0_pce_rate_line.csv,A3316500426225003,18676,residential_rate,0,effective_residential_rate,0,< 0.08
l0_pce_rate_line.csv,A3316500521225003,18695,residential_rate,0,effective_residential_rate,0,< 0.08
l0_pce_rate_line.csv,A3316500526225003,18707,residential_rate,0,effective_residential_rate,0,< 0.08
l0_pce_rate_line.csv,A3316500723225003,18760,residential_rate,0,effective_residential_rate,0,< 0.08
l0_pce_rate_line.csv,A3316500825225003,18795,residential_rate,0,effective_residential_rate,0,< 0.08
l0_pce_rate_line.csv,A3316500826225003,18798,residential_rate,0,effective_residential_rate,0,< 0.08
l0_pce_rate_line.csv,A3316500926225003,18829,residential_rate,0,effective_residential_rate,0,< 0.08
l0_pce_rate_line.csv,A3316501026225003,18860,residential_rate,0,effective_residential_rate,0,< 0.08
l0_pce_rate_line.csv,A3316501123225003,18882,residential_rate,0.0967,effective_residential_rate,-0.6673,< 0.08
l0_pce_rate_line.csv,A3316501123225003,18883,residential_rate,0.0967,effective_residential_rate,-0.6673,< 0.08
l0_pce_rate_line.csv,A3316501125225003,18888,residential_rate,0,effective_residential_rate,0,< 0.08
l0_pce_rate_line.csv,A3316501223225003,18910,residential_rate,0.0967,effective_residential_rate,-0.9033,< 0.08
l0_pce_rate_line.csv,A3316501223225003,18911,residential_rate,0.0967,effective_residential_rate,-0.9033,< 0.08
l0_pce_rate_line.csv,A3316600125225003,18944,residential_rate,0,effective_residential_rate,0,< 0.08
l0_pce_rate_line.csv,A3316600125225003,18945,residential_rate,0,effective_residential_rate,0,< 0.08
l0_pce_rate_line.csv,A3316600226225003,18978,residential_rate,0,effective_residential_rate,0,< 0.08
l0_pce_rate_line.csv,A3316600325225003,19007,residential_rate,0,effective_residential_rate,0,< 0.08
l0_pce_rate_line.csv,A3316600326225003,19009,residential_rate,0.6451,effective_residential_rate,0.00949999999999995,< 0.08
l0_pce_rate_line.csv,A3316600419225003,19022,residential_rate,0,effective_residential_rate,0,< 0.08
l0_pce_rate_line.csv,A3316600426225003,19040,residential_rate,0.6451,effective_residential_rate,0.00949999999999995,< 0.08
l0_pce_rate_line.csv,A3316600426225003,19041,residential_rate,0,effective_residential_rate,0,< 0.08
l0_pce_rate_line.csv,A3316600521225003,19060,residential_rate,0,effective_residential_rate,0,< 0.08
l0_pce_rate_line.csv,A3316600526225003,19071,residential_rate,0.6451,effective_residential_rate,0.00949999999999995,< 0.08
l0_pce_rate_line.csv,A3316600526225003,19072,residential_rate,0,effective_residential_rate,0,< 0.08
l0_pce_rate_line.csv,A3316600723225003,19126,residential_rate,0,effective_residential_rate,0,< 0.08
l0_pce_rate_line.csv,A3316600823225003,19154,residential_rate,0,effective_residential_rate,-0.2851,< 0.08
l0_pce_rate_line.csv,A3316600823225003,19155,residential_rate,0,effective_residential_rate,-0.265,< 0.08
l0_pce_rate_line.csv,A3316600824225003,19159,residential_rate,0,effective_residential_rate,0,< 0.08
l0_pce_rate_line.csv,A3316600825225003,19162,residential_rate,0,effective_residential_rate,0,< 0.08
l0_pce_rate_line.csv,A3316600926225003,19195,residential_rate,0,effective_residential_rate,0,< 0.08
l0_pce_rate_line.csv,A3316601026225003,19226,residential_rate,0,effective_residential_rate,0,< 0.08
l0_pce_rate_line.csv,A3316601117225003,19233,residential_rate,0,effective_residential_rate,0,< 0.08
l0_pce_rate_line.csv,A3316700125225003,19310,residential_rate,0,effective_residential_rate,0,< 0.08
l0_pce_rate_line.csv,A3316700226225003,19343,residential_rate,0,effective_residential_rate,0,< 0.08
l0_pce_rate_line.csv,A3316700325225003,19369,residential_rate,0,effective_residential_rate,0,< 0.08
l0_pce_rate_line.csv,A3316700419225003,19381,residential_rate,0,effective_residential_rate,0,< 0.08
l0_pce_rate_line.csv,A3316700521225003,19418,residential_rate,0,effective_residential_rate,0,< 0.08
l0_pce_rate_line.csv,A3316700525225003,19428,residential_rate,0,effective_residential_rate,0,< 0.08
l0_pce_rate_line.csv,A3316700526225003,19431,residential_rate,0,effective_residential_rate,0,< 0.08
l0_pce_rate_line.csv,A3316700624225003,19458,residential_rate,0,effective_residential_rate,0,< 0.08
l0_pce_rate_line.csv,A3316700625225003,19461,residential_rate,0,effective_residential_rate,0,< 0.08
l0_pce_rate_line.csv,A3316700723225003,19487,residential_rate,0,effective_residential_rate,0,< 0.08
l0_pce_rate_line.csv,A3316700726225003,19494,residential_rate,0,effective_residential_rate,0,< 0.08
l0_pce_rate_line.csv,A3316700825225003,19523,residential_rate,0,effective_residential_rate,0,< 0.08
l0_pce_rate_line.csv,A3316700826225003,19526,residential_rate,0,effective_residential_rate,0,< 0.08
l0_pce_rate_line.csv,A3316700924225003,19553,residential_rate,0,effective_residential_rate,0,< 0.08
l0_pce_rate_line.csv,A3316701225225003,19643,residential_rate,0,effective_residential_rate,0,< 0.08
l0_pce_rate_line.csv,A3316800120225003,19659,residential_rate,0,effective_residential_rate,0,< 0.08
l0_pce_rate_line.csv,A3316800125225003,19673,residential_rate,0,effective_residential_rate,0,< 0.08
l0_pce_rate_line.csv,A3316800325225003,19734,residential_rate,0,effective_residential_rate,0,< 0.08
l0_pce_rate_line.csv,A3316800419225003,19749,residential_rate,0,effective_residential_rate,0,< 0.08
l0_pce_rate_line.csv,A3316800521225003,19786,residential_rate,0,effective_residential_rate,0,< 0.08
l0_pce_rate_line.csv,A3316800526225003,19798,residential_rate,0,effective_residential_rate,0,< 0.08
l0_pce_rate_line.csv,A3316800723225003,19852,residential_rate,0,effective_residential_rate,0,< 0.08
l0_pce_rate_line.csv,A3316800726225003,19859,residential_rate,0,effective_residential_rate,0,< 0.08
l0_pce_rate_line.csv,A3316800825225003,19888,residential_rate,0,effective_residential_rate,0,< 0.08
l0_pce_rate_line.csv,A3316800924225003,19917,residential_rate,0,effective_residential_rate,0,< 0.08
l0_pce_rate_line.csv,A3316850125225003,20034,residential_rate,0,effective_residential_rate,0,< 0.08
l0_pce_rate_line.csv,A3316850125225003,20035,residential_rate,0,effective_residential_rate,0,< 0.08
l0_pce_rate_line.csv,A3316850325225003,20096,residential_rate,0,effective_residential_rate,0,< 0.08
l0_pce_rate_line.csv,A3316850521225003,20147,residential_rate,0,effective_residential_rate,0,< 0.08
l0_pce_rate_line.csv,A3316850525225003,20157,residential_rate,0,effective_residential_rate,0,< 0.08
l0_pce_rate_line.csv,A3316850526225003,20160,residential_rate,0,effective_residential_rate,0,< 0.08
l0_pce_rate_line.csv,A3316850723225003,20214,residential_rate,0,effective_residential_rate,0,< 0.08
l0_pce_rate_line.csv,A3316850726225003,20221,residential_rate,0,effective_residential_rate,0,< 0.08
l0_pce_rate_line.csv,A3316850823225003,20245,residential_rate,0,effective_residential_rate,0,< 0.08
l0_pce_rate_line.csv,A3316850924225003,20278,residential_rate,0,effective_residential_rate,0,< 0.08
l0_pce_rate_line.csv,A3316851026225003,20313,residential_rate,0,effective_residential_rate,0,< 0.08
l0_pce_rate_line.csv,A3316851123225003,20335,residential_rate,0.5089,effective_residential_rate,0.079,< 0.08
l0_pce_rate_line.csv,A3316851125225003,20341,residential_rate,0,effective_residential_rate,0,< 0.08
l0_pce_rate_line.csv,A3316900125225003,20397,residential_rate,0,effective_residential_rate,0,< 0.08
l0_pce_rate_line.csv,A3316900226225003,20430,residential_rate,0,effective_residential_rate,0,< 0.08
l0_pce_rate_line.csv,A3316900325225003,20459,residential_rate,0,effective_residential_rate,0,< 0.08
l0_pce_rate_line.csv,A3316900421225003,20480,residential_rate,0,effective_residential_rate,0,< 0.08
l0_pce_rate_line.csv,A3316900425225003,20491,residential_rate,0,effective_residential_rate,0,< 0.08
l0_pce_rate_line.csv,A3316900521225003,20512,residential_rate,0,effective_residential_rate,0,< 0.08
l0_pce_rate_line.csv,A3316900526225003,20524,residential_rate,0,effective_residential_rate,0,< 0.08
l0_pce_rate_line.csv,A3316900723225003,20578,residential_rate,0,effective_residential_rate,0,< 0.08
l0_pce_rate_line.csv,A3316900726225003,20585,residential_rate,0,effective_residential_rate,0,< 0.08
l0_pce_rate_line.csv,A3316900823225003,20609,residential_rate,0,effective_residential_rate,0,< 0.08
l0_pce_rate_line.csv,A3316901026225003,20676,residential_rate,0,effective_residential_rate,0,< 0.08
l0_pce_rate_line.csv,A3316901125225003,20705,residential_rate,0,effective_residential_rate,0,< 0.08
l0_pce_rate_line.csv,A3316901225225003,20733,residential_rate,0,effective_residential_rate,0,< 0.08
l0_pce_rate_line.csv,A3317000120225003,20749,residential_rate,0,effective_residential_rate,0,< 0.08
l0_pce_rate_line.csv,A3317000125225003,20763,residential_rate,0,effective_residential_rate,0,< 0.08
l0_pce_rate_line.csv,A3317000325225003,20824,residential_rate,0,effective_residential_rate,0,< 0.08
l0_pce_rate_line.csv,A3317000521225003,20875,residential_rate,0,effective_residential_rate,0,< 0.08
l0_pce_rate_line.csv,A3317000525225003,20885,residential_rate,0,effective_residential_rate,0,< 0.08
l0_pce_rate_line.csv,A3317000526225003,20888,residential_rate,0,effective_residential_rate,0,< 0.08
l0_pce_rate_line.csv,A3317000723225003,20942,residential_rate,0,effective_residential_rate,0,< 0.08
l0_pce_rate_line.csv,A3317000726225003,20949,residential_rate,0,effective_residential_rate,0,< 0.08
l0_pce_rate_line.csv,A3317000823225003,20973,residential_rate,0,effective_residential_rate,0,< 0.08
l0_pce_rate_line.csv,A3317000825225003,20978,residential_rate,0,effective_residential_rate,0,< 0.08
l0_pce_rate_line.csv,A3317100125225003,21121,residential_rate,0,effective_residential_rate,0,< 0.08
l0_pce_rate_line.csv,A3317100325225003,21176,residential_rate,0,effective_residential_rate,0,< 0.08
l0_pce_rate_line.csv,A3317100419225003,21188,residential_rate,0,effective_residential_rate,0,< 0.08
l0_pce_rate_line.csv,A3317100521225003,21225,residential_rate,0,effective_residential_rate,0,< 0.08
l0_pce_rate_line.csv,A3317100526225003,21237,residential_rate,0,effective_residential_rate,0,< 0.08
l0_pce_rate_line.csv,A3317100723225003,21291,residential_rate,0,effective_residential_rate,0,< 0.08
l0_pce_rate_line.csv,A3317100726225003,21298,residential_rate,0,effective_residential_rate,0,< 0.08
l0_pce_rate_line.csv,A3317100823225003,21322,residential_rate,0,effective_residential_rate,0,< 0.08
l0_pce_rate_line.csv,A3317100825225003,21327,residential_rate,0,effective_residential_rate,0,< 0.08
l0_pce_rate_line.csv,A3317100826225003,21329,residential_rate,0.2941,effective_residential_rate,-0.0143,< 0.08
l0_pce_rate_line.csv,A3317100926225003,21359,residential_rate,0.2941,effective_residential_rate,-0.0143,< 0.08
l0_pce_rate_line.csv,A3317101026225003,21389,residential_rate,0.2941,effective_residential_rate,-0.0143,< 0.08
l0_pce_rate_line.csv,A3317200125225003,21473,residential_rate,0,effective_residential_rate,0,< 0.08
l0_pce_rate_line.csv,A3317200425225003,21563,residential_rate,0,effective_residential_rate,0,< 0.08
l0_pce_rate_line.csv,A3317200426225003,21566,residential_rate,0,effective_residential_rate,0,< 0.08
l0_pce_rate_line.csv,A3317200521225003,21585,residential_rate,0,effective_residential_rate,0,< 0.08
l0_pce_rate_line.csv,A3317200526225003,21597,residential_rate,0,effective_residential_rate,0,< 0.08
l0_pce_rate_line.csv,A3317200624225003,21624,residential_rate,0,effective_residential_rate,0,< 0.08
l0_pce_rate_line.csv,A3317200723225003,21652,residential_rate,0,effective_residential_rate,0,< 0.08
l0_pce_rate_line.csv,A3317200726225003,21659,residential_rate,0,effective_residential_rate,0,< 0.08
l0_pce_rate_line.csv,A3317200823225003,21683,residential_rate,0,effective_residential_rate,0,< 0.08
l0_pce_rate_line.csv,A3317200825225003,21688,residential_rate,0,effective_residential_rate,0,< 0.08
l0_pce_rate_line.csv,A3317200826225003,21691,residential_rate,0,effective_residential_rate,0,< 0.08
l0_pce_rate_line.csv,A3317200925225003,21720,residential_rate,0,effective_residential_rate,0,< 0.08
l0_pce_rate_line.csv,A3317201026225003,21753,residential_rate,0,effective_residential_rate,0,< 0.08
l0_pce_rate_line.csv,A3317201225225003,21808,residential_rate,0,effective_residential_rate,0,< 0.08
l0_pce_rate_line.csv,A3317300125225003,21837,residential_rate,0,effective_residential_rate,0,< 0.08
l0_pce_rate_line.csv,A3317300226225003,21870,residential_rate,0,effective_residential_rate,0,< 0.08
l0_pce_rate_line.csv,A3317300325225003,21899,residential_rate,0,effective_residential_rate,0,< 0.08
l0_pce_rate_line.csv,A3317300425225003,21930,residential_rate,0,effective_residential_rate,0,< 0.08
l0_pce_rate_line.csv,A3317300521225003,21951,residential_rate,0,effective_residential_rate,0,< 0.08
l0_pce_rate_line.csv,A3317300526225003,21963,residential_rate,0,effective_residential_rate,0,< 0.08
l0_pce_rate_line.csv,A3317300623225003,21987,residential_rate,0,effective_residential_rate,0,< 0.08
l0_pce_rate_line.csv,A3317300625225003,21992,residential_rate,0,effective_residential_rate,0,< 0.08
l0_pce_rate_line.csv,A3317300723225003,22018,residential_rate,0,effective_residential_rate,0,< 0.08
l0_pce_rate_line.csv,A3317300726225003,22025,residential_rate,0,effective_residential_rate,0,< 0.08
l0_pce_rate_line.csv,A3317300823225003,22049,residential_rate,0,effective_residential_rate,0,< 0.08
l0_pce_rate_line.csv,A3317300925225003,22084,residential_rate,0,effective_residential_rate,0,< 0.08
l0_pce_rate_line.csv,A3317301026225003,22117,residential_rate,0,effective_residential_rate,0,< 0.08
l0_pce_rate_line.csv,A3317301125225003,22145,residential_rate,0,effective_residential_rate,0,< 0.08
l0_pce_rate_line.csv,A3317301219225003,22158,residential_rate,0,effective_residential_rate,0,< 0.08
l0_pce_rate_line.csv,A3317301225225003,22174,residential_rate,0,effective_residential_rate,0,< 0.08
l0_pce_rate_line.csv,A3317400122225003,22182,residential_rate,0,effective_residential_rate,0,< 0.08
l0_pce_rate_line.csv,A3317400222225003,22194,residential_rate,0,effective_residential_rate,0,< 0.08
l0_pce_rate_line.csv,A3317401017225003,22276,residential_rate,0,effective_residential_rate,0,< 0.08
l0_pce_rate_line.csv,A3317401018225003,22278,residential_rate,0,effective_residential_rate,0,< 0.08
l0_pce_rate_line.csv,A3317500122225003,22314,residential_rate,0,effective_residential_rate,0,< 0.08
l0_pce_rate_line.csv,A3317500219225003,22320,residential_rate,0,effective_residential_rate,-0.1902,< 0.08
l0_pce_rate_line.csv,A3317500222225003,22324,residential_rate,0,effective_residential_rate,0,< 0.08
l0_pce_rate_line.csv,A3317500319225003,22330,residential_rate,0,effective_residential_rate,-0.1902,< 0.08
l0_pce_rate_line.csv,A3317500322225003,22334,residential_rate,0,effective_residential_rate,0,< 0.08
l0_pce_rate_line.csv,A3317500323225003,22336,residential_rate,0,effective_residential_rate,0,< 0.08
l0_pce_rate_line.csv,A3317500522225003,22353,residential_rate,0,effective_residential_rate,0,< 0.08
l0_pce_rate_line.csv,A3317500620225003,22362,residential_rate,0,effective_residential_rate,0,< 0.08
l0_pce_rate_line.csv,A3317500720225003,22372,residential_rate,0,effective_residential_rate,0,< 0.08
l0_pce_rate_line.csv,A3317500820225003,22382,residential_rate,0,effective_residential_rate,0,< 0.08
l0_pce_rate_line.csv,A3317500920225003,22392,residential_rate,0,effective_residential_rate,0,< 0.08
l0_pce_rate_line.csv,A3317501018225003,22399,residential_rate,0,effective_residential_rate,0,< 0.08
l0_pce_rate_line.csv,A3317501022225003,22403,residential_rate,0,effective_residential_rate,0,< 0.08
l0_pce_rate_line.csv,A3317501219225003,22418,residential_rate,0,effective_residential_rate,0,< 0.08
l0_pce_rate_line.csv,A3317600417225003,22456,residential_rate,0,effective_residential_rate,0,< 0.08
l0_pce_rate_line.csv,A3317600820225003,22510,residential_rate,0,effective_residential_rate,0,< 0.08
l0_pce_rate_line.csv,A3317600821225003,22512,residential_rate,0,effective_residential_rate,0,< 0.08
l0_pce_rate_line.csv,A3317600916225003,22519,residential_rate,0,effective_residential_rate,0,< 0.08
l0_pce_rate_line.csv,A3317601119225003,22545,residential_rate,0,effective_residential_rate,0,< 0.08
l0_pce_rate_line.csv,A3317601220225003,22558,residential_rate,0,effective_residential_rate,0,< 0.08
l0_pce_rate_line.csv,A3317700122225003,22571,residential_rate,0,effective_residential_rate,0,< 0.08
l0_pce_rate_line.csv,A3317700124225003,22574,residential_rate,0,effective_residential_rate,0,< 0.08
l0_pce_rate_line.csv,A3317700321225003,22590,residential_rate,0,effective_residential_rate,0,< 0.08
l0_pce_rate_line.csv,A3317700421225003,22599,residential_rate,0,effective_residential_rate,0,< 0.08
l0_pce_rate_line.csv,A3317700521225003,22610,residential_rate,0,effective_residential_rate,0,< 0.08
l0_pce_rate_line.csv,A3317700721225003,22632,residential_rate,0,effective_residential_rate,0,< 0.08
l0_pce_rate_line.csv,A3317800122225003,22689,residential_rate,0,effective_residential_rate,0,< 0.08
l0_pce_rate_line.csv,A3317800222225003,22700,residential_rate,0,effective_residential_rate,0,< 0.08
l0_pce_rate_line.csv,A3317800322225003,22712,residential_rate,0,effective_residential_rate,0,< 0.08
l0_pce_rate_line.csv,A3317800422225003,22724,residential_rate,0,effective_residential_rate,0,< 0.08
l0_pce_rate_line.csv,A3317800522225003,22737,residential_rate,0,effective_residential_rate,0,< 0.08
l0_pce_rate_line.csv,A3317800816225003,22768,residential_rate,0,effective_residential_rate,0,< 0.08
l0_pce_rate_line.csv,A3317800916225003,22781,residential_rate,0,effective_residential_rate,0,< 0.08
l0_pce_rate_line.csv,A3317801016225003,22794,residential_rate,0,effective_residential_rate,0,< 0.08
l0_pce_rate_line.csv,A3317801116225003,22807,residential_rate,0,effective_residential_rate,0,< 0.08
l0_pce_rate_line.csv,A3317900122225003,22837,residential_rate,0,effective_residential_rate,0,< 0.08
l0_pce_rate_line.csv,A3317900222225003,22844,residential_rate,0,effective_residential_rate,0,< 0.08
l0_pce_rate_line.csv,A3317900322225003,22851,residential_rate,0,effective_residential_rate,0,< 0.08
l0_pce_rate_line.csv,A3317900616225003,22867,residential_rate,0,effective_residential_rate,0,< 0.08
l0_pce_rate_line.csv,A3317900722225003,22881,residential_rate,0,effective_residential_rate,0,< 0.08
l0_pce_rate_line.csv,A3317900816225003,22883,residential_rate,0,effective_residential_rate,0,< 0.08
l0_pce_rate_line.csv,A3317900822225003,22890,residential_rate,0,effective_residential_rate,0,< 0.08
l0_pce_rate_line.csv,A3317900922225003,22898,residential_rate,0,effective_residential_rate,0,< 0.08
l0_pce_rate_line.csv,A3317901022225003,22906,residential_rate,0,effective_residential_rate,0,< 0.08
l0_pce_rate_line.csv,A3317901122225003,22914,residential_rate,0,effective_residential_rate,0,< 0.08
l0_pce_rate_line.csv,A3317901222225003,22922,residential_rate,0,effective_residential_rate,0,< 0.08
l0_pce_rate_line.csv,A3318000117225003,22929,residential_rate,0,effective_residential_rate,0,< 0.08
l0_pce_rate_line.csv,A3318000124225003,22950,residential_rate,0,effective_residential_rate,0,< 0.08
l0_pce_rate_line.csv,A3318000125225003,22953,residential_rate,0,effective_residential_rate,0,< 0.08
l0_pce_rate_line.csv,A3318000125225003,22954,residential_rate,0,effective_residential_rate,0,< 0.08
l0_pce_rate_line.csv,A3318000126225003,22957,residential_rate,0,effective_residential_rate,0,< 0.08
l0_pce_rate_line.csv,A3318000216225003,22961,residential_rate,0,effective_residential_rate,0,< 0.08
l0_pce_rate_line.csv,A3318000224225003,22985,residential_rate,0,effective_residential_rate,0,< 0.08
l0_pce_rate_line.csv,A3318000225225003,22988,residential_rate,0,effective_residential_rate,0,< 0.08
l0_pce_rate_line.csv,A3318000225225003,22989,residential_rate,0,effective_residential_rate,0,< 0.08
l0_pce_rate_line.csv,A3318000226225003,22992,residential_rate,0,effective_residential_rate,0,< 0.08
l0_pce_rate_line.csv,A3318000316225003,22996,residential_rate,0,effective_residential_rate,0,< 0.08
l0_pce_rate_line.csv,A3318000324225003,23020,residential_rate,0,effective_residential_rate,0,< 0.08
l0_pce_rate_line.csv,A3318000325225003,23023,residential_rate,0,effective_residential_rate,0,< 0.08
l0_pce_rate_line.csv,A3318000416225003,23029,residential_rate,0,effective_residential_rate,0,< 0.08
l0_pce_rate_line.csv,A3318000420225003,23042,residential_rate,0,effective_residential_rate,0,< 0.08
l0_pce_rate_line.csv,A3318000424225003,23053,residential_rate,0,effective_residential_rate,0,< 0.08
l0_pce_rate_line.csv,A3318000425225003,23056,residential_rate,0,effective_residential_rate,0,< 0.08
l0_pce_rate_line.csv,A3318000425225003,23057,residential_rate,0,effective_residential_rate,0,< 0.08
l0_pce_rate_line.csv,A3318000426225003,23060,residential_rate,0,effective_residential_rate,0,< 0.08
l0_pce_rate_line.csv,A3318000426225003,23061,residential_rate,0,effective_residential_rate,0,< 0.08
l0_pce_rate_line.csv,A3318000516225003,23065,residential_rate,0,effective_residential_rate,0,< 0.08
l0_pce_rate_line.csv,A3318000521225003,23081,residential_rate,0,effective_residential_rate,0,< 0.08
l0_pce_rate_line.csv,A3318000524225003,23089,residential_rate,0,effective_residential_rate,0,< 0.08
l0_pce_rate_line.csv,A3318000524225003,23090,residential_rate,0,effective_residential_rate,0,< 0.08
l0_pce_rate_line.csv,A3318000525225003,23093,residential_rate,0,effective_residential_rate,0,< 0.08
l0_pce_rate_line.csv,A3318000525225003,23094,residential_rate,0,effective_residential_rate,0,< 0.08
l0_pce_rate_line.csv,A3318000526225003,23097,residential_rate,0,effective_residential_rate,0,< 0.08
l0_pce_rate_line.csv,A3318000624225003,23124,residential_rate,0,effective_residential_rate,0,< 0.08
l0_pce_rate_line.csv,A3318000625225003,23127,residential_rate,0,effective_residential_rate,0,< 0.08
l0_pce_rate_line.csv,A3318000626225003,23130,residential_rate,0,effective_residential_rate,0,< 0.08
l0_pce_rate_line.csv,A3318000626225003,23131,residential_rate,0,effective_residential_rate,0,< 0.08
l0_pce_rate_line.csv,A3318000723225003,23154,residential_rate,0,effective_residential_rate,0,< 0.08
l0_pce_rate_line.csv,A3318000724225003,23157,residential_rate,0,effective_residential_rate,0,< 0.08
l0_pce_rate_line.csv,A3318000726225003,23162,residential_rate,0,effective_residential_rate,0,< 0.08
l0_pce_rate_line.csv,A3318000823225003,23184,residential_rate,0,effective_residential_rate,-0.2601,< 0.08
l0_pce_rate_line.csv,A3318000823225003,23185,residential_rate,0,effective_residential_rate,-0.2601,< 0.08
l0_pce_rate_line.csv,A3318000824225003,23189,residential_rate,0,effective_residential_rate,0,< 0.08
l0_pce_rate_line.csv,A3318000825225003,23192,residential_rate,0,effective_residential_rate,0,< 0.08
l0_pce_rate_line.csv,A3318000825225003,23193,residential_rate,0,effective_residential_rate,0,< 0.08
l0_pce_rate_line.csv,A3318000826225003,23196,residential_rate,0,effective_residential_rate,0,< 0.08
l0_pce_rate_line.csv,A3318000920225003,23212,residential_rate,0,effective_residential_rate,0,< 0.08
l0_pce_rate_line.csv,A3318000924225003,23224,residential_rate,0,effective_residential_rate,0,< 0.08
l0_pce_rate_line.csv,A3318000925225003,23227,residential_rate,0,effective_residential_rate,0,< 0.08
l0_pce_rate_line.csv,A3318000925225003,23228,residential_rate,0,effective_residential_rate,0,< 0.08
l0_pce_rate_line.csv,A3318000926225003,23231,residential_rate,0,effective_residential_rate,0,< 0.08
l0_pce_rate_line.csv,A3318001024225003,23258,residential_rate,0,effective_residential_rate,0,< 0.08
l0_pce_rate_line.csv,A3318001024225003,23259,residential_rate,0,effective_residential_rate,0,< 0.08
l0_pce_rate_line.csv,A3318001025225003,23262,residential_rate,0,effective_residential_rate,0,< 0.08
l0_pce_rate_line.csv,A3318001026225003,23265,residential_rate,0,effective_residential_rate,0,< 0.08
l0_pce_rate_line.csv,A3318001125225003,23294,residential_rate,0,effective_residential_rate,0,< 0.08
l0_pce_rate_line.csv,A3318001219225003,23307,residential_rate,0,effective_residential_rate,0,< 0.08
l0_pce_rate_line.csv,A3318001224225003,23322,residential_rate,0,effective_residential_rate,0,< 0.08
l0_pce_rate_line.csv,A3318001224225003,23323,residential_rate,0,effective_residential_rate,0,< 0.08
l0_pce_rate_line.csv,A3318001225225003,23326,residential_rate,0,effective_residential_rate,0,< 0.08
l0_pce_rate_line.csv,A3318100418225003,23341,residential_rate,0,effective_residential_rate,0,< 0.08
l0_pce_rate_line.csv,A3318100518225003,23347,residential_rate,0,effective_residential_rate,0,< 0.08
l0_pce_rate_line.csv,A3318100521225003,23351,residential_rate,0,effective_residential_rate,0,< 0.08
l0_pce_rate_line.csv,A3318100621225003,23357,residential_rate,0,effective_residential_rate,0,< 0.08
l0_pce_rate_line.csv,A3318100718225003,23360,residential_rate,0,effective_residential_rate,0,< 0.08
l0_pce_rate_line.csv,A3318100721225003,23364,residential_rate,0,effective_residential_rate,0,< 0.08
l0_pce_rate_line.csv,A3318100818225003,23367,residential_rate,0,effective_residential_rate,0,< 0.08
l0_pce_rate_line.csv,A3318100918225003,23373,residential_rate,0,effective_residential_rate,0,< 0.08
l0_pce_rate_line.csv,A3318101219225003,23390,residential_rate,0,effective_residential_rate,0,< 0.08
l0_pce_rate_line.csv,A3318101220225003,23392,residential_rate,0,effective_residential_rate,0,< 0.08
l0_pce_rate_line.csv,A3318200120225003,23400,residential_rate,0,effective_residential_rate,0,< 0.08
l0_pce_rate_line.csv,A3318200122225003,23403,residential_rate,0,effective_residential_rate,0,< 0.08
l0_pce_rate_line.csv,A3318200224225003,23421,residential_rate,0,effective_residential_rate,0,< 0.08
l0_pce_rate_line.csv,A3318200324225003,23435,residential_rate,0,effective_residential_rate,0,< 0.08
l0_pce_rate_line.csv,A3318200416225003,23441,residential_rate,0,effective_residential_rate,0,< 0.08
l0_pce_rate_line.csv,A3318200420225003,23446,residential_rate,0,effective_residential_rate,0,< 0.08
l0_pce_rate_line.csv,A3318200524225003,23466,residential_rate,0,effective_residential_rate,0,< 0.08
l0_pce_rate_line.csv,A3318200724225003,23496,residential_rate,0,effective_residential_rate,0,< 0.08
l0_pce_rate_line.csv,A3318201022225003,23535,residential_rate,0,effective_residential_rate,0,< 0.08
l0_pce_rate_line.csv,A3318201220225003,23561,residential_rate,0,effective_residential_rate,0,< 0.08
l0_pce_rate_line.csv,A3318301220225003,23693,residential_rate,0,effective_residential_rate,0,< 0.08
l0_pce_rate_line.csv,A3318301222225003,23696,residential_rate,0,effective_residential_rate,0,< 0.08
l0_pce_rate_line.csv,A3318400220225003,23710,residential_rate,0,effective_residential_rate,-0.5656,< 0.08
l0_pce_rate_line.csv,A3318400919225003,23744,residential_rate,0,effective_residential_rate,-0.5406,< 0.08
l0_pce_rate_line.csv,A3318400920225003,23746,residential_rate,0,effective_residential_rate,0,< 0.08
l0_pce_rate_line.csv,A3318401018225003,23749,residential_rate,0,effective_residential_rate,0,< 0.08
l0_pce_rate_line.csv,A3318401020225003,23752,residential_rate,0,effective_residential_rate,0,< 0.08
l0_pce_rate_line.csv,A3318401120225003,23757,residential_rate,0,effective_residential_rate,0,< 0.08
l0_pce_rate_line.csv,A3318500217225003,23774,residential_rate,0,effective_residential_rate,0,< 0.08
l0_pce_rate_line.csv,A3318500219225003,23777,residential_rate,0,effective_residential_rate,0,< 0.08
l0_pce_rate_line.csv,A3318500220225003,23779,residential_rate,0,effective_residential_rate,0,< 0.08
l0_pce_rate_line.csv,A3318500224225003,23785,residential_rate,0,effective_residential_rate,0,< 0.08
l0_pce_rate_line.csv,A3318500320225003,23792,residential_rate,0,effective_residential_rate,0,< 0.08
l0_pce_rate_line.csv,A3318500324225003,23798,residential_rate,0,effective_residential_rate,0,< 0.08
l0_pce_rate_line.csv,A3318500420225003,23805,residential_rate,0,effective_residential_rate,0,< 0.08
l0_pce_rate_line.csv,A3318500424225003,23811,residential_rate,0,effective_residential_rate,0,< 0.08
l0_pce_rate_line.csv,A3318500520225003,23818,residential_rate,0,effective_residential_rate,0,< 0.08
l0_pce_rate_line.csv,A3318500621225003,23832,residential_rate,0,effective_residential_rate,0,< 0.08
l0_pce_rate_line.csv,A3318500622225003,23834,residential_rate,0,effective_residential_rate,0,< 0.08
l0_pce_rate_line.csv,A3318500720225003,23844,residential_rate,0,effective_residential_rate,0,< 0.08
l0_pce_rate_line.csv,A3318500820225003,23856,residential_rate,0,effective_residential_rate,0,< 0.08
l0_pce_rate_line.csv,A3318500822225003,23859,residential_rate,0,effective_residential_rate,0,< 0.08
l0_pce_rate_line.csv,A3318500920225003,23869,residential_rate,0,effective_residential_rate,0,< 0.08
l0_pce_rate_line.csv,A3318501018225003,23879,residential_rate,0,effective_residential_rate,0,< 0.08
l0_pce_rate_line.csv,A3318501118225003,23891,residential_rate,0,effective_residential_rate,0,< 0.08
l0_pce_rate_line.csv,A3318501120225003,23894,residential_rate,0,effective_residential_rate,0,< 0.08
l0_pce_rate_line.csv,A3318501219225003,23905,residential_rate,0,effective_residential_rate,-0.3543,< 0.08
l0_pce_rate_line.csv,A3318600121225003,23916,residential_rate,0,effective_residential_rate,0,< 0.08
l0_pce_rate_line.csv,A3318600122225003,23918,residential_rate,0,effective_residential_rate,0,< 0.08
l0_pce_rate_line.csv,A3318600222225003,23930,residential_rate,0,effective_residential_rate,0,< 0.08
l0_pce_rate_line.csv,A3318600322225003,23942,residential_rate,0,effective_residential_rate,0,< 0.08
l0_pce_rate_line.csv,A3318600421225003,23953,residential_rate,0,effective_residential_rate,0,< 0.08
l0_pce_rate_line.csv,A3318600521225003,23966,residential_rate,0,effective_residential_rate,0,< 0.08
l0_pce_rate_line.csv,A3318600721225003,23990,residential_rate,0,effective_residential_rate,0,< 0.08
l0_pce_rate_line.csv,A3318600821225003,24002,residential_rate,0,effective_residential_rate,0,< 0.08
l0_pce_rate_line.csv,A3318600822225003,24004,residential_rate,0,effective_residential_rate,0,< 0.08
l0_pce_rate_line.csv,A3318601017225003,24022,residential_rate,0,effective_residential_rate,0,< 0.08
l0_pce_rate_line.csv,A3318700120225003,24059,residential_rate,0,effective_residential_rate,-0.259,< 0.08
l0_pce_rate_line.csv,A3318700220225003,24075,residential_rate,0,effective_residential_rate,-0.259,< 0.08
l0_pce_rate_line.csv,A3318700320225003,24090,residential_rate,0,effective_residential_rate,-0.259,< 0.08
l0_pce_rate_line.csv,A3318700419225003,24104,residential_rate,0,effective_residential_rate,-0.2598,< 0.08
l0_pce_rate_line.csv,A3318700420225003,24106,residential_rate,0,effective_residential_rate,-0.259,< 0.08
l0_pce_rate_line.csv,A3318700519225003,24121,residential_rate,0,effective_residential_rate,-0.2598,< 0.08
l0_pce_rate_line.csv,A3318700520225003,24123,residential_rate,0,effective_residential_rate,-0.259,< 0.08
l0_pce_rate_line.csv,A3318700619225003,24137,residential_rate,0,effective_residential_rate,-0.2598,< 0.08
l0_pce_rate_line.csv,A3318700620225003,24139,residential_rate,0,effective_residential_rate,-0.259,< 0.08
l0_pce_rate_line.csv,A3318700719225003,24153,residential_rate,0,effective_residential_rate,-0.2598,< 0.08
l0_pce_rate_line.csv,A3318700720225003,24155,residential_rate,0,effective_residential_rate,-0.259,< 0.08
l0_pce_rate_line.csv,A3318700720225003,24156,residential_rate,0,effective_residential_rate,0,< 0.08
l0_pce_rate_line.csv,A3318700721225003,24158,residential_rate,0,effective_residential_rate,-0.2309,< 0.08
l0_pce_rate_line.csv,A3318700819225003,24170,residential_rate,0,effective_residential_rate,-0.2598,< 0.08
l0_pce_rate_line.csv,A3318700820225003,24172,residential_rate,0,effective_residential_rate,-0.259,< 0.08
l0_pce_rate_line.csv,A3318700919225003,24187,residential_rate,0,effective_residential_rate,-0.2598,< 0.08
l0_pce_rate_line.csv,A3318700920225003,24189,residential_rate,0,effective_residential_rate,-0.259,< 0.08
l0_pce_rate_line.csv,A3318700921225003,24191,residential_rate,0,effective_residential_rate,0,< 0.08
l0_pce_rate_line.csv,A3318701019225003,24204,residential_rate,0,effective_residential_rate,-0.2598,< 0.08
l0_pce_rate_line.csv,A3318701020225003,24206,residential_rate,0,effective_residential_rate,-0.259,< 0.08
l0_pce_rate_line.csv,A3318701119225003,24220,residential_rate,0,effective_residential_rate,-0.2598,< 0.08
l0_pce_rate_line.csv,A3318701120225003,24222,residential_rate,0,effective_residential_rate,-0.259,< 0.08
l0_pce_rate_line.csv,A3318701219225003,24237,residential_rate,0,effective_residential_rate,-0.259,< 0.08
l0_pce_rate_line.csv,A3318701220225003,24239,residential_rate,0,effective_residential_rate,0,< 0.08
l0_pce_rate_line.csv,A3318800121225003,24254,residential_rate,0,effective_residential_rate,0,< 0.08
l0_pce_rate_line.csv,A3318800216225003,24260,residential_rate,0,effective_residential_rate,0,< 0.08
l0_pce_rate_line.csv,A3318800219225003,24264,residential_rate,0,effective_residential_rate,0,< 0.08
l0_pce_rate_line.csv,A3318800318225003,24274,residential_rate,0,effective_residential_rate,0,< 0.08
l0_pce_rate_line.csv,A3318801223225003,24383,residential_rate,0,effective_residential_rate,0,< 0.08
l0_pce_rate_line.csv,A3318900122225003,24393,residential_rate,0,effective_residential_rate,0,< 0.08
l0_pce_rate_line.csv,A3318900418225003,24420,residential_rate,0,effective_residential_rate,0,< 0.08
l0_pce_rate_line.csv,A3318900522225003,24436,residential_rate,0,effective_residential_rate,0,< 0.08
l0_pce_rate_line.csv,A3318900716225003,24453,residential_rate,0,effective_residential_rate,0,< 0.08
l0_pce_rate_line.csv,A3318901018225003,24490,residential_rate,0,effective_residential_rate,0,< 0.08
l0_pce_rate_line.csv,A3318901220225003,24515,residential_rate,0,effective_residential_rate,0,< 0.08
l0_pce_rate_line.csv,A3319000516225003,24563,residential_rate,0,effective_residential_rate,0,< 0.08
l0_pce_rate_line.csv,A3319000517225003,24565,residential_rate,0,effective_residential_rate,0,< 0.08
l0_pce_rate_line.csv,A3319000617225003,24577,residential_rate,0,effective_residential_rate,0,< 0.08
l0_pce_rate_line.csv,A3319000917225003,24611,residential_rate,0,effective_residential_rate,0,< 0.08
l0_pce_rate_line.csv,A3319001017225003,24623,residential_rate,0,effective_residential_rate,0,< 0.08
l0_pce_rate_line.csv,A3319001018225003,24625,residential_rate,0,effective_residential_rate,0,< 0.08
l0_pce_rate_line.csv,A3319001220225003,24651,residential_rate,0,effective_residential_rate,0,< 0.08
l0_pce_rate_line.csv,A3319100122225003,24664,residential_rate,0,effective_residential_rate,0,< 0.08
l0_pce_rate_line.csv,A3319100217225003,24672,residential_rate,0,effective_residential_rate,0,< 0.08
l0_pce_rate_line.csv,A3319100423225003,24703,residential_rate,0.8,effective_residential_rate,0.0625,< 0.08
l0_pce_rate_line.csv,A3319100423225003,24704,residential_rate,0,effective_residential_rate,0,< 0.08
l0_pce_rate_line.csv,A3319100820225003,24757,residential_rate,0,effective_residential_rate,0,< 0.08
l0_pce_rate_line.csv,A3319101016225003,24782,residential_rate,0,effective_residential_rate,0,< 0.08
l0_pce_rate_line.csv,A3319101018225003,24785,residential_rate,0,effective_residential_rate,0,< 0.08
l0_pce_rate_line.csv,A3319101019225003,24787,residential_rate,0,effective_residential_rate,-0.6322,< 0.08
l0_pce_rate_line.csv,A3319101119225003,24802,residential_rate,0,effective_residential_rate,-0.6322,< 0.08
l0_pce_rate_line.csv,A3319200117225003,24828,residential_rate,0,effective_residential_rate,0,< 0.08
l0_pce_rate_line.csv,A3319200118225003,24830,residential_rate,0,effective_residential_rate,0,< 0.08
l0_pce_rate_line.csv,A3319200119225003,24832,residential_rate,0,effective_residential_rate,0,< 0.08
l0_pce_rate_line.csv,A3319200219225003,24851,residential_rate,0,effective_residential_rate,0,< 0.08
l0_pce_rate_line.csv,A3319200221225003,24854,residential_rate,0,effective_residential_rate,0,< 0.08
l0_pce_rate_line.csv,A3319200318225003,24872,residential_rate,0,effective_residential_rate,0,< 0.08
l0_pce_rate_line.csv,A3319200319225003,24874,residential_rate,0,effective_residential_rate,0,< 0.08
l0_pce_rate_line.csv,A3319200321225003,24877,residential_rate,0,effective_residential_rate,0,< 0.08
l0_pce_rate_line.csv,A3319200419225003,24896,residential_rate,0,effective_residential_rate,0,< 0.08
l0_pce_rate_line.csv,A3319200518225003,24914,residential_rate,0,effective_residential_rate,0,< 0.08
l0_pce_rate_line.csv,A3319200519225003,24916,residential_rate,0,effective_residential_rate,0,< 0.08
l0_pce_rate_line.csv,A3319200520225003,24918,residential_rate,0,effective_residential_rate,0,< 0.08
l0_pce_rate_line.csv,A3319200521225003,24920,residential_rate,0,effective_residential_rate,0,< 0.08
l0_pce_rate_line.csv,A3319200617225003,24935,residential_rate,0,effective_residential_rate,0,< 0.08
l0_pce_rate_line.csv,A3319200618225003,24937,residential_rate,0,effective_residential_rate,0,< 0.08
l0_pce_rate_line.csv,A3319200619225003,24939,residential_rate,0,effective_residential_rate,0,< 0.08
l0_pce_rate_line.csv,A3319200619225003,24940,residential_rate,0,effective_residential_rate,0,< 0.08
l0_pce_rate_line.csv,A3319200621225003,24943,residential_rate,0,effective_residential_rate,0,< 0.08
l0_pce_rate_line.csv,A3319200716225003,24956,residential_rate,0,effective_residential_rate,0,< 0.08
l0_pce_rate_line.csv,A3319200717225003,24958,residential_rate,0,effective_residential_rate,0,< 0.08
l0_pce_rate_line.csv,A3319200718225003,24960,residential_rate,0,effective_residential_rate,0,< 0.08
l0_pce_rate_line.csv,A3319200719225003,24962,residential_rate,0,effective_residential_rate,0,< 0.08
l0_pce_rate_line.csv,A3319200722225003,24969,residential_rate,0,effective_residential_rate,0,< 0.08
l0_pce_rate_line.csv,A3319200816225003,24979,residential_rate,0,effective_residential_rate,0,< 0.08
l0_pce_rate_line.csv,A3319200816225003,24980,residential_rate,0,effective_residential_rate,0,< 0.08
l0_pce_rate_line.csv,A3319200817225003,24982,residential_rate,0,effective_residential_rate,0,< 0.08
l0_pce_rate_line.csv,A3319200819225003,24985,residential_rate,0,effective_residential_rate,0,< 0.08
l0_pce_rate_line.csv,A3319200820225003,24987,residential_rate,0,effective_residential_rate,0,< 0.08
l0_pce_rate_line.csv,A3319200821225003,24989,residential_rate,0,effective_residential_rate,0,< 0.08
l0_pce_rate_line.csv,A3319200822225003,24993,residential_rate,0,effective_residential_rate,0,< 0.08
l0_pce_rate_line.csv,A3319200916225003,25003,residential_rate,0,effective_residential_rate,0,< 0.08
l0_pce_rate_line.csv,A3319200917225003,25005,residential_rate,0,effective_residential_rate,0,< 0.08
l0_pce_rate_line.csv,A3319200918225003,25007,residential_rate,0,effective_residential_rate,0,< 0.08
l0_pce_rate_line.csv,A3319200919225003,25009,residential_rate,0,effective_residential_rate,0,< 0.08
l0_pce_rate_line.csv,A3319200922225003,25013,residential_rate,0,effective_residential_rate,0,< 0.08
l0_pce_rate_line.csv,A3319201016225003,25022,residential_rate,0,effective_residential_rate,0,< 0.08
l0_pce_rate_line.csv,A3319201017225003,25024,residential_rate,0,effective_residential_rate,0,< 0.08
l0_pce_rate_line.csv,A3319201018225003,25026,residential_rate,0,effective_residential_rate,0,< 0.08
l0_pce_rate_line.csv,A3319201018225003,25027,residential_rate,0,effective_residential_rate,0,< 0.08
l0_pce_rate_line.csv,A3319201020225003,25030,residential_rate,0,effective_residential_rate,0,< 0.08
l0_pce_rate_line.csv,A3319201116225003,25038,residential_rate,0,effective_residential_rate,0,< 0.08
l0_pce_rate_line.csv,A3319201116225003,25039,residential_rate,0,effective_residential_rate,0,< 0.08
l0_pce_rate_line.csv,A3319201118225003,25043,residential_rate,0,effective_residential_rate,0,< 0.08
l0_pce_rate_line.csv,A3319201118225003,25044,residential_rate,0,effective_residential_rate,0,< 0.08
l0_pce_rate_line.csv,A3319201216225003,25055,residential_rate,0,effective_residential_rate,0,< 0.08
l0_pce_rate_line.csv,A3319201218225003,25058,residential_rate,0,effective_residential_rate,0,< 0.08
l0_pce_rate_line.csv,A3319201219225003,25060,residential_rate,0,effective_residential_rate,0,< 0.08
l0_pce_rate_line.csv,A3319201220225003,25062,residential_rate,0,effective_residential_rate,0,< 0.08
l0_pce_rate_line.csv,A3319201220225003,25063,residential_rate,0,effective_residential_rate,0,< 0.08
l0_pce_rate_line.csv,A3319300118225003,25081,residential_rate,0,effective_residential_rate,0,< 0.08
l0_pce_rate_line.csv,A3319300517225003,25118,residential_rate,0,effective_residential_rate,0,< 0.08
l0_pce_rate_line.csv,A3319300617225003,25128,residential_rate,0,effective_residential_rate,0,< 0.08
l0_pce_rate_line.csv,A3319300918225003,25158,residential_rate,0,effective_residential_rate,0,< 0.08
l0_pce_rate_line.csv,A3319400117225003,25192,residential_rate,0,effective_residential_rate,0,< 0.08
l0_pce_rate_line.csv,A3319400222225003,25208,residential_rate,0,effective_residential_rate,0,< 0.08
l0_pce_rate_line.csv,A3319500125225003,25337,residential_rate,0,effective_residential_rate,0,< 0.08
l0_pce_rate_line.csv,A3319500226225003,25370,residential_rate,0,effective_residential_rate,0,< 0.08
l0_pce_rate_line.csv,A3319500325225003,25399,residential_rate,0,effective_residential_rate,0,< 0.08
l0_pce_rate_line.csv,A3319500521225003,25450,residential_rate,0,effective_residential_rate,0,< 0.08
l0_pce_rate_line.csv,A3319500526225003,25462,residential_rate,0,effective_residential_rate,0,< 0.08
l0_pce_rate_line.csv,A3319500723225003,25515,residential_rate,0,effective_residential_rate,0,< 0.08
l0_pce_rate_line.csv,A3319500726225003,25522,residential_rate,0,effective_residential_rate,0,< 0.08
l0_pce_rate_line.csv,A3319500823225003,25546,residential_rate,0,effective_residential_rate,0,< 0.08
l0_pce_rate_line.csv,A3319500924225003,25579,residential_rate,0,effective_residential_rate,0,< 0.08
l0_pce_rate_line.csv,A3319600522225003,25715,residential_rate,0,effective_residential_rate,0,< 0.08
l0_pce_rate_line.csv,A3319600621225003,25726,residential_rate,0,effective_residential_rate,0,< 0.08
l0_pce_rate_line.csv,A3319600622225003,25728,residential_rate,0,effective_residential_rate,0,< 0.08
l0_pce_rate_line.csv,A3319600722225003,25740,residential_rate,0,effective_residential_rate,0,< 0.08
l0_pce_rate_line.csv,A3319600822225003,25752,residential_rate,0,effective_residential_rate,0,< 0.08
l0_pce_rate_line.csv,A3319700122225003,25807,residential_rate,0,effective_residential_rate,0,< 0.08
l0_pce_rate_line.csv,A3319700124225003,25811,residential_rate,0,effective_residential_rate,0,< 0.08
l0_pce_rate_line.csv,A3319700222225003,25820,residential_rate,0,effective_residential_rate,0,< 0.08
l0_pce_rate_line.csv,A3319700223225003,25822,residential_rate,0,effective_residential_rate,0,< 0.08
l0_pce_rate_line.csv,A3319700322225003,25833,residential_rate,0,effective_residential_rate,0,< 0.08
l0_pce_rate_line.csv,A3319700323225003,25835,residential_rate,0,effective_residential_rate,0,< 0.08
l0_pce_rate_line.csv,A3319700421225003,25844,residential_rate,0,effective_residential_rate,0,< 0.08
l0_pce_rate_line.csv,A3319700423225003,25847,residential_rate,0,effective_residential_rate,0,< 0.08
l0_pce_rate_line.csv,A3319700616225003,25862,residential_rate,0,effective_residential_rate,0,< 0.08
l0_pce_rate_line.csv,A3319701220225003,25933,residential_rate,0,effective_residential_rate,0,< 0.08
l0_pce_rate_line.csv,A3319800121225003,25943,residential_rate,0,effective_residential_rate,-0.4927,< 0.08
l0_pce_rate_line.csv,A3319800122225003,25945,residential_rate,0,effective_residential_rate,-0.4989,< 0.08
l0_pce_rate_line.csv,A3319800123225003,25948,residential_rate,0,effective_residential_rate,0,< 0.08
l0_pce_rate_line.csv,A3319800221225003,25961,residential_rate,0,effective_residential_rate,-0.4927,< 0.08
l0_pce_rate_line.csv,A3319800222225003,25963,residential_rate,0,effective_residential_rate,-0.4989,< 0.08
l0_pce_rate_line.csv,A3319800224225003,25968,residential_rate,0,effective_residential_rate,0,< 0.08
l0_pce_rate_line.csv,A3319800321225003,25978,residential_rate,0,effective_residential_rate,-0.4927,< 0.08
l0_pce_rate_line.csv,A3319800322225003,25980,residential_rate,0,effective_residential_rate,-0.4989,< 0.08
l0_pce_rate_line.csv,A3319800420225003,25993,residential_rate,0,effective_residential_rate,-0.5079,< 0.08
l0_pce_rate_line.csv,A3319800421225003,25995,residential_rate,0,effective_residential_rate,-0.4927,< 0.08
l0_pce_rate_line.csv,A3319800422225003,25997,residential_rate,0,effective_residential_rate,-0.4989,< 0.08
l0_pce_rate_line.csv,A3319800520225003,26011,residential_rate,0,effective_residential_rate,-0.5079,< 0.08
l0_pce_rate_line.csv,A3319800521225003,26013,residential_rate,0,effective_residential_rate,-0.4927,< 0.08
l0_pce_rate_line.csv,A3319800620225003,26030,residential_rate,0,effective_residential_rate,0,< 0.08
l0_pce_rate_line.csv,A3319800621225003,26032,residential_rate,0,effective_residential_rate,-0.4927,< 0.08
l0_pce_rate_line.csv,A3319800622225003,26035,residential_rate,0,effective_residential_rate,0,< 0.08
l0_pce_rate_line.csv,A3319800720225003,26049,residential_rate,0,effective_residential_rate,-0.5079,< 0.08
l0_pce_rate_line.csv,A3319800721225003,26051,residential_rate,0,effective_residential_rate,-0.4927,< 0.08
l0_pce_rate_line.csv,A3319800722225003,26054,residential_rate,0,effective_residential_rate,0,< 0.08
l0_pce_rate_line.csv,A3319800822225003,26073,residential_rate,0,effective_residential_rate,0,< 0.08
l0_pce_rate_line.csv,A3319800920225003,26087,residential_rate,0,effective_residential_rate,-0.5079,< 0.08
l0_pce_rate_line.csv,A3319800920225003,26088,residential_rate,0,effective_residential_rate,0,< 0.08
l0_pce_rate_line.csv,A3319800921225003,26090,residential_rate,0,effective_residential_rate,-0.4927,< 0.08
l0_pce_rate_line.csv,A3319800922225003,26093,residential_rate,0,effective_residential_rate,0,< 0.08
l0_pce_rate_line.csv,A3319801020225003,26107,residential_rate,0,effective_residential_rate,-0.5079,< 0.08
l0_pce_rate_line.csv,A3319801021225003,26109,residential_rate,0,effective_residential_rate,-0.4927,< 0.08
l0_pce_rate_line.csv,A3319801116225003,26122,residential_rate,0,effective_residential_rate,0,< 0.08
l0_pce_rate_line.csv,A3319801120225003,26127,residential_rate,0,effective_residential_rate,-0.5079,< 0.08
l0_pce_rate_line.csv,A3319801121225003,26129,residential_rate,0,effective_residential_rate,-0.4927,< 0.08
l0_pce_rate_line.csv,A3319801220225003,26145,residential_rate,0,effective_residential_rate,-0.5079,< 0.08
l0_pce_rate_line.csv,A3319801220225003,26146,residential_rate,0,effective_residential_rate,0,< 0.08
l0_pce_rate_line.csv,A3319801221225003,26148,residential_rate,0,effective_residential_rate,-0.4927,< 0.08
l0_pce_rate_line.csv,A3319900219225003,26172,residential_rate,0,effective_residential_rate,0,< 0.08
l0_pce_rate_line.csv,A3319900319225003,26184,residential_rate,0,effective_residential_rate,0,< 0.08
l0_pce_rate_line.csv,A3319900523225003,26211,residential_rate,0,effective_residential_rate,0,< 0.08
l0_pce_rate_line.csv,A3319900622225003,26222,residential_rate,0,effective_residential_rate,0,< 0.08
l0_pce_rate_line.csv,A3319900821225003,26244,residential_rate,0,effective_residential_rate,0,< 0.08
l0_pce_rate_line.csv,A3319901021225003,26266,residential_rate,0,effective_residential_rate,0,< 0.08
l0_pce_rate_line.csv,A3319901121225003,26278,residential_rate,0,effective_residential_rate,0,< 0.08
l0_pce_rate_line.csv,A3319901219225003,26288,residential_rate,0,effective_residential_rate,0,< 0.08
l0_pce_rate_line.csv,A3319901220225003,26290,residential_rate,0,effective_residential_rate,0,< 0.08
l0_pce_rate_line.csv,A3319901221225003,26292,residential_rate,0,effective_residential_rate,0,< 0.08
l0_pce_rate_line.csv,A3320000416225003,26327,residential_rate,0.4,effective_residential_rate,0.0733,< 0.08
l0_pce_rate_line.csv,A3320000416225003,26328,residential_rate,0,effective_residential_rate,0,< 0.08
l0_pce_rate_line.csv,A3320001220225003,26421,residential_rate,0,effective_residential_rate,0,< 0.08
l0_pce_rate_line.csv,A3320100117225003,26429,residential_rate,0,effective_residential_rate,0,< 0.08
l0_pce_rate_line.csv,A3320100118225003,26431,residential_rate,0,effective_residential_rate,0,< 0.08
l0_pce_rate_line.csv,A3320100120225003,26434,residential_rate,0,effective_residential_rate,0,< 0.08
l0_pce_rate_line.csv,A3320100217225003,26442,residential_rate,0,effective_residential_rate,0,< 0.08
l0_pce_rate_line.csv,A3320100219225003,26445,residential_rate,0,effective_residential_rate,0,< 0.08
l0_pce_rate_line.csv,A3320100317225003,26454,residential_rate,0,effective_residential_rate,0,< 0.08
l0_pce_rate_line.csv,A3320100417225003,26465,residential_rate,0,effective_residential_rate,0,< 0.08
l0_pce_rate_line.csv,A3320100420225003,26469,residential_rate,0,effective_residential_rate,0,< 0.08
l0_pce_rate_line.csv,A3320100516225003,26477,residential_rate,0,effective_residential_rate,0,< 0.08
l0_pce_rate_line.csv,A3320100517225003,26479,residential_rate,0,effective_residential_rate,0,< 0.08
l0_pce_rate_line.csv,A3320100518225003,26481,residential_rate,0,effective_residential_rate,0,< 0.08
l0_pce_rate_line.csv,A3320100519225003,26483,residential_rate,0,effective_residential_rate,0,< 0.08
l0_pce_rate_line.csv,A3320100521225003,26486,residential_rate,0,effective_residential_rate,0,< 0.08
l0_pce_rate_line.csv,A3320100617225003,26494,residential_rate,0,effective_residential_rate,0,< 0.08
l0_pce_rate_line.csv,A3320100617225003,26495,residential_rate,0,effective_residential_rate,0,< 0.08
l0_pce_rate_line.csv,A3320100621225003,26500,residential_rate,0,effective_residential_rate,0,< 0.08
l0_pce_rate_line.csv,A3320100717225003,26509,residential_rate,0,effective_residential_rate,0,< 0.08
l0_pce_rate_line.csv,A3320100719225003,26512,residential_rate,0,effective_residential_rate,0,< 0.08
l0_pce_rate_line.csv,A3320100817225003,26522,residential_rate,0,effective_residential_rate,0,< 0.08
l0_pce_rate_line.csv,A3320100820225003,26526,residential_rate,0,effective_residential_rate,0,< 0.08
l0_pce_rate_line.csv,A3320100917225003,26535,residential_rate,0,effective_residential_rate,0,< 0.08
l0_pce_rate_line.csv,A3320100917225003,26536,residential_rate,0,effective_residential_rate,0,< 0.08
l0_pce_rate_line.csv,A3320100918225003,26538,residential_rate,0,effective_residential_rate,0,< 0.08
l0_pce_rate_line.csv,A3320101018225003,26550,residential_rate,0,effective_residential_rate,0,< 0.08
l0_pce_rate_line.csv,A3320101216225003,26571,residential_rate,0,effective_residential_rate,0,< 0.08
l0_pce_rate_line.csv,A3320101218225003,26574,residential_rate,0,effective_residential_rate,0,< 0.08
l0_pce_rate_line.csv,A3320101220225003,26577,residential_rate,0,effective_residential_rate,0,< 0.08
l0_pce_rate_line.csv,A3320200118225003,26587,residential_rate,0,effective_residential_rate,0,< 0.08
l0_pce_rate_line.csv,A3320200119225003,26589,residential_rate,0,effective_residential_rate,-0.3504,< 0.08
l0_pce_rate_line.csv,A3320200120225003,26591,residential_rate,0,effective_residential_rate,0,< 0.08
l0_pce_rate_line.csv,A3320200121225003,26593,residential_rate,0,effective_residential_rate,-0.334,< 0.08
l0_pce_rate_line.csv,A3320200121225003,26594,residential_rate,0,effective_residential_rate,0,< 0.08
l0_pce_rate_line.csv,A3320200122225003,26596,residential_rate,0,effective_residential_rate,-0.3402,< 0.08
l0_pce_rate_line.csv,A3320200122225003,26597,residential_rate,0,effective_residential_rate,0,< 0.08
l0_pce_rate_line.csv,A3320200218225003,26609,residential_rate,0,effective_residential_rate,-0.3647,< 0.08
l0_pce_rate_line.csv,A3320200219225003,26611,residential_rate,0,effective_residential_rate,-0.3504,< 0.08
l0_pce_rate_line.csv,A3320200220225003,26613,residential_rate,0,effective_residential_rate,-0.3502,< 0.08
l0_pce_rate_line.csv,A3320200221225003,26615,residential_rate,0,effective_residential_rate,-0.334,< 0.08
l0_pce_rate_line.csv,A3320200221225003,26616,residential_rate,0,effective_residential_rate,0,< 0.08
l0_pce_rate_line.csv,A3320200222225003,26618,residential_rate,0,effective_residential_rate,-0.3402,< 0.08
l0_pce_rate_line.csv,A3320200222225003,26619,residential_rate,0,effective_residential_rate,0,< 0.08
l0_pce_rate_line.csv,A3320200318225003,26632,residential_rate,0,effective_residential_rate,-0.3647,< 0.08
l0_pce_rate_line.csv,A3320200319225003,26634,residential_rate,0,effective_residential_rate,-0.3504,< 0.08
l0_pce_rate_line.csv,A3320200320225003,26636,residential_rate,0,effective_residential_rate,-0.3502,< 0.08
l0_pce_rate_line.csv,A3320200321225003,26638,residential_rate,0,effective_residential_rate,-0.334,< 0.08
l0_pce_rate_line.csv,A3320200321225003,26639,residential_rate,0,effective_residential_rate,0,< 0.08
l0_pce_rate_line.csv,A3320200322225003,26641,residential_rate,0,effective_residential_rate,-0.3402,< 0.08
l0_pce_rate_line.csv,A3320200418225003,26653,residential_rate,0,effective_residential_rate,-0.3647,< 0.08
l0_pce_rate_line.csv,A3320200419225003,26655,residential_rate,0,effective_residential_rate,-0.3504,< 0.08
l0_pce_rate_line.csv,A3320200420225003,26657,residential_rate,0,effective_residential_rate,-0.35,< 0.08
l0_pce_rate_line.csv,A3320200421225003,26659,residential_rate,0,effective_residential_rate,-0.334,< 0.08
l0_pce_rate_line.csv,A3320200421225003,26660,residential_rate,0,effective_residential_rate,0,< 0.08
l0_pce_rate_line.csv,A3320200422225003,26662,residential_rate,0,effective_residential_rate,-0.3402,< 0.08
l0_pce_rate_line.csv,A3320200422225003,26663,residential_rate,0,effective_residential_rate,0,< 0.08
l0_pce_rate_line.csv,A3320200516225003,26675,residential_rate,0,effective_residential_rate,0,< 0.08
l0_pce_rate_line.csv,A3320200516225003,26676,residential_rate,0,effective_residential_rate,0,< 0.08
l0_pce_rate_line.csv,A3320200518225003,26680,residential_rate,0,effective_residential_rate,-0.3647,< 0.08
l0_pce_rate_line.csv,A3320200519225003,26682,residential_rate,0,effective_residential_rate,-0.3504,< 0.08
l0_pce_rate_line.csv,A3320200520225003,26684,residential_rate,0,effective_residential_rate,-0.35,< 0.08
l0_pce_rate_line.csv,A3320200521225003,26686,residential_rate,0,effective_residential_rate,-0.334,< 0.08
l0_pce_rate_line.csv,A3320200521225003,26687,residential_rate,0,effective_residential_rate,0,< 0.08
l0_pce_rate_line.csv,A3320200522225003,26689,residential_rate,0,effective_residential_rate,-0.3402,< 0.08
l0_pce_rate_line.csv,A3320200522225003,26690,residential_rate,0,effective_residential_rate,0,< 0.08
l0_pce_rate_line.csv,A3320200616225003,26702,residential_rate,0,effective_residential_rate,0,< 0.08
l0_pce_rate_line.csv,A3320200618225003,26706,residential_rate,0,effective_residential_rate,-0.3647,< 0.08
l0_pce_rate_line.csv,A3320200619225003,26708,residential_rate,0,effective_residential_rate,-0.3504,< 0.08
l0_pce_rate_line.csv,A3320200620225003,26710,residential_rate,0,effective_residential_rate,-0.35,< 0.08
l0_pce_rate_line.csv,A3320200621225003,26712,residential_rate,0,effective_residential_rate,-0.334,< 0.08
l0_pce_rate_line.csv,A3320200621225003,26713,residential_rate,0,effective_residential_rate,0,< 0.08
l0_pce_rate_line.csv,A3320200622225003,26715,residential_rate,0,effective_residential_rate,-0.3402,< 0.08
l0_pce_rate_line.csv,A3320200622225003,26716,residential_rate,0,effective_residential_rate,0,< 0.08
l0_pce_rate_line.csv,A3320200718225003,26731,residential_rate,0,effective_residential_rate,-0.3647,< 0.08
l0_pce_rate_line.csv,A3320200719225003,26733,residential_rate,0,effective_residential_rate,-0.3504,< 0.08
l0_pce_rate_line.csv,A3320200720225003,26735,residential_rate,0,effective_residential_rate,-0.35,< 0.08
l0_pce_rate_line.csv,A3320200721225003,26737,residential_rate,0,effective_residential_rate,-0.334,< 0.08
l0_pce_rate_line.csv,A3320200721225003,26738,residential_rate,0,effective_residential_rate,0,< 0.08
l0_pce_rate_line.csv,A3320200722225003,26741,residential_rate,0,effective_residential_rate,0,< 0.08
l0_pce_rate_line.csv,A3320200818225003,26755,residential_rate,0,effective_residential_rate,-0.3647,< 0.08
l0_pce_rate_line.csv,A3320200819225003,26757,residential_rate,0,effective_residential_rate,-0.3504,< 0.08
l0_pce_rate_line.csv,A3320200820225003,26759,residential_rate,0,effective_residential_rate,-0.35,< 0.08
l0_pce_rate_line.csv,A3320200821225003,26761,residential_rate,0,effective_residential_rate,-0.334,< 0.08
l0_pce_rate_line.csv,A3320200821225003,26762,residential_rate,0,effective_residential_rate,0,< 0.08
l0_pce_rate_line.csv,A3320200822225003,26765,residential_rate,0,effective_residential_rate,0,< 0.08
l0_pce_rate_line.csv,A3320200917225003,26779,residential_rate,0,effective_residential_rate,0,< 0.08
l0_pce_rate_line.csv,A3320200918225003,26781,residential_rate,0,effective_residential_rate,-0.3647,< 0.08
l0_pce_rate_line.csv,A3320200919225003,26783,residential_rate,0,effective_residential_rate,-0.3504,< 0.08
l0_pce_rate_line.csv,A3320200920225003,26785,residential_rate,0,effective_residential_rate,-0.35,< 0.08
l0_pce_rate_line.csv,A3320200921225003,26787,residential_rate,0,effective_residential_rate,-0.334,< 0.08
l0_pce_rate_line.csv,A3320200921225003,26788,residential_rate,0,effective_residential_rate,0,< 0.08
l0_pce_rate_line.csv,A3320200922225003,26791,residential_rate,0,effective_residential_rate,0,< 0.08
l0_pce_rate_line.csv,A3320201016225003,26802,residential_rate,0,effective_residential_rate,0,< 0.08
l0_pce_rate_line.csv,A3320201017225003,26804,residential_rate,0,effective_residential_rate,-0.3736,< 0.08
l0_pce_rate_line.csv,A3320201017225003,26805,residential_rate,0,effective_residential_rate,0,< 0.08
l0_pce_rate_line.csv,A3320201018225003,26807,residential_rate,0,effective_residential_rate,-0.3647,< 0.08
l0_pce_rate_line.csv,A3320201019225003,26809,residential_rate,0,effective_residential_rate,-0.3504,< 0.08
l0_pce_rate_line.csv,A3320201020225003,26811,residential_rate,0,effective_residential_rate,-0.35,< 0.08
l0_pce_rate_line.csv,A3320201021225003,26813,residential_rate,0,effective_residential_rate,-0.334,< 0.08
l0_pce_rate_line.csv,A3320201022225003,26816,residential_rate,0,effective_residential_rate,0,< 0.08
l0_pce_rate_line.csv,A3320201118225003,26830,residential_rate,0,effective_residential_rate,-0.3647,< 0.08
l0_pce_rate_line.csv,A3320201119225003,26832,residential_rate,0,effective_residential_rate,-0.3504,< 0.08
l0_pce_rate_line.csv,A3320201120225003,26834,residential_rate,0,effective_residential_rate,-0.35,< 0.08
l0_pce_rate_line.csv,A3320201121225003,26836,residential_rate,0,effective_residential_rate,-0.334,< 0.08
l0_pce_rate_line.csv,A3320201122225003,26839,residential_rate,0,effective_residential_rate,0,< 0.08
l0_pce_rate_line.csv,A3320201219225003,26856,residential_rate,0,effective_residential_rate,-0.3504,< 0.08
l0_pce_rate_line.csv,A3320201220225003,26858,residential_rate,0,effective_residential_rate,-0.35,< 0.08
l0_pce_rate_line.csv,A3320201220225003,26859,residential_rate,0,effective_residential_rate,0,< 0.08
l0_pce_rate_line.csv,A3320201221225003,26861,residential_rate,0,effective_residential_rate,-0.334,< 0.08
l0_pce_rate_line.csv,A3320201222225003,26864,residential_rate,0,effective_residential_rate,0,< 0.08
l0_pce_rate_line.csv,A3320301217225003,26996,residential_rate,0,effective_residential_rate,0,< 0.08
l0_pce_rate_line.csv,A3320301220225003,27000,residential_rate,0,effective_residential_rate,0,< 0.08
l0_pce_rate_line.csv,A3320400118225003,27009,residential_rate,0,effective_residential_rate,-0.5142,< 0.08
l0_pce_rate_line.csv,A3320400118225003,27010,residential_rate,0,effective_residential_rate,0,< 0.08
l0_pce_rate_line.csv,A3320400119225003,27012,residential_rate,0,effective_residential_rate,-0.4998,< 0.08
l0_pce_rate_line.csv,A3320400120225003,27014,residential_rate,0,effective_residential_rate,-0.499,< 0.08
l0_pce_rate_line.csv,A3320400121225003,27016,residential_rate,0,effective_residential_rate,-0.4837,< 0.08
l0_pce_rate_line.csv,A3320400218225003,27032,residential_rate,0,effective_residential_rate,-0.5142,< 0.08
l0_pce_rate_line.csv,A3320400218225003,27033,residential_rate,0,effective_residential_rate,0,< 0.08
l0_pce_rate_line.csv,A3320400219225003,27035,residential_rate,0,effective_residential_rate,-0.4998,< 0.08
l0_pce_rate_line.csv,A3320400220225003,27037,residential_rate,0,effective_residential_rate,-0.499,< 0.08
l0_pce_rate_line.csv,A3320400220225003,27038,residential_rate,0,effective_residential_rate,0,< 0.08
l0_pce_rate_line.csv,A3320400221225003,27040,residential_rate,0,effective_residential_rate,-0.4837,< 0.08
l0_pce_rate_line.csv,A3320400318225003,27057,residential_rate,0,effective_residential_rate,0,< 0.08
l0_pce_rate_line.csv,A3320400319225003,27059,residential_rate,0,effective_residential_rate,-0.4998,< 0.08
l0_pce_rate_line.csv,A3320400320225003,27061,residential_rate,0,effective_residential_rate,-0.499,< 0.08
l0_pce_rate_line.csv,A3320400321225003,27063,residential_rate,0,effective_residential_rate,-0.4837,< 0.08
l0_pce_rate_line.csv,A3320400321225003,27064,residential_rate,0,effective_residential_rate,0,< 0.08
l0_pce_rate_line.csv,A3320400418225003,27081,residential_rate,0,effective_residential_rate,0,< 0.08
l0_pce_rate_line.csv,A3320400419225003,27083,residential_rate,0,effective_residential_rate,-0.4998,< 0.08
l0_pce_rate_line.csv,A3320400420225003,27085,residential_rate,0,effective_residential_rate,-0.499,< 0.08
l0_pce_rate_line.csv,A3320400421225003,27087,residential_rate,0,effective_residential_rate,-0.4837,< 0.08
l0_pce_rate_line.csv,A3320400421225003,27088,residential_rate,0,effective_residential_rate,0,< 0.08
l0_pce_rate_line.csv,A3320400518225003,27104,residential_rate,0,effective_residential_rate,-0.5142,< 0.08
l0_pce_rate_line.csv,A3320400518225003,27105,residential_rate,0,effective_residential_rate,0,< 0.08
l0_pce_rate_line.csv,A3320400520225003,27109,residential_rate,0,effective_residential_rate,-0.499,< 0.08
l0_pce_rate_line.csv,A3320400522225003,27113,residential_rate,0,effective_residential_rate,-0.4897,< 0.08
l0_pce_rate_line.csv,A3320400619225003,27129,residential_rate,0,effective_residential_rate,-0.4998,< 0.08
l0_pce_rate_line.csv,A3320400620225003,27131,residential_rate,0,effective_residential_rate,-0.499,< 0.08
l0_pce_rate_line.csv,A3320400622225003,27135,residential_rate,0,effective_residential_rate,-0.4897,< 0.08
l0_pce_rate_line.csv,A3320400718225003,27150,residential_rate,0,effective_residential_rate,0,< 0.08
l0_pce_rate_line.csv,A3320400719225003,27152,residential_rate,0,effective_residential_rate,-0.4998,< 0.08
l0_pce_rate_line.csv,A3320400722225003,27156,residential_rate,0,effective_residential_rate,-0.4897,< 0.08
l0_pce_rate_line.csv,A3320400818225003,27170,residential_rate,0,effective_residential_rate,-0.5142,< 0.08
l0_pce_rate_line.csv,A3320400819225003,27172,residential_rate,0,effective_residential_rate,-0.4998,< 0.08
l0_pce_rate_line.csv,A3320400822225003,27176,residential_rate,0,effective_residential_rate,-0.4897,< 0.08
l0_pce_rate_line.csv,A3320400918225003,27190,residential_rate,0,effective_residential_rate,-0.5142,< 0.08
l0_pce_rate_line.csv,A3320401018225003,27209,residential_rate,0,effective_residential_rate,-0.5142,< 0.08
l0_pce_rate_line.csv,A3320401019225003,27211,residential_rate,0,effective_residential_rate,-0.4998,< 0.08
l0_pce_rate_line.csv,A3320401020225003,27213,residential_rate,0,effective_residential_rate,0,< 0.08
l0_pce_rate_line.csv,A3320401118225003,27230,residential_rate,0,effective_residential_rate,-0.5142,< 0.08
l0_pce_rate_line.csv,A3320401119225003,27232,residential_rate,0,effective_residential_rate,-0.4998,< 0.08
l0_pce_rate_line.csv,A3320401120225003,27234,residential_rate,0,effective_residential_rate,-0.499,< 0.08
l0_pce_rate_line.csv,A3320401218225003,27251,residential_rate,0,effective_residential_rate,-0.4998,< 0.08
l0_pce_rate_line.csv,A3320401219225003,27253,residential_rate,0,effective_residential_rate,-0.4998,< 0.08
l0_pce_rate_line.csv,A3320401220225003,27255,residential_rate,0,effective_residential_rate,-0.499,< 0.08
l0_pce_rate_line.csv,A3320401220225003,27256,residential_rate,0,effective_residential_rate,0,< 0.08
l0_pce_rate_line.csv,A3320500116225003,27269,residential_rate,0,effective_residential_rate,0,< 0.08
l0_pce_rate_line.csv,A3320500118225003,27272,residential_rate,0,effective_residential_rate,0,< 0.08
l0_pce_rate_line.csv,A3320500119225003,27274,residential_rate,0,effective_residential_rate,0,< 0.08
l0_pce_rate_line.csv,A3320500120225003,27276,residential_rate,0,effective_residential_rate,0,< 0.08
l0_pce_rate_line.csv,A3320500121225003,27278,residential_rate,0,effective_residential_rate,0,< 0.08
l0_pce_rate_line.csv,A3320500121225003,27279,residential_rate,0,effective_residential_rate,0,< 0.08
l0_pce_rate_line.csv,A3320500218225003,27289,residential_rate,0,effective_residential_rate,0,< 0.08
l0_pce_rate_line.csv,A3320500218225003,27290,residential_rate,0,effective_residential_rate,0,< 0.08
l0_pce_rate_line.csv,A3320500219225003,27292,residential_rate,0,effective_residential_rate,0,< 0.08
l0_pce_rate_line.csv,A3320500223225003,27297,residential_rate,0,effective_residential_rate,0,< 0.08
l0_pce_rate_line.csv,A3320500224225003,27299,residential_rate,0,effective_residential_rate,0,< 0.08
l0_pce_rate_line.csv,A3320500316225003,27304,residential_rate,0,effective_residential_rate,0,< 0.08
l0_pce_rate_line.csv,A3320500317225003,27306,residential_rate,0,effective_residential_rate,0,< 0.08
l0_pce_rate_line.csv,A3320500317225003,27307,residential_rate,0,effective_residential_rate,0,< 0.08
l0_pce_rate_line.csv,A3320500318225003,27309,residential_rate,0,effective_residential_rate,0,< 0.08
l0_pce_rate_line.csv,A3320500319225003,27311,residential_rate,0,effective_residential_rate,0,< 0.08
l0_pce_rate_line.csv,A3320500320225003,27313,residential_rate,0,effective_residential_rate,0,< 0.08
l0_pce_rate_line.csv,A3320500416225003,27322,residential_rate,0,effective_residential_rate,0,< 0.08
l0_pce_rate_line.csv,A3320500417225003,27324,residential_rate,0,effective_residential_rate,0,< 0.08
l0_pce_rate_line.csv,A3320500419225003,27327,residential_rate,0,effective_residential_rate,0,< 0.08
l0_pce_rate_line.csv,A3320500421225003,27330,residential_rate,0,effective_residential_rate,0,< 0.08
l0_pce_rate_line.csv,A3320500422225003,27332,residential_rate,0,effective_residential_rate,0,< 0.08
l0_pce_rate_line.csv,A3320500516225003,27338,residential_rate,0,effective_residential_rate,0,< 0.08
l0_pce_rate_line.csv,A3320500517225003,27340,residential_rate,0,effective_residential_rate,0,< 0.08
l0_pce_rate_line.csv,A3320500518225003,27342,residential_rate,0,effective_residential_rate,0,< 0.08
l0_pce_rate_line.csv,A3320500519225003,27344,residential_rate,0,effective_residential_rate,0,< 0.08
l0_pce_rate_line.csv,A3320500519225003,27345,residential_rate,0,effective_residential_rate,0,< 0.08
l0_pce_rate_line.csv,A3320500520225003,27347,residential_rate,0,effective_residential_rate,0,< 0.08
l0_pce_rate_line.csv,A3320500521225003,27349,residential_rate,0,effective_residential_rate,0,< 0.08
l0_pce_rate_line.csv,A3320500521225003,27350,residential_rate,0,effective_residential_rate,0,< 0.08
l0_pce_rate_line.csv,A3320500616225003,27357,residential_rate,0,effective_residential_rate,0,< 0.08
l0_pce_rate_line.csv,A3320500616225003,27358,residential_rate,0,effective_residential_rate,0,< 0.08
l0_pce_rate_line.csv,A3320500619225003,27362,residential_rate,0,effective_residential_rate,0,< 0.08
l0_pce_rate_line.csv,A3320500620225003,27364,residential_rate,0,effective_residential_rate,0,< 0.08
l0_pce_rate_line.csv,A3320500620225003,27365,residential_rate,0,effective_residential_rate,0,< 0.08
l0_pce_rate_line.csv,A3320500716225003,27375,residential_rate,0,effective_residential_rate,0,< 0.08
l0_pce_rate_line.csv,A3320500716225003,27376,residential_rate,0,effective_residential_rate,0,< 0.08
l0_pce_rate_line.csv,A3320500717225003,27378,residential_rate,0,effective_residential_rate,0,< 0.08
l0_pce_rate_line.csv,A3320500719225003,27381,residential_rate,0,effective_residential_rate,0,< 0.08
l0_pce_rate_line.csv,A3320500719225003,27382,residential_rate,0,effective_residential_rate,0,< 0.08
l0_pce_rate_line.csv,A3320500720225003,27384,residential_rate,0,effective_residential_rate,0,< 0.08
l0_pce_rate_line.csv,A3320500720225003,27385,residential_rate,0,effective_residential_rate,0,< 0.08
l0_pce_rate_line.csv,A3320500725225003,27391,residential_rate,0,effective_residential_rate,0,< 0.08
l0_pce_rate_line.csv,A3320500816225003,27394,residential_rate,0,effective_residential_rate,0,< 0.08
l0_pce_rate_line.csv,A3320500817225003,27396,residential_rate,0,effective_residential_rate,0,< 0.08
l0_pce_rate_line.csv,A3320500819225003,27399,residential_rate,0,effective_residential_rate,0,< 0.08
l0_pce_rate_line.csv,A3320500819225003,27400,residential_rate,0,effective_residential_rate,0,< 0.08
l0_pce_rate_line.csv,A3320500820225003,27402,residential_rate,0,effective_residential_rate,0,< 0.08
l0_pce_rate_line.csv,A3320500825225003,27410,residential_rate,0,effective_residential_rate,0,< 0.08
l0_pce_rate_line.csv,A3320500916225003,27415,residential_rate,0,effective_residential_rate,0,< 0.08
l0_pce_rate_line.csv,A3320500917225003,27417,residential_rate,0,effective_residential_rate,0,< 0.08
l0_pce_rate_line.csv,A3320500919225003,27420,residential_rate,0,effective_residential_rate,0,< 0.08
l0_pce_rate_line.csv,A3320500920225003,27422,residential_rate,0,effective_residential_rate,0,< 0.08
l0_pce_rate_line.csv,A3320501016225003,27433,residential_rate,0,effective_residential_rate,0,< 0.08
l0_pce_rate_line.csv,A3320501017225003,27435,residential_rate,0,effective_residential_rate,0,< 0.08
l0_pce_rate_line.csv,A3320501019225003,27438,residential_rate,0,effective_residential_rate,0,< 0.08
l0_pce_rate_line.csv,A3320501020225003,27440,residential_rate,0,effective_residential_rate,0,< 0.08
l0_pce_rate_line.csv,A3320501022225003,27444,residential_rate,0,effective_residential_rate,0,< 0.08
l0_pce_rate_line.csv,A3320501116225003,27450,residential_rate,0,effective_residential_rate,0,< 0.08
l0_pce_rate_line.csv,A3320501117225003,27452,residential_rate,0,effective_residential_rate,0,< 0.08
l0_pce_rate_line.csv,A3320501118225003,27454,residential_rate,0,effective_residential_rate,0,< 0.08
l0_pce_rate_line.csv,A3320501119225003,27456,residential_rate,0,effective_residential_rate,0,< 0.08
l0_pce_rate_line.csv,A3320501119225003,27457,residential_rate,0,effective_residential_rate,0,< 0.08
l0_pce_rate_line.csv,A3320501120225003,27459,residential_rate,0,effective_residential_rate,0,< 0.08
l0_pce_rate_line.csv,A3320501216225003,27468,residential_rate,0,effective_residential_rate,0,< 0.08
l0_pce_rate_line.csv,A3320501218225003,27474,residential_rate,0,effective_residential_rate,0,< 0.08
l0_pce_rate_line.csv,A3320501220225003,27477,residential_rate,0,effective_residential_rate,0,< 0.08
l0_pce_rate_line.csv,A3320501220225003,27478,residential_rate,0,effective_residential_rate,0,< 0.08
l0_pce_rate_line.csv,A3320600222225003,27504,residential_rate,0,effective_residential_rate,0,< 0.08
l0_pce_rate_line.csv,A3320600418225003,27523,residential_rate,0,effective_residential_rate,0,< 0.08
l0_pce_rate_line.csv,A3320600621225003,27551,residential_rate,0,effective_residential_rate,0,< 0.08
l0_pce_rate_line.csv,A3320600622225003,27553,residential_rate,0,effective_residential_rate,0,< 0.08
l0_pce_rate_line.csv,A3320601120225003,27613,residential_rate,0,effective_residential_rate,0,< 0.08
l0_pce_rate_line.csv,A3320700218225003,27639,residential_rate,0,effective_residential_rate,0,< 0.08
l0_pce_rate_line.csv,A3320700318225003,27643,residential_rate,0,effective_residential_rate,0,< 0.08
l0_pce_rate_line.csv,A3320700418225003,27647,residential_rate,0,effective_residential_rate,0,< 0.08
l0_pce_rate_line.csv,A3320800123225003,27671,residential_rate,0,effective_residential_rate,0,< 0.08
l0_pce_rate_line.csv,A3320800321225003,27690,residential_rate,0,effective_residential_rate,0,< 0.08
l0_pce_rate_line.csv,A3320800322225003,27692,residential_rate,0,effective_residential_rate,0,< 0.08
l0_pce_rate_line.csv,A3320800421225003,27702,residential_rate,0,effective_residential_rate,0,< 0.08
l0_pce_rate_line.csv,A3320800422225003,27704,residential_rate,0,effective_residential_rate,0,< 0.08
l0_pce_rate_line.csv,A3320800521225003,27714,residential_rate,0,effective_residential_rate,0,< 0.08
l0_pce_rate_line.csv,A3320800522225003,27716,residential_rate,0,effective_residential_rate,0,< 0.08
l0_pce_rate_line.csv,A3320800622225003,27728,residential_rate,0,effective_residential_rate,0,< 0.08
l0_pce_rate_line.csv,A3320800722225003,27739,residential_rate,0,effective_residential_rate,0,< 0.08
l0_pce_rate_line.csv,A3320800822225003,27750,residential_rate,0,effective_residential_rate,0,< 0.08
l0_pce_rate_line.csv,A3320800922225003,27761,residential_rate,0,effective_residential_rate,0,< 0.08
l0_pce_rate_line.csv,A3320801017225003,27767,residential_rate,0,effective_residential_rate,0,< 0.08
l0_pce_rate_line.csv,A3320801018225003,27769,residential_rate,0,effective_residential_rate,0,< 0.08
l0_pce_rate_line.csv,A3320801219225003,27793,residential_rate,0,effective_residential_rate,0,< 0.08
l0_pce_rate_line.csv,A3320801222225003,27797,residential_rate,0,effective_residential_rate,0,< 0.08
l0_pce_rate_line.csv,A3320900125225003,27826,residential_rate,0,effective_residential_rate,0,< 0.08
l0_pce_rate_line.csv,A3320900226225003,27856,residential_rate,0,effective_residential_rate,0,< 0.08
l0_pce_rate_line.csv,A3320900323225003,27875,residential_rate,0.9119,effective_residential_rate,-0.0881,< 0.08
l0_pce_rate_line.csv,A3320900323225003,27876,residential_rate,0.9119,effective_residential_rate,-0.0881,< 0.08
l0_pce_rate_line.csv,A3320900325225003,27882,residential_rate,0,effective_residential_rate,0,< 0.08
l0_pce_rate_line.csv,A3320900426225003,27912,residential_rate,0,effective_residential_rate,0,< 0.08
l0_pce_rate_line.csv,A3320900516225003,27916,residential_rate,0,effective_residential_rate,0,< 0.08
l0_pce_rate_line.csv,A3320900521225003,27932,residential_rate,0,effective_residential_rate,0,< 0.08
l0_pce_rate_line.csv,A3320900526225003,27944,residential_rate,0,effective_residential_rate,0,< 0.08
l0_pce_rate_line.csv,A3320900716225003,27978,residential_rate,0,effective_residential_rate,0,< 0.08
l0_pce_rate_line.csv,A3320900723225003,27998,residential_rate,0,effective_residential_rate,0,< 0.08
l0_pce_rate_line.csv,A3320900823225003,28028,residential_rate,0,effective_residential_rate,0,< 0.08
l0_pce_rate_line.csv,A3320900826225003,28035,residential_rate,0,effective_residential_rate,0,< 0.08
l0_pce_rate_line.csv,A3320900926225003,28066,residential_rate,0,effective_residential_rate,0,< 0.08
l0_pce_rate_line.csv,A3320901026225003,28097,residential_rate,0,effective_residential_rate,0,< 0.08
l0_pce_rate_line.csv,A3320901123225003,28119,residential_rate,0.0967,effective_residential_rate,-0.6673,< 0.08
l0_pce_rate_line.csv,A3320901123225003,28120,residential_rate,0.0967,effective_residential_rate,-0.6673,< 0.08
l0_pce_rate_line.csv,A3320901223225003,28146,residential_rate,0.0967,effective_residential_rate,-0.9033,< 0.08
l0_pce_rate_line.csv,A3320901223225003,28147,residential_rate,0.0967,effective_residential_rate,-0.9033,< 0.08
l0_pce_rate_line.csv,A3320901225225003,28152,residential_rate,0,effective_residential_rate,0,< 0.08
l0_pce_rate_line.csv,A3321000125225003,28163,residential_rate,0,effective_residential_rate,0,< 0.08
l0_pce_rate_line.csv,A3321100122225003,28299,residential_rate,0,effective_residential_rate,0,< 0.08
l0_pce_rate_line.csv,A3321100618225003,28347,residential_rate,0,effective_residential_rate,0,< 0.08
l0_pce_rate_line.csv,A3321100618225003,28348,residential_rate,0,effective_residential_rate,0,< 0.08
l0_pce_rate_line.csv,A3321100917225003,28382,residential_rate,0,effective_residential_rate,0,< 0.08
l0_pce_rate_line.csv,A3321101017225003,28394,residential_rate,0,effective_residential_rate,0,< 0.08
l0_pce_rate_line.csv,A3321200120225003,28441,residential_rate,0,effective_residential_rate,0,< 0.08
l0_pce_rate_line.csv,A3321200125225003,28455,residential_rate,0,effective_residential_rate,0,< 0.08
l0_pce_rate_line.csv,A3321200226225003,28488,residential_rate,0,effective_residential_rate,0,< 0.08
l0_pce_rate_line.csv,A3321200325225003,28517,residential_rate,0,effective_residential_rate,0,< 0.08
l0_pce_rate_line.csv,A3321200419225003,28532,residential_rate,0,effective_residential_rate,0,< 0.08
l0_pce_rate_line.csv,A3321200521225003,28569,residential_rate,0,effective_residential_rate,0,< 0.08
l0_pce_rate_line.csv,A3321200526225003,28581,residential_rate,0,effective_residential_rate,0,< 0.08
l0_pce_rate_line.csv,A3321200723225003,28635,residential_rate,0,effective_residential_rate,0,< 0.08
l0_pce_rate_line.csv,A3321200823225003,28665,residential_rate,0,effective_residential_rate,0,< 0.08
l0_pce_rate_line.csv,A3321201026225003,28732,residential_rate,0,effective_residential_rate,0,< 0.08
l0_pce_rate_line.csv,A3321300120225003,28792,residential_rate,0,effective_residential_rate,0,< 0.08
l0_pce_rate_line.csv,A3321300220225003,28810,residential_rate,0,effective_residential_rate,0,< 0.08
l0_pce_rate_line.csv,A3321300222225003,28813,residential_rate,0,effective_residential_rate,0,< 0.08
l0_pce_rate_line.csv,A3321300624225003,28877,residential_rate,0,effective_residential_rate,0,< 0.08
l0_pce_rate_line.csv,A3321300724225003,28893,residential_rate,0,effective_residential_rate,0,< 0.08
l0_pce_rate_line.csv,A3321301018225003,28934,residential_rate,0,effective_residential_rate,0,< 0.08
l0_pce_rate_line.csv,A3321301018225003,28935,residential_rate,0,effective_residential_rate,0,< 0.08
l0_pce_rate_line.csv,A3321301020225003,28938,residential_rate,0,effective_residential_rate,0,< 0.08
l0_pce_rate_line.csv,A3321400621225003,29034,residential_rate,0,effective_residential_rate,0,< 0.08
l0_pce_rate_line.csv,A3321500217225003,29102,residential_rate,0,effective_residential_rate,0,< 0.08
l0_pce_rate_line.csv,A3321500218225003,29104,residential_rate,0,effective_residential_rate,0,< 0.08
l0_pce_rate_line.csv,A3321500219225003,29106,residential_rate,0,effective_residential_rate,0,< 0.08
l0_pce_rate_line.csv,A3321500222225003,29110,residential_rate,0,effective_residential_rate,0,< 0.08
l0_pce_rate_line.csv,A3321500226225003,29116,residential_rate,0.62,effective_residential_rate,0.0738,< 0.08
l0_pce_rate_line.csv,A3321500322225003,29123,residential_rate,0,effective_residential_rate,0,< 0.08
l0_pce_rate_line.csv,A3321500326225003,29132,residential_rate,0.62,effective_residential_rate,0.0738,< 0.08
l0_pce_rate_line.csv,A3321500417225003,29134,residential_rate,0,effective_residential_rate,0,< 0.08
l0_pce_rate_line.csv,A3321500421225003,29139,residential_rate,0,effective_residential_rate,0,< 0.08
l0_pce_rate_line.csv,A3321500422225003,29141,residential_rate,0,effective_residential_rate,0,< 0.08
l0_pce_rate_line.csv,A3321500426225003,29149,residential_rate,0.62,effective_residential_rate,0.0738,< 0.08
l0_pce_rate_line.csv,A3321500526225003,29162,residential_rate,0.62,effective_residential_rate,0.0738,< 0.08
l0_pce_rate_line.csv,A3321500626225003,29176,residential_rate,0.62,effective_residential_rate,0.0738,< 0.08
l0_pce_rate_line.csv,A3321500726225003,29190,residential_rate,0.62,effective_residential_rate,0.0738,< 0.08
l0_pce_rate_line.csv,A3321500820225003,29196,residential_rate,0,effective_residential_rate,0,< 0.08
l0_pce_rate_line.csv,A3321500920225003,29209,residential_rate,0,effective_residential_rate,0,< 0.08
l0_pce_rate_line.csv,A3321501116225003,29233,residential_rate,0,effective_residential_rate,0,< 0.08
l0_pce_rate_line.csv,A3321501118225003,29236,residential_rate,0,effective_residential_rate,0,< 0.08
l0_pce_rate_line.csv,A3321501120225003,29239,residential_rate,0,effective_residential_rate,0,< 0.08
l0_pce_rate_line.csv,A3321501125225003,29248,residential_rate,0.62,effective_residential_rate,0.0692,< 0.08
l0_pce_rate_line.csv,A3321501220225003,29256,residential_rate,0,effective_residential_rate,0,< 0.08
l0_pce_rate_line.csv,A3321501225225003,29264,residential_rate,0.62,effective_residential_rate,0.0692,< 0.08
l0_pce_rate_line.csv,A3321600122225003,29273,residential_rate,0,effective_residential_rate,0,< 0.08
l0_pce_rate_line.csv,A3321601220225003,29391,residential_rate,0,effective_residential_rate,0,< 0.08
l0_pce_rate_line.csv,A3321700118225003,29401,residential_rate,0,effective_residential_rate,0,< 0.08
l0_pce_rate_line.csv,A3321700119225003,29403,residential_rate,0,effective_residential_rate,0,< 0.08
l0_pce_rate_line.csv,A3321700120225003,29405,residential_rate,0,effective_residential_rate,0,< 0.08
l0_pce_rate_line.csv,A3321700121225003,29407,residential_rate,0,effective_residential_rate,0,< 0.08
l0_pce_rate_line.csv,A3321700218225003,29410,residential_rate,0,effective_residential_rate,0,< 0.08
l0_pce_rate_line.csv,A3321700219225003,29412,residential_rate,0,effective_residential_rate,0,< 0.08
l0_pce_rate_line.csv,A3321700220225003,29414,residential_rate,0,effective_residential_rate,0,< 0.08
l0_pce_rate_line.csv,A3321700318225003,29417,residential_rate,0,effective_residential_rate,0,< 0.08
l0_pce_rate_line.csv,A3321700319225003,29419,residential_rate,0,effective_residential_rate,0,< 0.08
l0_pce_rate_line.csv,A3321700320225003,29421,residential_rate,0,effective_residential_rate,0,< 0.08
l0_pce_rate_line.csv,A3321700418225003,29424,residential_rate,0,effective_residential_rate,0,< 0.08
l0_pce_rate_line.csv,A3321700419225003,29426,residential_rate,0,effective_residential_rate,0,< 0.08
l0_pce_rate_line.csv,A3321700420225003,29428,residential_rate,0,effective_residential_rate,0,< 0.08
l0_pce_rate_line.csv,A3321700518225003,29431,residential_rate,0,effective_residential_rate,0,< 0.08
l0_pce_rate_line.csv,A3321700519225003,29433,residential_rate,0,effective_residential_rate,0,< 0.08
l0_pce_rate_line.csv,A3321700520225003,29435,residential_rate,0,effective_residential_rate,0,< 0.08
l0_pce_rate_line.csv,A3321700618225003,29438,residential_rate,0,effective_residential_rate,0,< 0.08
l0_pce_rate_line.csv,A3321700619225003,29440,residential_rate,0,effective_residential_rate,0,< 0.08
l0_pce_rate_line.csv,A3321700620225003,29442,residential_rate,0,effective_residential_rate,0,< 0.08
l0_pce_rate_line.csv,A3321700718225003,29445,residential_rate,0,effective_residential_rate,0,< 0.08
l0_pce_rate_line.csv,A3321700719225003,29447,residential_rate,0,effective_residential_rate,0,< 0.08
l0_pce_rate_line.csv,A3321700720225003,29449,residential_rate,0,effective_residential_rate,0,< 0.08
l0_pce_rate_line.csv,A3321700818225003,29452,residential_rate,0,effective_residential_rate,0,< 0.08
l0_pce_rate_line.csv,A3321700819225003,29454,residential_rate,0,effective_residential_rate,0,< 0.08
l0_pce_rate_line.csv,A3321700820225003,29456,residential_rate,0,effective_residential_rate,0,< 0.08
l0_pce_rate_line.csv,A3321700918225003,29460,residential_rate,0,effective_residential_rate,0,< 0.08
l0_pce_rate_line.csv,A3321700919225003,29462,residential_rate,0,effective_residential_rate,0,< 0.08
l0_pce_rate_line.csv,A3321700920225003,29464,residential_rate,0,effective_residential_rate,0,< 0.08
l0_pce_rate_line.csv,A3321701018225003,29468,residential_rate,0,effective_residential_rate,0,< 0.08
l0_pce_rate_line.csv,A3321701019225003,29470,residential_rate,0,effective_residential_rate,0,< 0.08
l0_pce_rate_line.csv,A3321701020225003,29472,residential_rate,0,effective_residential_rate,0,< 0.08
l0_pce_rate_line.csv,A3321701118225003,29476,residential_rate,0,effective_residential_rate,0,< 0.08
l0_pce_rate_line.csv,A3321701119225003,29478,residential_rate,0,effective_residential_rate,0,< 0.08
l0_pce_rate_line.csv,A3321701120225003,29480,residential_rate,0,effective_residential_rate,0,< 0.08
l0_pce_rate_line.csv,A3321701218225003,29484,residential_rate,0,effective_residential_rate,0,< 0.08
l0_pce_rate_line.csv,A3321701219225003,29486,residential_rate,0,effective_residential_rate,0,< 0.08
l0_pce_rate_line.csv,A3321701220225003,29488,residential_rate,0,effective_residential_rate,0,< 0.08
l0_pce_rate_line.csv,A3321800119225003,29492,residential_rate,0,effective_residential_rate,0,< 0.08
l0_pce_rate_line.csv,A3321800122225003,29496,residential_rate,0,effective_residential_rate,0,< 0.08
l0_pce_rate_line.csv,A3321800219225003,29505,residential_rate,0,effective_residential_rate,0,< 0.08
l0_pce_rate_line.csv,A3321800222225003,29509,residential_rate,0,effective_residential_rate,0,< 0.08
l0_pce_rate_line.csv,A3321800322225003,29521,residential_rate,0,effective_residential_rate,0,< 0.08
l0_pce_rate_line.csv,A3321800422225003,29534,residential_rate,0,effective_residential_rate,0,< 0.08
l0_pce_rate_line.csv,A3321800522225003,29547,residential_rate,0,effective_residential_rate,0,< 0.08
l0_pce_rate_line.csv,A3321800622225003,29560,residential_rate,0,effective_residential_rate,0,< 0.08
l0_pce_rate_line.csv,A3321800722225003,29573,residential_rate,0,effective_residential_rate,0,< 0.08
l0_pce_rate_line.csv,A3321900518225003,29670,residential_rate,0,effective_residential_rate,0,< 0.08
l0_pce_rate_line.csv,A3322000123225003,29741,residential_rate,0,effective_residential_rate,0,< 0.08
l0_pce_rate_line.csv,A3322000124225003,29744,residential_rate,0,effective_residential_rate,0,< 0.08
l0_pce_rate_line.csv,A3322000321225003,29763,residential_rate,0,effective_residential_rate,-0.644,< 0.08
l0_pce_rate_line.csv,A3322000421225003,29775,residential_rate,0,effective_residential_rate,-0.644,< 0.08
l0_pce_rate_line.csv,A3322000421225003,29776,residential_rate,0,effective_residential_rate,0,< 0.08
l0_pce_rate_line.csv,A3322000520225003,29789,residential_rate,0,effective_residential_rate,0,< 0.08
l0_pce_rate_line.csv,A3322000521225003,29791,residential_rate,0,effective_residential_rate,-0.644,< 0.08
l0_pce_rate_line.csv,A3322000720225003,29817,residential_rate,0,effective_residential_rate,0,< 0.08
l0_pce_rate_line.csv,A3322001219225003,29880,residential_rate,0,effective_residential_rate,0,< 0.08
l0_pce_rate_line.csv,A3322001220225003,29882,residential_rate,0,effective_residential_rate,0,< 0.08
l0_pce_rate_line.csv,A3322100122225003,29896,residential_rate,0,effective_residential_rate,0,< 0.08
l0_pce_rate_line.csv,A3322100124225003,29899,residential_rate,0,effective_residential_rate,0,< 0.08
l0_pce_rate_line.csv,A3322100221225003,29908,residential_rate,0,effective_residential_rate,0,< 0.08
l0_pce_rate_line.csv,A3322100222225003,29910,residential_rate,0,effective_residential_rate,0,< 0.08
l0_pce_rate_line.csv,A3322100321225003,29922,residential_rate,0,effective_residential_rate,0,< 0.08
l0_pce_rate_line.csv,A3322100421225003,29936,residential_rate,0,effective_residential_rate,0,< 0.08
l0_pce_rate_line.csv,A3322100521225003,29949,residential_rate,0,effective_residential_rate,0,< 0.08
l0_pce_rate_line.csv,A3322100522225003,29951,residential_rate,0,effective_residential_rate,0,< 0.08
l0_pce_rate_line.csv,A3322100621225003,29964,residential_rate,0,effective_residential_rate,0,< 0.08
l0_pce_rate_line.csv,A3322100622225003,29966,residential_rate,0,effective_residential_rate,0,< 0.08
l0_pce_rate_line.csv,A3322100722225003,29980,residential_rate,0,effective_residential_rate,0,< 0.08
l0_pce_rate_line.csv,A3322100822225003,29993,residential_rate,0,effective_residential_rate,0,< 0.08
l0_pce_rate_line.csv,A3322200122225003,30042,residential_rate,0,effective_residential_rate,0,< 0.08
l0_pce_rate_line.csv,A3322200520225003,30082,residential_rate,0,effective_residential_rate,0,< 0.08
l0_pce_rate_line.csv,A3322200616225003,30090,residential_rate,0,effective_residential_rate,0,< 0.08
l0_pce_rate_line.csv,A3322200621225003,30096,residential_rate,0,effective_residential_rate,0,< 0.08
l0_pce_rate_line.csv,A3322200626225003,30103,residential_rate,0,effective_residential_rate,0,< 0.08
l0_pce_rate_line.csv,A3322200721225003,30110,residential_rate,0,effective_residential_rate,0,< 0.08
l0_pce_rate_line.csv,A3322200722225003,30112,residential_rate,0,effective_residential_rate,0,< 0.08
l0_pce_rate_line.csv,A3322200920225003,30135,residential_rate,0,effective_residential_rate,0,< 0.08
l0_pce_rate_line.csv,A3322201016225003,30145,residential_rate,0,effective_residential_rate,0,< 0.08
l0_pce_rate_line.csv,A3322201220225003,30174,residential_rate,0,effective_residential_rate,0,< 0.08
l0_pce_rate_line.csv,A3322300116225003,30181,residential_rate,0,effective_residential_rate,0,< 0.08
l0_pce_rate_line.csv,A3322300122225003,30188,residential_rate,0,effective_residential_rate,0,< 0.08
l0_pce_rate_line.csv,A3322300417225003,30214,residential_rate,0,effective_residential_rate,0,< 0.08
l0_pce_rate_line.csv,A3322300718225003,30248,residential_rate,0.78,effective_residential_rate,0.0567,< 0.08
l0_pce_rate_line.csv,A3322301220225003,30306,residential_rate,0,effective_residential_rate,0,< 0.08
l0_pce_rate_line.csv,A3322400122225003,30319,residential_rate,0,effective_residential_rate,0,< 0.08
l0_pce_rate_line.csv,A3322400417225003,30345,residential_rate,0,effective_residential_rate,0,< 0.08
l0_pce_rate_line.csv,A3322401220225003,30437,residential_rate,0,effective_residential_rate,0,< 0.08
l0_pce_rate_line.csv,A3322500122225003,30450,residential_rate,0,effective_residential_rate,0,< 0.08
l0_pce_rate_line.csv,A3322500417225003,30476,residential_rate,0,effective_residential_rate,0,< 0.08
l0_pce_rate_line.csv,A3322501220225003,30568,residential_rate,0,effective_residential_rate,0,< 0.08
l0_pce_rate_line.csv,A3322600122225003,30581,residential_rate,0,effective_residential_rate,0,< 0.08
l0_pce_rate_line.csv,A3322600417225003,30607,residential_rate,0,effective_residential_rate,0,< 0.08
l0_pce_rate_line.csv,A3322601220225003,30699,residential_rate,0,effective_residential_rate,0,< 0.08
l0_pce_rate_line.csv,A3322700122225003,30712,residential_rate,0,effective_residential_rate,0,< 0.08
l0_pce_rate_line.csv,A3322700417225003,30738,residential_rate,0,effective_residential_rate,0,< 0.08
l0_pce_rate_line.csv,A3322701220225003,30830,residential_rate,0,effective_residential_rate,0,< 0.08
l0_pce_rate_line.csv,A3322800119225003,30840,residential_rate,0,effective_residential_rate,-0.2606,< 0.08
l0_pce_rate_line.csv,A3322800119225003,30841,residential_rate,0,effective_residential_rate,0,< 0.08
l0_pce_rate_line.csv,A3322800122225003,30845,residential_rate,0,effective_residential_rate,0,< 0.08
l0_pce_rate_line.csv,A3322800219225003,30858,residential_rate,0,effective_residential_rate,-0.2606,< 0.08
l0_pce_rate_line.csv,A3322800219225003,30859,residential_rate,0,effective_residential_rate,0,< 0.08
l0_pce_rate_line.csv,A3322800222225003,30863,residential_rate,0,effective_residential_rate,0,< 0.08
l0_pce_rate_line.csv,A3322800317225003,30874,residential_rate,0,effective_residential_rate,0,< 0.08
l0_pce_rate_line.csv,A3322800319225003,30877,residential_rate,0,effective_residential_rate,-0.2606,< 0.08
l0_pce_rate_line.csv,A3322800322225003,30881,residential_rate,0,effective_residential_rate,0,< 0.08
l0_pce_rate_line.csv,A3322800417225003,30896,residential_rate,0,effective_residential_rate,0,< 0.08
l0_pce_rate_line.csv,A3322800419225003,30899,residential_rate,0,effective_residential_rate,-0.2606,< 0.08
l0_pce_rate_line.csv,A3322800421225003,30902,residential_rate,0,effective_residential_rate,-0.2673,< 0.08
l0_pce_rate_line.csv,A3322800422225003,30904,residential_rate,0,effective_residential_rate,0,< 0.08
l0_pce_rate_line.csv,A3322800519225003,30921,residential_rate,0,effective_residential_rate,-0.2606,< 0.08
l0_pce_rate_line.csv,A3322800519225003,30922,residential_rate,0,effective_residential_rate,0,< 0.08
l0_pce_rate_line.csv,A3322800520225003,30924,residential_rate,0,effective_residential_rate,-0.2908,< 0.08
l0_pce_rate_line.csv,A3322800521225003,30926,residential_rate,0,effective_residential_rate,-0.2407,< 0.08
l0_pce_rate_line.csv,A3322800523225003,30930,residential_rate,0,effective_residential_rate,0,< 0.08
l0_pce_rate_line.csv,A3322800525225003,30935,residential_rate,0,effective_residential_rate,0,< 0.08
l0_pce_rate_line.csv,A3322800618225003,30943,residential_rate,0,effective_residential_rate,-0.2743,< 0.08
l0_pce_rate_line.csv,A3322800619225003,30945,residential_rate,0,effective_residential_rate,-0.2822,< 0.08
l0_pce_rate_line.csv,A3322800619225003,30946,residential_rate,0,effective_residential_rate,0,< 0.08
l0_pce_rate_line.csv,A3322800620225003,30948,residential_rate,0,effective_residential_rate,-0.2819,< 0.08
l0_pce_rate_line.csv,A3322800621225003,30950,residential_rate,0,effective_residential_rate,-0.2335,< 0.08
l0_pce_rate_line.csv,A3322800622225003,30952,residential_rate,0,effective_residential_rate,-0.2654,< 0.08
l0_pce_rate_line.csv,A3322800622225003,30953,residential_rate,0,effective_residential_rate,-0.2504,< 0.08
l0_pce_rate_line.csv,A3322800622225003,30954,residential_rate,0,effective_residential_rate,0,< 0.08
l0_pce_rate_line.csv,A3322800718225003,30970,residential_rate,0,effective_residential_rate,-0.2743,< 0.08
l0_pce_rate_line.csv,A3322800718225003,30971,residential_rate,0,effective_residential_rate,0,< 0.08
l0_pce_rate_line.csv,A3322800722225003,30976,residential_rate,0,effective_residential_rate,-0.2654,< 0.08
l0_pce_rate_line.csv,A3322800722225003,30977,residential_rate,0,effective_residential_rate,-0.2504,< 0.08
l0_pce_rate_line.csv,A3322800722225003,30978,residential_rate,0,effective_residential_rate,0,< 0.08
l0_pce_rate_line.csv,A3322800724225003,30986,residential_rate,0,effective_residential_rate,0,< 0.08
l0_pce_rate_line.csv,A3322800818225003,30998,residential_rate,0,effective_residential_rate,-0.2743,< 0.08
l0_pce_rate_line.csv,A3322800822225003,31003,residential_rate,0,effective_residential_rate,-0.2654,< 0.08
l0_pce_rate_line.csv,A3322800822225003,31004,residential_rate,0,effective_residential_rate,-0.2504,< 0.08
l0_pce_rate_line.csv,A3322800918225003,31023,residential_rate,0,effective_residential_rate,-0.2743,< 0.08
l0_pce_rate_line.csv,A3322800919225003,31025,residential_rate,0,effective_residential_rate,-0.2822,< 0.08
l0_pce_rate_line.csv,A3322801018225003,31049,residential_rate,0,effective_residential_rate,-0.2743,< 0.08
l0_pce_rate_line.csv,A3322801018225003,31050,residential_rate,0,effective_residential_rate,0,< 0.08
l0_pce_rate_line.csv,A3322801019225003,31052,residential_rate,0,effective_residential_rate,-0.2822,< 0.08
l0_pce_rate_line.csv,A3322801116225003,31072,residential_rate,0,effective_residential_rate,0,< 0.08
l0_pce_rate_line.csv,A3322801220225003,31102,residential_rate,0,effective_residential_rate,0,< 0.08
l0_pce_rate_line.csv,A3322900119225003,31116,residential_rate,0,effective_residential_rate,-0.3122,< 0.08
l0_pce_rate_line.csv,A3322900123225003,31121,residential_rate,0,effective_residential_rate,0,< 0.08
l0_pce_rate_line.csv,A3322900219225003,31128,residential_rate,0,effective_residential_rate,0,< 0.08
l0_pce_rate_line.csv,A3322900222225003,31132,residential_rate,0,effective_residential_rate,0,< 0.08
l0_pce_rate_line.csv,A3322900323225003,31144,residential_rate,0,effective_residential_rate,0,< 0.08
l0_pce_rate_line.csv,A3322900616225003,31169,residential_rate,0,effective_residential_rate,0,< 0.08
l0_pce_rate_line.csv,A3322900718225003,31183,residential_rate,0,effective_residential_rate,0,< 0.08
l0_pce_rate_line.csv,A3322900720225003,31186,residential_rate,0,effective_residential_rate,0,< 0.08
l0_pce_rate_line.csv,A3322900818225003,31197,residential_rate,0,effective_residential_rate,0,< 0.08
l0_pce_rate_line.csv,A3322900822225003,31202,residential_rate,0,effective_residential_rate,0,< 0.08
l0_pce_rate_line.csv,A3322900922225003,31214,residential_rate,0,effective_residential_rate,0,< 0.08
l0_pce_rate_line.csv,A3323000122225003,31259,residential_rate,0,effective_residential_rate,0,< 0.08
l0_pce_rate_line.csv,A3323000222225003,31272,residential_rate,0,effective_residential_rate,0,< 0.08
l0_pce_rate_line.csv,A3323100421225003,31424,residential_rate,0,effective_residential_rate,0,< 0.08
l0_pce_rate_line.csv,A3323100721225003,31458,residential_rate,0,effective_residential_rate,0,< 0.08
l0_pce_rate_line.csv,A3323101220225003,31513,residential_rate,0,effective_residential_rate,0,< 0.08
l0_pce_rate_line.csv,A3323200120225003,31524,residential_rate,0,effective_residential_rate,-0.3914,< 0.08
l0_pce_rate_line.csv,A3323200122225003,31527,residential_rate,0,effective_residential_rate,0,< 0.08
l0_pce_rate_line.csv,A3323200220225003,31536,residential_rate,0,effective_residential_rate,-0.3914,< 0.08
l0_pce_rate_line.csv,A3323200221225003,31538,residential_rate,0,effective_residential_rate,-0.4183,< 0.08
l0_pce_rate_line.csv,A3323200222225003,31540,residential_rate,0,effective_residential_rate,0,< 0.08
l0_pce_rate_line.csv,A3323200320225003,31550,residential_rate,0,effective_residential_rate,-0.3914,< 0.08
l0_pce_rate_line.csv,A3323200322225003,31553,residential_rate,0,effective_residential_rate,0,< 0.08
l0_pce_rate_line.csv,A3323200420225003,31562,residential_rate,0,effective_residential_rate,-0.3914,< 0.08
l0_pce_rate_line.csv,A3323200520225003,31573,residential_rate,0,effective_residential_rate,-0.3914,< 0.08
l0_pce_rate_line.csv,A3323200620225003,31585,residential_rate,0,effective_residential_rate,0,< 0.08
l0_pce_rate_line.csv,A3323200720225003,31597,residential_rate,0,effective_residential_rate,0,< 0.08
l0_pce_rate_line.csv,A3323200820225003,31610,residential_rate,0,effective_residential_rate,0,< 0.08
l0_pce_rate_line.csv,A3323200920225003,31622,residential_rate,0,effective_residential_rate,0,< 0.08
l0_pce_rate_line.csv,A3323201020225003,31635,residential_rate,0,effective_residential_rate,0,< 0.08
l0_pce_rate_line.csv,A3323201220225003,31659,residential_rate,0,effective_residential_rate,0,< 0.08
l0_pce_rate_line.csv,A3323300122225003,31671,residential_rate,0,effective_residential_rate,0,< 0.08
l0_pce_rate_line.csv,A3323300423225003,31700,residential_rate,0,effective_residential_rate,0,< 0.08
l0_pce_rate_line.csv,A3323300522225003,31710,residential_rate,0,effective_residential_rate,0,< 0.08
l0_pce_rate_line.csv,A3323300718225003,31727,residential_rate,0,effective_residential_rate,0,< 0.08
l0_pce_rate_line.csv,A3323300920225003,31753,residential_rate,0,effective_residential_rate,0,< 0.08
l0_pce_rate_line.csv,A3323301020225003,31764,residential_rate,0,effective_residential_rate,0,< 0.08
l0_pce_rate_line.csv,A3323301024225003,31770,residential_rate,0,effective_residential_rate,0,< 0.08
l0_pce_rate_line.csv,A3323301217225003,31786,residential_rate,0,effective_residential_rate,0,< 0.08
l0_pce_rate_line.csv,A3323301217225003,31787,residential_rate,0,effective_residential_rate,0,< 0.08
l0_pce_rate_line.csv,A3323400118225003,31797,residential_rate,0,effective_residential_rate,0,< 0.08
l0_pce_rate_line.csv,A3323400119225003,31799,residential_rate,0,effective_residential_rate,0,< 0.08
l0_pce_rate_line.csv,A3323400120225003,31801,residential_rate,0,effective_residential_rate,0,< 0.08
l0_pce_rate_line.csv,A3323400121225003,31803,residential_rate,0,effective_residential_rate,0,< 0.08
l0_pce_rate_line.csv,A3323400217225003,31814,residential_rate,0,effective_residential_rate,0,< 0.08
l0_pce_rate_line.csv,A3323400218225003,31816,residential_rate,0,effective_residential_rate,0,< 0.08
l0_pce_rate_line.csv,A3323400219225003,31818,residential_rate,0,effective_residential_rate,0,< 0.08
l0_pce_rate_line.csv,A3323400220225003,31820,residential_rate,0,effective_residential_rate,0,< 0.08
l0_pce_rate_line.csv,A3323400221225003,31822,residential_rate,0,effective_residential_rate,0,< 0.08
l0_pce_rate_line.csv,A3323400317225003,31832,residential_rate,0,effective_residential_rate,0,< 0.08
l0_pce_rate_line.csv,A3323400318225003,31834,residential_rate,0,effective_residential_rate,0,< 0.08
l0_pce_rate_line.csv,A3323400320225003,31837,residential_rate,0,effective_residential_rate,0,< 0.08
l0_pce_rate_line.csv,A3323400320225003,31838,residential_rate,0,effective_residential_rate,0,< 0.08
l0_pce_rate_line.csv,A3323400321225003,31840,residential_rate,0,effective_residential_rate,0,< 0.08
l0_pce_rate_line.csv,A3323400417225003,31851,residential_rate,0,effective_residential_rate,0,< 0.08
l0_pce_rate_line.csv,A3323400418225003,31853,residential_rate,0,effective_residential_rate,0,< 0.08
l0_pce_rate_line.csv,A3323400419225003,31855,residential_rate,0,effective_residential_rate,0,< 0.08
l0_pce_rate_line.csv,A3323400419225003,31856,residential_rate,0,effective_residential_rate,0,< 0.08
l0_pce_rate_line.csv,A3323400420225003,31858,residential_rate,0,effective_residential_rate,0,< 0.08
l0_pce_rate_line.csv,A3323400421225003,31860,residential_rate,0,effective_residential_rate,0,< 0.08
l0_pce_rate_line.csv,A3323400422225003,31863,residential_rate,0,effective_residential_rate,0,< 0.08
l0_pce_rate_line.csv,A3323400517225003,31872,residential_rate,0,effective_residential_rate,0,< 0.08
l0_pce_rate_line.csv,A3323400519225003,31875,residential_rate,0,effective_residential_rate,0,< 0.08
l0_pce_rate_line.csv,A3323400520225003,31877,residential_rate,0,effective_residential_rate,0,< 0.08
l0_pce_rate_line.csv,A3323400522225003,31881,residential_rate,0,effective_residential_rate,0,< 0.08
l0_pce_rate_line.csv,A3323400616225003,31889,residential_rate,0,effective_residential_rate,0,< 0.08
l0_pce_rate_line.csv,A3323400619225003,31893,residential_rate,0,effective_residential_rate,0,< 0.08
l0_pce_rate_line.csv,A3323400620225003,31895,residential_rate,0,effective_residential_rate,0,< 0.08
l0_pce_rate_line.csv,A3323400622225003,31899,residential_rate,0,effective_residential_rate,0,< 0.08
l0_pce_rate_line.csv,A3323400716225003,31908,residential_rate,0,effective_residential_rate,0,< 0.08
l0_pce_rate_line.csv,A3323400717225003,31910,residential_rate,0,effective_residential_rate,0,< 0.08
l0_pce_rate_line.csv,A3323400718225003,31912,residential_rate,0,effective_residential_rate,0,< 0.08
l0_pce_rate_line.csv,A3323400719225003,31914,residential_rate,0,effective_residential_rate,0,< 0.08
l0_pce_rate_line.csv,A3323400720225003,31916,residential_rate,0,effective_residential_rate,0,< 0.08
l0_pce_rate_line.csv,A3323400721225003,31918,residential_rate,0,effective_residential_rate,0,< 0.08
l0_pce_rate_line.csv,A3323400722225003,31920,residential_rate,0,effective_residential_rate,0,< 0.08
l0_pce_rate_line.csv,A3323400817225003,31929,residential_rate,0,effective_residential_rate,0,< 0.08
l0_pce_rate_line.csv,A3323400818225003,31931,residential_rate,0,effective_residential_rate,0,< 0.08
l0_pce_rate_line.csv,A3323400819225003,31933,residential_rate,0,effective_residential_rate,0,< 0.08
l0_pce_rate_line.csv,A3323400820225003,31935,residential_rate,0,effective_residential_rate,0,< 0.08
l0_pce_rate_line.csv,A3323400822225003,31939,residential_rate,0,effective_residential_rate,0,< 0.08
l0_pce_rate_line.csv,A3323400916225003,31947,residential_rate,0,effective_residential_rate,0,< 0.08
l0_pce_rate_line.csv,A3323400916225003,31948,residential_rate,0,effective_residential_rate,0,< 0.08
l0_pce_rate_line.csv,A3323400917225003,31950,residential_rate,0,effective_residential_rate,0,< 0.08
l0_pce_rate_line.csv,A3323400918225003,31952,residential_rate,0,effective_residential_rate,0,< 0.08
l0_pce_rate_line.csv,A3323400919225003,31954,residential_rate,0,effective_residential_rate,0,< 0.08
l0_pce_rate_line.csv,A3323400922225003,31959,residential_rate,0,effective_residential_rate,0,< 0.08
l0_pce_rate_line.csv,A3323401016225003,31967,residential_rate,0,effective_residential_rate,0,< 0.08
l0_pce_rate_line.csv,A3323401017225003,31969,residential_rate,0,effective_residential_rate,0,< 0.08
l0_pce_rate_line.csv,A3323401019225003,31972,residential_rate,0,effective_residential_rate,0,< 0.08
l0_pce_rate_line.csv,A3323401020225003,31974,residential_rate,0,effective_residential_rate,0,< 0.08
l0_pce_rate_line.csv,A3323401116225003,31988,residential_rate,0,effective_residential_rate,0,< 0.08
l0_pce_rate_line.csv,A3323401118225003,31992,residential_rate,0,effective_residential_rate,0,< 0.08
l0_pce_rate_line.csv,A3323401119225003,31994,residential_rate,0,effective_residential_rate,0,< 0.08
l0_pce_rate_line.csv,A3323401120225003,31996,residential_rate,0,effective_residential_rate,0,< 0.08
l0_pce_rate_line.csv,A3323401219225003,32010,residential_rate,0,effective_residential_rate,0,< 0.08
l0_pce_rate_line.csv,A3323401220225003,32012,residential_rate,0,effective_residential_rate,0,< 0.08
l0_pce_rate_line.csv,A3323500117225003,32023,residential_rate,0.15,effective_residential_rate,0.0167,< 0.08
l0_pce_rate_line.csv,A3323500118225003,32025,residential_rate,0.15,effective_residential_rate,0.0258,< 0.08
l0_pce_rate_line.csv,A3323500119225003,32027,residential_rate,0,effective_residential_rate,-0.0098,< 0.08
l0_pce_rate_line.csv,A3323500119225003,32028,residential_rate,0,effective_residential_rate,-0.1098,< 0.08
l0_pce_rate_line.csv,A3323500120225003,32030,residential_rate,0,effective_residential_rate,-0.009,< 0.08
l0_pce_rate_line.csv,A3323500120225003,32031,residential_rate,0,effective_residential_rate,-0.109,< 0.08
l0_pce_rate_line.csv,A3323500121225003,32033,residential_rate,0,effective_residential_rate,-0.0937,< 0.08
l0_pce_rate_line.csv,A3323500122225003,32035,residential_rate,0,effective_residential_rate,0,< 0.08
l0_pce_rate_line.csv,A3323500122225003,32036,residential_rate,0,effective_residential_rate,-0.0997,< 0.08
l0_pce_rate_line.csv,A3323500123225003,32038,residential_rate,0.15,effective_residential_rate,0.0458,< 0.08
l0_pce_rate_line.csv,A3323500216225003,32051,residential_rate,0.15,effective_residential_rate,0.00819999999999999,< 0.08
l0_pce_rate_line.csv,A3323500217225003,32054,residential_rate,0.15,effective_residential_rate,0.0167,< 0.08
l0_pce_rate_line.csv,A3323500218225003,32057,residential_rate,0.15,effective_residential_rate,0.0258,< 0.08
l0_pce_rate_line.csv,A3323500219225003,32059,residential_rate,0,effective_residential_rate,-0.0098,< 0.08
l0_pce_rate_line.csv,A3323500219225003,32060,residential_rate,0,effective_residential_rate,-0.1098,< 0.08
l0_pce_rate_line.csv,A3323500220225003,32062,residential_rate,0,effective_residential_rate,-0.009,< 0.08
l0_pce_rate_line.csv,A3323500220225003,32063,residential_rate,0,effective_residential_rate,-0.109,< 0.08
l0_pce_rate_line.csv,A3323500221225003,32065,residential_rate,0,effective_residential_rate,0,< 0.08
l0_pce_rate_line.csv,A3323500221225003,32066,residential_rate,0,effective_residential_rate,-0.0937,< 0.08
l0_pce_rate_line.csv,A3323500222225003,32068,residential_rate,0,effective_residential_rate,0,< 0.08
l0_pce_rate_line.csv,A3323500222225003,32069,residential_rate,0,effective_residential_rate,-0.0997,< 0.08
l0_pce_rate_line.csv,A3323500316225003,32085,residential_rate,0.15,effective_residential_rate,0.00819999999999999,< 0.08
l0_pce_rate_line.csv,A3323500317225003,32088,residential_rate,0.15,effective_residential_rate,0.0167,< 0.08
l0_pce_rate_line.csv,A3323500318225003,32090,residential_rate,0,effective_residential_rate,-0.0242,< 0.08
l0_pce_rate_line.csv,A3323500318225003,32091,residential_rate,0,effective_residential_rate,-0.1242,< 0.08
l0_pce_rate_line.csv,A3323500319225003,32093,residential_rate,0,effective_residential_rate,-0.0098,< 0.08
l0_pce_rate_line.csv,A3323500319225003,32094,residential_rate,0,effective_residential_rate,-0.1098,< 0.08
l0_pce_rate_line.csv,A3323500320225003,32096,residential_rate,0,effective_residential_rate,-0.009,< 0.08
l0_pce_rate_line.csv,A3323500320225003,32097,residential_rate,0,effective_residential_rate,-0.109,< 0.08
l0_pce_rate_line.csv,A3323500321225003,32099,residential_rate,0,effective_residential_rate,-0.0937,< 0.08
l0_pce_rate_line.csv,A3323500322225003,32101,residential_rate,0,effective_residential_rate,0,< 0.08
l0_pce_rate_line.csv,A3323500322225003,32102,residential_rate,0,effective_residential_rate,-0.0997,< 0.08
l0_pce_rate_line.csv,A3323500416225003,32118,residential_rate,0.15,effective_residential_rate,0.00819999999999999,< 0.08
l0_pce_rate_line.csv,A3323500417225003,32121,residential_rate,0.15,effective_residential_rate,0.0167,< 0.08
l0_pce_rate_line.csv,A3323500418225003,32122,residential_rate,0,effective_residential_rate,0,< 0.08
l0_pce_rate_line.csv,A3323500418225003,32123,residential_rate,0,effective_residential_rate,-0.0242,< 0.08
l0_pce_rate_line.csv,A3323500418225003,32124,residential_rate,0,effective_residential_rate,-0.1242,< 0.08
l0_pce_rate_line.csv,A3323500419225003,32126,residential_rate,0,effective_residential_rate,-0.0098,< 0.08
l0_pce_rate_line.csv,A3323500419225003,32127,residential_rate,0,effective_residential_rate,-0.1098,< 0.08
l0_pce_rate_line.csv,A3323500420225003,32129,residential_rate,0,effective_residential_rate,-0.009,< 0.08
l0_pce_rate_line.csv,A3323500420225003,32130,residential_rate,0,effective_residential_rate,-0.109,< 0.08
l0_pce_rate_line.csv,A3323500421225003,32132,residential_rate,0,effective_residential_rate,-0.0937,< 0.08
l0_pce_rate_line.csv,A3323500422225003,32134,residential_rate,0,effective_residential_rate,0,< 0.08
l0_pce_rate_line.csv,A3323500422225003,32135,residential_rate,0,effective_residential_rate,-0.0997,< 0.08
l0_pce_rate_line.csv,A3323500516225003,32151,residential_rate,0.15,effective_residential_rate,0.00819999999999999,< 0.08
l0_pce_rate_line.csv,A3323500517225003,32154,residential_rate,0.15,effective_residential_rate,0.0167,< 0.08
l0_pce_rate_line.csv,A3323500518225003,32156,residential_rate,0,effective_residential_rate,-0.0242,< 0.08
l0_pce_rate_line.csv,A3323500518225003,32157,residential_rate,0,effective_residential_rate,-0.1242,< 0.08
l0_pce_rate_line.csv,A3323500519225003,32159,residential_rate,0,effective_residential_rate,-0.0098,< 0.08
l0_pce_rate_line.csv,A3323500519225003,32160,residential_rate,0,effective_residential_rate,-0.1098,< 0.08
l0_pce_rate_line.csv,A3323500520225003,32162,residential_rate,0,effective_residential_rate,-0.009,< 0.08
l0_pce_rate_line.csv,A3323500520225003,32163,residential_rate,0,effective_residential_rate,-0.109,< 0.08
l0_pce_rate_line.csv,A3323500521225003,32165,residential_rate,0,effective_residential_rate,0,< 0.08
l0_pce_rate_line.csv,A3323500521225003,32166,residential_rate,0,effective_residential_rate,-0.0937,< 0.08
l0_pce_rate_line.csv,A3323500522225003,32168,residential_rate,0,effective_residential_rate,0,< 0.08
l0_pce_rate_line.csv,A3323500522225003,32169,residential_rate,0,effective_residential_rate,-0.0997,< 0.08
l0_pce_rate_line.csv,A3323500616225003,32185,residential_rate,0.15,effective_residential_rate,0.00819999999999999,< 0.08
l0_pce_rate_line.csv,A3323500617225003,32188,residential_rate,0.15,effective_residential_rate,0.0167,< 0.08
l0_pce_rate_line.csv,A3323500618225003,32190,residential_rate,0,effective_residential_rate,-0.0242,< 0.08
l0_pce_rate_line.csv,A3323500618225003,32191,residential_rate,0,effective_residential_rate,-0.1242,< 0.08
l0_pce_rate_line.csv,A3323500619225003,32193,residential_rate,0,effective_residential_rate,-0.0098,< 0.08
l0_pce_rate_line.csv,A3323500619225003,32194,residential_rate,0,effective_residential_rate,-0.1098,< 0.08
l0_pce_rate_line.csv,A3323500620225003,32196,residential_rate,0,effective_residential_rate,-0.009,< 0.08
l0_pce_rate_line.csv,A3323500620225003,32197,residential_rate,0,effective_residential_rate,-0.109,< 0.08
l0_pce_rate_line.csv,A3323500621225003,32199,residential_rate,0,effective_residential_rate,0,< 0.08
l0_pce_rate_line.csv,A3323500621225003,32200,residential_rate,0,effective_residential_rate,-0.0937,< 0.08
l0_pce_rate_line.csv,A3323500622225003,32202,residential_rate,0,effective_residential_rate,0,< 0.08
l0_pce_rate_line.csv,A3323500622225003,32203,residential_rate,0,effective_residential_rate,-0.0997,< 0.08
l0_pce_rate_line.csv,A3323500716225003,32219,residential_rate,0.15,effective_residential_rate,0.00819999999999999,< 0.08
l0_pce_rate_line.csv,A3323500717225003,32222,residential_rate,0.15,effective_residential_rate,0.0167,< 0.08
l0_pce_rate_line.csv,A3323500718225003,32224,residential_rate,0,effective_residential_rate,-0.0242,< 0.08
l0_pce_rate_line.csv,A3323500718225003,32225,residential_rate,0,effective_residential_rate,-0.1242,< 0.08
l0_pce_rate_line.csv,A3323500719225003,32227,residential_rate,0,effective_residential_rate,-0.0098,< 0.08
l0_pce_rate_line.csv,A3323500719225003,32228,residential_rate,0,effective_residential_rate,-0.1098,< 0.08
l0_pce_rate_line.csv,A3323500720225003,32230,residential_rate,0,effective_residential_rate,-0.009,< 0.08
l0_pce_rate_line.csv,A3323500720225003,32231,residential_rate,0,effective_residential_rate,-0.109,< 0.08
l0_pce_rate_line.csv,A3323500721225003,32233,residential_rate,0,effective_residential_rate,-0.0937,< 0.08
l0_pce_rate_line.csv,A3323500722225003,32235,residential_rate,0,effective_residential_rate,0,< 0.08
l0_pce_rate_line.csv,A3323500722225003,32236,residential_rate,0,effective_residential_rate,-0.0997,< 0.08
l0_pce_rate_line.csv,A3323500816225003,32252,residential_rate,0.15,effective_residential_rate,0.00819999999999999,< 0.08
l0_pce_rate_line.csv,A3323500817225003,32255,residential_rate,0.15,effective_residential_rate,0.0167,< 0.08
l0_pce_rate_line.csv,A3323500818225003,32257,residential_rate,0,effective_residential_rate,-0.0242,< 0.08
l0_pce_rate_line.csv,A3323500818225003,32258,residential_rate,0,effective_residential_rate,-0.1242,< 0.08
l0_pce_rate_line.csv,A3323500819225003,32260,residential_rate,0,effective_residential_rate,-0.0098,< 0.08
l0_pce_rate_line.csv,A3323500819225003,32261,residential_rate,0,effective_residential_rate,-0.1098,< 0.08
l0_pce_rate_line.csv,A3323500820225003,32263,residential_rate,0,effective_residential_rate,-0.009,< 0.08
l0_pce_rate_line.csv,A3323500820225003,32264,residential_rate,0,effective_residential_rate,-0.109,< 0.08
l0_pce_rate_line.csv,A3323500821225003,32266,residential_rate,0,effective_residential_rate,-0.0937,< 0.08
l0_pce_rate_line.csv,A3323500822225003,32268,residential_rate,0,effective_residential_rate,0,< 0.08
l0_pce_rate_line.csv,A3323500822225003,32269,residential_rate,0,effective_residential_rate,-0.0997,< 0.08
l0_pce_rate_line.csv,A3323500916225003,32284,residential_rate,0.15,effective_residential_rate,0.00819999999999999,< 0.08
l0_pce_rate_line.csv,A3323500917225003,32287,residential_rate,0.1891,effective_residential_rate,0.0558,< 0.08
l0_pce_rate_line.csv,A3323500918225003,32289,residential_rate,0,effective_residential_rate,-0.0242,< 0.08
l0_pce_rate_line.csv,A3323500918225003,32290,residential_rate,0,effective_residential_rate,-0.1242,< 0.08
l0_pce_rate_line.csv,A3323500919225003,32293,residential_rate,0.1517,effective_residential_rate,0.0419,< 0.08
l0_pce_rate_line.csv,A3323500920225003,32295,residential_rate,0,effective_residential_rate,-0.009,< 0.08
l0_pce_rate_line.csv,A3323500920225003,32296,residential_rate,0,effective_residential_rate,-0.109,< 0.08
l0_pce_rate_line.csv,A3323500921225003,32298,residential_rate,0.15,effective_residential_rate,0.0563,< 0.08
l0_pce_rate_line.csv,A3323500922225003,32300,residential_rate,0.15,effective_residential_rate,0.0503,< 0.08
l0_pce_rate_line.csv,A3323501016225003,32315,residential_rate,0.15,effective_residential_rate,0.00819999999999999,< 0.08
l0_pce_rate_line.csv,A3323501017225003,32318,residential_rate,0.1651,effective_residential_rate,0.0318,< 0.08
l0_pce_rate_line.csv,A3323501018225003,32320,residential_rate,0,effective_residential_rate,-0.0242,< 0.08
l0_pce_rate_line.csv,A3323501018225003,32321,residential_rate,0,effective_residential_rate,-0.1242,< 0.08
l0_pce_rate_line.csv,A3323501019225003,32324,residential_rate,0.15,effective_residential_rate,0.0402,< 0.08
l0_pce_rate_line.csv,A3323501020225003,32326,residential_rate,0,effective_residential_rate,-0.009,< 0.08
l0_pce_rate_line.csv,A3323501020225003,32327,residential_rate,0,effective_residential_rate,-0.109,< 0.08
l0_pce_rate_line.csv,A3323501021225003,32329,residential_rate,0.15,effective_residential_rate,0.0563,< 0.08
l0_pce_rate_line.csv,A3323501022225003,32331,residential_rate,0,effective_residential_rate,-0.0997,< 0.08
l0_pce_rate_line.csv,A3323501116225003,32347,residential_rate,0.15,effective_residential_rate,0.00819999999999999,< 0.08
l0_pce_rate_line.csv,A3323501117225003,32350,residential_rate,0.1548,effective_residential_rate,0.0215,< 0.08
l0_pce_rate_line.csv,A3323501118225003,32352,residential_rate,0,effective_residential_rate,-0.0242,< 0.08
l0_pce_rate_line.csv,A3323501118225003,32353,residential_rate,0,effective_residential_rate,-0.1242,< 0.08
l0_pce_rate_line.csv,A3323501119225003,32356,residential_rate,0.1665,effective_residential_rate,0.0567,< 0.08
l0_pce_rate_line.csv,A3323501120225003,32358,residential_rate,0,effective_residential_rate,-0.009,< 0.08
l0_pce_rate_line.csv,A3323501120225003,32359,residential_rate,0,effective_residential_rate,-0.109,< 0.08
l0_pce_rate_line.csv,A3323501121225003,32362,residential_rate,0.15,effective_residential_rate,0.0563,< 0.08
l0_pce_rate_line.csv,A3323501122225003,32364,residential_rate,0.15,effective_residential_rate,0.0503,< 0.08
l0_pce_rate_line.csv,A3323501218225003,32381,residential_rate,0,effective_residential_rate,-0.0242,< 0.08
l0_pce_rate_line.csv,A3323501218225003,32382,residential_rate,0,effective_residential_rate,-0.1242,< 0.08
l0_pce_rate_line.csv,A3323501219225003,32384,residential_rate,0,effective_residential_rate,-0.0098,< 0.08
l0_pce_rate_line.csv,A3323501219225003,32385,residential_rate,0,effective_residential_rate,-0.1098,< 0.08
l0_pce_rate_line.csv,A3323501220225003,32387,residential_rate,0,effective_residential_rate,-0.009,< 0.08
l0_pce_rate_line.csv,A3323501220225003,32388,residential_rate,0,effective_residential_rate,-0.109,< 0.08
l0_pce_rate_line.csv,A3323501221225003,32391,residential_rate,0.15,effective_residential_rate,0.0563,< 0.08
l0_pce_rate_line.csv,A3323501222225003,32393,residential_rate,0.15,effective_residential_rate,0.0503,< 0.08
l0_pce_rate_line.csv,A3323600117225003,32405,residential_rate,0.15,effective_residential_rate,0.0167,< 0.08
l0_pce_rate_line.csv,A3323600119225003,32409,residential_rate,0,effective_residential_rate,-0.0098,< 0.08
l0_pce_rate_line.csv,A3323600119225003,32410,residential_rate,0,effective_residential_rate,-0.1098,< 0.08
l0_pce_rate_line.csv,A3323600120225003,32412,residential_rate,0,effective_residential_rate,-0.009,< 0.08
l0_pce_rate_line.csv,A3323600120225003,32413,residential_rate,0,effective_residential_rate,-0.109,< 0.08
l0_pce_rate_line.csv,A3323600121225003,32415,residential_rate,0,effective_residential_rate,-0.0937,< 0.08
l0_pce_rate_line.csv,A3323600122225003,32417,residential_rate,0,effective_residential_rate,0,< 0.08
l0_pce_rate_line.csv,A3323600122225003,32418,residential_rate,0,effective_residential_rate,-0.0997,< 0.08
l0_pce_rate_line.csv,A3323600123225003,32420,residential_rate,0.15,effective_residential_rate,0.0458,< 0.08
l0_pce_rate_line.csv,A3323600216225003,32434,residential_rate,0,effective_residential_rate,0,< 0.08
l0_pce_rate_line.csv,A3323600217225003,32437,residential_rate,0.15,effective_residential_rate,0.0167,< 0.08
l0_pce_rate_line.csv,A3323600218225003,32440,residential_rate,0.15,effective_residential_rate,0.0258,< 0.08
l0_pce_rate_line.csv,A3323600219225003,32442,residential_rate,0,effective_residential_rate,-0.0098,< 0.08
l0_pce_rate_line.csv,A3323600219225003,32443,residential_rate,0,effective_residential_rate,-0.1098,< 0.08
l0_pce_rate_line.csv,A3323600220225003,32445,residential_rate,0,effective_residential_rate,-0.009,< 0.08
l0_pce_rate_line.csv,A3323600220225003,32446,residential_rate,0,effective_residential_rate,-0.109,< 0.08
l0_pce_rate_line.csv,A3323600221225003,32448,residential_rate,0,effective_residential_rate,0,< 0.08
l0_pce_rate_line.csv,A3323600221225003,32449,residential_rate,0,effective_residential_rate,-0.0937,< 0.08
l0_pce_rate_line.csv,A3323600222225003,32451,residential_rate,0,effective_residential_rate,0,< 0.08
l0_pce_rate_line.csv,A3323600222225003,32452,residential_rate,0,effective_residential_rate,-0.0997,< 0.08
l0_pce_rate_line.csv,A3323600316225003,32468,residential_rate,0.15,effective_residential_rate,0.00819999999999999,< 0.08
l0_pce_rate_line.csv,A3323600317225003,32471,residential_rate,0.15,effective_residential_rate,0.0167,< 0.08
l0_pce_rate_line.csv,A3323600318225003,32473,residential_rate,0,effective_residential_rate,-0.0242,< 0.08
l0_pce_rate_line.csv,A3323600318225003,32474,residential_rate,0,effective_residential_rate,-0.1242,< 0.08
l0_pce_rate_line.csv,A3323600319225003,32476,residential_rate,0,effective_residential_rate,-0.0098,< 0.08
l0_pce_rate_line.csv,A3323600319225003,32477,residential_rate,0,effective_residential_rate,-0.1098,< 0.08
l0_pce_rate_line.csv,A3323600320225003,32479,residential_rate,0,effective_residential_rate,-0.009,< 0.08
l0_pce_rate_line.csv,A3323600320225003,32480,residential_rate,0,effective_residential_rate,-0.109,< 0.08
l0_pce_rate_line.csv,A3323600321225003,32482,residential_rate,0,effective_residential_rate,-0.0937,< 0.08
l0_pce_rate_line.csv,A3323600322225003,32484,residential_rate,0,effective_residential_rate,0,< 0.08
l0_pce_rate_line.csv,A3323600322225003,32485,residential_rate,0,effective_residential_rate,-0.0997,< 0.08
l0_pce_rate_line.csv,A3323600416225003,32501,residential_rate,0.15,effective_residential_rate,0.00819999999999999,< 0.08
l0_pce_rate_line.csv,A3323600417225003,32504,residential_rate,0.15,effective_residential_rate,0.0167,< 0.08
l0_pce_rate_line.csv,A3323600418225003,32505,residential_rate,0,effective_residential_rate,0,< 0.08
l0_pce_rate_line.csv,A3323600418225003,32506,residential_rate,0,effective_residential_rate,-0.0242,< 0.08
l0_pce_rate_line.csv,A3323600418225003,32507,residential_rate,0,effective_residential_rate,-0.1242,< 0.08
l0_pce_rate_line.csv,A3323600419225003,32509,residential_rate,0,effective_residential_rate,-0.0098,< 0.08
l0_pce_rate_line.csv,A3323600419225003,32510,residential_rate,0,effective_residential_rate,-0.1098,< 0.08
l0_pce_rate_line.csv,A3323600420225003,32512,residential_rate,0,effective_residential_rate,-0.009,< 0.08
l0_pce_rate_line.csv,A3323600420225003,32513,residential_rate,0,effective_residential_rate,-0.109,< 0.08
l0_pce_rate_line.csv,A3323600421225003,32515,residential_rate,0,effective_residential_rate,-0.0937,< 0.08
l0_pce_rate_line.csv,A3323600422225003,32517,residential_rate,0,effective_residential_rate,0,< 0.08
l0_pce_rate_line.csv,A3323600422225003,32518,residential_rate,0,effective_residential_rate,-0.0997,< 0.08
l0_pce_rate_line.csv,A3323600516225003,32534,residential_rate,0.15,effective_residential_rate,0.00819999999999999,< 0.08
l0_pce_rate_line.csv,A3323600517225003,32537,residential_rate,0.15,effective_residential_rate,0.0167,< 0.08
l0_pce_rate_line.csv,A3323600518225003,32539,residential_rate,0,effective_residential_rate,-0.0242,< 0.08
l0_pce_rate_line.csv,A3323600518225003,32540,residential_rate,0,effective_residential_rate,-0.1242,< 0.08
l0_pce_rate_line.csv,A3323600519225003,32542,residential_rate,0,effective_residential_rate,-0.0098,< 0.08
l0_pce_rate_line.csv,A3323600519225003,32543,residential_rate,0,effective_residential_rate,-0.1098,< 0.08
l0_pce_rate_line.csv,A3323600520225003,32545,residential_rate,0,effective_residential_rate,-0.009,< 0.08
l0_pce_rate_line.csv,A3323600520225003,32546,residential_rate,0,effective_residential_rate,-0.109,< 0.08
l0_pce_rate_line.csv,A3323600521225003,32548,residential_rate,0,effective_residential_rate,0,< 0.08
l0_pce_rate_line.csv,A3323600521225003,32549,residential_rate,0,effective_residential_rate,-0.0937,< 0.08
l0_pce_rate_line.csv,A3323600522225003,32551,residential_rate,0,effective_residential_rate,0,< 0.08
l0_pce_rate_line.csv,A3323600522225003,32552,residential_rate,0,effective_residential_rate,-0.0997,< 0.08
l0_pce_rate_line.csv,A3323600616225003,32568,residential_rate,0.15,effective_residential_rate,0.00819999999999999,< 0.08
l0_pce_rate_line.csv,A3323600617225003,32571,residential_rate,0.15,effective_residential_rate,0.0167,< 0.08
l0_pce_rate_line.csv,A3323600618225003,32573,residential_rate,0,effective_residential_rate,-0.0242,< 0.08
l0_pce_rate_line.csv,A3323600618225003,32574,residential_rate,0,effective_residential_rate,-0.1242,< 0.08
l0_pce_rate_line.csv,A3323600619225003,32576,residential_rate,0,effective_residential_rate,-0.0098,< 0.08
l0_pce_rate_line.csv,A3323600619225003,32577,residential_rate,0,effective_residential_rate,-0.1098,< 0.08
l0_pce_rate_line.csv,A3323600620225003,32579,residential_rate,0,effective_residential_rate,-0.009,< 0.08
l0_pce_rate_line.csv,A3323600620225003,32580,residential_rate,0,effective_residential_rate,-0.109,< 0.08
l0_pce_rate_line.csv,A3323600621225003,32582,residential_rate,0,effective_residential_rate,0,< 0.08
l0_pce_rate_line.csv,A3323600621225003,32583,residential_rate,0,effective_residential_rate,-0.0937,< 0.08
l0_pce_rate_line.csv,A3323600622225003,32585,residential_rate,0,effective_residential_rate,0,< 0.08
l0_pce_rate_line.csv,A3323600622225003,32586,residential_rate,0,effective_residential_rate,-0.0997,< 0.08
l0_pce_rate_line.csv,A3323600716225003,32602,residential_rate,0.15,effective_residential_rate,0.00819999999999999,< 0.08
l0_pce_rate_line.csv,A3323600717225003,32605,residential_rate,0.15,effective_residential_rate,0.0167,< 0.08
l0_pce_rate_line.csv,A3323600718225003,32607,residential_rate,0,effective_residential_rate,-0.0242,< 0.08
l0_pce_rate_line.csv,A3323600718225003,32608,residential_rate,0,effective_residential_rate,-0.1242,< 0.08
l0_pce_rate_line.csv,A3323600719225003,32610,residential_rate,0,effective_residential_rate,-0.0098,< 0.08
l0_pce_rate_line.csv,A3323600719225003,32611,residential_rate,0,effective_residential_rate,-0.1098,< 0.08
l0_pce_rate_line.csv,A3323600720225003,32613,residential_rate,0,effective_residential_rate,-0.009,< 0.08
l0_pce_rate_line.csv,A3323600720225003,32614,residential_rate,0,effective_residential_rate,-0.109,< 0.08
l0_pce_rate_line.csv,A3323600721225003,32616,residential_rate,0,effective_residential_rate,-0.0937,< 0.08
l0_pce_rate_line.csv,A3323600722225003,32618,residential_rate,0,effective_residential_rate,0,< 0.08
l0_pce_rate_line.csv,A3323600722225003,32619,residential_rate,0,effective_residential_rate,-0.0997,< 0.08
l0_pce_rate_line.csv,A3323600816225003,32635,residential_rate,0.15,effective_residential_rate,0.00819999999999999,< 0.08
l0_pce_rate_line.csv,A3323600817225003,32638,residential_rate,0.15,effective_residential_rate,0.0167,< 0.08
l0_pce_rate_line.csv,A3323600818225003,32640,residential_rate,0,effective_residential_rate,-0.0242,< 0.08
l0_pce_rate_line.csv,A3323600818225003,32641,residential_rate,0,effective_residential_rate,-0.1242,< 0.08
l0_pce_rate_line.csv,A3323600819225003,32643,residential_rate,0,effective_residential_rate,-0.0098,< 0.08
l0_pce_rate_line.csv,A3323600819225003,32644,residential_rate,0,effective_residential_rate,-0.1098,< 0.08
l0_pce_rate_line.csv,A3323600820225003,32646,residential_rate,0,effective_residential_rate,-0.009,< 0.08
l0_pce_rate_line.csv,A3323600820225003,32647,residential_rate,0,effective_residential_rate,-0.109,< 0.08
l0_pce_rate_line.csv,A3323600821225003,32649,residential_rate,0,effective_residential_rate,-0.0937,< 0.08
l0_pce_rate_line.csv,A3323600822225003,32651,residential_rate,0,effective_residential_rate,0,< 0.08
l0_pce_rate_line.csv,A3323600822225003,32652,residential_rate,0,effective_residential_rate,-0.0997,< 0.08
l0_pce_rate_line.csv,A3323600916225003,32668,residential_rate,0.15,effective_residential_rate,0.00819999999999999,< 0.08
l0_pce_rate_line.csv,A3323600918225003,32673,residential_rate,0,effective_residential_rate,-0.0242,< 0.08
l0_pce_rate_line.csv,A3323600918225003,32674,residential_rate,0,effective_residential_rate,-0.1242,< 0.08
l0_pce_rate_line.csv,A3323600920225003,32679,residential_rate,0,effective_residential_rate,-0.009,< 0.08
l0_pce_rate_line.csv,A3323600920225003,32680,residential_rate,0,effective_residential_rate,-0.109,< 0.08
l0_pce_rate_line.csv,A3323600921225003,32682,residential_rate,0.15,effective_residential_rate,0.0563,< 0.08
l0_pce_rate_line.csv,A3323600922225003,32684,residential_rate,0.15,effective_residential_rate,0.0503,< 0.08
l0_pce_rate_line.csv,A3323601016225003,32700,residential_rate,0.15,effective_residential_rate,0.00819999999999999,< 0.08
l0_pce_rate_line.csv,A3323601018225003,32705,residential_rate,0,effective_residential_rate,-0.0242,< 0.08
l0_pce_rate_line.csv,A3323601018225003,32706,residential_rate,0,effective_residential_rate,-0.1242,< 0.08
l0_pce_rate_line.csv,A3323601020225003,32711,residential_rate,0,effective_residential_rate,-0.009,< 0.08
l0_pce_rate_line.csv,A3323601020225003,32712,residential_rate,0,effective_residential_rate,-0.109,< 0.08
l0_pce_rate_line.csv,A3323601021225003,32714,residential_rate,0.15,effective_residential_rate,0.0563,< 0.08
l0_pce_rate_line.csv,A3323601022225003,32716,residential_rate,0.15,effective_residential_rate,0.0503,< 0.08
l0_pce_rate_line.csv,A3323601116225003,32732,residential_rate,0.15,effective_residential_rate,0.00819999999999999,< 0.08
l0_pce_rate_line.csv,A3323601117225003,32735,residential_rate,0.1933,effective_residential_rate,0.06,< 0.08
l0_pce_rate_line.csv,A3323601118225003,32737,residential_rate,0,effective_residential_rate,-0.0242,< 0.08
l0_pce_rate_line.csv,A3323601118225003,32738,residential_rate,0,effective_residential_rate,-0.1242,< 0.08
l0_pce_rate_line.csv,A3323601120225003,32743,residential_rate,0,effective_residential_rate,-0.009,< 0.08
l0_pce_rate_line.csv,A3323601120225003,32744,residential_rate,0,effective_residential_rate,-0.1209,< 0.08
l0_pce_rate_line.csv,A3323601121225003,32747,residential_rate,0.15,effective_residential_rate,0.0563,< 0.08
l0_pce_rate_line.csv,A3323601122225003,32749,residential_rate,0.15,effective_residential_rate,0.0503,< 0.08
l0_pce_rate_line.csv,A3323601216225003,32764,residential_rate,0.15,effective_residential_rate,0.00819999999999999,< 0.08
l0_pce_rate_line.csv,A3323601217225003,32767,residential_rate,0.1854,effective_residential_rate,0.0521,< 0.08
l0_pce_rate_line.csv,A3323601218225003,32769,residential_rate,0,effective_residential_rate,-0.0242,< 0.08
l0_pce_rate_line.csv,A3323601218225003,32770,residential_rate,0,effective_residential_rate,-0.1242,< 0.08
l0_pce_rate_line.csv,A3323601219225003,32772,residential_rate,0,effective_residential_rate,-0.0098,< 0.08
l0_pce_rate_line.csv,A3323601219225003,32773,residential_rate,0,effective_residential_rate,-0.1098,< 0.08
l0_pce_rate_line.csv,A3323601220225003,32775,residential_rate,0,effective_residential_rate,-0.009,< 0.08
l0_pce_rate_line.csv,A3323601220225003,32776,residential_rate,0,effective_residential_rate,-0.109,< 0.08
l0_pce_rate_line.csv,A3323601221225003,32779,residential_rate,0.15,effective_residential_rate,0.0563,< 0.08
l0_pce_rate_line.csv,A3323601222225003,32781,residential_rate,0.15,effective_residential_rate,0.0503,< 0.08
l0_pce_rate_line.csv,A3323700117225003,32795,residential_rate,0.15,effective_residential_rate,0.0167,< 0.08
l0_pce_rate_line.csv,A3323700118225003,32797,residential_rate,0.1573,effective_residential_rate,0.0331,< 0.08
l0_pce_rate_line.csv,A3323700119225003,32799,residential_rate,0,effective_residential_rate,-0.0098,< 0.08
l0_pce_rate_line.csv,A3323700119225003,32800,residential_rate,0,effective_residential_rate,-0.1098,< 0.08
l0_pce_rate_line.csv,A3323700120225003,32802,residential_rate,0,effective_residential_rate,-0.009,< 0.08
l0_pce_rate_line.csv,A3323700120225003,32803,residential_rate,0,effective_residential_rate,-0.109,< 0.08
l0_pce_rate_line.csv,A3323700121225003,32805,residential_rate,0,effective_residential_rate,-0.0937,< 0.08
l0_pce_rate_line.csv,A3323700122225003,32807,residential_rate,0,effective_residential_rate,0,< 0.08
l0_pce_rate_line.csv,A3323700122225003,32808,residential_rate,0,effective_residential_rate,-0.0997,< 0.08
l0_pce_rate_line.csv,A3323700123225003,32810,residential_rate,0.15,effective_residential_rate,0.0458,< 0.08
l0_pce_rate_line.csv,A3323700216225003,32818,residential_rate,0.1902,effective_residential_rate,0.0484,< 0.08
l0_pce_rate_line.csv,A3323700217225003,32821,residential_rate,0.15,effective_residential_rate,0.0167,< 0.08
l0_pce_rate_line.csv,A3323700218225003,32824,residential_rate,0.15,effective_residential_rate,0.0258,< 0.08
l0_pce_rate_line.csv,A3323700219225003,32826,residential_rate,0,effective_residential_rate,-0.0098,< 0.08
l0_pce_rate_line.csv,A3323700219225003,32827,residential_rate,0,effective_residential_rate,-0.1098,< 0.08
l0_pce_rate_line.csv,A3323700220225003,32829,residential_rate,0,effective_residential_rate,-0.009,< 0.08
l0_pce_rate_line.csv,A3323700220225003,32830,residential_rate,0,effective_residential_rate,-0.109,< 0.08
l0_pce_rate_line.csv,A3323700221225003,32832,residential_rate,0,effective_residential_rate,0,< 0.08
l0_pce_rate_line.csv,A3323700221225003,32833,residential_rate,0,effective_residential_rate,-0.0937,< 0.08
l0_pce_rate_line.csv,A3323700222225003,32835,residential_rate,0,effective_residential_rate,0,< 0.08
l0_pce_rate_line.csv,A3323700222225003,32836,residential_rate,0,effective_residential_rate,-0.0997,< 0.08
l0_pce_rate_line.csv,A3323700316225003,32850,residential_rate,0.15,effective_residential_rate,0.00819999999999999,< 0.08
l0_pce_rate_line.csv,A3323700317225003,32853,residential_rate,0.15,effective_residential_rate,0.0167,< 0.08
l0_pce_rate_line.csv,A3323700318225003,32855,residential_rate,0,effective_residential_rate,-0.0242,< 0.08
l0_pce_rate_line.csv,A3323700318225003,32856,residential_rate,0,effective_residential_rate,-0.1242,< 0.08
l0_pce_rate_line.csv,A3323700319225003,32858,residential_rate,0,effective_residential_rate,-0.0098,< 0.08
l0_pce_rate_line.csv,A3323700319225003,32859,residential_rate,0,effective_residential_rate,-0.1098,< 0.08
l0_pce_rate_line.csv,A3323700320225003,32861,residential_rate,0,effective_residential_rate,-0.009,< 0.08
l0_pce_rate_line.csv,A3323700320225003,32862,residential_rate,0,effective_residential_rate,-0.109,< 0.08
l0_pce_rate_line.csv,A3323700321225003,32864,residential_rate,0,effective_residential_rate,-0.0937,< 0.08
l0_pce_rate_line.csv,A3323700322225003,32866,residential_rate,0,effective_residential_rate,0,< 0.08
l0_pce_rate_line.csv,A3323700322225003,32867,residential_rate,0,effective_residential_rate,-0.0997,< 0.08
l0_pce_rate_line.csv,A3323700416225003,32883,residential_rate,0.15,effective_residential_rate,0.00819999999999999,< 0.08
l0_pce_rate_line.csv,A3323700416225003,32884,residential_rate,0,effective_residential_rate,0,< 0.08
l0_pce_rate_line.csv,A3323700417225003,32887,residential_rate,0.15,effective_residential_rate,0.0167,< 0.08
l0_pce_rate_line.csv,A3323700417225003,32888,residential_rate,0,effective_residential_rate,0,< 0.08
l0_pce_rate_line.csv,A3323700418225003,32889,residential_rate,0,effective_residential_rate,0,< 0.08
l0_pce_rate_line.csv,A3323700418225003,32890,residential_rate,0,effective_residential_rate,-0.0242,< 0.08
l0_pce_rate_line.csv,A3323700418225003,32891,residential_rate,0,effective_residential_rate,-0.1242,< 0.08
l0_pce_rate_line.csv,A3323700419225003,32893,residential_rate,0,effective_residential_rate,-0.0098,< 0.08
l0_pce_rate_line.csv,A3323700419225003,32894,residential_rate,0,effective_residential_rate,-0.1098,< 0.08
l0_pce_rate_line.csv,A3323700420225003,32896,residential_rate,0,effective_residential_rate,-0.009,< 0.08
l0_pce_rate_line.csv,A3323700420225003,32897,residential_rate,0,effective_residential_rate,-0.109,< 0.08
l0_pce_rate_line.csv,A3323700421225003,32899,residential_rate,0,effective_residential_rate,-0.0937,< 0.08
l0_pce_rate_line.csv,A3323700422225003,32901,residential_rate,0,effective_residential_rate,0,< 0.08
l0_pce_rate_line.csv,A3323700422225003,32902,residential_rate,0,effective_residential_rate,-0.0997,< 0.08
l0_pce_rate_line.csv,A3323700516225003,32918,residential_rate,0.15,effective_residential_rate,0.00819999999999999,< 0.08
l0_pce_rate_line.csv,A3323700517225003,32921,residential_rate,0.15,effective_residential_rate,0.0167,< 0.08
l0_pce_rate_line.csv,A3323700518225003,32923,residential_rate,0,effective_residential_rate,-0.0242,< 0.08
l0_pce_rate_line.csv,A3323700518225003,32924,residential_rate,0,effective_residential_rate,-0.1242,< 0.08
l0_pce_rate_line.csv,A3323700519225003,32926,residential_rate,0,effective_residential_rate,-0.0098,< 0.08
l0_pce_rate_line.csv,A3323700519225003,32927,residential_rate,0,effective_residential_rate,-0.1098,< 0.08
l0_pce_rate_line.csv,A3323700520225003,32929,residential_rate,0,effective_residential_rate,-0.009,< 0.08
l0_pce_rate_line.csv,A3323700520225003,32930,residential_rate,0,effective_residential_rate,-0.109,< 0.08
l0_pce_rate_line.csv,A3323700521225003,32932,residential_rate,0,effective_residential_rate,0,< 0.08
l0_pce_rate_line.csv,A3323700521225003,32933,residential_rate,0,effective_residential_rate,-0.0937,< 0.08
l0_pce_rate_line.csv,A3323700522225003,32935,residential_rate,0,effective_residential_rate,0,< 0.08
l0_pce_rate_line.csv,A3323700522225003,32936,residential_rate,0,effective_residential_rate,-0.0997,< 0.08
l0_pce_rate_line.csv,A3323700616225003,32952,residential_rate,0,effective_residential_rate,0,< 0.08
l0_pce_rate_line.csv,A3323700616225003,32953,residential_rate,0.15,effective_residential_rate,0.00819999999999999,< 0.08
l0_pce_rate_line.csv,A3323700616225003,32954,residential_rate,0,effective_residential_rate,0,< 0.08
l0_pce_rate_line.csv,A3323700617225003,32957,residential_rate,0.15,effective_residential_rate,0.0167,< 0.08
l0_pce_rate_line.csv,A3323700618225003,32959,residential_rate,0,effective_residential_rate,-0.0242,< 0.08
l0_pce_rate_line.csv,A3323700618225003,32960,residential_rate,0,effective_residential_rate,-0.1242,< 0.08
l0_pce_rate_line.csv,A3323700618225003,32961,residential_rate,0,effective_residential_rate,0,< 0.08
l0_pce_rate_line.csv,A3323700619225003,32963,residential_rate,0,effective_residential_rate,-0.0098,< 0.08
l0_pce_rate_line.csv,A3323700619225003,32964,residential_rate,0,effective_residential_rate,-0.1098,< 0.08
l0_pce_rate_line.csv,A3323700620225003,32966,residential_rate,0,effective_residential_rate,-0.009,< 0.08
l0_pce_rate_line.csv,A3323700620225003,32967,residential_rate,0,effective_residential_rate,-0.109,< 0.08
l0_pce_rate_line.csv,A3323700621225003,32969,residential_rate,0,effective_residential_rate,0,< 0.08
l0_pce_rate_line.csv,A3323700621225003,32970,residential_rate,0,effective_residential_rate,-0.0937,< 0.08
l0_pce_rate_line.csv,A3323700622225003,32972,residential_rate,0,effective_residential_rate,0,< 0.08
l0_pce_rate_line.csv,A3323700622225003,32973,residential_rate,0,effective_residential_rate,-0.0997,< 0.08
l0_pce_rate_line.csv,A3323700716225003,32989,residential_rate,0.15,effective_residential_rate,0.00819999999999999,< 0.08
l0_pce_rate_line.csv,A3323700717225003,32992,residential_rate,0.15,effective_residential_rate,0.0167,< 0.08
l0_pce_rate_line.csv,A3323700718225003,32994,residential_rate,0,effective_residential_rate,-0.0242,< 0.08
l0_pce_rate_line.csv,A3323700718225003,32995,residential_rate,0,effective_residential_rate,-0.1242,< 0.08
l0_pce_rate_line.csv,A3323700719225003,32997,residential_rate,0,effective_residential_rate,-0.0098,< 0.08
l0_pce_rate_line.csv,A3323700719225003,32998,residential_rate,0,effective_residential_rate,-0.1098,< 0.08
l0_pce_rate_line.csv,A3323700720225003,33000,residential_rate,0,effective_residential_rate,-0.009,< 0.08
l0_pce_rate_line.csv,A3323700720225003,33001,residential_rate,0,effective_residential_rate,-0.109,< 0.08
l0_pce_rate_line.csv,A3323700721225003,33003,residential_rate,0,effective_residential_rate,-0.0937,< 0.08
l0_pce_rate_line.csv,A3323700721225003,33004,residential_rate,0,effective_residential_rate,-0.1437,< 0.08
l0_pce_rate_line.csv,A3323700722225003,33005,residential_rate,0,effective_residential_rate,0,< 0.08
l0_pce_rate_line.csv,A3323700722225003,33006,residential_rate,0,effective_residential_rate,0,< 0.08
l0_pce_rate_line.csv,A3323700722225003,33007,residential_rate,0,effective_residential_rate,-0.0997,< 0.08
l0_pce_rate_line.csv,A3323700816225003,33023,residential_rate,0,effective_residential_rate,-0.1418,< 0.08
l0_pce_rate_line.csv,A3323700816225003,33024,residential_rate,0,effective_residential_rate,0,< 0.08
l0_pce_rate_line.csv,A3323700817225003,33027,residential_rate,0.15,effective_residential_rate,0.0167,< 0.08
l0_pce_rate_line.csv,A3323700817225003,33028,residential_rate,0,effective_residential_rate,0,< 0.08
l0_pce_rate_line.csv,A3323700818225003,33030,residential_rate,0,effective_residential_rate,-0.0242,< 0.08
l0_pce_rate_line.csv,A3323700818225003,33031,residential_rate,0,effective_residential_rate,-0.1242,< 0.08
l0_pce_rate_line.csv,A3323700819225003,33033,residential_rate,0,effective_residential_rate,-0.0098,< 0.08
l0_pce_rate_line.csv,A3323700819225003,33034,residential_rate,0,effective_residential_rate,-0.1098,< 0.08
l0_pce_rate_line.csv,A3323700820225003,33036,residential_rate,0,effective_residential_rate,-0.009,< 0.08
l0_pce_rate_line.csv,A3323700820225003,33037,residential_rate,0,effective_residential_rate,-0.109,< 0.08
l0_pce_rate_line.csv,A3323700821225003,33039,residential_rate,0,effective_residential_rate,-0.0937,< 0.08
l0_pce_rate_line.csv,A3323700822225003,33041,residential_rate,0,effective_residential_rate,0,< 0.08
l0_pce_rate_line.csv,A3323700822225003,33042,residential_rate,0,effective_residential_rate,-0.0997,< 0.08
l0_pce_rate_line.csv,A3323700916225003,33058,residential_rate,0.15,effective_residential_rate,0.00819999999999999,< 0.08
l0_pce_rate_line.csv,A3323700918225003,33063,residential_rate,0,effective_residential_rate,-0.0242,< 0.08
l0_pce_rate_line.csv,A3323700918225003,33064,residential_rate,0,effective_residential_rate,-0.1242,< 0.08
l0_pce_rate_line.csv,A3323700920225003,33069,residential_rate,0,effective_residential_rate,-0.009,< 0.08
l0_pce_rate_line.csv,A3323700920225003,33070,residential_rate,0,effective_residential_rate,-0.109,< 0.08
l0_pce_rate_line.csv,A3323700921225003,33072,residential_rate,0.15,effective_residential_rate,0.0563,< 0.08
l0_pce_rate_line.csv,A3323700922225003,33074,residential_rate,0.15,effective_residential_rate,0.0503,< 0.08
l0_pce_rate_line.csv,A3323701016225003,33088,residential_rate,0.15,effective_residential_rate,0.00819999999999999,< 0.08
l0_pce_rate_line.csv,A3323701018225003,33093,residential_rate,0,effective_residential_rate,-0.0242,< 0.08
l0_pce_rate_line.csv,A3323701018225003,33094,residential_rate,0,effective_residential_rate,-0.1242,< 0.08
l0_pce_rate_line.csv,A3323701019225003,33097,residential_rate,0.15,effective_residential_rate,0.0402,< 0.08
l0_pce_rate_line.csv,A3323701020225003,33099,residential_rate,0,effective_residential_rate,-0.009,< 0.08
l0_pce_rate_line.csv,A3323701020225003,33100,residential_rate,0,effective_residential_rate,-0.109,< 0.08
l0_pce_rate_line.csv,A3323701020225003,33101,residential_rate,0,effective_residential_rate,0,< 0.08
l0_pce_rate_line.csv,A3323701021225003,33103,residential_rate,0.15,effective_residential_rate,0.0563,< 0.08
l0_pce_rate_line.csv,A3323701022225003,33105,residential_rate,0.15,effective_residential_rate,0.0503,< 0.08
l0_pce_rate_line.csv,A3323701116225003,33119,residential_rate,0.15,effective_residential_rate,0.00819999999999999,< 0.08
l0_pce_rate_line.csv,A3323701118225003,33124,residential_rate,0,effective_residential_rate,-0.0242,< 0.08
l0_pce_rate_line.csv,A3323701118225003,33125,residential_rate,0,effective_residential_rate,-0.1242,< 0.08
l0_pce_rate_line.csv,A3323701120225003,33130,residential_rate,0,effective_residential_rate,-0.009,< 0.08
l0_pce_rate_line.csv,A3323701120225003,33131,residential_rate,0,effective_residential_rate,-0.109,< 0.08
l0_pce_rate_line.csv,A3323701120225003,33132,residential_rate,0,effective_residential_rate,0,< 0.08
l0_pce_rate_line.csv,A3323701121225003,33135,residential_rate,0.15,effective_residential_rate,0.0563,< 0.08
l0_pce_rate_line.csv,A3323701122225003,33137,residential_rate,0.15,effective_residential_rate,0.0503,< 0.08
l0_pce_rate_line.csv,A3323701216225003,33147,residential_rate,0.15,effective_residential_rate,0.00819999999999999,< 0.08
l0_pce_rate_line.csv,A3323701216225003,33148,residential_rate,0,effective_residential_rate,0,< 0.08
l0_pce_rate_line.csv,A3323701217225003,33151,residential_rate,0.1613,effective_residential_rate,0.028,< 0.08
l0_pce_rate_line.csv,A3323701218225003,33153,residential_rate,0,effective_residential_rate,-0.0242,< 0.08
l0_pce_rate_line.csv,A3323701218225003,33154,residential_rate,0,effective_residential_rate,-0.1242,< 0.08
l0_pce_rate_line.csv,A3323701219225003,33156,residential_rate,0,effective_residential_rate,-0.0098,< 0.08
l0_pce_rate_line.csv,A3323701219225003,33157,residential_rate,0,effective_residential_rate,-0.1098,< 0.08
l0_pce_rate_line.csv,A3323701220225003,33159,residential_rate,0,effective_residential_rate,-0.009,< 0.08
l0_pce_rate_line.csv,A3323701220225003,33160,residential_rate,0,effective_residential_rate,-0.109,< 0.08
l0_pce_rate_line.csv,A3323701221225003,33163,residential_rate,0.15,effective_residential_rate,0.0563,< 0.08
l0_pce_rate_line.csv,A3323701222225003,33165,residential_rate,0.15,effective_residential_rate,0.0503,< 0.08
l0_pce_rate_line.csv,A3323800117225003,33172,residential_rate,0.08,effective_residential_rate,0.0467,< 0.08
l0_pce_rate_line.csv,A3323800117225003,33173,residential_rate,0.08,effective_residential_rate,-0.0533,< 0.08
l0_pce_rate_line.csv,A3323800118225003,33174,residential_rate,0.08,effective_residential_rate,0.0558,< 0.08
l0_pce_rate_line.csv,A3323800118225003,33175,residential_rate,0.08,effective_residential_rate,-0.0442,< 0.08
l0_pce_rate_line.csv,A3323800119225003,33177,residential_rate,0,effective_residential_rate,-0.0098,< 0.08
l0_pce_rate_line.csv,A3323800119225003,33178,residential_rate,0,effective_residential_rate,-0.1098,< 0.08
l0_pce_rate_line.csv,A3323800119225003,33179,residential_rate,0,effective_residential_rate,0,< 0.08
l0_pce_rate_line.csv,A3323800120225003,33181,residential_rate,0,effective_residential_rate,-0.009,< 0.08
l0_pce_rate_line.csv,A3323800120225003,33182,residential_rate,0,effective_residential_rate,-0.109,< 0.08
l0_pce_rate_line.csv,A3323800121225003,33184,residential_rate,0,effective_residential_rate,-0.0937,< 0.08
l0_pce_rate_line.csv,A3323800122225003,33186,residential_rate,0,effective_residential_rate,0,< 0.08
l0_pce_rate_line.csv,A3323800122225003,33187,residential_rate,0,effective_residential_rate,-0.0997,< 0.08
l0_pce_rate_line.csv,A3323800123225003,33189,residential_rate,0.08,effective_residential_rate,-0.0242,< 0.08
l0_pce_rate_line.csv,A3323800124225003,33191,residential_rate,0.08,effective_residential_rate,0.0735,< 0.08
l0_pce_rate_line.csv,A3323800124225003,33192,residential_rate,0.08,effective_residential_rate,-0.0265,< 0.08
l0_pce_rate_line.csv,A3323800125225003,33194,residential_rate,0.08,effective_residential_rate,0.0792,< 0.08
l0_pce_rate_line.csv,A3323800125225003,33195,residential_rate,0.08,effective_residential_rate,-0.0208,< 0.08
l0_pce_rate_line.csv,A3323800126225003,33197,residential_rate,0.08,effective_residential_rate,-0.0162,< 0.08
l0_pce_rate_line.csv,A3323800216225003,33199,residential_rate,0.08,effective_residential_rate,0.0382,< 0.08
l0_pce_rate_line.csv,A3323800216225003,33200,residential_rate,0.08,effective_residential_rate,-0.0618,< 0.08
l0_pce_rate_line.csv,A3323800216225003,33201,residential_rate,0,effective_residential_rate,0,< 0.08
l0_pce_rate_line.csv,A3323800217225003,33203,residential_rate,0.08,effective_residential_rate,0.0467,< 0.08
l0_pce_rate_line.csv,A3323800217225003,33204,residential_rate,0.08,effective_residential_rate,-0.0533,< 0.08
l0_pce_rate_line.csv,A3323800217225003,33205,residential_rate,0,effective_residential_rate,0,< 0.08
l0_pce_rate_line.csv,A3323800218225003,33208,residential_rate,0.15,effective_residential_rate,0.0258,< 0.08
l0_pce_rate_line.csv,A3323800218225003,33209,residential_rate,0,effective_residential_rate,0,< 0.08
l0_pce_rate_line.csv,A3323800219225003,33211,residential_rate,0,effective_residential_rate,-0.0098,< 0.08
l0_pce_rate_line.csv,A3323800219225003,33212,residential_rate,0,effective_residential_rate,-0.1098,< 0.08
l0_pce_rate_line.csv,A3323800219225003,33213,residential_rate,0,effective_residential_rate,0,< 0.08
l0_pce_rate_line.csv,A3323800220225003,33215,residential_rate,0,effective_residential_rate,-0.009,< 0.08
l0_pce_rate_line.csv,A3323800220225003,33216,residential_rate,0,effective_residential_rate,-0.109,< 0.08
l0_pce_rate_line.csv,A3323800221225003,33218,residential_rate,0,effective_residential_rate,0,< 0.08
l0_pce_rate_line.csv,A3323800221225003,33219,residential_rate,0,effective_residential_rate,-0.0937,< 0.08
l0_pce_rate_line.csv,A3323800222225003,33221,residential_rate,0,effective_residential_rate,0,< 0.08
l0_pce_rate_line.csv,A3323800222225003,33222,residential_rate,0,effective_residential_rate,-0.0997,< 0.08
l0_pce_rate_line.csv,A3323800223225003,33224,residential_rate,0.08,effective_residential_rate,0.0758,< 0.08
l0_pce_rate_line.csv,A3323800223225003,33225,residential_rate,0.08,effective_residential_rate,-0.0242,< 0.08
l0_pce_rate_line.csv,A3323800224225003,33227,residential_rate,0.08,effective_residential_rate,0.0735,< 0.08
l0_pce_rate_line.csv,A3323800224225003,33228,residential_rate,0.08,effective_residential_rate,-0.0265,< 0.08
l0_pce_rate_line.csv,A3323800225225003,33230,residential_rate,0.08,effective_residential_rate,0.0792,< 0.08
l0_pce_rate_line.csv,A3323800225225003,33231,residential_rate,0.08,effective_residential_rate,-0.0208,< 0.08
l0_pce_rate_line.csv,A3323800226225003,33233,residential_rate,0.08,effective_residential_rate,-0.0162,< 0.08
l0_pce_rate_line.csv,A3323800316225003,33235,residential_rate,0.08,effective_residential_rate,0.0382,< 0.08
l0_pce_rate_line.csv,A3323800316225003,33236,residential_rate,0.08,effective_residential_rate,-0.0618,< 0.08
l0_pce_rate_line.csv,A3323800317225003,33238,residential_rate,0.08,effective_residential_rate,0.0467,< 0.08
l0_pce_rate_line.csv,A3323800317225003,33239,residential_rate,0.08,effective_residential_rate,-0.0533,< 0.08
l0_pce_rate_line.csv,A3323800317225003,33240,residential_rate,0,effective_residential_rate,0,< 0.08
l0_pce_rate_line.csv,A3323800318225003,33241,residential_rate,8e-04,effective_residential_rate,8e-04,< 0.08
l0_pce_rate_line.csv,A3323800318225003,33242,residential_rate,0,effective_residential_rate,-0.0242,< 0.08
l0_pce_rate_line.csv,A3323800318225003,33243,residential_rate,0,effective_residential_rate,-0.1242,< 0.08
l0_pce_rate_line.csv,A3323800319225003,33245,residential_rate,0,effective_residential_rate,-0.0098,< 0.08
l0_pce_rate_line.csv,A3323800319225003,33246,residential_rate,0,effective_residential_rate,-0.1098,< 0.08
l0_pce_rate_line.csv,A3323800320225003,33248,residential_rate,0,effective_residential_rate,-0.009,< 0.08
l0_pce_rate_line.csv,A3323800320225003,33249,residential_rate,0,effective_residential_rate,-0.109,< 0.08
l0_pce_rate_line.csv,A3323800321225003,33251,residential_rate,0,effective_residential_rate,-0.0937,< 0.08
l0_pce_rate_line.csv,A3323800322225003,33253,residential_rate,0,effective_residential_rate,0,< 0.08
l0_pce_rate_line.csv,A3323800322225003,33254,residential_rate,0,effective_residential_rate,-0.0997,< 0.08
l0_pce_rate_line.csv,A3323800323225003,33256,residential_rate,0.08,effective_residential_rate,0.0758,< 0.08
l0_pce_rate_line.csv,A3323800323225003,33257,residential_rate,0.08,effective_residential_rate,-0.0242,< 0.08
l0_pce_rate_line.csv,A3323800324225003,33259,residential_rate,0.08,effective_residential_rate,0.0735,< 0.08
l0_pce_rate_line.csv,A3323800324225003,33260,residential_rate,0.08,effective_residential_rate,-0.0265,< 0.08
l0_pce_rate_line.csv,A3323800324225003,33261,residential_rate,0,effective_residential_rate,0,< 0.08
l0_pce_rate_line.csv,A3323800325225003,33263,residential_rate,0.08,effective_residential_rate,0.0792,< 0.08
l0_pce_rate_line.csv,A3323800325225003,33264,residential_rate,0.08,effective_residential_rate,-0.0208,< 0.08
l0_pce_rate_line.csv,A3323800326225003,33266,residential_rate,0.08,effective_residential_rate,-0.0162,< 0.08
l0_pce_rate_line.csv,A3323800416225003,33268,residential_rate,0.08,effective_residential_rate,0.0382,< 0.08
l0_pce_rate_line.csv,A3323800416225003,33269,residential_rate,0.08,effective_residential_rate,-0.0618,< 0.08
l0_pce_rate_line.csv,A3323800417225003,33271,residential_rate,0.08,effective_residential_rate,0.0467,< 0.08
l0_pce_rate_line.csv,A3323800417225003,33272,residential_rate,0.08,effective_residential_rate,-0.0533,< 0.08
l0_pce_rate_line.csv,A3323800418225003,33273,residential_rate,0,effective_residential_rate,0,< 0.08
l0_pce_rate_line.csv,A3323800418225003,33274,residential_rate,0,effective_residential_rate,-0.0242,< 0.08
l0_pce_rate_line.csv,A3323800418225003,33275,residential_rate,0,effective_residential_rate,-0.1242,< 0.08
l0_pce_rate_line.csv,A3323800419225003,33277,residential_rate,0,effective_residential_rate,-0.0098,< 0.08
l0_pce_rate_line.csv,A3323800419225003,33278,residential_rate,0,effective_residential_rate,-0.1098,< 0.08
l0_pce_rate_line.csv,A3323800420225003,33280,residential_rate,0,effective_residential_rate,-0.009,< 0.08
l0_pce_rate_line.csv,A3323800420225003,33281,residential_rate,0,effective_residential_rate,-0.109,< 0.08
l0_pce_rate_line.csv,A3323800421225003,33283,residential_rate,0,effective_residential_rate,-0.0937,< 0.08
l0_pce_rate_line.csv,A3323800422225003,33285,residential_rate,0,effective_residential_rate,0,< 0.08
l0_pce_rate_line.csv,A3323800422225003,33286,residential_rate,0,effective_residential_rate,-0.0997,< 0.08
l0_pce_rate_line.csv,A3323800423225003,33288,residential_rate,0.08,effective_residential_rate,0.0758,< 0.08
l0_pce_rate_line.csv,A3323800423225003,33289,residential_rate,0.08,effective_residential_rate,-0.0242,< 0.08
l0_pce_rate_line.csv,A3323800424225003,33291,residential_rate,0.08,effective_residential_rate,0.0735,< 0.08
l0_pce_rate_line.csv,A3323800424225003,33292,residential_rate,0.08,effective_residential_rate,-0.0265,< 0.08
l0_pce_rate_line.csv,A3323800425225003,33294,residential_rate,0.08,effective_residential_rate,0.0792,< 0.08
l0_pce_rate_line.csv,A3323800425225003,33295,residential_rate,0.08,effective_residential_rate,-0.0208,< 0.08
l0_pce_rate_line.csv,A3323800426225003,33297,residential_rate,0.08,effective_residential_rate,-0.0162,< 0.08
l0_pce_rate_line.csv,A3323800516225003,33299,residential_rate,0.08,effective_residential_rate,0.0382,< 0.08
l0_pce_rate_line.csv,A3323800516225003,33300,residential_rate,0.08,effective_residential_rate,-0.0618,< 0.08
l0_pce_rate_line.csv,A3323800517225003,33302,residential_rate,0.08,effective_residential_rate,0.0467,< 0.08
l0_pce_rate_line.csv,A3323800517225003,33303,residential_rate,0.08,effective_residential_rate,-0.0533,< 0.08
l0_pce_rate_line.csv,A3323800518225003,33305,residential_rate,0,effective_residential_rate,-0.0242,< 0.08
l0_pce_rate_line.csv,A3323800518225003,33306,residential_rate,0,effective_residential_rate,-0.1242,< 0.08
l0_pce_rate_line.csv,A3323800519225003,33308,residential_rate,0,effective_residential_rate,-0.0098,< 0.08
l0_pce_rate_line.csv,A3323800519225003,33309,residential_rate,0,effective_residential_rate,-0.1098,< 0.08
l0_pce_rate_line.csv,A3323800520225003,33311,residential_rate,0,effective_residential_rate,-0.009,< 0.08
l0_pce_rate_line.csv,A3323800520225003,33312,residential_rate,0,effective_residential_rate,-0.109,< 0.08
l0_pce_rate_line.csv,A3323800521225003,33314,residential_rate,0,effective_residential_rate,0,< 0.08
l0_pce_rate_line.csv,A3323800521225003,33315,residential_rate,0,effective_residential_rate,-0.0937,< 0.08
l0_pce_rate_line.csv,A3323800522225003,33317,residential_rate,0,effective_residential_rate,0,< 0.08
l0_pce_rate_line.csv,A3323800522225003,33318,residential_rate,0,effective_residential_rate,-0.0997,< 0.08
l0_pce_rate_line.csv,A3323800523225003,33320,residential_rate,0.08,effective_residential_rate,0.0758,< 0.08
l0_pce_rate_line.csv,A3323800523225003,33321,residential_rate,0.08,effective_residential_rate,-0.0242,< 0.08
l0_pce_rate_line.csv,A3323800524225003,33323,residential_rate,0.08,effective_residential_rate,0.0735,< 0.08
l0_pce_rate_line.csv,A3323800524225003,33324,residential_rate,0.08,effective_residential_rate,-0.0265,< 0.08
l0_pce_rate_line.csv,A3323800525225003,33326,residential_rate,0.08,effective_residential_rate,0.0792,< 0.08
l0_pce_rate_line.csv,A3323800525225003,33327,residential_rate,0.08,effective_residential_rate,-0.0208,< 0.08
l0_pce_rate_line.csv,A3323800526225003,33329,residential_rate,0.08,effective_residential_rate,-0.0162,< 0.08
l0_pce_rate_line.csv,A3323800616225003,33331,residential_rate,0.08,effective_residential_rate,0.0382,< 0.08
l0_pce_rate_line.csv,A3323800616225003,33332,residential_rate,0.08,effective_residential_rate,-0.0618,< 0.08
l0_pce_rate_line.csv,A3323800617225003,33334,residential_rate,0.08,effective_residential_rate,0.0467,< 0.08
l0_pce_rate_line.csv,A3323800617225003,33335,residential_rate,0.08,effective_residential_rate,-0.0533,< 0.08
l0_pce_rate_line.csv,A3323800618225003,33337,residential_rate,0,effective_residential_rate,-0.0242,< 0.08
l0_pce_rate_line.csv,A3323800618225003,33338,residential_rate,0,effective_residential_rate,-0.1242,< 0.08
l0_pce_rate_line.csv,A3323800619225003,33340,residential_rate,0,effective_residential_rate,-0.0098,< 0.08
l0_pce_rate_line.csv,A3323800619225003,33341,residential_rate,0,effective_residential_rate,-0.1098,< 0.08
l0_pce_rate_line.csv,A3323800620225003,33343,residential_rate,0,effective_residential_rate,-0.009,< 0.08
l0_pce_rate_line.csv,A3323800620225003,33344,residential_rate,0,effective_residential_rate,-0.109,< 0.08
l0_pce_rate_line.csv,A3323800621225003,33346,residential_rate,0,effective_residential_rate,0,< 0.08
l0_pce_rate_line.csv,A3323800621225003,33347,residential_rate,0,effective_residential_rate,-0.0937,< 0.08
l0_pce_rate_line.csv,A3323800622225003,33349,residential_rate,0,effective_residential_rate,0,< 0.08
l0_pce_rate_line.csv,A3323800622225003,33350,residential_rate,0,effective_residential_rate,-0.0997,< 0.08
l0_pce_rate_line.csv,A3323800623225003,33352,residential_rate,0.08,effective_residential_rate,0.0758,< 0.08
l0_pce_rate_line.csv,A3323800623225003,33353,residential_rate,0.08,effective_residential_rate,-0.0242,< 0.08
l0_pce_rate_line.csv,A3323800624225003,33355,residential_rate,0.08,effective_residential_rate,0.0735,< 0.08
l0_pce_rate_line.csv,A3323800624225003,33356,residential_rate,0.08,effective_residential_rate,-0.0265,< 0.08
l0_pce_rate_line.csv,A3323800625225003,33358,residential_rate,0.08,effective_residential_rate,0.0792,< 0.08
l0_pce_rate_line.csv,A3323800625225003,33359,residential_rate,0.08,effective_residential_rate,-0.0208,< 0.08
l0_pce_rate_line.csv,A3323800626225003,33361,residential_rate,0.08,effective_residential_rate,-0.0162,< 0.08
l0_pce_rate_line.csv,A3323800716225003,33363,residential_rate,0.08,effective_residential_rate,0.0382,< 0.08
l0_pce_rate_line.csv,A3323800716225003,33364,residential_rate,0.08,effective_residential_rate,-0.0618,< 0.08
l0_pce_rate_line.csv,A3323800717225003,33366,residential_rate,0.08,effective_residential_rate,0.0467,< 0.08
l0_pce_rate_line.csv,A3323800717225003,33367,residential_rate,0.08,effective_residential_rate,-0.0533,< 0.08
l0_pce_rate_line.csv,A3323800718225003,33369,residential_rate,0,effective_residential_rate,-0.0242,< 0.08
l0_pce_rate_line.csv,A3323800718225003,33370,residential_rate,0,effective_residential_rate,-0.1242,< 0.08
l0_pce_rate_line.csv,A3323800719225003,33372,residential_rate,0,effective_residential_rate,-0.0098,< 0.08
l0_pce_rate_line.csv,A3323800719225003,33373,residential_rate,0,effective_residential_rate,-0.1098,< 0.08
l0_pce_rate_line.csv,A3323800720225003,33375,residential_rate,0,effective_residential_rate,-0.009,< 0.08
l0_pce_rate_line.csv,A3323800720225003,33376,residential_rate,0,effective_residential_rate,-0.109,< 0.08
l0_pce_rate_line.csv,A3323800721225003,33378,residential_rate,0,effective_residential_rate,-0.0937,< 0.08
l0_pce_rate_line.csv,A3323800722225003,33380,residential_rate,0,effective_residential_rate,0,< 0.08
l0_pce_rate_line.csv,A3323800722225003,33381,residential_rate,0,effective_residential_rate,-0.0997,< 0.08
l0_pce_rate_line.csv,A3323800722225003,33382,residential_rate,0,effective_residential_rate,0,< 0.08
l0_pce_rate_line.csv,A3323800723225003,33384,residential_rate,0.08,effective_residential_rate,0.0758,< 0.08
l0_pce_rate_line.csv,A3323800723225003,33385,residential_rate,0.08,effective_residential_rate,-0.0242,< 0.08
l0_pce_rate_line.csv,A3323800724225003,33387,residential_rate,0.08,effective_residential_rate,0.0735,< 0.08
l0_pce_rate_line.csv,A3323800724225003,33388,residential_rate,0.08,effective_residential_rate,-0.0265,< 0.08
l0_pce_rate_line.csv,A3323800725225003,33390,residential_rate,0.08,effective_residential_rate,0.0792,< 0.08
l0_pce_rate_line.csv,A3323800725225003,33391,residential_rate,0.08,effective_residential_rate,-0.0208,< 0.08
l0_pce_rate_line.csv,A3323800726225003,33393,residential_rate,0.08,effective_residential_rate,-0.0162,< 0.08
l0_pce_rate_line.csv,A3323800816225003,33395,residential_rate,0.08,effective_residential_rate,0.0382,< 0.08
l0_pce_rate_line.csv,A3323800816225003,33396,residential_rate,0.08,effective_residential_rate,-0.0618,< 0.08
l0_pce_rate_line.csv,A3323800817225003,33398,residential_rate,0.08,effective_residential_rate,0.0467,< 0.08
l0_pce_rate_line.csv,A3323800817225003,33399,residential_rate,0.08,effective_residential_rate,-0.0533,< 0.08
l0_pce_rate_line.csv,A3323800818225003,33401,residential_rate,0,effective_residential_rate,-0.0242,< 0.08
l0_pce_rate_line.csv,A3323800818225003,33402,residential_rate,0,effective_residential_rate,-0.1242,< 0.08
l0_pce_rate_line.csv,A3323800819225003,33404,residential_rate,0,effective_residential_rate,-0.0098,< 0.08
l0_pce_rate_line.csv,A3323800819225003,33405,residential_rate,0,effective_residential_rate,-0.1098,< 0.08
l0_pce_rate_line.csv,A3323800820225003,33407,residential_rate,0,effective_residential_rate,-0.009,< 0.08
l0_pce_rate_line.csv,A3323800820225003,33408,residential_rate,0,effective_residential_rate,-0.109,< 0.08
l0_pce_rate_line.csv,A3323800821225003,33410,residential_rate,0,effective_residential_rate,-0.0937,< 0.08
l0_pce_rate_line.csv,A3323800822225003,33412,residential_rate,0,effective_residential_rate,0,< 0.08
l0_pce_rate_line.csv,A3323800822225003,33413,residential_rate,0,effective_residential_rate,-0.0997,< 0.08
l0_pce_rate_line.csv,A3323800823225003,33415,residential_rate,0.08,effective_residential_rate,0.0758,< 0.08
l0_pce_rate_line.csv,A3323800823225003,33416,residential_rate,0.08,effective_residential_rate,-0.0242,< 0.08
l0_pce_rate_line.csv,A3323800824225003,33418,residential_rate,0.08,effective_residential_rate,0.0735,< 0.08
l0_pce_rate_line.csv,A3323800824225003,33419,residential_rate,0.08,effective_residential_rate,-0.0265,< 0.08
l0_pce_rate_line.csv,A3323800825225003,33421,residential_rate,0.08,effective_residential_rate,0.0792,< 0.08
l0_pce_rate_line.csv,A3323800825225003,33422,residential_rate,0.08,effective_residential_rate,-0.0208,< 0.08
l0_pce_rate_line.csv,A3323800826225003,33424,residential_rate,0.08,effective_residential_rate,-0.0162,< 0.08
l0_pce_rate_line.csv,A3323800916225003,33426,residential_rate,0.08,effective_residential_rate,0.0382,< 0.08
l0_pce_rate_line.csv,A3323800916225003,33427,residential_rate,0.08,effective_residential_rate,-0.0618,< 0.08
l0_pce_rate_line.csv,A3323800916225003,33428,residential_rate,0,effective_residential_rate,0,< 0.08
l0_pce_rate_line.csv,A3323800917225003,33430,residential_rate,0.08,effective_residential_rate,0.0467,< 0.08
l0_pce_rate_line.csv,A3323800917225003,33431,residential_rate,0.08,effective_residential_rate,-0.0533,< 0.08
l0_pce_rate_line.csv,A3323800918225003,33433,residential_rate,0,effective_residential_rate,-0.0242,< 0.08
l0_pce_rate_line.csv,A3323800918225003,33434,residential_rate,0,effective_residential_rate,-0.1242,< 0.08
l0_pce_rate_line.csv,A3323800919225003,33436,residential_rate,0.08,effective_residential_rate,0.0702,< 0.08
l0_pce_rate_line.csv,A3323800919225003,33437,residential_rate,0.08,effective_residential_rate,-0.0298,< 0.08
l0_pce_rate_line.csv,A3323800920225003,33439,residential_rate,0,effective_residential_rate,-0.009,< 0.08
l0_pce_rate_line.csv,A3323800920225003,33440,residential_rate,0,effective_residential_rate,-0.109,< 0.08
l0_pce_rate_line.csv,A3323800921225003,33442,residential_rate,0.08,effective_residential_rate,-0.0137,< 0.08
l0_pce_rate_line.csv,A3323800922225003,33444,residential_rate,0.08,effective_residential_rate,-0.0197,< 0.08
l0_pce_rate_line.csv,A3323800923225003,33446,residential_rate,0.08,effective_residential_rate,0.0758,< 0.08
l0_pce_rate_line.csv,A3323800923225003,33447,residential_rate,0.08,effective_residential_rate,-0.0242,< 0.08
l0_pce_rate_line.csv,A3323800924225003,33449,residential_rate,0.08,effective_residential_rate,0.0735,< 0.08
l0_pce_rate_line.csv,A3323800924225003,33450,residential_rate,0.08,effective_residential_rate,-0.0265,< 0.08
l0_pce_rate_line.csv,A3323800925225003,33452,residential_rate,0.08,effective_residential_rate,0.0792,< 0.08
l0_pce_rate_line.csv,A3323800925225003,33453,residential_rate,0.08,effective_residential_rate,-0.0208,< 0.08
l0_pce_rate_line.csv,A3323800926225003,33455,residential_rate,0.08,effective_residential_rate,-0.0162,< 0.08
l0_pce_rate_line.csv,A3323801016225003,33457,residential_rate,0.08,effective_residential_rate,0.0382,< 0.08
l0_pce_rate_line.csv,A3323801016225003,33458,residential_rate,0.08,effective_residential_rate,-0.0618,< 0.08
l0_pce_rate_line.csv,A3323801016225003,33459,residential_rate,0,effective_residential_rate,0,< 0.08
l0_pce_rate_line.csv,A3323801017225003,33461,residential_rate,0.08,effective_residential_rate,0.0467,< 0.08
l0_pce_rate_line.csv,A3323801017225003,33462,residential_rate,0.08,effective_residential_rate,-0.0533,< 0.08
l0_pce_rate_line.csv,A3323801018225003,33464,residential_rate,0,effective_residential_rate,-0.0242,< 0.08
l0_pce_rate_line.csv,A3323801018225003,33465,residential_rate,0,effective_residential_rate,-0.1242,< 0.08
l0_pce_rate_line.csv,A3323801019225003,33467,residential_rate,0.08,effective_residential_rate,0.0702,< 0.08
l0_pce_rate_line.csv,A3323801019225003,33468,residential_rate,0.08,effective_residential_rate,-0.0298,< 0.08
l0_pce_rate_line.csv,A3323801020225003,33470,residential_rate,0,effective_residential_rate,-0.009,< 0.08
l0_pce_rate_line.csv,A3323801020225003,33471,residential_rate,0,effective_residential_rate,-0.109,< 0.08
l0_pce_rate_line.csv,A3323801020225003,33472,residential_rate,0,effective_residential_rate,0,< 0.08
l0_pce_rate_line.csv,A3323801021225003,33474,residential_rate,0.08,effective_residential_rate,-0.0137,< 0.08
l0_pce_rate_line.csv,A3323801022225003,33476,residential_rate,0.08,effective_residential_rate,-0.0197,< 0.08
l0_pce_rate_line.csv,A3323801023225003,33478,residential_rate,0.08,effective_residential_rate,0.0758,< 0.08
l0_pce_rate_line.csv,A3323801023225003,33479,residential_rate,0.08,effective_residential_rate,-0.0242,< 0.08
l0_pce_rate_line.csv,A3323801024225003,33481,residential_rate,0.08,effective_residential_rate,0.0735,< 0.08
l0_pce_rate_line.csv,A3323801024225003,33482,residential_rate,0.08,effective_residential_rate,-0.0265,< 0.08
l0_pce_rate_line.csv,A3323801025225003,33485,residential_rate,0.0818,effective_residential_rate,-0.019,< 0.08
l0_pce_rate_line.csv,A3323801026225003,33487,residential_rate,0.08,effective_residential_rate,-0.0162,< 0.08
l0_pce_rate_line.csv,A3323801116225003,33489,residential_rate,0.08,effective_residential_rate,0.0382,< 0.08
l0_pce_rate_line.csv,A3323801116225003,33490,residential_rate,0.08,effective_residential_rate,-0.0618,< 0.08
l0_pce_rate_line.csv,A3323801117225003,33492,residential_rate,0.08,effective_residential_rate,0.0467,< 0.08
l0_pce_rate_line.csv,A3323801117225003,33493,residential_rate,0.08,effective_residential_rate,-0.0533,< 0.08
l0_pce_rate_line.csv,A3323801117225003,33494,residential_rate,0,effective_residential_rate,0,< 0.08
l0_pce_rate_line.csv,A3323801118225003,33496,residential_rate,0,effective_residential_rate,-0.0242,< 0.08
l0_pce_rate_line.csv,A3323801118225003,33497,residential_rate,0,effective_residential_rate,-0.1242,< 0.08
l0_pce_rate_line.csv,A3323801118225003,33498,residential_rate,0,effective_residential_rate,0,< 0.08
l0_pce_rate_line.csv,A3323801119225003,33500,residential_rate,0.08,effective_residential_rate,0.0702,< 0.08
l0_pce_rate_line.csv,A3323801119225003,33501,residential_rate,0.08,effective_residential_rate,-0.0298,< 0.08
l0_pce_rate_line.csv,A3323801120225003,33503,residential_rate,0,effective_residential_rate,-0.009,< 0.08
l0_pce_rate_line.csv,A3323801120225003,33504,residential_rate,0,effective_residential_rate,-0.109,< 0.08
l0_pce_rate_line.csv,A3323801121225003,33507,residential_rate,0.08,effective_residential_rate,-0.0137,< 0.08
l0_pce_rate_line.csv,A3323801122225003,33509,residential_rate,0.08,effective_residential_rate,-0.0197,< 0.08
l0_pce_rate_line.csv,A3323801123225003,33511,residential_rate,0.08,effective_residential_rate,0.0758,< 0.08
l0_pce_rate_line.csv,A3323801123225003,33512,residential_rate,0.08,effective_residential_rate,-0.0242,< 0.08
l0_pce_rate_line.csv,A3323801124225003,33514,residential_rate,0.08,effective_residential_rate,0.0735,< 0.08
l0_pce_rate_line.csv,A3323801124225003,33515,residential_rate,0.08,effective_residential_rate,-0.0265,< 0.08
l0_pce_rate_line.csv,A3323801125225003,33518,residential_rate,0.0818,effective_residential_rate,-0.019,< 0.08
l0_pce_rate_line.csv,A3323801126225003,33520,residential_rate,0.08,effective_residential_rate,-0.0162,< 0.08
l0_pce_rate_line.csv,A3323801216225003,33522,residential_rate,0.08,effective_residential_rate,0.0382,< 0.08
l0_pce_rate_line.csv,A3323801216225003,33523,residential_rate,0.08,effective_residential_rate,-0.0618,< 0.08
l0_pce_rate_line.csv,A3323801217225003,33525,residential_rate,0.08,effective_residential_rate,0.0467,< 0.08
l0_pce_rate_line.csv,A3323801217225003,33526,residential_rate,0.08,effective_residential_rate,-0.0533,< 0.08
l0_pce_rate_line.csv,A3323801217225003,33527,residential_rate,0,effective_residential_rate,0,< 0.08
l0_pce_rate_line.csv,A3323801218225003,33529,residential_rate,0,effective_residential_rate,-0.0242,< 0.08
l0_pce_rate_line.csv,A3323801218225003,33530,residential_rate,0,effective_residential_rate,-0.1242,< 0.08
l0_pce_rate_line.csv,A3323801219225003,33532,residential_rate,0,effective_residential_rate,-0.0098,< 0.08
l0_pce_rate_line.csv,A3323801219225003,33533,residential_rate,0,effective_residential_rate,-0.1098,< 0.08
l0_pce_rate_line.csv,A3323801220225003,33535,residential_rate,0,effective_residential_rate,-0.009,< 0.08
l0_pce_rate_line.csv,A3323801220225003,33536,residential_rate,0,effective_residential_rate,-0.109,< 0.08
l0_pce_rate_line.csv,A3323801221225003,33539,residential_rate,0.08,effective_residential_rate,-0.0137,< 0.08
l0_pce_rate_line.csv,A3323801222225003,33541,residential_rate,0.08,effective_residential_rate,-0.0197,< 0.08
l0_pce_rate_line.csv,A3323801223225003,33543,residential_rate,0.08,effective_residential_rate,0.0758,< 0.08
l0_pce_rate_line.csv,A3323801223225003,33544,residential_rate,0.08,effective_residential_rate,-0.0242,< 0.08
l0_pce_rate_line.csv,A3323801224225003,33546,residential_rate,0.08,effective_residential_rate,0.0735,< 0.08
l0_pce_rate_line.csv,A3323801224225003,33547,residential_rate,0.08,effective_residential_rate,-0.0265,< 0.08
l0_pce_rate_line.csv,A3323801225225003,33549,residential_rate,0.08,effective_residential_rate,0.0792,< 0.08
l0_pce_rate_line.csv,A3323801225225003,33550,residential_rate,0.08,effective_residential_rate,-0.0208,< 0.08
l0_pce_rate_line.csv,A3323900117225003,33554,residential_rate,0.15,effective_residential_rate,0.0167,< 0.08
l0_pce_rate_line.csv,A3323900118225003,33556,residential_rate,0.15,effective_residential_rate,0.0258,< 0.08
l0_pce_rate_line.csv,A3323900119225003,33558,residential_rate,0,effective_residential_rate,-0.0098,< 0.08
l0_pce_rate_line.csv,A3323900119225003,33559,residential_rate,0,effective_residential_rate,-0.1098,< 0.08
l0_pce_rate_line.csv,A3323900120225003,33561,residential_rate,0,effective_residential_rate,-0.009,< 0.08
l0_pce_rate_line.csv,A3323900120225003,33562,residential_rate,0,effective_residential_rate,-0.109,< 0.08
l0_pce_rate_line.csv,A3323900121225003,33564,residential_rate,0,effective_residential_rate,-0.0937,< 0.08
l0_pce_rate_line.csv,A3323900122225003,33566,residential_rate,0,effective_residential_rate,0,< 0.08
l0_pce_rate_line.csv,A3323900122225003,33567,residential_rate,0,effective_residential_rate,-0.0997,< 0.08
l0_pce_rate_line.csv,A3323900123225003,33569,residential_rate,0.15,effective_residential_rate,0.0458,< 0.08
l0_pce_rate_line.csv,A3323900216225003,33579,residential_rate,0,effective_residential_rate,-0.1418,< 0.08
l0_pce_rate_line.csv,A3323900217225003,33582,residential_rate,0.15,effective_residential_rate,0.0167,< 0.08
l0_pce_rate_line.csv,A3323900218225003,33585,residential_rate,0.15,effective_residential_rate,0.0258,< 0.08
l0_pce_rate_line.csv,A3323900219225003,33587,residential_rate,0,effective_residential_rate,-0.0098,< 0.08
l0_pce_rate_line.csv,A3323900219225003,33588,residential_rate,0,effective_residential_rate,-0.1098,< 0.08
l0_pce_rate_line.csv,A3323900220225003,33590,residential_rate,0,effective_residential_rate,-0.009,< 0.08
l0_pce_rate_line.csv,A3323900220225003,33591,residential_rate,0,effective_residential_rate,-0.109,< 0.08
l0_pce_rate_line.csv,A3323900221225003,33593,residential_rate,0,effective_residential_rate,0,< 0.08
l0_pce_rate_line.csv,A3323900221225003,33594,residential_rate,0,effective_residential_rate,-0.0937,< 0.08
l0_pce_rate_line.csv,A3323900222225003,33596,residential_rate,0,effective_residential_rate,0,< 0.08
l0_pce_rate_line.csv,A3323900222225003,33597,residential_rate,0,effective_residential_rate,-0.0997,< 0.08
l0_pce_rate_line.csv,A3323900316225003,33612,residential_rate,0.15,effective_residential_rate,0.00819999999999999,< 0.08
l0_pce_rate_line.csv,A3323900317225003,33615,residential_rate,0.15,effective_residential_rate,0.0167,< 0.08
l0_pce_rate_line.csv,A3323900318225003,33617,residential_rate,0,effective_residential_rate,-0.0242,< 0.08
l0_pce_rate_line.csv,A3323900318225003,33618,residential_rate,0,effective_residential_rate,-0.1242,< 0.08
l0_pce_rate_line.csv,A3323900319225003,33620,residential_rate,0,effective_residential_rate,-0.0098,< 0.08
l0_pce_rate_line.csv,A3323900319225003,33621,residential_rate,0,effective_residential_rate,-0.1098,< 0.08
l0_pce_rate_line.csv,A3323900320225003,33623,residential_rate,0,effective_residential_rate,-0.009,< 0.08
l0_pce_rate_line.csv,A3323900320225003,33624,residential_rate,0.109,effective_residential_rate,0,< 0.08
l0_pce_rate_line.csv,A3323900321225003,33626,residential_rate,0,effective_residential_rate,-0.0937,< 0.08
l0_pce_rate_line.csv,A3323900322225003,33628,residential_rate,0,effective_residential_rate,0,< 0.08
l0_pce_rate_line.csv,A3323900322225003,33629,residential_rate,0,effective_residential_rate,-0.0997,< 0.08
l0_pce_rate_line.csv,A3323900416225003,33644,residential_rate,0.15,effective_residential_rate,0.00819999999999999,< 0.08
l0_pce_rate_line.csv,A3323900417225003,33647,residential_rate,0.15,effective_residential_rate,0.0167,< 0.08
l0_pce_rate_line.csv,A3323900418225003,33648,residential_rate,0,effective_residential_rate,0,< 0.08
l0_pce_rate_line.csv,A3323900418225003,33649,residential_rate,0,effective_residential_rate,-0.0242,< 0.08
l0_pce_rate_line.csv,A3323900418225003,33650,residential_rate,0,effective_residential_rate,-0.1242,< 0.08
l0_pce_rate_line.csv,A3323900419225003,33652,residential_rate,0,effective_residential_rate,-0.0098,< 0.08
l0_pce_rate_line.csv,A3323900419225003,33653,residential_rate,0,effective_residential_rate,-0.1098,< 0.08
l0_pce_rate_line.csv,A3323900420225003,33655,residential_rate,0,effective_residential_rate,-0.009,< 0.08
l0_pce_rate_line.csv,A3323900420225003,33656,residential_rate,0,effective_residential_rate,-0.109,< 0.08
l0_pce_rate_line.csv,A3323900421225003,33658,residential_rate,0,effective_residential_rate,-0.0937,< 0.08
l0_pce_rate_line.csv,A3323900422225003,33660,residential_rate,0,effective_residential_rate,0,< 0.08
l0_pce_rate_line.csv,A3323900422225003,33661,residential_rate,0,effective_residential_rate,-0.0997,< 0.08
l0_pce_rate_line.csv,A3323900516225003,33676,residential_rate,0.15,effective_residential_rate,0.00819999999999999,< 0.08
l0_pce_rate_line.csv,A3323900516225003,33677,residential_rate,0.15,effective_residential_rate,-0.0418,< 0.08
l0_pce_rate_line.csv,A3323900517225003,33680,residential_rate,0.15,effective_residential_rate,0.0167,< 0.08
l0_pce_rate_line.csv,A3323900518225003,33682,residential_rate,0,effective_residential_rate,-0.0242,< 0.08
l0_pce_rate_line.csv,A3323900518225003,33683,residential_rate,0,effective_residential_rate,-0.1242,< 0.08
l0_pce_rate_line.csv,A3323900519225003,33685,residential_rate,0,effective_residential_rate,-0.0098,< 0.08
l0_pce_rate_line.csv,A3323900519225003,33686,residential_rate,0,effective_residential_rate,-0.1098,< 0.08
l0_pce_rate_line.csv,A3323900520225003,33688,residential_rate,0,effective_residential_rate,-0.009,< 0.08
l0_pce_rate_line.csv,A3323900520225003,33689,residential_rate,0,effective_residential_rate,-0.109,< 0.08
l0_pce_rate_line.csv,A3323900521225003,33691,residential_rate,0,effective_residential_rate,0,< 0.08
l0_pce_rate_line.csv,A3323900521225003,33692,residential_rate,0,effective_residential_rate,-0.0937,< 0.08
l0_pce_rate_line.csv,A3323900522225003,33694,residential_rate,0,effective_residential_rate,0,< 0.08
l0_pce_rate_line.csv,A3323900522225003,33695,residential_rate,0,effective_residential_rate,-0.0997,< 0.08
l0_pce_rate_line.csv,A3323900616225003,33709,residential_rate,0.15,effective_residential_rate,0.00819999999999999,< 0.08
l0_pce_rate_line.csv,A3323900616225003,33710,residential_rate,0.15,effective_residential_rate,-0.0418,< 0.08
l0_pce_rate_line.csv,A3323900617225003,33713,residential_rate,0.15,effective_residential_rate,0.0167,< 0.08
l0_pce_rate_line.csv,A3323900618225003,33715,residential_rate,0,effective_residential_rate,-0.0242,< 0.08
l0_pce_rate_line.csv,A3323900618225003,33716,residential_rate,0,effective_residential_rate,-0.1242,< 0.08
l0_pce_rate_line.csv,A3323900619225003,33718,residential_rate,0,effective_residential_rate,-0.0098,< 0.08
l0_pce_rate_line.csv,A3323900619225003,33719,residential_rate,0,effective_residential_rate,-0.1098,< 0.08
l0_pce_rate_line.csv,A3323900620225003,33721,residential_rate,0,effective_residential_rate,-0.009,< 0.08
l0_pce_rate_line.csv,A3323900620225003,33722,residential_rate,0,effective_residential_rate,-0.109,< 0.08
l0_pce_rate_line.csv,A3323900621225003,33724,residential_rate,0,effective_residential_rate,0,< 0.08
l0_pce_rate_line.csv,A3323900621225003,33725,residential_rate,0,effective_residential_rate,-0.0937,< 0.08
l0_pce_rate_line.csv,A3323900622225003,33727,residential_rate,0,effective_residential_rate,0,< 0.08
l0_pce_rate_line.csv,A3323900622225003,33728,residential_rate,0,effective_residential_rate,-0.0997,< 0.08
l0_pce_rate_line.csv,A3323900716225003,33742,residential_rate,0.15,effective_residential_rate,0.00819999999999999,< 0.08
l0_pce_rate_line.csv,A3323900716225003,33743,residential_rate,0.15,effective_residential_rate,-0.0418,< 0.08
l0_pce_rate_line.csv,A3323900717225003,33746,residential_rate,0.15,effective_residential_rate,0.0167,< 0.08
l0_pce_rate_line.csv,A3323900718225003,33748,residential_rate,0,effective_residential_rate,-0.0242,< 0.08
l0_pce_rate_line.csv,A3323900718225003,33749,residential_rate,0,effective_residential_rate,-0.1242,< 0.08
l0_pce_rate_line.csv,A3323900719225003,33751,residential_rate,0,effective_residential_rate,-0.0098,< 0.08
l0_pce_rate_line.csv,A3323900719225003,33752,residential_rate,0,effective_residential_rate,-0.1098,< 0.08
l0_pce_rate_line.csv,A3323900720225003,33754,residential_rate,0,effective_residential_rate,-0.009,< 0.08
l0_pce_rate_line.csv,A3323900720225003,33755,residential_rate,0,effective_residential_rate,-0.109,< 0.08
l0_pce_rate_line.csv,A3323900721225003,33757,residential_rate,0,effective_residential_rate,-0.0937,< 0.08
l0_pce_rate_line.csv,A3323900722225003,33759,residential_rate,0,effective_residential_rate,0,< 0.08
l0_pce_rate_line.csv,A3323900722225003,33760,residential_rate,0,effective_residential_rate,-0.0997,< 0.08
l0_pce_rate_line.csv,A3323900816225003,33774,residential_rate,0.15,effective_residential_rate,0.00819999999999999,< 0.08
l0_pce_rate_line.csv,A3323900817225003,33777,residential_rate,0.15,effective_residential_rate,0.0167,< 0.08
l0_pce_rate_line.csv,A3323900817225003,33778,residential_rate,0,effective_residential_rate,0,< 0.08
l0_pce_rate_line.csv,A3323900818225003,33780,residential_rate,0,effective_residential_rate,-0.0242,< 0.08
l0_pce_rate_line.csv,A3323900818225003,33781,residential_rate,0,effective_residential_rate,-0.1242,< 0.08
l0_pce_rate_line.csv,A3323900819225003,33783,residential_rate,0,effective_residential_rate,-0.0098,< 0.08
l0_pce_rate_line.csv,A3323900819225003,33784,residential_rate,0,effective_residential_rate,-0.1098,< 0.08
l0_pce_rate_line.csv,A3323900820225003,33786,residential_rate,0,effective_residential_rate,-0.009,< 0.08
l0_pce_rate_line.csv,A3323900820225003,33787,residential_rate,0,effective_residential_rate,-0.109,< 0.08
l0_pce_rate_line.csv,A3323900821225003,33789,residential_rate,0,effective_residential_rate,-0.0937,< 0.08
l0_pce_rate_line.csv,A3323900822225003,33791,residential_rate,0,effective_residential_rate,0,< 0.08
l0_pce_rate_line.csv,A3323900822225003,33792,residential_rate,0,effective_residential_rate,-0.0997,< 0.08
l0_pce_rate_line.csv,A3323900916225003,33807,residential_rate,0.15,effective_residential_rate,0.00819999999999999,< 0.08
l0_pce_rate_line.csv,A3323900918225003,33812,residential_rate,0,effective_residential_rate,-0.0242,< 0.08
l0_pce_rate_line.csv,A3323900918225003,33813,residential_rate,0,effective_residential_rate,-0.1242,< 0.08
l0_pce_rate_line.csv,A3323900920225003,33818,residential_rate,0,effective_residential_rate,-0.009,< 0.08
l0_pce_rate_line.csv,A3323900920225003,33819,residential_rate,0,effective_residential_rate,-0.109,< 0.08
l0_pce_rate_line.csv,A3323900921225003,33821,residential_rate,0.15,effective_residential_rate,0.0563,< 0.08
l0_pce_rate_line.csv,A3323900922225003,33823,residential_rate,0.15,effective_residential_rate,0.0503,< 0.08
l0_pce_rate_line.csv,A3323901016225003,33838,residential_rate,0.15,effective_residential_rate,0.00819999999999999,< 0.08
l0_pce_rate_line.csv,A3323901018225003,33843,residential_rate,0,effective_residential_rate,-0.0242,< 0.08
l0_pce_rate_line.csv,A3323901018225003,33844,residential_rate,0,effective_residential_rate,-0.1242,< 0.08
l0_pce_rate_line.csv,A3323901020225003,33849,residential_rate,0,effective_residential_rate,-0.009,< 0.08
l0_pce_rate_line.csv,A3323901020225003,33850,residential_rate,0,effective_residential_rate,-0.109,< 0.08
l0_pce_rate_line.csv,A3323901021225003,33852,residential_rate,0.15,effective_residential_rate,0.0563,< 0.08
l0_pce_rate_line.csv,A3323901022225003,33854,residential_rate,0.15,effective_residential_rate,0.0503,< 0.08
l0_pce_rate_line.csv,A3323901116225003,33869,residential_rate,0.15,effective_residential_rate,0.00819999999999999,< 0.08
l0_pce_rate_line.csv,A3323901118225003,33873,residential_rate,0,effective_residential_rate,-0.0242,< 0.08
l0_pce_rate_line.csv,A3323901118225003,33874,residential_rate,0,effective_residential_rate,-0.1242,< 0.08
l0_pce_rate_line.csv,A3323901120225003,33879,residential_rate,0,effective_residential_rate,-0.009,< 0.08
l0_pce_rate_line.csv,A3323901120225003,33880,residential_rate,0,effective_residential_rate,-0.109,< 0.08
l0_pce_rate_line.csv,A3323901121225003,33883,residential_rate,0.15,effective_residential_rate,0.0563,< 0.08
l0_pce_rate_line.csv,A3323901122225003,33885,residential_rate,0.15,effective_residential_rate,0.0503,< 0.08
l0_pce_rate_line.csv,A3323901218225003,33901,residential_rate,0,effective_residential_rate,-0.0242,< 0.08
l0_pce_rate_line.csv,A3323901218225003,33902,residential_rate,0,effective_residential_rate,-0.1242,< 0.08
l0_pce_rate_line.csv,A3323901219225003,33904,residential_rate,0,effective_residential_rate,-0.0098,< 0.08
l0_pce_rate_line.csv,A3323901219225003,33905,residential_rate,0,effective_residential_rate,-0.1098,< 0.08
l0_pce_rate_line.csv,A3323901220225003,33907,residential_rate,0,effective_residential_rate,-0.009,< 0.08
l0_pce_rate_line.csv,A3323901220225003,33908,residential_rate,0,effective_residential_rate,-0.109,< 0.08
l0_pce_rate_line.csv,A3323901221225003,33911,residential_rate,0,effective_residential_rate,0,< 0.08
l0_pce_rate_line.csv,A3323901222225003,33913,residential_rate,0.15,effective_residential_rate,0.0503,< 0.08
l0_pce_rate_line.csv,A3324000117225003,33920,residential_rate,0,effective_residential_rate,0,< 0.08
l0_pce_rate_line.csv,A3324000118225003,33922,residential_rate,0,effective_residential_rate,0,< 0.08
l0_pce_rate_line.csv,A3324000119225003,33924,residential_rate,0,effective_residential_rate,0,< 0.08
l0_pce_rate_line.csv,A3324000120225003,33926,residential_rate,0,effective_residential_rate,-0.009,< 0.08
l0_pce_rate_line.csv,A3324000121225003,33928,residential_rate,0,effective_residential_rate,0,< 0.08
l0_pce_rate_line.csv,A3324000122225003,33930,residential_rate,0,effective_residential_rate,0,< 0.08
l0_pce_rate_line.csv,A3324000123225003,33932,residential_rate,0,effective_residential_rate,0,< 0.08
l0_pce_rate_line.csv,A3324000216225003,33944,residential_rate,0.15,effective_residential_rate,0.00819999999999999,< 0.08
l0_pce_rate_line.csv,A3324000217225003,33947,residential_rate,0.15,effective_residential_rate,0.0167,< 0.08
l0_pce_rate_line.csv,A3324000219225003,33951,residential_rate,0,effective_residential_rate,-0.0098,< 0.08
l0_pce_rate_line.csv,A3324000219225003,33952,residential_rate,0,effective_residential_rate,-0.1098,< 0.08
l0_pce_rate_line.csv,A3324000220225003,33954,residential_rate,0,effective_residential_rate,-0.009,< 0.08
l0_pce_rate_line.csv,A3324000221225003,33956,residential_rate,0,effective_residential_rate,0,< 0.08
l0_pce_rate_line.csv,A3324000221225003,33957,residential_rate,0,effective_residential_rate,-0.0937,< 0.08
l0_pce_rate_line.csv,A3324000222225003,33959,residential_rate,0,effective_residential_rate,0,< 0.08
l0_pce_rate_line.csv,A3324000222225003,33960,residential_rate,0,effective_residential_rate,-0.0997,< 0.08
l0_pce_rate_line.csv,A3324000316225003,33975,residential_rate,0.15,effective_residential_rate,0.00819999999999999,< 0.08
l0_pce_rate_line.csv,A3324000317225003,33978,residential_rate,0.15,effective_residential_rate,0.0167,< 0.08
l0_pce_rate_line.csv,A3324000318225003,33980,residential_rate,0,effective_residential_rate,-0.0242,< 0.08
l0_pce_rate_line.csv,A3324000318225003,33981,residential_rate,0,effective_residential_rate,-0.1242,< 0.08
l0_pce_rate_line.csv,A3324000319225003,33983,residential_rate,0,effective_residential_rate,-0.0098,< 0.08
l0_pce_rate_line.csv,A3324000320225003,33985,residential_rate,0,effective_residential_rate,-0.009,< 0.08
l0_pce_rate_line.csv,A3324000320225003,33986,residential_rate,0,effective_residential_rate,-0.109,< 0.08
l0_pce_rate_line.csv,A3324000321225003,33988,residential_rate,0,effective_residential_rate,-0.0937,< 0.08
l0_pce_rate_line.csv,A3324000322225003,33990,residential_rate,0,effective_residential_rate,0,< 0.08
l0_pce_rate_line.csv,A3324000322225003,33991,residential_rate,0,effective_residential_rate,-0.0997,< 0.08
l0_pce_rate_line.csv,A3324000416225003,34006,residential_rate,0.15,effective_residential_rate,0.00819999999999999,< 0.08
l0_pce_rate_line.csv,A3324000417225003,34009,residential_rate,0.15,effective_residential_rate,0.0167,< 0.08
l0_pce_rate_line.csv,A3324000418225003,34010,residential_rate,0,effective_residential_rate,0,< 0.08
l0_pce_rate_line.csv,A3324000418225003,34011,residential_rate,0,effective_residential_rate,-0.0242,< 0.08
l0_pce_rate_line.csv,A3324000418225003,34012,residential_rate,0,effective_residential_rate,-0.1242,< 0.08
l0_pce_rate_line.csv,A3324000419225003,34014,residential_rate,0,effective_residential_rate,-0.0098,< 0.08
l0_pce_rate_line.csv,A3324000420225003,34016,residential_rate,0,effective_residential_rate,-0.009,< 0.08
l0_pce_rate_line.csv,A3324000420225003,34017,residential_rate,0,effective_residential_rate,-0.109,< 0.08
l0_pce_rate_line.csv,A3324000421225003,34019,residential_rate,0,effective_residential_rate,0,< 0.08
l0_pce_rate_line.csv,A3324000422225003,34021,residential_rate,0,effective_residential_rate,0,< 0.08
l0_pce_rate_line.csv,A3324000422225003,34022,residential_rate,0,effective_residential_rate,-0.0997,< 0.08
l0_pce_rate_line.csv,A3324000516225003,34037,residential_rate,0.15,effective_residential_rate,0.00819999999999999,< 0.08
l0_pce_rate_line.csv,A3324000517225003,34040,residential_rate,0.15,effective_residential_rate,0.0167,< 0.08
l0_pce_rate_line.csv,A3324000518225003,34042,residential_rate,0,effective_residential_rate,-0.0242,< 0.08
l0_pce_rate_line.csv,A3324000518225003,34043,residential_rate,0,effective_residential_rate,-0.1242,< 0.08
l0_pce_rate_line.csv,A3324000519225003,34045,residential_rate,0,effective_residential_rate,-0.0098,< 0.08
l0_pce_rate_line.csv,A3324000519225003,34046,residential_rate,0,effective_residential_rate,-0.1098,< 0.08
l0_pce_rate_line.csv,A3324000520225003,34048,residential_rate,0,effective_residential_rate,-0.009,< 0.08
l0_pce_rate_line.csv,A3324000520225003,34049,residential_rate,0,effective_residential_rate,-0.109,< 0.08
l0_pce_rate_line.csv,A3324000521225003,34051,residential_rate,0,effective_residential_rate,0,< 0.08
l0_pce_rate_line.csv,A3324000521225003,34052,residential_rate,0,effective_residential_rate,-0.0937,< 0.08
l0_pce_rate_line.csv,A3324000522225003,34054,residential_rate,0,effective_residential_rate,0,< 0.08
l0_pce_rate_line.csv,A3324000522225003,34055,residential_rate,0,effective_residential_rate,-0.0997,< 0.08
l0_pce_rate_line.csv,A3324000616225003,34070,residential_rate,0.15,effective_residential_rate,0.00819999999999999,< 0.08
l0_pce_rate_line.csv,A3324000617225003,34073,residential_rate,0.15,effective_residential_rate,0.0167,< 0.08
l0_pce_rate_line.csv,A3324000618225003,34075,residential_rate,0,effective_residential_rate,-0.0242,< 0.08
l0_pce_rate_line.csv,A3324000618225003,34076,residential_rate,0,effective_residential_rate,-0.1242,< 0.08
l0_pce_rate_line.csv,A3324000619225003,34078,residential_rate,0,effective_residential_rate,-0.0098,< 0.08
l0_pce_rate_line.csv,A3324000619225003,34079,residential_rate,0,effective_residential_rate,-0.1098,< 0.08
l0_pce_rate_line.csv,A3324000620225003,34081,residential_rate,0,effective_residential_rate,-0.009,< 0.08
l0_pce_rate_line.csv,A3324000620225003,34082,residential_rate,0,effective_residential_rate,-0.109,< 0.08
l0_pce_rate_line.csv,A3324000621225003,34084,residential_rate,0,effective_residential_rate,0,< 0.08
l0_pce_rate_line.csv,A3324000621225003,34085,residential_rate,0,effective_residential_rate,-0.0937,< 0.08
l0_pce_rate_line.csv,A3324000622225003,34087,residential_rate,0,effective_residential_rate,0,< 0.08
l0_pce_rate_line.csv,A3324000622225003,34088,residential_rate,0,effective_residential_rate,-0.0997,< 0.08
l0_pce_rate_line.csv,A3324000716225003,34103,residential_rate,0.15,effective_residential_rate,0.00819999999999999,< 0.08
l0_pce_rate_line.csv,A3324000717225003,34106,residential_rate,0.15,effective_residential_rate,0.0167,< 0.08
l0_pce_rate_line.csv,A3324000718225003,34108,residential_rate,0,effective_residential_rate,-0.0242,< 0.08
l0_pce_rate_line.csv,A3324000718225003,34109,residential_rate,0,effective_residential_rate,-0.1242,< 0.08
l0_pce_rate_line.csv,A3324000719225003,34111,residential_rate,0,effective_residential_rate,-0.0098,< 0.08
l0_pce_rate_line.csv,A3324000719225003,34112,residential_rate,0,effective_residential_rate,-0.1098,< 0.08
l0_pce_rate_line.csv,A3324000720225003,34114,residential_rate,0,effective_residential_rate,-0.009,< 0.08
l0_pce_rate_line.csv,A3324000720225003,34115,residential_rate,0,effective_residential_rate,-0.109,< 0.08
l0_pce_rate_line.csv,A3324000721225003,34117,residential_rate,0,effective_residential_rate,-0.0937,< 0.08
l0_pce_rate_line.csv,A3324000722225003,34119,residential_rate,0,effective_residential_rate,0,< 0.08
l0_pce_rate_line.csv,A3324000722225003,34120,residential_rate,0,effective_residential_rate,-0.0997,< 0.08
l0_pce_rate_line.csv,A3324000816225003,34135,residential_rate,0.15,effective_residential_rate,0.00819999999999999,< 0.08
l0_pce_rate_line.csv,A3324000817225003,34138,residential_rate,0.15,effective_residential_rate,0.0167,< 0.08
l0_pce_rate_line.csv,A3324000818225003,34140,residential_rate,0,effective_residential_rate,-0.0242,< 0.08
l0_pce_rate_line.csv,A3324000818225003,34141,residential_rate,0,effective_residential_rate,-0.1242,< 0.08
l0_pce_rate_line.csv,A3324000819225003,34143,residential_rate,0,effective_residential_rate,-0.0098,< 0.08
l0_pce_rate_line.csv,A3324000819225003,34144,residential_rate,0,effective_residential_rate,-0.1098,< 0.08
l0_pce_rate_line.csv,A3324000820225003,34146,residential_rate,0,effective_residential_rate,-0.009,< 0.08
l0_pce_rate_line.csv,A3324000820225003,34147,residential_rate,0,effective_residential_rate,-0.109,< 0.08
l0_pce_rate_line.csv,A3324000821225003,34149,residential_rate,0,effective_residential_rate,-0.0937,< 0.08
l0_pce_rate_line.csv,A3324000822225003,34151,residential_rate,0,effective_residential_rate,0,< 0.08
l0_pce_rate_line.csv,A3324000822225003,34152,residential_rate,0,effective_residential_rate,-0.0997,< 0.08
l0_pce_rate_line.csv,A3324000916225003,34168,residential_rate,0.15,effective_residential_rate,0.00819999999999999,< 0.08
l0_pce_rate_line.csv,A3324000917225003,34171,residential_rate,0.2123,effective_residential_rate,0.079,< 0.08
l0_pce_rate_line.csv,A3324000918225003,34173,residential_rate,0,effective_residential_rate,-0.0242,< 0.08
l0_pce_rate_line.csv,A3324000918225003,34174,residential_rate,0,effective_residential_rate,-0.1242,< 0.08
l0_pce_rate_line.csv,A3324000920225003,34179,residential_rate,0,effective_residential_rate,-0.009,< 0.08
l0_pce_rate_line.csv,A3324000920225003,34180,residential_rate,0,effective_residential_rate,-0.109,< 0.08
l0_pce_rate_line.csv,A3324000921225003,34182,residential_rate,0.15,effective_residential_rate,0.0563,< 0.08
l0_pce_rate_line.csv,A3324000922225003,34184,residential_rate,0.15,effective_residential_rate,0.0503,< 0.08
l0_pce_rate_line.csv,A3324001018225003,34205,residential_rate,0,effective_residential_rate,-0.1242,< 0.08
l0_pce_rate_line.csv,A3324001020225003,34210,residential_rate,0,effective_residential_rate,-0.009,< 0.08
l0_pce_rate_line.csv,A3324001021225003,34212,residential_rate,0.15,effective_residential_rate,0.0563,< 0.08
l0_pce_rate_line.csv,A3324001022225003,34214,residential_rate,0.15,effective_residential_rate,0.0503,< 0.08
l0_pce_rate_line.csv,A3324001118225003,34232,residential_rate,0,effective_residential_rate,-0.0242,< 0.08
l0_pce_rate_line.csv,A3324001120225003,34236,residential_rate,0,effective_residential_rate,-0.009,< 0.08
l0_pce_rate_line.csv,A3324001121225003,34238,residential_rate,0,effective_residential_rate,0,< 0.08
l0_pce_rate_line.csv,A3324001122225003,34240,residential_rate,0.15,effective_residential_rate,0.0503,< 0.08
l0_pce_rate_line.csv,A3324001218225003,34252,residential_rate,0,effective_residential_rate,-0.0242,< 0.08
l0_pce_rate_line.csv,A3324001218225003,34253,residential_rate,0,effective_residential_rate,-0.1242,< 0.08
l0_pce_rate_line.csv,A3324001218225003,34254,residential_rate,0,effective_residential_rate,0,< 0.08
l0_pce_rate_line.csv,A3324001219225003,34256,residential_rate,0,effective_residential_rate,0,< 0.08
l0_pce_rate_line.csv,A3324001220225003,34258,residential_rate,0,effective_residential_rate,0,< 0.08
l0_pce_rate_line.csv,A3324001220225003,34259,residential_rate,0,effective_residential_rate,-0.009,< 0.08
l0_pce_rate_line.csv,A3324001220225003,34260,residential_rate,0,effective_residential_rate,-0.109,< 0.08
l0_pce_rate_line.csv,A3324001221225003,34263,residential_rate,0,effective_residential_rate,0,< 0.08
l0_pce_rate_line.csv,A3324100117225003,34273,residential_rate,0.15,effective_residential_rate,0.0167,< 0.08
l0_pce_rate_line.csv,A3324100119225003,34276,residential_rate,0,effective_residential_rate,-0.0098,< 0.08
l0_pce_rate_line.csv,A3324100119225003,34277,residential_rate,0,effective_residential_rate,-0.1098,< 0.08
l0_pce_rate_line.csv,A3324100119225003,34278,residential_rate,0,effective_residential_rate,0,< 0.08
l0_pce_rate_line.csv,A3324100120225003,34280,residential_rate,0,effective_residential_rate,-0.009,< 0.08
l0_pce_rate_line.csv,A3324100120225003,34281,residential_rate,0,effective_residential_rate,-0.109,< 0.08
l0_pce_rate_line.csv,A3324100121225003,34283,residential_rate,0,effective_residential_rate,0,< 0.08
l0_pce_rate_line.csv,A3324100122225003,34285,residential_rate,0,effective_residential_rate,-1e-04,< 0.08
l0_pce_rate_line.csv,A3324100122225003,34286,residential_rate,0,effective_residential_rate,0,< 0.08
l0_pce_rate_line.csv,A3324100216225003,34301,residential_rate,0.1786,effective_residential_rate,0.0368,< 0.08
l0_pce_rate_line.csv,A3324100217225003,34304,residential_rate,0.15,effective_residential_rate,0.0167,< 0.08
l0_pce_rate_line.csv,A3324100218225003,34307,residential_rate,0.15,effective_residential_rate,0.0258,< 0.08
l0_pce_rate_line.csv,A3324100219225003,34309,residential_rate,0,effective_residential_rate,-0.0098,< 0.08
l0_pce_rate_line.csv,A3324100220225003,34311,residential_rate,0,effective_residential_rate,-0.009,< 0.08
l0_pce_rate_line.csv,A3324100221225003,34313,residential_rate,0,effective_residential_rate,0,< 0.08
l0_pce_rate_line.csv,A3324100221225003,34314,residential_rate,0,effective_residential_rate,-0.0937,< 0.08
l0_pce_rate_line.csv,A3324100222225003,34316,residential_rate,0,effective_residential_rate,0,< 0.08
l0_pce_rate_line.csv,A3324100222225003,34317,residential_rate,0,effective_residential_rate,-0.0997,< 0.08
l0_pce_rate_line.csv,A3324100316225003,34333,residential_rate,0.15,effective_residential_rate,0.00819999999999999,< 0.08
l0_pce_rate_line.csv,A3324100317225003,34336,residential_rate,0.15,effective_residential_rate,0.0167,< 0.08
l0_pce_rate_line.csv,A3324100317225003,34337,residential_rate,0,effective_residential_rate,0,< 0.08
l0_pce_rate_line.csv,A3324100318225003,34339,residential_rate,0,effective_residential_rate,-0.0242,< 0.08
l0_pce_rate_line.csv,A3324100318225003,34340,residential_rate,0,effective_residential_rate,-0.1242,< 0.08
l0_pce_rate_line.csv,A3324100319225003,34342,residential_rate,0,effective_residential_rate,-0.0098,< 0.08
l0_pce_rate_line.csv,A3324100319225003,34343,residential_rate,0,effective_residential_rate,-0.1098,< 0.08
l0_pce_rate_line.csv,A3324100320225003,34345,residential_rate,0,effective_residential_rate,-0.009,< 0.08
l0_pce_rate_line.csv,A3324100321225003,34347,residential_rate,0,effective_residential_rate,-0.0937,< 0.08
l0_pce_rate_line.csv,A3324100322225003,34349,residential_rate,0,effective_residential_rate,0,< 0.08
l0_pce_rate_line.csv,A3324100322225003,34350,residential_rate,0,effective_residential_rate,-0.0997,< 0.08
l0_pce_rate_line.csv,A3324100416225003,34366,residential_rate,0.15,effective_residential_rate,0.00819999999999999,< 0.08
l0_pce_rate_line.csv,A3324100416225003,34367,residential_rate,0,effective_residential_rate,0,< 0.08
l0_pce_rate_line.csv,A3324100417225003,34370,residential_rate,0.15,effective_residential_rate,0.0167,< 0.08
l0_pce_rate_line.csv,A3324100418225003,34371,residential_rate,0,effective_residential_rate,0,< 0.08
l0_pce_rate_line.csv,A3324100418225003,34372,residential_rate,0,effective_residential_rate,-0.0242,< 0.08
l0_pce_rate_line.csv,A3324100418225003,34373,residential_rate,0,effective_residential_rate,-0.1242,< 0.08
l0_pce_rate_line.csv,A3324100419225003,34375,residential_rate,0,effective_residential_rate,-0.0098,< 0.08
l0_pce_rate_line.csv,A3324100419225003,34376,residential_rate,0,effective_residential_rate,-0.1098,< 0.08
l0_pce_rate_line.csv,A3324100420225003,34378,residential_rate,0,effective_residential_rate,-0.009,< 0.08
l0_pce_rate_line.csv,A3324100420225003,34379,residential_rate,0,effective_residential_rate,-0.109,< 0.08
l0_pce_rate_line.csv,A3324100421225003,34381,residential_rate,0,effective_residential_rate,-0.0937,< 0.08
l0_pce_rate_line.csv,A3324100422225003,34383,residential_rate,0,effective_residential_rate,0,< 0.08
l0_pce_rate_line.csv,A3324100422225003,34384,residential_rate,0,effective_residential_rate,-0.0997,< 0.08
l0_pce_rate_line.csv,A3324100516225003,34400,residential_rate,0.15,effective_residential_rate,0.00819999999999999,< 0.08
l0_pce_rate_line.csv,A3324100517225003,34403,residential_rate,0.15,effective_residential_rate,0.0167,< 0.08
l0_pce_rate_line.csv,A3324100518225003,34405,residential_rate,0,effective_residential_rate,-0.0242,< 0.08
l0_pce_rate_line.csv,A3324100518225003,34406,residential_rate,0,effective_residential_rate,-0.1242,< 0.08
l0_pce_rate_line.csv,A3324100519225003,34408,residential_rate,0,effective_residential_rate,-0.0098,< 0.08
l0_pce_rate_line.csv,A3324100519225003,34409,residential_rate,0,effective_residential_rate,-0.1098,< 0.08
l0_pce_rate_line.csv,A3324100520225003,34411,residential_rate,0,effective_residential_rate,-0.009,< 0.08
l0_pce_rate_line.csv,A3324100520225003,34412,residential_rate,0,effective_residential_rate,-0.109,< 0.08
l0_pce_rate_line.csv,A3324100521225003,34414,residential_rate,0,effective_residential_rate,0,< 0.08
l0_pce_rate_line.csv,A3324100521225003,34415,residential_rate,0,effective_residential_rate,-0.0937,< 0.08
l0_pce_rate_line.csv,A3324100522225003,34417,residential_rate,0,effective_residential_rate,0,< 0.08
l0_pce_rate_line.csv,A3324100522225003,34418,residential_rate,0,effective_residential_rate,-0.0997,< 0.08
l0_pce_rate_line.csv,A3324100616225003,34434,residential_rate,0.15,effective_residential_rate,0.00819999999999999,< 0.08
l0_pce_rate_line.csv,A3324100617225003,34437,residential_rate,0.15,effective_residential_rate,0.0167,< 0.08
l0_pce_rate_line.csv,A3324100617225003,34438,residential_rate,0,effective_residential_rate,0,< 0.08
l0_pce_rate_line.csv,A3324100618225003,34440,residential_rate,0,effective_residential_rate,-0.0242,< 0.08
l0_pce_rate_line.csv,A3324100618225003,34441,residential_rate,0,effective_residential_rate,-0.1242,< 0.08
l0_pce_rate_line.csv,A3324100619225003,34443,residential_rate,0,effective_residential_rate,-0.0098,< 0.08
l0_pce_rate_line.csv,A3324100619225003,34444,residential_rate,0,effective_residential_rate,-0.1098,< 0.08
l0_pce_rate_line.csv,A3324100620225003,34446,residential_rate,0,effective_residential_rate,-0.009,< 0.08
l0_pce_rate_line.csv,A3324100620225003,34447,residential_rate,0,effective_residential_rate,-0.109,< 0.08
l0_pce_rate_line.csv,A3324100620225003,34448,residential_rate,0,effective_residential_rate,-0.159,< 0.08
l0_pce_rate_line.csv,A3324100621225003,34450,residential_rate,0,effective_residential_rate,0,< 0.08
l0_pce_rate_line.csv,A3324100621225003,34451,residential_rate,0,effective_residential_rate,-0.0937,< 0.08
l0_pce_rate_line.csv,A3324100621225003,34452,residential_rate,0,effective_residential_rate,-0.1437,< 0.08
l0_pce_rate_line.csv,A3324100622225003,34454,residential_rate,0,effective_residential_rate,0,< 0.08
l0_pce_rate_line.csv,A3324100622225003,34455,residential_rate,0,effective_residential_rate,-0.0997,< 0.08
l0_pce_rate_line.csv,A3324100622225003,34456,residential_rate,0,effective_residential_rate,-0.1497,< 0.08
l0_pce_rate_line.csv,A3324100716225003,34473,residential_rate,0.15,effective_residential_rate,0.00819999999999999,< 0.08
l0_pce_rate_line.csv,A3324100717225003,34476,residential_rate,0.15,effective_residential_rate,0.0167,< 0.08
l0_pce_rate_line.csv,A3324100718225003,34478,residential_rate,0,effective_residential_rate,-0.0242,< 0.08
l0_pce_rate_line.csv,A3324100718225003,34479,residential_rate,0,effective_residential_rate,-0.1242,< 0.08
l0_pce_rate_line.csv,A3324100719225003,34481,residential_rate,0,effective_residential_rate,-0.0098,< 0.08
l0_pce_rate_line.csv,A3324100719225003,34482,residential_rate,0,effective_residential_rate,-0.1098,< 0.08
l0_pce_rate_line.csv,A3324100720225003,34484,residential_rate,0,effective_residential_rate,-0.009,< 0.08
l0_pce_rate_line.csv,A3324100720225003,34485,residential_rate,0,effective_residential_rate,-0.109,< 0.08
l0_pce_rate_line.csv,A3324100721225003,34487,residential_rate,0,effective_residential_rate,-0.0937,< 0.08
l0_pce_rate_line.csv,A3324100722225003,34489,residential_rate,0,effective_residential_rate,0,< 0.08
l0_pce_rate_line.csv,A3324100722225003,34490,residential_rate,0,effective_residential_rate,-0.0997,< 0.08
l0_pce_rate_line.csv,A3324100816225003,34506,residential_rate,0.15,effective_residential_rate,0.00819999999999999,< 0.08
l0_pce_rate_line.csv,A3324100817225003,34509,residential_rate,0.15,effective_residential_rate,0.0167,< 0.08
l0_pce_rate_line.csv,A3324100818225003,34511,residential_rate,0,effective_residential_rate,-0.0242,< 0.08
l0_pce_rate_line.csv,A3324100818225003,34512,residential_rate,0,effective_residential_rate,-0.1242,< 0.08
l0_pce_rate_line.csv,A3324100819225003,34514,residential_rate,0,effective_residential_rate,-0.0098,< 0.08
l0_pce_rate_line.csv,A3324100819225003,34515,residential_rate,0,effective_residential_rate,-0.1098,< 0.08
l0_pce_rate_line.csv,A3324100820225003,34517,residential_rate,0,effective_residential_rate,-0.009,< 0.08
l0_pce_rate_line.csv,A3324100820225003,34518,residential_rate,0,effective_residential_rate,-0.109,< 0.08
l0_pce_rate_line.csv,A3324100821225003,34520,residential_rate,0,effective_residential_rate,-0.0937,< 0.08
l0_pce_rate_line.csv,A3324100822225003,34522,residential_rate,0,effective_residential_rate,0,< 0.08
l0_pce_rate_line.csv,A3324100822225003,34523,residential_rate,0,effective_residential_rate,-0.0997,< 0.08
l0_pce_rate_line.csv,A3324100916225003,34539,residential_rate,0.15,effective_residential_rate,0.00819999999999999,< 0.08
l0_pce_rate_line.csv,A3324100918225003,34544,residential_rate,0,effective_residential_rate,-0.0242,< 0.08
l0_pce_rate_line.csv,A3324100918225003,34545,residential_rate,0,effective_residential_rate,-0.1242,< 0.08
l0_pce_rate_line.csv,A3324100920225003,34550,residential_rate,0,effective_residential_rate,-0.009,< 0.08
l0_pce_rate_line.csv,A3324100920225003,34551,residential_rate,0,effective_residential_rate,-0.109,< 0.08
l0_pce_rate_line.csv,A3324100921225003,34553,residential_rate,0.15,effective_residential_rate,0.0563,< 0.08
l0_pce_rate_line.csv,A3324100922225003,34555,residential_rate,0.15,effective_residential_rate,0.0503,< 0.08
l0_pce_rate_line.csv,A3324101016225003,34571,residential_rate,0.15,effective_residential_rate,0.00819999999999999,< 0.08
l0_pce_rate_line.csv,A3324101017225003,34574,residential_rate,0.1768,effective_residential_rate,0.0435,< 0.08
l0_pce_rate_line.csv,A3324101018225003,34576,residential_rate,0,effective_residential_rate,-0.0242,< 0.08
l0_pce_rate_line.csv,A3324101018225003,34577,residential_rate,0,effective_residential_rate,-0.1242,< 0.08
l0_pce_rate_line.csv,A3324101019225003,34580,residential_rate,0.1826,effective_residential_rate,0.0728,< 0.08
l0_pce_rate_line.csv,A3324101020225003,34582,residential_rate,0,effective_residential_rate,-0.009,< 0.08
l0_pce_rate_line.csv,A3324101020225003,34583,residential_rate,0,effective_residential_rate,-0.109,< 0.08
l0_pce_rate_line.csv,A3324101021225003,34585,residential_rate,0.15,effective_residential_rate,0.0563,< 0.08
l0_pce_rate_line.csv,A3324101022225003,34587,residential_rate,0.15,effective_residential_rate,0.0503,< 0.08
l0_pce_rate_line.csv,A3324101117225003,34605,residential_rate,0.1775,effective_residential_rate,0.0442,< 0.08
l0_pce_rate_line.csv,A3324101118225003,34607,residential_rate,0,effective_residential_rate,-0.0242,< 0.08
l0_pce_rate_line.csv,A3324101120225003,34612,residential_rate,0,effective_residential_rate,-0.009,< 0.08
l0_pce_rate_line.csv,A3324101120225003,34613,residential_rate,0,effective_residential_rate,-0.109,< 0.08
l0_pce_rate_line.csv,A3324101121225003,34616,residential_rate,0.15,effective_residential_rate,0.0563,< 0.08
l0_pce_rate_line.csv,A3324101122225003,34618,residential_rate,0.15,effective_residential_rate,0.0503,< 0.08
l0_pce_rate_line.csv,A3324101218225003,34636,residential_rate,0,effective_residential_rate,-0.0242,< 0.08
l0_pce_rate_line.csv,A3324101218225003,34637,residential_rate,0,effective_residential_rate,-0.1242,< 0.08
l0_pce_rate_line.csv,A3324101219225003,34639,residential_rate,0,effective_residential_rate,-0.0098,< 0.08
l0_pce_rate_line.csv,A3324101219225003,34640,residential_rate,0,effective_residential_rate,-0.1098,< 0.08
l0_pce_rate_line.csv,A3324101220225003,34642,residential_rate,0,effective_residential_rate,-0.009,< 0.08
l0_pce_rate_line.csv,A3324101220225003,34643,residential_rate,0,effective_residential_rate,-0.109,< 0.08
l0_pce_rate_line.csv,A3324101220225003,34644,residential_rate,0,effective_residential_rate,0,< 0.08
l0_pce_rate_line.csv,A3324101221225003,34647,residential_rate,0,effective_residential_rate,0,< 0.08
l0_pce_rate_line.csv,A3324200118225003,34663,residential_rate,0,effective_residential_rate,-0.0152,< 0.08
l0_pce_rate_line.csv,A3324200119225003,34665,residential_rate,0,effective_residential_rate,-0.0862,< 0.08
l0_pce_rate_line.csv,A3324200121225003,34668,residential_rate,0,effective_residential_rate,0,< 0.08
l0_pce_rate_line.csv,A3324200217225003,34677,residential_rate,0,effective_residential_rate,-0.0733,< 0.08
l0_pce_rate_line.csv,A3324200218225003,34679,residential_rate,0,effective_residential_rate,-0.0152,< 0.08
l0_pce_rate_line.csv,A3324200219225003,34681,residential_rate,0,effective_residential_rate,-0.1175,< 0.08
l0_pce_rate_line.csv,A3324200317225003,34693,residential_rate,0,effective_residential_rate,0,< 0.08
l0_pce_rate_line.csv,A3324200318225003,34695,residential_rate,0,effective_residential_rate,-0.0152,< 0.08
l0_pce_rate_line.csv,A3324200319225003,34697,residential_rate,0,effective_residential_rate,-0.1175,< 0.08
l0_pce_rate_line.csv,A3324200321225003,34700,residential_rate,0,effective_residential_rate,0,< 0.08
l0_pce_rate_line.csv,A3324200419225003,34713,residential_rate,0,effective_residential_rate,-0.1175,< 0.08
l0_pce_rate_line.csv,A3324200519225003,34728,residential_rate,0,effective_residential_rate,-0.1175,< 0.08
l0_pce_rate_line.csv,A3324200616225003,34738,residential_rate,0,effective_residential_rate,0,< 0.08
l0_pce_rate_line.csv,A3324200618225003,34742,residential_rate,0,effective_residential_rate,-0.0152,< 0.08
l0_pce_rate_line.csv,A3324200619225003,34744,residential_rate,0,effective_residential_rate,-0.1175,< 0.08
l0_pce_rate_line.csv,A3324200718225003,34757,residential_rate,0,effective_residential_rate,-0.1006,< 0.08
l0_pce_rate_line.csv,A3324200818225003,34771,residential_rate,0,effective_residential_rate,-0.1006,< 0.08
l0_pce_rate_line.csv,A3324200918225003,34785,residential_rate,0,effective_residential_rate,-0.1006,< 0.08
l0_pce_rate_line.csv,A3324201017225003,34798,residential_rate,0,effective_residential_rate,0,< 0.08
l0_pce_rate_line.csv,A3324201018225003,34800,residential_rate,0,effective_residential_rate,-0.1006,< 0.08
l0_pce_rate_line.csv,A3324201118225003,34814,residential_rate,0,effective_residential_rate,-0.1006,< 0.08
l0_pce_rate_line.csv,A3324201118225003,34815,residential_rate,0,effective_residential_rate,0,< 0.08
l0_pce_rate_line.csv,A3324201218225003,34829,residential_rate,0,effective_residential_rate,-0.1006,< 0.08
l0_pce_rate_line.csv,A3324300217225003,34851,residential_rate,0,effective_residential_rate,0,< 0.08
l0_pce_rate_line.csv,A3324300316225003,34869,residential_rate,0,effective_residential_rate,0,< 0.08
l0_pce_rate_line.csv,A3324300317225003,34871,residential_rate,0,effective_residential_rate,0,< 0.08
l0_pce_rate_line.csv,A3324300416225003,34886,residential_rate,0,effective_residential_rate,0,< 0.08
l0_pce_rate_line.csv,A3324300417225003,34888,residential_rate,0,effective_residential_rate,0,< 0.08
l0_pce_rate_line.csv,A3324300418225003,34890,residential_rate,0,effective_residential_rate,0,< 0.08
l0_pce_rate_line.csv,A3324300518225003,34906,residential_rate,0,effective_residential_rate,0,< 0.08
l0_pce_rate_line.csv,A3324300519225003,34908,residential_rate,0,effective_residential_rate,0,< 0.08
l0_pce_rate_line.csv,A3324301116225003,35008,residential_rate,0,effective_residential_rate,0,< 0.08
l0_pce_rate_line.csv,A3324400323225003,35076,residential_rate,0,effective_residential_rate,0,< 0.08
l0_pce_rate_line.csv,A3324400422225003,35090,residential_rate,0,effective_residential_rate,-0.2441,< 0.08
l0_pce_rate_line.csv,A3324400422225003,35091,residential_rate,0,effective_residential_rate,0,< 0.08
l0_pce_rate_line.csv,A3324400423225003,35094,residential_rate,0,effective_residential_rate,0,< 0.08
l0_pce_rate_line.csv,A3324400522225003,35108,residential_rate,0,effective_residential_rate,-0.2441,< 0.08
l0_pce_rate_line.csv,A3324400522225003,35109,residential_rate,0,effective_residential_rate,0,< 0.08
l0_pce_rate_line.csv,A3324400622225003,35125,residential_rate,0,effective_residential_rate,-0.2441,< 0.08
l0_pce_rate_line.csv,A3324400622225003,35126,residential_rate,0,effective_residential_rate,0,< 0.08
l0_pce_rate_line.csv,A3324400623225003,35129,residential_rate,0,effective_residential_rate,0,< 0.08
l0_pce_rate_line.csv,A3324400722225003,35144,residential_rate,0,effective_residential_rate,-0.2441,< 0.08
l0_pce_rate_line.csv,A3324400722225003,35145,residential_rate,0,effective_residential_rate,0,< 0.08
l0_pce_rate_line.csv,A3324400816225003,35156,residential_rate,0,effective_residential_rate,0,< 0.08
l0_pce_rate_line.csv,A3324400822225003,35163,residential_rate,0,effective_residential_rate,-0.2441,< 0.08
l0_pce_rate_line.csv,A3324400922225003,35181,residential_rate,0,effective_residential_rate,-0.2441,< 0.08
l0_pce_rate_line.csv,A3324400923225003,35184,residential_rate,0,effective_residential_rate,0,< 0.08
l0_pce_rate_line.csv,A3324401022225003,35199,residential_rate,0,effective_residential_rate,-0.2637,< 0.08
l0_pce_rate_line.csv,A3324401022225003,35200,residential_rate,0,effective_residential_rate,0,< 0.08
l0_pce_rate_line.csv,A3324401220225003,35232,residential_rate,0,effective_residential_rate,0,< 0.08
l0_pce_rate_line.csv,A3324401221225003,35234,residential_rate,0,effective_residential_rate,0,< 0.08
l0_pce_rate_line.csv,A3324500820225003,35326,residential_rate,0,effective_residential_rate,0,< 0.08
l0_pce_rate_line.csv,A3324600123225003,35380,residential_rate,0.2611,effective_residential_rate,0.0701,< 0.08
l0_pce_rate_line.csv,A3324600124225003,35382,residential_rate,0.2541,effective_residential_rate,0.0647,< 0.08
l0_pce_rate_line.csv,A3324600223225003,35389,residential_rate,0.2611,effective_residential_rate,0.0701,< 0.08
l0_pce_rate_line.csv,A3324600224225003,35391,residential_rate,0.2541,effective_residential_rate,0.0548,< 0.08
l0_pce_rate_line.csv,A3324600323225003,35398,residential_rate,0.2611,effective_residential_rate,0.0701,< 0.08
l0_pce_rate_line.csv,A3324600324225003,35400,residential_rate,0.2541,effective_residential_rate,0.0548,< 0.08
l0_pce_rate_line.csv,A3324600423225003,35408,residential_rate,0.2541,effective_residential_rate,0.0631,< 0.08
l0_pce_rate_line.csv,A3324600424225003,35410,residential_rate,0.2541,effective_residential_rate,0.0548,< 0.08
l0_pce_rate_line.csv,A3324600522225003,35416,residential_rate,0,effective_residential_rate,-0.1366,< 0.08
l0_pce_rate_line.csv,A3324600523225003,35418,residential_rate,0.2541,effective_residential_rate,0.0631,< 0.08
l0_pce_rate_line.csv,A3324600524225003,35420,residential_rate,0.2541,effective_residential_rate,0.0548,< 0.08
l0_pce_rate_line.csv,A3324600622225003,35427,residential_rate,0,effective_residential_rate,-0.1366,< 0.08
l0_pce_rate_line.csv,A3324600623225003,35429,residential_rate,0.2541,effective_residential_rate,0.0631,< 0.08
l0_pce_rate_line.csv,A3324600624225003,35431,residential_rate,0.2541,effective_residential_rate,0.0548,< 0.08
l0_pce_rate_line.csv,A3324600722225003,35437,residential_rate,0,effective_residential_rate,-0.1366,< 0.08
l0_pce_rate_line.csv,A3324600723225003,35439,residential_rate,0.2541,effective_residential_rate,0.0631,< 0.08
l0_pce_rate_line.csv,A3324600724225003,35442,residential_rate,0.2541,effective_residential_rate,0.0548,< 0.08
l0_pce_rate_line.csv,A3324600822225003,35447,residential_rate,0,effective_residential_rate,-0.1366,< 0.08
l0_pce_rate_line.csv,A3324600823225003,35449,residential_rate,0.2541,effective_residential_rate,-0.00290000000000001,< 0.08
l0_pce_rate_line.csv,A3324600824225003,35451,residential_rate,0.2541,effective_residential_rate,0.0548,< 0.08
l0_pce_rate_line.csv,A3324600922225003,35456,residential_rate,0,effective_residential_rate,-0.1366,< 0.08
l0_pce_rate_line.csv,A3324600923225003,35458,residential_rate,0.2541,effective_residential_rate,-0.00290000000000001,< 0.08
l0_pce_rate_line.csv,A3324600924225003,35460,residential_rate,0.2541,effective_residential_rate,0.0548,< 0.08
l0_pce_rate_line.csv,A3324601024225003,35467,residential_rate,0.2541,effective_residential_rate,0.0548,< 0.08
l0_pce_rate_line.csv,A3324601222225003,35480,residential_rate,0.2611,effective_residential_rate,0.0743,< 0.08
l0_pce_rate_line.csv,A3324700916225003,35520,residential_rate,0,effective_residential_rate,0,< 0.08
l0_pce_rate_line.csv,A3324800120225003,35536,residential_rate,0,effective_residential_rate,0,< 0.08
l0_pce_rate_line.csv,A3324800220225003,35547,residential_rate,0,effective_residential_rate,0,< 0.08
l0_pce_rate_line.csv,A3324800222225003,35550,residential_rate,0,effective_residential_rate,0,< 0.08
l0_pce_rate_line.csv,A3324900318225003,35667,residential_rate,0,effective_residential_rate,0,< 0.08
l0_pce_rate_line.csv,A3324900418225003,35669,residential_rate,0,effective_residential_rate,0,< 0.08
l0_pce_rate_line.csv,A3324900518225003,35671,residential_rate,0,effective_residential_rate,0,< 0.08
l0_pce_rate_line.csv,A3325000122225003,35678,residential_rate,0,effective_residential_rate,0,< 0.08
l0_pce_rate_line.csv,A3325000123225003,35680,residential_rate,0,effective_residential_rate,0,< 0.08
l0_pce_rate_line.csv,A3325000219225003,35687,residential_rate,0,effective_residential_rate,0,< 0.08
l0_pce_rate_line.csv,A3325000223225003,35692,residential_rate,0,effective_residential_rate,0,< 0.08
l0_pce_rate_line.csv,A3325000323225003,35703,residential_rate,0,effective_residential_rate,0,< 0.08
l0_pce_rate_line.csv,A3325000919225003,35763,residential_rate,0,effective_residential_rate,-0.2988,< 0.08
l0_pce_rate_line.csv,A3325001117225003,35784,residential_rate,0,effective_residential_rate,0,< 0.08
l0_pce_rate_line.csv,A3325100219225003,35823,residential_rate,0,effective_residential_rate,0,< 0.08
l0_pce_rate_line.csv,A3325100222225003,35827,residential_rate,0,effective_residential_rate,0,< 0.08
l0_pce_rate_line.csv,A3325200122225003,35950,residential_rate,0,effective_residential_rate,0,< 0.08
l0_pce_rate_line.csv,A3325200224225003,35965,residential_rate,0,effective_residential_rate,0,< 0.08
l0_pce_rate_line.csv,A3325200816225003,36032,residential_rate,0,effective_residential_rate,0,< 0.08
l0_pce_rate_line.csv,A3325201118225003,36063,residential_rate,0,effective_residential_rate,0,< 0.08
l0_pce_rate_line.csv,A3325201216225003,36072,residential_rate,0,effective_residential_rate,0,< 0.08
l0_pce_rate_line.csv,A3325201220225003,36075,residential_rate,0,effective_residential_rate,0,< 0.08
l0_pce_rate_line.csv,A3325300119225003,36083,residential_rate,0,effective_residential_rate,-0.3498,< 0.08
l0_pce_rate_line.csv,A3325300120225003,36085,residential_rate,0,effective_residential_rate,-0.349,< 0.08
l0_pce_rate_line.csv,A3325300121225003,36087,residential_rate,0,effective_residential_rate,-0.3337,< 0.08
l0_pce_rate_line.csv,A3325300122225003,36089,residential_rate,0,effective_residential_rate,-0.3397,< 0.08
l0_pce_rate_line.csv,A3325300219225003,36102,residential_rate,0,effective_residential_rate,-0.3498,< 0.08
l0_pce_rate_line.csv,A3325300219225003,36103,residential_rate,0,effective_residential_rate,0,< 0.08
l0_pce_rate_line.csv,A3325300220225003,36105,residential_rate,0,effective_residential_rate,-0.349,< 0.08
l0_pce_rate_line.csv,A3325300220225003,36106,residential_rate,0,effective_residential_rate,0,< 0.08
l0_pce_rate_line.csv,A3325300221225003,36108,residential_rate,0,effective_residential_rate,-0.3337,< 0.08
l0_pce_rate_line.csv,A3325300222225003,36110,residential_rate,0,effective_residential_rate,-0.3397,< 0.08
l0_pce_rate_line.csv,A3325300222225003,36111,residential_rate,0,effective_residential_rate,0,< 0.08
l0_pce_rate_line.csv,A3325300319225003,36123,residential_rate,0,effective_residential_rate,-0.3498,< 0.08
l0_pce_rate_line.csv,A3325300320225003,36125,residential_rate,0,effective_residential_rate,-0.349,< 0.08
l0_pce_rate_line.csv,A3325300321225003,36127,residential_rate,0,effective_residential_rate,-0.3337,< 0.08
l0_pce_rate_line.csv,A3325300322225003,36129,residential_rate,0,effective_residential_rate,-0.3397,< 0.08
l0_pce_rate_line.csv,A3325300419225003,36141,residential_rate,0,effective_residential_rate,-0.3498,< 0.08
l0_pce_rate_line.csv,A3325300420225003,36143,residential_rate,0,effective_residential_rate,-0.349,< 0.08
l0_pce_rate_line.csv,A3325300421225003,36145,residential_rate,0,effective_residential_rate,-0.3337,< 0.08
l0_pce_rate_line.csv,A3325300422225003,36147,residential_rate,0,effective_residential_rate,-0.3397,< 0.08
l0_pce_rate_line.csv,A3325300518225003,36158,residential_rate,0,effective_residential_rate,-0.3642,< 0.08
l0_pce_rate_line.csv,A3325300519225003,36160,residential_rate,0,effective_residential_rate,-0.3498,< 0.08
l0_pce_rate_line.csv,A3325300520225003,36162,residential_rate,0,effective_residential_rate,-0.349,< 0.08
l0_pce_rate_line.csv,A3325300521225003,36164,residential_rate,0,effective_residential_rate,-0.3337,< 0.08
l0_pce_rate_line.csv,A3325300522225003,36166,residential_rate,0,effective_residential_rate,-0.3397,< 0.08
l0_pce_rate_line.csv,A3325300618225003,36179,residential_rate,0,effective_residential_rate,-0.3642,< 0.08
l0_pce_rate_line.csv,A3325300619225003,36181,residential_rate,0,effective_residential_rate,-0.3498,< 0.08
l0_pce_rate_line.csv,A3325300619225003,36182,residential_rate,0,effective_residential_rate,0,< 0.08
l0_pce_rate_line.csv,A3325300620225003,36184,residential_rate,0,effective_residential_rate,-0.349,< 0.08
l0_pce_rate_line.csv,A3325300621225003,36186,residential_rate,0,effective_residential_rate,-0.3337,< 0.08
l0_pce_rate_line.csv,A3325300622225003,36188,residential_rate,0,effective_residential_rate,-0.3397,< 0.08
l0_pce_rate_line.csv,A3325300718225003,36201,residential_rate,0,effective_residential_rate,-0.3642,< 0.08
l0_pce_rate_line.csv,A3325300719225003,36203,residential_rate,0,effective_residential_rate,-0.3498,< 0.08
l0_pce_rate_line.csv,A3325300719225003,36204,residential_rate,0,effective_residential_rate,0,< 0.08
l0_pce_rate_line.csv,A3325300720225003,36206,residential_rate,0,effective_residential_rate,-0.349,< 0.08
l0_pce_rate_line.csv,A3325300721225003,36208,residential_rate,0,effective_residential_rate,-0.3337,< 0.08
l0_pce_rate_line.csv,A3325300722225003,36210,residential_rate,0,effective_residential_rate,-0.3397,< 0.08
l0_pce_rate_line.csv,A3325300818225003,36223,residential_rate,0,effective_residential_rate,-0.3642,< 0.08
l0_pce_rate_line.csv,A3325300819225003,36225,residential_rate,0,effective_residential_rate,-0.3498,< 0.08
l0_pce_rate_line.csv,A3325300819225003,36226,residential_rate,0,effective_residential_rate,0,< 0.08
l0_pce_rate_line.csv,A3325300820225003,36228,residential_rate,0,effective_residential_rate,-0.349,< 0.08
l0_pce_rate_line.csv,A3325300821225003,36230,residential_rate,0,effective_residential_rate,-0.3337,< 0.08
l0_pce_rate_line.csv,A3325300822225003,36232,residential_rate,0,effective_residential_rate,-0.3397,< 0.08
l0_pce_rate_line.csv,A3325300918225003,36245,residential_rate,0,effective_residential_rate,-0.3642,< 0.08
l0_pce_rate_line.csv,A3325300919225003,36247,residential_rate,0,effective_residential_rate,-0.3498,< 0.08
l0_pce_rate_line.csv,A3325300920225003,36249,residential_rate,0,effective_residential_rate,-0.349,< 0.08
l0_pce_rate_line.csv,A3325300921225003,36251,residential_rate,0,effective_residential_rate,-0.3337,< 0.08
l0_pce_rate_line.csv,A3325300922225003,36253,residential_rate,0,effective_residential_rate,-0.3397,< 0.08
l0_pce_rate_line.csv,A3325301018225003,36266,residential_rate,0,effective_residential_rate,-0.3642,< 0.08
l0_pce_rate_line.csv,A3325301018225003,36267,residential_rate,0,effective_residential_rate,0,< 0.08
l0_pce_rate_line.csv,A3325301019225003,36269,residential_rate,0,effective_residential_rate,-0.3498,< 0.08
l0_pce_rate_line.csv,A3325301021225003,36273,residential_rate,0,effective_residential_rate,-0.3337,< 0.08
l0_pce_rate_line.csv,A3325301118225003,36286,residential_rate,0,effective_residential_rate,-0.3642,< 0.08
l0_pce_rate_line.csv,A3325301119225003,36288,residential_rate,0,effective_residential_rate,-0.3498,< 0.08
l0_pce_rate_line.csv,A3325301120225003,36290,residential_rate,0,effective_residential_rate,-0.3498,< 0.08
l0_pce_rate_line.csv,A3325301121225003,36292,residential_rate,0,effective_residential_rate,-0.3337,< 0.08
l0_pce_rate_line.csv,A3325301219225003,36306,residential_rate,0,effective_residential_rate,-0.349,< 0.08
l0_pce_rate_line.csv,A3325301220225003,36308,residential_rate,0,effective_residential_rate,-0.3498,< 0.08
l0_pce_rate_line.csv,A3325301220225003,36309,residential_rate,0,effective_residential_rate,0,< 0.08
l0_pce_rate_line.csv,A3325301221225003,36311,residential_rate,0,effective_residential_rate,-0.3337,< 0.08
l0_pce_rate_line.csv,A3325400419225003,36361,residential_rate,0,effective_residential_rate,0,< 0.08
l0_pce_rate_line.csv,A3325400519225003,36377,residential_rate,0,effective_residential_rate,0,< 0.08
l0_pce_rate_line.csv,A3325400620225003,36392,residential_rate,0,effective_residential_rate,0,< 0.08
l0_pce_rate_line.csv,A3325400620225003,36393,residential_rate,0,effective_residential_rate,0,< 0.08
l0_pce_rate_line.csv,A3325401023225003,36451,residential_rate,0,effective_residential_rate,0,< 0.08
l0_pce_rate_line.csv,A3325401220225003,36475,residential_rate,0,effective_residential_rate,0,< 0.08
l0_pce_rate_line.csv,A3325401221225003,36477,residential_rate,0,effective_residential_rate,0,< 0.08
l0_pce_rate_line.csv,A3325500117225003,36487,residential_rate,0,effective_residential_rate,0,< 0.08
l0_pce_rate_line.csv,A3325500122225003,36493,residential_rate,0,effective_residential_rate,0,< 0.08
l0_pce_rate_line.csv,A3325500217225003,36500,residential_rate,0,effective_residential_rate,0,< 0.08
l0_pce_rate_line.csv,A3325500323225003,36518,residential_rate,0,effective_residential_rate,0,< 0.08
l0_pce_rate_line.csv,A3325500416225003,36523,residential_rate,0,effective_residential_rate,0,< 0.08
l0_pce_rate_line.csv,A3325500516225003,36534,residential_rate,0,effective_residential_rate,0,< 0.08
l0_pce_rate_line.csv,A3325500616225003,36544,residential_rate,0,effective_residential_rate,0,< 0.08
l0_pce_rate_line.csv,A3325500716225003,36555,residential_rate,0,effective_residential_rate,0,< 0.08
l0_pce_rate_line.csv,A3325500816225003,36567,residential_rate,0,effective_residential_rate,0,< 0.08
l0_pce_rate_line.csv,A3325500817225003,36569,residential_rate,0,effective_residential_rate,0,< 0.08
l0_pce_rate_line.csv,A3325500916225003,36579,residential_rate,0,effective_residential_rate,0,< 0.08
l0_pce_rate_line.csv,A3325500917225003,36581,residential_rate,0,effective_residential_rate,0,< 0.08
l0_pce_rate_line.csv,A3325501017225003,36593,residential_rate,0,effective_residential_rate,0,< 0.08
l0_pce_rate_line.csv,A3325501117225003,36605,residential_rate,0,effective_residential_rate,0,< 0.08
l0_pce_rate_line.csv,A3325501216225003,36616,residential_rate,0,effective_residential_rate,0,< 0.08
l0_pce_rate_line.csv,A3325600117225003,36629,residential_rate,0,effective_residential_rate,-0.29,< 0.08
l0_pce_rate_line.csv,A3325600118225003,36632,residential_rate,0,effective_residential_rate,0,< 0.08
l0_pce_rate_line.csv,A3325600120225003,36636,residential_rate,0,effective_residential_rate,-0.2816,< 0.08
l0_pce_rate_line.csv,A3325600121225003,36638,residential_rate,0,effective_residential_rate,-0.2644,< 0.08
l0_pce_rate_line.csv,A3325600122225003,36640,residential_rate,0,effective_residential_rate,-0.2797,< 0.08
l0_pce_rate_line.csv,A3325600217225003,36649,residential_rate,0,effective_residential_rate,-0.2919,< 0.08
l0_pce_rate_line.csv,A3325600218225003,36651,residential_rate,0,effective_residential_rate,-0.3026,< 0.08
l0_pce_rate_line.csv,A3325600219225003,36653,residential_rate,0,effective_residential_rate,-0.2849,< 0.08
l0_pce_rate_line.csv,A3325600220225003,36655,residential_rate,0,effective_residential_rate,-0.2807,< 0.08
l0_pce_rate_line.csv,A3325600221225003,36657,residential_rate,0,effective_residential_rate,-0.2665,< 0.08
l0_pce_rate_line.csv,A3325600222225003,36659,residential_rate,0,effective_residential_rate,-0.2797,< 0.08
l0_pce_rate_line.csv,A3325600318225003,36671,residential_rate,0,effective_residential_rate,-0.3026,< 0.08
l0_pce_rate_line.csv,A3325600319225003,36673,residential_rate,0,effective_residential_rate,-0.2849,< 0.08
l0_pce_rate_line.csv,A3325600319225003,36674,residential_rate,0,effective_residential_rate,0,< 0.08
l0_pce_rate_line.csv,A3325600320225003,36676,residential_rate,0,effective_residential_rate,-0.2803,< 0.08
l0_pce_rate_line.csv,A3325600321225003,36678,residential_rate,0,effective_residential_rate,-0.2658,< 0.08
l0_pce_rate_line.csv,A3325600322225003,36680,residential_rate,0,effective_residential_rate,-0.2797,< 0.08
l0_pce_rate_line.csv,A3325600418225003,36692,residential_rate,0,effective_residential_rate,-0.3026,< 0.08
l0_pce_rate_line.csv,A3325600419225003,36694,residential_rate,0,effective_residential_rate,-0.285,< 0.08
l0_pce_rate_line.csv,A3325600420225003,36696,residential_rate,0,effective_residential_rate,-0.2803,< 0.08
l0_pce_rate_line.csv,A3325600421225003,36698,residential_rate,0,effective_residential_rate,-0.2658,< 0.08
l0_pce_rate_line.csv,A3325600422225003,36700,residential_rate,0,effective_residential_rate,-0.2797,< 0.08
l0_pce_rate_line.csv,A3325600424225003,36704,residential_rate,0.57,effective_residential_rate,0.0735,< 0.08
l0_pce_rate_line.csv,A3325600519225003,36717,residential_rate,0,effective_residential_rate,-0.2848,< 0.08
l0_pce_rate_line.csv,A3325600519225003,36718,residential_rate,0,effective_residential_rate,0,< 0.08
l0_pce_rate_line.csv,A3325600520225003,36720,residential_rate,0,effective_residential_rate,-0.2771,< 0.08
l0_pce_rate_line.csv,A3325600521225003,36722,residential_rate,0,effective_residential_rate,-0.2658,< 0.08
l0_pce_rate_line.csv,A3325600522225003,36724,residential_rate,0,effective_residential_rate,-0.2797,< 0.08
l0_pce_rate_line.csv,A3325600525225003,36730,residential_rate,0.57,effective_residential_rate,0.0791999999999999,< 0.08
l0_pce_rate_line.csv,A3325600616225003,36736,residential_rate,0,effective_residential_rate,0,< 0.08
l0_pce_rate_line.csv,A3325600618225003,36740,residential_rate,0,effective_residential_rate,-0.3026,< 0.08
l0_pce_rate_line.csv,A3325600620225003,36744,residential_rate,0,effective_residential_rate,-0.2765,< 0.08
l0_pce_rate_line.csv,A3325600621225003,36746,residential_rate,0,effective_residential_rate,-0.2662,< 0.08
l0_pce_rate_line.csv,A3325600622225003,36748,residential_rate,0,effective_residential_rate,-0.2797,< 0.08
l0_pce_rate_line.csv,A3325600625225003,36754,residential_rate,0.57,effective_residential_rate,0.0791999999999999,< 0.08
l0_pce_rate_line.csv,A3325600718225003,36764,residential_rate,0,effective_residential_rate,0,< 0.08
l0_pce_rate_line.csv,A3325600719225003,36766,residential_rate,0,effective_residential_rate,-0.285,< 0.08
l0_pce_rate_line.csv,A3325600720225003,36768,residential_rate,0,effective_residential_rate,-0.2765,< 0.08
l0_pce_rate_line.csv,A3325600720225003,36769,residential_rate,0,effective_residential_rate,0,< 0.08
l0_pce_rate_line.csv,A3325600721225003,36771,residential_rate,0,effective_residential_rate,-0.2672,< 0.08
l0_pce_rate_line.csv,A3325600722225003,36773,residential_rate,0,effective_residential_rate,-0.3097,< 0.08
l0_pce_rate_line.csv,A3325600818225003,36787,residential_rate,0,effective_residential_rate,-0.3235,< 0.08
l0_pce_rate_line.csv,A3325600818225003,36788,residential_rate,0,effective_residential_rate,0,< 0.08
l0_pce_rate_line.csv,A3325600819225003,36790,residential_rate,0,effective_residential_rate,-0.2848,< 0.08
l0_pce_rate_line.csv,A3325600820225003,36792,residential_rate,0,effective_residential_rate,-0.2765,< 0.08
l0_pce_rate_line.csv,A3325600821225003,36794,residential_rate,0,effective_residential_rate,-0.2737,< 0.08
l0_pce_rate_line.csv,A3325600822225003,36796,residential_rate,0,effective_residential_rate,-0.3097,< 0.08
l0_pce_rate_line.csv,A3325600822225003,36797,residential_rate,0,effective_residential_rate,0,< 0.08
l0_pce_rate_line.csv,A3325600918225003,36812,residential_rate,0,effective_residential_rate,-0.3042,< 0.08
l0_pce_rate_line.csv,A3325600919225003,36814,residential_rate,0,effective_residential_rate,-0.2847,< 0.08
l0_pce_rate_line.csv,A3325600920225003,36816,residential_rate,0,effective_residential_rate,-0.2761,< 0.08
l0_pce_rate_line.csv,A3325600921225003,36818,residential_rate,0,effective_residential_rate,-0.2737,< 0.08
l0_pce_rate_line.csv,A3325601018225003,36835,residential_rate,0,effective_residential_rate,-0.2989,< 0.08
l0_pce_rate_line.csv,A3325601018225003,36836,residential_rate,0,effective_residential_rate,0,< 0.08
l0_pce_rate_line.csv,A3325601019225003,36838,residential_rate,0,effective_residential_rate,-0.2844,< 0.08
l0_pce_rate_line.csv,A3325601020225003,36840,residential_rate,0,effective_residential_rate,-0.2776,< 0.08
l0_pce_rate_line.csv,A3325601021225003,36842,residential_rate,0,effective_residential_rate,-0.2737,< 0.08
l0_pce_rate_line.csv,A3325601117225003,36857,residential_rate,0,effective_residential_rate,0,< 0.08
l0_pce_rate_line.csv,A3325601118225003,36859,residential_rate,0,effective_residential_rate,-0.2988,< 0.08
l0_pce_rate_line.csv,A3325601119225003,36861,residential_rate,0,effective_residential_rate,-0.2841,< 0.08
l0_pce_rate_line.csv,A3325601119225003,36862,residential_rate,0,effective_residential_rate,0,< 0.08
l0_pce_rate_line.csv,A3325601120225003,36864,residential_rate,0,effective_residential_rate,-0.2784,< 0.08
l0_pce_rate_line.csv,A3325601121225003,36866,residential_rate,0,effective_residential_rate,-0.2737,< 0.08
l0_pce_rate_line.csv,A3325601218225003,36882,residential_rate,0,effective_residential_rate,-0.2988,< 0.08
l0_pce_rate_line.csv,A3325601219225003,36884,residential_rate,0,effective_residential_rate,-0.2841,< 0.08
l0_pce_rate_line.csv,A3325601220225003,36886,residential_rate,0,effective_residential_rate,-0.2789,< 0.08
l0_pce_rate_line.csv,A3325700319225003,36909,residential_rate,0,effective_residential_rate,0,< 0.08
l0_pce_rate_line.csv,A3325700419225003,36914,residential_rate,0,effective_residential_rate,0,< 0.08
l0_pce_rate_line.csv,A3325800720225003,36998,residential_rate,0,effective_residential_rate,0,< 0.08
l0_pce_rate_line.csv,A3325800722225003,37001,residential_rate,0,effective_residential_rate,0,< 0.08
l0_pce_rate_line.csv,A3325800820225003,37011,residential_rate,0,effective_residential_rate,0,< 0.08
l0_pce_rate_line.csv,A3325800920225003,37023,residential_rate,0,effective_residential_rate,0,< 0.08
l0_pce_rate_line.csv,A3325801022225003,37036,residential_rate,0,effective_residential_rate,0,< 0.08
l0_pce_rate_line.csv,A3325801218225003,37055,residential_rate,0,effective_residential_rate,-0.4605,< 0.08
l0_pce_rate_line.csv,A3325801218225003,37056,residential_rate,0,effective_residential_rate,0,< 0.08
l0_pce_rate_line.csv,A3325900822225003,37144,residential_rate,0,effective_residential_rate,0,< 0.08
l0_pce_rate_line.csv,A3325900919225003,37153,residential_rate,0,effective_residential_rate,0,< 0.08
l0_pce_rate_line.csv,A3325901022225003,37169,residential_rate,0,effective_residential_rate,0,< 0.08
l0_pce_rate_line.csv,A3325901122225003,37181,residential_rate,0,effective_residential_rate,0,< 0.08
l0_pce_rate_line.csv,A3325901219225003,37189,residential_rate,0,effective_residential_rate,0,< 0.08
l0_pce_rate_line.csv,A3326000122225003,37202,residential_rate,0,effective_residential_rate,0,< 0.08
l0_pce_rate_line.csv,A3326000223225003,37214,residential_rate,0,effective_residential_rate,0,< 0.08
l0_pce_rate_line.csv,A3326000816225003,37272,residential_rate,0,effective_residential_rate,0,< 0.08
l0_pce_rate_line.csv,A3326001118225003,37308,residential_rate,0,effective_residential_rate,0,< 0.08
l0_pce_rate_line.csv,A3326001220225003,37322,residential_rate,0,effective_residential_rate,0,< 0.08
l0_pce_rate_line.csv,A3326100122225003,37336,residential_rate,0,effective_residential_rate,0,< 0.08
l0_pce_rate_line.csv,A3326100219225003,37346,residential_rate,0,effective_residential_rate,0,< 0.08
l0_pce_rate_line.csv,A3326100222225003,37350,residential_rate,0,effective_residential_rate,0,< 0.08
l0_pce_rate_line.csv,A3326100420225003,37369,residential_rate,0,effective_residential_rate,-0.5461,< 0.08
l0_pce_rate_line.csv,A3326100618225003,37391,residential_rate,0,effective_residential_rate,0,< 0.08
l0_pce_rate_line.csv,A3326100718225003,37405,residential_rate,0,effective_residential_rate,0,< 0.08
l0_pce_rate_line.csv,A3326100720225003,37408,residential_rate,0,effective_residential_rate,0,< 0.08
l0_pce_rate_line.csv,A3326101021225003,37449,residential_rate,0,effective_residential_rate,0,< 0.08
l0_pce_rate_line.csv,A3326101121225003,37462,residential_rate,0,effective_residential_rate,0,< 0.08
l0_pce_rate_line.csv,A3326101221225003,37475,residential_rate,0,effective_residential_rate,0,< 0.08
l0_pce_rate_line.csv,A3326300619225003,37538,residential_rate,0,effective_residential_rate,0,< 0.08
l0_pce_rate_line.csv,A3326300622225003,37542,residential_rate,0,effective_residential_rate,0,< 0.08
l0_pce_rate_line.csv,A3326500516225003,37659,residential_rate,0,effective_residential_rate,0,< 0.08
l0_pce_rate_line.csv,A3326500616225003,37671,residential_rate,0,effective_residential_rate,0,< 0.08
l0_pce_rate_line.csv,A3326600516225003,37785,residential_rate,0,effective_residential_rate,0,< 0.08
l0_pce_rate_line.csv,A3326600616225003,37794,residential_rate,0,effective_residential_rate,0,< 0.08
l0_pce_rate_line.csv,A3326700516225003,37892,residential_rate,0,effective_residential_rate,0,< 0.08
l0_pce_rate_line.csv,A3326700517225003,37894,residential_rate,0,effective_residential_rate,0,< 0.08
l0_pce_rate_line.csv,A3326700616225003,37905,residential_rate,0,effective_residential_rate,0,< 0.08
l0_pce_rate_line.csv,A3326701117225003,37965,residential_rate,0,effective_residential_rate,0,< 0.08
l0_pce_rate_line.csv,A3326800516225003,38032,residential_rate,0,effective_residential_rate,0,< 0.08
l0_pce_rate_line.csv,A3326800616225003,38044,residential_rate,0,effective_residential_rate,0,< 0.08
l0_pce_rate_line.csv,A3327000516225003,38202,residential_rate,0,effective_residential_rate,0,< 0.08
l0_pce_rate_line.csv,A3327000616225003,38211,residential_rate,0,effective_residential_rate,0,< 0.08
l0_pce_rate_line.csv,A3327100219225003,38275,residential_rate,0,effective_residential_rate,0,< 0.08
l0_pce_rate_line.csv,A3327100319225003,38284,residential_rate,0,effective_residential_rate,0,< 0.08
l0_pce_rate_line.csv,A3327100619225003,38309,residential_rate,0,effective_residential_rate,0,< 0.08
l0_pce_rate_line.csv,A3327100719225003,38318,residential_rate,0,effective_residential_rate,0,< 0.08
l0_pce_rate_line.csv,A3327100816225003,38324,residential_rate,0,effective_residential_rate,0,< 0.08
l0_pce_rate_line.csv,A3327100819225003,38328,residential_rate,0,effective_residential_rate,0,< 0.08
l0_pce_rate_line.csv,A3327100919225003,38337,residential_rate,0,effective_residential_rate,0,< 0.08
l0_pce_rate_line.csv,A3327101017225003,38344,residential_rate,0,effective_residential_rate,0,< 0.08
l0_pce_rate_line.csv,A3327101018225003,38346,residential_rate,0,effective_residential_rate,0,< 0.08
l0_pce_rate_line.csv,A3327101019225003,38348,residential_rate,0,effective_residential_rate,0,< 0.08
l0_pce_rate_line.csv,A3327101118225003,38357,residential_rate,0,effective_residential_rate,0,< 0.08
l0_pce_rate_line.csv,A3327101119225003,38359,residential_rate,0,effective_residential_rate,0,< 0.08
l0_pce_rate_line.csv,A3327101219225003,38366,residential_rate,0,effective_residential_rate,0,< 0.08
l0_pce_rate_line.csv,A3327300125225003,38504,residential_rate,0,effective_residential_rate,0,< 0.08
l0_pce_rate_line.csv,A3327300324225003,38525,residential_rate,0.619,effective_residential_rate,-0.7202,< 0.08
l0_pce_rate_line.csv,A3327300324225003,38526,residential_rate,0.619,effective_residential_rate,-0.6816,< 0.08
l0_pce_rate_line.csv,A3327300325225003,38529,residential_rate,0,effective_residential_rate,0,< 0.08
l0_pce_rate_line.csv,A3327300526225003,38558,residential_rate,0,effective_residential_rate,0,< 0.08
l0_pce_rate_line.csv,A3327300926225003,38611,residential_rate,0,effective_residential_rate,0,< 0.08
l0_pce_rate_line.csv,A3327301026225003,38625,residential_rate,0,effective_residential_rate,0,< 0.08
l0_pce_rate_line.csv,A3327400122225003,38652,residential_rate,0,effective_residential_rate,0,< 0.08
l0_pce_rate_line.csv,A3327400125225003,38656,residential_rate,0,effective_residential_rate,0,< 0.08
l0_pce_rate_line.csv,A3327400222225003,38665,residential_rate,0,effective_residential_rate,0,< 0.08
l0_pce_rate_line.csv,A3327400322225003,38676,residential_rate,0,effective_residential_rate,0,< 0.08
l0_pce_rate_line.csv,A3327400422225003,38687,residential_rate,0,effective_residential_rate,0,< 0.08
l0_pce_rate_line.csv,A3327400522225003,38698,residential_rate,0,effective_residential_rate,0,< 0.08
l0_pce_rate_line.csv,A3327400622225003,38710,residential_rate,0,effective_residential_rate,0,< 0.08
l0_pce_rate_line.csv,A3327400722225003,38722,residential_rate,0,effective_residential_rate,0,< 0.08
l0_pce_rate_line.csv,A3327400822225003,38734,residential_rate,0,effective_residential_rate,0,< 0.08
l0_pce_rate_line.csv,A3328500223225003,38798,residential_rate,0,effective_residential_rate,0,< 0.08
l0_pce_rate_line.csv,A3328500323225003,38809,residential_rate,0,effective_residential_rate,-0.2323,< 0.08
l0_pce_rate_line.csv,A3328500323225003,38810,residential_rate,0,effective_residential_rate,0,< 0.08
l0_pce_rate_line.csv,A3328500518225003,38826,residential_rate,0,effective_residential_rate,0,< 0.08
l0_pce_rate_line.csv,A3328500519225003,38828,residential_rate,0,effective_residential_rate,0,< 0.08
l0_pce_rate_line.csv,A3328500616225003,38838,residential_rate,0,effective_residential_rate,0,< 0.08
l0_pce_rate_line.csv,A3328500620225003,38843,residential_rate,0,effective_residential_rate,0,< 0.08
l0_pce_rate_line.csv,A3328500623225003,38847,residential_rate,0,effective_residential_rate,0,< 0.08
l0_pce_rate_line.csv,A3328500821225003,38868,residential_rate,0,effective_residential_rate,0,< 0.08
l0_pce_rate_line.csv,A3328600117225003,38921,residential_rate,0,effective_residential_rate,0,< 0.08
l0_pce_rate_line.csv,A3328600216225003,38942,residential_rate,0,effective_residential_rate,0,< 0.08
l0_pce_rate_line.csv,A3328600217225003,38944,residential_rate,0,effective_residential_rate,0,< 0.08
l0_pce_rate_line.csv,A3328600219225003,38947,residential_rate,0,effective_residential_rate,0,< 0.08
l0_pce_rate_line.csv,A3328600221225003,38950,residential_rate,0,effective_residential_rate,0,< 0.08
l0_pce_rate_line.csv,A3328600226225003,38965,residential_rate,0,effective_residential_rate,0,< 0.08
l0_pce_rate_line.csv,A3328600316225003,38967,residential_rate,0,effective_residential_rate,0,< 0.08
l0_pce_rate_line.csv,A3328600317225003,38969,residential_rate,0,effective_residential_rate,0,< 0.08
l0_pce_rate_line.csv,A3328600321225003,38974,residential_rate,0,effective_residential_rate,0,< 0.08
l0_pce_rate_line.csv,A3328600416225003,38991,residential_rate,0,effective_residential_rate,0,< 0.08
l0_pce_rate_line.csv,A3328600417225003,38993,residential_rate,0,effective_residential_rate,0,< 0.08
l0_pce_rate_line.csv,A3328600421225003,38998,residential_rate,0,effective_residential_rate,0,< 0.08
l0_pce_rate_line.csv,A3328600516225003,39015,residential_rate,0,effective_residential_rate,0,< 0.08
l0_pce_rate_line.csv,A3328600517225003,39017,residential_rate,0,effective_residential_rate,0,< 0.08
l0_pce_rate_line.csv,A3328600518225003,39019,residential_rate,0,effective_residential_rate,0,< 0.08
l0_pce_rate_line.csv,A3328600522225003,39025,residential_rate,0,effective_residential_rate,0,< 0.08
l0_pce_rate_line.csv,A3328600525225003,39034,residential_rate,0,effective_residential_rate,0,< 0.08
l0_pce_rate_line.csv,A3328600526225003,39040,residential_rate,0,effective_residential_rate,0,< 0.08
l0_pce_rate_line.csv,A3328600616225003,39042,residential_rate,0,effective_residential_rate,0,< 0.08
l0_pce_rate_line.csv,A3328600617225003,39044,residential_rate,0,effective_residential_rate,0,< 0.08
l0_pce_rate_line.csv,A3328600622225003,39053,residential_rate,0,effective_residential_rate,0,< 0.08
l0_pce_rate_line.csv,A3328600622225003,39054,residential_rate,0,effective_residential_rate,0,< 0.08
l0_pce_rate_line.csv,A3328600716225003,39068,residential_rate,0,effective_residential_rate,0,< 0.08
l0_pce_rate_line.csv,A3328600717225003,39070,residential_rate,0,effective_residential_rate,0,< 0.08
l0_pce_rate_line.csv,A3328600721225003,39075,residential_rate,0,effective_residential_rate,0,< 0.08
l0_pce_rate_line.csv,A3328600722225003,39077,residential_rate,0,effective_residential_rate,0,< 0.08
l0_pce_rate_line.csv,A3328600724225003,39084,residential_rate,0,effective_residential_rate,0,< 0.08
l0_pce_rate_line.csv,A3328600725225003,39086,residential_rate,0,effective_residential_rate,0,< 0.08
l0_pce_rate_line.csv,A3328600816225003,39092,residential_rate,0,effective_residential_rate,0,< 0.08
l0_pce_rate_line.csv,A3328600817225003,39094,residential_rate,0,effective_residential_rate,0,< 0.08
l0_pce_rate_line.csv,A3328600822225003,39101,residential_rate,0,effective_residential_rate,0,< 0.08
l0_pce_rate_line.csv,A3328600919225003,39118,residential_rate,0,effective_residential_rate,0,< 0.08
l0_pce_rate_line.csv,A3328600921225003,39121,residential_rate,0,effective_residential_rate,0,< 0.08
l0_pce_rate_line.csv,A3328600922225003,39123,residential_rate,0,effective_residential_rate,0,< 0.08
l0_pce_rate_line.csv,A3328601016225003,39137,residential_rate,0,effective_residential_rate,0,< 0.08
l0_pce_rate_line.csv,A3328601024225003,39153,residential_rate,0,effective_residential_rate,0,< 0.08
l0_pce_rate_line.csv,A3328601025225003,39158,residential_rate,0,effective_residential_rate,0,< 0.08
l0_pce_rate_line.csv,A3328601026225003,39163,residential_rate,0,effective_residential_rate,0,< 0.08
l0_pce_rate_line.csv,A3328601116225003,39165,residential_rate,0,effective_residential_rate,0,< 0.08
l0_pce_rate_line.csv,A3328601119225003,39169,residential_rate,0,effective_residential_rate,0,< 0.08
l0_pce_rate_line.csv,A3328601216225003,39190,residential_rate,0,effective_residential_rate,0,< 0.08
l0_pce_rate_line.csv,A3328601218225003,39193,residential_rate,0,effective_residential_rate,0,< 0.08
l0_pce_rate_line.csv,A3328601220225003,39196,residential_rate,0,effective_residential_rate,0,< 0.08
l0_pce_rate_line.csv,A3328601224225003,39203,residential_rate,0,effective_residential_rate,0,< 0.08
l0_pce_rate_line.csv,A3328700123225003,39215,residential_rate,0,effective_residential_rate,0,< 0.08
l0_pce_rate_line.csv,A3328700517225003,39250,residential_rate,0,effective_residential_rate,0,< 0.08
l0_pce_rate_line.csv,A3328700521225003,39255,residential_rate,0,effective_residential_rate,0,< 0.08
l0_pce_rate_line.csv,A3328700616225003,39263,residential_rate,0,effective_residential_rate,0,< 0.08
l0_pce_rate_line.csv,A3328701023225003,39313,residential_rate,0,effective_residential_rate,0,< 0.08
l0_pce_rate_line.csv,A3328800122225003,39342,residential_rate,0,effective_residential_rate,0,< 0.08
l0_pce_rate_line.csv,A3328800219225003,39351,residential_rate,0,effective_residential_rate,0,< 0.08
l0_pce_rate_line.csv,A3328800222225003,39355,residential_rate,0,effective_residential_rate,0,< 0.08
l0_pce_rate_line.csv,A3328800419225003,39373,residential_rate,0,effective_residential_rate,0,< 0.08
l0_pce_rate_line.csv,A3328800520225003,39384,residential_rate,0,effective_residential_rate,0,< 0.08
l0_pce_rate_line.csv,A3328900726225003,39546,residential_rate,0,effective_residential_rate,0,< 0.08
l0_pce_rate_line.csv,A3328900918225003,39560,residential_rate,0,effective_residential_rate,0,< 0.08
l0_pce_rate_line.csv,A3328901219225003,39595,residential_rate,0,effective_residential_rate,0,< 0.08
l0_pce_rate_line.csv,A3328901220225003,39597,residential_rate,0,effective_residential_rate,0,< 0.08
l0_pce_rate_line.csv,A3329000120225003,39616,residential_rate,0,effective_residential_rate,0,< 0.08
l0_pce_rate_line.csv,A3329000125225003,39630,residential_rate,0,effective_residential_rate,0,< 0.08
l0_pce_rate_line.csv,A3329000217225003,39636,residential_rate,0,effective_residential_rate,0,< 0.08
l0_pce_rate_line.csv,A3329000226225003,39661,residential_rate,0,effective_residential_rate,0,< 0.08
l0_pce_rate_line.csv,A3329000317225003,39665,residential_rate,0,effective_residential_rate,0,< 0.08
l0_pce_rate_line.csv,A3329000321225003,39678,residential_rate,0,effective_residential_rate,0,< 0.08
l0_pce_rate_line.csv,A3329000325225003,39689,residential_rate,0,effective_residential_rate,0,< 0.08
l0_pce_rate_line.csv,A3329000416225003,39694,residential_rate,0,effective_residential_rate,0,< 0.08
l0_pce_rate_line.csv,A3329000416225003,39695,residential_rate,0,effective_residential_rate,0,< 0.08
l0_pce_rate_line.csv,A3329000417225003,39699,residential_rate,0,effective_residential_rate,0,< 0.08
l0_pce_rate_line.csv,A3329000516225003,39727,residential_rate,0,effective_residential_rate,0,< 0.08
l0_pce_rate_line.csv,A3329000521225003,39743,residential_rate,0,effective_residential_rate,0,< 0.08
l0_pce_rate_line.csv,A3329000616225003,39758,residential_rate,0,effective_residential_rate,0,< 0.08
l0_pce_rate_line.csv,A3329000617225003,39762,residential_rate,0,effective_residential_rate,0,< 0.08
l0_pce_rate_line.csv,A3329000716225003,39791,residential_rate,0,effective_residential_rate,0,< 0.08
l0_pce_rate_line.csv,A3329000717225003,39795,residential_rate,0,effective_residential_rate,0,< 0.08
l0_pce_rate_line.csv,A3329000723225003,39813,residential_rate,0,effective_residential_rate,0,< 0.08
l0_pce_rate_line.csv,A3329000724225003,39814,residential_rate,0.5521,effective_residential_rate,0.0389,< 0.08
l0_pce_rate_line.csv,A3329000724225003,39815,residential_rate,0.5521,effective_residential_rate,0.0795,< 0.08
l0_pce_rate_line.csv,A3329000726225003,39820,residential_rate,0,effective_residential_rate,0,< 0.08
l0_pce_rate_line.csv,A3329000816225003,39825,residential_rate,0,effective_residential_rate,0,< 0.08
l0_pce_rate_line.csv,A3329000817225003,39829,residential_rate,0,effective_residential_rate,0,< 0.08
l0_pce_rate_line.csv,A3329000825225003,39852,residential_rate,0,effective_residential_rate,0,< 0.08
l0_pce_rate_line.csv,A3329000916225003,39859,residential_rate,0,effective_residential_rate,0,< 0.08
l0_pce_rate_line.csv,A3329000917225003,39863,residential_rate,0,effective_residential_rate,0,< 0.08
l0_pce_rate_line.csv,A3329000924225003,39884,residential_rate,0,effective_residential_rate,0,< 0.08
l0_pce_rate_line.csv,A3329001016225003,39892,residential_rate,0,effective_residential_rate,0,< 0.08
l0_pce_rate_line.csv,A3329001017225003,39896,residential_rate,0,effective_residential_rate,0,< 0.08
l0_pce_rate_line.csv,A3329001026225003,39921,residential_rate,0,effective_residential_rate,0,< 0.08
l0_pce_rate_line.csv,A3329001116225003,39926,residential_rate,0,effective_residential_rate,0,< 0.08
l0_pce_rate_line.csv,A3329001117225003,39930,residential_rate,0,effective_residential_rate,0,< 0.08
l0_pce_rate_line.csv,A3329001216225003,39957,residential_rate,0,effective_residential_rate,0,< 0.08
l0_pce_rate_line.csv,A3317800126225003,22693,residential_rate,99.99,effective_residential_rate,99.5292,> 2.5
l0_pce_rate_line.csv,A3318800626225003,24312,residential_rate,9.999,effective_residential_rate,9.4961,> 2.5
l0_pce_rate_line.csv,A3318800626225003,24313,residential_rate,9.999,effective_residential_rate,9.999,> 2.5
l0_pce_rate_line.csv,A3318800726225003,24324,residential_rate,9.999,effective_residential_rate,9.4961,> 2.5
l0_pce_rate_line.csv,A3318800726225003,24325,residential_rate,9.999,effective_residential_rate,9.999,> 2.5
l0_pce_rate_line.csv,A3318800826225003,24336,residential_rate,9.9999,effective_residential_rate,9.497,> 2.5
l0_pce_rate_line.csv,A3318800826225003,24337,residential_rate,9.9999,effective_residential_rate,9.9999,> 2.5
l0_pce_rate_line.csv,A3318800926225003,24348,residential_rate,9.9999,effective_residential_rate,9.497,> 2.5
l0_pce_rate_line.csv,A3318800926225003,24349,residential_rate,9.9999,effective_residential_rate,9.9999,> 2.5
l0_pce_rate_line.csv,A3318801026225003,24360,residential_rate,9.9999,effective_residential_rate,9.497,> 2.5
l0_pce_rate_line.csv,A3318801026225003,24361,residential_rate,9.9999,effective_residential_rate,9.9999,> 2.5
l0_pce_rate_line.csv,A3318801126225003,24373,residential_rate,9.9999,effective_residential_rate,9.497,> 2.5
l0_pce_rate_line.csv,A3318801126225003,24374,residential_rate,9.9999,effective_residential_rate,9.9999,> 2.5
l0_pce_rate_line.csv,A3320400826225003,27183,residential_rate,90.9,effective_residential_rate,90.1881,> 2.5
l0_pce_rate_line.csv,A3320400826225003,27184,residential_rate,90.9,effective_residential_rate,90.4071,> 2.5
l0_pce_rate_line.csv,A3321000125225003,28162,residential_rate,99,effective_residential_rate,99,> 2.5
l0_pce_rate_line.csv,A3321500126225003,29099,residential_rate,99.99,effective_residential_rate,99.5692,> 2.5
l0_pce_rate_line.csv,A3321500126225003,29100,residential_rate,99.99,effective_residential_rate,99.4392,> 2.5
l0_pce_rate_line.csv,A3322100726225003,29985,residential_rate,3966,effective_residential_rate,3965.6597,> 2.5
l0_pce_rate_line.csv,A3323700321225003,32863,residential_rate,3.6313,effective_residential_rate,3.6313,> 2.5
l0_pce_rate_line.csv,A3324400826225003,35171,residential_rate,5.73,effective_residential_rate,5.4087,> 2.5
l0_pce_rate_line.csv,A3324400826225003,35172,residential_rate,5.73,effective_residential_rate,5.38,> 2.5
l0_pce_rate_line.csv,A3324400826225003,35173,residential_rate,5.73,effective_residential_rate,5.73,> 2.5
l0_pce_rate_line.csv,A3324401223225003,35237,residential_rate,9.99,effective_residential_rate,9.8006,> 2.5
l0_pce_rate_line.csv,A3324401223225003,35238,residential_rate,9.99,effective_residential_rate,9.7406,> 2.5
l0_pce_rate_line.csv,A3324401223225003,35239,residential_rate,9.99,effective_residential_rate,9.99,> 2.5
l0_pce_rate_line.csv,A3325001223225003,35803,residential_rate,9.99,effective_residential_rate,9.5348,> 2.5
l0_pce_rate_line.csv,A3325001223225003,35804,residential_rate,9.99,effective_residential_rate,9.99,> 2.5
l0_pce_rate_line.csv,A3325601023225003,36845,residential_rate,57,effective_residential_rate,56.6258,> 2.5
l0_pce_rate_line.csv,A3325601023225003,36846,residential_rate,57,effective_residential_rate,56.5558,> 2.5
l0_pce_rate_line.csv,A3327100126225003,38271,residential_rate,99.99,effective_residential_rate,99.4392,> 2.5
l0_pce_rate_line.csv,A3328600226225003,38961,residential_rate,99.99,effective_residential_rate,99.7377,> 2.5
l0_pce_rate_line.csv,A3328600226225003,38962,residential_rate,99.99,effective_residential_rate,99.7393,> 2.5
l0_pce_rate_line.csv,A3328600226225003,38963,residential_rate,99.99,effective_residential_rate,99.7377,> 2.5
l0_pce_rate_line.csv,A3328600226225003,38964,residential_rate,99.99,effective_residential_rate,99.99,> 2.5
