identifier,row_index,target_column,observed_value,eval_column,eval_value_observed,rule_broken,violation_level
A3310050123225003,8,residential_rate,0,effective_residential_rate,0,< 0.08,L1_BOUNDS
A3310050419225003,37,residential_rate,0,effective_residential_rate,0,< 0.08,L1_BOUNDS
A3310050519225003,50,residential_rate,0,effective_residential_rate,0,< 0.08,L1_BOUNDS
A3310050620225003,63,residential_rate,0,effective_residential_rate,0,< 0.08,L1_BOUNDS
A3310050620225003,64,residential_rate,0,effective_residential_rate,0,< 0.08,L1_BOUNDS
A3310051118225003,121,residential_rate,0,effective_residential_rate,0,< 0.08,L1_BOUNDS
A3310051119225003,123,residential_rate,0,effective_residential_rate,0,< 0.08,L1_BOUNDS
A3310051218225003,135,residential_rate,0,effective_residential_rate,0,< 0.08,L1_BOUNDS
A3310051220225003,138,residential_rate,0,effective_residential_rate,0,< 0.08,L1_BOUNDS
A3310100121225003,150,residential_rate,0,effective_residential_rate,0,< 0.08,L1_BOUNDS
A3310100122225003,152,residential_rate,0,effective_residential_rate,0,< 0.08,L1_BOUNDS
A3310100218225003,160,residential_rate,0,effective_residential_rate,0,< 0.08,L1_BOUNDS
A3310100221225003,164,residential_rate,0,effective_residential_rate,0,< 0.08,L1_BOUNDS
A3310100418225003,182,residential_rate,0,effective_residential_rate,0,< 0.08,L1_BOUNDS
A3310100518225003,194,residential_rate,0,effective_residential_rate,0,< 0.08,L1_BOUNDS
A3310100618225003,207,residential_rate,0,effective_residential_rate,0,< 0.08,L1_BOUNDS
A3310100718225003,218,residential_rate,0,effective_residential_rate,0,< 0.08,L1_BOUNDS
A3310101220225003,276,residential_rate,0,effective_residential_rate,0,< 0.08,L1_BOUNDS
A3310200122225003,291,residential_rate,0,effective_residential_rate,0,< 0.08,L1_BOUNDS
A3310200123225003,293,residential_rate,0,effective_residential_rate,0,< 0.08,L1_BOUNDS
A3310200125225003,296,residential_rate,0,effective_residential_rate,0,< 0.08,L1_BOUNDS
A3310200222225003,305,residential_rate,0,effective_residential_rate,0,< 0.08,L1_BOUNDS
A3310200223225003,307,residential_rate,0,effective_residential_rate,0,< 0.08,L1_BOUNDS
A3310200224225003,309,residential_rate,0,effective_residential_rate,0,< 0.08,L1_BOUNDS
A3310200324225003,321,residential_rate,0,effective_residential_rate,0,< 0.08,L1_BOUNDS
A3310200620225003,350,residential_rate,0,effective_residential_rate,0,< 0.08,L1_BOUNDS
A3310200624225003,356,residential_rate,0,effective_residential_rate,0,< 0.08,L1_BOUNDS
A3310200724225003,368,residential_rate,0,effective_residential_rate,0,< 0.08,L1_BOUNDS
A3310200725225003,370,residential_rate,0,effective_residential_rate,0,< 0.08,L1_BOUNDS
A3310201018225003,397,residential_rate,0,effective_residential_rate,0,< 0.08,L1_BOUNDS
A3310201116225003,408,residential_rate,0,effective_residential_rate,0,< 0.08,L1_BOUNDS
A3310300323225003,458,residential_rate,0,effective_residential_rate,0,< 0.08,L1_BOUNDS
A3310300625225003,487,residential_rate,0,effective_residential_rate,0,< 0.08,L1_BOUNDS
A3310300725225003,496,residential_rate,0,effective_residential_rate,0,< 0.08,L1_BOUNDS
A3310401018225003,636,residential_rate,0,effective_residential_rate,0,< 0.08,L1_BOUNDS
A3310401219225003,660,residential_rate,0,effective_residential_rate,0,< 0.08,L1_BOUNDS
A3310500120225003,672,residential_rate,0,effective_residential_rate,-0.6068,< 0.08,L1_BOUNDS
A3310500217225003,680,residential_rate,0,effective_residential_rate,0,< 0.08,L1_BOUNDS
A3310500218225003,682,residential_rate,0,effective_residential_rate,0,< 0.08,L1_BOUNDS
A3310500219225003,684,residential_rate,0,effective_residential_rate,0,< 0.08,L1_BOUNDS
A3310500219225003,685,residential_rate,0,effective_residential_rate,0,< 0.08,L1_BOUNDS
A3310500221225003,688,residential_rate,0,effective_residential_rate,0,< 0.08,L1_BOUNDS
A3310500317225003,695,residential_rate,0,effective_residential_rate,0,< 0.08,L1_BOUNDS
A3310500417225003,707,residential_rate,0,effective_residential_rate,0,< 0.08,L1_BOUNDS
A3310500420225003,711,residential_rate,0,effective_residential_rate,0,< 0.08,L1_BOUNDS
A3310500517225003,721,residential_rate,0,effective_residential_rate,0,< 0.08,L1_BOUNDS
A3310500521225003,726,residential_rate,0,effective_residential_rate,0,< 0.08,L1_BOUNDS
A3310500617225003,734,residential_rate,0,effective_residential_rate,0,< 0.08,L1_BOUNDS
A3310500716225003,745,residential_rate,0,effective_residential_rate,0,< 0.08,L1_BOUNDS
A3310500717225003,747,residential_rate,0,effective_residential_rate,0,< 0.08,L1_BOUNDS
A3310500717225003,748,residential_rate,0,effective_residential_rate,0,< 0.08,L1_BOUNDS
A3310500817225003,760,residential_rate,0,effective_residential_rate,0,< 0.08,L1_BOUNDS
A3310500818225003,762,residential_rate,0,effective_residential_rate,0,< 0.08,L1_BOUNDS
A3310500821225003,766,residential_rate,0,effective_residential_rate,0,< 0.08,L1_BOUNDS
A3310501018225003,786,residential_rate,0,effective_residential_rate,0,< 0.08,L1_BOUNDS
A3310600120225003,821,residential_rate,0,effective_residential_rate,0,< 0.08,L1_BOUNDS
A3310600217225003,829,residential_rate,0,effective_residential_rate,0,< 0.08,L1_BOUNDS
A3310600317225003,841,residential_rate,0,effective_residential_rate,0,< 0.08,L1_BOUNDS
A3310600420225003,855,residential_rate,0,effective_residential_rate,0,< 0.08,L1_BOUNDS
A3310600517225003,864,residential_rate,0,effective_residential_rate,0,< 0.08,L1_BOUNDS
A3310600617225003,876,residential_rate,0,effective_residential_rate,0,< 0.08,L1_BOUNDS
A3310600717225003,888,residential_rate,0,effective_residential_rate,0,< 0.08,L1_BOUNDS
A3310600817225003,900,residential_rate,0,effective_residential_rate,0,< 0.08,L1_BOUNDS
A3310601018225003,924,residential_rate,0,effective_residential_rate,0,< 0.08,L1_BOUNDS
A3310601216225003,946,residential_rate,0,effective_residential_rate,0,< 0.08,L1_BOUNDS
A3310601220225003,951,residential_rate,0,effective_residential_rate,0,< 0.08,L1_BOUNDS
A3310700117225003,959,residential_rate,0,effective_residential_rate,0,< 0.08,L1_BOUNDS
A3310700120225003,963,residential_rate,0,effective_residential_rate,0,< 0.08,L1_BOUNDS
A3310700217225003,972,residential_rate,0,effective_residential_rate,0,< 0.08,L1_BOUNDS
A3310700317225003,983,residential_rate,0,effective_residential_rate,0,< 0.08,L1_BOUNDS
A3310700319225003,986,residential_rate,0,effective_residential_rate,0,< 0.08,L1_BOUNDS
A3310700417225003,995,residential_rate,0,effective_residential_rate,0,< 0.08,L1_BOUNDS
A3310700420225003,999,residential_rate,0,effective_residential_rate,0,< 0.08,L1_BOUNDS
A3310700516225003,1007,residential_rate,0,effective_residential_rate,0,< 0.08,L1_BOUNDS
A3310700517225003,1009,residential_rate,0,effective_residential_rate,0,< 0.08,L1_BOUNDS
A3310700617225003,1021,residential_rate,0,effective_residential_rate,0,< 0.08,L1_BOUNDS
A3310700717225003,1033,residential_rate,0,effective_residential_rate,0,< 0.08,L1_BOUNDS
A3310700719225003,1036,residential_rate,0,effective_residential_rate,0,< 0.08,L1_BOUNDS
A3310700817225003,1046,residential_rate,0,effective_residential_rate,0,< 0.08,L1_BOUNDS
A3310701018225003,1070,residential_rate,0,effective_residential_rate,0,< 0.08,L1_BOUNDS
A3310701216225003,1091,residential_rate,0,effective_residential_rate,0,< 0.08,L1_BOUNDS
A3310800117225003,1103,residential_rate,0,effective_residential_rate,0,< 0.08,L1_BOUNDS
A3310800120225003,1107,residential_rate,0,effective_residential_rate,0,< 0.08,L1_BOUNDS
A3310800121225003,1109,residential_rate,0,effective_residential_rate,0,< 0.08,L1_BOUNDS
A3310800217225003,1116,residential_rate,0,effective_residential_rate,0,< 0.08,L1_BOUNDS
A3310800221225003,1121,residential_rate,0,effective_residential_rate,0,< 0.08,L1_BOUNDS
A3310800317225003,1128,residential_rate,0,effective_residential_rate,0,< 0.08,L1_BOUNDS
A3310800318225003,1130,residential_rate,0,effective_residential_rate,0,< 0.08,L1_BOUNDS
A3310800321225003,1134,residential_rate,0,effective_residential_rate,0,< 0.08,L1_BOUNDS
A3310800420225003,1144,residential_rate,0,effective_residential_rate,0,< 0.08,L1_BOUNDS
A3310800421225003,1146,residential_rate,0,effective_residential_rate,0,< 0.08,L1_BOUNDS
A3310800517225003,1154,residential_rate,0,effective_residential_rate,0,< 0.08,L1_BOUNDS
A3310800521225003,1159,residential_rate,0,effective_residential_rate,0,< 0.08,L1_BOUNDS
A3310800617225003,1167,residential_rate,0,effective_residential_rate,0,< 0.08,L1_BOUNDS
A3310800621225003,1172,residential_rate,0,effective_residential_rate,0,< 0.08,L1_BOUNDS
A3310800717225003,1180,residential_rate,0,effective_residential_rate,0,< 0.08,L1_BOUNDS
A3310800721225003,1185,residential_rate,0,effective_residential_rate,0,< 0.08,L1_BOUNDS
A3310800816225003,1192,residential_rate,0,effective_residential_rate,0,< 0.08,L1_BOUNDS
A3310800817225003,1194,residential_rate,0,effective_residential_rate,0,< 0.08,L1_BOUNDS
A3310800818225003,1196,residential_rate,0,effective_residential_rate,0,< 0.08,L1_BOUNDS
A3310800821225003,1200,residential_rate,0,effective_residential_rate,0,< 0.08,L1_BOUNDS
A3310800917225003,1208,residential_rate,0,effective_residential_rate,0,< 0.08,L1_BOUNDS
A3310800921225003,1213,residential_rate,0,effective_residential_rate,0,< 0.08,L1_BOUNDS
A3310801021225003,1225,residential_rate,0,effective_residential_rate,0,< 0.08,L1_BOUNDS
A3310801216225003,1243,residential_rate,0,effective_residential_rate,0,< 0.08,L1_BOUNDS
A3310900116225003,1255,residential_rate,0,effective_residential_rate,0,< 0.08,L1_BOUNDS
A3310900120225003,1260,residential_rate,0,effective_residential_rate,0,< 0.08,L1_BOUNDS
A3310900121225003,1262,residential_rate,0,effective_residential_rate,0,< 0.08,L1_BOUNDS
A3310900217225003,1271,residential_rate,0,effective_residential_rate,0,< 0.08,L1_BOUNDS
A3310900221225003,1276,residential_rate,0,effective_residential_rate,0,< 0.08,L1_BOUNDS
A3310900317225003,1283,residential_rate,0,effective_residential_rate,0,< 0.08,L1_BOUNDS
A3310900321225003,1288,residential_rate,0,effective_residential_rate,0,< 0.08,L1_BOUNDS
A3310900417225003,1295,residential_rate,0,effective_residential_rate,0,< 0.08,L1_BOUNDS
A3310900420225003,1299,residential_rate,0,effective_residential_rate,0,< 0.08,L1_BOUNDS
A3310900421225003,1301,residential_rate,0,effective_residential_rate,0,< 0.08,L1_BOUNDS
A3310900516225003,1308,residential_rate,0,effective_residential_rate,0,< 0.08,L1_BOUNDS
A3310900521225003,1314,residential_rate,0,effective_residential_rate,0,< 0.08,L1_BOUNDS
A3310900616225003,1321,residential_rate,0,effective_residential_rate,0,< 0.08,L1_BOUNDS
A3310900617225003,1323,residential_rate,0,effective_residential_rate,0,< 0.08,L1_BOUNDS
A3310900621225003,1328,residential_rate,0,effective_residential_rate,0,< 0.08,L1_BOUNDS
A3310900721225003,1340,residential_rate,0,effective_residential_rate,0,< 0.08,L1_BOUNDS
A3310900816225003,1347,residential_rate,0,effective_residential_rate,0,< 0.08,L1_BOUNDS
A3310900818225003,1350,residential_rate,0,effective_residential_rate,0,< 0.08,L1_BOUNDS
A3310900821225003,1354,residential_rate,0,effective_residential_rate,0,< 0.08,L1_BOUNDS
A3310900917225003,1362,residential_rate,0,effective_residential_rate,0,< 0.08,L1_BOUNDS
A3310900917225003,1363,residential_rate,0,effective_residential_rate,0,< 0.08,L1_BOUNDS
A3310900921225003,1368,residential_rate,0,effective_residential_rate,0,< 0.08,L1_BOUNDS
A3310901021225003,1380,residential_rate,0,effective_residential_rate,0,< 0.08,L1_BOUNDS
A3310901118225003,1389,residential_rate,0,effective_residential_rate,0,< 0.08,L1_BOUNDS
A3310901118225003,1390,residential_rate,0,effective_residential_rate,0,< 0.08,L1_BOUNDS
A3310901216225003,1400,residential_rate,0,effective_residential_rate,0,< 0.08,L1_BOUNDS
A3311000120225003,1416,residential_rate,0,effective_residential_rate,0,< 0.08,L1_BOUNDS
A3311000317225003,1435,residential_rate,0,effective_residential_rate,0,< 0.08,L1_BOUNDS
A3311000420225003,1449,residential_rate,0,effective_residential_rate,0,< 0.08,L1_BOUNDS
A3311000717225003,1480,residential_rate,0,effective_residential_rate,0,< 0.08,L1_BOUNDS
A3311000817225003,1492,residential_rate,0,effective_residential_rate,0,< 0.08,L1_BOUNDS
A3311000821225003,1497,residential_rate,0,effective_residential_rate,0,< 0.08,L1_BOUNDS
A3311100116225003,1548,residential_rate,0,effective_residential_rate,0,< 0.08,L1_BOUNDS
A3311100120225003,1553,residential_rate,0,effective_residential_rate,0,< 0.08,L1_BOUNDS
A3311100217225003,1562,residential_rate,0,effective_residential_rate,0,< 0.08,L1_BOUNDS
A3311100219225003,1565,residential_rate,0,effective_residential_rate,0,< 0.08,L1_BOUNDS
A3311100317225003,1575,residential_rate,0,effective_residential_rate,0,< 0.08,L1_BOUNDS
A3311100417225003,1587,residential_rate,0,effective_residential_rate,0,< 0.08,L1_BOUNDS
A3311100418225003,1589,residential_rate,0,effective_residential_rate,0,< 0.08,L1_BOUNDS
A3311100420225003,1592,residential_rate,0,effective_residential_rate,0,< 0.08,L1_BOUNDS
A3311100422225003,1595,residential_rate,0,effective_residential_rate,0,< 0.08,L1_BOUNDS
A3311100516225003,1601,residential_rate,0,effective_residential_rate,0,< 0.08,L1_BOUNDS
A3311100517225003,1603,residential_rate,0,effective_residential_rate,0,< 0.08,L1_BOUNDS
A3311100716225003,1625,residential_rate,0,effective_residential_rate,0,< 0.08,L1_BOUNDS
A3311100717225003,1627,residential_rate,0,effective_residential_rate,0,< 0.08,L1_BOUNDS
A3311100817225003,1639,residential_rate,0,effective_residential_rate,0,< 0.08,L1_BOUNDS
A3311100925225003,1660,residential_rate,0,effective_residential_rate,0,< 0.08,L1_BOUNDS
A3311101216225003,1687,residential_rate,0,effective_residential_rate,0,< 0.08,L1_BOUNDS
A3311101216225003,1688,residential_rate,0,effective_residential_rate,0,< 0.08,L1_BOUNDS
A3311200116225003,1700,residential_rate,0,effective_residential_rate,0,< 0.08,L1_BOUNDS
A3311200118225003,1703,residential_rate,0,effective_residential_rate,0,< 0.08,L1_BOUNDS
A3311200120225003,1706,residential_rate,0,effective_residential_rate,0,< 0.08,L1_BOUNDS
A3311200121225003,1708,residential_rate,0,effective_residential_rate,0,< 0.08,L1_BOUNDS
A3311200216225003,1715,residential_rate,0,effective_residential_rate,0,< 0.08,L1_BOUNDS
A3311200217225003,1717,residential_rate,0,effective_residential_rate,0,< 0.08,L1_BOUNDS
A3311200219225003,1720,residential_rate,0,effective_residential_rate,0,< 0.08,L1_BOUNDS
A3311200221225003,1723,residential_rate,0,effective_residential_rate,0,< 0.08,L1_BOUNDS
A3311200317225003,1731,residential_rate,0,effective_residential_rate,0,< 0.08,L1_BOUNDS
A3311200321225003,1736,residential_rate,0,effective_residential_rate,0,< 0.08,L1_BOUNDS
A3311200417225003,1744,residential_rate,0,effective_residential_rate,0,< 0.08,L1_BOUNDS
A3311200420225003,1748,residential_rate,0,effective_residential_rate,0,< 0.08,L1_BOUNDS
A3311200421225003,1750,residential_rate,0,effective_residential_rate,0,< 0.08,L1_BOUNDS
A3311200516225003,1757,residential_rate,0,effective_residential_rate,0,< 0.08,L1_BOUNDS
A3311200517225003,1759,residential_rate,0,effective_residential_rate,0,< 0.08,L1_BOUNDS
A3311200519225003,1762,residential_rate,0,effective_residential_rate,0,< 0.08,L1_BOUNDS
A3311200521225003,1765,residential_rate,0,effective_residential_rate,0,< 0.08,L1_BOUNDS
A3311200617225003,1774,residential_rate,0,effective_residential_rate,0,< 0.08,L1_BOUNDS
A3311200621225003,1779,residential_rate,0,effective_residential_rate,0,< 0.08,L1_BOUNDS
A3311200717225003,1787,residential_rate,0,effective_residential_rate,0,< 0.08,L1_BOUNDS
A3311200721225003,1792,residential_rate,0,effective_residential_rate,0,< 0.08,L1_BOUNDS
A3311200817225003,1800,residential_rate,0,effective_residential_rate,0,< 0.08,L1_BOUNDS
A3311200820225003,1804,residential_rate,0,effective_residential_rate,0,< 0.08,L1_BOUNDS
A3311200917225003,1813,residential_rate,0,effective_residential_rate,0,< 0.08,L1_BOUNDS
A3311200917225003,1814,residential_rate,0,effective_residential_rate,0,< 0.08,L1_BOUNDS
A3311200918225003,1816,residential_rate,0,effective_residential_rate,0,< 0.08,L1_BOUNDS
A3311201017225003,1827,residential_rate,0,effective_residential_rate,0,< 0.08,L1_BOUNDS
A3311201018225003,1829,residential_rate,0,effective_residential_rate,0,< 0.08,L1_BOUNDS
A3311201120225003,1844,residential_rate,0,effective_residential_rate,0,< 0.08,L1_BOUNDS
A3311201216225003,1852,residential_rate,0,effective_residential_rate,0,< 0.08,L1_BOUNDS
A3311300120225003,1866,residential_rate,0,effective_residential_rate,0,< 0.08,L1_BOUNDS
A3311300218225003,1874,residential_rate,0,effective_residential_rate,0,< 0.08,L1_BOUNDS
A3311300318225003,1884,residential_rate,0,effective_residential_rate,0,< 0.08,L1_BOUNDS
A3311300418225003,1894,residential_rate,0,effective_residential_rate,0,< 0.08,L1_BOUNDS
A3311300420225003,1897,residential_rate,0,effective_residential_rate,0,< 0.08,L1_BOUNDS
A3311300518225003,1905,residential_rate,0,effective_residential_rate,0,< 0.08,L1_BOUNDS
A3311300618225003,1915,residential_rate,0,effective_residential_rate,0,< 0.08,L1_BOUNDS
A3311300718225003,1926,residential_rate,0,effective_residential_rate,0,< 0.08,L1_BOUNDS
A3311300817225003,1936,residential_rate,0,effective_residential_rate,0,< 0.08,L1_BOUNDS
A3311300917225003,1947,residential_rate,0,effective_residential_rate,0,< 0.08,L1_BOUNDS
A3311300918225003,1949,residential_rate,0,effective_residential_rate,0,< 0.08,L1_BOUNDS
A3311400117225003,1989,residential_rate,0,effective_residential_rate,0,< 0.08,L1_BOUNDS
A3311400120225003,1993,residential_rate,0,effective_residential_rate,0,< 0.08,L1_BOUNDS
A3311400121225003,1995,residential_rate,0,effective_residential_rate,0,< 0.08,L1_BOUNDS
A3311400217225003,2002,residential_rate,0,effective_residential_rate,0,< 0.08,L1_BOUNDS
A3311400221225003,2007,residential_rate,0,effective_residential_rate,0,< 0.08,L1_BOUNDS
A3311400321225003,2018,residential_rate,0,effective_residential_rate,0,< 0.08,L1_BOUNDS
A3311400417225003,2025,residential_rate,0,effective_residential_rate,0,< 0.08,L1_BOUNDS
A3311400420225003,2029,residential_rate,0,effective_residential_rate,0,< 0.08,L1_BOUNDS
A3311400421225003,2031,residential_rate,0,effective_residential_rate,0,< 0.08,L1_BOUNDS
A3311400517225003,2039,residential_rate,0,effective_residential_rate,0,< 0.08,L1_BOUNDS
A3311400521225003,2044,residential_rate,0,effective_residential_rate,0,< 0.08,L1_BOUNDS
A3311400617225003,2052,residential_rate,0,effective_residential_rate,0,< 0.08,L1_BOUNDS
A3311400621225003,2057,residential_rate,0,effective_residential_rate,0,< 0.08,L1_BOUNDS
A3311400717225003,2065,residential_rate,0,effective_residential_rate,0,< 0.08,L1_BOUNDS
A3311400721225003,2070,residential_rate,0,effective_residential_rate,0,< 0.08,L1_BOUNDS
A3311400817225003,2078,residential_rate,0,effective_residential_rate,0,< 0.08,L1_BOUNDS
A3311400818225003,2080,residential_rate,0,effective_residential_rate,0,< 0.08,L1_BOUNDS
A3311400820225003,2083,residential_rate,0,effective_residential_rate,0,< 0.08,L1_BOUNDS
A3311400821225003,2085,residential_rate,0,effective_residential_rate,0,< 0.08,L1_BOUNDS
A3311400917225003,2093,residential_rate,0,effective_residential_rate,0,< 0.08,L1_BOUNDS
A3311400917225003,2094,residential_rate,0,effective_residential_rate,0,< 0.08,L1_BOUNDS
A3311400921225003,2099,residential_rate,0,effective_residential_rate,0,< 0.08,L1_BOUNDS
A3311401021225003,2111,residential_rate,0,effective_residential_rate,0,< 0.08,L1_BOUNDS
A3311401116225003,2118,residential_rate,0,effective_residential_rate,0,< 0.08,L1_BOUNDS
A3311401118225003,2121,residential_rate,0,effective_residential_rate,0,< 0.08,L1_BOUNDS
A3311401216225003,2131,residential_rate,0,effective_residential_rate,0,< 0.08,L1_BOUNDS
A3311500117225003,2143,residential_rate,0,effective_residential_rate,0,< 0.08,L1_BOUNDS
A3311500120225003,2147,residential_rate,0,effective_residential_rate,0,< 0.08,L1_BOUNDS
A3311500121225003,2149,residential_rate,0,effective_residential_rate,0,< 0.08,L1_BOUNDS
A3311500221225003,2160,residential_rate,0,effective_residential_rate,0,< 0.08,L1_BOUNDS
A3311500317225003,2167,residential_rate,0,effective_residential_rate,0,< 0.08,L1_BOUNDS
A3311500321225003,2172,residential_rate,0,effective_residential_rate,0,< 0.08,L1_BOUNDS
A3311500417225003,2179,residential_rate,0,effective_residential_rate,0,< 0.08,L1_BOUNDS
A3311500420225003,2183,residential_rate,0,effective_residential_rate,0,< 0.08,L1_BOUNDS
A3311500421225003,2185,residential_rate,0,effective_residential_rate,0,< 0.08,L1_BOUNDS
A3311500516225003,2192,residential_rate,0,effective_residential_rate,0,< 0.08,L1_BOUNDS
A3311500517225003,2194,residential_rate,0,effective_residential_rate,0,< 0.08,L1_BOUNDS
A3311500521225003,2199,residential_rate,0,effective_residential_rate,0,< 0.08,L1_BOUNDS
A3311500617225003,2207,residential_rate,0,effective_residential_rate,0,< 0.08,L1_BOUNDS
A3311500621225003,2212,residential_rate,0,effective_residential_rate,0,< 0.08,L1_BOUNDS
A3311500717225003,2220,residential_rate,0,effective_residential_rate,0,< 0.08,L1_BOUNDS
A3311500721225003,2225,residential_rate,0,effective_residential_rate,0,< 0.08,L1_BOUNDS
A3311500817225003,2233,residential_rate,0,effective_residential_rate,0,< 0.08,L1_BOUNDS
A3311500821225003,2238,residential_rate,0,effective_residential_rate,0,< 0.08,L1_BOUNDS
A3311500917225003,2246,residential_rate,0,effective_residential_rate,0,< 0.08,L1_BOUNDS
A3311500917225003,2247,residential_rate,0,effective_residential_rate,0,< 0.08,L1_BOUNDS
A3311500921225003,2252,residential_rate,0,effective_residential_rate,0,< 0.08,L1_BOUNDS
A3311501018225003,2261,residential_rate,0,effective_residential_rate,0,< 0.08,L1_BOUNDS
A3311501021225003,2265,residential_rate,0,effective_residential_rate,0,< 0.08,L1_BOUNDS
A3311550117225003,2294,residential_rate,0,effective_residential_rate,0,< 0.08,L1_BOUNDS
A3311550120225003,2298,residential_rate,0,effective_residential_rate,0,< 0.08,L1_BOUNDS
A3311550121225003,2300,residential_rate,0,effective_residential_rate,0,< 0.08,L1_BOUNDS
A3311550217225003,2307,residential_rate,0,effective_residential_rate,0,< 0.08,L1_BOUNDS
A3311550221225003,2312,residential_rate,0,effective_residential_rate,0,< 0.08,L1_BOUNDS
A3311550317225003,2319,residential_rate,0,effective_residential_rate,0,< 0.08,L1_BOUNDS
A3311550321225003,2324,residential_rate,0,effective_residential_rate,0,< 0.08,L1_BOUNDS
A3311550417225003,2331,residential_rate,0,effective_residential_rate,0,< 0.08,L1_BOUNDS
A3311550419225003,2334,residential_rate,0,effective_residential_rate,0,< 0.08,L1_BOUNDS
A3311550420225003,2336,residential_rate,0,effective_residential_rate,0,< 0.08,L1_BOUNDS
A3311550421225003,2338,residential_rate,0,effective_residential_rate,-1e-04,< 0.08,L1_BOUNDS
A3311550517225003,2346,residential_rate,0,effective_residential_rate,0,< 0.08,L1_BOUNDS
A3311550521225003,2351,residential_rate,0,effective_residential_rate,0,< 0.08,L1_BOUNDS
A3311550617225003,2359,residential_rate,0,effective_residential_rate,0,< 0.08,L1_BOUNDS
A3311550621225003,2364,residential_rate,0,effective_residential_rate,0,< 0.08,L1_BOUNDS
A3311550717225003,2372,residential_rate,0,effective_residential_rate,0,< 0.08,L1_BOUNDS
A3311550721225003,2377,residential_rate,0,effective_residential_rate,0,< 0.08,L1_BOUNDS
A3311550817225003,2385,residential_rate,0,effective_residential_rate,0,< 0.08,L1_BOUNDS
A3311550821225003,2390,residential_rate,0,effective_residential_rate,0,< 0.08,L1_BOUNDS
A3311550916225003,2397,residential_rate,0,effective_residential_rate,0,< 0.08,L1_BOUNDS
A3311550917225003,2399,residential_rate,0,effective_residential_rate,0,< 0.08,L1_BOUNDS
A3311550917225003,2400,residential_rate,0,effective_residential_rate,0,< 0.08,L1_BOUNDS
A3311550921225003,2405,residential_rate,0,effective_residential_rate,0,< 0.08,L1_BOUNDS
A3311551018225003,2414,residential_rate,0,effective_residential_rate,0,< 0.08,L1_BOUNDS
A3311551021225003,2418,residential_rate,0,effective_residential_rate,0,< 0.08,L1_BOUNDS
A3311551116225003,2425,residential_rate,0,effective_residential_rate,0,< 0.08,L1_BOUNDS
A3311551118225003,2428,residential_rate,0,effective_residential_rate,0,< 0.08,L1_BOUNDS
A3311600120225003,2452,residential_rate,0,effective_residential_rate,0,< 0.08,L1_BOUNDS
A3311600217225003,2460,residential_rate,0,effective_residential_rate,0,< 0.08,L1_BOUNDS
A3311600317225003,2472,residential_rate,0,effective_residential_rate,0,< 0.08,L1_BOUNDS
A3311600417225003,2483,residential_rate,0,effective_residential_rate,0,< 0.08,L1_BOUNDS
A3311600420225003,2487,residential_rate,0,effective_residential_rate,0,< 0.08,L1_BOUNDS
A3311600517225003,2496,residential_rate,0,effective_residential_rate,0,< 0.08,L1_BOUNDS
A3311600716225003,2518,residential_rate,0,effective_residential_rate,0,< 0.08,L1_BOUNDS
A3311600717225003,2520,residential_rate,0,effective_residential_rate,0,< 0.08,L1_BOUNDS
A3311600817225003,2532,residential_rate,0,effective_residential_rate,0,< 0.08,L1_BOUNDS
A3311600818225003,2534,residential_rate,0,effective_residential_rate,0,< 0.08,L1_BOUNDS
A3311601018225003,2558,residential_rate,0,effective_residential_rate,0,< 0.08,L1_BOUNDS
A3311601216225003,2580,residential_rate,0,effective_residential_rate,0,< 0.08,L1_BOUNDS
A3311700117225003,2592,residential_rate,0,effective_residential_rate,0,< 0.08,L1_BOUNDS
A3311700120225003,2596,residential_rate,0,effective_residential_rate,0,< 0.08,L1_BOUNDS
A3311700121225003,2598,residential_rate,0,effective_residential_rate,0,< 0.08,L1_BOUNDS
A3311700217225003,2605,residential_rate,0,effective_residential_rate,0,< 0.08,L1_BOUNDS
A3311700221225003,2610,residential_rate,0,effective_residential_rate,0,< 0.08,L1_BOUNDS
A3311700317225003,2618,residential_rate,0,effective_residential_rate,0,< 0.08,L1_BOUNDS
A3311700321225003,2623,residential_rate,0,effective_residential_rate,0,< 0.08,L1_BOUNDS
A3311700417225003,2630,residential_rate,0,effective_residential_rate,0,< 0.08,L1_BOUNDS
A3311700420225003,2634,residential_rate,0,effective_residential_rate,0,< 0.08,L1_BOUNDS
A3311700421225003,2636,residential_rate,0,effective_residential_rate,0,< 0.08,L1_BOUNDS
A3311700517225003,2644,residential_rate,0,effective_residential_rate,0,< 0.08,L1_BOUNDS
A3311700521225003,2649,residential_rate,0,effective_residential_rate,0,< 0.08,L1_BOUNDS
A3311700617225003,2657,residential_rate,0,effective_residential_rate,0,< 0.08,L1_BOUNDS
A3311700621225003,2662,residential_rate,0,effective_residential_rate,0,< 0.08,L1_BOUNDS
A3311700717225003,2670,residential_rate,0,effective_residential_rate,0,< 0.08,L1_BOUNDS
A3311700721225003,2675,residential_rate,0,effective_residential_rate,0,< 0.08,L1_BOUNDS
A3311700817225003,2683,residential_rate,0,effective_residential_rate,0,< 0.08,L1_BOUNDS
A3311700821225003,2688,residential_rate,0,effective_residential_rate,0,< 0.08,L1_BOUNDS
A3311700917225003,2696,residential_rate,0,effective_residential_rate,0,< 0.08,L1_BOUNDS
A3311700917225003,2697,residential_rate,0,effective_residential_rate,0,< 0.08,L1_BOUNDS
A3311700921225003,2702,residential_rate,0,effective_residential_rate,0,< 0.08,L1_BOUNDS
A3311701017225003,2710,residential_rate,0,effective_residential_rate,0,< 0.08,L1_BOUNDS
A3311701018225003,2712,residential_rate,0,effective_residential_rate,0,< 0.08,L1_BOUNDS
A3311701021225003,2716,residential_rate,0,effective_residential_rate,0,< 0.08,L1_BOUNDS
A3311701116225003,2723,residential_rate,0,effective_residential_rate,0,< 0.08,L1_BOUNDS
A3311701216225003,2735,residential_rate,0,effective_residential_rate,0,< 0.08,L1_BOUNDS
A3311800117225003,2747,residential_rate,0,effective_residential_rate,0,< 0.08,L1_BOUNDS
A3311800120225003,2751,residential_rate,0,effective_residential_rate,0,< 0.08,L1_BOUNDS
A3311800122225003,2754,residential_rate,0,effective_residential_rate,0,< 0.08,L1_BOUNDS
A3311800217225003,2760,residential_rate,0,effective_residential_rate,0,< 0.08,L1_BOUNDS
A3311800317225003,2772,residential_rate,0,effective_residential_rate,0,< 0.08,L1_BOUNDS
A3311800417225003,2783,residential_rate,0,effective_residential_rate,0,< 0.08,L1_BOUNDS
A3311800420225003,2787,residential_rate,0,effective_residential_rate,0,< 0.08,L1_BOUNDS
A3311800421225003,2789,residential_rate,0,effective_residential_rate,0,< 0.08,L1_BOUNDS
A3311800517225003,2798,residential_rate,0,effective_residential_rate,0,< 0.08,L1_BOUNDS
A3311800617225003,2810,residential_rate,0,effective_residential_rate,0,< 0.08,L1_BOUNDS
A3311800618225003,2811,residential_rate,0,effective_residential_rate,0,< 0.08,L1_BOUNDS
A3311800618225003,2812,residential_rate,0,effective_residential_rate,0,< 0.08,L1_BOUNDS
A3311800716225003,2823,residential_rate,0,effective_residential_rate,0,< 0.08,L1_BOUNDS
A3311800817225003,2836,residential_rate,0,effective_residential_rate,0,< 0.08,L1_BOUNDS
A3311800817225003,2837,residential_rate,0,effective_residential_rate,0,< 0.08,L1_BOUNDS
A3311800917225003,2849,residential_rate,0,effective_residential_rate,0,< 0.08,L1_BOUNDS
A3311800918225003,2851,residential_rate,0,effective_residential_rate,0,< 0.08,L1_BOUNDS
A3311800925225003,2860,residential_rate,0,effective_residential_rate,0,< 0.08,L1_BOUNDS
A3311801216225003,2886,residential_rate,0,effective_residential_rate,0,< 0.08,L1_BOUNDS
A3311801220225003,2891,residential_rate,0,effective_residential_rate,0,< 0.08,L1_BOUNDS
A3311900120225003,2902,residential_rate,0,effective_residential_rate,0,< 0.08,L1_BOUNDS
A3311900121225003,2904,residential_rate,0,effective_residential_rate,0,< 0.08,L1_BOUNDS
A3311900217225003,2911,residential_rate,0,effective_residential_rate,0,< 0.08,L1_BOUNDS
A3311900219225003,2914,residential_rate,0,effective_residential_rate,0,< 0.08,L1_BOUNDS
A3311900220225003,2916,residential_rate,0,effective_residential_rate,0,< 0.08,L1_BOUNDS
A3311900221225003,2918,residential_rate,0,effective_residential_rate,0,< 0.08,L1_BOUNDS
A3311900317225003,2926,residential_rate,0,effective_residential_rate,0,< 0.08,L1_BOUNDS
A3311900319225003,2929,residential_rate,0,effective_residential_rate,0,< 0.08,L1_BOUNDS
A3311900321225003,2932,residential_rate,0,effective_residential_rate,0,< 0.08,L1_BOUNDS
A3311900417225003,2939,residential_rate,0,effective_residential_rate,0,< 0.08,L1_BOUNDS
A3311900420225003,2943,residential_rate,0,effective_residential_rate,0,< 0.08,L1_BOUNDS
A3311900421225003,2945,residential_rate,0,effective_residential_rate,0,< 0.08,L1_BOUNDS
A3311900516225003,2952,residential_rate,0,effective_residential_rate,0,< 0.08,L1_BOUNDS
A3311900517225003,2954,residential_rate,0,effective_residential_rate,0,< 0.08,L1_BOUNDS
A3311900521225003,2959,residential_rate,0,effective_residential_rate,0,< 0.08,L1_BOUNDS
A3311900617225003,2968,residential_rate,0,effective_residential_rate,0,< 0.08,L1_BOUNDS
A3311900621225003,2973,residential_rate,0,effective_residential_rate,0,< 0.08,L1_BOUNDS
A3311900717225003,2982,residential_rate,0,effective_residential_rate,0,< 0.08,L1_BOUNDS
A3311900721225003,2987,residential_rate,0,effective_residential_rate,0,< 0.08,L1_BOUNDS
A3311900816225003,2995,residential_rate,0,effective_residential_rate,0,< 0.08,L1_BOUNDS
A3311900817225003,2997,residential_rate,0,effective_residential_rate,0,< 0.08,L1_BOUNDS
A3311900821225003,3002,residential_rate,0,effective_residential_rate,0,< 0.08,L1_BOUNDS
A3311900917225003,3011,residential_rate,0,effective_residential_rate,0,< 0.08,L1_BOUNDS
A3311900917225003,3012,residential_rate,0,effective_residential_rate,0,< 0.08,L1_BOUNDS
A3311901018225003,3025,residential_rate,0,effective_residential_rate,0,< 0.08,L1_BOUNDS
A3311901116225003,3035,residential_rate,0,effective_residential_rate,0,< 0.08,L1_BOUNDS
A3311901118225003,3038,residential_rate,0,effective_residential_rate,0,< 0.08,L1_BOUNDS
A3311950117225003,3059,residential_rate,0,effective_residential_rate,0,< 0.08,L1_BOUNDS
A3311950120225003,3063,residential_rate,0,effective_residential_rate,0,< 0.08,L1_BOUNDS
A3311950217225003,3071,residential_rate,0,effective_residential_rate,0,< 0.08,L1_BOUNDS
A3311950317225003,3082,residential_rate,0,effective_residential_rate,0,< 0.08,L1_BOUNDS
A3311950517225003,3103,residential_rate,0,effective_residential_rate,0,< 0.08,L1_BOUNDS
A3311950617225003,3115,residential_rate,0,effective_residential_rate,0,< 0.08,L1_BOUNDS
A3311950717225003,3127,residential_rate,0,effective_residential_rate,0,< 0.08,L1_BOUNDS
A3311950720225003,3131,residential_rate,0,effective_residential_rate,0,< 0.08,L1_BOUNDS
A3311950817225003,3140,residential_rate,0,effective_residential_rate,0,< 0.08,L1_BOUNDS
A3311951216225003,3184,residential_rate,0,effective_residential_rate,0,< 0.08,L1_BOUNDS
A3312000117225003,3198,residential_rate,0,effective_residential_rate,0,< 0.08,L1_BOUNDS
A3312000120225003,3202,residential_rate,0,effective_residential_rate,0,< 0.08,L1_BOUNDS
A3312000217225003,3210,residential_rate,0,effective_residential_rate,0,< 0.08,L1_BOUNDS
A3312000219225003,3213,residential_rate,0,effective_residential_rate,0,< 0.08,L1_BOUNDS
A3312000317225003,3222,residential_rate,0,effective_residential_rate,0,< 0.08,L1_BOUNDS
A3312000420225003,3236,residential_rate,0,effective_residential_rate,0,< 0.08,L1_BOUNDS
A3312000516225003,3244,residential_rate,0,effective_residential_rate,0,< 0.08,L1_BOUNDS
A3312000716225003,3267,residential_rate,0,effective_residential_rate,0,< 0.08,L1_BOUNDS
A3312000817225003,3281,residential_rate,0,effective_residential_rate,0,< 0.08,L1_BOUNDS
A3312000821225003,3286,residential_rate,0,effective_residential_rate,0,< 0.08,L1_BOUNDS
A3312001018225003,3306,residential_rate,0,effective_residential_rate,0,< 0.08,L1_BOUNDS
A3312001216225003,3328,residential_rate,0,effective_residential_rate,0,< 0.08,L1_BOUNDS
A3312100117225003,3340,residential_rate,0,effective_residential_rate,0,< 0.08,L1_BOUNDS
A3312100120225003,3344,residential_rate,0,effective_residential_rate,0,< 0.08,L1_BOUNDS
A3312100121225003,3346,residential_rate,0,effective_residential_rate,0,< 0.08,L1_BOUNDS
A3312100217225003,3353,residential_rate,0,effective_residential_rate,0,< 0.08,L1_BOUNDS
A3312100221225003,3358,residential_rate,0,effective_residential_rate,0,< 0.08,L1_BOUNDS
A3312100317225003,3365,residential_rate,0,effective_residential_rate,0,< 0.08,L1_BOUNDS
A3312100321225003,3370,residential_rate,0,effective_residential_rate,0,< 0.08,L1_BOUNDS
A3312100417225003,3377,residential_rate,0,effective_residential_rate,0,< 0.08,L1_BOUNDS
A3312100420225003,3381,residential_rate,0,effective_residential_rate,0,< 0.08,L1_BOUNDS
A3312100421225003,3383,residential_rate,0,effective_residential_rate,0,< 0.08,L1_BOUNDS
A3312100517225003,3391,residential_rate,0,effective_residential_rate,0,< 0.08,L1_BOUNDS
A3312100517225003,3392,residential_rate,0,effective_residential_rate,0,< 0.08,L1_BOUNDS
A3312100521225003,3397,residential_rate,0,effective_residential_rate,0,< 0.08,L1_BOUNDS
A3312100617225003,3405,residential_rate,0,effective_residential_rate,0,< 0.08,L1_BOUNDS
A3312100617225003,3406,residential_rate,0,effective_residential_rate,0,< 0.08,L1_BOUNDS
A3312100621225003,3411,residential_rate,0,effective_residential_rate,0,< 0.08,L1_BOUNDS
A3312100717225003,3419,residential_rate,0,effective_residential_rate,0,< 0.08,L1_BOUNDS
A3312100721225003,3424,residential_rate,0,effective_residential_rate,0,< 0.08,L1_BOUNDS
A3312100817225003,3432,residential_rate,0,effective_residential_rate,0,< 0.08,L1_BOUNDS
A3312100821225003,3437,residential_rate,0,effective_residential_rate,0,< 0.08,L1_BOUNDS
A3312100917225003,3445,residential_rate,0,effective_residential_rate,0,< 0.08,L1_BOUNDS
A3312100917225003,3446,residential_rate,0,effective_residential_rate,0,< 0.08,L1_BOUNDS
A3312100921225003,3451,residential_rate,0,effective_residential_rate,0,< 0.08,L1_BOUNDS
A3312101018225003,3460,residential_rate,0,effective_residential_rate,0,< 0.08,L1_BOUNDS
A3312101021225003,3464,residential_rate,0,effective_residential_rate,0,< 0.08,L1_BOUNDS
A3312101118225003,3473,residential_rate,0,effective_residential_rate,0,< 0.08,L1_BOUNDS
A3312200120225003,3497,residential_rate,0,effective_residential_rate,0,< 0.08,L1_BOUNDS
A3312200217225003,3505,residential_rate,0,effective_residential_rate,0,< 0.08,L1_BOUNDS
A3312200218225003,3507,residential_rate,0,effective_residential_rate,0,< 0.08,L1_BOUNDS
A3312200219225003,3509,residential_rate,0,effective_residential_rate,0,< 0.08,L1_BOUNDS
A3312200317225003,3518,residential_rate,0,effective_residential_rate,0,< 0.08,L1_BOUNDS
A3312200317225003,3519,residential_rate,0,effective_residential_rate,0,< 0.08,L1_BOUNDS
A3312200319225003,3522,residential_rate,0,effective_residential_rate,0,< 0.08,L1_BOUNDS
A3312200321225003,3525,residential_rate,0,effective_residential_rate,0,< 0.08,L1_BOUNDS
A3312200417225003,3532,residential_rate,0,effective_residential_rate,0,< 0.08,L1_BOUNDS
A3312200418225003,3534,residential_rate,0,effective_residential_rate,0,< 0.08,L1_BOUNDS
A3312200420225003,3537,residential_rate,0,effective_residential_rate,0,< 0.08,L1_BOUNDS
A3312200516225003,3545,residential_rate,0,effective_residential_rate,0,< 0.08,L1_BOUNDS
A3312200519225003,3549,residential_rate,0,effective_residential_rate,0,< 0.08,L1_BOUNDS
A3312200520225003,3551,residential_rate,0,effective_residential_rate,0,< 0.08,L1_BOUNDS
A3312200616225003,3560,residential_rate,0,effective_residential_rate,0,< 0.08,L1_BOUNDS
A3312200619225003,3564,residential_rate,0,effective_residential_rate,0,< 0.08,L1_BOUNDS
A3312200621225003,3567,residential_rate,0,effective_residential_rate,0,< 0.08,L1_BOUNDS
A3312200716225003,3574,residential_rate,0,effective_residential_rate,0,< 0.08,L1_BOUNDS
A3312200717225003,3576,residential_rate,0,effective_residential_rate,0,< 0.08,L1_BOUNDS
A3312200719225003,3579,residential_rate,0,effective_residential_rate,0,< 0.08,L1_BOUNDS
A3312200817225003,3589,residential_rate,0,effective_residential_rate,0,< 0.08,L1_BOUNDS
A3312200818225003,3591,residential_rate,0,effective_residential_rate,0,< 0.08,L1_BOUNDS
A3312200820225003,3594,residential_rate,0,effective_residential_rate,0,< 0.08,L1_BOUNDS
A3312200917225003,3603,residential_rate,0,effective_residential_rate,0,< 0.08,L1_BOUNDS
A3312200917225003,3604,residential_rate,0,effective_residential_rate,0,< 0.08,L1_BOUNDS
A3312201018225003,3618,residential_rate,0,effective_residential_rate,0,< 0.08,L1_BOUNDS
A3312201118225003,3631,residential_rate,0,effective_residential_rate,0,< 0.08,L1_BOUNDS
A3312300120225003,3658,residential_rate,0,effective_residential_rate,0,< 0.08,L1_BOUNDS
A3312300121225003,3660,residential_rate,0,effective_residential_rate,0,< 0.08,L1_BOUNDS
A3312300217225003,3667,residential_rate,0,effective_residential_rate,0,< 0.08,L1_BOUNDS
A3312300221225003,3672,residential_rate,0,effective_residential_rate,0,< 0.08,L1_BOUNDS
A3312300321225003,3684,residential_rate,0,effective_residential_rate,0,< 0.08,L1_BOUNDS
A3312300417225003,3691,residential_rate,0,effective_residential_rate,0,< 0.08,L1_BOUNDS
A3312300420225003,3695,residential_rate,0,effective_residential_rate,0,< 0.08,L1_BOUNDS
A3312300421225003,3697,residential_rate,0,effective_residential_rate,0,< 0.08,L1_BOUNDS
A3312300517225003,3705,residential_rate,0,effective_residential_rate,0,< 0.08,L1_BOUNDS
A3312300521225003,3710,residential_rate,0,effective_residential_rate,0,< 0.08,L1_BOUNDS
A3312300621225003,3722,residential_rate,0,effective_residential_rate,0,< 0.08,L1_BOUNDS
A3312300717225003,3730,residential_rate,0,effective_residential_rate,0,< 0.08,L1_BOUNDS
A3312300721225003,3735,residential_rate,0,effective_residential_rate,0,< 0.08,L1_BOUNDS
A3312300817225003,3743,residential_rate,0,effective_residential_rate,0,< 0.08,L1_BOUNDS
A3312300821225003,3748,residential_rate,0,effective_residential_rate,0,< 0.08,L1_BOUNDS
A3312300917225003,3756,residential_rate,0,effective_residential_rate,0,< 0.08,L1_BOUNDS
A3312300921225003,3761,residential_rate,0,effective_residential_rate,0,< 0.08,L1_BOUNDS
A3312301018225003,3770,residential_rate,0,effective_residential_rate,0,< 0.08,L1_BOUNDS
A3312301021225003,3774,residential_rate,0,effective_residential_rate,0,< 0.08,L1_BOUNDS
A3312301118225003,3783,residential_rate,0,effective_residential_rate,0,< 0.08,L1_BOUNDS
A3312400125225003,3831,residential_rate,0,effective_residential_rate,0,< 0.08,L1_BOUNDS
A3312400325225003,3892,residential_rate,0,effective_residential_rate,0,< 0.08,L1_BOUNDS
A3312400425225003,3923,residential_rate,0,effective_residential_rate,0,< 0.08,L1_BOUNDS
A3312400426225003,3926,residential_rate,0,effective_residential_rate,0,< 0.08,L1_BOUNDS
A3312400521225003,3945,residential_rate,0,effective_residential_rate,0,< 0.08,L1_BOUNDS
A3312400525225003,3955,residential_rate,0,effective_residential_rate,0,< 0.08,L1_BOUNDS
A3312400526225003,3958,residential_rate,0,effective_residential_rate,0,< 0.08,L1_BOUNDS
A3312400823225003,4042,residential_rate,0,effective_residential_rate,0,< 0.08,L1_BOUNDS
A3312400825225003,4047,residential_rate,0,effective_residential_rate,0,< 0.08,L1_BOUNDS
A3312400826225003,4050,residential_rate,0,effective_residential_rate,0,< 0.08,L1_BOUNDS
A3312400926225003,4081,residential_rate,0,effective_residential_rate,0,< 0.08,L1_BOUNDS
A3312401125225003,4139,residential_rate,0,effective_residential_rate,0,< 0.08,L1_BOUNDS
A3312401126225003,4142,residential_rate,0,effective_residential_rate,0,< 0.08,L1_BOUNDS
A3312500125225003,4198,residential_rate,0,effective_residential_rate,0,< 0.08,L1_BOUNDS
A3312500323225003,4252,residential_rate,0.8399,effective_residential_rate,-0.1601,< 0.08,L1_BOUNDS
A3312500323225003,4253,residential_rate,0.8399,effective_residential_rate,-0.1601,< 0.08,L1_BOUNDS
A3312500325225003,4259,residential_rate,0,effective_residential_rate,0,< 0.08,L1_BOUNDS
A3312500423225003,4283,residential_rate,0.8399,effective_residential_rate,0.0759,< 0.08,L1_BOUNDS
A3312500521225003,4310,residential_rate,0,effective_residential_rate,0,< 0.08,L1_BOUNDS
A3312500526225003,4322,residential_rate,0,effective_residential_rate,0,< 0.08,L1_BOUNDS
A3312500726225003,4383,residential_rate,0,effective_residential_rate,0,< 0.08,L1_BOUNDS
A3312500823225003,4407,residential_rate,0,effective_residential_rate,0,< 0.08,L1_BOUNDS
A3312500825225003,4412,residential_rate,0,effective_residential_rate,0,< 0.08,L1_BOUNDS
A3312501026225003,4472,residential_rate,0,effective_residential_rate,0,< 0.08,L1_BOUNDS
A3312501223225003,4524,residential_rate,0.858,effective_residential_rate,-0.142,< 0.08,L1_BOUNDS
A3312501223225003,4525,residential_rate,0.858,effective_residential_rate,-0.142,< 0.08,L1_BOUNDS
A3312600120225003,4545,residential_rate,0,effective_residential_rate,0,< 0.08,L1_BOUNDS
A3312600125225003,4559,residential_rate,0,effective_residential_rate,0,< 0.08,L1_BOUNDS
A3312600325225003,4620,residential_rate,0,effective_residential_rate,0,< 0.08,L1_BOUNDS
A3312600426225003,4653,residential_rate,0,effective_residential_rate,0,< 0.08,L1_BOUNDS
A3312600521225003,4672,residential_rate,0,effective_residential_rate,0,< 0.08,L1_BOUNDS
A3312600525225003,4682,residential_rate,0,effective_residential_rate,0,< 0.08,L1_BOUNDS
A3312600526225003,4685,residential_rate,0,effective_residential_rate,0,< 0.08,L1_BOUNDS
A3312600726225003,4745,residential_rate,0,effective_residential_rate,0,< 0.08,L1_BOUNDS
A3312600826225003,4776,residential_rate,0,effective_residential_rate,0,< 0.08,L1_BOUNDS
A3312600926225003,4807,residential_rate,0,effective_residential_rate,0,< 0.08,L1_BOUNDS
A3312601125225003,4865,residential_rate,0,effective_residential_rate,0,< 0.08,L1_BOUNDS
A3312601126225003,4868,residential_rate,0,effective_residential_rate,0,< 0.08,L1_BOUNDS
A3312700125225003,4924,residential_rate,0,effective_residential_rate,0,< 0.08,L1_BOUNDS
A3312700325225003,4985,residential_rate,0,effective_residential_rate,0,< 0.08,L1_BOUNDS
A3312700426225003,5018,residential_rate,0,effective_residential_rate,0,< 0.08,L1_BOUNDS
A3312700521225003,5037,residential_rate,0,effective_residential_rate,0,< 0.08,L1_BOUNDS
A3312700526225003,5049,residential_rate,0,effective_residential_rate,0,< 0.08,L1_BOUNDS
A3312700723225003,5103,residential_rate,0,effective_residential_rate,0,< 0.08,L1_BOUNDS
A3312700823225003,5133,residential_rate,0,effective_residential_rate,0,< 0.08,L1_BOUNDS
A3312700924225003,5166,residential_rate,0,effective_residential_rate,0,< 0.08,L1_BOUNDS
A3312701026225003,5201,residential_rate,0,effective_residential_rate,0,< 0.08,L1_BOUNDS
A3312800125225003,5286,residential_rate,0,effective_residential_rate,0,< 0.08,L1_BOUNDS
A3312800226225003,5319,residential_rate,0,effective_residential_rate,0,< 0.08,L1_BOUNDS
A3312800325225003,5348,residential_rate,0,effective_residential_rate,0,< 0.08,L1_BOUNDS
A3312800425225003,5379,residential_rate,0,effective_residential_rate,0,< 0.08,L1_BOUNDS
A3312800521225003,5400,residential_rate,0,effective_residential_rate,0,< 0.08,L1_BOUNDS
A3312800525225003,5410,residential_rate,0,effective_residential_rate,0,< 0.08,L1_BOUNDS
A3312800526225003,5413,residential_rate,0,effective_residential_rate,0,< 0.08,L1_BOUNDS
A3312800723225003,5467,residential_rate,0,effective_residential_rate,0,< 0.08,L1_BOUNDS
A3312800725225003,5472,residential_rate,0,effective_residential_rate,0,< 0.08,L1_BOUNDS
A3312800726225003,5475,residential_rate,0,effective_residential_rate,0,< 0.08,L1_BOUNDS
A3312900120225003,5637,residential_rate,0,effective_residential_rate,0,< 0.08,L1_BOUNDS
A3312900125225003,5651,residential_rate,0,effective_residential_rate,0,< 0.08,L1_BOUNDS
A3312900325225003,5712,residential_rate,0,effective_residential_rate,0,< 0.08,L1_BOUNDS
A3312900425225003,5743,residential_rate,0,effective_residential_rate,0,< 0.08,L1_BOUNDS
A3312900521225003,5764,residential_rate,0,effective_residential_rate,0,< 0.08,L1_BOUNDS
A3312900526225003,5776,residential_rate,0,effective_residential_rate,0,< 0.08,L1_BOUNDS
A3312900624225003,5803,residential_rate,0,effective_residential_rate,0,< 0.08,L1_BOUNDS
A3312900625225003,5806,residential_rate,0,effective_residential_rate,0,< 0.08,L1_BOUNDS
A3312900723225003,5832,residential_rate,0,effective_residential_rate,0,< 0.08,L1_BOUNDS
A3312900726225003,5839,residential_rate,0,effective_residential_rate,0,< 0.08,L1_BOUNDS
A3312901026225003,5929,residential_rate,0,effective_residential_rate,0,< 0.08,L1_BOUNDS
A3312901225225003,5986,residential_rate,0,effective_residential_rate,0,< 0.08,L1_BOUNDS
A3313000125225003,6015,residential_rate,0,effective_residential_rate,0,< 0.08,L1_BOUNDS
A3313000325225003,6076,residential_rate,0,effective_residential_rate,0,< 0.08,L1_BOUNDS
A3313000419225003,6091,residential_rate,0,effective_residential_rate,0,< 0.08,L1_BOUNDS
A3313000521225003,6128,residential_rate,0,effective_residential_rate,0,< 0.08,L1_BOUNDS
A3313000526225003,6140,residential_rate,0,effective_residential_rate,0,< 0.08,L1_BOUNDS
A3313000526225003,6141,residential_rate,0,effective_residential_rate,0,< 0.08,L1_BOUNDS
A3313000723225003,6195,residential_rate,0,effective_residential_rate,0,< 0.08,L1_BOUNDS
A3313000726225003,6202,residential_rate,0,effective_residential_rate,0,< 0.08,L1_BOUNDS
A3313000823225003,6226,residential_rate,0,effective_residential_rate,0,< 0.08,L1_BOUNDS
A3313100125225003,6377,residential_rate,0,effective_residential_rate,0,< 0.08,L1_BOUNDS
A3313100125225003,6378,residential_rate,0.01,effective_residential_rate,0.01,< 0.08,L1_BOUNDS
A3313100325225003,6439,residential_rate,0,effective_residential_rate,0,< 0.08,L1_BOUNDS
A3313100419225003,6454,residential_rate,0,effective_residential_rate,0,< 0.08,L1_BOUNDS
A3313100521225003,6491,residential_rate,0,effective_residential_rate,0,< 0.08,L1_BOUNDS
A3313100526225003,6503,residential_rate,0,effective_residential_rate,0,< 0.08,L1_BOUNDS
A3313100723225003,6557,residential_rate,0,effective_residential_rate,0,< 0.08,L1_BOUNDS
A3313100726225003,6564,residential_rate,0,effective_residential_rate,0,< 0.08,L1_BOUNDS
A3313100823225003,6588,residential_rate,0,effective_residential_rate,0,< 0.08,L1_BOUNDS
A3313100825225003,6593,residential_rate,0,effective_residential_rate,0,< 0.08,L1_BOUNDS
A3313101026225003,6656,residential_rate,0,effective_residential_rate,0,< 0.08,L1_BOUNDS
A3313200125225003,6743,residential_rate,0,effective_residential_rate,0,< 0.08,L1_BOUNDS
A3313200325225003,6804,residential_rate,0,effective_residential_rate,0,< 0.08,L1_BOUNDS
A3313200425225003,6835,residential_rate,0,effective_residential_rate,0,< 0.08,L1_BOUNDS
A3313200521225003,6856,residential_rate,0,effective_residential_rate,0,< 0.08,L1_BOUNDS
A3313200524225003,6864,residential_rate,0,effective_residential_rate,0,< 0.08,L1_BOUNDS
A3313200526225003,6869,residential_rate,0,effective_residential_rate,0,< 0.08,L1_BOUNDS
A3313200624225003,6896,residential_rate,0,effective_residential_rate,0,< 0.08,L1_BOUNDS
A3313200723225003,6924,residential_rate,0,effective_residential_rate,0,< 0.08,L1_BOUNDS
A3313200726225003,6931,residential_rate,0,effective_residential_rate,0,< 0.08,L1_BOUNDS
A3313200823225003,6955,residential_rate,0,effective_residential_rate,0,< 0.08,L1_BOUNDS
A3313200924225003,6988,residential_rate,0,effective_residential_rate,0,< 0.08,L1_BOUNDS
A3313201026225003,7023,residential_rate,0,effective_residential_rate,0,< 0.08,L1_BOUNDS
A3313201118225003,7033,residential_rate,0,effective_residential_rate,0,< 0.08,L1_BOUNDS
A3313201225225003,7082,residential_rate,0,effective_residential_rate,0,< 0.08,L1_BOUNDS
A3313300120225003,7098,residential_rate,0,effective_residential_rate,0,< 0.08,L1_BOUNDS
A3313300125225003,7112,residential_rate,0,effective_residential_rate,0,< 0.08,L1_BOUNDS
A3313300125225003,7113,residential_rate,0,effective_residential_rate,0,< 0.08,L1_BOUNDS
A3313300325225003,7174,residential_rate,0,effective_residential_rate,0,< 0.08,L1_BOUNDS
A3313300521225003,7225,residential_rate,0,effective_residential_rate,0,< 0.08,L1_BOUNDS
A3313300525225003,7235,residential_rate,0,effective_residential_rate,0,< 0.08,L1_BOUNDS
A3313300526225003,7238,residential_rate,0,effective_residential_rate,0,< 0.08,L1_BOUNDS
A3313300625225003,7267,residential_rate,0,effective_residential_rate,0,< 0.08,L1_BOUNDS
A3313300723225003,7293,residential_rate,0,effective_residential_rate,0,< 0.08,L1_BOUNDS
A3313300726225003,7300,residential_rate,0,effective_residential_rate,0,< 0.08,L1_BOUNDS
A3313300823225003,7324,residential_rate,0,effective_residential_rate,0,< 0.08,L1_BOUNDS
A3313301026225003,7391,residential_rate,0,effective_residential_rate,0,< 0.08,L1_BOUNDS
A3313400125225003,7477,residential_rate,0,effective_residential_rate,0,< 0.08,L1_BOUNDS
A3313400325225003,7538,residential_rate,0,effective_residential_rate,0,< 0.08,L1_BOUNDS
A3313400419225003,7553,residential_rate,0,effective_residential_rate,0,< 0.08,L1_BOUNDS
A3313400426225003,7572,residential_rate,0,effective_residential_rate,0,< 0.08,L1_BOUNDS
A3313400521225003,7591,residential_rate,0,effective_residential_rate,0,< 0.08,L1_BOUNDS
A3313400526225003,7603,residential_rate,0,effective_residential_rate,0,< 0.08,L1_BOUNDS
A3313400723225003,7657,residential_rate,0,effective_residential_rate,0,< 0.08,L1_BOUNDS
A3313400926225003,7724,residential_rate,0,effective_residential_rate,0,< 0.08,L1_BOUNDS
A3313401126225003,7785,residential_rate,0,effective_residential_rate,0,< 0.08,L1_BOUNDS
A3313500125225003,7841,residential_rate,0,effective_residential_rate,0,< 0.08,L1_BOUNDS
A3313500325225003,7902,residential_rate,0,effective_residential_rate,0,< 0.08,L1_BOUNDS
A3313500521225003,7953,residential_rate,0,effective_residential_rate,0,< 0.08,L1_BOUNDS
A3313500624225003,7991,residential_rate,0,effective_residential_rate,0,< 0.08,L1_BOUNDS
A3313500723225003,8019,residential_rate,0,effective_residential_rate,0,< 0.08,L1_BOUNDS
A3313500724225003,8022,residential_rate,0,effective_residential_rate,0,< 0.08,L1_BOUNDS
A3313500726225003,8027,residential_rate,0,effective_residential_rate,0,< 0.08,L1_BOUNDS
A3313500823225003,8051,residential_rate,0,effective_residential_rate,0,< 0.08,L1_BOUNDS
A3313500825225003,8056,residential_rate,0,effective_residential_rate,0,< 0.08,L1_BOUNDS
A3313500926225003,8089,residential_rate,0,effective_residential_rate,0,< 0.08,L1_BOUNDS
A3313501026225003,8120,residential_rate,0,effective_residential_rate,0,< 0.08,L1_BOUNDS
A3313501126225003,8151,residential_rate,0,effective_residential_rate,0,< 0.08,L1_BOUNDS
A3313600125225003,8207,residential_rate,0,effective_residential_rate,0,< 0.08,L1_BOUNDS
A3313600325225003,8268,residential_rate,0,effective_residential_rate,0,< 0.08,L1_BOUNDS
A3313600521225003,8319,residential_rate,0,effective_residential_rate,0,< 0.08,L1_BOUNDS
A3313600525225003,8329,residential_rate,0,effective_residential_rate,0,< 0.08,L1_BOUNDS
A3313600526225003,8332,residential_rate,0,effective_residential_rate,0,< 0.08,L1_BOUNDS
A3313600625225003,8361,residential_rate,0,effective_residential_rate,0,< 0.08,L1_BOUNDS
A3313600723225003,8387,residential_rate,0,effective_residential_rate,0,< 0.08,L1_BOUNDS
A3313600726225003,8394,residential_rate,0,effective_residential_rate,0,< 0.08,L1_BOUNDS
A3313600925225003,8453,residential_rate,0,effective_residential_rate,0,< 0.08,L1_BOUNDS
A3313601026225003,8486,residential_rate,0,effective_residential_rate,0,< 0.08,L1_BOUNDS
A3313601125225003,8515,residential_rate,0,effective_residential_rate,0,< 0.08,L1_BOUNDS
A3313601225225003,8545,residential_rate,0,effective_residential_rate,0,< 0.08,L1_BOUNDS
A3313700125225003,8574,residential_rate,0,effective_residential_rate,0,< 0.08,L1_BOUNDS
A3313700220225003,8592,residential_rate,0,effective_residential_rate,0,< 0.08,L1_BOUNDS
A3313700325225003,8636,residential_rate,0,effective_residential_rate,0,< 0.08,L1_BOUNDS
A3313700425225003,8666,residential_rate,0,effective_residential_rate,0,< 0.08,L1_BOUNDS
A3313700521225003,8687,residential_rate,0,effective_residential_rate,0,< 0.08,L1_BOUNDS
A3313700525225003,8697,residential_rate,0,effective_residential_rate,0,< 0.08,L1_BOUNDS
A3313700625225003,8728,residential_rate,0,effective_residential_rate,0,< 0.08,L1_BOUNDS
A3313700723225003,8754,residential_rate,0,effective_residential_rate,0,< 0.08,L1_BOUNDS
A3313700726225003,8761,residential_rate,0,effective_residential_rate,0,< 0.08,L1_BOUNDS
A3313701126225003,8881,residential_rate,0,effective_residential_rate,0,< 0.08,L1_BOUNDS
A3313701225225003,8909,residential_rate,0,effective_residential_rate,0,< 0.08,L1_BOUNDS
A3313800125225003,8938,residential_rate,0,effective_residential_rate,0,< 0.08,L1_BOUNDS
A3313800521225003,9049,residential_rate,0,effective_residential_rate,0,< 0.08,L1_BOUNDS
A3313800723225003,9114,residential_rate,0,effective_residential_rate,0,< 0.08,L1_BOUNDS
A3313800726225003,9121,residential_rate,0,effective_residential_rate,0,< 0.08,L1_BOUNDS
A3313800823225003,9145,residential_rate,0,effective_residential_rate,0,< 0.08,L1_BOUNDS
A3313800825225003,9150,residential_rate,0,effective_residential_rate,0,< 0.08,L1_BOUNDS
A3313801219225003,9254,residential_rate,0,effective_residential_rate,0,< 0.08,L1_BOUNDS
A3313900125225003,9298,residential_rate,0,effective_residential_rate,0,< 0.08,L1_BOUNDS
A3313900325225003,9358,residential_rate,0,effective_residential_rate,0,< 0.08,L1_BOUNDS
A3313900521225003,9409,residential_rate,0,effective_residential_rate,0,< 0.08,L1_BOUNDS
A3313900526225003,9421,residential_rate,0,effective_residential_rate,0,< 0.08,L1_BOUNDS
A3313900723225003,9475,residential_rate,0,effective_residential_rate,0,< 0.08,L1_BOUNDS
A3313900726225003,9482,residential_rate,0,effective_residential_rate,0,< 0.08,L1_BOUNDS
A3313901026225003,9573,residential_rate,0,effective_residential_rate,0,< 0.08,L1_BOUNDS
A3313901125225003,9602,residential_rate,0,effective_residential_rate,0,< 0.08,L1_BOUNDS
A3314000125225003,9660,residential_rate,0,effective_residential_rate,0,< 0.08,L1_BOUNDS
A3314000325225003,9721,residential_rate,0,effective_residential_rate,0,< 0.08,L1_BOUNDS
A3314000521225003,9772,residential_rate,0,effective_residential_rate,0,< 0.08,L1_BOUNDS
A3314000525225003,9782,residential_rate,0,effective_residential_rate,0,< 0.08,L1_BOUNDS
A3314000526225003,9785,residential_rate,0,effective_residential_rate,0,< 0.08,L1_BOUNDS
A3314000723225003,9839,residential_rate,0,effective_residential_rate,0,< 0.08,L1_BOUNDS
A3314000726225003,9846,residential_rate,0,effective_residential_rate,0,< 0.08,L1_BOUNDS
A3314001026225003,9937,residential_rate,0,effective_residential_rate,0,< 0.08,L1_BOUNDS
A3314001125225003,9965,residential_rate,0,effective_residential_rate,0,< 0.08,L1_BOUNDS
A3314100125225003,10023,residential_rate,0,effective_residential_rate,0,< 0.08,L1_BOUNDS
A3314100224225003,10052,residential_rate,0,effective_residential_rate,0,< 0.08,L1_BOUNDS
A3314100323225003,10078,residential_rate,0.8046,effective_residential_rate,-0.1954,< 0.08,L1_BOUNDS
A3314100323225003,10079,residential_rate,0.8046,effective_residential_rate,-0.1954,< 0.08,L1_BOUNDS
A3314100325225003,10085,residential_rate,0,effective_residential_rate,0,< 0.08,L1_BOUNDS
A3314100426225003,10118,residential_rate,0,effective_residential_rate,0,< 0.08,L1_BOUNDS
A3314100521225003,10137,residential_rate,0,effective_residential_rate,0,< 0.08,L1_BOUNDS
A3314100526225003,10149,residential_rate,0,effective_residential_rate,0,< 0.08,L1_BOUNDS
A3314100723225003,10203,residential_rate,0,effective_residential_rate,0,< 0.08,L1_BOUNDS
A3314100724225003,10206,residential_rate,0,effective_residential_rate,0,< 0.08,L1_BOUNDS
A3314100823225003,10234,residential_rate,0,effective_residential_rate,0,< 0.08,L1_BOUNDS
A3314100826225003,10241,residential_rate,0,effective_residential_rate,0,< 0.08,L1_BOUNDS
A3314100926225003,10272,residential_rate,0,effective_residential_rate,0,< 0.08,L1_BOUNDS
A3314101026225003,10303,residential_rate,0,effective_residential_rate,0,< 0.08,L1_BOUNDS
A3314101124225003,10330,residential_rate,0,effective_residential_rate,0,< 0.08,L1_BOUNDS
A3314101126225003,10335,residential_rate,0,effective_residential_rate,0,< 0.08,L1_BOUNDS
A3314200120225003,10378,residential_rate,0,effective_residential_rate,0,< 0.08,L1_BOUNDS
A3314200125225003,10392,residential_rate,0,effective_residential_rate,0,< 0.08,L1_BOUNDS
A3314200125225003,10393,residential_rate,0,effective_residential_rate,0,< 0.08,L1_BOUNDS
A3314200325225003,10454,residential_rate,0,effective_residential_rate,0,< 0.08,L1_BOUNDS
A3314200425225003,10485,residential_rate,0,effective_residential_rate,0,< 0.08,L1_BOUNDS
A3314200521225003,10506,residential_rate,0,effective_residential_rate,0,< 0.08,L1_BOUNDS
A3314200526225003,10518,residential_rate,0,effective_residential_rate,0,< 0.08,L1_BOUNDS
A3314200723225003,10572,residential_rate,0,effective_residential_rate,0,< 0.08,L1_BOUNDS
A3314200726225003,10579,residential_rate,0,effective_residential_rate,0,< 0.08,L1_BOUNDS
A3314200924225003,10636,residential_rate,0,effective_residential_rate,0,< 0.08,L1_BOUNDS
A3314201026225003,10671,residential_rate,0,effective_residential_rate,0,< 0.08,L1_BOUNDS
A3314201219225003,10714,residential_rate,0,effective_residential_rate,0,< 0.08,L1_BOUNDS
A3314300125225003,10755,residential_rate,0,effective_residential_rate,0,< 0.08,L1_BOUNDS
A3314300325225003,10810,residential_rate,0,effective_residential_rate,0,< 0.08,L1_BOUNDS
A3314300419225003,10822,residential_rate,0,effective_residential_rate,0,< 0.08,L1_BOUNDS
A3314300425225003,10839,residential_rate,0,effective_residential_rate,0,< 0.08,L1_BOUNDS
A3314300521225003,10860,residential_rate,0,effective_residential_rate,0,< 0.08,L1_BOUNDS
A3314300526225003,10872,residential_rate,0,effective_residential_rate,0,< 0.08,L1_BOUNDS
A3314300620225003,10888,residential_rate,0,effective_residential_rate,0,< 0.08,L1_BOUNDS
A3314300720225003,10919,residential_rate,0,effective_residential_rate,0,< 0.08,L1_BOUNDS
A3314300726225003,10934,residential_rate,0,effective_residential_rate,0,< 0.08,L1_BOUNDS
A3314301026225003,11024,residential_rate,0,effective_residential_rate,0,< 0.08,L1_BOUNDS
A3314301126225003,11054,residential_rate,0,effective_residential_rate,0,< 0.08,L1_BOUNDS
A3314400125225003,11110,residential_rate,0,effective_residential_rate,0,< 0.08,L1_BOUNDS
A3314400325225003,11171,residential_rate,0,effective_residential_rate,0,< 0.08,L1_BOUNDS
A3314400521225003,11222,residential_rate,0,effective_residential_rate,0,< 0.08,L1_BOUNDS
A3314400526225003,11234,residential_rate,0,effective_residential_rate,0,< 0.08,L1_BOUNDS
A3314400726225003,11294,residential_rate,0,effective_residential_rate,0,< 0.08,L1_BOUNDS
A3314401026225003,11385,residential_rate,0,effective_residential_rate,0,< 0.08,L1_BOUNDS
A3314401126225003,11415,residential_rate,0,effective_residential_rate,0,< 0.08,L1_BOUNDS
A3314500125225003,11471,residential_rate,0,effective_residential_rate,0,< 0.08,L1_BOUNDS
A3314500226225003,11504,residential_rate,0,effective_residential_rate,0,< 0.08,L1_BOUNDS
A3314500325225003,11533,residential_rate,0,effective_residential_rate,0,< 0.08,L1_BOUNDS
A3314500521225003,11584,residential_rate,0,effective_residential_rate,0,< 0.08,L1_BOUNDS
A3314500526225003,11596,residential_rate,0,effective_residential_rate,0,< 0.08,L1_BOUNDS
A3314500723225003,11650,residential_rate,0,effective_residential_rate,0,< 0.08,L1_BOUNDS
A3314500823225003,11680,residential_rate,0,effective_residential_rate,0,< 0.08,L1_BOUNDS
A3314501026225003,11747,residential_rate,0,effective_residential_rate,0,< 0.08,L1_BOUNDS
A3314501125225003,11775,residential_rate,0,effective_residential_rate,0,< 0.08,L1_BOUNDS
A3314600125225003,11833,residential_rate,0,effective_residential_rate,0,< 0.08,L1_BOUNDS
A3314600325225003,11893,residential_rate,0,effective_residential_rate,0,< 0.08,L1_BOUNDS
A3314600521225003,11944,residential_rate,0,effective_residential_rate,0,< 0.08,L1_BOUNDS
A3314600526225003,11956,residential_rate,0,effective_residential_rate,0,< 0.08,L1_BOUNDS
A3314600624225003,11983,residential_rate,0,effective_residential_rate,0,< 0.08,L1_BOUNDS
A3314600723225003,12011,residential_rate,0,effective_residential_rate,0,< 0.08,L1_BOUNDS
A3314600823225003,12041,residential_rate,0,effective_residential_rate,0,< 0.08,L1_BOUNDS
A3314600825225003,12046,residential_rate,0,effective_residential_rate,0,< 0.08,L1_BOUNDS
A3314600826225003,12049,residential_rate,0,effective_residential_rate,0,< 0.08,L1_BOUNDS
A3314600926225003,12080,residential_rate,0,effective_residential_rate,0,< 0.08,L1_BOUNDS
A3314601026225003,12111,residential_rate,0,effective_residential_rate,0,< 0.08,L1_BOUNDS
A3314601125225003,12139,residential_rate,0,effective_residential_rate,0,< 0.08,L1_BOUNDS
A3314700125225003,12197,residential_rate,0,effective_residential_rate,0,< 0.08,L1_BOUNDS
A3314700125225003,12198,residential_rate,0,effective_residential_rate,0,< 0.08,L1_BOUNDS
A3314700325225003,12259,residential_rate,0,effective_residential_rate,0,< 0.08,L1_BOUNDS
A3314700419225003,12274,residential_rate,0,effective_residential_rate,0,< 0.08,L1_BOUNDS
A3314700521225003,12311,residential_rate,0,effective_residential_rate,0,< 0.08,L1_BOUNDS
A3314700525225003,12321,residential_rate,0,effective_residential_rate,0,< 0.08,L1_BOUNDS
A3314700526225003,12324,residential_rate,0,effective_residential_rate,0,< 0.08,L1_BOUNDS
A3314700624225003,12351,residential_rate,0,effective_residential_rate,0,< 0.08,L1_BOUNDS
A3314700723225003,12379,residential_rate,0,effective_residential_rate,0,< 0.08,L1_BOUNDS
A3314700726225003,12386,residential_rate,0,effective_residential_rate,0,< 0.08,L1_BOUNDS
A3314700825225003,12415,residential_rate,0,effective_residential_rate,0,< 0.08,L1_BOUNDS
A3314800125225003,12562,residential_rate,0,effective_residential_rate,0,< 0.08,L1_BOUNDS
A3314800325225003,12623,residential_rate,0,effective_residential_rate,0,< 0.08,L1_BOUNDS
A3314800521225003,12674,residential_rate,0,effective_residential_rate,0,< 0.08,L1_BOUNDS
A3314800723225003,12739,residential_rate,0,effective_residential_rate,0,< 0.08,L1_BOUNDS
A3314800726225003,12746,residential_rate,0,effective_residential_rate,0,< 0.08,L1_BOUNDS
A3314801026225003,12837,residential_rate,0,effective_residential_rate,0,< 0.08,L1_BOUNDS
A3314801219225003,12879,residential_rate,0,effective_residential_rate,0,< 0.08,L1_BOUNDS
A3314900125225003,12920,residential_rate,0,effective_residential_rate,0,< 0.08,L1_BOUNDS
A3314900125225003,12921,residential_rate,0,effective_residential_rate,0,< 0.08,L1_BOUNDS
A3314900325225003,12976,residential_rate,0,effective_residential_rate,0,< 0.08,L1_BOUNDS
A3314900426225003,13006,residential_rate,0,effective_residential_rate,0,< 0.08,L1_BOUNDS
A3314900521225003,13025,residential_rate,0,effective_residential_rate,0,< 0.08,L1_BOUNDS
A3314900723225003,13090,residential_rate,0,effective_residential_rate,0,< 0.08,L1_BOUNDS
A3314900823225003,13120,residential_rate,0,effective_residential_rate,0,< 0.08,L1_BOUNDS
A3314900826225003,13127,residential_rate,0,effective_residential_rate,0,< 0.08,L1_BOUNDS
A3314900926225003,13158,residential_rate,0,effective_residential_rate,0,< 0.08,L1_BOUNDS
A3314901026225003,13189,residential_rate,0,effective_residential_rate,0,< 0.08,L1_BOUNDS
A3314901125225003,13217,residential_rate,0,effective_residential_rate,0,< 0.08,L1_BOUNDS
A3315000125225003,13275,residential_rate,0,effective_residential_rate,0,< 0.08,L1_BOUNDS
A3315000323225003,13329,residential_rate,0.9922,effective_residential_rate,-0.00780000000000003,< 0.08,L1_BOUNDS
A3315000323225003,13330,residential_rate,0.9922,effective_residential_rate,-0.00780000000000003,< 0.08,L1_BOUNDS
A3315000325225003,13336,residential_rate,0,effective_residential_rate,0,< 0.08,L1_BOUNDS
A3315000426225003,13369,residential_rate,0,effective_residential_rate,0,< 0.08,L1_BOUNDS
A3315000521225003,13388,residential_rate,0,effective_residential_rate,0,< 0.08,L1_BOUNDS
A3315000526225003,13400,residential_rate,0,effective_residential_rate,0,< 0.08,L1_BOUNDS
A3315000626225003,13431,residential_rate,0,effective_residential_rate,0,< 0.08,L1_BOUNDS
A3315000723225003,13454,residential_rate,0,effective_residential_rate,0,< 0.08,L1_BOUNDS
A3315000725225003,13459,residential_rate,0,effective_residential_rate,0,< 0.08,L1_BOUNDS
A3315000821225003,13480,residential_rate,0,effective_residential_rate,0,< 0.08,L1_BOUNDS
A3315000826225003,13493,residential_rate,0,effective_residential_rate,0,< 0.08,L1_BOUNDS
A3315000926225003,13524,residential_rate,0,effective_residential_rate,0,< 0.08,L1_BOUNDS
A3315001026225003,13555,residential_rate,0,effective_residential_rate,0,< 0.08,L1_BOUNDS
A3315001123225003,13577,residential_rate,0.6678,effective_residential_rate,-0.0962000000000001,< 0.08,L1_BOUNDS
A3315001123225003,13578,residential_rate,0.6678,effective_residential_rate,-0.0962000000000001,< 0.08,L1_BOUNDS
A3315001126225003,13585,residential_rate,0,effective_residential_rate,0,< 0.08,L1_BOUNDS
A3315001223225003,13607,residential_rate,0.6678,effective_residential_rate,-0.3322,< 0.08,L1_BOUNDS
A3315001223225003,13608,residential_rate,0.6678,effective_residential_rate,-0.3322,< 0.08,L1_BOUNDS
A3315001225225003,13613,residential_rate,0,effective_residential_rate,0,< 0.08,L1_BOUNDS
A3315100120225003,13629,residential_rate,0,effective_residential_rate,0,< 0.08,L1_BOUNDS
A3315100125225003,13643,residential_rate,0,effective_residential_rate,0,< 0.08,L1_BOUNDS
A3315100325225003,13704,residential_rate,0,effective_residential_rate,0,< 0.08,L1_BOUNDS
A3315100521225003,13755,residential_rate,0,effective_residential_rate,0,< 0.08,L1_BOUNDS
A3315100526225003,13767,residential_rate,0,effective_residential_rate,0,< 0.08,L1_BOUNDS
A3315100723225003,13821,residential_rate,0,effective_residential_rate,0,< 0.08,L1_BOUNDS
A3315100726225003,13828,residential_rate,0,effective_residential_rate,0,< 0.08,L1_BOUNDS
A3315101026225003,13919,residential_rate,0,effective_residential_rate,0,< 0.08,L1_BOUNDS
A3315101126225003,13949,residential_rate,0,effective_residential_rate,0,< 0.08,L1_BOUNDS
A3315101219225003,13962,residential_rate,0,effective_residential_rate,0,< 0.08,L1_BOUNDS
A3315101225225003,13978,residential_rate,0,effective_residential_rate,0,< 0.08,L1_BOUNDS
A3315200120225003,13994,residential_rate,0,effective_residential_rate,0,< 0.08,L1_BOUNDS
A3315200125225003,14008,residential_rate,0,effective_residential_rate,0,< 0.08,L1_BOUNDS
A3315200325225003,14069,residential_rate,0,effective_residential_rate,0,< 0.08,L1_BOUNDS
A3315200426225003,14102,residential_rate,0,effective_residential_rate,0,< 0.08,L1_BOUNDS
A3315200521225003,14121,residential_rate,0,effective_residential_rate,0,< 0.08,L1_BOUNDS
A3315200525225003,14131,residential_rate,0,effective_residential_rate,0,< 0.08,L1_BOUNDS
A3315200526225003,14134,residential_rate,0,effective_residential_rate,0,< 0.08,L1_BOUNDS
A3315200723225003,14188,residential_rate,0,effective_residential_rate,0,< 0.08,L1_BOUNDS
A3315200726225003,14195,residential_rate,0,effective_residential_rate,0,< 0.08,L1_BOUNDS
A3315200819225003,14208,residential_rate,0,effective_residential_rate,0,< 0.08,L1_BOUNDS
A3315200925225003,14255,residential_rate,0,effective_residential_rate,0,< 0.08,L1_BOUNDS
A3315200926225003,14258,residential_rate,0,effective_residential_rate,0,< 0.08,L1_BOUNDS
A3315201219225003,14331,residential_rate,0,effective_residential_rate,0,< 0.08,L1_BOUNDS
A3315201223225003,14341,residential_rate,0.7676,effective_residential_rate,-0.2324,< 0.08,L1_BOUNDS
A3315300125225003,14372,residential_rate,0,effective_residential_rate,0,< 0.08,L1_BOUNDS
A3315300325225003,14427,residential_rate,0,effective_residential_rate,0,< 0.08,L1_BOUNDS
A3315300419225003,14439,residential_rate,0,effective_residential_rate,0,< 0.08,L1_BOUNDS
A3315300425225003,14456,residential_rate,0,effective_residential_rate,0,< 0.08,L1_BOUNDS
A3315300426225003,14459,residential_rate,0,effective_residential_rate,0,< 0.08,L1_BOUNDS
A3315300521225003,14478,residential_rate,0,effective_residential_rate,0,< 0.08,L1_BOUNDS
A3315300526225003,14490,residential_rate,0,effective_residential_rate,0,< 0.08,L1_BOUNDS
A3315300723225003,14544,residential_rate,0,effective_residential_rate,0,< 0.08,L1_BOUNDS
A3315300726225003,14551,residential_rate,0,effective_residential_rate,0,< 0.08,L1_BOUNDS
A3315301026225003,14642,residential_rate,0,effective_residential_rate,0,< 0.08,L1_BOUNDS
A3315301126225003,14672,residential_rate,0,effective_residential_rate,0,< 0.08,L1_BOUNDS
A3315400120225003,14715,residential_rate,0,effective_residential_rate,0,< 0.08,L1_BOUNDS
A3315400125225003,14729,residential_rate,0,effective_residential_rate,0,< 0.08,L1_BOUNDS
A3315400325225003,14790,residential_rate,0,effective_residential_rate,0,< 0.08,L1_BOUNDS
A3315400521225003,14841,residential_rate,0,effective_residential_rate,0,< 0.08,L1_BOUNDS
A3315400526225003,14853,residential_rate,0,effective_residential_rate,0,< 0.08,L1_BOUNDS
A3315400723225003,14907,residential_rate,0,effective_residential_rate,0,< 0.08,L1_BOUNDS
A3315400726225003,14914,residential_rate,0,effective_residential_rate,0,< 0.08,L1_BOUNDS
A3315400823225003,14938,residential_rate,0,effective_residential_rate,0,< 0.08,L1_BOUNDS
A3315401126225003,15034,residential_rate,0,effective_residential_rate,0,< 0.08,L1_BOUNDS
A3315500125225003,15090,residential_rate,0,effective_residential_rate,0,< 0.08,L1_BOUNDS
A3315500325225003,15151,residential_rate,0,effective_residential_rate,0,< 0.08,L1_BOUNDS
A3315500420225003,15169,residential_rate,0,effective_residential_rate,0,< 0.08,L1_BOUNDS
A3315500521225003,15203,residential_rate,0,effective_residential_rate,0,< 0.08,L1_BOUNDS
A3315500526225003,15215,residential_rate,0,effective_residential_rate,0,< 0.08,L1_BOUNDS
A3315500723225003,15269,residential_rate,0,effective_residential_rate,0,< 0.08,L1_BOUNDS
A3315500726225003,15276,residential_rate,0,effective_residential_rate,0,< 0.08,L1_BOUNDS
A3315501025225003,15365,residential_rate,0,effective_residential_rate,0,< 0.08,L1_BOUNDS
A3315501026225003,15368,residential_rate,0,effective_residential_rate,0,< 0.08,L1_BOUNDS
A3315501219225003,15411,residential_rate,0,effective_residential_rate,0,< 0.08,L1_BOUNDS
A3315600120225003,15439,residential_rate,0,effective_residential_rate,0,< 0.08,L1_BOUNDS
A3315600125225003,15453,residential_rate,0,effective_residential_rate,0,< 0.08,L1_BOUNDS
A3315600226225003,15483,residential_rate,0,effective_residential_rate,0,< 0.08,L1_BOUNDS
A3315600325225003,15509,residential_rate,0,effective_residential_rate,0,< 0.08,L1_BOUNDS
A3315600419225003,15521,residential_rate,0,effective_residential_rate,0,< 0.08,L1_BOUNDS
A3315600521225003,15558,residential_rate,0,effective_residential_rate,0,< 0.08,L1_BOUNDS
A3315600526225003,15570,residential_rate,0,effective_residential_rate,0,< 0.08,L1_BOUNDS
A3315600723225003,15624,residential_rate,0,effective_residential_rate,0,< 0.08,L1_BOUNDS
A3315600823225003,15654,residential_rate,0,effective_residential_rate,0,< 0.08,L1_BOUNDS
A3315600824225003,15657,residential_rate,0,effective_residential_rate,0,< 0.08,L1_BOUNDS
A3315600924225003,15688,residential_rate,0,effective_residential_rate,0,< 0.08,L1_BOUNDS
A3315600926225003,15693,residential_rate,0,effective_residential_rate,0,< 0.08,L1_BOUNDS
A3315601026225003,15724,residential_rate,0,effective_residential_rate,0,< 0.08,L1_BOUNDS
A3315700125225003,15810,residential_rate,0,effective_residential_rate,0,< 0.08,L1_BOUNDS
A3315700325225003,15871,residential_rate,0,effective_residential_rate,0,< 0.08,L1_BOUNDS
A3315700521225003,15922,residential_rate,0,effective_residential_rate,0,< 0.08,L1_BOUNDS
A3315700526225003,15934,residential_rate,0,effective_residential_rate,0,< 0.08,L1_BOUNDS
A3315700723225003,15988,residential_rate,0,effective_residential_rate,0,< 0.08,L1_BOUNDS
A3315700826225003,16025,residential_rate,0,effective_residential_rate,0,< 0.08,L1_BOUNDS
A3315700926225003,16056,residential_rate,0,effective_residential_rate,0,< 0.08,L1_BOUNDS
A3315701026225003,16087,residential_rate,0,effective_residential_rate,0,< 0.08,L1_BOUNDS
A3315701126225003,16117,residential_rate,0,effective_residential_rate,0,< 0.08,L1_BOUNDS
A3315800125225003,16173,residential_rate,0,effective_residential_rate,0,< 0.08,L1_BOUNDS
A3315800325225003,16234,residential_rate,0,effective_residential_rate,0,< 0.08,L1_BOUNDS
A3315800521225003,16285,residential_rate,0,effective_residential_rate,0,< 0.08,L1_BOUNDS
A3315800723225003,16350,residential_rate,0,effective_residential_rate,0,< 0.08,L1_BOUNDS
A3315800726225003,16357,residential_rate,0,effective_residential_rate,0,< 0.08,L1_BOUNDS
A3315800823225003,16381,residential_rate,0,effective_residential_rate,0,< 0.08,L1_BOUNDS
A3315801225225003,16504,residential_rate,0,effective_residential_rate,0,< 0.08,L1_BOUNDS
A3315900125225003,16533,residential_rate,0,effective_residential_rate,0,< 0.08,L1_BOUNDS
A3315900325225003,16594,residential_rate,0,effective_residential_rate,0,< 0.08,L1_BOUNDS
A3315900521225003,16645,residential_rate,0,effective_residential_rate,0,< 0.08,L1_BOUNDS
A3315900524225003,16653,residential_rate,0,effective_residential_rate,0,< 0.08,L1_BOUNDS
A3315900526225003,16658,residential_rate,0,effective_residential_rate,0,< 0.08,L1_BOUNDS
A3315900723225003,16712,residential_rate,0,effective_residential_rate,0,< 0.08,L1_BOUNDS
A3315900726225003,16719,residential_rate,0,effective_residential_rate,0,< 0.08,L1_BOUNDS
A3315900823225003,16743,residential_rate,0,effective_residential_rate,0,< 0.08,L1_BOUNDS
A3315900925225003,16778,residential_rate,0,effective_residential_rate,0,< 0.08,L1_BOUNDS
A3315901026225003,16811,residential_rate,0,effective_residential_rate,0,< 0.08,L1_BOUNDS
A3315901225225003,16869,residential_rate,0,effective_residential_rate,0,< 0.08,L1_BOUNDS
A3316000125225003,16898,residential_rate,0,effective_residential_rate,0,< 0.08,L1_BOUNDS
A3316000216225003,16904,residential_rate,0,effective_residential_rate,0,< 0.08,L1_BOUNDS
A3316000216225003,16905,residential_rate,0,effective_residential_rate,0,< 0.08,L1_BOUNDS
A3316000316225003,16936,residential_rate,0,effective_residential_rate,0,< 0.08,L1_BOUNDS
A3316000325225003,16962,residential_rate,0,effective_residential_rate,0,< 0.08,L1_BOUNDS
A3316000416225003,16968,residential_rate,0,effective_residential_rate,0,< 0.08,L1_BOUNDS
A3316000516225003,16999,residential_rate,0,effective_residential_rate,0,< 0.08,L1_BOUNDS
A3316000521225003,17015,residential_rate,0,effective_residential_rate,0,< 0.08,L1_BOUNDS
A3316000526225003,17027,residential_rate,0,effective_residential_rate,0,< 0.08,L1_BOUNDS
A3316000625225003,17056,residential_rate,0,effective_residential_rate,0,< 0.08,L1_BOUNDS
A3316000716225003,17062,residential_rate,0,effective_residential_rate,0,< 0.08,L1_BOUNDS
A3316000723225003,17083,residential_rate,0,effective_residential_rate,0,< 0.08,L1_BOUNDS
A3316000726225003,17090,residential_rate,0,effective_residential_rate,0,< 0.08,L1_BOUNDS
A3316001026225003,17181,residential_rate,0,effective_residential_rate,0,< 0.08,L1_BOUNDS
A3316100120225003,17253,residential_rate,0,effective_residential_rate,0,< 0.08,L1_BOUNDS
A3316100125225003,17267,residential_rate,0,effective_residential_rate,0,< 0.08,L1_BOUNDS
A3316100226225003,17300,residential_rate,0,effective_residential_rate,0,< 0.08,L1_BOUNDS
A3316100325225003,17329,residential_rate,0,effective_residential_rate,0,< 0.08,L1_BOUNDS
A3316100326225003,17332,residential_rate,0,effective_residential_rate,0,< 0.08,L1_BOUNDS
A3316100521225003,17381,residential_rate,0,effective_residential_rate,0,< 0.08,L1_BOUNDS
A3316100624225003,17419,residential_rate,0,effective_residential_rate,0,< 0.08,L1_BOUNDS
A3316100625225003,17422,residential_rate,0,effective_residential_rate,0,< 0.08,L1_BOUNDS
A3316100716225003,17428,residential_rate,0,effective_residential_rate,0,< 0.08,L1_BOUNDS
A3316100723225003,17449,residential_rate,0,effective_residential_rate,0,< 0.08,L1_BOUNDS
A3316100726225003,17456,residential_rate,0,effective_residential_rate,0,< 0.08,L1_BOUNDS
A3316101026225003,17547,residential_rate,0,effective_residential_rate,0,< 0.08,L1_BOUNDS
A3316200125225003,17633,residential_rate,0,effective_residential_rate,0,< 0.08,L1_BOUNDS
A3316200325225003,17694,residential_rate,0,effective_residential_rate,0,< 0.08,L1_BOUNDS
A3316200419225003,17709,residential_rate,0,effective_residential_rate,0,< 0.08,L1_BOUNDS
A3316200521225003,17746,residential_rate,0,effective_residential_rate,0,< 0.08,L1_BOUNDS
A3316200526225003,17758,residential_rate,0,effective_residential_rate,0,< 0.08,L1_BOUNDS
A3316200723225003,17812,residential_rate,0,effective_residential_rate,0,< 0.08,L1_BOUNDS
A3316200726225003,17819,residential_rate,0,effective_residential_rate,0,< 0.08,L1_BOUNDS
A3316200823225003,17843,residential_rate,0,effective_residential_rate,0,< 0.08,L1_BOUNDS
A3316200826225003,17850,residential_rate,0,effective_residential_rate,0,< 0.08,L1_BOUNDS
A3316200925225003,17879,residential_rate,0,effective_residential_rate,0,< 0.08,L1_BOUNDS
A3316200926225003,17882,residential_rate,0,effective_residential_rate,0,< 0.08,L1_BOUNDS
A3316201125225003,17940,residential_rate,0,effective_residential_rate,0,< 0.08,L1_BOUNDS
A3316300120225003,17985,residential_rate,0,effective_residential_rate,0,< 0.08,L1_BOUNDS
A3316300125225003,17999,residential_rate,0,effective_residential_rate,0,< 0.08,L1_BOUNDS
A3316300325225003,18060,residential_rate,0,effective_residential_rate,0,< 0.08,L1_BOUNDS
A3316300521225003,18111,residential_rate,0,effective_residential_rate,0,< 0.08,L1_BOUNDS
A3316300526225003,18123,residential_rate,0,effective_residential_rate,0,< 0.08,L1_BOUNDS
A3316300723225003,18177,residential_rate,0,effective_residential_rate,0,< 0.08,L1_BOUNDS
A3316300726225003,18184,residential_rate,0,effective_residential_rate,0,< 0.08,L1_BOUNDS
A3316300926225003,18244,residential_rate,0,effective_residential_rate,0,< 0.08,L1_BOUNDS
A3316301026225003,18275,residential_rate,0,effective_residential_rate,0,< 0.08,L1_BOUNDS
A3316400125225003,18360,residential_rate,0,effective_residential_rate,0,< 0.08,L1_BOUNDS
A3316400325225003,18421,residential_rate,0,effective_residential_rate,0,< 0.08,L1_BOUNDS
A3316400521225003,18472,residential_rate,0,effective_residential_rate,0,< 0.08,L1_BOUNDS
A3316400526225003,18484,residential_rate,0,effective_residential_rate,0,< 0.08,L1_BOUNDS
A3316400723225003,18538,residential_rate,0,effective_residential_rate,0,< 0.08,L1_BOUNDS
A3316400726225003,18545,residential_rate,0,effective_residential_rate,0,< 0.08,L1_BOUNDS
A3316500120225003,18707,residential_rate,0,effective_residential_rate,0,< 0.08,L1_BOUNDS
A3316500125225003,18721,residential_rate,0,effective_residential_rate,0,< 0.08,L1_BOUNDS
A3316500125225003,18722,residential_rate,0,effective_residential_rate,0,< 0.08,L1_BOUNDS
A3316500226225003,18755,residential_rate,0,effective_residential_rate,0,< 0.08,L1_BOUNDS
A3316500323225003,18777,residential_rate,0.9119,effective_residential_rate,-0.0881,< 0.08,L1_BOUNDS
A3316500323225003,18778,residential_rate,0.9119,effective_residential_rate,-0.0881,< 0.08,L1_BOUNDS
A3316500325225003,18784,residential_rate,0,effective_residential_rate,0,< 0.08,L1_BOUNDS
A3316500426225003,18817,residential_rate,0,effective_residential_rate,0,< 0.08,L1_BOUNDS
A3316500521225003,18836,residential_rate,0,effective_residential_rate,0,< 0.08,L1_BOUNDS
A3316500526225003,18848,residential_rate,0,effective_residential_rate,0,< 0.08,L1_BOUNDS
A3316500723225003,18901,residential_rate,0,effective_residential_rate,0,< 0.08,L1_BOUNDS
A3316500825225003,18936,residential_rate,0,effective_residential_rate,0,< 0.08,L1_BOUNDS
A3316500826225003,18939,residential_rate,0,effective_residential_rate,0,< 0.08,L1_BOUNDS
A3316500926225003,18970,residential_rate,0,effective_residential_rate,0,< 0.08,L1_BOUNDS
A3316501026225003,19001,residential_rate,0,effective_residential_rate,0,< 0.08,L1_BOUNDS
A3316501123225003,19023,residential_rate,0.0967,effective_residential_rate,-0.6673,< 0.08,L1_BOUNDS
A3316501123225003,19024,residential_rate,0.0967,effective_residential_rate,-0.6673,< 0.08,L1_BOUNDS
A3316501125225003,19029,residential_rate,0,effective_residential_rate,0,< 0.08,L1_BOUNDS
A3316501126225003,19032,residential_rate,0,effective_residential_rate,0,< 0.08,L1_BOUNDS
A3316501223225003,19054,residential_rate,0.0967,effective_residential_rate,-0.9033,< 0.08,L1_BOUNDS
A3316501223225003,19055,residential_rate,0.0967,effective_residential_rate,-0.9033,< 0.08,L1_BOUNDS
A3316600125225003,19088,residential_rate,0,effective_residential_rate,0,< 0.08,L1_BOUNDS
A3316600125225003,19089,residential_rate,0,effective_residential_rate,0,< 0.08,L1_BOUNDS
A3316600226225003,19122,residential_rate,0,effective_residential_rate,0,< 0.08,L1_BOUNDS
A3316600325225003,19151,residential_rate,0,effective_residential_rate,0,< 0.08,L1_BOUNDS
A3316600326225003,19153,residential_rate,0.6451,effective_residential_rate,0.00949999999999995,< 0.08,L1_BOUNDS
A3316600419225003,19166,residential_rate,0,effective_residential_rate,0,< 0.08,L1_BOUNDS
A3316600426225003,19184,residential_rate,0.6451,effective_residential_rate,0.00949999999999995,< 0.08,L1_BOUNDS
A3316600426225003,19185,residential_rate,0,effective_residential_rate,0,< 0.08,L1_BOUNDS
A3316600521225003,19204,residential_rate,0,effective_residential_rate,0,< 0.08,L1_BOUNDS
A3316600526225003,19215,residential_rate,0.6451,effective_residential_rate,0.00949999999999995,< 0.08,L1_BOUNDS
A3316600526225003,19216,residential_rate,0,effective_residential_rate,0,< 0.08,L1_BOUNDS
A3316600723225003,19270,residential_rate,0,effective_residential_rate,0,< 0.08,L1_BOUNDS
A3316600823225003,19298,residential_rate,0,effective_residential_rate,-0.2851,< 0.08,L1_BOUNDS
A3316600823225003,19299,residential_rate,0,effective_residential_rate,-0.265,< 0.08,L1_BOUNDS
A3316600824225003,19303,residential_rate,0,effective_residential_rate,0,< 0.08,L1_BOUNDS
A3316600825225003,19306,residential_rate,0,effective_residential_rate,0,< 0.08,L1_BOUNDS
A3316600926225003,19339,residential_rate,0,effective_residential_rate,0,< 0.08,L1_BOUNDS
A3316601026225003,19370,residential_rate,0,effective_residential_rate,0,< 0.08,L1_BOUNDS
A3316601117225003,19377,residential_rate,0,effective_residential_rate,0,< 0.08,L1_BOUNDS
A3316601126225003,19402,residential_rate,0,effective_residential_rate,0,< 0.08,L1_BOUNDS
A3316700125225003,19457,residential_rate,0,effective_residential_rate,0,< 0.08,L1_BOUNDS
A3316700226225003,19490,residential_rate,0,effective_residential_rate,0,< 0.08,L1_BOUNDS
A3316700325225003,19516,residential_rate,0,effective_residential_rate,0,< 0.08,L1_BOUNDS
A3316700419225003,19528,residential_rate,0,effective_residential_rate,0,< 0.08,L1_BOUNDS
A3316700521225003,19565,residential_rate,0,effective_residential_rate,0,< 0.08,L1_BOUNDS
A3316700525225003,19575,residential_rate,0,effective_residential_rate,0,< 0.08,L1_BOUNDS
A3316700526225003,19578,residential_rate,0,effective_residential_rate,0,< 0.08,L1_BOUNDS
A3316700624225003,19605,residential_rate,0,effective_residential_rate,0,< 0.08,L1_BOUNDS
A3316700625225003,19608,residential_rate,0,effective_residential_rate,0,< 0.08,L1_BOUNDS
A3316700723225003,19634,residential_rate,0,effective_residential_rate,0,< 0.08,L1_BOUNDS
A3316700726225003,19641,residential_rate,0,effective_residential_rate,0,< 0.08,L1_BOUNDS
A3316700825225003,19670,residential_rate,0,effective_residential_rate,0,< 0.08,L1_BOUNDS
A3316700826225003,19673,residential_rate,0,effective_residential_rate,0,< 0.08,L1_BOUNDS
A3316700924225003,19700,residential_rate,0,effective_residential_rate,0,< 0.08,L1_BOUNDS
A3316701126225003,19765,residential_rate,0,effective_residential_rate,0,< 0.08,L1_BOUNDS
A3316701225225003,19793,residential_rate,0,effective_residential_rate,0,< 0.08,L1_BOUNDS
A3316800120225003,19809,residential_rate,0,effective_residential_rate,0,< 0.08,L1_BOUNDS
A3316800125225003,19823,residential_rate,0,effective_residential_rate,0,< 0.08,L1_BOUNDS
A3316800325225003,19884,residential_rate,0,effective_residential_rate,0,< 0.08,L1_BOUNDS
A3316800419225003,19899,residential_rate,0,effective_residential_rate,0,< 0.08,L1_BOUNDS
A3316800521225003,19936,residential_rate,0,effective_residential_rate,0,< 0.08,L1_BOUNDS
A3316800526225003,19948,residential_rate,0,effective_residential_rate,0,< 0.08,L1_BOUNDS
A3316800723225003,20002,residential_rate,0,effective_residential_rate,0,< 0.08,L1_BOUNDS
A3316800726225003,20009,residential_rate,0,effective_residential_rate,0,< 0.08,L1_BOUNDS
A3316800825225003,20038,residential_rate,0,effective_residential_rate,0,< 0.08,L1_BOUNDS
A3316800924225003,20067,residential_rate,0,effective_residential_rate,0,< 0.08,L1_BOUNDS
A3316850125225003,20186,residential_rate,0,effective_residential_rate,0,< 0.08,L1_BOUNDS
A3316850125225003,20187,residential_rate,0,effective_residential_rate,0,< 0.08,L1_BOUNDS
A3316850325225003,20248,residential_rate,0,effective_residential_rate,0,< 0.08,L1_BOUNDS
A3316850521225003,20299,residential_rate,0,effective_residential_rate,0,< 0.08,L1_BOUNDS
A3316850525225003,20309,residential_rate,0,effective_residential_rate,0,< 0.08,L1_BOUNDS
A3316850526225003,20312,residential_rate,0,effective_residential_rate,0,< 0.08,L1_BOUNDS
A3316850723225003,20366,residential_rate,0,effective_residential_rate,0,< 0.08,L1_BOUNDS
A3316850726225003,20373,residential_rate,0,effective_residential_rate,0,< 0.08,L1_BOUNDS
A3316850823225003,20397,residential_rate,0,effective_residential_rate,0,< 0.08,L1_BOUNDS
A3316850924225003,20430,residential_rate,0,effective_residential_rate,0,< 0.08,L1_BOUNDS
A3316851026225003,20465,residential_rate,0,effective_residential_rate,0,< 0.08,L1_BOUNDS
A3316851123225003,20487,residential_rate,0.5089,effective_residential_rate,0.079,< 0.08,L1_BOUNDS
A3316851125225003,20493,residential_rate,0,effective_residential_rate,0,< 0.08,L1_BOUNDS
A3316900125225003,20551,residential_rate,0,effective_residential_rate,0,< 0.08,L1_BOUNDS
A3316900226225003,20584,residential_rate,0,effective_residential_rate,0,< 0.08,L1_BOUNDS
A3316900325225003,20613,residential_rate,0,effective_residential_rate,0,< 0.08,L1_BOUNDS
A3316900421225003,20634,residential_rate,0,effective_residential_rate,0,< 0.08,L1_BOUNDS
A3316900425225003,20645,residential_rate,0,effective_residential_rate,0,< 0.08,L1_BOUNDS
A3316900521225003,20666,residential_rate,0,effective_residential_rate,0,< 0.08,L1_BOUNDS
A3316900526225003,20678,residential_rate,0,effective_residential_rate,0,< 0.08,L1_BOUNDS
A3316900723225003,20732,residential_rate,0,effective_residential_rate,0,< 0.08,L1_BOUNDS
A3316900726225003,20739,residential_rate,0,effective_residential_rate,0,< 0.08,L1_BOUNDS
A3316900823225003,20763,residential_rate,0,effective_residential_rate,0,< 0.08,L1_BOUNDS
A3316901026225003,20830,residential_rate,0,effective_residential_rate,0,< 0.08,L1_BOUNDS
A3316901125225003,20859,residential_rate,0,effective_residential_rate,0,< 0.08,L1_BOUNDS
A3316901225225003,20889,residential_rate,0,effective_residential_rate,0,< 0.08,L1_BOUNDS
A3317000120225003,20905,residential_rate,0,effective_residential_rate,0,< 0.08,L1_BOUNDS
A3317000125225003,20919,residential_rate,0,effective_residential_rate,0,< 0.08,L1_BOUNDS
A3317000325225003,20980,residential_rate,0,effective_residential_rate,0,< 0.08,L1_BOUNDS
A3317000521225003,21031,residential_rate,0,effective_residential_rate,0,< 0.08,L1_BOUNDS
A3317000525225003,21041,residential_rate,0,effective_residential_rate,0,< 0.08,L1_BOUNDS
A3317000526225003,21044,residential_rate,0,effective_residential_rate,0,< 0.08,L1_BOUNDS
A3317000723225003,21098,residential_rate,0,effective_residential_rate,0,< 0.08,L1_BOUNDS
A3317000726225003,21105,residential_rate,0,effective_residential_rate,0,< 0.08,L1_BOUNDS
A3317000823225003,21129,residential_rate,0,effective_residential_rate,0,< 0.08,L1_BOUNDS
A3317000825225003,21134,residential_rate,0,effective_residential_rate,0,< 0.08,L1_BOUNDS
A3317100125225003,21279,residential_rate,0,effective_residential_rate,0,< 0.08,L1_BOUNDS
A3317100325225003,21334,residential_rate,0,effective_residential_rate,0,< 0.08,L1_BOUNDS
A3317100419225003,21346,residential_rate,0,effective_residential_rate,0,< 0.08,L1_BOUNDS
A3317100521225003,21383,residential_rate,0,effective_residential_rate,0,< 0.08,L1_BOUNDS
A3317100526225003,21395,residential_rate,0,effective_residential_rate,0,< 0.08,L1_BOUNDS
A3317100723225003,21449,residential_rate,0,effective_residential_rate,0,< 0.08,L1_BOUNDS
A3317100726225003,21456,residential_rate,0,effective_residential_rate,0,< 0.08,L1_BOUNDS
A3317100823225003,21480,residential_rate,0,effective_residential_rate,0,< 0.08,L1_BOUNDS
A3317100825225003,21485,residential_rate,0,effective_residential_rate,0,< 0.08,L1_BOUNDS
A3317100826225003,21487,residential_rate,0.2941,effective_residential_rate,-0.0143,< 0.08,L1_BOUNDS
A3317100926225003,21517,residential_rate,0.2941,effective_residential_rate,-0.0143,< 0.08,L1_BOUNDS
A3317101026225003,21547,residential_rate,0.2941,effective_residential_rate,-0.0143,< 0.08,L1_BOUNDS
A3317101126225003,21577,residential_rate,0.2941,effective_residential_rate,-0.0143,< 0.08,L1_BOUNDS
A3317200125225003,21633,residential_rate,0,effective_residential_rate,0,< 0.08,L1_BOUNDS
A3317200425225003,21723,residential_rate,0,effective_residential_rate,0,< 0.08,L1_BOUNDS
A3317200426225003,21726,residential_rate,0,effective_residential_rate,0,< 0.08,L1_BOUNDS
A3317200521225003,21745,residential_rate,0,effective_residential_rate,0,< 0.08,L1_BOUNDS
A3317200526225003,21757,residential_rate,0,effective_residential_rate,0,< 0.08,L1_BOUNDS
A3317200624225003,21784,residential_rate,0,effective_residential_rate,0,< 0.08,L1_BOUNDS
A3317200723225003,21812,residential_rate,0,effective_residential_rate,0,< 0.08,L1_BOUNDS
A3317200726225003,21819,residential_rate,0,effective_residential_rate,0,< 0.08,L1_BOUNDS
A3317200823225003,21843,residential_rate,0,effective_residential_rate,0,< 0.08,L1_BOUNDS
A3317200825225003,21848,residential_rate,0,effective_residential_rate,0,< 0.08,L1_BOUNDS
A3317200826225003,21851,residential_rate,0,effective_residential_rate,0,< 0.08,L1_BOUNDS
A3317200925225003,21880,residential_rate,0,effective_residential_rate,0,< 0.08,L1_BOUNDS
A3317201026225003,21913,residential_rate,0,effective_residential_rate,0,< 0.08,L1_BOUNDS
A3317201126225003,21943,residential_rate,0,effective_residential_rate,0,< 0.08,L1_BOUNDS
A3317201225225003,21971,residential_rate,0,effective_residential_rate,0,< 0.08,L1_BOUNDS
A3317300125225003,22000,residential_rate,0,effective_residential_rate,0,< 0.08,L1_BOUNDS
A3317300226225003,22033,residential_rate,0,effective_residential_rate,0,< 0.08,L1_BOUNDS
A3317300325225003,22062,residential_rate,0,effective_residential_rate,0,< 0.08,L1_BOUNDS
A3317300425225003,22093,residential_rate,0,effective_residential_rate,0,< 0.08,L1_BOUNDS
A3317300521225003,22114,residential_rate,0,effective_residential_rate,0,< 0.08,L1_BOUNDS
A3317300526225003,22126,residential_rate,0,effective_residential_rate,0,< 0.08,L1_BOUNDS
A3317300623225003,22150,residential_rate,0,effective_residential_rate,0,< 0.08,L1_BOUNDS
A3317300625225003,22155,residential_rate,0,effective_residential_rate,0,< 0.08,L1_BOUNDS
A3317300723225003,22181,residential_rate,0,effective_residential_rate,0,< 0.08,L1_BOUNDS
A3317300726225003,22188,residential_rate,0,effective_residential_rate,0,< 0.08,L1_BOUNDS
A3317300823225003,22212,residential_rate,0,effective_residential_rate,0,< 0.08,L1_BOUNDS
A3317300925225003,22247,residential_rate,0,effective_residential_rate,0,< 0.08,L1_BOUNDS
A3317301026225003,22280,residential_rate,0,effective_residential_rate,0,< 0.08,L1_BOUNDS
A3317301125225003,22308,residential_rate,0,effective_residential_rate,0,< 0.08,L1_BOUNDS
A3317301219225003,22323,residential_rate,0,effective_residential_rate,0,< 0.08,L1_BOUNDS
A3317301225225003,22339,residential_rate,0,effective_residential_rate,0,< 0.08,L1_BOUNDS
A3317400122225003,22347,residential_rate,0,effective_residential_rate,0,< 0.08,L1_BOUNDS
A3317400222225003,22359,residential_rate,0,effective_residential_rate,0,< 0.08,L1_BOUNDS
A3317401017225003,22441,residential_rate,0,effective_residential_rate,0,< 0.08,L1_BOUNDS
A3317401018225003,22443,residential_rate,0,effective_residential_rate,0,< 0.08,L1_BOUNDS
A3317500122225003,22480,residential_rate,0,effective_residential_rate,0,< 0.08,L1_BOUNDS
A3317500219225003,22486,residential_rate,0,effective_residential_rate,-0.1902,< 0.08,L1_BOUNDS
A3317500222225003,22490,residential_rate,0,effective_residential_rate,0,< 0.08,L1_BOUNDS
A3317500319225003,22496,residential_rate,0,effective_residential_rate,-0.1902,< 0.08,L1_BOUNDS
A3317500322225003,22500,residential_rate,0,effective_residential_rate,0,< 0.08,L1_BOUNDS
A3317500323225003,22502,residential_rate,0,effective_residential_rate,0,< 0.08,L1_BOUNDS
A3317500522225003,22519,residential_rate,0,effective_residential_rate,0,< 0.08,L1_BOUNDS
A3317500620225003,22528,residential_rate,0,effective_residential_rate,0,< 0.08,L1_BOUNDS
A3317500720225003,22538,residential_rate,0,effective_residential_rate,0,< 0.08,L1_BOUNDS
A3317500820225003,22548,residential_rate,0,effective_residential_rate,0,< 0.08,L1_BOUNDS
A3317500920225003,22558,residential_rate,0,effective_residential_rate,0,< 0.08,L1_BOUNDS
A3317501018225003,22565,residential_rate,0,effective_residential_rate,0,< 0.08,L1_BOUNDS
A3317501022225003,22569,residential_rate,0,effective_residential_rate,0,< 0.08,L1_BOUNDS
A3317501219225003,22584,residential_rate,0,effective_residential_rate,0,< 0.08,L1_BOUNDS
A3317600417225003,22622,residential_rate,0,effective_residential_rate,0,< 0.08,L1_BOUNDS
A3317600820225003,22676,residential_rate,0,effective_residential_rate,0,< 0.08,L1_BOUNDS
A3317600821225003,22678,residential_rate,0,effective_residential_rate,0,< 0.08,L1_BOUNDS
A3317600916225003,22685,residential_rate,0,effective_residential_rate,0,< 0.08,L1_BOUNDS
A3317601119225003,22711,residential_rate,0,effective_residential_rate,0,< 0.08,L1_BOUNDS
A3317601220225003,22724,residential_rate,0,effective_residential_rate,0,< 0.08,L1_BOUNDS
A3317700122225003,22737,residential_rate,0,effective_residential_rate,0,< 0.08,L1_BOUNDS
A3317700124225003,22740,residential_rate,0,effective_residential_rate,0,< 0.08,L1_BOUNDS
A3317700321225003,22756,residential_rate,0,effective_residential_rate,0,< 0.08,L1_BOUNDS
A3317700421225003,22765,residential_rate,0,effective_residential_rate,0,< 0.08,L1_BOUNDS
A3317700521225003,22776,residential_rate,0,effective_residential_rate,0,< 0.08,L1_BOUNDS
A3317700721225003,22798,residential_rate,0,effective_residential_rate,0,< 0.08,L1_BOUNDS
A3317800122225003,22857,residential_rate,0,effective_residential_rate,0,< 0.08,L1_BOUNDS
A3317800222225003,22869,residential_rate,0,effective_residential_rate,0,< 0.08,L1_BOUNDS
A3317800322225003,22881,residential_rate,0,effective_residential_rate,0,< 0.08,L1_BOUNDS
A3317800422225003,22893,residential_rate,0,effective_residential_rate,0,< 0.08,L1_BOUNDS
A3317800522225003,22906,residential_rate,0,effective_residential_rate,0,< 0.08,L1_BOUNDS
A3317800816225003,22937,residential_rate,0,effective_residential_rate,0,< 0.08,L1_BOUNDS
A3317800916225003,22950,residential_rate,0,effective_residential_rate,0,< 0.08,L1_BOUNDS
A3317801016225003,22963,residential_rate,0,effective_residential_rate,0,< 0.08,L1_BOUNDS
A3317801116225003,22976,residential_rate,0,effective_residential_rate,0,< 0.08,L1_BOUNDS
A3317900122225003,23006,residential_rate,0,effective_residential_rate,0,< 0.08,L1_BOUNDS
A3317900222225003,23013,residential_rate,0,effective_residential_rate,0,< 0.08,L1_BOUNDS
A3317900322225003,23020,residential_rate,0,effective_residential_rate,0,< 0.08,L1_BOUNDS
A3317900616225003,23036,residential_rate,0,effective_residential_rate,0,< 0.08,L1_BOUNDS
A3317900722225003,23050,residential_rate,0,effective_residential_rate,0,< 0.08,L1_BOUNDS
A3317900816225003,23052,residential_rate,0,effective_residential_rate,0,< 0.08,L1_BOUNDS
A3317900822225003,23059,residential_rate,0,effective_residential_rate,0,< 0.08,L1_BOUNDS
A3317900922225003,23067,residential_rate,0,effective_residential_rate,0,< 0.08,L1_BOUNDS
A3317901022225003,23075,residential_rate,0,effective_residential_rate,0,< 0.08,L1_BOUNDS
A3317901122225003,23083,residential_rate,0,effective_residential_rate,0,< 0.08,L1_BOUNDS
A3317901222225003,23091,residential_rate,0,effective_residential_rate,0,< 0.08,L1_BOUNDS
A3318000117225003,23098,residential_rate,0,effective_residential_rate,0,< 0.08,L1_BOUNDS
A3318000124225003,23119,residential_rate,0,effective_residential_rate,0,< 0.08,L1_BOUNDS
A3318000125225003,23122,residential_rate,0,effective_residential_rate,0,< 0.08,L1_BOUNDS
A3318000125225003,23123,residential_rate,0,effective_residential_rate,0,< 0.08,L1_BOUNDS
A3318000126225003,23126,residential_rate,0,effective_residential_rate,0,< 0.08,L1_BOUNDS
A3318000216225003,23130,residential_rate,0,effective_residential_rate,0,< 0.08,L1_BOUNDS
A3318000224225003,23154,residential_rate,0,effective_residential_rate,0,< 0.08,L1_BOUNDS
A3318000225225003,23157,residential_rate,0,effective_residential_rate,0,< 0.08,L1_BOUNDS
A3318000225225003,23158,residential_rate,0,effective_residential_rate,0,< 0.08,L1_BOUNDS
A3318000226225003,23161,residential_rate,0,effective_residential_rate,0,< 0.08,L1_BOUNDS
A3318000316225003,23165,residential_rate,0,effective_residential_rate,0,< 0.08,L1_BOUNDS
A3318000324225003,23189,residential_rate,0,effective_residential_rate,0,< 0.08,L1_BOUNDS
A3318000325225003,23192,residential_rate,0,effective_residential_rate,0,< 0.08,L1_BOUNDS
A3318000416225003,23198,residential_rate,0,effective_residential_rate,0,< 0.08,L1_BOUNDS
A3318000420225003,23211,residential_rate,0,effective_residential_rate,0,< 0.08,L1_BOUNDS
A3318000424225003,23222,residential_rate,0,effective_residential_rate,0,< 0.08,L1_BOUNDS
A3318000425225003,23225,residential_rate,0,effective_residential_rate,0,< 0.08,L1_BOUNDS
A3318000425225003,23226,residential_rate,0,effective_residential_rate,0,< 0.08,L1_BOUNDS
A3318000426225003,23229,residential_rate,0,effective_residential_rate,0,< 0.08,L1_BOUNDS
A3318000426225003,23230,residential_rate,0,effective_residential_rate,0,< 0.08,L1_BOUNDS
A3318000516225003,23234,residential_rate,0,effective_residential_rate,0,< 0.08,L1_BOUNDS
A3318000521225003,23250,residential_rate,0,effective_residential_rate,0,< 0.08,L1_BOUNDS
A3318000524225003,23258,residential_rate,0,effective_residential_rate,0,< 0.08,L1_BOUNDS
A3318000524225003,23259,residential_rate,0,effective_residential_rate,0,< 0.08,L1_BOUNDS
A3318000525225003,23262,residential_rate,0,effective_residential_rate,0,< 0.08,L1_BOUNDS
A3318000525225003,23263,residential_rate,0,effective_residential_rate,0,< 0.08,L1_BOUNDS
A3318000526225003,23266,residential_rate,0,effective_residential_rate,0,< 0.08,L1_BOUNDS
A3318000624225003,23293,residential_rate,0,effective_residential_rate,0,< 0.08,L1_BOUNDS
A3318000625225003,23296,residential_rate,0,effective_residential_rate,0,< 0.08,L1_BOUNDS
A3318000626225003,23299,residential_rate,0,effective_residential_rate,0,< 0.08,L1_BOUNDS
A3318000626225003,23300,residential_rate,0,effective_residential_rate,0,< 0.08,L1_BOUNDS
A3318000723225003,23323,residential_rate,0,effective_residential_rate,0,< 0.08,L1_BOUNDS
A3318000724225003,23326,residential_rate,0,effective_residential_rate,0,< 0.08,L1_BOUNDS
A3318000726225003,23331,residential_rate,0,effective_residential_rate,0,< 0.08,L1_BOUNDS
A3318000823225003,23353,residential_rate,0,effective_residential_rate,-0.2601,< 0.08,L1_BOUNDS
A3318000823225003,23354,residential_rate,0,effective_residential_rate,-0.2601,< 0.08,L1_BOUNDS
A3318000824225003,23358,residential_rate,0,effective_residential_rate,0,< 0.08,L1_BOUNDS
A3318000825225003,23361,residential_rate,0,effective_residential_rate,0,< 0.08,L1_BOUNDS
A3318000825225003,23362,residential_rate,0,effective_residential_rate,0,< 0.08,L1_BOUNDS
A3318000826225003,23365,residential_rate,0,effective_residential_rate,0,< 0.08,L1_BOUNDS
A3318000920225003,23381,residential_rate,0,effective_residential_rate,0,< 0.08,L1_BOUNDS
A3318000924225003,23393,residential_rate,0,effective_residential_rate,0,< 0.08,L1_BOUNDS
A3318000925225003,23396,residential_rate,0,effective_residential_rate,0,< 0.08,L1_BOUNDS
A3318000925225003,23397,residential_rate,0,effective_residential_rate,0,< 0.08,L1_BOUNDS
A3318000926225003,23400,residential_rate,0,effective_residential_rate,0,< 0.08,L1_BOUNDS
A3318001024225003,23427,residential_rate,0,effective_residential_rate,0,< 0.08,L1_BOUNDS
A3318001024225003,23428,residential_rate,0,effective_residential_rate,0,< 0.08,L1_BOUNDS
A3318001025225003,23431,residential_rate,0,effective_residential_rate,0,< 0.08,L1_BOUNDS
A3318001026225003,23434,residential_rate,0,effective_residential_rate,0,< 0.08,L1_BOUNDS
A3318001125225003,23463,residential_rate,0,effective_residential_rate,0,< 0.08,L1_BOUNDS
A3318001126225003,23466,residential_rate,0,effective_residential_rate,0,< 0.08,L1_BOUNDS
A3318001219225003,23479,residential_rate,0,effective_residential_rate,0,< 0.08,L1_BOUNDS
A3318001224225003,23494,residential_rate,0,effective_residential_rate,0,< 0.08,L1_BOUNDS
A3318001224225003,23495,residential_rate,0,effective_residential_rate,0,< 0.08,L1_BOUNDS
A3318001225225003,23498,residential_rate,0,effective_residential_rate,0,< 0.08,L1_BOUNDS
A3318100418225003,23513,residential_rate,0,effective_residential_rate,0,< 0.08,L1_BOUNDS
A3318100518225003,23519,residential_rate,0,effective_residential_rate,0,< 0.08,L1_BOUNDS
A3318100521225003,23523,residential_rate,0,effective_residential_rate,0,< 0.08,L1_BOUNDS
A3318100621225003,23529,residential_rate,0,effective_residential_rate,0,< 0.08,L1_BOUNDS
A3318100718225003,23532,residential_rate,0,effective_residential_rate,0,< 0.08,L1_BOUNDS
A3318100721225003,23536,residential_rate,0,effective_residential_rate,0,< 0.08,L1_BOUNDS
A3318100818225003,23539,residential_rate,0,effective_residential_rate,0,< 0.08,L1_BOUNDS
A3318100918225003,23545,residential_rate,0,effective_residential_rate,0,< 0.08,L1_BOUNDS
A3318101219225003,23562,residential_rate,0,effective_residential_rate,0,< 0.08,L1_BOUNDS
A3318101220225003,23564,residential_rate,0,effective_residential_rate,0,< 0.08,L1_BOUNDS
A3318200120225003,23572,residential_rate,0,effective_residential_rate,0,< 0.08,L1_BOUNDS
A3318200122225003,23575,residential_rate,0,effective_residential_rate,0,< 0.08,L1_BOUNDS
A3318200224225003,23595,residential_rate,0,effective_residential_rate,0,< 0.08,L1_BOUNDS
A3318200324225003,23609,residential_rate,0,effective_residential_rate,0,< 0.08,L1_BOUNDS
A3318200416225003,23615,residential_rate,0,effective_residential_rate,0,< 0.08,L1_BOUNDS
A3318200420225003,23620,residential_rate,0,effective_residential_rate,0,< 0.08,L1_BOUNDS
A3318200524225003,23640,residential_rate,0,effective_residential_rate,0,< 0.08,L1_BOUNDS
A3318200724225003,23670,residential_rate,0,effective_residential_rate,0,< 0.08,L1_BOUNDS
A3318201022225003,23709,residential_rate,0,effective_residential_rate,0,< 0.08,L1_BOUNDS
A3318201220225003,23735,residential_rate,0,effective_residential_rate,0,< 0.08,L1_BOUNDS
A3318301220225003,23868,residential_rate,0,effective_residential_rate,0,< 0.08,L1_BOUNDS
A3318301222225003,23871,residential_rate,0,effective_residential_rate,0,< 0.08,L1_BOUNDS
A3318400220225003,23885,residential_rate,0,effective_residential_rate,-0.5656,< 0.08,L1_BOUNDS
A3318400919225003,23919,residential_rate,0,effective_residential_rate,-0.5406,< 0.08,L1_BOUNDS
A3318400920225003,23921,residential_rate,0,effective_residential_rate,0,< 0.08,L1_BOUNDS
A3318401018225003,23924,residential_rate,0,effective_residential_rate,0,< 0.08,L1_BOUNDS
A3318401020225003,23927,residential_rate,0,effective_residential_rate,0,< 0.08,L1_BOUNDS
A3318401120225003,23932,residential_rate,0,effective_residential_rate,0,< 0.08,L1_BOUNDS
A3318500217225003,23949,residential_rate,0,effective_residential_rate,0,< 0.08,L1_BOUNDS
A3318500219225003,23952,residential_rate,0,effective_residential_rate,0,< 0.08,L1_BOUNDS
A3318500220225003,23954,residential_rate,0,effective_residential_rate,0,< 0.08,L1_BOUNDS
A3318500224225003,23960,residential_rate,0,effective_residential_rate,0,< 0.08,L1_BOUNDS
A3318500320225003,23967,residential_rate,0,effective_residential_rate,0,< 0.08,L1_BOUNDS
A3318500324225003,23973,residential_rate,0,effective_residential_rate,0,< 0.08,L1_BOUNDS
A3318500420225003,23980,residential_rate,0,effective_residential_rate,0,< 0.08,L1_BOUNDS
A3318500424225003,23986,residential_rate,0,effective_residential_rate,0,< 0.08,L1_BOUNDS
A3318500520225003,23993,residential_rate,0,effective_residential_rate,0,< 0.08,L1_BOUNDS
A3318500621225003,24007,residential_rate,0,effective_residential_rate,0,< 0.08,L1_BOUNDS
A3318500622225003,24009,residential_rate,0,effective_residential_rate,0,< 0.08,L1_BOUNDS
A3318500720225003,24019,residential_rate,0,effective_residential_rate,0,< 0.08,L1_BOUNDS
A3318500820225003,24031,residential_rate,0,effective_residential_rate,0,< 0.08,L1_BOUNDS
A3318500822225003,24034,residential_rate,0,effective_residential_rate,0,< 0.08,L1_BOUNDS
A3318500920225003,24044,residential_rate,0,effective_residential_rate,0,< 0.08,L1_BOUNDS
A3318501018225003,24054,residential_rate,0,effective_residential_rate,0,< 0.08,L1_BOUNDS
A3318501118225003,24066,residential_rate,0,effective_residential_rate,0,< 0.08,L1_BOUNDS
A3318501120225003,24069,residential_rate,0,effective_residential_rate,0,< 0.08,L1_BOUNDS
A3318501219225003,24080,residential_rate,0,effective_residential_rate,-0.3543,< 0.08,L1_BOUNDS
A3318600121225003,24092,residential_rate,0,effective_residential_rate,0,< 0.08,L1_BOUNDS
A3318600122225003,24094,residential_rate,0,effective_residential_rate,0,< 0.08,L1_BOUNDS
A3318600222225003,24106,residential_rate,0,effective_residential_rate,0,< 0.08,L1_BOUNDS
A3318600322225003,24118,residential_rate,0,effective_residential_rate,0,< 0.08,L1_BOUNDS
A3318600421225003,24129,residential_rate,0,effective_residential_rate,0,< 0.08,L1_BOUNDS
A3318600521225003,24142,residential_rate,0,effective_residential_rate,0,< 0.08,L1_BOUNDS
A3318600721225003,24166,residential_rate,0,effective_residential_rate,0,< 0.08,L1_BOUNDS
A3318600821225003,24178,residential_rate,0,effective_residential_rate,0,< 0.08,L1_BOUNDS
A3318600822225003,24180,residential_rate,0,effective_residential_rate,0,< 0.08,L1_BOUNDS
A3318601017225003,24198,residential_rate,0,effective_residential_rate,0,< 0.08,L1_BOUNDS
A3318700120225003,24236,residential_rate,0,effective_residential_rate,-0.259,< 0.08,L1_BOUNDS
A3318700220225003,24253,residential_rate,0,effective_residential_rate,-0.259,< 0.08,L1_BOUNDS
A3318700320225003,24268,residential_rate,0,effective_residential_rate,-0.259,< 0.08,L1_BOUNDS
A3318700419225003,24282,residential_rate,0,effective_residential_rate,-0.2598,< 0.08,L1_BOUNDS
A3318700420225003,24284,residential_rate,0,effective_residential_rate,-0.259,< 0.08,L1_BOUNDS
A3318700519225003,24299,residential_rate,0,effective_residential_rate,-0.2598,< 0.08,L1_BOUNDS
A3318700520225003,24301,residential_rate,0,effective_residential_rate,-0.259,< 0.08,L1_BOUNDS
A3318700619225003,24315,residential_rate,0,effective_residential_rate,-0.2598,< 0.08,L1_BOUNDS
A3318700620225003,24317,residential_rate,0,effective_residential_rate,-0.259,< 0.08,L1_BOUNDS
A3318700719225003,24331,residential_rate,0,effective_residential_rate,-0.2598,< 0.08,L1_BOUNDS
A3318700720225003,24333,residential_rate,0,effective_residential_rate,-0.259,< 0.08,L1_BOUNDS
A3318700720225003,24334,residential_rate,0,effective_residential_rate,0,< 0.08,L1_BOUNDS
A3318700721225003,24336,residential_rate,0,effective_residential_rate,-0.2309,< 0.08,L1_BOUNDS
A3318700819225003,24348,residential_rate,0,effective_residential_rate,-0.2598,< 0.08,L1_BOUNDS
A3318700820225003,24350,residential_rate,0,effective_residential_rate,-0.259,< 0.08,L1_BOUNDS
A3318700919225003,24365,residential_rate,0,effective_residential_rate,-0.2598,< 0.08,L1_BOUNDS
A3318700920225003,24367,residential_rate,0,effective_residential_rate,-0.259,< 0.08,L1_BOUNDS
A3318700921225003,24369,residential_rate,0,effective_residential_rate,0,< 0.08,L1_BOUNDS
A3318701019225003,24382,residential_rate,0,effective_residential_rate,-0.2598,< 0.08,L1_BOUNDS
A3318701020225003,24384,residential_rate,0,effective_residential_rate,-0.259,< 0.08,L1_BOUNDS
A3318701119225003,24398,residential_rate,0,effective_residential_rate,-0.2598,< 0.08,L1_BOUNDS
A3318701120225003,24400,residential_rate,0,effective_residential_rate,-0.259,< 0.08,L1_BOUNDS
A3318701219225003,24415,residential_rate,0,effective_residential_rate,-0.259,< 0.08,L1_BOUNDS
A3318701220225003,24417,residential_rate,0,effective_residential_rate,0,< 0.08,L1_BOUNDS
A3318800121225003,24432,residential_rate,0,effective_residential_rate,0,< 0.08,L1_BOUNDS
A3318800216225003,24438,residential_rate,0,effective_residential_rate,0,< 0.08,L1_BOUNDS
A3318800219225003,24442,residential_rate,0,effective_residential_rate,0,< 0.08,L1_BOUNDS
A3318800318225003,24452,residential_rate,0,effective_residential_rate,0,< 0.08,L1_BOUNDS
A3318801223225003,24561,residential_rate,0,effective_residential_rate,0,< 0.08,L1_BOUNDS
A3318900122225003,24571,residential_rate,0,effective_residential_rate,0,< 0.08,L1_BOUNDS
A3318900418225003,24599,residential_rate,0,effective_residential_rate,0,< 0.08,L1_BOUNDS
A3318900522225003,24615,residential_rate,0,effective_residential_rate,0,< 0.08,L1_BOUNDS
A3318900716225003,24632,residential_rate,0,effective_residential_rate,0,< 0.08,L1_BOUNDS
A3318901018225003,24669,residential_rate,0,effective_residential_rate,0,< 0.08,L1_BOUNDS
A3318901220225003,24694,residential_rate,0,effective_residential_rate,0,< 0.08,L1_BOUNDS
A3319000516225003,24743,residential_rate,0,effective_residential_rate,0,< 0.08,L1_BOUNDS
A3319000517225003,24745,residential_rate,0,effective_residential_rate,0,< 0.08,L1_BOUNDS
A3319000617225003,24757,residential_rate,0,effective_residential_rate,0,< 0.08,L1_BOUNDS
A3319000917225003,24791,residential_rate,0,effective_residential_rate,0,< 0.08,L1_BOUNDS
A3319001017225003,24803,residential_rate,0,effective_residential_rate,0,< 0.08,L1_BOUNDS
A3319001018225003,24805,residential_rate,0,effective_residential_rate,0,< 0.08,L1_BOUNDS
A3319001220225003,24831,residential_rate,0,effective_residential_rate,0,< 0.08,L1_BOUNDS
A3319100122225003,24844,residential_rate,0,effective_residential_rate,0,< 0.08,L1_BOUNDS
A3319100217225003,24852,residential_rate,0,effective_residential_rate,0,< 0.08,L1_BOUNDS
A3319100423225003,24883,residential_rate,0.8,effective_residential_rate,0.0625,< 0.08,L1_BOUNDS
A3319100423225003,24884,residential_rate,0,effective_residential_rate,0,< 0.08,L1_BOUNDS
A3319100820225003,24937,residential_rate,0,effective_residential_rate,0,< 0.08,L1_BOUNDS
A3319101016225003,24962,residential_rate,0,effective_residential_rate,0,< 0.08,L1_BOUNDS
A3319101018225003,24965,residential_rate,0,effective_residential_rate,0,< 0.08,L1_BOUNDS
A3319101019225003,24967,residential_rate,0,effective_residential_rate,-0.6322,< 0.08,L1_BOUNDS
A3319101119225003,24982,residential_rate,0,effective_residential_rate,-0.6322,< 0.08,L1_BOUNDS
A3319200117225003,25008,residential_rate,0,effective_residential_rate,0,< 0.08,L1_BOUNDS
A3319200118225003,25010,residential_rate,0,effective_residential_rate,0,< 0.08,L1_BOUNDS
A3319200119225003,25012,residential_rate,0,effective_residential_rate,0,< 0.08,L1_BOUNDS
A3319200219225003,25032,residential_rate,0,effective_residential_rate,0,< 0.08,L1_BOUNDS
A3319200221225003,25035,residential_rate,0,effective_residential_rate,0,< 0.08,L1_BOUNDS
A3319200318225003,25053,residential_rate,0,effective_residential_rate,0,< 0.08,L1_BOUNDS
A3319200319225003,25055,residential_rate,0,effective_residential_rate,0,< 0.08,L1_BOUNDS
A3319200321225003,25058,residential_rate,0,effective_residential_rate,0,< 0.08,L1_BOUNDS
A3319200419225003,25077,residential_rate,0,effective_residential_rate,0,< 0.08,L1_BOUNDS
A3319200518225003,25095,residential_rate,0,effective_residential_rate,0,< 0.08,L1_BOUNDS
A3319200519225003,25097,residential_rate,0,effective_residential_rate,0,< 0.08,L1_BOUNDS
A3319200520225003,25099,residential_rate,0,effective_residential_rate,0,< 0.08,L1_BOUNDS
A3319200521225003,25101,residential_rate,0,effective_residential_rate,0,< 0.08,L1_BOUNDS
A3319200617225003,25116,residential_rate,0,effective_residential_rate,0,< 0.08,L1_BOUNDS
A3319200618225003,25118,residential_rate,0,effective_residential_rate,0,< 0.08,L1_BOUNDS
A3319200619225003,25120,residential_rate,0,effective_residential_rate,0,< 0.08,L1_BOUNDS
A3319200619225003,25121,residential_rate,0,effective_residential_rate,0,< 0.08,L1_BOUNDS
A3319200621225003,25124,residential_rate,0,effective_residential_rate,0,< 0.08,L1_BOUNDS
A3319200716225003,25137,residential_rate,0,effective_residential_rate,0,< 0.08,L1_BOUNDS
A3319200717225003,25139,residential_rate,0,effective_residential_rate,0,< 0.08,L1_BOUNDS
A3319200718225003,25141,residential_rate,0,effective_residential_rate,0,< 0.08,L1_BOUNDS
A3319200719225003,25143,residential_rate,0,effective_residential_rate,0,< 0.08,L1_BOUNDS
A3319200722225003,25150,residential_rate,0,effective_residential_rate,0,< 0.08,L1_BOUNDS
A3319200816225003,25160,residential_rate,0,effective_residential_rate,0,< 0.08,L1_BOUNDS
A3319200816225003,25161,residential_rate,0,effective_residential_rate,0,< 0.08,L1_BOUNDS
A3319200817225003,25163,residential_rate,0,effective_residential_rate,0,< 0.08,L1_BOUNDS
A3319200819225003,25166,residential_rate,0,effective_residential_rate,0,< 0.08,L1_BOUNDS
A3319200820225003,25168,residential_rate,0,effective_residential_rate,0,< 0.08,L1_BOUNDS
A3319200821225003,25170,residential_rate,0,effective_residential_rate,0,< 0.08,L1_BOUNDS
A3319200822225003,25174,residential_rate,0,effective_residential_rate,0,< 0.08,L1_BOUNDS
A3319200916225003,25184,residential_rate,0,effective_residential_rate,0,< 0.08,L1_BOUNDS
A3319200917225003,25186,residential_rate,0,effective_residential_rate,0,< 0.08,L1_BOUNDS
A3319200918225003,25188,residential_rate,0,effective_residential_rate,0,< 0.08,L1_BOUNDS
A3319200919225003,25190,residential_rate,0,effective_residential_rate,0,< 0.08,L1_BOUNDS
A3319200922225003,25194,residential_rate,0,effective_residential_rate,0,< 0.08,L1_BOUNDS
A3319201016225003,25203,residential_rate,0,effective_residential_rate,0,< 0.08,L1_BOUNDS
A3319201017225003,25205,residential_rate,0,effective_residential_rate,0,< 0.08,L1_BOUNDS
A3319201018225003,25207,residential_rate,0,effective_residential_rate,0,< 0.08,L1_BOUNDS
A3319201018225003,25208,residential_rate,0,effective_residential_rate,0,< 0.08,L1_BOUNDS
A3319201020225003,25211,residential_rate,0,effective_residential_rate,0,< 0.08,L1_BOUNDS
A3319201116225003,25219,residential_rate,0,effective_residential_rate,0,< 0.08,L1_BOUNDS
A3319201116225003,25220,residential_rate,0,effective_residential_rate,0,< 0.08,L1_BOUNDS
A3319201118225003,25224,residential_rate,0,effective_residential_rate,0,< 0.08,L1_BOUNDS
A3319201118225003,25225,residential_rate,0,effective_residential_rate,0,< 0.08,L1_BOUNDS
A3319201216225003,25236,residential_rate,0,effective_residential_rate,0,< 0.08,L1_BOUNDS
A3319201218225003,25239,residential_rate,0,effective_residential_rate,0,< 0.08,L1_BOUNDS
A3319201219225003,25241,residential_rate,0,effective_residential_rate,0,< 0.08,L1_BOUNDS
A3319201220225003,25243,residential_rate,0,effective_residential_rate,0,< 0.08,L1_BOUNDS
A3319201220225003,25244,residential_rate,0,effective_residential_rate,0,< 0.08,L1_BOUNDS
A3319300118225003,25262,residential_rate,0,effective_residential_rate,0,< 0.08,L1_BOUNDS
A3319300517225003,25299,residential_rate,0,effective_residential_rate,0,< 0.08,L1_BOUNDS
A3319300617225003,25309,residential_rate,0,effective_residential_rate,0,< 0.08,L1_BOUNDS
A3319300918225003,25339,residential_rate,0,effective_residential_rate,0,< 0.08,L1_BOUNDS
A3319400117225003,25374,residential_rate,0,effective_residential_rate,0,< 0.08,L1_BOUNDS
A3319400222225003,25390,residential_rate,0,effective_residential_rate,0,< 0.08,L1_BOUNDS
A3319500125225003,25519,residential_rate,0,effective_residential_rate,0,< 0.08,L1_BOUNDS
A3319500226225003,25552,residential_rate,0,effective_residential_rate,0,< 0.08,L1_BOUNDS
A3319500325225003,25581,residential_rate,0,effective_residential_rate,0,< 0.08,L1_BOUNDS
A3319500521225003,25632,residential_rate,0,effective_residential_rate,0,< 0.08,L1_BOUNDS
A3319500526225003,25644,residential_rate,0,effective_residential_rate,0,< 0.08,L1_BOUNDS
A3319500723225003,25697,residential_rate,0,effective_residential_rate,0,< 0.08,L1_BOUNDS
A3319500726225003,25704,residential_rate,0,effective_residential_rate,0,< 0.08,L1_BOUNDS
A3319500823225003,25728,residential_rate,0,effective_residential_rate,0,< 0.08,L1_BOUNDS
A3319500924225003,25761,residential_rate,0,effective_residential_rate,0,< 0.08,L1_BOUNDS
A3319600522225003,25899,residential_rate,0,effective_residential_rate,0,< 0.08,L1_BOUNDS
A3319600621225003,25910,residential_rate,0,effective_residential_rate,0,< 0.08,L1_BOUNDS
A3319600622225003,25912,residential_rate,0,effective_residential_rate,0,< 0.08,L1_BOUNDS
A3319600722225003,25924,residential_rate,0,effective_residential_rate,0,< 0.08,L1_BOUNDS
A3319600822225003,25936,residential_rate,0,effective_residential_rate,0,< 0.08,L1_BOUNDS
A3319700122225003,25991,residential_rate,0,effective_residential_rate,0,< 0.08,L1_BOUNDS
A3319700124225003,25995,residential_rate,0,effective_residential_rate,0,< 0.08,L1_BOUNDS
A3319700222225003,26004,residential_rate,0,effective_residential_rate,0,< 0.08,L1_BOUNDS
A3319700223225003,26006,residential_rate,0,effective_residential_rate,0,< 0.08,L1_BOUNDS
A3319700322225003,26017,residential_rate,0,effective_residential_rate,0,< 0.08,L1_BOUNDS
A3319700323225003,26019,residential_rate,0,effective_residential_rate,0,< 0.08,L1_BOUNDS
A3319700421225003,26028,residential_rate,0,effective_residential_rate,0,< 0.08,L1_BOUNDS
A3319700423225003,26031,residential_rate,0,effective_residential_rate,0,< 0.08,L1_BOUNDS
A3319700616225003,26046,residential_rate,0,effective_residential_rate,0,< 0.08,L1_BOUNDS
A3319701220225003,26117,residential_rate,0,effective_residential_rate,0,< 0.08,L1_BOUNDS
A3319800121225003,26128,residential_rate,0,effective_residential_rate,-0.4927,< 0.08,L1_BOUNDS
A3319800122225003,26130,residential_rate,0,effective_residential_rate,-0.4989,< 0.08,L1_BOUNDS
A3319800123225003,26133,residential_rate,0,effective_residential_rate,0,< 0.08,L1_BOUNDS
A3319800221225003,26146,residential_rate,0,effective_residential_rate,-0.4927,< 0.08,L1_BOUNDS
A3319800222225003,26148,residential_rate,0,effective_residential_rate,-0.4989,< 0.08,L1_BOUNDS
A3319800224225003,26153,residential_rate,0,effective_residential_rate,0,< 0.08,L1_BOUNDS
A3319800321225003,26163,residential_rate,0,effective_residential_rate,-0.4927,< 0.08,L1_BOUNDS
A3319800322225003,26165,residential_rate,0,effective_residential_rate,-0.4989,< 0.08,L1_BOUNDS
A3319800420225003,26178,residential_rate,0,effective_residential_rate,-0.5079,< 0.08,L1_BOUNDS
A3319800421225003,26180,residential_rate,0,effective_residential_rate,-0.4927,< 0.08,L1_BOUNDS
A3319800422225003,26182,residential_rate,0,effective_residential_rate,-0.4989,< 0.08,L1_BOUNDS
A3319800520225003,26196,residential_rate,0,effective_residential_rate,-0.5079,< 0.08,L1_BOUNDS
A3319800521225003,26198,residential_rate,0,effective_residential_rate,-0.4927,< 0.08,L1_BOUNDS
A3319800620225003,26215,residential_rate,0,effective_residential_rate,0,< 0.08,L1_BOUNDS
A3319800621225003,26217,residential_rate,0,effective_residential_rate,-0.4927,< 0.08,L1_BOUNDS
A3319800622225003,26220,residential_rate,0,effective_residential_rate,0,< 0.08,L1_BOUNDS
A3319800720225003,26234,residential_rate,0,effective_residential_rate,-0.5079,< 0.08,L1_BOUNDS
A3319800721225003,26236,residential_rate,0,effective_residential_rate,-0.4927,< 0.08,L1_BOUNDS
A3319800722225003,26239,residential_rate,0,effective_residential_rate,0,< 0.08,L1_BOUNDS
A3319800822225003,26258,residential_rate,0,effective_residential_rate,0,< 0.08,L1_BOUNDS
A3319800920225003,26272,residential_rate,0,effective_residential_rate,-0.5079,< 0.08,L1_BOUNDS
A3319800920225003,26273,residential_rate,0,effective_residential_rate,0,< 0.08,L1_BOUNDS
A3319800921225003,26275,residential_rate,0,effective_residential_rate,-0.4927,< 0.08,L1_BOUNDS
A3319800922225003,26278,residential_rate,0,effective_residential_rate,0,< 0.08,L1_BOUNDS
A3319801020225003,26292,residential_rate,0,effective_residential_rate,-0.5079,< 0.08,L1_BOUNDS
A3319801021225003,26294,residential_rate,0,effective_residential_rate,-0.4927,< 0.08,L1_BOUNDS
A3319801116225003,26307,residential_rate,0,effective_residential_rate,0,< 0.08,L1_BOUNDS
A3319801120225003,26312,residential_rate,0,effective_residential_rate,-0.5079,< 0.08,L1_BOUNDS
A3319801121225003,26314,residential_rate,0,effective_residential_rate,-0.4927,< 0.08,L1_BOUNDS
A3319801220225003,26330,residential_rate,0,effective_residential_rate,-0.5079,< 0.08,L1_BOUNDS
A3319801220225003,26331,residential_rate,0,effective_residential_rate,0,< 0.08,L1_BOUNDS
A3319801221225003,26333,residential_rate,0,effective_residential_rate,-0.4927,< 0.08,L1_BOUNDS
A3319900219225003,26359,residential_rate,0,effective_residential_rate,0,< 0.08,L1_BOUNDS
A3319900319225003,26371,residential_rate,0,effective_residential_rate,0,< 0.08,L1_BOUNDS
A3319900523225003,26398,residential_rate,0,effective_residential_rate,0,< 0.08,L1_BOUNDS
A3319900622225003,26409,residential_rate,0,effective_residential_rate,0,< 0.08,L1_BOUNDS
A3319900821225003,26431,residential_rate,0,effective_residential_rate,0,< 0.08,L1_BOUNDS
A3319901021225003,26453,residential_rate,0,effective_residential_rate,0,< 0.08,L1_BOUNDS
A3319901121225003,26465,residential_rate,0,effective_residential_rate,0,< 0.08,L1_BOUNDS
A3319901219225003,26475,residential_rate,0,effective_residential_rate,0,< 0.08,L1_BOUNDS
A3319901220225003,26477,residential_rate,0,effective_residential_rate,0,< 0.08,L1_BOUNDS
A3319901221225003,26479,residential_rate,0,effective_residential_rate,0,< 0.08,L1_BOUNDS
A3320000416225003,26516,residential_rate,0.4,effective_residential_rate,0.0733,< 0.08,L1_BOUNDS
A3320000416225003,26517,residential_rate,0,effective_residential_rate,0,< 0.08,L1_BOUNDS
A3320001220225003,26610,residential_rate,0,effective_residential_rate,0,< 0.08,L1_BOUNDS
A3320100117225003,26618,residential_rate,0,effective_residential_rate,0,< 0.08,L1_BOUNDS
A3320100118225003,26620,residential_rate,0,effective_residential_rate,0,< 0.08,L1_BOUNDS
A3320100120225003,26623,residential_rate,0,effective_residential_rate,0,< 0.08,L1_BOUNDS
A3320100217225003,26631,residential_rate,0,effective_residential_rate,0,< 0.08,L1_BOUNDS
A3320100219225003,26634,residential_rate,0,effective_residential_rate,0,< 0.08,L1_BOUNDS
A3320100317225003,26643,residential_rate,0,effective_residential_rate,0,< 0.08,L1_BOUNDS
A3320100417225003,26654,residential_rate,0,effective_residential_rate,0,< 0.08,L1_BOUNDS
A3320100420225003,26658,residential_rate,0,effective_residential_rate,0,< 0.08,L1_BOUNDS
A3320100516225003,26666,residential_rate,0,effective_residential_rate,0,< 0.08,L1_BOUNDS
A3320100517225003,26668,residential_rate,0,effective_residential_rate,0,< 0.08,L1_BOUNDS
A3320100518225003,26670,residential_rate,0,effective_residential_rate,0,< 0.08,L1_BOUNDS
A3320100519225003,26672,residential_rate,0,effective_residential_rate,0,< 0.08,L1_BOUNDS
A3320100521225003,26675,residential_rate,0,effective_residential_rate,0,< 0.08,L1_BOUNDS
A3320100617225003,26683,residential_rate,0,effective_residential_rate,0,< 0.08,L1_BOUNDS
A3320100617225003,26684,residential_rate,0,effective_residential_rate,0,< 0.08,L1_BOUNDS
A3320100621225003,26689,residential_rate,0,effective_residential_rate,0,< 0.08,L1_BOUNDS
A3320100717225003,26698,residential_rate,0,effective_residential_rate,0,< 0.08,L1_BOUNDS
A3320100719225003,26701,residential_rate,0,effective_residential_rate,0,< 0.08,L1_BOUNDS
A3320100817225003,26711,residential_rate,0,effective_residential_rate,0,< 0.08,L1_BOUNDS
A3320100820225003,26715,residential_rate,0,effective_residential_rate,0,< 0.08,L1_BOUNDS
A3320100917225003,26724,residential_rate,0,effective_residential_rate,0,< 0.08,L1_BOUNDS
A3320100917225003,26725,residential_rate,0,effective_residential_rate,0,< 0.08,L1_BOUNDS
A3320100918225003,26727,residential_rate,0,effective_residential_rate,0,< 0.08,L1_BOUNDS
A3320101018225003,26739,residential_rate,0,effective_residential_rate,0,< 0.08,L1_BOUNDS
A3320101216225003,26760,residential_rate,0,effective_residential_rate,0,< 0.08,L1_BOUNDS
A3320101218225003,26763,residential_rate,0,effective_residential_rate,0,< 0.08,L1_BOUNDS
A3320101220225003,26766,residential_rate,0,effective_residential_rate,0,< 0.08,L1_BOUNDS
A3320200118225003,26777,residential_rate,0,effective_residential_rate,0,< 0.08,L1_BOUNDS
A3320200119225003,26779,residential_rate,0,effective_residential_rate,-0.3504,< 0.08,L1_BOUNDS
A3320200120225003,26781,residential_rate,0,effective_residential_rate,0,< 0.08,L1_BOUNDS
A3320200121225003,26783,residential_rate,0,effective_residential_rate,-0.334,< 0.08,L1_BOUNDS
A3320200121225003,26784,residential_rate,0,effective_residential_rate,0,< 0.08,L1_BOUNDS
A3320200122225003,26786,residential_rate,0,effective_residential_rate,-0.3402,< 0.08,L1_BOUNDS
A3320200122225003,26787,residential_rate,0,effective_residential_rate,0,< 0.08,L1_BOUNDS
A3320200218225003,26799,residential_rate,0,effective_residential_rate,-0.3647,< 0.08,L1_BOUNDS
A3320200219225003,26801,residential_rate,0,effective_residential_rate,-0.3504,< 0.08,L1_BOUNDS
A3320200220225003,26803,residential_rate,0,effective_residential_rate,-0.3502,< 0.08,L1_BOUNDS
A3320200221225003,26805,residential_rate,0,effective_residential_rate,-0.334,< 0.08,L1_BOUNDS
A3320200221225003,26806,residential_rate,0,effective_residential_rate,0,< 0.08,L1_BOUNDS
A3320200222225003,26808,residential_rate,0,effective_residential_rate,-0.3402,< 0.08,L1_BOUNDS
A3320200222225003,26809,residential_rate,0,effective_residential_rate,0,< 0.08,L1_BOUNDS
A3320200318225003,26822,residential_rate,0,effective_residential_rate,-0.3647,< 0.08,L1_BOUNDS
A3320200319225003,26824,residential_rate,0,effective_residential_rate,-0.3504,< 0.08,L1_BOUNDS
A3320200320225003,26826,residential_rate,0,effective_residential_rate,-0.3502,< 0.08,L1_BOUNDS
A3320200321225003,26828,residential_rate,0,effective_residential_rate,-0.334,< 0.08,L1_BOUNDS
A3320200321225003,26829,residential_rate,0,effective_residential_rate,0,< 0.08,L1_BOUNDS
A3320200322225003,26831,residential_rate,0,effective_residential_rate,-0.3402,< 0.08,L1_BOUNDS
A3320200418225003,26843,residential_rate,0,effective_residential_rate,-0.3647,< 0.08,L1_BOUNDS
A3320200419225003,26845,residential_rate,0,effective_residential_rate,-0.3504,< 0.08,L1_BOUNDS
A3320200420225003,26847,residential_rate,0,effective_residential_rate,-0.35,< 0.08,L1_BOUNDS
A3320200421225003,26849,residential_rate,0,effective_residential_rate,-0.334,< 0.08,L1_BOUNDS
A3320200421225003,26850,residential_rate,0,effective_residential_rate,0,< 0.08,L1_BOUNDS
A3320200422225003,26852,residential_rate,0,effective_residential_rate,-0.3402,< 0.08,L1_BOUNDS
A3320200422225003,26853,residential_rate,0,effective_residential_rate,0,< 0.08,L1_BOUNDS
A3320200516225003,26865,residential_rate,0,effective_residential_rate,0,< 0.08,L1_BOUNDS
A3320200516225003,26866,residential_rate,0,effective_residential_rate,0,< 0.08,L1_BOUNDS
A3320200518225003,26870,residential_rate,0,effective_residential_rate,-0.3647,< 0.08,L1_BOUNDS
A3320200519225003,26872,residential_rate,0,effective_residential_rate,-0.3504,< 0.08,L1_BOUNDS
A3320200520225003,26874,residential_rate,0,effective_residential_rate,-0.35,< 0.08,L1_BOUNDS
A3320200521225003,26876,residential_rate,0,effective_residential_rate,-0.334,< 0.08,L1_BOUNDS
A3320200521225003,26877,residential_rate,0,effective_residential_rate,0,< 0.08,L1_BOUNDS
A3320200522225003,26879,residential_rate,0,effective_residential_rate,-0.3402,< 0.08,L1_BOUNDS
A3320200522225003,26880,residential_rate,0,effective_residential_rate,0,< 0.08,L1_BOUNDS
A3320200616225003,26892,residential_rate,0,effective_residential_rate,0,< 0.08,L1_BOUNDS
A3320200618225003,26896,residential_rate,0,effective_residential_rate,-0.3647,< 0.08,L1_BOUNDS
A3320200619225003,26898,residential_rate,0,effective_residential_rate,-0.3504,< 0.08,L1_BOUNDS
A3320200620225003,26900,residential_rate,0,effective_residential_rate,-0.35,< 0.08,L1_BOUNDS
A3320200621225003,26902,residential_rate,0,effective_residential_rate,-0.334,< 0.08,L1_BOUNDS
A3320200621225003,26903,residential_rate,0,effective_residential_rate,0,< 0.08,L1_BOUNDS
A3320200622225003,26905,residential_rate,0,effective_residential_rate,-0.3402,< 0.08,L1_BOUNDS
A3320200622225003,26906,residential_rate,0,effective_residential_rate,0,< 0.08,L1_BOUNDS
A3320200718225003,26921,residential_rate,0,effective_residential_rate,-0.3647,< 0.08,L1_BOUNDS
A3320200719225003,26923,residential_rate,0,effective_residential_rate,-0.3504,< 0.08,L1_BOUNDS
A3320200720225003,26925,residential_rate,0,effective_residential_rate,-0.35,< 0.08,L1_BOUNDS
A3320200721225003,26927,residential_rate,0,effective_residential_rate,-0.334,< 0.08,L1_BOUNDS
A3320200721225003,26928,residential_rate,0,effective_residential_rate,0,< 0.08,L1_BOUNDS
A3320200722225003,26931,residential_rate,0,effective_residential_rate,0,< 0.08,L1_BOUNDS
A3320200818225003,26945,residential_rate,0,effective_residential_rate,-0.3647,< 0.08,L1_BOUNDS
A3320200819225003,26947,residential_rate,0,effective_residential_rate,-0.3504,< 0.08,L1_BOUNDS
A3320200820225003,26949,residential_rate,0,effective_residential_rate,-0.35,< 0.08,L1_BOUNDS
A3320200821225003,26951,residential_rate,0,effective_residential_rate,-0.334,< 0.08,L1_BOUNDS
A3320200821225003,26952,residential_rate,0,effective_residential_rate,0,< 0.08,L1_BOUNDS
A3320200822225003,26955,residential_rate,0,effective_residential_rate,0,< 0.08,L1_BOUNDS
A3320200917225003,26969,residential_rate,0,effective_residential_rate,0,< 0.08,L1_BOUNDS
A3320200918225003,26971,residential_rate,0,effective_residential_rate,-0.3647,< 0.08,L1_BOUNDS
A3320200919225003,26973,residential_rate,0,effective_residential_rate,-0.3504,< 0.08,L1_BOUNDS
A3320200920225003,26975,residential_rate,0,effective_residential_rate,-0.35,< 0.08,L1_BOUNDS
A3320200921225003,26977,residential_rate,0,effective_residential_rate,-0.334,< 0.08,L1_BOUNDS
A3320200921225003,26978,residential_rate,0,effective_residential_rate,0,< 0.08,L1_BOUNDS
A3320200922225003,26981,residential_rate,0,effective_residential_rate,0,< 0.08,L1_BOUNDS
A3320201016225003,26992,residential_rate,0,effective_residential_rate,0,< 0.08,L1_BOUNDS
A3320201017225003,26994,residential_rate,0,effective_residential_rate,-0.3736,< 0.08,L1_BOUNDS
A3320201017225003,26995,residential_rate,0,effective_residential_rate,0,< 0.08,L1_BOUNDS
A3320201018225003,26997,residential_rate,0,effective_residential_rate,-0.3647,< 0.08,L1_BOUNDS
A3320201019225003,26999,residential_rate,0,effective_residential_rate,-0.3504,< 0.08,L1_BOUNDS
A3320201020225003,27001,residential_rate,0,effective_residential_rate,-0.35,< 0.08,L1_BOUNDS
A3320201021225003,27003,residential_rate,0,effective_residential_rate,-0.334,< 0.08,L1_BOUNDS
A3320201022225003,27006,residential_rate,0,effective_residential_rate,0,< 0.08,L1_BOUNDS
A3320201118225003,27020,residential_rate,0,effective_residential_rate,-0.3647,< 0.08,L1_BOUNDS
A3320201119225003,27022,residential_rate,0,effective_residential_rate,-0.3504,< 0.08,L1_BOUNDS
A3320201120225003,27024,residential_rate,0,effective_residential_rate,-0.35,< 0.08,L1_BOUNDS
A3320201121225003,27026,residential_rate,0,effective_residential_rate,-0.334,< 0.08,L1_BOUNDS
A3320201122225003,27029,residential_rate,0,effective_residential_rate,0,< 0.08,L1_BOUNDS
A3320201219225003,27046,residential_rate,0,effective_residential_rate,-0.3504,< 0.08,L1_BOUNDS
A3320201220225003,27048,residential_rate,0,effective_residential_rate,-0.35,< 0.08,L1_BOUNDS
A3320201220225003,27049,residential_rate,0,effective_residential_rate,0,< 0.08,L1_BOUNDS
A3320201221225003,27051,residential_rate,0,effective_residential_rate,-0.334,< 0.08,L1_BOUNDS
A3320201222225003,27054,residential_rate,0,effective_residential_rate,0,< 0.08,L1_BOUNDS
A3320301217225003,27186,residential_rate,0,effective_residential_rate,0,< 0.08,L1_BOUNDS
A3320301220225003,27190,residential_rate,0,effective_residential_rate,0,< 0.08,L1_BOUNDS
A3320400118225003,27199,residential_rate,0,effective_residential_rate,-0.5142,< 0.08,L1_BOUNDS
A3320400118225003,27200,residential_rate,0,effective_residential_rate,0,< 0.08,L1_BOUNDS
A3320400119225003,27202,residential_rate,0,effective_residential_rate,-0.4998,< 0.08,L1_BOUNDS
A3320400120225003,27204,residential_rate,0,effective_residential_rate,-0.499,< 0.08,L1_BOUNDS
A3320400121225003,27206,residential_rate,0,effective_residential_rate,-0.4837,< 0.08,L1_BOUNDS
A3320400218225003,27222,residential_rate,0,effective_residential_rate,-0.5142,< 0.08,L1_BOUNDS
A3320400218225003,27223,residential_rate,0,effective_residential_rate,0,< 0.08,L1_BOUNDS
A3320400219225003,27225,residential_rate,0,effective_residential_rate,-0.4998,< 0.08,L1_BOUNDS
A3320400220225003,27227,residential_rate,0,effective_residential_rate,-0.499,< 0.08,L1_BOUNDS
A3320400220225003,27228,residential_rate,0,effective_residential_rate,0,< 0.08,L1_BOUNDS
A3320400221225003,27230,residential_rate,0,effective_residential_rate,-0.4837,< 0.08,L1_BOUNDS
A3320400318225003,27247,residential_rate,0,effective_residential_rate,0,< 0.08,L1_BOUNDS
A3320400319225003,27249,residential_rate,0,effective_residential_rate,-0.4998,< 0.08,L1_BOUNDS
A3320400320225003,27251,residential_rate,0,effective_residential_rate,-0.499,< 0.08,L1_BOUNDS
A3320400321225003,27253,residential_rate,0,effective_residential_rate,-0.4837,< 0.08,L1_BOUNDS
A3320400321225003,27254,residential_rate,0,effective_residential_rate,0,< 0.08,L1_BOUNDS
A3320400418225003,27271,residential_rate,0,effective_residential_rate,0,< 0.08,L1_BOUNDS
A3320400419225003,27273,residential_rate,0,effective_residential_rate,-0.4998,< 0.08,L1_BOUNDS
A3320400420225003,27275,residential_rate,0,effective_residential_rate,-0.499,< 0.08,L1_BOUNDS
A3320400421225003,27277,residential_rate,0,effective_residential_rate,-0.4837,< 0.08,L1_BOUNDS
A3320400421225003,27278,residential_rate,0,effective_residential_rate,0,< 0.08,L1_BOUNDS
A3320400518225003,27294,residential_rate,0,effective_residential_rate,-0.5142,< 0.08,L1_BOUNDS
A3320400518225003,27295,residential_rate,0,effective_residential_rate,0,< 0.08,L1_BOUNDS
A3320400520225003,27299,residential_rate,0,effective_residential_rate,-0.499,< 0.08,L1_BOUNDS
A3320400522225003,27303,residential_rate,0,effective_residential_rate,-0.4897,< 0.08,L1_BOUNDS
A3320400619225003,27319,residential_rate,0,effective_residential_rate,-0.4998,< 0.08,L1_BOUNDS
A3320400620225003,27321,residential_rate,0,effective_residential_rate,-0.499,< 0.08,L1_BOUNDS
A3320400622225003,27325,residential_rate,0,effective_residential_rate,-0.4897,< 0.08,L1_BOUNDS
A3320400718225003,27340,residential_rate,0,effective_residential_rate,0,< 0.08,L1_BOUNDS
A3320400719225003,27342,residential_rate,0,effective_residential_rate,-0.4998,< 0.08,L1_BOUNDS
A3320400722225003,27346,residential_rate,0,effective_residential_rate,-0.4897,< 0.08,L1_BOUNDS
A3320400818225003,27360,residential_rate,0,effective_residential_rate,-0.5142,< 0.08,L1_BOUNDS
A3320400819225003,27362,residential_rate,0,effective_residential_rate,-0.4998,< 0.08,L1_BOUNDS
A3320400822225003,27366,residential_rate,0,effective_residential_rate,-0.4897,< 0.08,L1_BOUNDS
A3320400918225003,27380,residential_rate,0,effective_residential_rate,-0.5142,< 0.08,L1_BOUNDS
A3320401018225003,27399,residential_rate,0,effective_residential_rate,-0.5142,< 0.08,L1_BOUNDS
A3320401019225003,27401,residential_rate,0,effective_residential_rate,-0.4998,< 0.08,L1_BOUNDS
A3320401020225003,27403,residential_rate,0,effective_residential_rate,0,< 0.08,L1_BOUNDS
A3320401118225003,27420,residential_rate,0,effective_residential_rate,-0.5142,< 0.08,L1_BOUNDS
A3320401119225003,27422,residential_rate,0,effective_residential_rate,-0.4998,< 0.08,L1_BOUNDS
A3320401120225003,27424,residential_rate,0,effective_residential_rate,-0.499,< 0.08,L1_BOUNDS
A3320401218225003,27441,residential_rate,0,effective_residential_rate,-0.4998,< 0.08,L1_BOUNDS
A3320401219225003,27443,residential_rate,0,effective_residential_rate,-0.4998,< 0.08,L1_BOUNDS
A3320401220225003,27445,residential_rate,0,effective_residential_rate,-0.499,< 0.08,L1_BOUNDS
A3320401220225003,27446,residential_rate,0,effective_residential_rate,0,< 0.08,L1_BOUNDS
A3320500116225003,27461,residential_rate,0,effective_residential_rate,0,< 0.08,L1_BOUNDS
A3320500118225003,27464,residential_rate,0,effective_residential_rate,0,< 0.08,L1_BOUNDS
A3320500119225003,27466,residential_rate,0,effective_residential_rate,0,< 0.08,L1_BOUNDS
A3320500120225003,27468,residential_rate,0,effective_residential_rate,0,< 0.08,L1_BOUNDS
A3320500121225003,27470,residential_rate,0,effective_residential_rate,0,< 0.08,L1_BOUNDS
A3320500121225003,27471,residential_rate,0,effective_residential_rate,0,< 0.08,L1_BOUNDS
A3320500218225003,27482,residential_rate,0,effective_residential_rate,0,< 0.08,L1_BOUNDS
A3320500218225003,27483,residential_rate,0,effective_residential_rate,0,< 0.08,L1_BOUNDS
A3320500219225003,27485,residential_rate,0,effective_residential_rate,0,< 0.08,L1_BOUNDS
A3320500223225003,27490,residential_rate,0,effective_residential_rate,0,< 0.08,L1_BOUNDS
A3320500224225003,27492,residential_rate,0,effective_residential_rate,0,< 0.08,L1_BOUNDS
A3320500316225003,27497,residential_rate,0,effective_residential_rate,0,< 0.08,L1_BOUNDS
A3320500317225003,27499,residential_rate,0,effective_residential_rate,0,< 0.08,L1_BOUNDS
A3320500317225003,27500,residential_rate,0,effective_residential_rate,0,< 0.08,L1_BOUNDS
A3320500318225003,27502,residential_rate,0,effective_residential_rate,0,< 0.08,L1_BOUNDS
A3320500319225003,27504,residential_rate,0,effective_residential_rate,0,< 0.08,L1_BOUNDS
A3320500320225003,27506,residential_rate,0,effective_residential_rate,0,< 0.08,L1_BOUNDS
A3320500416225003,27515,residential_rate,0,effective_residential_rate,0,< 0.08,L1_BOUNDS
A3320500417225003,27517,residential_rate,0,effective_residential_rate,0,< 0.08,L1_BOUNDS
A3320500419225003,27520,residential_rate,0,effective_residential_rate,0,< 0.08,L1_BOUNDS
A3320500421225003,27523,residential_rate,0,effective_residential_rate,0,< 0.08,L1_BOUNDS
A3320500422225003,27525,residential_rate,0,effective_residential_rate,0,< 0.08,L1_BOUNDS
A3320500516225003,27531,residential_rate,0,effective_residential_rate,0,< 0.08,L1_BOUNDS
A3320500517225003,27533,residential_rate,0,effective_residential_rate,0,< 0.08,L1_BOUNDS
A3320500518225003,27535,residential_rate,0,effective_residential_rate,0,< 0.08,L1_BOUNDS
A3320500519225003,27537,residential_rate,0,effective_residential_rate,0,< 0.08,L1_BOUNDS
A3320500519225003,27538,residential_rate,0,effective_residential_rate,0,< 0.08,L1_BOUNDS
A3320500520225003,27540,residential_rate,0,effective_residential_rate,0,< 0.08,L1_BOUNDS
A3320500521225003,27542,residential_rate,0,effective_residential_rate,0,< 0.08,L1_BOUNDS
A3320500521225003,27543,residential_rate,0,effective_residential_rate,0,< 0.08,L1_BOUNDS
A3320500616225003,27550,residential_rate,0,effective_residential_rate,0,< 0.08,L1_BOUNDS
A3320500616225003,27551,residential_rate,0,effective_residential_rate,0,< 0.08,L1_BOUNDS
A3320500619225003,27555,residential_rate,0,effective_residential_rate,0,< 0.08,L1_BOUNDS
A3320500620225003,27557,residential_rate,0,effective_residential_rate,0,< 0.08,L1_BOUNDS
A3320500620225003,27558,residential_rate,0,effective_residential_rate,0,< 0.08,L1_BOUNDS
A3320500716225003,27568,residential_rate,0,effective_residential_rate,0,< 0.08,L1_BOUNDS
A3320500716225003,27569,residential_rate,0,effective_residential_rate,0,< 0.08,L1_BOUNDS
A3320500717225003,27571,residential_rate,0,effective_residential_rate,0,< 0.08,L1_BOUNDS
A3320500719225003,27574,residential_rate,0,effective_residential_rate,0,< 0.08,L1_BOUNDS
A3320500719225003,27575,residential_rate,0,effective_residential_rate,0,< 0.08,L1_BOUNDS
A3320500720225003,27577,residential_rate,0,effective_residential_rate,0,< 0.08,L1_BOUNDS
A3320500720225003,27578,residential_rate,0,effective_residential_rate,0,< 0.08,L1_BOUNDS
A3320500725225003,27584,residential_rate,0,effective_residential_rate,0,< 0.08,L1_BOUNDS
A3320500816225003,27587,residential_rate,0,effective_residential_rate,0,< 0.08,L1_BOUNDS
A3320500817225003,27589,residential_rate,0,effective_residential_rate,0,< 0.08,L1_BOUNDS
A3320500819225003,27592,residential_rate,0,effective_residential_rate,0,< 0.08,L1_BOUNDS
A3320500819225003,27593,residential_rate,0,effective_residential_rate,0,< 0.08,L1_BOUNDS
A3320500820225003,27595,residential_rate,0,effective_residential_rate,0,< 0.08,L1_BOUNDS
A3320500825225003,27603,residential_rate,0,effective_residential_rate,0,< 0.08,L1_BOUNDS
A3320500916225003,27608,residential_rate,0,effective_residential_rate,0,< 0.08,L1_BOUNDS
A3320500917225003,27610,residential_rate,0,effective_residential_rate,0,< 0.08,L1_BOUNDS
A3320500919225003,27613,residential_rate,0,effective_residential_rate,0,< 0.08,L1_BOUNDS
A3320500920225003,27615,residential_rate,0,effective_residential_rate,0,< 0.08,L1_BOUNDS
A3320501016225003,27626,residential_rate,0,effective_residential_rate,0,< 0.08,L1_BOUNDS
A3320501017225003,27628,residential_rate,0,effective_residential_rate,0,< 0.08,L1_BOUNDS
A3320501019225003,27631,residential_rate,0,effective_residential_rate,0,< 0.08,L1_BOUNDS
A3320501020225003,27633,residential_rate,0,effective_residential_rate,0,< 0.08,L1_BOUNDS
A3320501022225003,27637,residential_rate,0,effective_residential_rate,0,< 0.08,L1_BOUNDS
A3320501116225003,27643,residential_rate,0,effective_residential_rate,0,< 0.08,L1_BOUNDS
A3320501117225003,27645,residential_rate,0,effective_residential_rate,0,< 0.08,L1_BOUNDS
A3320501118225003,27647,residential_rate,0,effective_residential_rate,0,< 0.08,L1_BOUNDS
A3320501119225003,27649,residential_rate,0,effective_residential_rate,0,< 0.08,L1_BOUNDS
A3320501119225003,27650,residential_rate,0,effective_residential_rate,0,< 0.08,L1_BOUNDS
A3320501120225003,27652,residential_rate,0,effective_residential_rate,0,< 0.08,L1_BOUNDS
A3320501216225003,27661,residential_rate,0,effective_residential_rate,0,< 0.08,L1_BOUNDS
A3320501218225003,27667,residential_rate,0,effective_residential_rate,0,< 0.08,L1_BOUNDS
A3320501220225003,27670,residential_rate,0,effective_residential_rate,0,< 0.08,L1_BOUNDS
A3320501220225003,27671,residential_rate,0,effective_residential_rate,0,< 0.08,L1_BOUNDS
A3320600222225003,27699,residential_rate,0,effective_residential_rate,0,< 0.08,L1_BOUNDS
A3320600418225003,27718,residential_rate,0,effective_residential_rate,0,< 0.08,L1_BOUNDS
A3320600621225003,27746,residential_rate,0,effective_residential_rate,0,< 0.08,L1_BOUNDS
A3320600622225003,27748,residential_rate,0,effective_residential_rate,0,< 0.08,L1_BOUNDS
A3320601120225003,27808,residential_rate,0,effective_residential_rate,0,< 0.08,L1_BOUNDS
A3320700218225003,27836,residential_rate,0,effective_residential_rate,0,< 0.08,L1_BOUNDS
A3320700318225003,27842,residential_rate,0,effective_residential_rate,0,< 0.08,L1_BOUNDS
A3320700418225003,27848,residential_rate,0,effective_residential_rate,0,< 0.08,L1_BOUNDS
A3320800123225003,27890,residential_rate,0,effective_residential_rate,0,< 0.08,L1_BOUNDS
A3320800321225003,27909,residential_rate,0,effective_residential_rate,0,< 0.08,L1_BOUNDS
A3320800322225003,27911,residential_rate,0,effective_residential_rate,0,< 0.08,L1_BOUNDS
A3320800421225003,27921,residential_rate,0,effective_residential_rate,0,< 0.08,L1_BOUNDS
A3320800422225003,27923,residential_rate,0,effective_residential_rate,0,< 0.08,L1_BOUNDS
A3320800521225003,27933,residential_rate,0,effective_residential_rate,0,< 0.08,L1_BOUNDS
A3320800522225003,27935,residential_rate,0,effective_residential_rate,0,< 0.08,L1_BOUNDS
A3320800622225003,27947,residential_rate,0,effective_residential_rate,0,< 0.08,L1_BOUNDS
A3320800722225003,27958,residential_rate,0,effective_residential_rate,0,< 0.08,L1_BOUNDS
A3320800822225003,27969,residential_rate,0,effective_residential_rate,0,< 0.08,L1_BOUNDS
A3320800922225003,27980,residential_rate,0,effective_residential_rate,0,< 0.08,L1_BOUNDS
A3320801017225003,27986,residential_rate,0,effective_residential_rate,0,< 0.08,L1_BOUNDS
A3320801018225003,27988,residential_rate,0,effective_residential_rate,0,< 0.08,L1_BOUNDS
A3320801219225003,28012,residential_rate,0,effective_residential_rate,0,< 0.08,L1_BOUNDS
A3320801222225003,28016,residential_rate,0,effective_residential_rate,0,< 0.08,L1_BOUNDS
A3320900125225003,28045,residential_rate,0,effective_residential_rate,0,< 0.08,L1_BOUNDS
A3320900226225003,28075,residential_rate,0,effective_residential_rate,0,< 0.08,L1_BOUNDS
A3320900323225003,28094,residential_rate,0.9119,effective_residential_rate,-0.0881,< 0.08,L1_BOUNDS
A3320900323225003,28095,residential_rate,0.9119,effective_residential_rate,-0.0881,< 0.08,L1_BOUNDS
A3320900325225003,28101,residential_rate,0,effective_residential_rate,0,< 0.08,L1_BOUNDS
A3320900426225003,28131,residential_rate,0,effective_residential_rate,0,< 0.08,L1_BOUNDS
A3320900516225003,28135,residential_rate,0,effective_residential_rate,0,< 0.08,L1_BOUNDS
A3320900521225003,28151,residential_rate,0,effective_residential_rate,0,< 0.08,L1_BOUNDS
A3320900526225003,28163,residential_rate,0,effective_residential_rate,0,< 0.08,L1_BOUNDS
A3320900716225003,28197,residential_rate,0,effective_residential_rate,0,< 0.08,L1_BOUNDS
A3320900723225003,28217,residential_rate,0,effective_residential_rate,0,< 0.08,L1_BOUNDS
A3320900823225003,28247,residential_rate,0,effective_residential_rate,0,< 0.08,L1_BOUNDS
A3320900826225003,28254,residential_rate,0,effective_residential_rate,0,< 0.08,L1_BOUNDS
A3320900926225003,28285,residential_rate,0,effective_residential_rate,0,< 0.08,L1_BOUNDS
A3320901026225003,28316,residential_rate,0,effective_residential_rate,0,< 0.08,L1_BOUNDS
A3320901123225003,28338,residential_rate,0.0967,effective_residential_rate,-0.6673,< 0.08,L1_BOUNDS
A3320901123225003,28339,residential_rate,0.0967,effective_residential_rate,-0.6673,< 0.08,L1_BOUNDS
A3320901126225003,28346,residential_rate,0,effective_residential_rate,0,< 0.08,L1_BOUNDS
A3320901223225003,28368,residential_rate,0.0967,effective_residential_rate,-0.9033,< 0.08,L1_BOUNDS
A3320901223225003,28369,residential_rate,0.0967,effective_residential_rate,-0.9033,< 0.08,L1_BOUNDS
A3320901225225003,28374,residential_rate,0,effective_residential_rate,0,< 0.08,L1_BOUNDS
A3321000125225003,28385,residential_rate,0,effective_residential_rate,0,< 0.08,L1_BOUNDS
A3321100122225003,28522,residential_rate,0,effective_residential_rate,0,< 0.08,L1_BOUNDS
A3321100618225003,28570,residential_rate,0,effective_residential_rate,0,< 0.08,L1_BOUNDS
A3321100618225003,28571,residential_rate,0,effective_residential_rate,0,< 0.08,L1_BOUNDS
A3321100917225003,28605,residential_rate,0,effective_residential_rate,0,< 0.08,L1_BOUNDS
A3321101017225003,28617,residential_rate,0,effective_residential_rate,0,< 0.08,L1_BOUNDS
A3321200120225003,28664,residential_rate,0,effective_residential_rate,0,< 0.08,L1_BOUNDS
A3321200125225003,28678,residential_rate,0,effective_residential_rate,0,< 0.08,L1_BOUNDS
A3321200226225003,28711,residential_rate,0,effective_residential_rate,0,< 0.08,L1_BOUNDS
A3321200325225003,28740,residential_rate,0,effective_residential_rate,0,< 0.08,L1_BOUNDS
A3321200419225003,28755,residential_rate,0,effective_residential_rate,0,< 0.08,L1_BOUNDS
A3321200521225003,28792,residential_rate,0,effective_residential_rate,0,< 0.08,L1_BOUNDS
A3321200526225003,28804,residential_rate,0,effective_residential_rate,0,< 0.08,L1_BOUNDS
A3321200723225003,28858,residential_rate,0,effective_residential_rate,0,< 0.08,L1_BOUNDS
A3321200823225003,28888,residential_rate,0,effective_residential_rate,0,< 0.08,L1_BOUNDS
A3321201026225003,28955,residential_rate,0,effective_residential_rate,0,< 0.08,L1_BOUNDS
A3321201126225003,28986,residential_rate,0,effective_residential_rate,0,< 0.08,L1_BOUNDS
A3321300120225003,29018,residential_rate,0,effective_residential_rate,0,< 0.08,L1_BOUNDS
A3321300220225003,29036,residential_rate,0,effective_residential_rate,0,< 0.08,L1_BOUNDS
A3321300222225003,29039,residential_rate,0,effective_residential_rate,0,< 0.08,L1_BOUNDS
A3321300624225003,29103,residential_rate,0,effective_residential_rate,0,< 0.08,L1_BOUNDS
A3321300724225003,29119,residential_rate,0,effective_residential_rate,0,< 0.08,L1_BOUNDS
A3321301018225003,29160,residential_rate,0,effective_residential_rate,0,< 0.08,L1_BOUNDS
A3321301018225003,29161,residential_rate,0,effective_residential_rate,0,< 0.08,L1_BOUNDS
A3321301020225003,29164,residential_rate,0,effective_residential_rate,0,< 0.08,L1_BOUNDS
A3321400621225003,29264,residential_rate,0,effective_residential_rate,0,< 0.08,L1_BOUNDS
A3321500217225003,29332,residential_rate,0,effective_residential_rate,0,< 0.08,L1_BOUNDS
A3321500218225003,29334,residential_rate,0,effective_residential_rate,0,< 0.08,L1_BOUNDS
A3321500219225003,29336,residential_rate,0,effective_residential_rate,0,< 0.08,L1_BOUNDS
A3321500222225003,29340,residential_rate,0,effective_residential_rate,0,< 0.08,L1_BOUNDS
A3321500226225003,29346,residential_rate,0.62,effective_residential_rate,0.0738,< 0.08,L1_BOUNDS
A3321500322225003,29353,residential_rate,0,effective_residential_rate,0,< 0.08,L1_BOUNDS
A3321500326225003,29362,residential_rate,0.62,effective_residential_rate,0.0738,< 0.08,L1_BOUNDS
A3321500417225003,29364,residential_rate,0,effective_residential_rate,0,< 0.08,L1_BOUNDS
A3321500421225003,29369,residential_rate,0,effective_residential_rate,0,< 0.08,L1_BOUNDS
A3321500422225003,29371,residential_rate,0,effective_residential_rate,0,< 0.08,L1_BOUNDS
A3321500426225003,29379,residential_rate,0.62,effective_residential_rate,0.0738,< 0.08,L1_BOUNDS
A3321500526225003,29392,residential_rate,0.62,effective_residential_rate,0.0738,< 0.08,L1_BOUNDS
A3321500626225003,29406,residential_rate,0.62,effective_residential_rate,0.0738,< 0.08,L1_BOUNDS
A3321500726225003,29420,residential_rate,0.62,effective_residential_rate,0.0738,< 0.08,L1_BOUNDS
A3321500820225003,29426,residential_rate,0,effective_residential_rate,0,< 0.08,L1_BOUNDS
A3321500920225003,29439,residential_rate,0,effective_residential_rate,0,< 0.08,L1_BOUNDS
A3321501116225003,29463,residential_rate,0,effective_residential_rate,0,< 0.08,L1_BOUNDS
A3321501118225003,29466,residential_rate,0,effective_residential_rate,0,< 0.08,L1_BOUNDS
A3321501120225003,29469,residential_rate,0,effective_residential_rate,0,< 0.08,L1_BOUNDS
A3321501125225003,29478,residential_rate,0.62,effective_residential_rate,0.0692,< 0.08,L1_BOUNDS
A3321501220225003,29486,residential_rate,0,effective_residential_rate,0,< 0.08,L1_BOUNDS
A3321501225225003,29494,residential_rate,0.62,effective_residential_rate,0.0692,< 0.08,L1_BOUNDS
A3321600122225003,29503,residential_rate,0,effective_residential_rate,0,< 0.08,L1_BOUNDS
A3321601220225003,29621,residential_rate,0,effective_residential_rate,0,< 0.08,L1_BOUNDS
A3321700118225003,29631,residential_rate,0,effective_residential_rate,0,< 0.08,L1_BOUNDS
A3321700119225003,29633,residential_rate,0,effective_residential_rate,0,< 0.08,L1_BOUNDS
A3321700120225003,29635,residential_rate,0,effective_residential_rate,0,< 0.08,L1_BOUNDS
A3321700121225003,29637,residential_rate,0,effective_residential_rate,0,< 0.08,L1_BOUNDS
A3321700218225003,29640,residential_rate,0,effective_residential_rate,0,< 0.08,L1_BOUNDS
A3321700219225003,29642,residential_rate,0,effective_residential_rate,0,< 0.08,L1_BOUNDS
A3321700220225003,29644,residential_rate,0,effective_residential_rate,0,< 0.08,L1_BOUNDS
A3321700318225003,29647,residential_rate,0,effective_residential_rate,0,< 0.08,L1_BOUNDS
A3321700319225003,29649,residential_rate,0,effective_residential_rate,0,< 0.08,L1_BOUNDS
A3321700320225003,29651,residential_rate,0,effective_residential_rate,0,< 0.08,L1_BOUNDS
A3321700418225003,29654,residential_rate,0,effective_residential_rate,0,< 0.08,L1_BOUNDS
A3321700419225003,29656,residential_rate,0,effective_residential_rate,0,< 0.08,L1_BOUNDS
A3321700420225003,29658,residential_rate,0,effective_residential_rate,0,< 0.08,L1_BOUNDS
A3321700518225003,29661,residential_rate,0,effective_residential_rate,0,< 0.08,L1_BOUNDS
A3321700519225003,29663,residential_rate,0,effective_residential_rate,0,< 0.08,L1_BOUNDS
A3321700520225003,29665,residential_rate,0,effective_residential_rate,0,< 0.08,L1_BOUNDS
A3321700618225003,29668,residential_rate,0,effective_residential_rate,0,< 0.08,L1_BOUNDS
A3321700619225003,29670,residential_rate,0,effective_residential_rate,0,< 0.08,L1_BOUNDS
A3321700620225003,29672,residential_rate,0,effective_residential_rate,0,< 0.08,L1_BOUNDS
A3321700718225003,29675,residential_rate,0,effective_residential_rate,0,< 0.08,L1_BOUNDS
A3321700719225003,29677,residential_rate,0,effective_residential_rate,0,< 0.08,L1_BOUNDS
A3321700720225003,29679,residential_rate,0,effective_residential_rate,0,< 0.08,L1_BOUNDS
A3321700818225003,29682,residential_rate,0,effective_residential_rate,0,< 0.08,L1_BOUNDS
A3321700819225003,29684,residential_rate,0,effective_residential_rate,0,< 0.08,L1_BOUNDS
A3321700820225003,29686,residential_rate,0,effective_residential_rate,0,< 0.08,L1_BOUNDS
A3321700918225003,29690,residential_rate,0,effective_residential_rate,0,< 0.08,L1_BOUNDS
A3321700919225003,29692,residential_rate,0,effective_residential_rate,0,< 0.08,L1_BOUNDS
A3321700920225003,29694,residential_rate,0,effective_residential_rate,0,< 0.08,L1_BOUNDS
A3321701018225003,29698,residential_rate,0,effective_residential_rate,0,< 0.08,L1_BOUNDS
A3321701019225003,29700,residential_rate,0,effective_residential_rate,0,< 0.08,L1_BOUNDS
A3321701020225003,29702,residential_rate,0,effective_residential_rate,0,< 0.08,L1_BOUNDS
A3321701118225003,29706,residential_rate,0,effective_residential_rate,0,< 0.08,L1_BOUNDS
A3321701119225003,29708,residential_rate,0,effective_residential_rate,0,< 0.08,L1_BOUNDS
A3321701120225003,29710,residential_rate,0,effective_residential_rate,0,< 0.08,L1_BOUNDS
A3321701218225003,29714,residential_rate,0,effective_residential_rate,0,< 0.08,L1_BOUNDS
A3321701219225003,29716,residential_rate,0,effective_residential_rate,0,< 0.08,L1_BOUNDS
A3321701220225003,29718,residential_rate,0,effective_residential_rate,0,< 0.08,L1_BOUNDS
A3321800119225003,29722,residential_rate,0,effective_residential_rate,0,< 0.08,L1_BOUNDS
A3321800122225003,29726,residential_rate,0,effective_residential_rate,0,< 0.08,L1_BOUNDS
A3321800219225003,29737,residential_rate,0,effective_residential_rate,0,< 0.08,L1_BOUNDS
A3321800222225003,29741,residential_rate,0,effective_residential_rate,0,< 0.08,L1_BOUNDS
A3321800322225003,29753,residential_rate,0,effective_residential_rate,0,< 0.08,L1_BOUNDS
A3321800422225003,29766,residential_rate,0,effective_residential_rate,0,< 0.08,L1_BOUNDS
A3321800522225003,29779,residential_rate,0,effective_residential_rate,0,< 0.08,L1_BOUNDS
A3321800622225003,29792,residential_rate,0,effective_residential_rate,0,< 0.08,L1_BOUNDS
A3321800722225003,29805,residential_rate,0,effective_residential_rate,0,< 0.08,L1_BOUNDS
A3321900518225003,29902,residential_rate,0,effective_residential_rate,0,< 0.08,L1_BOUNDS
A3322000123225003,29974,residential_rate,0,effective_residential_rate,0,< 0.08,L1_BOUNDS
A3322000124225003,29977,residential_rate,0,effective_residential_rate,0,< 0.08,L1_BOUNDS
A3322000321225003,29997,residential_rate,0,effective_residential_rate,-0.644,< 0.08,L1_BOUNDS
A3322000421225003,30009,residential_rate,0,effective_residential_rate,-0.644,< 0.08,L1_BOUNDS
A3322000421225003,30010,residential_rate,0,effective_residential_rate,0,< 0.08,L1_BOUNDS
A3322000520225003,30023,residential_rate,0,effective_residential_rate,0,< 0.08,L1_BOUNDS
A3322000521225003,30025,residential_rate,0,effective_residential_rate,-0.644,< 0.08,L1_BOUNDS
A3322000720225003,30051,residential_rate,0,effective_residential_rate,0,< 0.08,L1_BOUNDS
A3322001219225003,30114,residential_rate,0,effective_residential_rate,0,< 0.08,L1_BOUNDS
A3322001220225003,30116,residential_rate,0,effective_residential_rate,0,< 0.08,L1_BOUNDS
A3322100122225003,30130,residential_rate,0,effective_residential_rate,0,< 0.08,L1_BOUNDS
A3322100124225003,30133,residential_rate,0,effective_residential_rate,0,< 0.08,L1_BOUNDS
A3322100221225003,30142,residential_rate,0,effective_residential_rate,0,< 0.08,L1_BOUNDS
A3322100222225003,30144,residential_rate,0,effective_residential_rate,0,< 0.08,L1_BOUNDS
A3322100321225003,30156,residential_rate,0,effective_residential_rate,0,< 0.08,L1_BOUNDS
A3322100421225003,30170,residential_rate,0,effective_residential_rate,0,< 0.08,L1_BOUNDS
A3322100521225003,30183,residential_rate,0,effective_residential_rate,0,< 0.08,L1_BOUNDS
A3322100522225003,30185,residential_rate,0,effective_residential_rate,0,< 0.08,L1_BOUNDS
A3322100621225003,30198,residential_rate,0,effective_residential_rate,0,< 0.08,L1_BOUNDS
A3322100622225003,30200,residential_rate,0,effective_residential_rate,0,< 0.08,L1_BOUNDS
A3322100722225003,30214,residential_rate,0,effective_residential_rate,0,< 0.08,L1_BOUNDS
A3322100822225003,30227,residential_rate,0,effective_residential_rate,0,< 0.08,L1_BOUNDS
A3322200122225003,30276,residential_rate,0,effective_residential_rate,0,< 0.08,L1_BOUNDS
A3322200520225003,30316,residential_rate,0,effective_residential_rate,0,< 0.08,L1_BOUNDS
A3322200616225003,30324,residential_rate,0,effective_residential_rate,0,< 0.08,L1_BOUNDS
A3322200621225003,30330,residential_rate,0,effective_residential_rate,0,< 0.08,L1_BOUNDS
A3322200626225003,30337,residential_rate,0,effective_residential_rate,0,< 0.08,L1_BOUNDS
A3322200721225003,30344,residential_rate,0,effective_residential_rate,0,< 0.08,L1_BOUNDS
A3322200722225003,30346,residential_rate,0,effective_residential_rate,0,< 0.08,L1_BOUNDS
A3322200920225003,30369,residential_rate,0,effective_residential_rate,0,< 0.08,L1_BOUNDS
A3322201016225003,30379,residential_rate,0,effective_residential_rate,0,< 0.08,L1_BOUNDS
A3322201220225003,30408,residential_rate,0,effective_residential_rate,0,< 0.08,L1_BOUNDS
A3322300116225003,30415,residential_rate,0,effective_residential_rate,0,< 0.08,L1_BOUNDS
A3322300122225003,30422,residential_rate,0,effective_residential_rate,0,< 0.08,L1_BOUNDS
A3322300417225003,30449,residential_rate,0,effective_residential_rate,0,< 0.08,L1_BOUNDS
A3322300718225003,30483,residential_rate,0.78,effective_residential_rate,0.0567,< 0.08,L1_BOUNDS
A3322301220225003,30541,residential_rate,0,effective_residential_rate,0,< 0.08,L1_BOUNDS
A3322400122225003,30554,residential_rate,0,effective_residential_rate,0,< 0.08,L1_BOUNDS
A3322400417225003,30581,residential_rate,0,effective_residential_rate,0,< 0.08,L1_BOUNDS
A3322401220225003,30673,residential_rate,0,effective_residential_rate,0,< 0.08,L1_BOUNDS
A3322500122225003,30686,residential_rate,0,effective_residential_rate,0,< 0.08,L1_BOUNDS
A3322500417225003,30713,residential_rate,0,effective_residential_rate,0,< 0.08,L1_BOUNDS
A3322501220225003,30805,residential_rate,0,effective_residential_rate,0,< 0.08,L1_BOUNDS
A3322600122225003,30818,residential_rate,0,effective_residential_rate,0,< 0.08,L1_BOUNDS
A3322600417225003,30845,residential_rate,0,effective_residential_rate,0,< 0.08,L1_BOUNDS
A3322601220225003,30937,residential_rate,0,effective_residential_rate,0,< 0.08,L1_BOUNDS
A3322700122225003,30950,residential_rate,0,effective_residential_rate,0,< 0.08,L1_BOUNDS
A3322700417225003,30977,residential_rate,0,effective_residential_rate,0,< 0.08,L1_BOUNDS
A3322701220225003,31069,residential_rate,0,effective_residential_rate,0,< 0.08,L1_BOUNDS
A3322800119225003,31079,residential_rate,0,effective_residential_rate,-0.2606,< 0.08,L1_BOUNDS
A3322800119225003,31080,residential_rate,0,effective_residential_rate,0,< 0.08,L1_BOUNDS
A3322800122225003,31084,residential_rate,0,effective_residential_rate,0,< 0.08,L1_BOUNDS
A3322800219225003,31097,residential_rate,0,effective_residential_rate,-0.2606,< 0.08,L1_BOUNDS
A3322800219225003,31098,residential_rate,0,effective_residential_rate,0,< 0.08,L1_BOUNDS
A3322800222225003,31102,residential_rate,0,effective_residential_rate,0,< 0.08,L1_BOUNDS
A3322800317225003,31113,residential_rate,0,effective_residential_rate,0,< 0.08,L1_BOUNDS
A3322800319225003,31116,residential_rate,0,effective_residential_rate,-0.2606,< 0.08,L1_BOUNDS
A3322800322225003,31120,residential_rate,0,effective_residential_rate,0,< 0.08,L1_BOUNDS
A3322800417225003,31135,residential_rate,0,effective_residential_rate,0,< 0.08,L1_BOUNDS
A3322800419225003,31138,residential_rate,0,effective_residential_rate,-0.2606,< 0.08,L1_BOUNDS
A3322800421225003,31141,residential_rate,0,effective_residential_rate,-0.2673,< 0.08,L1_BOUNDS
A3322800422225003,31143,residential_rate,0,effective_residential_rate,0,< 0.08,L1_BOUNDS
A3322800519225003,31160,residential_rate,0,effective_residential_rate,-0.2606,< 0.08,L1_BOUNDS
A3322800519225003,31161,residential_rate,0,effective_residential_rate,0,< 0.08,L1_BOUNDS
A3322800520225003,31163,residential_rate,0,effective_residential_rate,-0.2908,< 0.08,L1_BOUNDS
A3322800521225003,31165,residential_rate,0,effective_residential_rate,-0.2407,< 0.08,L1_BOUNDS
A3322800523225003,31169,residential_rate,0,effective_residential_rate,0,< 0.08,L1_BOUNDS
A3322800525225003,31174,residential_rate,0,effective_residential_rate,0,< 0.08,L1_BOUNDS
A3322800618225003,31182,residential_rate,0,effective_residential_rate,-0.2743,< 0.08,L1_BOUNDS
A3322800619225003,31184,residential_rate,0,effective_residential_rate,-0.2822,< 0.08,L1_BOUNDS
A3322800619225003,31185,residential_rate,0,effective_residential_rate,0,< 0.08,L1_BOUNDS
A3322800620225003,31187,residential_rate,0,effective_residential_rate,-0.2819,< 0.08,L1_BOUNDS
A3322800621225003,31189,residential_rate,0,effective_residential_rate,-0.2335,< 0.08,L1_BOUNDS
A3322800622225003,31191,residential_rate,0,effective_residential_rate,-0.2654,< 0.08,L1_BOUNDS
A3322800622225003,31192,residential_rate,0,effective_residential_rate,-0.2504,< 0.08,L1_BOUNDS
A3322800622225003,31193,residential_rate,0,effective_residential_rate,0,< 0.08,L1_BOUNDS
A3322800718225003,31209,residential_rate,0,effective_residential_rate,-0.2743,< 0.08,L1_BOUNDS
A3322800718225003,31210,residential_rate,0,effective_residential_rate,0,< 0.08,L1_BOUNDS
A3322800722225003,31215,residential_rate,0,effective_residential_rate,-0.2654,< 0.08,L1_BOUNDS
A3322800722225003,31216,residential_rate,0,effective_residential_rate,-0.2504,< 0.08,L1_BOUNDS
A3322800722225003,31217,residential_rate,0,effective_residential_rate,0,< 0.08,L1_BOUNDS
A3322800724225003,31225,residential_rate,0,effective_residential_rate,0,< 0.08,L1_BOUNDS
A3322800818225003,31237,residential_rate,0,effective_residential_rate,-0.2743,< 0.08,L1_BOUNDS
A3322800822225003,31242,residential_rate,0,effective_residential_rate,-0.2654,< 0.08,L1_BOUNDS
A3322800822225003,31243,residential_rate,0,effective_residential_rate,-0.2504,< 0.08,L1_BOUNDS
A3322800918225003,31262,residential_rate,0,effective_residential_rate,-0.2743,< 0.08,L1_BOUNDS
A3322800919225003,31264,residential_rate,0,effective_residential_rate,-0.2822,< 0.08,L1_BOUNDS
A3322801018225003,31288,residential_rate,0,effective_residential_rate,-0.2743,< 0.08,L1_BOUNDS
A3322801018225003,31289,residential_rate,0,effective_residential_rate,0,< 0.08,L1_BOUNDS
A3322801019225003,31291,residential_rate,0,effective_residential_rate,-0.2822,< 0.08,L1_BOUNDS
A3322801116225003,31311,residential_rate,0,effective_residential_rate,0,< 0.08,L1_BOUNDS
A3322801220225003,31341,residential_rate,0,effective_residential_rate,0,< 0.08,L1_BOUNDS
A3322900119225003,31358,residential_rate,0,effective_residential_rate,-0.3122,< 0.08,L1_BOUNDS
A3322900123225003,31363,residential_rate,0,effective_residential_rate,0,< 0.08,L1_BOUNDS
A3322900219225003,31371,residential_rate,0,effective_residential_rate,0,< 0.08,L1_BOUNDS
A3322900222225003,31375,residential_rate,0,effective_residential_rate,0,< 0.08,L1_BOUNDS
A3322900323225003,31387,residential_rate,0,effective_residential_rate,0,< 0.08,L1_BOUNDS
A3322900616225003,31412,residential_rate,0,effective_residential_rate,0,< 0.08,L1_BOUNDS
A3322900718225003,31426,residential_rate,0,effective_residential_rate,0,< 0.08,L1_BOUNDS
A3322900720225003,31429,residential_rate,0,effective_residential_rate,0,< 0.08,L1_BOUNDS
A3322900818225003,31440,residential_rate,0,effective_residential_rate,0,< 0.08,L1_BOUNDS
A3322900822225003,31445,residential_rate,0,effective_residential_rate,0,< 0.08,L1_BOUNDS
A3322900922225003,31457,residential_rate,0,effective_residential_rate,0,< 0.08,L1_BOUNDS
A3323000122225003,31502,residential_rate,0,effective_residential_rate,0,< 0.08,L1_BOUNDS
A3323000222225003,31516,residential_rate,0,effective_residential_rate,0,< 0.08,L1_BOUNDS
A3323100421225003,31668,residential_rate,0,effective_residential_rate,0,< 0.08,L1_BOUNDS
A3323100721225003,31702,residential_rate,0,effective_residential_rate,0,< 0.08,L1_BOUNDS
A3323101220225003,31757,residential_rate,0,effective_residential_rate,0,< 0.08,L1_BOUNDS
A3323200120225003,31768,residential_rate,0,effective_residential_rate,-0.3914,< 0.08,L1_BOUNDS
A3323200122225003,31771,residential_rate,0,effective_residential_rate,0,< 0.08,L1_BOUNDS
A3323200220225003,31781,residential_rate,0,effective_residential_rate,-0.3914,< 0.08,L1_BOUNDS
A3323200221225003,31783,residential_rate,0,effective_residential_rate,-0.4183,< 0.08,L1_BOUNDS
A3323200222225003,31785,residential_rate,0,effective_residential_rate,0,< 0.08,L1_BOUNDS
A3323200320225003,31795,residential_rate,0,effective_residential_rate,-0.3914,< 0.08,L1_BOUNDS
A3323200322225003,31798,residential_rate,0,effective_residential_rate,0,< 0.08,L1_BOUNDS
A3323200420225003,31807,residential_rate,0,effective_residential_rate,-0.3914,< 0.08,L1_BOUNDS
A3323200520225003,31818,residential_rate,0,effective_residential_rate,-0.3914,< 0.08,L1_BOUNDS
A3323200620225003,31830,residential_rate,0,effective_residential_rate,0,< 0.08,L1_BOUNDS
A3323200720225003,31842,residential_rate,0,effective_residential_rate,0,< 0.08,L1_BOUNDS
A3323200820225003,31855,residential_rate,0,effective_residential_rate,0,< 0.08,L1_BOUNDS
A3323200920225003,31867,residential_rate,0,effective_residential_rate,0,< 0.08,L1_BOUNDS
A3323201020225003,31880,residential_rate,0,effective_residential_rate,0,< 0.08,L1_BOUNDS
A3323201220225003,31904,residential_rate,0,effective_residential_rate,0,< 0.08,L1_BOUNDS
A3323300122225003,31916,residential_rate,0,effective_residential_rate,0,< 0.08,L1_BOUNDS
A3323300423225003,31945,residential_rate,0,effective_residential_rate,0,< 0.08,L1_BOUNDS
A3323300522225003,31955,residential_rate,0,effective_residential_rate,0,< 0.08,L1_BOUNDS
A3323300718225003,31972,residential_rate,0,effective_residential_rate,0,< 0.08,L1_BOUNDS
A3323300920225003,31998,residential_rate,0,effective_residential_rate,0,< 0.08,L1_BOUNDS
A3323301020225003,32009,residential_rate,0,effective_residential_rate,0,< 0.08,L1_BOUNDS
A3323301024225003,32015,residential_rate,0,effective_residential_rate,0,< 0.08,L1_BOUNDS
A3323301217225003,32032,residential_rate,0,effective_residential_rate,0,< 0.08,L1_BOUNDS
A3323301217225003,32033,residential_rate,0,effective_residential_rate,0,< 0.08,L1_BOUNDS
A3323400118225003,32044,residential_rate,0,effective_residential_rate,0,< 0.08,L1_BOUNDS
A3323400119225003,32046,residential_rate,0,effective_residential_rate,0,< 0.08,L1_BOUNDS
A3323400120225003,32048,residential_rate,0,effective_residential_rate,0,< 0.08,L1_BOUNDS
A3323400121225003,32050,residential_rate,0,effective_residential_rate,0,< 0.08,L1_BOUNDS
A3323400217225003,32061,residential_rate,0,effective_residential_rate,0,< 0.08,L1_BOUNDS
A3323400218225003,32063,residential_rate,0,effective_residential_rate,0,< 0.08,L1_BOUNDS
A3323400219225003,32065,residential_rate,0,effective_residential_rate,0,< 0.08,L1_BOUNDS
A3323400220225003,32067,residential_rate,0,effective_residential_rate,0,< 0.08,L1_BOUNDS
A3323400221225003,32069,residential_rate,0,effective_residential_rate,0,< 0.08,L1_BOUNDS
A3323400317225003,32079,residential_rate,0,effective_residential_rate,0,< 0.08,L1_BOUNDS
A3323400318225003,32081,residential_rate,0,effective_residential_rate,0,< 0.08,L1_BOUNDS
A3323400320225003,32084,residential_rate,0,effective_residential_rate,0,< 0.08,L1_BOUNDS
A3323400320225003,32085,residential_rate,0,effective_residential_rate,0,< 0.08,L1_BOUNDS
A3323400321225003,32087,residential_rate,0,effective_residential_rate,0,< 0.08,L1_BOUNDS
A3323400417225003,32098,residential_rate,0,effective_residential_rate,0,< 0.08,L1_BOUNDS
A3323400418225003,32100,residential_rate,0,effective_residential_rate,0,< 0.08,L1_BOUNDS
A3323400419225003,32102,residential_rate,0,effective_residential_rate,0,< 0.08,L1_BOUNDS
A3323400419225003,32103,residential_rate,0,effective_residential_rate,0,< 0.08,L1_BOUNDS
A3323400420225003,32105,residential_rate,0,effective_residential_rate,0,< 0.08,L1_BOUNDS
A3323400421225003,32107,residential_rate,0,effective_residential_rate,0,< 0.08,L1_BOUNDS
A3323400422225003,32110,residential_rate,0,effective_residential_rate,0,< 0.08,L1_BOUNDS
A3323400517225003,32119,residential_rate,0,effective_residential_rate,0,< 0.08,L1_BOUNDS
A3323400519225003,32122,residential_rate,0,effective_residential_rate,0,< 0.08,L1_BOUNDS
A3323400520225003,32124,residential_rate,0,effective_residential_rate,0,< 0.08,L1_BOUNDS
A3323400522225003,32128,residential_rate,0,effective_residential_rate,0,< 0.08,L1_BOUNDS
A3323400616225003,32136,residential_rate,0,effective_residential_rate,0,< 0.08,L1_BOUNDS
A3323400619225003,32140,residential_rate,0,effective_residential_rate,0,< 0.08,L1_BOUNDS
A3323400620225003,32142,residential_rate,0,effective_residential_rate,0,< 0.08,L1_BOUNDS
A3323400622225003,32146,residential_rate,0,effective_residential_rate,0,< 0.08,L1_BOUNDS
A3323400716225003,32155,residential_rate,0,effective_residential_rate,0,< 0.08,L1_BOUNDS
A3323400717225003,32157,residential_rate,0,effective_residential_rate,0,< 0.08,L1_BOUNDS
A3323400718225003,32159,residential_rate,0,effective_residential_rate,0,< 0.08,L1_BOUNDS
A3323400719225003,32161,residential_rate,0,effective_residential_rate,0,< 0.08,L1_BOUNDS
A3323400720225003,32163,residential_rate,0,effective_residential_rate,0,< 0.08,L1_BOUNDS
A3323400721225003,32165,residential_rate,0,effective_residential_rate,0,< 0.08,L1_BOUNDS
A3323400722225003,32167,residential_rate,0,effective_residential_rate,0,< 0.08,L1_BOUNDS
A3323400817225003,32176,residential_rate,0,effective_residential_rate,0,< 0.08,L1_BOUNDS
A3323400818225003,32178,residential_rate,0,effective_residential_rate,0,< 0.08,L1_BOUNDS
A3323400819225003,32180,residential_rate,0,effective_residential_rate,0,< 0.08,L1_BOUNDS
A3323400820225003,32182,residential_rate,0,effective_residential_rate,0,< 0.08,L1_BOUNDS
A3323400822225003,32186,residential_rate,0,effective_residential_rate,0,< 0.08,L1_BOUNDS
A3323400916225003,32194,residential_rate,0,effective_residential_rate,0,< 0.08,L1_BOUNDS
A3323400916225003,32195,residential_rate,0,effective_residential_rate,0,< 0.08,L1_BOUNDS
A3323400917225003,32197,residential_rate,0,effective_residential_rate,0,< 0.08,L1_BOUNDS
A3323400918225003,32199,residential_rate,0,effective_residential_rate,0,< 0.08,L1_BOUNDS
A3323400919225003,32201,residential_rate,0,effective_residential_rate,0,< 0.08,L1_BOUNDS
A3323400922225003,32206,residential_rate,0,effective_residential_rate,0,< 0.08,L1_BOUNDS
A3323401016225003,32214,residential_rate,0,effective_residential_rate,0,< 0.08,L1_BOUNDS
A3323401017225003,32216,residential_rate,0,effective_residential_rate,0,< 0.08,L1_BOUNDS
A3323401019225003,32219,residential_rate,0,effective_residential_rate,0,< 0.08,L1_BOUNDS
A3323401020225003,32221,residential_rate,0,effective_residential_rate,0,< 0.08,L1_BOUNDS
A3323401116225003,32235,residential_rate,0,effective_residential_rate,0,< 0.08,L1_BOUNDS
A3323401118225003,32239,residential_rate,0,effective_residential_rate,0,< 0.08,L1_BOUNDS
A3323401119225003,32241,residential_rate,0,effective_residential_rate,0,< 0.08,L1_BOUNDS
A3323401120225003,32243,residential_rate,0,effective_residential_rate,0,< 0.08,L1_BOUNDS
A3323401219225003,32259,residential_rate,0,effective_residential_rate,0,< 0.08,L1_BOUNDS
A3323401220225003,32261,residential_rate,0,effective_residential_rate,0,< 0.08,L1_BOUNDS
A3323500117225003,32274,residential_rate,0.15,effective_residential_rate,0.0167,< 0.08,L1_BOUNDS
A3323500118225003,32276,residential_rate,0.15,effective_residential_rate,0.0258,< 0.08,L1_BOUNDS
A3323500119225003,32278,residential_rate,0,effective_residential_rate,-0.0098,< 0.08,L1_BOUNDS
A3323500119225003,32279,residential_rate,0,effective_residential_rate,-0.1098,< 0.08,L1_BOUNDS
A3323500120225003,32281,residential_rate,0,effective_residential_rate,-0.009,< 0.08,L1_BOUNDS
A3323500120225003,32282,residential_rate,0,effective_residential_rate,-0.109,< 0.08,L1_BOUNDS
A3323500121225003,32284,residential_rate,0,effective_residential_rate,-0.0937,< 0.08,L1_BOUNDS
A3323500122225003,32286,residential_rate,0,effective_residential_rate,0,< 0.08,L1_BOUNDS
A3323500122225003,32287,residential_rate,0,effective_residential_rate,-0.0997,< 0.08,L1_BOUNDS
A3323500123225003,32289,residential_rate,0.15,effective_residential_rate,0.0458,< 0.08,L1_BOUNDS
A3323500216225003,32302,residential_rate,0.15,effective_residential_rate,0.00819999999999999,< 0.08,L1_BOUNDS
A3323500217225003,32305,residential_rate,0.15,effective_residential_rate,0.0167,< 0.08,L1_BOUNDS
A3323500218225003,32308,residential_rate,0.15,effective_residential_rate,0.0258,< 0.08,L1_BOUNDS
A3323500219225003,32310,residential_rate,0,effective_residential_rate,-0.0098,< 0.08,L1_BOUNDS
A3323500219225003,32311,residential_rate,0,effective_residential_rate,-0.1098,< 0.08,L1_BOUNDS
A3323500220225003,32313,residential_rate,0,effective_residential_rate,-0.009,< 0.08,L1_BOUNDS
A3323500220225003,32314,residential_rate,0,effective_residential_rate,-0.109,< 0.08,L1_BOUNDS
A3323500221225003,32316,residential_rate,0,effective_residential_rate,0,< 0.08,L1_BOUNDS
A3323500221225003,32317,residential_rate,0,effective_residential_rate,-0.0937,< 0.08,L1_BOUNDS
A3323500222225003,32319,residential_rate,0,effective_residential_rate,0,< 0.08,L1_BOUNDS
A3323500222225003,32320,residential_rate,0,effective_residential_rate,-0.0997,< 0.08,L1_BOUNDS
A3323500316225003,32336,residential_rate,0.15,effective_residential_rate,0.00819999999999999,< 0.08,L1_BOUNDS
A3323500317225003,32339,residential_rate,0.15,effective_residential_rate,0.0167,< 0.08,L1_BOUNDS
A3323500318225003,32341,residential_rate,0,effective_residential_rate,-0.0242,< 0.08,L1_BOUNDS
A3323500318225003,32342,residential_rate,0,effective_residential_rate,-0.1242,< 0.08,L1_BOUNDS
A3323500319225003,32344,residential_rate,0,effective_residential_rate,-0.0098,< 0.08,L1_BOUNDS
A3323500319225003,32345,residential_rate,0,effective_residential_rate,-0.1098,< 0.08,L1_BOUNDS
A3323500320225003,32347,residential_rate,0,effective_residential_rate,-0.009,< 0.08,L1_BOUNDS
A3323500320225003,32348,residential_rate,0,effective_residential_rate,-0.109,< 0.08,L1_BOUNDS
A3323500321225003,32350,residential_rate,0,effective_residential_rate,-0.0937,< 0.08,L1_BOUNDS
A3323500322225003,32352,residential_rate,0,effective_residential_rate,0,< 0.08,L1_BOUNDS
A3323500322225003,32353,residential_rate,0,effective_residential_rate,-0.0997,< 0.08,L1_BOUNDS
A3323500416225003,32369,residential_rate,0.15,effective_residential_rate,0.00819999999999999,< 0.08,L1_BOUNDS
A3323500417225003,32372,residential_rate,0.15,effective_residential_rate,0.0167,< 0.08,L1_BOUNDS
A3323500418225003,32373,residential_rate,0,effective_residential_rate,0,< 0.08,L1_BOUNDS
A3323500418225003,32374,residential_rate,0,effective_residential_rate,-0.0242,< 0.08,L1_BOUNDS
A3323500418225003,32375,residential_rate,0,effective_residential_rate,-0.1242,< 0.08,L1_BOUNDS
A3323500419225003,32377,residential_rate,0,effective_residential_rate,-0.0098,< 0.08,L1_BOUNDS
A3323500419225003,32378,residential_rate,0,effective_residential_rate,-0.1098,< 0.08,L1_BOUNDS
A3323500420225003,32380,residential_rate,0,effective_residential_rate,-0.009,< 0.08,L1_BOUNDS
A3323500420225003,32381,residential_rate,0,effective_residential_rate,-0.109,< 0.08,L1_BOUNDS
A3323500421225003,32383,residential_rate,0,effective_residential_rate,-0.0937,< 0.08,L1_BOUNDS
A3323500422225003,32385,residential_rate,0,effective_residential_rate,0,< 0.08,L1_BOUNDS
A3323500422225003,32386,residential_rate,0,effective_residential_rate,-0.0997,< 0.08,L1_BOUNDS
A3323500516225003,32402,residential_rate,0.15,effective_residential_rate,0.00819999999999999,< 0.08,L1_BOUNDS
A3323500517225003,32405,residential_rate,0.15,effective_residential_rate,0.0167,< 0.08,L1_BOUNDS
A3323500518225003,32407,residential_rate,0,effective_residential_rate,-0.0242,< 0.08,L1_BOUNDS
A3323500518225003,32408,residential_rate,0,effective_residential_rate,-0.1242,< 0.08,L1_BOUNDS
A3323500519225003,32410,residential_rate,0,effective_residential_rate,-0.0098,< 0.08,L1_BOUNDS
A3323500519225003,32411,residential_rate,0,effective_residential_rate,-0.1098,< 0.08,L1_BOUNDS
A3323500520225003,32413,residential_rate,0,effective_residential_rate,-0.009,< 0.08,L1_BOUNDS
A3323500520225003,32414,residential_rate,0,effective_residential_rate,-0.109,< 0.08,L1_BOUNDS
A3323500521225003,32416,residential_rate,0,effective_residential_rate,0,< 0.08,L1_BOUNDS
A3323500521225003,32417,residential_rate,0,effective_residential_rate,-0.0937,< 0.08,L1_BOUNDS
A3323500522225003,32419,residential_rate,0,effective_residential_rate,0,< 0.08,L1_BOUNDS
A3323500522225003,32420,residential_rate,0,effective_residential_rate,-0.0997,< 0.08,L1_BOUNDS
A3323500616225003,32436,residential_rate,0.15,effective_residential_rate,0.00819999999999999,< 0.08,L1_BOUNDS
A3323500617225003,32439,residential_rate,0.15,effective_residential_rate,0.0167,< 0.08,L1_BOUNDS
A3323500618225003,32441,residential_rate,0,effective_residential_rate,-0.0242,< 0.08,L1_BOUNDS
A3323500618225003,32442,residential_rate,0,effective_residential_rate,-0.1242,< 0.08,L1_BOUNDS
A3323500619225003,32444,residential_rate,0,effective_residential_rate,-0.0098,< 0.08,L1_BOUNDS
A3323500619225003,32445,residential_rate,0,effective_residential_rate,-0.1098,< 0.08,L1_BOUNDS
A3323500620225003,32447,residential_rate,0,effective_residential_rate,-0.009,< 0.08,L1_BOUNDS
A3323500620225003,32448,residential_rate,0,effective_residential_rate,-0.109,< 0.08,L1_BOUNDS
A3323500621225003,32450,residential_rate,0,effective_residential_rate,0,< 0.08,L1_BOUNDS
A3323500621225003,32451,residential_rate,0,effective_residential_rate,-0.0937,< 0.08,L1_BOUNDS
A3323500622225003,32453,residential_rate,0,effective_residential_rate,0,< 0.08,L1_BOUNDS
A3323500622225003,32454,residential_rate,0,effective_residential_rate,-0.0997,< 0.08,L1_BOUNDS
A3323500716225003,32470,residential_rate,0.15,effective_residential_rate,0.00819999999999999,< 0.08,L1_BOUNDS
A3323500717225003,32473,residential_rate,0.15,effective_residential_rate,0.0167,< 0.08,L1_BOUNDS
A3323500718225003,32475,residential_rate,0,effective_residential_rate,-0.0242,< 0.08,L1_BOUNDS
A3323500718225003,32476,residential_rate,0,effective_residential_rate,-0.1242,< 0.08,L1_BOUNDS
A3323500719225003,32478,residential_rate,0,effective_residential_rate,-0.0098,< 0.08,L1_BOUNDS
A3323500719225003,32479,residential_rate,0,effective_residential_rate,-0.1098,< 0.08,L1_BOUNDS
A3323500720225003,32481,residential_rate,0,effective_residential_rate,-0.009,< 0.08,L1_BOUNDS
A3323500720225003,32482,residential_rate,0,effective_residential_rate,-0.109,< 0.08,L1_BOUNDS
A3323500721225003,32484,residential_rate,0,effective_residential_rate,-0.0937,< 0.08,L1_BOUNDS
A3323500722225003,32486,residential_rate,0,effective_residential_rate,0,< 0.08,L1_BOUNDS
A3323500722225003,32487,residential_rate,0,effective_residential_rate,-0.0997,< 0.08,L1_BOUNDS
A3323500816225003,32503,residential_rate,0.15,effective_residential_rate,0.00819999999999999,< 0.08,L1_BOUNDS
A3323500817225003,32506,residential_rate,0.15,effective_residential_rate,0.0167,< 0.08,L1_BOUNDS
A3323500818225003,32508,residential_rate,0,effective_residential_rate,-0.0242,< 0.08,L1_BOUNDS
A3323500818225003,32509,residential_rate,0,effective_residential_rate,-0.1242,< 0.08,L1_BOUNDS
A3323500819225003,32511,residential_rate,0,effective_residential_rate,-0.0098,< 0.08,L1_BOUNDS
A3323500819225003,32512,residential_rate,0,effective_residential_rate,-0.1098,< 0.08,L1_BOUNDS
A3323500820225003,32514,residential_rate,0,effective_residential_rate,-0.009,< 0.08,L1_BOUNDS
A3323500820225003,32515,residential_rate,0,effective_residential_rate,-0.109,< 0.08,L1_BOUNDS
A3323500821225003,32517,residential_rate,0,effective_residential_rate,-0.0937,< 0.08,L1_BOUNDS
A3323500822225003,32519,residential_rate,0,effective_residential_rate,0,< 0.08,L1_BOUNDS
A3323500822225003,32520,residential_rate,0,effective_residential_rate,-0.0997,< 0.08,L1_BOUNDS
A3323500916225003,32535,residential_rate,0.15,effective_residential_rate,0.00819999999999999,< 0.08,L1_BOUNDS
A3323500917225003,32538,residential_rate,0.1891,effective_residential_rate,0.0558,< 0.08,L1_BOUNDS
A3323500918225003,32540,residential_rate,0,effective_residential_rate,-0.0242,< 0.08,L1_BOUNDS
A3323500918225003,32541,residential_rate,0,effective_residential_rate,-0.1242,< 0.08,L1_BOUNDS
A3323500919225003,32544,residential_rate,0.1517,effective_residential_rate,0.0419,< 0.08,L1_BOUNDS
A3323500920225003,32546,residential_rate,0,effective_residential_rate,-0.009,< 0.08,L1_BOUNDS
A3323500920225003,32547,residential_rate,0,effective_residential_rate,-0.109,< 0.08,L1_BOUNDS
A3323500921225003,32549,residential_rate,0.15,effective_residential_rate,0.0563,< 0.08,L1_BOUNDS
A3323500922225003,32551,residential_rate,0.15,effective_residential_rate,0.0503,< 0.08,L1_BOUNDS
A3323501016225003,32566,residential_rate,0.15,effective_residential_rate,0.00819999999999999,< 0.08,L1_BOUNDS
A3323501017225003,32569,residential_rate,0.1651,effective_residential_rate,0.0318,< 0.08,L1_BOUNDS
A3323501018225003,32571,residential_rate,0,effective_residential_rate,-0.0242,< 0.08,L1_BOUNDS
A3323501018225003,32572,residential_rate,0,effective_residential_rate,-0.1242,< 0.08,L1_BOUNDS
A3323501019225003,32575,residential_rate,0.15,effective_residential_rate,0.0402,< 0.08,L1_BOUNDS
A3323501020225003,32577,residential_rate,0,effective_residential_rate,-0.009,< 0.08,L1_BOUNDS
A3323501020225003,32578,residential_rate,0,effective_residential_rate,-0.109,< 0.08,L1_BOUNDS
A3323501021225003,32580,residential_rate,0.15,effective_residential_rate,0.0563,< 0.08,L1_BOUNDS
A3323501022225003,32582,residential_rate,0,effective_residential_rate,-0.0997,< 0.08,L1_BOUNDS
A3323501116225003,32598,residential_rate,0.15,effective_residential_rate,0.00819999999999999,< 0.08,L1_BOUNDS
A3323501117225003,32601,residential_rate,0.1548,effective_residential_rate,0.0215,< 0.08,L1_BOUNDS
A3323501118225003,32603,residential_rate,0,effective_residential_rate,-0.0242,< 0.08,L1_BOUNDS
A3323501118225003,32604,residential_rate,0,effective_residential_rate,-0.1242,< 0.08,L1_BOUNDS
A3323501119225003,32607,residential_rate,0.1665,effective_residential_rate,0.0567,< 0.08,L1_BOUNDS
A3323501120225003,32609,residential_rate,0,effective_residential_rate,-0.009,< 0.08,L1_BOUNDS
A3323501120225003,32610,residential_rate,0,effective_residential_rate,-0.109,< 0.08,L1_BOUNDS
A3323501121225003,32613,residential_rate,0.15,effective_residential_rate,0.0563,< 0.08,L1_BOUNDS
A3323501122225003,32615,residential_rate,0.15,effective_residential_rate,0.0503,< 0.08,L1_BOUNDS
A3323501218225003,32632,residential_rate,0,effective_residential_rate,-0.0242,< 0.08,L1_BOUNDS
A3323501218225003,32633,residential_rate,0,effective_residential_rate,-0.1242,< 0.08,L1_BOUNDS
A3323501219225003,32635,residential_rate,0,effective_residential_rate,-0.0098,< 0.08,L1_BOUNDS
A3323501219225003,32636,residential_rate,0,effective_residential_rate,-0.1098,< 0.08,L1_BOUNDS
A3323501220225003,32638,residential_rate,0,effective_residential_rate,-0.009,< 0.08,L1_BOUNDS
A3323501220225003,32639,residential_rate,0,effective_residential_rate,-0.109,< 0.08,L1_BOUNDS
A3323501221225003,32642,residential_rate,0.15,effective_residential_rate,0.0563,< 0.08,L1_BOUNDS
A3323501222225003,32644,residential_rate,0.15,effective_residential_rate,0.0503,< 0.08,L1_BOUNDS
A3323600117225003,32658,residential_rate,0.15,effective_residential_rate,0.0167,< 0.08,L1_BOUNDS
A3323600119225003,32662,residential_rate,0,effective_residential_rate,-0.0098,< 0.08,L1_BOUNDS
A3323600119225003,32663,residential_rate,0,effective_residential_rate,-0.1098,< 0.08,L1_BOUNDS
A3323600120225003,32665,residential_rate,0,effective_residential_rate,-0.009,< 0.08,L1_BOUNDS
A3323600120225003,32666,residential_rate,0,effective_residential_rate,-0.109,< 0.08,L1_BOUNDS
A3323600121225003,32668,residential_rate,0,effective_residential_rate,-0.0937,< 0.08,L1_BOUNDS
A3323600122225003,32670,residential_rate,0,effective_residential_rate,0,< 0.08,L1_BOUNDS
A3323600122225003,32671,residential_rate,0,effective_residential_rate,-0.0997,< 0.08,L1_BOUNDS
A3323600123225003,32673,residential_rate,0.15,effective_residential_rate,0.0458,< 0.08,L1_BOUNDS
A3323600216225003,32687,residential_rate,0,effective_residential_rate,0,< 0.08,L1_BOUNDS
A3323600217225003,32690,residential_rate,0.15,effective_residential_rate,0.0167,< 0.08,L1_BOUNDS
A3323600218225003,32693,residential_rate,0.15,effective_residential_rate,0.0258,< 0.08,L1_BOUNDS
A3323600219225003,32695,residential_rate,0,effective_residential_rate,-0.0098,< 0.08,L1_BOUNDS
A3323600219225003,32696,residential_rate,0,effective_residential_rate,-0.1098,< 0.08,L1_BOUNDS
A3323600220225003,32698,residential_rate,0,effective_residential_rate,-0.009,< 0.08,L1_BOUNDS
A3323600220225003,32699,residential_rate,0,effective_residential_rate,-0.109,< 0.08,L1_BOUNDS
A3323600221225003,32701,residential_rate,0,effective_residential_rate,0,< 0.08,L1_BOUNDS
A3323600221225003,32702,residential_rate,0,effective_residential_rate,-0.0937,< 0.08,L1_BOUNDS
A3323600222225003,32704,residential_rate,0,effective_residential_rate,0,< 0.08,L1_BOUNDS
A3323600222225003,32705,residential_rate,0,effective_residential_rate,-0.0997,< 0.08,L1_BOUNDS
A3323600316225003,32721,residential_rate,0.15,effective_residential_rate,0.00819999999999999,< 0.08,L1_BOUNDS
A3323600317225003,32724,residential_rate,0.15,effective_residential_rate,0.0167,< 0.08,L1_BOUNDS
A3323600318225003,32726,residential_rate,0,effective_residential_rate,-0.0242,< 0.08,L1_BOUNDS
A3323600318225003,32727,residential_rate,0,effective_residential_rate,-0.1242,< 0.08,L1_BOUNDS
A3323600319225003,32729,residential_rate,0,effective_residential_rate,-0.0098,< 0.08,L1_BOUNDS
A3323600319225003,32730,residential_rate,0,effective_residential_rate,-0.1098,< 0.08,L1_BOUNDS
A3323600320225003,32732,residential_rate,0,effective_residential_rate,-0.009,< 0.08,L1_BOUNDS
A3323600320225003,32733,residential_rate,0,effective_residential_rate,-0.109,< 0.08,L1_BOUNDS
A3323600321225003,32735,residential_rate,0,effective_residential_rate,-0.0937,< 0.08,L1_BOUNDS
A3323600322225003,32737,residential_rate,0,effective_residential_rate,0,< 0.08,L1_BOUNDS
A3323600322225003,32738,residential_rate,0,effective_residential_rate,-0.0997,< 0.08,L1_BOUNDS
A3323600416225003,32754,residential_rate,0.15,effective_residential_rate,0.00819999999999999,< 0.08,L1_BOUNDS
A3323600417225003,32757,residential_rate,0.15,effective_residential_rate,0.0167,< 0.08,L1_BOUNDS
A3323600418225003,32758,residential_rate,0,effective_residential_rate,0,< 0.08,L1_BOUNDS
A3323600418225003,32759,residential_rate,0,effective_residential_rate,-0.0242,< 0.08,L1_BOUNDS
A3323600418225003,32760,residential_rate,0,effective_residential_rate,-0.1242,< 0.08,L1_BOUNDS
A3323600419225003,32762,residential_rate,0,effective_residential_rate,-0.0098,< 0.08,L1_BOUNDS
A3323600419225003,32763,residential_rate,0,effective_residential_rate,-0.1098,< 0.08,L1_BOUNDS
A3323600420225003,32765,residential_rate,0,effective_residential_rate,-0.009,< 0.08,L1_BOUNDS
A3323600420225003,32766,residential_rate,0,effective_residential_rate,-0.109,< 0.08,L1_BOUNDS
A3323600421225003,32768,residential_rate,0,effective_residential_rate,-0.0937,< 0.08,L1_BOUNDS
A3323600422225003,32770,residential_rate,0,effective_residential_rate,0,< 0.08,L1_BOUNDS
A3323600422225003,32771,residential_rate,0,effective_residential_rate,-0.0997,< 0.08,L1_BOUNDS
A3323600516225003,32787,residential_rate,0.15,effective_residential_rate,0.00819999999999999,< 0.08,L1_BOUNDS
A3323600517225003,32790,residential_rate,0.15,effective_residential_rate,0.0167,< 0.08,L1_BOUNDS
A3323600518225003,32792,residential_rate,0,effective_residential_rate,-0.0242,< 0.08,L1_BOUNDS
A3323600518225003,32793,residential_rate,0,effective_residential_rate,-0.1242,< 0.08,L1_BOUNDS
A3323600519225003,32795,residential_rate,0,effective_residential_rate,-0.0098,< 0.08,L1_BOUNDS
A3323600519225003,32796,residential_rate,0,effective_residential_rate,-0.1098,< 0.08,L1_BOUNDS
A3323600520225003,32798,residential_rate,0,effective_residential_rate,-0.009,< 0.08,L1_BOUNDS
A3323600520225003,32799,residential_rate,0,effective_residential_rate,-0.109,< 0.08,L1_BOUNDS
A3323600521225003,32801,residential_rate,0,effective_residential_rate,0,< 0.08,L1_BOUNDS
A3323600521225003,32802,residential_rate,0,effective_residential_rate,-0.0937,< 0.08,L1_BOUNDS
A3323600522225003,32804,residential_rate,0,effective_residential_rate,0,< 0.08,L1_BOUNDS
A3323600522225003,32805,residential_rate,0,effective_residential_rate,-0.0997,< 0.08,L1_BOUNDS
A3323600616225003,32821,residential_rate,0.15,effective_residential_rate,0.00819999999999999,< 0.08,L1_BOUNDS
A3323600617225003,32824,residential_rate,0.15,effective_residential_rate,0.0167,< 0.08,L1_BOUNDS
A3323600618225003,32826,residential_rate,0,effective_residential_rate,-0.0242,< 0.08,L1_BOUNDS
A3323600618225003,32827,residential_rate,0,effective_residential_rate,-0.1242,< 0.08,L1_BOUNDS
A3323600619225003,32829,residential_rate,0,effective_residential_rate,-0.0098,< 0.08,L1_BOUNDS
A3323600619225003,32830,residential_rate,0,effective_residential_rate,-0.1098,< 0.08,L1_BOUNDS
A3323600620225003,32832,residential_rate,0,effective_residential_rate,-0.009,< 0.08,L1_BOUNDS
A3323600620225003,32833,residential_rate,0,effective_residential_rate,-0.109,< 0.08,L1_BOUNDS
A3323600621225003,32835,residential_rate,0,effective_residential_rate,0,< 0.08,L1_BOUNDS
A3323600621225003,32836,residential_rate,0,effective_residential_rate,-0.0937,< 0.08,L1_BOUNDS
A3323600622225003,32838,residential_rate,0,effective_residential_rate,0,< 0.08,L1_BOUNDS
A3323600622225003,32839,residential_rate,0,effective_residential_rate,-0.0997,< 0.08,L1_BOUNDS
A3323600716225003,32855,residential_rate,0.15,effective_residential_rate,0.00819999999999999,< 0.08,L1_BOUNDS
A3323600717225003,32858,residential_rate,0.15,effective_residential_rate,0.0167,< 0.08,L1_BOUNDS
A3323600718225003,32860,residential_rate,0,effective_residential_rate,-0.0242,< 0.08,L1_BOUNDS
A3323600718225003,32861,residential_rate,0,effective_residential_rate,-0.1242,< 0.08,L1_BOUNDS
A3323600719225003,32863,residential_rate,0,effective_residential_rate,-0.0098,< 0.08,L1_BOUNDS
A3323600719225003,32864,residential_rate,0,effective_residential_rate,-0.1098,< 0.08,L1_BOUNDS
A3323600720225003,32866,residential_rate,0,effective_residential_rate,-0.009,< 0.08,L1_BOUNDS
A3323600720225003,32867,residential_rate,0,effective_residential_rate,-0.109,< 0.08,L1_BOUNDS
A3323600721225003,32869,residential_rate,0,effective_residential_rate,-0.0937,< 0.08,L1_BOUNDS
A3323600722225003,32871,residential_rate,0,effective_residential_rate,0,< 0.08,L1_BOUNDS
A3323600722225003,32872,residential_rate,0,effective_residential_rate,-0.0997,< 0.08,L1_BOUNDS
A3323600816225003,32888,residential_rate,0.15,effective_residential_rate,0.00819999999999999,< 0.08,L1_BOUNDS
A3323600817225003,32891,residential_rate,0.15,effective_residential_rate,0.0167,< 0.08,L1_BOUNDS
A3323600818225003,32893,residential_rate,0,effective_residential_rate,-0.0242,< 0.08,L1_BOUNDS
A3323600818225003,32894,residential_rate,0,effective_residential_rate,-0.1242,< 0.08,L1_BOUNDS
A3323600819225003,32896,residential_rate,0,effective_residential_rate,-0.0098,< 0.08,L1_BOUNDS
A3323600819225003,32897,residential_rate,0,effective_residential_rate,-0.1098,< 0.08,L1_BOUNDS
A3323600820225003,32899,residential_rate,0,effective_residential_rate,-0.009,< 0.08,L1_BOUNDS
A3323600820225003,32900,residential_rate,0,effective_residential_rate,-0.109,< 0.08,L1_BOUNDS
A3323600821225003,32902,residential_rate,0,effective_residential_rate,-0.0937,< 0.08,L1_BOUNDS
A3323600822225003,32904,residential_rate,0,effective_residential_rate,0,< 0.08,L1_BOUNDS
A3323600822225003,32905,residential_rate,0,effective_residential_rate,-0.0997,< 0.08,L1_BOUNDS
A3323600916225003,32921,residential_rate,0.15,effective_residential_rate,0.00819999999999999,< 0.08,L1_BOUNDS
A3323600918225003,32926,residential_rate,0,effective_residential_rate,-0.0242,< 0.08,L1_BOUNDS
A3323600918225003,32927,residential_rate,0,effective_residential_rate,-0.1242,< 0.08,L1_BOUNDS
A3323600920225003,32932,residential_rate,0,effective_residential_rate,-0.009,< 0.08,L1_BOUNDS
A3323600920225003,32933,residential_rate,0,effective_residential_rate,-0.109,< 0.08,L1_BOUNDS
A3323600921225003,32935,residential_rate,0.15,effective_residential_rate,0.0563,< 0.08,L1_BOUNDS
A3323600922225003,32937,residential_rate,0.15,effective_residential_rate,0.0503,< 0.08,L1_BOUNDS
A3323601016225003,32953,residential_rate,0.15,effective_residential_rate,0.00819999999999999,< 0.08,L1_BOUNDS
A3323601018225003,32958,residential_rate,0,effective_residential_rate,-0.0242,< 0.08,L1_BOUNDS
A3323601018225003,32959,residential_rate,0,effective_residential_rate,-0.1242,< 0.08,L1_BOUNDS
A3323601020225003,32964,residential_rate,0,effective_residential_rate,-0.009,< 0.08,L1_BOUNDS
A3323601020225003,32965,residential_rate,0,effective_residential_rate,-0.109,< 0.08,L1_BOUNDS
A3323601021225003,32967,residential_rate,0.15,effective_residential_rate,0.0563,< 0.08,L1_BOUNDS
A3323601022225003,32969,residential_rate,0.15,effective_residential_rate,0.0503,< 0.08,L1_BOUNDS
A3323601116225003,32985,residential_rate,0.15,effective_residential_rate,0.00819999999999999,< 0.08,L1_BOUNDS
A3323601117225003,32988,residential_rate,0.1933,effective_residential_rate,0.06,< 0.08,L1_BOUNDS
A3323601118225003,32990,residential_rate,0,effective_residential_rate,-0.0242,< 0.08,L1_BOUNDS
A3323601118225003,32991,residential_rate,0,effective_residential_rate,-0.1242,< 0.08,L1_BOUNDS
A3323601120225003,32996,residential_rate,0,effective_residential_rate,-0.009,< 0.08,L1_BOUNDS
A3323601120225003,32997,residential_rate,0,effective_residential_rate,-0.1209,< 0.08,L1_BOUNDS
A3323601121225003,33000,residential_rate,0.15,effective_residential_rate,0.0563,< 0.08,L1_BOUNDS
A3323601122225003,33002,residential_rate,0.15,effective_residential_rate,0.0503,< 0.08,L1_BOUNDS
A3323601216225003,33017,residential_rate,0.15,effective_residential_rate,0.00819999999999999,< 0.08,L1_BOUNDS
A3323601217225003,33020,residential_rate,0.1854,effective_residential_rate,0.0521,< 0.08,L1_BOUNDS
A3323601218225003,33022,residential_rate,0,effective_residential_rate,-0.0242,< 0.08,L1_BOUNDS
A3323601218225003,33023,residential_rate,0,effective_residential_rate,-0.1242,< 0.08,L1_BOUNDS
A3323601219225003,33025,residential_rate,0,effective_residential_rate,-0.0098,< 0.08,L1_BOUNDS
A3323601219225003,33026,residential_rate,0,effective_residential_rate,-0.1098,< 0.08,L1_BOUNDS
A3323601220225003,33028,residential_rate,0,effective_residential_rate,-0.009,< 0.08,L1_BOUNDS
A3323601220225003,33029,residential_rate,0,effective_residential_rate,-0.109,< 0.08,L1_BOUNDS
A3323601221225003,33032,residential_rate,0.15,effective_residential_rate,0.0563,< 0.08,L1_BOUNDS
A3323601222225003,33034,residential_rate,0.15,effective_residential_rate,0.0503,< 0.08,L1_BOUNDS
A3323700117225003,33050,residential_rate,0.15,effective_residential_rate,0.0167,< 0.08,L1_BOUNDS
A3323700118225003,33052,residential_rate,0.1573,effective_residential_rate,0.0331,< 0.08,L1_BOUNDS
A3323700119225003,33054,residential_rate,0,effective_residential_rate,-0.0098,< 0.08,L1_BOUNDS
A3323700119225003,33055,residential_rate,0,effective_residential_rate,-0.1098,< 0.08,L1_BOUNDS
A3323700120225003,33057,residential_rate,0,effective_residential_rate,-0.009,< 0.08,L1_BOUNDS
A3323700120225003,33058,residential_rate,0,effective_residential_rate,-0.109,< 0.08,L1_BOUNDS
A3323700121225003,33060,residential_rate,0,effective_residential_rate,-0.0937,< 0.08,L1_BOUNDS
A3323700122225003,33062,residential_rate,0,effective_residential_rate,0,< 0.08,L1_BOUNDS
A3323700122225003,33063,residential_rate,0,effective_residential_rate,-0.0997,< 0.08,L1_BOUNDS
A3323700123225003,33065,residential_rate,0.15,effective_residential_rate,0.0458,< 0.08,L1_BOUNDS
A3323700216225003,33073,residential_rate,0.1902,effective_residential_rate,0.0484,< 0.08,L1_BOUNDS
A3323700217225003,33076,residential_rate,0.15,effective_residential_rate,0.0167,< 0.08,L1_BOUNDS
A3323700218225003,33079,residential_rate,0.15,effective_residential_rate,0.0258,< 0.08,L1_BOUNDS
A3323700219225003,33081,residential_rate,0,effective_residential_rate,-0.0098,< 0.08,L1_BOUNDS
A3323700219225003,33082,residential_rate,0,effective_residential_rate,-0.1098,< 0.08,L1_BOUNDS
A3323700220225003,33084,residential_rate,0,effective_residential_rate,-0.009,< 0.08,L1_BOUNDS
A3323700220225003,33085,residential_rate,0,effective_residential_rate,-0.109,< 0.08,L1_BOUNDS
A3323700221225003,33087,residential_rate,0,effective_residential_rate,0,< 0.08,L1_BOUNDS
A3323700221225003,33088,residential_rate,0,effective_residential_rate,-0.0937,< 0.08,L1_BOUNDS
A3323700222225003,33090,residential_rate,0,effective_residential_rate,0,< 0.08,L1_BOUNDS
A3323700222225003,33091,residential_rate,0,effective_residential_rate,-0.0997,< 0.08,L1_BOUNDS
A3323700316225003,33105,residential_rate,0.15,effective_residential_rate,0.00819999999999999,< 0.08,L1_BOUNDS
A3323700317225003,33108,residential_rate,0.15,effective_residential_rate,0.0167,< 0.08,L1_BOUNDS
A3323700318225003,33110,residential_rate,0,effective_residential_rate,-0.0242,< 0.08,L1_BOUNDS
A3323700318225003,33111,residential_rate,0,effective_residential_rate,-0.1242,< 0.08,L1_BOUNDS
A3323700319225003,33113,residential_rate,0,effective_residential_rate,-0.0098,< 0.08,L1_BOUNDS
A3323700319225003,33114,residential_rate,0,effective_residential_rate,-0.1098,< 0.08,L1_BOUNDS
A3323700320225003,33116,residential_rate,0,effective_residential_rate,-0.009,< 0.08,L1_BOUNDS
A3323700320225003,33117,residential_rate,0,effective_residential_rate,-0.109,< 0.08,L1_BOUNDS
A3323700321225003,33119,residential_rate,0,effective_residential_rate,-0.0937,< 0.08,L1_BOUNDS
A3323700322225003,33121,residential_rate,0,effective_residential_rate,0,< 0.08,L1_BOUNDS
A3323700322225003,33122,residential_rate,0,effective_residential_rate,-0.0997,< 0.08,L1_BOUNDS
A3323700416225003,33138,residential_rate,0.15,effective_residential_rate,0.00819999999999999,< 0.08,L1_BOUNDS
A3323700416225003,33139,residential_rate,0,effective_residential_rate,0,< 0.08,L1_BOUNDS
A3323700417225003,33142,residential_rate,0.15,effective_residential_rate,0.0167,< 0.08,L1_BOUNDS
A3323700417225003,33143,residential_rate,0,effective_residential_rate,0,< 0.08,L1_BOUNDS
A3323700418225003,33144,residential_rate,0,effective_residential_rate,0,< 0.08,L1_BOUNDS
A3323700418225003,33145,residential_rate,0,effective_residential_rate,-0.0242,< 0.08,L1_BOUNDS
A3323700418225003,33146,residential_rate,0,effective_residential_rate,-0.1242,< 0.08,L1_BOUNDS
A3323700419225003,33148,residential_rate,0,effective_residential_rate,-0.0098,< 0.08,L1_BOUNDS
A3323700419225003,33149,residential_rate,0,effective_residential_rate,-0.1098,< 0.08,L1_BOUNDS
A3323700420225003,33151,residential_rate,0,effective_residential_rate,-0.009,< 0.08,L1_BOUNDS
A3323700420225003,33152,residential_rate,0,effective_residential_rate,-0.109,< 0.08,L1_BOUNDS
A3323700421225003,33154,residential_rate,0,effective_residential_rate,-0.0937,< 0.08,L1_BOUNDS
A3323700422225003,33156,residential_rate,0,effective_residential_rate,0,< 0.08,L1_BOUNDS
A3323700422225003,33157,residential_rate,0,effective_residential_rate,-0.0997,< 0.08,L1_BOUNDS
A3323700516225003,33173,residential_rate,0.15,effective_residential_rate,0.00819999999999999,< 0.08,L1_BOUNDS
A3323700517225003,33176,residential_rate,0.15,effective_residential_rate,0.0167,< 0.08,L1_BOUNDS
A3323700518225003,33178,residential_rate,0,effective_residential_rate,-0.0242,< 0.08,L1_BOUNDS
A3323700518225003,33179,residential_rate,0,effective_residential_rate,-0.1242,< 0.08,L1_BOUNDS
A3323700519225003,33181,residential_rate,0,effective_residential_rate,-0.0098,< 0.08,L1_BOUNDS
A3323700519225003,33182,residential_rate,0,effective_residential_rate,-0.1098,< 0.08,L1_BOUNDS
A3323700520225003,33184,residential_rate,0,effective_residential_rate,-0.009,< 0.08,L1_BOUNDS
A3323700520225003,33185,residential_rate,0,effective_residential_rate,-0.109,< 0.08,L1_BOUNDS
A3323700521225003,33187,residential_rate,0,effective_residential_rate,0,< 0.08,L1_BOUNDS
A3323700521225003,33188,residential_rate,0,effective_residential_rate,-0.0937,< 0.08,L1_BOUNDS
A3323700522225003,33190,residential_rate,0,effective_residential_rate,0,< 0.08,L1_BOUNDS
A3323700522225003,33191,residential_rate,0,effective_residential_rate,-0.0997,< 0.08,L1_BOUNDS
A3323700616225003,33207,residential_rate,0,effective_residential_rate,0,< 0.08,L1_BOUNDS
A3323700616225003,33208,residential_rate,0.15,effective_residential_rate,0.00819999999999999,< 0.08,L1_BOUNDS
A3323700616225003,33209,residential_rate,0,effective_residential_rate,0,< 0.08,L1_BOUNDS
A3323700617225003,33212,residential_rate,0.15,effective_residential_rate,0.0167,< 0.08,L1_BOUNDS
A3323700618225003,33214,residential_rate,0,effective_residential_rate,-0.0242,< 0.08,L1_BOUNDS
A3323700618225003,33215,residential_rate,0,effective_residential_rate,-0.1242,< 0.08,L1_BOUNDS
A3323700618225003,33216,residential_rate,0,effective_residential_rate,0,< 0.08,L1_BOUNDS
A3323700619225003,33218,residential_rate,0,effective_residential_rate,-0.0098,< 0.08,L1_BOUNDS
A3323700619225003,33219,residential_rate,0,effective_residential_rate,-0.1098,< 0.08,L1_BOUNDS
A3323700620225003,33221,residential_rate,0,effective_residential_rate,-0.009,< 0.08,L1_BOUNDS
A3323700620225003,33222,residential_rate,0,effective_residential_rate,-0.109,< 0.08,L1_BOUNDS
A3323700621225003,33224,residential_rate,0,effective_residential_rate,0,< 0.08,L1_BOUNDS
A3323700621225003,33225,residential_rate,0,effective_residential_rate,-0.0937,< 0.08,L1_BOUNDS
A3323700622225003,33227,residential_rate,0,effective_residential_rate,0,< 0.08,L1_BOUNDS
A3323700622225003,33228,residential_rate,0,effective_residential_rate,-0.0997,< 0.08,L1_BOUNDS
A3323700716225003,33244,residential_rate,0.15,effective_residential_rate,0.00819999999999999,< 0.08,L1_BOUNDS
A3323700717225003,33247,residential_rate,0.15,effective_residential_rate,0.0167,< 0.08,L1_BOUNDS
A3323700718225003,33249,residential_rate,0,effective_residential_rate,-0.0242,< 0.08,L1_BOUNDS
A3323700718225003,33250,residential_rate,0,effective_residential_rate,-0.1242,< 0.08,L1_BOUNDS
A3323700719225003,33252,residential_rate,0,effective_residential_rate,-0.0098,< 0.08,L1_BOUNDS
A3323700719225003,33253,residential_rate,0,effective_residential_rate,-0.1098,< 0.08,L1_BOUNDS
A3323700720225003,33255,residential_rate,0,effective_residential_rate,-0.009,< 0.08,L1_BOUNDS
A3323700720225003,33256,residential_rate,0,effective_residential_rate,-0.109,< 0.08,L1_BOUNDS
A3323700721225003,33258,residential_rate,0,effective_residential_rate,-0.0937,< 0.08,L1_BOUNDS
A3323700721225003,33259,residential_rate,0,effective_residential_rate,-0.1437,< 0.08,L1_BOUNDS
A3323700722225003,33260,residential_rate,0,effective_residential_rate,0,< 0.08,L1_BOUNDS
A3323700722225003,33261,residential_rate,0,effective_residential_rate,0,< 0.08,L1_BOUNDS
A3323700722225003,33262,residential_rate,0,effective_residential_rate,-0.0997,< 0.08,L1_BOUNDS
A3323700816225003,33278,residential_rate,0,effective_residential_rate,-0.1418,< 0.08,L1_BOUNDS
A3323700816225003,33279,residential_rate,0,effective_residential_rate,0,< 0.08,L1_BOUNDS
A3323700817225003,33282,residential_rate,0.15,effective_residential_rate,0.0167,< 0.08,L1_BOUNDS
A3323700817225003,33283,residential_rate,0,effective_residential_rate,0,< 0.08,L1_BOUNDS
A3323700818225003,33285,residential_rate,0,effective_residential_rate,-0.0242,< 0.08,L1_BOUNDS
A3323700818225003,33286,residential_rate,0,effective_residential_rate,-0.1242,< 0.08,L1_BOUNDS
A3323700819225003,33288,residential_rate,0,effective_residential_rate,-0.0098,< 0.08,L1_BOUNDS
A3323700819225003,33289,residential_rate,0,effective_residential_rate,-0.1098,< 0.08,L1_BOUNDS
A3323700820225003,33291,residential_rate,0,effective_residential_rate,-0.009,< 0.08,L1_BOUNDS
A3323700820225003,33292,residential_rate,0,effective_residential_rate,-0.109,< 0.08,L1_BOUNDS
A3323700821225003,33294,residential_rate,0,effective_residential_rate,-0.0937,< 0.08,L1_BOUNDS
A3323700822225003,33296,residential_rate,0,effective_residential_rate,0,< 0.08,L1_BOUNDS
A3323700822225003,33297,residential_rate,0,effective_residential_rate,-0.0997,< 0.08,L1_BOUNDS
A3323700916225003,33313,residential_rate,0.15,effective_residential_rate,0.00819999999999999,< 0.08,L1_BOUNDS
A3323700918225003,33318,residential_rate,0,effective_residential_rate,-0.0242,< 0.08,L1_BOUNDS
A3323700918225003,33319,residential_rate,0,effective_residential_rate,-0.1242,< 0.08,L1_BOUNDS
A3323700920225003,33324,residential_rate,0,effective_residential_rate,-0.009,< 0.08,L1_BOUNDS
A3323700920225003,33325,residential_rate,0,effective_residential_rate,-0.109,< 0.08,L1_BOUNDS
A3323700921225003,33327,residential_rate,0.15,effective_residential_rate,0.0563,< 0.08,L1_BOUNDS
A3323700922225003,33329,residential_rate,0.15,effective_residential_rate,0.0503,< 0.08,L1_BOUNDS
A3323701016225003,33343,residential_rate,0.15,effective_residential_rate,0.00819999999999999,< 0.08,L1_BOUNDS
A3323701018225003,33348,residential_rate,0,effective_residential_rate,-0.0242,< 0.08,L1_BOUNDS
A3323701018225003,33349,residential_rate,0,effective_residential_rate,-0.1242,< 0.08,L1_BOUNDS
A3323701019225003,33352,residential_rate,0.15,effective_residential_rate,0.0402,< 0.08,L1_BOUNDS
A3323701020225003,33354,residential_rate,0,effective_residential_rate,-0.009,< 0.08,L1_BOUNDS
A3323701020225003,33355,residential_rate,0,effective_residential_rate,-0.109,< 0.08,L1_BOUNDS
A3323701020225003,33356,residential_rate,0,effective_residential_rate,0,< 0.08,L1_BOUNDS
A3323701021225003,33358,residential_rate,0.15,effective_residential_rate,0.0563,< 0.08,L1_BOUNDS
A3323701022225003,33360,residential_rate,0.15,effective_residential_rate,0.0503,< 0.08,L1_BOUNDS
A3323701116225003,33374,residential_rate,0.15,effective_residential_rate,0.00819999999999999,< 0.08,L1_BOUNDS
A3323701118225003,33379,residential_rate,0,effective_residential_rate,-0.0242,< 0.08,L1_BOUNDS
A3323701118225003,33380,residential_rate,0,effective_residential_rate,-0.1242,< 0.08,L1_BOUNDS
A3323701120225003,33385,residential_rate,0,effective_residential_rate,-0.009,< 0.08,L1_BOUNDS
A3323701120225003,33386,residential_rate,0,effective_residential_rate,-0.109,< 0.08,L1_BOUNDS
A3323701120225003,33387,residential_rate,0,effective_residential_rate,0,< 0.08,L1_BOUNDS
A3323701121225003,33390,residential_rate,0.15,effective_residential_rate,0.0563,< 0.08,L1_BOUNDS
A3323701122225003,33392,residential_rate,0.15,effective_residential_rate,0.0503,< 0.08,L1_BOUNDS
A3323701216225003,33402,residential_rate,0.15,effective_residential_rate,0.00819999999999999,< 0.08,L1_BOUNDS
A3323701216225003,33403,residential_rate,0,effective_residential_rate,0,< 0.08,L1_BOUNDS
A3323701217225003,33406,residential_rate,0.1613,effective_residential_rate,0.028,< 0.08,L1_BOUNDS
A3323701218225003,33408,residential_rate,0,effective_residential_rate,-0.0242,< 0.08,L1_BOUNDS
A3323701218225003,33409,residential_rate,0,effective_residential_rate,-0.1242,< 0.08,L1_BOUNDS
A3323701219225003,33411,residential_rate,0,effective_residential_rate,-0.0098,< 0.08,L1_BOUNDS
A3323701219225003,33412,residential_rate,0,effective_residential_rate,-0.1098,< 0.08,L1_BOUNDS
A3323701220225003,33414,residential_rate,0,effective_residential_rate,-0.009,< 0.08,L1_BOUNDS
A3323701220225003,33415,residential_rate,0,effective_residential_rate,-0.109,< 0.08,L1_BOUNDS
A3323701221225003,33418,residential_rate,0.15,effective_residential_rate,0.0563,< 0.08,L1_BOUNDS
A3323701222225003,33420,residential_rate,0.15,effective_residential_rate,0.0503,< 0.08,L1_BOUNDS
A3323800117225003,33428,residential_rate,0.08,effective_residential_rate,0.0467,< 0.08,L1_BOUNDS
A3323800117225003,33429,residential_rate,0.08,effective_residential_rate,-0.0533,< 0.08,L1_BOUNDS
A3323800118225003,33430,residential_rate,0.08,effective_residential_rate,0.0558,< 0.08,L1_BOUNDS
A3323800118225003,33431,residential_rate,0.08,effective_residential_rate,-0.0442,< 0.08,L1_BOUNDS
A3323800119225003,33433,residential_rate,0,effective_residential_rate,-0.0098,< 0.08,L1_BOUNDS
A3323800119225003,33434,residential_rate,0,effective_residential_rate,-0.1098,< 0.08,L1_BOUNDS
A3323800119225003,33435,residential_rate,0,effective_residential_rate,0,< 0.08,L1_BOUNDS
A3323800120225003,33437,residential_rate,0,effective_residential_rate,-0.009,< 0.08,L1_BOUNDS
A3323800120225003,33438,residential_rate,0,effective_residential_rate,-0.109,< 0.08,L1_BOUNDS
A3323800121225003,33440,residential_rate,0,effective_residential_rate,-0.0937,< 0.08,L1_BOUNDS
A3323800122225003,33442,residential_rate,0,effective_residential_rate,0,< 0.08,L1_BOUNDS
A3323800122225003,33443,residential_rate,0,effective_residential_rate,-0.0997,< 0.08,L1_BOUNDS
A3323800123225003,33445,residential_rate,0.08,effective_residential_rate,-0.0242,< 0.08,L1_BOUNDS
A3323800124225003,33447,residential_rate,0.08,effective_residential_rate,0.0735,< 0.08,L1_BOUNDS
A3323800124225003,33448,residential_rate,0.08,effective_residential_rate,-0.0265,< 0.08,L1_BOUNDS
A3323800125225003,33450,residential_rate,0.08,effective_residential_rate,0.0792,< 0.08,L1_BOUNDS
A3323800125225003,33451,residential_rate,0.08,effective_residential_rate,-0.0208,< 0.08,L1_BOUNDS
A3323800126225003,33453,residential_rate,0.08,effective_residential_rate,-0.0162,< 0.08,L1_BOUNDS
A3323800216225003,33455,residential_rate,0.08,effective_residential_rate,0.0382,< 0.08,L1_BOUNDS
A3323800216225003,33456,residential_rate,0.08,effective_residential_rate,-0.0618,< 0.08,L1_BOUNDS
A3323800216225003,33457,residential_rate,0,effective_residential_rate,0,< 0.08,L1_BOUNDS
A3323800217225003,33459,residential_rate,0.08,effective_residential_rate,0.0467,< 0.08,L1_BOUNDS
A3323800217225003,33460,residential_rate,0.08,effective_residential_rate,-0.0533,< 0.08,L1_BOUNDS
A3323800217225003,33461,residential_rate,0,effective_residential_rate,0,< 0.08,L1_BOUNDS
A3323800218225003,33464,residential_rate,0.15,effective_residential_rate,0.0258,< 0.08,L1_BOUNDS
A3323800218225003,33465,residential_rate,0,effective_residential_rate,0,< 0.08,L1_BOUNDS
A3323800219225003,33467,residential_rate,0,effective_residential_rate,-0.0098,< 0.08,L1_BOUNDS
A3323800219225003,33468,residential_rate,0,effective_residential_rate,-0.1098,< 0.08,L1_BOUNDS
A3323800219225003,33469,residential_rate,0,effective_residential_rate,0,< 0.08,L1_BOUNDS
A3323800220225003,33471,residential_rate,0,effective_residential_rate,-0.009,< 0.08,L1_BOUNDS
A3323800220225003,33472,residential_rate,0,effective_residential_rate,-0.109,< 0.08,L1_BOUNDS
A3323800221225003,33474,residential_rate,0,effective_residential_rate,0,< 0.08,L1_BOUNDS
A3323800221225003,33475,residential_rate,0,effective_residential_rate,-0.0937,< 0.08,L1_BOUNDS
A3323800222225003,33477,residential_rate,0,effective_residential_rate,0,< 0.08,L1_BOUNDS
A3323800222225003,33478,residential_rate,0,effective_residential_rate,-0.0997,< 0.08,L1_BOUNDS
A3323800223225003,33480,residential_rate,0.08,effective_residential_rate,0.0758,< 0.08,L1_BOUNDS
A3323800223225003,33481,residential_rate,0.08,effective_residential_rate,-0.0242,< 0.08,L1_BOUNDS
A3323800224225003,33483,residential_rate,0.08,effective_residential_rate,0.0735,< 0.08,L1_BOUNDS
A3323800224225003,33484,residential_rate,0.08,effective_residential_rate,-0.0265,< 0.08,L1_BOUNDS
A3323800225225003,33486,residential_rate,0.08,effective_residential_rate,0.0792,< 0.08,L1_BOUNDS
A3323800225225003,33487,residential_rate,0.08,effective_residential_rate,-0.0208,< 0.08,L1_BOUNDS
A3323800226225003,33489,residential_rate,0.08,effective_residential_rate,-0.0162,< 0.08,L1_BOUNDS
A3323800316225003,33491,residential_rate,0.08,effective_residential_rate,0.0382,< 0.08,L1_BOUNDS
A3323800316225003,33492,residential_rate,0.08,effective_residential_rate,-0.0618,< 0.08,L1_BOUNDS
A3323800317225003,33494,residential_rate,0.08,effective_residential_rate,0.0467,< 0.08,L1_BOUNDS
A3323800317225003,33495,residential_rate,0.08,effective_residential_rate,-0.0533,< 0.08,L1_BOUNDS
A3323800317225003,33496,residential_rate,0,effective_residential_rate,0,< 0.08,L1_BOUNDS
A3323800318225003,33497,residential_rate,8e-04,effective_residential_rate,8e-04,< 0.08,L1_BOUNDS
A3323800318225003,33498,residential_rate,0,effective_residential_rate,-0.0242,< 0.08,L1_BOUNDS
A3323800318225003,33499,residential_rate,0,effective_residential_rate,-0.1242,< 0.08,L1_BOUNDS
A3323800319225003,33501,residential_rate,0,effective_residential_rate,-0.0098,< 0.08,L1_BOUNDS
A3323800319225003,33502,residential_rate,0,effective_residential_rate,-0.1098,< 0.08,L1_BOUNDS
A3323800320225003,33504,residential_rate,0,effective_residential_rate,-0.009,< 0.08,L1_BOUNDS
A3323800320225003,33505,residential_rate,0,effective_residential_rate,-0.109,< 0.08,L1_BOUNDS
A3323800321225003,33507,residential_rate,0,effective_residential_rate,-0.0937,< 0.08,L1_BOUNDS
A3323800322225003,33509,residential_rate,0,effective_residential_rate,0,< 0.08,L1_BOUNDS
A3323800322225003,33510,residential_rate,0,effective_residential_rate,-0.0997,< 0.08,L1_BOUNDS
A3323800323225003,33512,residential_rate,0.08,effective_residential_rate,0.0758,< 0.08,L1_BOUNDS
A3323800323225003,33513,residential_rate,0.08,effective_residential_rate,-0.0242,< 0.08,L1_BOUNDS
A3323800324225003,33515,residential_rate,0.08,effective_residential_rate,0.0735,< 0.08,L1_BOUNDS
A3323800324225003,33516,residential_rate,0.08,effective_residential_rate,-0.0265,< 0.08,L1_BOUNDS
A3323800324225003,33517,residential_rate,0,effective_residential_rate,0,< 0.08,L1_BOUNDS
A3323800325225003,33519,residential_rate,0.08,effective_residential_rate,0.0792,< 0.08,L1_BOUNDS
A3323800325225003,33520,residential_rate,0.08,effective_residential_rate,-0.0208,< 0.08,L1_BOUNDS
A3323800326225003,33522,residential_rate,0.08,effective_residential_rate,-0.0162,< 0.08,L1_BOUNDS
A3323800416225003,33524,residential_rate,0.08,effective_residential_rate,0.0382,< 0.08,L1_BOUNDS
A3323800416225003,33525,residential_rate,0.08,effective_residential_rate,-0.0618,< 0.08,L1_BOUNDS
A3323800417225003,33527,residential_rate,0.08,effective_residential_rate,0.0467,< 0.08,L1_BOUNDS
A3323800417225003,33528,residential_rate,0.08,effective_residential_rate,-0.0533,< 0.08,L1_BOUNDS
A3323800418225003,33529,residential_rate,0,effective_residential_rate,0,< 0.08,L1_BOUNDS
A3323800418225003,33530,residential_rate,0,effective_residential_rate,-0.0242,< 0.08,L1_BOUNDS
A3323800418225003,33531,residential_rate,0,effective_residential_rate,-0.1242,< 0.08,L1_BOUNDS
A3323800419225003,33533,residential_rate,0,effective_residential_rate,-0.0098,< 0.08,L1_BOUNDS
A3323800419225003,33534,residential_rate,0,effective_residential_rate,-0.1098,< 0.08,L1_BOUNDS
A3323800420225003,33536,residential_rate,0,effective_residential_rate,-0.009,< 0.08,L1_BOUNDS
A3323800420225003,33537,residential_rate,0,effective_residential_rate,-0.109,< 0.08,L1_BOUNDS
A3323800421225003,33539,residential_rate,0,effective_residential_rate,-0.0937,< 0.08,L1_BOUNDS
A3323800422225003,33541,residential_rate,0,effective_residential_rate,0,< 0.08,L1_BOUNDS
A3323800422225003,33542,residential_rate,0,effective_residential_rate,-0.0997,< 0.08,L1_BOUNDS
A3323800423225003,33544,residential_rate,0.08,effective_residential_rate,0.0758,< 0.08,L1_BOUNDS
A3323800423225003,33545,residential_rate,0.08,effective_residential_rate,-0.0242,< 0.08,L1_BOUNDS
A3323800424225003,33547,residential_rate,0.08,effective_residential_rate,0.0735,< 0.08,L1_BOUNDS
A3323800424225003,33548,residential_rate,0.08,effective_residential_rate,-0.0265,< 0.08,L1_BOUNDS
A3323800425225003,33550,residential_rate,0.08,effective_residential_rate,0.0792,< 0.08,L1_BOUNDS
A3323800425225003,33551,residential_rate,0.08,effective_residential_rate,-0.0208,< 0.08,L1_BOUNDS
A3323800426225003,33553,residential_rate,0.08,effective_residential_rate,-0.0162,< 0.08,L1_BOUNDS
A3323800516225003,33555,residential_rate,0.08,effective_residential_rate,0.0382,< 0.08,L1_BOUNDS
A3323800516225003,33556,residential_rate,0.08,effective_residential_rate,-0.0618,< 0.08,L1_BOUNDS
A3323800517225003,33558,residential_rate,0.08,effective_residential_rate,0.0467,< 0.08,L1_BOUNDS
A3323800517225003,33559,residential_rate,0.08,effective_residential_rate,-0.0533,< 0.08,L1_BOUNDS
A3323800518225003,33561,residential_rate,0,effective_residential_rate,-0.0242,< 0.08,L1_BOUNDS
A3323800518225003,33562,residential_rate,0,effective_residential_rate,-0.1242,< 0.08,L1_BOUNDS
A3323800519225003,33564,residential_rate,0,effective_residential_rate,-0.0098,< 0.08,L1_BOUNDS
A3323800519225003,33565,residential_rate,0,effective_residential_rate,-0.1098,< 0.08,L1_BOUNDS
A3323800520225003,33567,residential_rate,0,effective_residential_rate,-0.009,< 0.08,L1_BOUNDS
A3323800520225003,33568,residential_rate,0,effective_residential_rate,-0.109,< 0.08,L1_BOUNDS
A3323800521225003,33570,residential_rate,0,effective_residential_rate,0,< 0.08,L1_BOUNDS
A3323800521225003,33571,residential_rate,0,effective_residential_rate,-0.0937,< 0.08,L1_BOUNDS
A3323800522225003,33573,residential_rate,0,effective_residential_rate,0,< 0.08,L1_BOUNDS
A3323800522225003,33574,residential_rate,0,effective_residential_rate,-0.0997,< 0.08,L1_BOUNDS
A3323800523225003,33576,residential_rate,0.08,effective_residential_rate,0.0758,< 0.08,L1_BOUNDS
A3323800523225003,33577,residential_rate,0.08,effective_residential_rate,-0.0242,< 0.08,L1_BOUNDS
A3323800524225003,33579,residential_rate,0.08,effective_residential_rate,0.0735,< 0.08,L1_BOUNDS
A3323800524225003,33580,residential_rate,0.08,effective_residential_rate,-0.0265,< 0.08,L1_BOUNDS
A3323800525225003,33582,residential_rate,0.08,effective_residential_rate,0.0792,< 0.08,L1_BOUNDS
A3323800525225003,33583,residential_rate,0.08,effective_residential_rate,-0.0208,< 0.08,L1_BOUNDS
A3323800526225003,33585,residential_rate,0.08,effective_residential_rate,-0.0162,< 0.08,L1_BOUNDS
A3323800616225003,33587,residential_rate,0.08,effective_residential_rate,0.0382,< 0.08,L1_BOUNDS
A3323800616225003,33588,residential_rate,0.08,effective_residential_rate,-0.0618,< 0.08,L1_BOUNDS
A3323800617225003,33590,residential_rate,0.08,effective_residential_rate,0.0467,< 0.08,L1_BOUNDS
A3323800617225003,33591,residential_rate,0.08,effective_residential_rate,-0.0533,< 0.08,L1_BOUNDS
A3323800618225003,33593,residential_rate,0,effective_residential_rate,-0.0242,< 0.08,L1_BOUNDS
A3323800618225003,33594,residential_rate,0,effective_residential_rate,-0.1242,< 0.08,L1_BOUNDS
A3323800619225003,33596,residential_rate,0,effective_residential_rate,-0.0098,< 0.08,L1_BOUNDS
A3323800619225003,33597,residential_rate,0,effective_residential_rate,-0.1098,< 0.08,L1_BOUNDS
A3323800620225003,33599,residential_rate,0,effective_residential_rate,-0.009,< 0.08,L1_BOUNDS
A3323800620225003,33600,residential_rate,0,effective_residential_rate,-0.109,< 0.08,L1_BOUNDS
A3323800621225003,33602,residential_rate,0,effective_residential_rate,0,< 0.08,L1_BOUNDS
A3323800621225003,33603,residential_rate,0,effective_residential_rate,-0.0937,< 0.08,L1_BOUNDS
A3323800622225003,33605,residential_rate,0,effective_residential_rate,0,< 0.08,L1_BOUNDS
A3323800622225003,33606,residential_rate,0,effective_residential_rate,-0.0997,< 0.08,L1_BOUNDS
A3323800623225003,33608,residential_rate,0.08,effective_residential_rate,0.0758,< 0.08,L1_BOUNDS
A3323800623225003,33609,residential_rate,0.08,effective_residential_rate,-0.0242,< 0.08,L1_BOUNDS
A3323800624225003,33611,residential_rate,0.08,effective_residential_rate,0.0735,< 0.08,L1_BOUNDS
A3323800624225003,33612,residential_rate,0.08,effective_residential_rate,-0.0265,< 0.08,L1_BOUNDS
A3323800625225003,33614,residential_rate,0.08,effective_residential_rate,0.0792,< 0.08,L1_BOUNDS
A3323800625225003,33615,residential_rate,0.08,effective_residential_rate,-0.0208,< 0.08,L1_BOUNDS
A3323800626225003,33617,residential_rate,0.08,effective_residential_rate,-0.0162,< 0.08,L1_BOUNDS
A3323800716225003,33619,residential_rate,0.08,effective_residential_rate,0.0382,< 0.08,L1_BOUNDS
A3323800716225003,33620,residential_rate,0.08,effective_residential_rate,-0.0618,< 0.08,L1_BOUNDS
A3323800717225003,33622,residential_rate,0.08,effective_residential_rate,0.0467,< 0.08,L1_BOUNDS
A3323800717225003,33623,residential_rate,0.08,effective_residential_rate,-0.0533,< 0.08,L1_BOUNDS
A3323800718225003,33625,residential_rate,0,effective_residential_rate,-0.0242,< 0.08,L1_BOUNDS
A3323800718225003,33626,residential_rate,0,effective_residential_rate,-0.1242,< 0.08,L1_BOUNDS
A3323800719225003,33628,residential_rate,0,effective_residential_rate,-0.0098,< 0.08,L1_BOUNDS
A3323800719225003,33629,residential_rate,0,effective_residential_rate,-0.1098,< 0.08,L1_BOUNDS
A3323800720225003,33631,residential_rate,0,effective_residential_rate,-0.009,< 0.08,L1_BOUNDS
A3323800720225003,33632,residential_rate,0,effective_residential_rate,-0.109,< 0.08,L1_BOUNDS
A3323800721225003,33634,residential_rate,0,effective_residential_rate,-0.0937,< 0.08,L1_BOUNDS
A3323800722225003,33636,residential_rate,0,effective_residential_rate,0,< 0.08,L1_BOUNDS
A3323800722225003,33637,residential_rate,0,effective_residential_rate,-0.0997,< 0.08,L1_BOUNDS
A3323800722225003,33638,residential_rate,0,effective_residential_rate,0,< 0.08,L1_BOUNDS
A3323800723225003,33640,residential_rate,0.08,effective_residential_rate,0.0758,< 0.08,L1_BOUNDS
A3323800723225003,33641,residential_rate,0.08,effective_residential_rate,-0.0242,< 0.08,L1_BOUNDS
A3323800724225003,33643,residential_rate,0.08,effective_residential_rate,0.0735,< 0.08,L1_BOUNDS
A3323800724225003,33644,residential_rate,0.08,effective_residential_rate,-0.0265,< 0.08,L1_BOUNDS
A3323800725225003,33646,residential_rate,0.08,effective_residential_rate,0.0792,< 0.08,L1_BOUNDS
A3323800725225003,33647,residential_rate,0.08,effective_residential_rate,-0.0208,< 0.08,L1_BOUNDS
A3323800726225003,33649,residential_rate,0.08,effective_residential_rate,-0.0162,< 0.08,L1_BOUNDS
A3323800816225003,33651,residential_rate,0.08,effective_residential_rate,0.0382,< 0.08,L1_BOUNDS
A3323800816225003,33652,residential_rate,0.08,effective_residential_rate,-0.0618,< 0.08,L1_BOUNDS
A3323800817225003,33654,residential_rate,0.08,effective_residential_rate,0.0467,< 0.08,L1_BOUNDS
A3323800817225003,33655,residential_rate,0.08,effective_residential_rate,-0.0533,< 0.08,L1_BOUNDS
A3323800818225003,33657,residential_rate,0,effective_residential_rate,-0.0242,< 0.08,L1_BOUNDS
A3323800818225003,33658,residential_rate,0,effective_residential_rate,-0.1242,< 0.08,L1_BOUNDS
A3323800819225003,33660,residential_rate,0,effective_residential_rate,-0.0098,< 0.08,L1_BOUNDS
A3323800819225003,33661,residential_rate,0,effective_residential_rate,-0.1098,< 0.08,L1_BOUNDS
A3323800820225003,33663,residential_rate,0,effective_residential_rate,-0.009,< 0.08,L1_BOUNDS
A3323800820225003,33664,residential_rate,0,effective_residential_rate,-0.109,< 0.08,L1_BOUNDS
A3323800821225003,33666,residential_rate,0,effective_residential_rate,-0.0937,< 0.08,L1_BOUNDS
A3323800822225003,33668,residential_rate,0,effective_residential_rate,0,< 0.08,L1_BOUNDS
A3323800822225003,33669,residential_rate,0,effective_residential_rate,-0.0997,< 0.08,L1_BOUNDS
A3323800823225003,33671,residential_rate,0.08,effective_residential_rate,0.0758,< 0.08,L1_BOUNDS
A3323800823225003,33672,residential_rate,0.08,effective_residential_rate,-0.0242,< 0.08,L1_BOUNDS
A3323800824225003,33674,residential_rate,0.08,effective_residential_rate,0.0735,< 0.08,L1_BOUNDS
A3323800824225003,33675,residential_rate,0.08,effective_residential_rate,-0.0265,< 0.08,L1_BOUNDS
A3323800825225003,33677,residential_rate,0.08,effective_residential_rate,0.0792,< 0.08,L1_BOUNDS
A3323800825225003,33678,residential_rate,0.08,effective_residential_rate,-0.0208,< 0.08,L1_BOUNDS
A3323800826225003,33680,residential_rate,0.08,effective_residential_rate,-0.0162,< 0.08,L1_BOUNDS
A3323800916225003,33682,residential_rate,0.08,effective_residential_rate,0.0382,< 0.08,L1_BOUNDS
A3323800916225003,33683,residential_rate,0.08,effective_residential_rate,-0.0618,< 0.08,L1_BOUNDS
A3323800916225003,33684,residential_rate,0,effective_residential_rate,0,< 0.08,L1_BOUNDS
A3323800917225003,33686,residential_rate,0.08,effective_residential_rate,0.0467,< 0.08,L1_BOUNDS
A3323800917225003,33687,residential_rate,0.08,effective_residential_rate,-0.0533,< 0.08,L1_BOUNDS
A3323800918225003,33689,residential_rate,0,effective_residential_rate,-0.0242,< 0.08,L1_BOUNDS
A3323800918225003,33690,residential_rate,0,effective_residential_rate,-0.1242,< 0.08,L1_BOUNDS
A3323800919225003,33692,residential_rate,0.08,effective_residential_rate,0.0702,< 0.08,L1_BOUNDS
A3323800919225003,33693,residential_rate,0.08,effective_residential_rate,-0.0298,< 0.08,L1_BOUNDS
A3323800920225003,33695,residential_rate,0,effective_residential_rate,-0.009,< 0.08,L1_BOUNDS
A3323800920225003,33696,residential_rate,0,effective_residential_rate,-0.109,< 0.08,L1_BOUNDS
A3323800921225003,33698,residential_rate,0.08,effective_residential_rate,-0.0137,< 0.08,L1_BOUNDS
A3323800922225003,33700,residential_rate,0.08,effective_residential_rate,-0.0197,< 0.08,L1_BOUNDS
A3323800923225003,33702,residential_rate,0.08,effective_residential_rate,0.0758,< 0.08,L1_BOUNDS
A3323800923225003,33703,residential_rate,0.08,effective_residential_rate,-0.0242,< 0.08,L1_BOUNDS
A3323800924225003,33705,residential_rate,0.08,effective_residential_rate,0.0735,< 0.08,L1_BOUNDS
A3323800924225003,33706,residential_rate,0.08,effective_residential_rate,-0.0265,< 0.08,L1_BOUNDS
A3323800925225003,33708,residential_rate,0.08,effective_residential_rate,0.0792,< 0.08,L1_BOUNDS
A3323800925225003,33709,residential_rate,0.08,effective_residential_rate,-0.0208,< 0.08,L1_BOUNDS
A3323800926225003,33711,residential_rate,0.08,effective_residential_rate,-0.0162,< 0.08,L1_BOUNDS
A3323801016225003,33713,residential_rate,0.08,effective_residential_rate,0.0382,< 0.08,L1_BOUNDS
A3323801016225003,33714,residential_rate,0.08,effective_residential_rate,-0.0618,< 0.08,L1_BOUNDS
A3323801016225003,33715,residential_rate,0,effective_residential_rate,0,< 0.08,L1_BOUNDS
A3323801017225003,33717,residential_rate,0.08,effective_residential_rate,0.0467,< 0.08,L1_BOUNDS
A3323801017225003,33718,residential_rate,0.08,effective_residential_rate,-0.0533,< 0.08,L1_BOUNDS
A3323801018225003,33720,residential_rate,0,effective_residential_rate,-0.0242,< 0.08,L1_BOUNDS
A3323801018225003,33721,residential_rate,0,effective_residential_rate,-0.1242,< 0.08,L1_BOUNDS
A3323801019225003,33723,residential_rate,0.08,effective_residential_rate,0.0702,< 0.08,L1_BOUNDS
A3323801019225003,33724,residential_rate,0.08,effective_residential_rate,-0.0298,< 0.08,L1_BOUNDS
A3323801020225003,33726,residential_rate,0,effective_residential_rate,-0.009,< 0.08,L1_BOUNDS
A3323801020225003,33727,residential_rate,0,effective_residential_rate,-0.109,< 0.08,L1_BOUNDS
A3323801020225003,33728,residential_rate,0,effective_residential_rate,0,< 0.08,L1_BOUNDS
A3323801021225003,33730,residential_rate,0.08,effective_residential_rate,-0.0137,< 0.08,L1_BOUNDS
A3323801022225003,33732,residential_rate,0.08,effective_residential_rate,-0.0197,< 0.08,L1_BOUNDS
A3323801023225003,33734,residential_rate,0.08,effective_residential_rate,0.0758,< 0.08,L1_BOUNDS
A3323801023225003,33735,residential_rate,0.08,effective_residential_rate,-0.0242,< 0.08,L1_BOUNDS
A3323801024225003,33737,residential_rate,0.08,effective_residential_rate,0.0735,< 0.08,L1_BOUNDS
A3323801024225003,33738,residential_rate,0.08,effective_residential_rate,-0.0265,< 0.08,L1_BOUNDS
A3323801025225003,33741,residential_rate,0.0818,effective_residential_rate,-0.019,< 0.08,L1_BOUNDS
A3323801026225003,33743,residential_rate,0.08,effective_residential_rate,-0.0162,< 0.08,L1_BOUNDS
A3323801116225003,33745,residential_rate,0.08,effective_residential_rate,0.0382,< 0.08,L1_BOUNDS
A3323801116225003,33746,residential_rate,0.08,effective_residential_rate,-0.0618,< 0.08,L1_BOUNDS
A3323801117225003,33748,residential_rate,0.08,effective_residential_rate,0.0467,< 0.08,L1_BOUNDS
A3323801117225003,33749,residential_rate,0.08,effective_residential_rate,-0.0533,< 0.08,L1_BOUNDS
A3323801117225003,33750,residential_rate,0,effective_residential_rate,0,< 0.08,L1_BOUNDS
A3323801118225003,33752,residential_rate,0,effective_residential_rate,-0.0242,< 0.08,L1_BOUNDS
A3323801118225003,33753,residential_rate,0,effective_residential_rate,-0.1242,< 0.08,L1_BOUNDS
A3323801118225003,33754,residential_rate,0,effective_residential_rate,0,< 0.08,L1_BOUNDS
A3323801119225003,33756,residential_rate,0.08,effective_residential_rate,0.0702,< 0.08,L1_BOUNDS
A3323801119225003,33757,residential_rate,0.08,effective_residential_rate,-0.0298,< 0.08,L1_BOUNDS
A3323801120225003,33759,residential_rate,0,effective_residential_rate,-0.009,< 0.08,L1_BOUNDS
A3323801120225003,33760,residential_rate,0,effective_residential_rate,-0.109,< 0.08,L1_BOUNDS
A3323801121225003,33763,residential_rate,0.08,effective_residential_rate,-0.0137,< 0.08,L1_BOUNDS
A3323801122225003,33765,residential_rate,0.08,effective_residential_rate,-0.0197,< 0.08,L1_BOUNDS
A3323801123225003,33767,residential_rate,0.08,effective_residential_rate,0.0758,< 0.08,L1_BOUNDS
A3323801123225003,33768,residential_rate,0.08,effective_residential_rate,-0.0242,< 0.08,L1_BOUNDS
A3323801124225003,33770,residential_rate,0.08,effective_residential_rate,0.0735,< 0.08,L1_BOUNDS
A3323801124225003,33771,residential_rate,0.08,effective_residential_rate,-0.0265,< 0.08,L1_BOUNDS
A3323801125225003,33774,residential_rate,0.0818,effective_residential_rate,-0.019,< 0.08,L1_BOUNDS
A3323801126225003,33776,residential_rate,0.08,effective_residential_rate,-0.0162,< 0.08,L1_BOUNDS
A3323801216225003,33778,residential_rate,0.08,effective_residential_rate,0.0382,< 0.08,L1_BOUNDS
A3323801216225003,33779,residential_rate,0.08,effective_residential_rate,-0.0618,< 0.08,L1_BOUNDS
A3323801217225003,33781,residential_rate,0.08,effective_residential_rate,0.0467,< 0.08,L1_BOUNDS
A3323801217225003,33782,residential_rate,0.08,effective_residential_rate,-0.0533,< 0.08,L1_BOUNDS
A3323801217225003,33783,residential_rate,0,effective_residential_rate,0,< 0.08,L1_BOUNDS
A3323801218225003,33785,residential_rate,0,effective_residential_rate,-0.0242,< 0.08,L1_BOUNDS
A3323801218225003,33786,residential_rate,0,effective_residential_rate,-0.1242,< 0.08,L1_BOUNDS
A3323801219225003,33788,residential_rate,0,effective_residential_rate,-0.0098,< 0.08,L1_BOUNDS
A3323801219225003,33789,residential_rate,0,effective_residential_rate,-0.1098,< 0.08,L1_BOUNDS
A3323801220225003,33791,residential_rate,0,effective_residential_rate,-0.009,< 0.08,L1_BOUNDS
A3323801220225003,33792,residential_rate,0,effective_residential_rate,-0.109,< 0.08,L1_BOUNDS
A3323801221225003,33795,residential_rate,0.08,effective_residential_rate,-0.0137,< 0.08,L1_BOUNDS
A3323801222225003,33797,residential_rate,0.08,effective_residential_rate,-0.0197,< 0.08,L1_BOUNDS
A3323801223225003,33799,residential_rate,0.08,effective_residential_rate,0.0758,< 0.08,L1_BOUNDS
A3323801223225003,33800,residential_rate,0.08,effective_residential_rate,-0.0242,< 0.08,L1_BOUNDS
A3323801224225003,33802,residential_rate,0.08,effective_residential_rate,0.0735,< 0.08,L1_BOUNDS
A3323801224225003,33803,residential_rate,0.08,effective_residential_rate,-0.0265,< 0.08,L1_BOUNDS
A3323801225225003,33805,residential_rate,0.08,effective_residential_rate,0.0792,< 0.08,L1_BOUNDS
A3323801225225003,33806,residential_rate,0.08,effective_residential_rate,-0.0208,< 0.08,L1_BOUNDS
A3323801226225003,33808,residential_rate,0.08,effective_residential_rate,-0.0162,< 0.08,L1_BOUNDS
A3323900117225003,33812,residential_rate,0.15,effective_residential_rate,0.0167,< 0.08,L1_BOUNDS
A3323900118225003,33814,residential_rate,0.15,effective_residential_rate,0.0258,< 0.08,L1_BOUNDS
A3323900119225003,33816,residential_rate,0,effective_residential_rate,-0.0098,< 0.08,L1_BOUNDS
A3323900119225003,33817,residential_rate,0,effective_residential_rate,-0.1098,< 0.08,L1_BOUNDS
A3323900120225003,33819,residential_rate,0,effective_residential_rate,-0.009,< 0.08,L1_BOUNDS
A3323900120225003,33820,residential_rate,0,effective_residential_rate,-0.109,< 0.08,L1_BOUNDS
A3323900121225003,33822,residential_rate,0,effective_residential_rate,-0.0937,< 0.08,L1_BOUNDS
A3323900122225003,33824,residential_rate,0,effective_residential_rate,0,< 0.08,L1_BOUNDS
A3323900122225003,33825,residential_rate,0,effective_residential_rate,-0.0997,< 0.08,L1_BOUNDS
A3323900123225003,33827,residential_rate,0.15,effective_residential_rate,0.0458,< 0.08,L1_BOUNDS
A3323900216225003,33837,residential_rate,0,effective_residential_rate,-0.1418,< 0.08,L1_BOUNDS
A3323900217225003,33840,residential_rate,0.15,effective_residential_rate,0.0167,< 0.08,L1_BOUNDS
A3323900218225003,33843,residential_rate,0.15,effective_residential_rate,0.0258,< 0.08,L1_BOUNDS
A3323900219225003,33845,residential_rate,0,effective_residential_rate,-0.0098,< 0.08,L1_BOUNDS
A3323900219225003,33846,residential_rate,0,effective_residential_rate,-0.1098,< 0.08,L1_BOUNDS
A3323900220225003,33848,residential_rate,0,effective_residential_rate,-0.009,< 0.08,L1_BOUNDS
A3323900220225003,33849,residential_rate,0,effective_residential_rate,-0.109,< 0.08,L1_BOUNDS
A3323900221225003,33851,residential_rate,0,effective_residential_rate,0,< 0.08,L1_BOUNDS
A3323900221225003,33852,residential_rate,0,effective_residential_rate,-0.0937,< 0.08,L1_BOUNDS
A3323900222225003,33854,residential_rate,0,effective_residential_rate,0,< 0.08,L1_BOUNDS
A3323900222225003,33855,residential_rate,0,effective_residential_rate,-0.0997,< 0.08,L1_BOUNDS
A3323900316225003,33870,residential_rate,0.15,effective_residential_rate,0.00819999999999999,< 0.08,L1_BOUNDS
A3323900317225003,33873,residential_rate,0.15,effective_residential_rate,0.0167,< 0.08,L1_BOUNDS
A3323900318225003,33875,residential_rate,0,effective_residential_rate,-0.0242,< 0.08,L1_BOUNDS
A3323900318225003,33876,residential_rate,0,effective_residential_rate,-0.1242,< 0.08,L1_BOUNDS
A3323900319225003,33878,residential_rate,0,effective_residential_rate,-0.0098,< 0.08,L1_BOUNDS
A3323900319225003,33879,residential_rate,0,effective_residential_rate,-0.1098,< 0.08,L1_BOUNDS
A3323900320225003,33881,residential_rate,0,effective_residential_rate,-0.009,< 0.08,L1_BOUNDS
A3323900320225003,33882,residential_rate,0.109,effective_residential_rate,0,< 0.08,L1_BOUNDS
A3323900321225003,33884,residential_rate,0,effective_residential_rate,-0.0937,< 0.08,L1_BOUNDS
A3323900322225003,33886,residential_rate,0,effective_residential_rate,0,< 0.08,L1_BOUNDS
A3323900322225003,33887,residential_rate,0,effective_residential_rate,-0.0997,< 0.08,L1_BOUNDS
A3323900416225003,33902,residential_rate,0.15,effective_residential_rate,0.00819999999999999,< 0.08,L1_BOUNDS
A3323900417225003,33905,residential_rate,0.15,effective_residential_rate,0.0167,< 0.08,L1_BOUNDS
A3323900418225003,33906,residential_rate,0,effective_residential_rate,0,< 0.08,L1_BOUNDS
A3323900418225003,33907,residential_rate,0,effective_residential_rate,-0.0242,< 0.08,L1_BOUNDS
A3323900418225003,33908,residential_rate,0,effective_residential_rate,-0.1242,< 0.08,L1_BOUNDS
A3323900419225003,33910,residential_rate,0,effective_residential_rate,-0.0098,< 0.08,L1_BOUNDS
A3323900419225003,33911,residential_rate,0,effective_residential_rate,-0.1098,< 0.08,L1_BOUNDS
A3323900420225003,33913,residential_rate,0,effective_residential_rate,-0.009,< 0.08,L1_BOUNDS
A3323900420225003,33914,residential_rate,0,effective_residential_rate,-0.109,< 0.08,L1_BOUNDS
A3323900421225003,33916,residential_rate,0,effective_residential_rate,-0.0937,< 0.08,L1_BOUNDS
A3323900422225003,33918,residential_rate,0,effective_residential_rate,0,< 0.08,L1_BOUNDS
A3323900422225003,33919,residential_rate,0,effective_residential_rate,-0.0997,< 0.08,L1_BOUNDS
A3323900516225003,33934,residential_rate,0.15,effective_residential_rate,0.00819999999999999,< 0.08,L1_BOUNDS
A3323900516225003,33935,residential_rate,0.15,effective_residential_rate,-0.0418,< 0.08,L1_BOUNDS
A3323900517225003,33938,residential_rate,0.15,effective_residential_rate,0.0167,< 0.08,L1_BOUNDS
A3323900518225003,33940,residential_rate,0,effective_residential_rate,-0.0242,< 0.08,L1_BOUNDS
A3323900518225003,33941,residential_rate,0,effective_residential_rate,-0.1242,< 0.08,L1_BOUNDS
A3323900519225003,33943,residential_rate,0,effective_residential_rate,-0.0098,< 0.08,L1_BOUNDS
A3323900519225003,33944,residential_rate,0,effective_residential_rate,-0.1098,< 0.08,L1_BOUNDS
A3323900520225003,33946,residential_rate,0,effective_residential_rate,-0.009,< 0.08,L1_BOUNDS
A3323900520225003,33947,residential_rate,0,effective_residential_rate,-0.109,< 0.08,L1_BOUNDS
A3323900521225003,33949,residential_rate,0,effective_residential_rate,0,< 0.08,L1_BOUNDS
A3323900521225003,33950,residential_rate,0,effective_residential_rate,-0.0937,< 0.08,L1_BOUNDS
A3323900522225003,33952,residential_rate,0,effective_residential_rate,0,< 0.08,L1_BOUNDS
A3323900522225003,33953,residential_rate,0,effective_residential_rate,-0.0997,< 0.08,L1_BOUNDS
A3323900616225003,33967,residential_rate,0.15,effective_residential_rate,0.00819999999999999,< 0.08,L1_BOUNDS
A3323900616225003,33968,residential_rate,0.15,effective_residential_rate,-0.0418,< 0.08,L1_BOUNDS
A3323900617225003,33971,residential_rate,0.15,effective_residential_rate,0.0167,< 0.08,L1_BOUNDS
A3323900618225003,33973,residential_rate,0,effective_residential_rate,-0.0242,< 0.08,L1_BOUNDS
A3323900618225003,33974,residential_rate,0,effective_residential_rate,-0.1242,< 0.08,L1_BOUNDS
A3323900619225003,33976,residential_rate,0,effective_residential_rate,-0.0098,< 0.08,L1_BOUNDS
A3323900619225003,33977,residential_rate,0,effective_residential_rate,-0.1098,< 0.08,L1_BOUNDS
A3323900620225003,33979,residential_rate,0,effective_residential_rate,-0.009,< 0.08,L1_BOUNDS
A3323900620225003,33980,residential_rate,0,effective_residential_rate,-0.109,< 0.08,L1_BOUNDS
A3323900621225003,33982,residential_rate,0,effective_residential_rate,0,< 0.08,L1_BOUNDS
A3323900621225003,33983,residential_rate,0,effective_residential_rate,-0.0937,< 0.08,L1_BOUNDS
A3323900622225003,33985,residential_rate,0,effective_residential_rate,0,< 0.08,L1_BOUNDS
A3323900622225003,33986,residential_rate,0,effective_residential_rate,-0.0997,< 0.08,L1_BOUNDS
A3323900716225003,34000,residential_rate,0.15,effective_residential_rate,0.00819999999999999,< 0.08,L1_BOUNDS
A3323900716225003,34001,residential_rate,0.15,effective_residential_rate,-0.0418,< 0.08,L1_BOUNDS
A3323900717225003,34004,residential_rate,0.15,effective_residential_rate,0.0167,< 0.08,L1_BOUNDS
A3323900718225003,34006,residential_rate,0,effective_residential_rate,-0.0242,< 0.08,L1_BOUNDS
A3323900718225003,34007,residential_rate,0,effective_residential_rate,-0.1242,< 0.08,L1_BOUNDS
A3323900719225003,34009,residential_rate,0,effective_residential_rate,-0.0098,< 0.08,L1_BOUNDS
A3323900719225003,34010,residential_rate,0,effective_residential_rate,-0.1098,< 0.08,L1_BOUNDS
A3323900720225003,34012,residential_rate,0,effective_residential_rate,-0.009,< 0.08,L1_BOUNDS
A3323900720225003,34013,residential_rate,0,effective_residential_rate,-0.109,< 0.08,L1_BOUNDS
A3323900721225003,34015,residential_rate,0,effective_residential_rate,-0.0937,< 0.08,L1_BOUNDS
A3323900722225003,34017,residential_rate,0,effective_residential_rate,0,< 0.08,L1_BOUNDS
A3323900722225003,34018,residential_rate,0,effective_residential_rate,-0.0997,< 0.08,L1_BOUNDS
A3323900816225003,34032,residential_rate,0.15,effective_residential_rate,0.00819999999999999,< 0.08,L1_BOUNDS
A3323900817225003,34035,residential_rate,0.15,effective_residential_rate,0.0167,< 0.08,L1_BOUNDS
A3323900817225003,34036,residential_rate,0,effective_residential_rate,0,< 0.08,L1_BOUNDS
A3323900818225003,34038,residential_rate,0,effective_residential_rate,-0.0242,< 0.08,L1_BOUNDS
A3323900818225003,34039,residential_rate,0,effective_residential_rate,-0.1242,< 0.08,L1_BOUNDS
A3323900819225003,34041,residential_rate,0,effective_residential_rate,-0.0098,< 0.08,L1_BOUNDS
A3323900819225003,34042,residential_rate,0,effective_residential_rate,-0.1098,< 0.08,L1_BOUNDS
A3323900820225003,34044,residential_rate,0,effective_residential_rate,-0.009,< 0.08,L1_BOUNDS
A3323900820225003,34045,residential_rate,0,effective_residential_rate,-0.109,< 0.08,L1_BOUNDS
A3323900821225003,34047,residential_rate,0,effective_residential_rate,-0.0937,< 0.08,L1_BOUNDS
A3323900822225003,34049,residential_rate,0,effective_residential_rate,0,< 0.08,L1_BOUNDS
A3323900822225003,34050,residential_rate,0,effective_residential_rate,-0.0997,< 0.08,L1_BOUNDS
A3323900916225003,34065,residential_rate,0.15,effective_residential_rate,0.00819999999999999,< 0.08,L1_BOUNDS
A3323900918225003,34070,residential_rate,0,effective_residential_rate,-0.0242,< 0.08,L1_BOUNDS
A3323900918225003,34071,residential_rate,0,effective_residential_rate,-0.1242,< 0.08,L1_BOUNDS
A3323900920225003,34076,residential_rate,0,effective_residential_rate,-0.009,< 0.08,L1_BOUNDS
A3323900920225003,34077,residential_rate,0,effective_residential_rate,-0.109,< 0.08,L1_BOUNDS
A3323900921225003,34079,residential_rate,0.15,effective_residential_rate,0.0563,< 0.08,L1_BOUNDS
A3323900922225003,34081,residential_rate,0.15,effective_residential_rate,0.0503,< 0.08,L1_BOUNDS
A3323901016225003,34096,residential_rate,0.15,effective_residential_rate,0.00819999999999999,< 0.08,L1_BOUNDS
A3323901018225003,34101,residential_rate,0,effective_residential_rate,-0.0242,< 0.08,L1_BOUNDS
A3323901018225003,34102,residential_rate,0,effective_residential_rate,-0.1242,< 0.08,L1_BOUNDS
A3323901020225003,34107,residential_rate,0,effective_residential_rate,-0.009,< 0.08,L1_BOUNDS
A3323901020225003,34108,residential_rate,0,effective_residential_rate,-0.109,< 0.08,L1_BOUNDS
A3323901021225003,34110,residential_rate,0.15,effective_residential_rate,0.0563,< 0.08,L1_BOUNDS
A3323901022225003,34112,residential_rate,0.15,effective_residential_rate,0.0503,< 0.08,L1_BOUNDS
A3323901116225003,34127,residential_rate,0.15,effective_residential_rate,0.00819999999999999,< 0.08,L1_BOUNDS
A3323901118225003,34131,residential_rate,0,effective_residential_rate,-0.0242,< 0.08,L1_BOUNDS
A3323901118225003,34132,residential_rate,0,effective_residential_rate,-0.1242,< 0.08,L1_BOUNDS
A3323901120225003,34137,residential_rate,0,effective_residential_rate,-0.009,< 0.08,L1_BOUNDS
A3323901120225003,34138,residential_rate,0,effective_residential_rate,-0.109,< 0.08,L1_BOUNDS
A3323901121225003,34141,residential_rate,0.15,effective_residential_rate,0.0563,< 0.08,L1_BOUNDS
A3323901122225003,34143,residential_rate,0.15,effective_residential_rate,0.0503,< 0.08,L1_BOUNDS
A3323901218225003,34159,residential_rate,0,effective_residential_rate,-0.0242,< 0.08,L1_BOUNDS
A3323901218225003,34160,residential_rate,0,effective_residential_rate,-0.1242,< 0.08,L1_BOUNDS
A3323901219225003,34162,residential_rate,0,effective_residential_rate,-0.0098,< 0.08,L1_BOUNDS
A3323901219225003,34163,residential_rate,0,effective_residential_rate,-0.1098,< 0.08,L1_BOUNDS
A3323901220225003,34165,residential_rate,0,effective_residential_rate,-0.009,< 0.08,L1_BOUNDS
A3323901220225003,34166,residential_rate,0,effective_residential_rate,-0.109,< 0.08,L1_BOUNDS
A3323901221225003,34169,residential_rate,0,effective_residential_rate,0,< 0.08,L1_BOUNDS
A3323901222225003,34171,residential_rate,0.15,effective_residential_rate,0.0503,< 0.08,L1_BOUNDS
A3324000117225003,34179,residential_rate,0,effective_residential_rate,0,< 0.08,L1_BOUNDS
A3324000118225003,34181,residential_rate,0,effective_residential_rate,0,< 0.08,L1_BOUNDS
A3324000119225003,34183,residential_rate,0,effective_residential_rate,0,< 0.08,L1_BOUNDS
A3324000120225003,34185,residential_rate,0,effective_residential_rate,-0.009,< 0.08,L1_BOUNDS
A3324000121225003,34187,residential_rate,0,effective_residential_rate,0,< 0.08,L1_BOUNDS
A3324000122225003,34189,residential_rate,0,effective_residential_rate,0,< 0.08,L1_BOUNDS
A3324000123225003,34191,residential_rate,0,effective_residential_rate,0,< 0.08,L1_BOUNDS
A3324000216225003,34203,residential_rate,0.15,effective_residential_rate,0.00819999999999999,< 0.08,L1_BOUNDS
A3324000217225003,34206,residential_rate,0.15,effective_residential_rate,0.0167,< 0.08,L1_BOUNDS
A3324000219225003,34210,residential_rate,0,effective_residential_rate,-0.0098,< 0.08,L1_BOUNDS
A3324000219225003,34211,residential_rate,0,effective_residential_rate,-0.1098,< 0.08,L1_BOUNDS
A3324000220225003,34213,residential_rate,0,effective_residential_rate,-0.009,< 0.08,L1_BOUNDS
A3324000221225003,34215,residential_rate,0,effective_residential_rate,0,< 0.08,L1_BOUNDS
A3324000221225003,34216,residential_rate,0,effective_residential_rate,-0.0937,< 0.08,L1_BOUNDS
A3324000222225003,34218,residential_rate,0,effective_residential_rate,0,< 0.08,L1_BOUNDS
A3324000222225003,34219,residential_rate,0,effective_residential_rate,-0.0997,< 0.08,L1_BOUNDS
A3324000316225003,34234,residential_rate,0.15,effective_residential_rate,0.00819999999999999,< 0.08,L1_BOUNDS
A3324000317225003,34237,residential_rate,0.15,effective_residential_rate,0.0167,< 0.08,L1_BOUNDS
A3324000318225003,34239,residential_rate,0,effective_residential_rate,-0.0242,< 0.08,L1_BOUNDS
A3324000318225003,34240,residential_rate,0,effective_residential_rate,-0.1242,< 0.08,L1_BOUNDS
A3324000319225003,34242,residential_rate,0,effective_residential_rate,-0.0098,< 0.08,L1_BOUNDS
A3324000320225003,34244,residential_rate,0,effective_residential_rate,-0.009,< 0.08,L1_BOUNDS
A3324000320225003,34245,residential_rate,0,effective_residential_rate,-0.109,< 0.08,L1_BOUNDS
A3324000321225003,34247,residential_rate,0,effective_residential_rate,-0.0937,< 0.08,L1_BOUNDS
A3324000322225003,34249,residential_rate,0,effective_residential_rate,0,< 0.08,L1_BOUNDS
A3324000322225003,34250,residential_rate,0,effective_residential_rate,-0.0997,< 0.08,L1_BOUNDS
A3324000416225003,34265,residential_rate,0.15,effective_residential_rate,0.00819999999999999,< 0.08,L1_BOUNDS
A3324000417225003,34268,residential_rate,0.15,effective_residential_rate,0.0167,< 0.08,L1_BOUNDS
A3324000418225003,34269,residential_rate,0,effective_residential_rate,0,< 0.08,L1_BOUNDS
A3324000418225003,34270,residential_rate,0,effective_residential_rate,-0.0242,< 0.08,L1_BOUNDS
A3324000418225003,34271,residential_rate,0,effective_residential_rate,-0.1242,< 0.08,L1_BOUNDS
A3324000419225003,34273,residential_rate,0,effective_residential_rate,-0.0098,< 0.08,L1_BOUNDS
A3324000420225003,34275,residential_rate,0,effective_residential_rate,-0.009,< 0.08,L1_BOUNDS
A3324000420225003,34276,residential_rate,0,effective_residential_rate,-0.109,< 0.08,L1_BOUNDS
A3324000421225003,34278,residential_rate,0,effective_residential_rate,0,< 0.08,L1_BOUNDS
A3324000422225003,34280,residential_rate,0,effective_residential_rate,0,< 0.08,L1_BOUNDS
A3324000422225003,34281,residential_rate,0,effective_residential_rate,-0.0997,< 0.08,L1_BOUNDS
A3324000516225003,34296,residential_rate,0.15,effective_residential_rate,0.00819999999999999,< 0.08,L1_BOUNDS
A3324000517225003,34299,residential_rate,0.15,effective_residential_rate,0.0167,< 0.08,L1_BOUNDS
A3324000518225003,34301,residential_rate,0,effective_residential_rate,-0.0242,< 0.08,L1_BOUNDS
A3324000518225003,34302,residential_rate,0,effective_residential_rate,-0.1242,< 0.08,L1_BOUNDS
A3324000519225003,34304,residential_rate,0,effective_residential_rate,-0.0098,< 0.08,L1_BOUNDS
A3324000519225003,34305,residential_rate,0,effective_residential_rate,-0.1098,< 0.08,L1_BOUNDS
A3324000520225003,34307,residential_rate,0,effective_residential_rate,-0.009,< 0.08,L1_BOUNDS
A3324000520225003,34308,residential_rate,0,effective_residential_rate,-0.109,< 0.08,L1_BOUNDS
A3324000521225003,34310,residential_rate,0,effective_residential_rate,0,< 0.08,L1_BOUNDS
A3324000521225003,34311,residential_rate,0,effective_residential_rate,-0.0937,< 0.08,L1_BOUNDS
A3324000522225003,34313,residential_rate,0,effective_residential_rate,0,< 0.08,L1_BOUNDS
A3324000522225003,34314,residential_rate,0,effective_residential_rate,-0.0997,< 0.08,L1_BOUNDS
A3324000616225003,34329,residential_rate,0.15,effective_residential_rate,0.00819999999999999,< 0.08,L1_BOUNDS
A3324000617225003,34332,residential_rate,0.15,effective_residential_rate,0.0167,< 0.08,L1_BOUNDS
A3324000618225003,34334,residential_rate,0,effective_residential_rate,-0.0242,< 0.08,L1_BOUNDS
A3324000618225003,34335,residential_rate,0,effective_residential_rate,-0.1242,< 0.08,L1_BOUNDS
A3324000619225003,34337,residential_rate,0,effective_residential_rate,-0.0098,< 0.08,L1_BOUNDS
A3324000619225003,34338,residential_rate,0,effective_residential_rate,-0.1098,< 0.08,L1_BOUNDS
A3324000620225003,34340,residential_rate,0,effective_residential_rate,-0.009,< 0.08,L1_BOUNDS
A3324000620225003,34341,residential_rate,0,effective_residential_rate,-0.109,< 0.08,L1_BOUNDS
A3324000621225003,34343,residential_rate,0,effective_residential_rate,0,< 0.08,L1_BOUNDS
A3324000621225003,34344,residential_rate,0,effective_residential_rate,-0.0937,< 0.08,L1_BOUNDS
A3324000622225003,34346,residential_rate,0,effective_residential_rate,0,< 0.08,L1_BOUNDS
A3324000622225003,34347,residential_rate,0,effective_residential_rate,-0.0997,< 0.08,L1_BOUNDS
A3324000716225003,34362,residential_rate,0.15,effective_residential_rate,0.00819999999999999,< 0.08,L1_BOUNDS
A3324000717225003,34365,residential_rate,0.15,effective_residential_rate,0.0167,< 0.08,L1_BOUNDS
A3324000718225003,34367,residential_rate,0,effective_residential_rate,-0.0242,< 0.08,L1_BOUNDS
A3324000718225003,34368,residential_rate,0,effective_residential_rate,-0.1242,< 0.08,L1_BOUNDS
A3324000719225003,34370,residential_rate,0,effective_residential_rate,-0.0098,< 0.08,L1_BOUNDS
A3324000719225003,34371,residential_rate,0,effective_residential_rate,-0.1098,< 0.08,L1_BOUNDS
A3324000720225003,34373,residential_rate,0,effective_residential_rate,-0.009,< 0.08,L1_BOUNDS
A3324000720225003,34374,residential_rate,0,effective_residential_rate,-0.109,< 0.08,L1_BOUNDS
A3324000721225003,34376,residential_rate,0,effective_residential_rate,-0.0937,< 0.08,L1_BOUNDS
A3324000722225003,34378,residential_rate,0,effective_residential_rate,0,< 0.08,L1_BOUNDS
A3324000722225003,34379,residential_rate,0,effective_residential_rate,-0.0997,< 0.08,L1_BOUNDS
A3324000816225003,34394,residential_rate,0.15,effective_residential_rate,0.00819999999999999,< 0.08,L1_BOUNDS
A3324000817225003,34397,residential_rate,0.15,effective_residential_rate,0.0167,< 0.08,L1_BOUNDS
A3324000818225003,34399,residential_rate,0,effective_residential_rate,-0.0242,< 0.08,L1_BOUNDS
A3324000818225003,34400,residential_rate,0,effective_residential_rate,-0.1242,< 0.08,L1_BOUNDS
A3324000819225003,34402,residential_rate,0,effective_residential_rate,-0.0098,< 0.08,L1_BOUNDS
A3324000819225003,34403,residential_rate,0,effective_residential_rate,-0.1098,< 0.08,L1_BOUNDS
A3324000820225003,34405,residential_rate,0,effective_residential_rate,-0.009,< 0.08,L1_BOUNDS
A3324000820225003,34406,residential_rate,0,effective_residential_rate,-0.109,< 0.08,L1_BOUNDS
A3324000821225003,34408,residential_rate,0,effective_residential_rate,-0.0937,< 0.08,L1_BOUNDS
A3324000822225003,34410,residential_rate,0,effective_residential_rate,0,< 0.08,L1_BOUNDS
A3324000822225003,34411,residential_rate,0,effective_residential_rate,-0.0997,< 0.08,L1_BOUNDS
A3324000916225003,34427,residential_rate,0.15,effective_residential_rate,0.00819999999999999,< 0.08,L1_BOUNDS
A3324000917225003,34430,residential_rate,0.2123,effective_residential_rate,0.079,< 0.08,L1_BOUNDS
A3324000918225003,34432,residential_rate,0,effective_residential_rate,-0.0242,< 0.08,L1_BOUNDS
A3324000918225003,34433,residential_rate,0,effective_residential_rate,-0.1242,< 0.08,L1_BOUNDS
A3324000920225003,34438,residential_rate,0,effective_residential_rate,-0.009,< 0.08,L1_BOUNDS
A3324000920225003,34439,residential_rate,0,effective_residential_rate,-0.109,< 0.08,L1_BOUNDS
A3324000921225003,34441,residential_rate,0.15,effective_residential_rate,0.0563,< 0.08,L1_BOUNDS
A3324000922225003,34443,residential_rate,0.15,effective_residential_rate,0.0503,< 0.08,L1_BOUNDS
A3324001018225003,34464,residential_rate,0,effective_residential_rate,-0.1242,< 0.08,L1_BOUNDS
A3324001020225003,34469,residential_rate,0,effective_residential_rate,-0.009,< 0.08,L1_BOUNDS
A3324001021225003,34471,residential_rate,0.15,effective_residential_rate,0.0563,< 0.08,L1_BOUNDS
A3324001022225003,34473,residential_rate,0.15,effective_residential_rate,0.0503,< 0.08,L1_BOUNDS
A3324001118225003,34491,residential_rate,0,effective_residential_rate,-0.0242,< 0.08,L1_BOUNDS
A3324001120225003,34495,residential_rate,0,effective_residential_rate,-0.009,< 0.08,L1_BOUNDS
A3324001121225003,34497,residential_rate,0,effective_residential_rate,0,< 0.08,L1_BOUNDS
A3324001122225003,34499,residential_rate,0.15,effective_residential_rate,0.0503,< 0.08,L1_BOUNDS
A3324001218225003,34511,residential_rate,0,effective_residential_rate,-0.0242,< 0.08,L1_BOUNDS
A3324001218225003,34512,residential_rate,0,effective_residential_rate,-0.1242,< 0.08,L1_BOUNDS
A3324001218225003,34513,residential_rate,0,effective_residential_rate,0,< 0.08,L1_BOUNDS
A3324001219225003,34515,residential_rate,0,effective_residential_rate,0,< 0.08,L1_BOUNDS
A3324001220225003,34517,residential_rate,0,effective_residential_rate,0,< 0.08,L1_BOUNDS
A3324001220225003,34518,residential_rate,0,effective_residential_rate,-0.009,< 0.08,L1_BOUNDS
A3324001220225003,34519,residential_rate,0,effective_residential_rate,-0.109,< 0.08,L1_BOUNDS
A3324001221225003,34522,residential_rate,0,effective_residential_rate,0,< 0.08,L1_BOUNDS
A3324100117225003,34533,residential_rate,0.15,effective_residential_rate,0.0167,< 0.08,L1_BOUNDS
A3324100119225003,34536,residential_rate,0,effective_residential_rate,-0.0098,< 0.08,L1_BOUNDS
A3324100119225003,34537,residential_rate,0,effective_residential_rate,-0.1098,< 0.08,L1_BOUNDS
A3324100119225003,34538,residential_rate,0,effective_residential_rate,0,< 0.08,L1_BOUNDS
A3324100120225003,34540,residential_rate,0,effective_residential_rate,-0.009,< 0.08,L1_BOUNDS
A3324100120225003,34541,residential_rate,0,effective_residential_rate,-0.109,< 0.08,L1_BOUNDS
A3324100121225003,34543,residential_rate,0,effective_residential_rate,0,< 0.08,L1_BOUNDS
A3324100122225003,34545,residential_rate,0,effective_residential_rate,-1e-04,< 0.08,L1_BOUNDS
A3324100122225003,34546,residential_rate,0,effective_residential_rate,0,< 0.08,L1_BOUNDS
A3324100216225003,34561,residential_rate,0.1786,effective_residential_rate,0.0368,< 0.08,L1_BOUNDS
A3324100217225003,34564,residential_rate,0.15,effective_residential_rate,0.0167,< 0.08,L1_BOUNDS
A3324100218225003,34567,residential_rate,0.15,effective_residential_rate,0.0258,< 0.08,L1_BOUNDS
A3324100219225003,34569,residential_rate,0,effective_residential_rate,-0.0098,< 0.08,L1_BOUNDS
A3324100220225003,34571,residential_rate,0,effective_residential_rate,-0.009,< 0.08,L1_BOUNDS
A3324100221225003,34573,residential_rate,0,effective_residential_rate,0,< 0.08,L1_BOUNDS
A3324100221225003,34574,residential_rate,0,effective_residential_rate,-0.0937,< 0.08,L1_BOUNDS
A3324100222225003,34576,residential_rate,0,effective_residential_rate,0,< 0.08,L1_BOUNDS
A3324100222225003,34577,residential_rate,0,effective_residential_rate,-0.0997,< 0.08,L1_BOUNDS
A3324100316225003,34593,residential_rate,0.15,effective_residential_rate,0.00819999999999999,< 0.08,L1_BOUNDS
A3324100317225003,34596,residential_rate,0.15,effective_residential_rate,0.0167,< 0.08,L1_BOUNDS
A3324100317225003,34597,residential_rate,0,effective_residential_rate,0,< 0.08,L1_BOUNDS
A3324100318225003,34599,residential_rate,0,effective_residential_rate,-0.0242,< 0.08,L1_BOUNDS
A3324100318225003,34600,residential_rate,0,effective_residential_rate,-0.1242,< 0.08,L1_BOUNDS
A3324100319225003,34602,residential_rate,0,effective_residential_rate,-0.0098,< 0.08,L1_BOUNDS
A3324100319225003,34603,residential_rate,0,effective_residential_rate,-0.1098,< 0.08,L1_BOUNDS
A3324100320225003,34605,residential_rate,0,effective_residential_rate,-0.009,< 0.08,L1_BOUNDS
A3324100321225003,34607,residential_rate,0,effective_residential_rate,-0.0937,< 0.08,L1_BOUNDS
A3324100322225003,34609,residential_rate,0,effective_residential_rate,0,< 0.08,L1_BOUNDS
A3324100322225003,34610,residential_rate,0,effective_residential_rate,-0.0997,< 0.08,L1_BOUNDS
A3324100416225003,34626,residential_rate,0.15,effective_residential_rate,0.00819999999999999,< 0.08,L1_BOUNDS
A3324100416225003,34627,residential_rate,0,effective_residential_rate,0,< 0.08,L1_BOUNDS
A3324100417225003,34630,residential_rate,0.15,effective_residential_rate,0.0167,< 0.08,L1_BOUNDS
A3324100418225003,34631,residential_rate,0,effective_residential_rate,0,< 0.08,L1_BOUNDS
A3324100418225003,34632,residential_rate,0,effective_residential_rate,-0.0242,< 0.08,L1_BOUNDS
A3324100418225003,34633,residential_rate,0,effective_residential_rate,-0.1242,< 0.08,L1_BOUNDS
A3324100419225003,34635,residential_rate,0,effective_residential_rate,-0.0098,< 0.08,L1_BOUNDS
A3324100419225003,34636,residential_rate,0,effective_residential_rate,-0.1098,< 0.08,L1_BOUNDS
A3324100420225003,34638,residential_rate,0,effective_residential_rate,-0.009,< 0.08,L1_BOUNDS
A3324100420225003,34639,residential_rate,0,effective_residential_rate,-0.109,< 0.08,L1_BOUNDS
A3324100421225003,34641,residential_rate,0,effective_residential_rate,-0.0937,< 0.08,L1_BOUNDS
A3324100422225003,34643,residential_rate,0,effective_residential_rate,0,< 0.08,L1_BOUNDS
A3324100422225003,34644,residential_rate,0,effective_residential_rate,-0.0997,< 0.08,L1_BOUNDS
A3324100516225003,34660,residential_rate,0.15,effective_residential_rate,0.00819999999999999,< 0.08,L1_BOUNDS
A3324100517225003,34663,residential_rate,0.15,effective_residential_rate,0.0167,< 0.08,L1_BOUNDS
A3324100518225003,34665,residential_rate,0,effective_residential_rate,-0.0242,< 0.08,L1_BOUNDS
A3324100518225003,34666,residential_rate,0,effective_residential_rate,-0.1242,< 0.08,L1_BOUNDS
A3324100519225003,34668,residential_rate,0,effective_residential_rate,-0.0098,< 0.08,L1_BOUNDS
A3324100519225003,34669,residential_rate,0,effective_residential_rate,-0.1098,< 0.08,L1_BOUNDS
A3324100520225003,34671,residential_rate,0,effective_residential_rate,-0.009,< 0.08,L1_BOUNDS
A3324100520225003,34672,residential_rate,0,effective_residential_rate,-0.109,< 0.08,L1_BOUNDS
A3324100521225003,34674,residential_rate,0,effective_residential_rate,0,< 0.08,L1_BOUNDS
A3324100521225003,34675,residential_rate,0,effective_residential_rate,-0.0937,< 0.08,L1_BOUNDS
A3324100522225003,34677,residential_rate,0,effective_residential_rate,0,< 0.08,L1_BOUNDS
A3324100522225003,34678,residential_rate,0,effective_residential_rate,-0.0997,< 0.08,L1_BOUNDS
A3324100616225003,34694,residential_rate,0.15,effective_residential_rate,0.00819999999999999,< 0.08,L1_BOUNDS
A3324100617225003,34697,residential_rate,0.15,effective_residential_rate,0.0167,< 0.08,L1_BOUNDS
A3324100617225003,34698,residential_rate,0,effective_residential_rate,0,< 0.08,L1_BOUNDS
A3324100618225003,34700,residential_rate,0,effective_residential_rate,-0.0242,< 0.08,L1_BOUNDS
A3324100618225003,34701,residential_rate,0,effective_residential_rate,-0.1242,< 0.08,L1_BOUNDS
A3324100619225003,34703,residential_rate,0,effective_residential_rate,-0.0098,< 0.08,L1_BOUNDS
A3324100619225003,34704,residential_rate,0,effective_residential_rate,-0.1098,< 0.08,L1_BOUNDS
A3324100620225003,34706,residential_rate,0,effective_residential_rate,-0.009,< 0.08,L1_BOUNDS
A3324100620225003,34707,residential_rate,0,effective_residential_rate,-0.109,< 0.08,L1_BOUNDS
A3324100620225003,34708,residential_rate,0,effective_residential_rate,-0.159,< 0.08,L1_BOUNDS
A3324100621225003,34710,residential_rate,0,effective_residential_rate,0,< 0.08,L1_BOUNDS
A3324100621225003,34711,residential_rate,0,effective_residential_rate,-0.0937,< 0.08,L1_BOUNDS
A3324100621225003,34712,residential_rate,0,effective_residential_rate,-0.1437,< 0.08,L1_BOUNDS
A3324100622225003,34714,residential_rate,0,effective_residential_rate,0,< 0.08,L1_BOUNDS
A3324100622225003,34715,residential_rate,0,effective_residential_rate,-0.0997,< 0.08,L1_BOUNDS
A3324100622225003,34716,residential_rate,0,effective_residential_rate,-0.1497,< 0.08,L1_BOUNDS
A3324100716225003,34733,residential_rate,0.15,effective_residential_rate,0.00819999999999999,< 0.08,L1_BOUNDS
A3324100717225003,34736,residential_rate,0.15,effective_residential_rate,0.0167,< 0.08,L1_BOUNDS
A3324100718225003,34738,residential_rate,0,effective_residential_rate,-0.0242,< 0.08,L1_BOUNDS
A3324100718225003,34739,residential_rate,0,effective_residential_rate,-0.1242,< 0.08,L1_BOUNDS
A3324100719225003,34741,residential_rate,0,effective_residential_rate,-0.0098,< 0.08,L1_BOUNDS
A3324100719225003,34742,residential_rate,0,effective_residential_rate,-0.1098,< 0.08,L1_BOUNDS
A3324100720225003,34744,residential_rate,0,effective_residential_rate,-0.009,< 0.08,L1_BOUNDS
A3324100720225003,34745,residential_rate,0,effective_residential_rate,-0.109,< 0.08,L1_BOUNDS
A3324100721225003,34747,residential_rate,0,effective_residential_rate,-0.0937,< 0.08,L1_BOUNDS
A3324100722225003,34749,residential_rate,0,effective_residential_rate,0,< 0.08,L1_BOUNDS
A3324100722225003,34750,residential_rate,0,effective_residential_rate,-0.0997,< 0.08,L1_BOUNDS
A3324100816225003,34766,residential_rate,0.15,effective_residential_rate,0.00819999999999999,< 0.08,L1_BOUNDS
A3324100817225003,34769,residential_rate,0.15,effective_residential_rate,0.0167,< 0.08,L1_BOUNDS
A3324100818225003,34771,residential_rate,0,effective_residential_rate,-0.0242,< 0.08,L1_BOUNDS
A3324100818225003,34772,residential_rate,0,effective_residential_rate,-0.1242,< 0.08,L1_BOUNDS
A3324100819225003,34774,residential_rate,0,effective_residential_rate,-0.0098,< 0.08,L1_BOUNDS
A3324100819225003,34775,residential_rate,0,effective_residential_rate,-0.1098,< 0.08,L1_BOUNDS
A3324100820225003,34777,residential_rate,0,effective_residential_rate,-0.009,< 0.08,L1_BOUNDS
A3324100820225003,34778,residential_rate,0,effective_residential_rate,-0.109,< 0.08,L1_BOUNDS
A3324100821225003,34780,residential_rate,0,effective_residential_rate,-0.0937,< 0.08,L1_BOUNDS
A3324100822225003,34782,residential_rate,0,effective_residential_rate,0,< 0.08,L1_BOUNDS
A3324100822225003,34783,residential_rate,0,effective_residential_rate,-0.0997,< 0.08,L1_BOUNDS
A3324100916225003,34799,residential_rate,0.15,effective_residential_rate,0.00819999999999999,< 0.08,L1_BOUNDS
A3324100918225003,34804,residential_rate,0,effective_residential_rate,-0.0242,< 0.08,L1_BOUNDS
A3324100918225003,34805,residential_rate,0,effective_residential_rate,-0.1242,< 0.08,L1_BOUNDS
A3324100920225003,34810,residential_rate,0,effective_residential_rate,-0.009,< 0.08,L1_BOUNDS
A3324100920225003,34811,residential_rate,0,effective_residential_rate,-0.109,< 0.08,L1_BOUNDS
A3324100921225003,34813,residential_rate,0.15,effective_residential_rate,0.0563,< 0.08,L1_BOUNDS
A3324100922225003,34815,residential_rate,0.15,effective_residential_rate,0.0503,< 0.08,L1_BOUNDS
A3324101016225003,34831,residential_rate,0.15,effective_residential_rate,0.00819999999999999,< 0.08,L1_BOUNDS
A3324101017225003,34834,residential_rate,0.1768,effective_residential_rate,0.0435,< 0.08,L1_BOUNDS
A3324101018225003,34836,residential_rate,0,effective_residential_rate,-0.0242,< 0.08,L1_BOUNDS
A3324101018225003,34837,residential_rate,0,effective_residential_rate,-0.1242,< 0.08,L1_BOUNDS
A3324101019225003,34840,residential_rate,0.1826,effective_residential_rate,0.0728,< 0.08,L1_BOUNDS
A3324101020225003,34842,residential_rate,0,effective_residential_rate,-0.009,< 0.08,L1_BOUNDS
A3324101020225003,34843,residential_rate,0,effective_residential_rate,-0.109,< 0.08,L1_BOUNDS
A3324101021225003,34845,residential_rate,0.15,effective_residential_rate,0.0563,< 0.08,L1_BOUNDS
A3324101022225003,34847,residential_rate,0.15,effective_residential_rate,0.0503,< 0.08,L1_BOUNDS
A3324101117225003,34865,residential_rate,0.1775,effective_residential_rate,0.0442,< 0.08,L1_BOUNDS
A3324101118225003,34867,residential_rate,0,effective_residential_rate,-0.0242,< 0.08,L1_BOUNDS
A3324101120225003,34872,residential_rate,0,effective_residential_rate,-0.009,< 0.08,L1_BOUNDS
A3324101120225003,34873,residential_rate,0,effective_residential_rate,-0.109,< 0.08,L1_BOUNDS
A3324101121225003,34876,residential_rate,0.15,effective_residential_rate,0.0563,< 0.08,L1_BOUNDS
A3324101122225003,34878,residential_rate,0.15,effective_residential_rate,0.0503,< 0.08,L1_BOUNDS
A3324101218225003,34896,residential_rate,0,effective_residential_rate,-0.0242,< 0.08,L1_BOUNDS
A3324101218225003,34897,residential_rate,0,effective_residential_rate,-0.1242,< 0.08,L1_BOUNDS
A3324101219225003,34899,residential_rate,0,effective_residential_rate,-0.0098,< 0.08,L1_BOUNDS
A3324101219225003,34900,residential_rate,0,effective_residential_rate,-0.1098,< 0.08,L1_BOUNDS
A3324101220225003,34902,residential_rate,0,effective_residential_rate,-0.009,< 0.08,L1_BOUNDS
A3324101220225003,34903,residential_rate,0,effective_residential_rate,-0.109,< 0.08,L1_BOUNDS
A3324101220225003,34904,residential_rate,0,effective_residential_rate,0,< 0.08,L1_BOUNDS
A3324101221225003,34907,residential_rate,0,effective_residential_rate,0,< 0.08,L1_BOUNDS
A3324200118225003,34925,residential_rate,0,effective_residential_rate,-0.0152,< 0.08,L1_BOUNDS
A3324200119225003,34927,residential_rate,0,effective_residential_rate,-0.0862,< 0.08,L1_BOUNDS
A3324200121225003,34930,residential_rate,0,effective_residential_rate,0,< 0.08,L1_BOUNDS
A3324200217225003,34939,residential_rate,0,effective_residential_rate,-0.0733,< 0.08,L1_BOUNDS
A3324200218225003,34941,residential_rate,0,effective_residential_rate,-0.0152,< 0.08,L1_BOUNDS
A3324200219225003,34943,residential_rate,0,effective_residential_rate,-0.1175,< 0.08,L1_BOUNDS
A3324200317225003,34955,residential_rate,0,effective_residential_rate,0,< 0.08,L1_BOUNDS
A3324200318225003,34957,residential_rate,0,effective_residential_rate,-0.0152,< 0.08,L1_BOUNDS
A3324200319225003,34959,residential_rate,0,effective_residential_rate,-0.1175,< 0.08,L1_BOUNDS
A3324200321225003,34962,residential_rate,0,effective_residential_rate,0,< 0.08,L1_BOUNDS
A3324200419225003,34975,residential_rate,0,effective_residential_rate,-0.1175,< 0.08,L1_BOUNDS
A3324200519225003,34990,residential_rate,0,effective_residential_rate,-0.1175,< 0.08,L1_BOUNDS
A3324200616225003,35000,residential_rate,0,effective_residential_rate,0,< 0.08,L1_BOUNDS
A3324200618225003,35004,residential_rate,0,effective_residential_rate,-0.0152,< 0.08,L1_BOUNDS
A3324200619225003,35006,residential_rate,0,effective_residential_rate,-0.1175,< 0.08,L1_BOUNDS
A3324200718225003,35019,residential_rate,0,effective_residential_rate,-0.1006,< 0.08,L1_BOUNDS
A3324200818225003,35033,residential_rate,0,effective_residential_rate,-0.1006,< 0.08,L1_BOUNDS
A3324200918225003,35047,residential_rate,0,effective_residential_rate,-0.1006,< 0.08,L1_BOUNDS
A3324201017225003,35060,residential_rate,0,effective_residential_rate,0,< 0.08,L1_BOUNDS
A3324201018225003,35062,residential_rate,0,effective_residential_rate,-0.1006,< 0.08,L1_BOUNDS
A3324201118225003,35076,residential_rate,0,effective_residential_rate,-0.1006,< 0.08,L1_BOUNDS
A3324201118225003,35077,residential_rate,0,effective_residential_rate,0,< 0.08,L1_BOUNDS
A3324201218225003,35091,residential_rate,0,effective_residential_rate,-0.1006,< 0.08,L1_BOUNDS
A3324300217225003,35114,residential_rate,0,effective_residential_rate,0,< 0.08,L1_BOUNDS
A3324300316225003,35132,residential_rate,0,effective_residential_rate,0,< 0.08,L1_BOUNDS
A3324300317225003,35134,residential_rate,0,effective_residential_rate,0,< 0.08,L1_BOUNDS
A3324300416225003,35149,residential_rate,0,effective_residential_rate,0,< 0.08,L1_BOUNDS
A3324300417225003,35151,residential_rate,0,effective_residential_rate,0,< 0.08,L1_BOUNDS
A3324300418225003,35153,residential_rate,0,effective_residential_rate,0,< 0.08,L1_BOUNDS
A3324300518225003,35169,residential_rate,0,effective_residential_rate,0,< 0.08,L1_BOUNDS
A3324300519225003,35171,residential_rate,0,effective_residential_rate,0,< 0.08,L1_BOUNDS
A3324301116225003,35271,residential_rate,0,effective_residential_rate,0,< 0.08,L1_BOUNDS
A3324400323225003,35344,residential_rate,0,effective_residential_rate,0,< 0.08,L1_BOUNDS
A3324400422225003,35358,residential_rate,0,effective_residential_rate,-0.2441,< 0.08,L1_BOUNDS
A3324400422225003,35359,residential_rate,0,effective_residential_rate,0,< 0.08,L1_BOUNDS
A3324400423225003,35362,residential_rate,0,effective_residential_rate,0,< 0.08,L1_BOUNDS
A3324400522225003,35376,residential_rate,0,effective_residential_rate,-0.2441,< 0.08,L1_BOUNDS
A3324400522225003,35377,residential_rate,0,effective_residential_rate,0,< 0.08,L1_BOUNDS
A3324400622225003,35393,residential_rate,0,effective_residential_rate,-0.2441,< 0.08,L1_BOUNDS
A3324400622225003,35394,residential_rate,0,effective_residential_rate,0,< 0.08,L1_BOUNDS
A3324400623225003,35397,residential_rate,0,effective_residential_rate,0,< 0.08,L1_BOUNDS
A3324400722225003,35412,residential_rate,0,effective_residential_rate,-0.2441,< 0.08,L1_BOUNDS
A3324400722225003,35413,residential_rate,0,effective_residential_rate,0,< 0.08,L1_BOUNDS
A3324400816225003,35424,residential_rate,0,effective_residential_rate,0,< 0.08,L1_BOUNDS
A3324400822225003,35431,residential_rate,0,effective_residential_rate,-0.2441,< 0.08,L1_BOUNDS
A3324400922225003,35449,residential_rate,0,effective_residential_rate,-0.2441,< 0.08,L1_BOUNDS
A3324400923225003,35452,residential_rate,0,effective_residential_rate,0,< 0.08,L1_BOUNDS
A3324401022225003,35467,residential_rate,0,effective_residential_rate,-0.2637,< 0.08,L1_BOUNDS
A3324401022225003,35468,residential_rate,0,effective_residential_rate,0,< 0.08,L1_BOUNDS
A3324401220225003,35500,residential_rate,0,effective_residential_rate,0,< 0.08,L1_BOUNDS
A3324401221225003,35502,residential_rate,0,effective_residential_rate,0,< 0.08,L1_BOUNDS
A3324500820225003,35594,residential_rate,0,effective_residential_rate,0,< 0.08,L1_BOUNDS
A3324600123225003,35648,residential_rate,0.2611,effective_residential_rate,0.0701,< 0.08,L1_BOUNDS
A3324600124225003,35650,residential_rate,0.2541,effective_residential_rate,0.0647,< 0.08,L1_BOUNDS
A3324600223225003,35657,residential_rate,0.2611,effective_residential_rate,0.0701,< 0.08,L1_BOUNDS
A3324600224225003,35659,residential_rate,0.2541,effective_residential_rate,0.0548,< 0.08,L1_BOUNDS
A3324600323225003,35666,residential_rate,0.2611,effective_residential_rate,0.0701,< 0.08,L1_BOUNDS
A3324600324225003,35668,residential_rate,0.2541,effective_residential_rate,0.0548,< 0.08,L1_BOUNDS
A3324600423225003,35676,residential_rate,0.2541,effective_residential_rate,0.0631,< 0.08,L1_BOUNDS
A3324600424225003,35678,residential_rate,0.2541,effective_residential_rate,0.0548,< 0.08,L1_BOUNDS
A3324600522225003,35684,residential_rate,0,effective_residential_rate,-0.1366,< 0.08,L1_BOUNDS
A3324600523225003,35686,residential_rate,0.2541,effective_residential_rate,0.0631,< 0.08,L1_BOUNDS
A3324600524225003,35688,residential_rate,0.2541,effective_residential_rate,0.0548,< 0.08,L1_BOUNDS
A3324600622225003,35695,residential_rate,0,effective_residential_rate,-0.1366,< 0.08,L1_BOUNDS
A3324600623225003,35697,residential_rate,0.2541,effective_residential_rate,0.0631,< 0.08,L1_BOUNDS
A3324600624225003,35699,residential_rate,0.2541,effective_residential_rate,0.0548,< 0.08,L1_BOUNDS
A3324600722225003,35705,residential_rate,0,effective_residential_rate,-0.1366,< 0.08,L1_BOUNDS
A3324600723225003,35707,residential_rate,0.2541,effective_residential_rate,0.0631,< 0.08,L1_BOUNDS
A3324600724225003,35710,residential_rate,0.2541,effective_residential_rate,0.0548,< 0.08,L1_BOUNDS
A3324600822225003,35715,residential_rate,0,effective_residential_rate,-0.1366,< 0.08,L1_BOUNDS
A3324600823225003,35717,residential_rate,0.2541,effective_residential_rate,-0.00290000000000001,< 0.08,L1_BOUNDS
A3324600824225003,35719,residential_rate,0.2541,effective_residential_rate,0.0548,< 0.08,L1_BOUNDS
A3324600922225003,35724,residential_rate,0,effective_residential_rate,-0.1366,< 0.08,L1_BOUNDS
A3324600923225003,35726,residential_rate,0.2541,effective_residential_rate,-0.00290000000000001,< 0.08,L1_BOUNDS
A3324600924225003,35728,residential_rate,0.2541,effective_residential_rate,0.0548,< 0.08,L1_BOUNDS
A3324601024225003,35735,residential_rate,0.2541,effective_residential_rate,0.0548,< 0.08,L1_BOUNDS
A3324601222225003,35748,residential_rate,0.2611,effective_residential_rate,0.0743,< 0.08,L1_BOUNDS
A3324700916225003,35788,residential_rate,0,effective_residential_rate,0,< 0.08,L1_BOUNDS
A3324800120225003,35804,residential_rate,0,effective_residential_rate,0,< 0.08,L1_BOUNDS
A3324800220225003,35815,residential_rate,0,effective_residential_rate,0,< 0.08,L1_BOUNDS
A3324800222225003,35818,residential_rate,0,effective_residential_rate,0,< 0.08,L1_BOUNDS
A3324900318225003,35935,residential_rate,0,effective_residential_rate,0,< 0.08,L1_BOUNDS
A3324900418225003,35937,residential_rate,0,effective_residential_rate,0,< 0.08,L1_BOUNDS
A3324900518225003,35939,residential_rate,0,effective_residential_rate,0,< 0.08,L1_BOUNDS
A3325000122225003,35946,residential_rate,0,effective_residential_rate,0,< 0.08,L1_BOUNDS
A3325000123225003,35948,residential_rate,0,effective_residential_rate,0,< 0.08,L1_BOUNDS
A3325000219225003,35955,residential_rate,0,effective_residential_rate,0,< 0.08,L1_BOUNDS
A3325000223225003,35960,residential_rate,0,effective_residential_rate,0,< 0.08,L1_BOUNDS
A3325000323225003,35971,residential_rate,0,effective_residential_rate,0,< 0.08,L1_BOUNDS
A3325000919225003,36031,residential_rate,0,effective_residential_rate,-0.2988,< 0.08,L1_BOUNDS
A3325001117225003,36052,residential_rate,0,effective_residential_rate,0,< 0.08,L1_BOUNDS
A3325100219225003,36092,residential_rate,0,effective_residential_rate,0,< 0.08,L1_BOUNDS
A3325100222225003,36096,residential_rate,0,effective_residential_rate,0,< 0.08,L1_BOUNDS
A3325200122225003,36219,residential_rate,0,effective_residential_rate,0,< 0.08,L1_BOUNDS
A3325200224225003,36234,residential_rate,0,effective_residential_rate,0,< 0.08,L1_BOUNDS
A3325200816225003,36301,residential_rate,0,effective_residential_rate,0,< 0.08,L1_BOUNDS
A3325201118225003,36332,residential_rate,0,effective_residential_rate,0,< 0.08,L1_BOUNDS
A3325201216225003,36341,residential_rate,0,effective_residential_rate,0,< 0.08,L1_BOUNDS
A3325201220225003,36344,residential_rate,0,effective_residential_rate,0,< 0.08,L1_BOUNDS
A3325300119225003,36352,residential_rate,0,effective_residential_rate,-0.3498,< 0.08,L1_BOUNDS
A3325300120225003,36354,residential_rate,0,effective_residential_rate,-0.349,< 0.08,L1_BOUNDS
A3325300121225003,36356,residential_rate,0,effective_residential_rate,-0.3337,< 0.08,L1_BOUNDS
A3325300122225003,36358,residential_rate,0,effective_residential_rate,-0.3397,< 0.08,L1_BOUNDS
A3325300219225003,36371,residential_rate,0,effective_residential_rate,-0.3498,< 0.08,L1_BOUNDS
A3325300219225003,36372,residential_rate,0,effective_residential_rate,0,< 0.08,L1_BOUNDS
A3325300220225003,36374,residential_rate,0,effective_residential_rate,-0.349,< 0.08,L1_BOUNDS
A3325300220225003,36375,residential_rate,0,effective_residential_rate,0,< 0.08,L1_BOUNDS
A3325300221225003,36377,residential_rate,0,effective_residential_rate,-0.3337,< 0.08,L1_BOUNDS
A3325300222225003,36379,residential_rate,0,effective_residential_rate,-0.3397,< 0.08,L1_BOUNDS
A3325300222225003,36380,residential_rate,0,effective_residential_rate,0,< 0.08,L1_BOUNDS
A3325300319225003,36392,residential_rate,0,effective_residential_rate,-0.3498,< 0.08,L1_BOUNDS
A3325300320225003,36394,residential_rate,0,effective_residential_rate,-0.349,< 0.08,L1_BOUNDS
A3325300321225003,36396,residential_rate,0,effective_residential_rate,-0.3337,< 0.08,L1_BOUNDS
A3325300322225003,36398,residential_rate,0,effective_residential_rate,-0.3397,< 0.08,L1_BOUNDS
A3325300419225003,36410,residential_rate,0,effective_residential_rate,-0.3498,< 0.08,L1_BOUNDS
A3325300420225003,36412,residential_rate,0,effective_residential_rate,-0.349,< 0.08,L1_BOUNDS
A3325300421225003,36414,residential_rate,0,effective_residential_rate,-0.3337,< 0.08,L1_BOUNDS
A3325300422225003,36416,residential_rate,0,effective_residential_rate,-0.3397,< 0.08,L1_BOUNDS
A3325300518225003,36427,residential_rate,0,effective_residential_rate,-0.3642,< 0.08,L1_BOUNDS
A3325300519225003,36429,residential_rate,0,effective_residential_rate,-0.3498,< 0.08,L1_BOUNDS
A3325300520225003,36431,residential_rate,0,effective_residential_rate,-0.349,< 0.08,L1_BOUNDS
A3325300521225003,36433,residential_rate,0,effective_residential_rate,-0.3337,< 0.08,L1_BOUNDS
A3325300522225003,36435,residential_rate,0,effective_residential_rate,-0.3397,< 0.08,L1_BOUNDS
A3325300618225003,36448,residential_rate,0,effective_residential_rate,-0.3642,< 0.08,L1_BOUNDS
A3325300619225003,36450,residential_rate,0,effective_residential_rate,-0.3498,< 0.08,L1_BOUNDS
A3325300619225003,36451,residential_rate,0,effective_residential_rate,0,< 0.08,L1_BOUNDS
A3325300620225003,36453,residential_rate,0,effective_residential_rate,-0.349,< 0.08,L1_BOUNDS
A3325300621225003,36455,residential_rate,0,effective_residential_rate,-0.3337,< 0.08,L1_BOUNDS
A3325300622225003,36457,residential_rate,0,effective_residential_rate,-0.3397,< 0.08,L1_BOUNDS
A3325300718225003,36470,residential_rate,0,effective_residential_rate,-0.3642,< 0.08,L1_BOUNDS
A3325300719225003,36472,residential_rate,0,effective_residential_rate,-0.3498,< 0.08,L1_BOUNDS
A3325300719225003,36473,residential_rate,0,effective_residential_rate,0,< 0.08,L1_BOUNDS
A3325300720225003,36475,residential_rate,0,effective_residential_rate,-0.349,< 0.08,L1_BOUNDS
A3325300721225003,36477,residential_rate,0,effective_residential_rate,-0.3337,< 0.08,L1_BOUNDS
A3325300722225003,36479,residential_rate,0,effective_residential_rate,-0.3397,< 0.08,L1_BOUNDS
A3325300818225003,36492,residential_rate,0,effective_residential_rate,-0.3642,< 0.08,L1_BOUNDS
A3325300819225003,36494,residential_rate,0,effective_residential_rate,-0.3498,< 0.08,L1_BOUNDS
A3325300819225003,36495,residential_rate,0,effective_residential_rate,0,< 0.08,L1_BOUNDS
A3325300820225003,36497,residential_rate,0,effective_residential_rate,-0.349,< 0.08,L1_BOUNDS
A3325300821225003,36499,residential_rate,0,effective_residential_rate,-0.3337,< 0.08,L1_BOUNDS
A3325300822225003,36501,residential_rate,0,effective_residential_rate,-0.3397,< 0.08,L1_BOUNDS
A3325300918225003,36514,residential_rate,0,effective_residential_rate,-0.3642,< 0.08,L1_BOUNDS
A3325300919225003,36516,residential_rate,0,effective_residential_rate,-0.3498,< 0.08,L1_BOUNDS
A3325300920225003,36518,residential_rate,0,effective_residential_rate,-0.349,< 0.08,L1_BOUNDS
A3325300921225003,36520,residential_rate,0,effective_residential_rate,-0.3337,< 0.08,L1_BOUNDS
A3325300922225003,36522,residential_rate,0,effective_residential_rate,-0.3397,< 0.08,L1_BOUNDS
A3325301018225003,36535,residential_rate,0,effective_residential_rate,-0.3642,< 0.08,L1_BOUNDS
A3325301018225003,36536,residential_rate,0,effective_residential_rate,0,< 0.08,L1_BOUNDS
A3325301019225003,36538,residential_rate,0,effective_residential_rate,-0.3498,< 0.08,L1_BOUNDS
A3325301021225003,36542,residential_rate,0,effective_residential_rate,-0.3337,< 0.08,L1_BOUNDS
A3325301118225003,36555,residential_rate,0,effective_residential_rate,-0.3642,< 0.08,L1_BOUNDS
A3325301119225003,36557,residential_rate,0,effective_residential_rate,-0.3498,< 0.08,L1_BOUNDS
A3325301120225003,36559,residential_rate,0,effective_residential_rate,-0.3498,< 0.08,L1_BOUNDS
A3325301121225003,36561,residential_rate,0,effective_residential_rate,-0.3337,< 0.08,L1_BOUNDS
A3325301219225003,36575,residential_rate,0,effective_residential_rate,-0.349,< 0.08,L1_BOUNDS
A3325301220225003,36577,residential_rate,0,effective_residential_rate,-0.3498,< 0.08,L1_BOUNDS
A3325301220225003,36578,residential_rate,0,effective_residential_rate,0,< 0.08,L1_BOUNDS
A3325301221225003,36580,residential_rate,0,effective_residential_rate,-0.3337,< 0.08,L1_BOUNDS
A3325400419225003,36631,residential_rate,0,effective_residential_rate,0,< 0.08,L1_BOUNDS
A3325400519225003,36647,residential_rate,0,effective_residential_rate,0,< 0.08,L1_BOUNDS
A3325400620225003,36662,residential_rate,0,effective_residential_rate,0,< 0.08,L1_BOUNDS
A3325400620225003,36663,residential_rate,0,effective_residential_rate,0,< 0.08,L1_BOUNDS
A3325401023225003,36721,residential_rate,0,effective_residential_rate,0,< 0.08,L1_BOUNDS
A3325401220225003,36745,residential_rate,0,effective_residential_rate,0,< 0.08,L1_BOUNDS
A3325401221225003,36747,residential_rate,0,effective_residential_rate,0,< 0.08,L1_BOUNDS
A3325500117225003,36757,residential_rate,0,effective_residential_rate,0,< 0.08,L1_BOUNDS
A3325500122225003,36763,residential_rate,0,effective_residential_rate,0,< 0.08,L1_BOUNDS
A3325500217225003,36770,residential_rate,0,effective_residential_rate,0,< 0.08,L1_BOUNDS
A3325500323225003,36788,residential_rate,0,effective_residential_rate,0,< 0.08,L1_BOUNDS
A3325500416225003,36793,residential_rate,0,effective_residential_rate,0,< 0.08,L1_BOUNDS
A3325500516225003,36804,residential_rate,0,effective_residential_rate,0,< 0.08,L1_BOUNDS
A3325500616225003,36814,residential_rate,0,effective_residential_rate,0,< 0.08,L1_BOUNDS
A3325500716225003,36825,residential_rate,0,effective_residential_rate,0,< 0.08,L1_BOUNDS
A3325500816225003,36837,residential_rate,0,effective_residential_rate,0,< 0.08,L1_BOUNDS
A3325500817225003,36839,residential_rate,0,effective_residential_rate,0,< 0.08,L1_BOUNDS
A3325500916225003,36849,residential_rate,0,effective_residential_rate,0,< 0.08,L1_BOUNDS
A3325500917225003,36851,residential_rate,0,effective_residential_rate,0,< 0.08,L1_BOUNDS
A3325501017225003,36863,residential_rate,0,effective_residential_rate,0,< 0.08,L1_BOUNDS
A3325501117225003,36875,residential_rate,0,effective_residential_rate,0,< 0.08,L1_BOUNDS
A3325501216225003,36886,residential_rate,0,effective_residential_rate,0,< 0.08,L1_BOUNDS
A3325600117225003,36899,residential_rate,0,effective_residential_rate,-0.29,< 0.08,L1_BOUNDS
A3325600118225003,36902,residential_rate,0,effective_residential_rate,0,< 0.08,L1_BOUNDS
A3325600120225003,36906,residential_rate,0,effective_residential_rate,-0.2816,< 0.08,L1_BOUNDS
A3325600121225003,36908,residential_rate,0,effective_residential_rate,-0.2644,< 0.08,L1_BOUNDS
A3325600122225003,36910,residential_rate,0,effective_residential_rate,-0.2797,< 0.08,L1_BOUNDS
A3325600217225003,36921,residential_rate,0,effective_residential_rate,-0.2919,< 0.08,L1_BOUNDS
A3325600218225003,36923,residential_rate,0,effective_residential_rate,-0.3026,< 0.08,L1_BOUNDS
A3325600219225003,36925,residential_rate,0,effective_residential_rate,-0.2849,< 0.08,L1_BOUNDS
A3325600220225003,36927,residential_rate,0,effective_residential_rate,-0.2807,< 0.08,L1_BOUNDS
A3325600221225003,36929,residential_rate,0,effective_residential_rate,-0.2665,< 0.08,L1_BOUNDS
A3325600222225003,36931,residential_rate,0,effective_residential_rate,-0.2797,< 0.08,L1_BOUNDS
A3325600318225003,36943,residential_rate,0,effective_residential_rate,-0.3026,< 0.08,L1_BOUNDS
A3325600319225003,36945,residential_rate,0,effective_residential_rate,-0.2849,< 0.08,L1_BOUNDS
A3325600319225003,36946,residential_rate,0,effective_residential_rate,0,< 0.08,L1_BOUNDS
A3325600320225003,36948,residential_rate,0,effective_residential_rate,-0.2803,< 0.08,L1_BOUNDS
A3325600321225003,36950,residential_rate,0,effective_residential_rate,-0.2658,< 0.08,L1_BOUNDS
A3325600322225003,36952,residential_rate,0,effective_residential_rate,-0.2797,< 0.08,L1_BOUNDS
A3325600418225003,36964,residential_rate,0,effective_residential_rate,-0.3026,< 0.08,L1_BOUNDS
A3325600419225003,36966,residential_rate,0,effective_residential_rate,-0.285,< 0.08,L1_BOUNDS
A3325600420225003,36968,residential_rate,0,effective_residential_rate,-0.2803,< 0.08,L1_BOUNDS
A3325600421225003,36970,residential_rate,0,effective_residential_rate,-0.2658,< 0.08,L1_BOUNDS
A3325600422225003,36972,residential_rate,0,effective_residential_rate,-0.2797,< 0.08,L1_BOUNDS
A3325600424225003,36976,residential_rate,0.57,effective_residential_rate,0.0735,< 0.08,L1_BOUNDS
A3325600519225003,36989,residential_rate,0,effective_residential_rate,-0.2848,< 0.08,L1_BOUNDS
A3325600519225003,36990,residential_rate,0,effective_residential_rate,0,< 0.08,L1_BOUNDS
A3325600520225003,36992,residential_rate,0,effective_residential_rate,-0.2771,< 0.08,L1_BOUNDS
A3325600521225003,36994,residential_rate,0,effective_residential_rate,-0.2658,< 0.08,L1_BOUNDS
A3325600522225003,36996,residential_rate,0,effective_residential_rate,-0.2797,< 0.08,L1_BOUNDS
A3325600525225003,37002,residential_rate,0.57,effective_residential_rate,0.0791999999999999,< 0.08,L1_BOUNDS
A3325600616225003,37008,residential_rate,0,effective_residential_rate,0,< 0.08,L1_BOUNDS
A3325600618225003,37012,residential_rate,0,effective_residential_rate,-0.3026,< 0.08,L1_BOUNDS
A3325600620225003,37016,residential_rate,0,effective_residential_rate,-0.2765,< 0.08,L1_BOUNDS
A3325600621225003,37018,residential_rate,0,effective_residential_rate,-0.2662,< 0.08,L1_BOUNDS
A3325600622225003,37020,residential_rate,0,effective_residential_rate,-0.2797,< 0.08,L1_BOUNDS
A3325600625225003,37026,residential_rate,0.57,effective_residential_rate,0.0791999999999999,< 0.08,L1_BOUNDS
A3325600718225003,37036,residential_rate,0,effective_residential_rate,0,< 0.08,L1_BOUNDS
A3325600719225003,37038,residential_rate,0,effective_residential_rate,-0.285,< 0.08,L1_BOUNDS
A3325600720225003,37040,residential_rate,0,effective_residential_rate,-0.2765,< 0.08,L1_BOUNDS
A3325600720225003,37041,residential_rate,0,effective_residential_rate,0,< 0.08,L1_BOUNDS
A3325600721225003,37043,residential_rate,0,effective_residential_rate,-0.2672,< 0.08,L1_BOUNDS
A3325600722225003,37045,residential_rate,0,effective_residential_rate,-0.3097,< 0.08,L1_BOUNDS
A3325600818225003,37059,residential_rate,0,effective_residential_rate,-0.3235,< 0.08,L1_BOUNDS
A3325600818225003,37060,residential_rate,0,effective_residential_rate,0,< 0.08,L1_BOUNDS
A3325600819225003,37062,residential_rate,0,effective_residential_rate,-0.2848,< 0.08,L1_BOUNDS
A3325600820225003,37064,residential_rate,0,effective_residential_rate,-0.2765,< 0.08,L1_BOUNDS
A3325600821225003,37066,residential_rate,0,effective_residential_rate,-0.2737,< 0.08,L1_BOUNDS
A3325600822225003,37068,residential_rate,0,effective_residential_rate,-0.3097,< 0.08,L1_BOUNDS
A3325600822225003,37069,residential_rate,0,effective_residential_rate,0,< 0.08,L1_BOUNDS
A3325600918225003,37084,residential_rate,0,effective_residential_rate,-0.3042,< 0.08,L1_BOUNDS
A3325600919225003,37086,residential_rate,0,effective_residential_rate,-0.2847,< 0.08,L1_BOUNDS
A3325600920225003,37088,residential_rate,0,effective_residential_rate,-0.2761,< 0.08,L1_BOUNDS
A3325600921225003,37090,residential_rate,0,effective_residential_rate,-0.2737,< 0.08,L1_BOUNDS
A3325601018225003,37107,residential_rate,0,effective_residential_rate,-0.2989,< 0.08,L1_BOUNDS
A3325601018225003,37108,residential_rate,0,effective_residential_rate,0,< 0.08,L1_BOUNDS
A3325601019225003,37110,residential_rate,0,effective_residential_rate,-0.2844,< 0.08,L1_BOUNDS
A3325601020225003,37112,residential_rate,0,effective_residential_rate,-0.2776,< 0.08,L1_BOUNDS
A3325601021225003,37114,residential_rate,0,effective_residential_rate,-0.2737,< 0.08,L1_BOUNDS
A3325601117225003,37129,residential_rate,0,effective_residential_rate,0,< 0.08,L1_BOUNDS
A3325601118225003,37131,residential_rate,0,effective_residential_rate,-0.2988,< 0.08,L1_BOUNDS
A3325601119225003,37133,residential_rate,0,effective_residential_rate,-0.2841,< 0.08,L1_BOUNDS
A3325601119225003,37134,residential_rate,0,effective_residential_rate,0,< 0.08,L1_BOUNDS
A3325601120225003,37136,residential_rate,0,effective_residential_rate,-0.2784,< 0.08,L1_BOUNDS
A3325601121225003,37138,residential_rate,0,effective_residential_rate,-0.2737,< 0.08,L1_BOUNDS
A3325601218225003,37154,residential_rate,0,effective_residential_rate,-0.2988,< 0.08,L1_BOUNDS
A3325601219225003,37156,residential_rate,0,effective_residential_rate,-0.2841,< 0.08,L1_BOUNDS
A3325601220225003,37158,residential_rate,0,effective_residential_rate,-0.2789,< 0.08,L1_BOUNDS
A3325700319225003,37183,residential_rate,0,effective_residential_rate,0,< 0.08,L1_BOUNDS
A3325700419225003,37188,residential_rate,0,effective_residential_rate,0,< 0.08,L1_BOUNDS
A3325800720225003,37273,residential_rate,0,effective_residential_rate,0,< 0.08,L1_BOUNDS
A3325800722225003,37276,residential_rate,0,effective_residential_rate,0,< 0.08,L1_BOUNDS
A3325800820225003,37286,residential_rate,0,effective_residential_rate,0,< 0.08,L1_BOUNDS
A3325800920225003,37298,residential_rate,0,effective_residential_rate,0,< 0.08,L1_BOUNDS
A3325801022225003,37311,residential_rate,0,effective_residential_rate,0,< 0.08,L1_BOUNDS
A3325801218225003,37330,residential_rate,0,effective_residential_rate,-0.4605,< 0.08,L1_BOUNDS
A3325801218225003,37331,residential_rate,0,effective_residential_rate,0,< 0.08,L1_BOUNDS
A3325900822225003,37419,residential_rate,0,effective_residential_rate,0,< 0.08,L1_BOUNDS
A3325900919225003,37428,residential_rate,0,effective_residential_rate,0,< 0.08,L1_BOUNDS
A3325901022225003,37444,residential_rate,0,effective_residential_rate,0,< 0.08,L1_BOUNDS
A3325901122225003,37456,residential_rate,0,effective_residential_rate,0,< 0.08,L1_BOUNDS
A3325901219225003,37465,residential_rate,0,effective_residential_rate,0,< 0.08,L1_BOUNDS
A3326000122225003,37479,residential_rate,0,effective_residential_rate,0,< 0.08,L1_BOUNDS
A3326000223225003,37492,residential_rate,0,effective_residential_rate,0,< 0.08,L1_BOUNDS
A3326000816225003,37550,residential_rate,0,effective_residential_rate,0,< 0.08,L1_BOUNDS
A3326001118225003,37586,residential_rate,0,effective_residential_rate,0,< 0.08,L1_BOUNDS
A3326001220225003,37600,residential_rate,0,effective_residential_rate,0,< 0.08,L1_BOUNDS
A3326100122225003,37614,residential_rate,0,effective_residential_rate,0,< 0.08,L1_BOUNDS
A3326100219225003,37624,residential_rate,0,effective_residential_rate,0,< 0.08,L1_BOUNDS
A3326100222225003,37628,residential_rate,0,effective_residential_rate,0,< 0.08,L1_BOUNDS
A3326100420225003,37647,residential_rate,0,effective_residential_rate,-0.5461,< 0.08,L1_BOUNDS
A3326100618225003,37669,residential_rate,0,effective_residential_rate,0,< 0.08,L1_BOUNDS
A3326100718225003,37683,residential_rate,0,effective_residential_rate,0,< 0.08,L1_BOUNDS
A3326100720225003,37686,residential_rate,0,effective_residential_rate,0,< 0.08,L1_BOUNDS
A3326101021225003,37727,residential_rate,0,effective_residential_rate,0,< 0.08,L1_BOUNDS
A3326101121225003,37740,residential_rate,0,effective_residential_rate,0,< 0.08,L1_BOUNDS
A3326101221225003,37753,residential_rate,0,effective_residential_rate,0,< 0.08,L1_BOUNDS
A3326300619225003,37817,residential_rate,0,effective_residential_rate,0,< 0.08,L1_BOUNDS
A3326300622225003,37821,residential_rate,0,effective_residential_rate,0,< 0.08,L1_BOUNDS
A3326500516225003,37939,residential_rate,0,effective_residential_rate,0,< 0.08,L1_BOUNDS
A3326500616225003,37951,residential_rate,0,effective_residential_rate,0,< 0.08,L1_BOUNDS
A3326600516225003,38065,residential_rate,0,effective_residential_rate,0,< 0.08,L1_BOUNDS
A3326600616225003,38074,residential_rate,0,effective_residential_rate,0,< 0.08,L1_BOUNDS
A3326700516225003,38172,residential_rate,0,effective_residential_rate,0,< 0.08,L1_BOUNDS
A3326700517225003,38174,residential_rate,0,effective_residential_rate,0,< 0.08,L1_BOUNDS
A3326700616225003,38185,residential_rate,0,effective_residential_rate,0,< 0.08,L1_BOUNDS
A3326701117225003,38245,residential_rate,0,effective_residential_rate,0,< 0.08,L1_BOUNDS
A3326800516225003,38312,residential_rate,0,effective_residential_rate,0,< 0.08,L1_BOUNDS
A3326800616225003,38324,residential_rate,0,effective_residential_rate,0,< 0.08,L1_BOUNDS
A3327000516225003,38483,residential_rate,0,effective_residential_rate,0,< 0.08,L1_BOUNDS
A3327000616225003,38492,residential_rate,0,effective_residential_rate,0,< 0.08,L1_BOUNDS
A3327100219225003,38556,residential_rate,0,effective_residential_rate,0,< 0.08,L1_BOUNDS
A3327100319225003,38565,residential_rate,0,effective_residential_rate,0,< 0.08,L1_BOUNDS
A3327100619225003,38590,residential_rate,0,effective_residential_rate,0,< 0.08,L1_BOUNDS
A3327100719225003,38599,residential_rate,0,effective_residential_rate,0,< 0.08,L1_BOUNDS
A3327100816225003,38605,residential_rate,0,effective_residential_rate,0,< 0.08,L1_BOUNDS
A3327100819225003,38609,residential_rate,0,effective_residential_rate,0,< 0.08,L1_BOUNDS
A3327100919225003,38618,residential_rate,0,effective_residential_rate,0,< 0.08,L1_BOUNDS
A3327101017225003,38625,residential_rate,0,effective_residential_rate,0,< 0.08,L1_BOUNDS
A3327101018225003,38627,residential_rate,0,effective_residential_rate,0,< 0.08,L1_BOUNDS
A3327101019225003,38629,residential_rate,0,effective_residential_rate,0,< 0.08,L1_BOUNDS
A3327101118225003,38638,residential_rate,0,effective_residential_rate,0,< 0.08,L1_BOUNDS
A3327101119225003,38640,residential_rate,0,effective_residential_rate,0,< 0.08,L1_BOUNDS
A3327101219225003,38647,residential_rate,0,effective_residential_rate,0,< 0.08,L1_BOUNDS
A3327300125225003,38786,residential_rate,0,effective_residential_rate,0,< 0.08,L1_BOUNDS
A3327300324225003,38807,residential_rate,0.619,effective_residential_rate,-0.7202,< 0.08,L1_BOUNDS
A3327300324225003,38808,residential_rate,0.619,effective_residential_rate,-0.6816,< 0.08,L1_BOUNDS
A3327300325225003,38811,residential_rate,0,effective_residential_rate,0,< 0.08,L1_BOUNDS
A3327300526225003,38840,residential_rate,0,effective_residential_rate,0,< 0.08,L1_BOUNDS
A3327300926225003,38893,residential_rate,0,effective_residential_rate,0,< 0.08,L1_BOUNDS
A3327301026225003,38907,residential_rate,0,effective_residential_rate,0,< 0.08,L1_BOUNDS
A3327301126225003,38920,residential_rate,0,effective_residential_rate,0,< 0.08,L1_BOUNDS
A3327400122225003,38937,residential_rate,0,effective_residential_rate,0,< 0.08,L1_BOUNDS
A3327400125225003,38941,residential_rate,0,effective_residential_rate,0,< 0.08,L1_BOUNDS
A3327400222225003,38950,residential_rate,0,effective_residential_rate,0,< 0.08,L1_BOUNDS
A3327400322225003,38961,residential_rate,0,effective_residential_rate,0,< 0.08,L1_BOUNDS
A3327400422225003,38972,residential_rate,0,effective_residential_rate,0,< 0.08,L1_BOUNDS
A3327400522225003,38983,residential_rate,0,effective_residential_rate,0,< 0.08,L1_BOUNDS
A3327400622225003,38995,residential_rate,0,effective_residential_rate,0,< 0.08,L1_BOUNDS
A3327400722225003,39007,residential_rate,0,effective_residential_rate,0,< 0.08,L1_BOUNDS
A3327400822225003,39019,residential_rate,0,effective_residential_rate,0,< 0.08,L1_BOUNDS
A3328500223225003,39084,residential_rate,0,effective_residential_rate,0,< 0.08,L1_BOUNDS
A3328500323225003,39095,residential_rate,0,effective_residential_rate,-0.2323,< 0.08,L1_BOUNDS
A3328500323225003,39096,residential_rate,0,effective_residential_rate,0,< 0.08,L1_BOUNDS
A3328500518225003,39112,residential_rate,0,effective_residential_rate,0,< 0.08,L1_BOUNDS
A3328500519225003,39114,residential_rate,0,effective_residential_rate,0,< 0.08,L1_BOUNDS
A3328500616225003,39124,residential_rate,0,effective_residential_rate,0,< 0.08,L1_BOUNDS
A3328500620225003,39129,residential_rate,0,effective_residential_rate,0,< 0.08,L1_BOUNDS
A3328500623225003,39133,residential_rate,0,effective_residential_rate,0,< 0.08,L1_BOUNDS
A3328500821225003,39154,residential_rate,0,effective_residential_rate,0,< 0.08,L1_BOUNDS
A3328600117225003,39208,residential_rate,0,effective_residential_rate,0,< 0.08,L1_BOUNDS
A3328600216225003,39229,residential_rate,0,effective_residential_rate,0,< 0.08,L1_BOUNDS
A3328600217225003,39231,residential_rate,0,effective_residential_rate,0,< 0.08,L1_BOUNDS
A3328600219225003,39234,residential_rate,0,effective_residential_rate,0,< 0.08,L1_BOUNDS
A3328600221225003,39237,residential_rate,0,effective_residential_rate,0,< 0.08,L1_BOUNDS
A3328600226225003,39252,residential_rate,0,effective_residential_rate,0,< 0.08,L1_BOUNDS
A3328600316225003,39254,residential_rate,0,effective_residential_rate,0,< 0.08,L1_BOUNDS
A3328600317225003,39256,residential_rate,0,effective_residential_rate,0,< 0.08,L1_BOUNDS
A3328600321225003,39261,residential_rate,0,effective_residential_rate,0,< 0.08,L1_BOUNDS
A3328600416225003,39278,residential_rate,0,effective_residential_rate,0,< 0.08,L1_BOUNDS
A3328600417225003,39280,residential_rate,0,effective_residential_rate,0,< 0.08,L1_BOUNDS
A3328600421225003,39285,residential_rate,0,effective_residential_rate,0,< 0.08,L1_BOUNDS
A3328600516225003,39302,residential_rate,0,effective_residential_rate,0,< 0.08,L1_BOUNDS
A3328600517225003,39304,residential_rate,0,effective_residential_rate,0,< 0.08,L1_BOUNDS
A3328600518225003,39306,residential_rate,0,effective_residential_rate,0,< 0.08,L1_BOUNDS
A3328600522225003,39312,residential_rate,0,effective_residential_rate,0,< 0.08,L1_BOUNDS
A3328600525225003,39321,residential_rate,0,effective_residential_rate,0,< 0.08,L1_BOUNDS
A3328600526225003,39327,residential_rate,0,effective_residential_rate,0,< 0.08,L1_BOUNDS
A3328600616225003,39329,residential_rate,0,effective_residential_rate,0,< 0.08,L1_BOUNDS
A3328600617225003,39331,residential_rate,0,effective_residential_rate,0,< 0.08,L1_BOUNDS
A3328600622225003,39340,residential_rate,0,effective_residential_rate,0,< 0.08,L1_BOUNDS
A3328600622225003,39341,residential_rate,0,effective_residential_rate,0,< 0.08,L1_BOUNDS
A3328600716225003,39355,residential_rate,0,effective_residential_rate,0,< 0.08,L1_BOUNDS
A3328600717225003,39357,residential_rate,0,effective_residential_rate,0,< 0.08,L1_BOUNDS
A3328600721225003,39362,residential_rate,0,effective_residential_rate,0,< 0.08,L1_BOUNDS
A3328600722225003,39364,residential_rate,0,effective_residential_rate,0,< 0.08,L1_BOUNDS
A3328600724225003,39371,residential_rate,0,effective_residential_rate,0,< 0.08,L1_BOUNDS
A3328600725225003,39373,residential_rate,0,effective_residential_rate,0,< 0.08,L1_BOUNDS
A3328600816225003,39379,residential_rate,0,effective_residential_rate,0,< 0.08,L1_BOUNDS
A3328600817225003,39381,residential_rate,0,effective_residential_rate,0,< 0.08,L1_BOUNDS
A3328600822225003,39388,residential_rate,0,effective_residential_rate,0,< 0.08,L1_BOUNDS
A3328600919225003,39405,residential_rate,0,effective_residential_rate,0,< 0.08,L1_BOUNDS
A3328600921225003,39408,residential_rate,0,effective_residential_rate,0,< 0.08,L1_BOUNDS
A3328600922225003,39410,residential_rate,0,effective_residential_rate,0,< 0.08,L1_BOUNDS
A3328601016225003,39424,residential_rate,0,effective_residential_rate,0,< 0.08,L1_BOUNDS
A3328601024225003,39440,residential_rate,0,effective_residential_rate,0,< 0.08,L1_BOUNDS
A3328601025225003,39445,residential_rate,0,effective_residential_rate,0,< 0.08,L1_BOUNDS
A3328601026225003,39450,residential_rate,0,effective_residential_rate,0,< 0.08,L1_BOUNDS
A3328601116225003,39452,residential_rate,0,effective_residential_rate,0,< 0.08,L1_BOUNDS
A3328601119225003,39456,residential_rate,0,effective_residential_rate,0,< 0.08,L1_BOUNDS
A3328601216225003,39477,residential_rate,0,effective_residential_rate,0,< 0.08,L1_BOUNDS
A3328601218225003,39480,residential_rate,0,effective_residential_rate,0,< 0.08,L1_BOUNDS
A3328601220225003,39483,residential_rate,0,effective_residential_rate,0,< 0.08,L1_BOUNDS
A3328601224225003,39490,residential_rate,0,effective_residential_rate,0,< 0.08,L1_BOUNDS
A3328700123225003,39506,residential_rate,0,effective_residential_rate,0,< 0.08,L1_BOUNDS
A3328700517225003,39541,residential_rate,0,effective_residential_rate,0,< 0.08,L1_BOUNDS
A3328700521225003,39546,residential_rate,0,effective_residential_rate,0,< 0.08,L1_BOUNDS
A3328700616225003,39554,residential_rate,0,effective_residential_rate,0,< 0.08,L1_BOUNDS
A3328701023225003,39604,residential_rate,0,effective_residential_rate,0,< 0.08,L1_BOUNDS
A3328800122225003,39635,residential_rate,0,effective_residential_rate,0,< 0.08,L1_BOUNDS
A3328800219225003,39644,residential_rate,0,effective_residential_rate,0,< 0.08,L1_BOUNDS
A3328800222225003,39648,residential_rate,0,effective_residential_rate,0,< 0.08,L1_BOUNDS
A3328800419225003,39666,residential_rate,0,effective_residential_rate,0,< 0.08,L1_BOUNDS
A3328800520225003,39677,residential_rate,0,effective_residential_rate,0,< 0.08,L1_BOUNDS
A3328900726225003,39841,residential_rate,0,effective_residential_rate,0,< 0.08,L1_BOUNDS
A3328900918225003,39855,residential_rate,0,effective_residential_rate,0,< 0.08,L1_BOUNDS
A3328901219225003,39890,residential_rate,0,effective_residential_rate,0,< 0.08,L1_BOUNDS
A3328901220225003,39892,residential_rate,0,effective_residential_rate,0,< 0.08,L1_BOUNDS
A3329000120225003,39911,residential_rate,0,effective_residential_rate,0,< 0.08,L1_BOUNDS
A3329000125225003,39925,residential_rate,0,effective_residential_rate,0,< 0.08,L1_BOUNDS
A3329000217225003,39931,residential_rate,0,effective_residential_rate,0,< 0.08,L1_BOUNDS
A3329000226225003,39956,residential_rate,0,effective_residential_rate,0,< 0.08,L1_BOUNDS
A3329000317225003,39960,residential_rate,0,effective_residential_rate,0,< 0.08,L1_BOUNDS
A3329000321225003,39973,residential_rate,0,effective_residential_rate,0,< 0.08,L1_BOUNDS
A3329000325225003,39984,residential_rate,0,effective_residential_rate,0,< 0.08,L1_BOUNDS
A3329000416225003,39989,residential_rate,0,effective_residential_rate,0,< 0.08,L1_BOUNDS
A3329000416225003,39990,residential_rate,0,effective_residential_rate,0,< 0.08,L1_BOUNDS
A3329000417225003,39994,residential_rate,0,effective_residential_rate,0,< 0.08,L1_BOUNDS
A3329000516225003,40022,residential_rate,0,effective_residential_rate,0,< 0.08,L1_BOUNDS
A3329000521225003,40038,residential_rate,0,effective_residential_rate,0,< 0.08,L1_BOUNDS
A3329000616225003,40053,residential_rate,0,effective_residential_rate,0,< 0.08,L1_BOUNDS
A3329000617225003,40057,residential_rate,0,effective_residential_rate,0,< 0.08,L1_BOUNDS
A3329000716225003,40086,residential_rate,0,effective_residential_rate,0,< 0.08,L1_BOUNDS
A3329000717225003,40090,residential_rate,0,effective_residential_rate,0,< 0.08,L1_BOUNDS
A3329000723225003,40108,residential_rate,0,effective_residential_rate,0,< 0.08,L1_BOUNDS
A3329000724225003,40109,residential_rate,0.5521,effective_residential_rate,0.0389,< 0.08,L1_BOUNDS
A3329000724225003,40110,residential_rate,0.5521,effective_residential_rate,0.0795,< 0.08,L1_BOUNDS
A3329000726225003,40115,residential_rate,0,effective_residential_rate,0,< 0.08,L1_BOUNDS
A3329000816225003,40120,residential_rate,0,effective_residential_rate,0,< 0.08,L1_BOUNDS
A3329000817225003,40124,residential_rate,0,effective_residential_rate,0,< 0.08,L1_BOUNDS
A3329000825225003,40147,residential_rate,0,effective_residential_rate,0,< 0.08,L1_BOUNDS
A3329000916225003,40154,residential_rate,0,effective_residential_rate,0,< 0.08,L1_BOUNDS
A3329000917225003,40158,residential_rate,0,effective_residential_rate,0,< 0.08,L1_BOUNDS
A3329000924225003,40179,residential_rate,0,effective_residential_rate,0,< 0.08,L1_BOUNDS
A3329001016225003,40187,residential_rate,0,effective_residential_rate,0,< 0.08,L1_BOUNDS
A3329001017225003,40191,residential_rate,0,effective_residential_rate,0,< 0.08,L1_BOUNDS
A3329001026225003,40216,residential_rate,0,effective_residential_rate,0,< 0.08,L1_BOUNDS
A3329001116225003,40221,residential_rate,0,effective_residential_rate,0,< 0.08,L1_BOUNDS
A3329001117225003,40225,residential_rate,0,effective_residential_rate,0,< 0.08,L1_BOUNDS
A3329001216225003,40254,residential_rate,0,effective_residential_rate,0,< 0.08,L1_BOUNDS
A3317800126225003,22861,residential_rate,99.99,effective_residential_rate,99.5292,> 2.5,L1_BOUNDS
A3318800626225003,24490,residential_rate,9.999,effective_residential_rate,9.4961,> 2.5,L1_BOUNDS
A3318800626225003,24491,residential_rate,9.999,effective_residential_rate,9.999,> 2.5,L1_BOUNDS
A3318800726225003,24502,residential_rate,9.999,effective_residential_rate,9.4961,> 2.5,L1_BOUNDS
A3318800726225003,24503,residential_rate,9.999,effective_residential_rate,9.999,> 2.5,L1_BOUNDS
A3318800826225003,24514,residential_rate,9.9999,effective_residential_rate,9.497,> 2.5,L1_BOUNDS
A3318800826225003,24515,residential_rate,9.9999,effective_residential_rate,9.9999,> 2.5,L1_BOUNDS
A3318800926225003,24526,residential_rate,9.9999,effective_residential_rate,9.497,> 2.5,L1_BOUNDS
A3318800926225003,24527,residential_rate,9.9999,effective_residential_rate,9.9999,> 2.5,L1_BOUNDS
A3318801026225003,24538,residential_rate,9.9999,effective_residential_rate,9.497,> 2.5,L1_BOUNDS
A3318801026225003,24539,residential_rate,9.9999,effective_residential_rate,9.9999,> 2.5,L1_BOUNDS
A3318801126225003,24551,residential_rate,9.9999,effective_residential_rate,9.497,> 2.5,L1_BOUNDS
A3318801126225003,24552,residential_rate,9.9999,effective_residential_rate,9.9999,> 2.5,L1_BOUNDS
A3320400826225003,27373,residential_rate,90.9,effective_residential_rate,90.1881,> 2.5,L1_BOUNDS
A3320400826225003,27374,residential_rate,90.9,effective_residential_rate,90.4071,> 2.5,L1_BOUNDS
A3320600127225003,27690,residential_rate,99.99,effective_residential_rate,99.4811,> 2.5,L1_BOUNDS
A3320600127225003,27691,residential_rate,99.99,effective_residential_rate,99.4741,> 2.5,L1_BOUNDS
A3321000125225003,28384,residential_rate,99,effective_residential_rate,99,> 2.5,L1_BOUNDS
A3321500126225003,29329,residential_rate,99.99,effective_residential_rate,99.5692,> 2.5,L1_BOUNDS
A3321500126225003,29330,residential_rate,99.99,effective_residential_rate,99.4392,> 2.5,L1_BOUNDS
A3322100726225003,30219,residential_rate,3966,effective_residential_rate,3965.6597,> 2.5,L1_BOUNDS
A3323000127225003,31508,residential_rate,11242.16,effective_residential_rate,11241.7934,> 2.5,L1_BOUNDS
A3323700321225003,33118,residential_rate,3.6313,effective_residential_rate,3.6313,> 2.5,L1_BOUNDS
A3324400826225003,35439,residential_rate,5.73,effective_residential_rate,5.4087,> 2.5,L1_BOUNDS
A3324400826225003,35440,residential_rate,5.73,effective_residential_rate,5.38,> 2.5,L1_BOUNDS
A3324400826225003,35441,residential_rate,5.73,effective_residential_rate,5.73,> 2.5,L1_BOUNDS
A3324401223225003,35505,residential_rate,9.99,effective_residential_rate,9.8006,> 2.5,L1_BOUNDS
A3324401223225003,35506,residential_rate,9.99,effective_residential_rate,9.7406,> 2.5,L1_BOUNDS
A3324401223225003,35507,residential_rate,9.99,effective_residential_rate,9.99,> 2.5,L1_BOUNDS
A3325001223225003,36071,residential_rate,9.99,effective_residential_rate,9.5348,> 2.5,L1_BOUNDS
A3325001223225003,36072,residential_rate,9.99,effective_residential_rate,9.99,> 2.5,L1_BOUNDS
A3325601023225003,37117,residential_rate,57,effective_residential_rate,56.6258,> 2.5,L1_BOUNDS
A3325601023225003,37118,residential_rate,57,effective_residential_rate,56.5558,> 2.5,L1_BOUNDS
A3327100126225003,38552,residential_rate,99.99,effective_residential_rate,99.4392,> 2.5,L1_BOUNDS
A3328600226225003,39248,residential_rate,99.99,effective_residential_rate,99.7377,> 2.5,L1_BOUNDS
A3328600226225003,39249,residential_rate,99.99,effective_residential_rate,99.7393,> 2.5,L1_BOUNDS
A3328600226225003,39250,residential_rate,99.99,effective_residential_rate,99.7377,> 2.5,L1_BOUNDS
A3328600226225003,39251,residential_rate,99.99,effective_residential_rate,99.99,> 2.5,L1_BOUNDS
