file,identifier,row_index,target_column,target_value_scrubbed,eval_column,eval_value_observed,rule_broken
l0_pce_rate_line_2026-06.csv,A3311100116225003,12,residential_rate,0,effective_residential_rate,0,< 0.08
l0_pce_rate_line_2026-06.csv,A3311200116225003,14,residential_rate,0,effective_residential_rate,0,< 0.08
l0_pce_rate_line_2026-06.csv,A3310900116225003,164,residential_rate,0,effective_residential_rate,0,< 0.08
l0_pce_rate_line_2026-06.csv,A3311200216225003,166,residential_rate,0,effective_residential_rate,0,< 0.08
l0_pce_rate_line_2026-06.csv,A3318000216225003,203,residential_rate,0,effective_residential_rate,0,< 0.08
l0_pce_rate_line_2026-06.csv,A3316000216225003,300,residential_rate,0,effective_residential_rate,0,< 0.08
l0_pce_rate_line_2026-06.csv,A3316000216225003,301,residential_rate,0,effective_residential_rate,0,< 0.08
l0_pce_rate_line_2026-06.csv,A3318200416225003,358,residential_rate,0,effective_residential_rate,0,< 0.08
l0_pce_rate_line_2026-06.csv,A3318000316225003,372,residential_rate,0,effective_residential_rate,0,< 0.08
l0_pce_rate_line_2026-06.csv,A3316000316225003,469,residential_rate,0,effective_residential_rate,0,< 0.08
l0_pce_rate_line_2026-06.csv,A3326500516225003,517,residential_rate,0,effective_residential_rate,0,< 0.08
l0_pce_rate_line_2026-06.csv,A3326600516225003,520,residential_rate,0,effective_residential_rate,0,< 0.08
l0_pce_rate_line_2026-06.csv,A3326700516225003,523,residential_rate,0,effective_residential_rate,0,< 0.08
l0_pce_rate_line_2026-06.csv,A3326800516225003,526,residential_rate,0,effective_residential_rate,0,< 0.08
l0_pce_rate_line_2026-06.csv,A3327000516225003,529,residential_rate,0,effective_residential_rate,0,< 0.08
l0_pce_rate_line_2026-06.csv,A3320500416225003,532,residential_rate,0,effective_residential_rate,0,< 0.08
l0_pce_rate_line_2026-06.csv,A3318000416225003,545,residential_rate,0,effective_residential_rate,0,< 0.08
l0_pce_rate_line_2026-06.csv,A3316000416225003,642,residential_rate,0,effective_residential_rate,0,< 0.08
l0_pce_rate_line_2026-06.csv,A3325500416225003,680,residential_rate,0,effective_residential_rate,0,< 0.08
l0_pce_rate_line_2026-06.csv,A3320200516225003,683,residential_rate,0,effective_residential_rate,0,< 0.08
l0_pce_rate_line_2026-06.csv,A3320200516225003,684,residential_rate,0,effective_residential_rate,0,< 0.08
l0_pce_rate_line_2026-06.csv,A3320500516225003,687,residential_rate,0,effective_residential_rate,0,< 0.08
l0_pce_rate_line_2026-06.csv,A3323500216225003,690,residential_rate,0.15,effective_residential_rate,0.00819999999999999,< 0.08
l0_pce_rate_line_2026-06.csv,A3323600216225003,694,residential_rate,0,effective_residential_rate,0,< 0.08
l0_pce_rate_line_2026-06.csv,A3323700216225003,697,residential_rate,0.1902,effective_residential_rate,0.0484,< 0.08
l0_pce_rate_line_2026-06.csv,A3323800216225003,699,residential_rate,0.08,effective_residential_rate,0.0382,< 0.08
l0_pce_rate_line_2026-06.csv,A3323800216225003,700,residential_rate,0.08,effective_residential_rate,-0.0618,< 0.08
l0_pce_rate_line_2026-06.csv,A3323800216225003,701,residential_rate,0,effective_residential_rate,0,< 0.08
l0_pce_rate_line_2026-06.csv,A3323900216225003,704,residential_rate,0,effective_residential_rate,-0.1418,< 0.08
l0_pce_rate_line_2026-06.csv,A3324000216225003,707,residential_rate,0.15,effective_residential_rate,0.00819999999999999,< 0.08
l0_pce_rate_line_2026-06.csv,A3324100216225003,710,residential_rate,0.1786,effective_residential_rate,0.0368,< 0.08
l0_pce_rate_line_2026-06.csv,A3319000516225003,714,residential_rate,0,effective_residential_rate,0,< 0.08
l0_pce_rate_line_2026-06.csv,A3310900516225003,717,residential_rate,0,effective_residential_rate,0,< 0.08
l0_pce_rate_line_2026-06.csv,A3311200516225003,719,residential_rate,0,effective_residential_rate,0,< 0.08
l0_pce_rate_line_2026-06.csv,A3311500516225003,721,residential_rate,0,effective_residential_rate,0,< 0.08
l0_pce_rate_line_2026-06.csv,A3311900516225003,724,residential_rate,0,effective_residential_rate,0,< 0.08
l0_pce_rate_line_2026-06.csv,A3310700516225003,733,residential_rate,0,effective_residential_rate,0,< 0.08
l0_pce_rate_line_2026-06.csv,A3311100516225003,735,residential_rate,0,effective_residential_rate,0,< 0.08
l0_pce_rate_line_2026-06.csv,A3312000516225003,740,residential_rate,0,effective_residential_rate,0,< 0.08
l0_pce_rate_line_2026-06.csv,A3312200516225003,742,residential_rate,0,effective_residential_rate,0,< 0.08
l0_pce_rate_line_2026-06.csv,A3320000416225003,750,residential_rate,0.4,effective_residential_rate,0.0733,< 0.08
l0_pce_rate_line_2026-06.csv,A3320000416225003,751,residential_rate,0,effective_residential_rate,0,< 0.08
l0_pce_rate_line_2026-06.csv,A3323500316225003,756,residential_rate,0.15,effective_residential_rate,0.00819999999999999,< 0.08
l0_pce_rate_line_2026-06.csv,A3323500416225003,759,residential_rate,0.15,effective_residential_rate,0.00819999999999999,< 0.08
l0_pce_rate_line_2026-06.csv,A3323600316225003,762,residential_rate,0.15,effective_residential_rate,0.00819999999999999,< 0.08
l0_pce_rate_line_2026-06.csv,A3323600416225003,765,residential_rate,0.15,effective_residential_rate,0.00819999999999999,< 0.08
l0_pce_rate_line_2026-06.csv,A3323700316225003,768,residential_rate,0.15,effective_residential_rate,0.00819999999999999,< 0.08
l0_pce_rate_line_2026-06.csv,A3323700416225003,771,residential_rate,0.15,effective_residential_rate,0.00819999999999999,< 0.08
l0_pce_rate_line_2026-06.csv,A3323700416225003,772,residential_rate,0,effective_residential_rate,0,< 0.08
l0_pce_rate_line_2026-06.csv,A3323800316225003,774,residential_rate,0.08,effective_residential_rate,0.0382,< 0.08
l0_pce_rate_line_2026-06.csv,A3323800316225003,775,residential_rate,0.08,effective_residential_rate,-0.0618,< 0.08
l0_pce_rate_line_2026-06.csv,A3323800416225003,777,residential_rate,0.08,effective_residential_rate,0.0382,< 0.08
l0_pce_rate_line_2026-06.csv,A3323800416225003,778,residential_rate,0.08,effective_residential_rate,-0.0618,< 0.08
l0_pce_rate_line_2026-06.csv,A3323900316225003,781,residential_rate,0.15,effective_residential_rate,0.00819999999999999,< 0.08
l0_pce_rate_line_2026-06.csv,A3323900416225003,784,residential_rate,0.15,effective_residential_rate,0.00819999999999999,< 0.08
l0_pce_rate_line_2026-06.csv,A3324000316225003,787,residential_rate,0.15,effective_residential_rate,0.00819999999999999,< 0.08
l0_pce_rate_line_2026-06.csv,A3324000416225003,790,residential_rate,0.15,effective_residential_rate,0.00819999999999999,< 0.08
l0_pce_rate_line_2026-06.csv,A3324100316225003,793,residential_rate,0.15,effective_residential_rate,0.00819999999999999,< 0.08
l0_pce_rate_line_2026-06.csv,A3324100416225003,796,residential_rate,0.15,effective_residential_rate,0.00819999999999999,< 0.08
l0_pce_rate_line_2026-06.csv,A3324100416225003,797,residential_rate,0,effective_residential_rate,0,< 0.08
l0_pce_rate_line_2026-06.csv,A3319700616225003,827,residential_rate,0,effective_residential_rate,0,< 0.08
l0_pce_rate_line_2026-06.csv,A3325500516225003,833,residential_rate,0,effective_residential_rate,0,< 0.08
l0_pce_rate_line_2026-06.csv,A3325500616225003,835,residential_rate,0,effective_residential_rate,0,< 0.08
l0_pce_rate_line_2026-06.csv,A3328700616225003,841,residential_rate,0,effective_residential_rate,0,< 0.08
l0_pce_rate_line_2026-06.csv,A3320100516225003,854,residential_rate,0,effective_residential_rate,0,< 0.08
l0_pce_rate_line_2026-06.csv,A3317900616225003,857,residential_rate,0,effective_residential_rate,0,< 0.08
l0_pce_rate_line_2026-06.csv,A3322200616225003,868,residential_rate,0,effective_residential_rate,0,< 0.08
l0_pce_rate_line_2026-06.csv,A3312200616225003,882,residential_rate,0,effective_residential_rate,0,< 0.08
l0_pce_rate_line_2026-06.csv,A3320200616225003,888,residential_rate,0,effective_residential_rate,0,< 0.08
l0_pce_rate_line_2026-06.csv,A3322900616225003,890,residential_rate,0,effective_residential_rate,0,< 0.08
l0_pce_rate_line_2026-06.csv,A3326500616225003,899,residential_rate,0,effective_residential_rate,0,< 0.08
l0_pce_rate_line_2026-06.csv,A3326600616225003,901,residential_rate,0,effective_residential_rate,0,< 0.08
l0_pce_rate_line_2026-06.csv,A3326700616225003,905,residential_rate,0,effective_residential_rate,0,< 0.08
l0_pce_rate_line_2026-06.csv,A3326800616225003,907,residential_rate,0,effective_residential_rate,0,< 0.08
l0_pce_rate_line_2026-06.csv,A3327000616225003,909,residential_rate,0,effective_residential_rate,0,< 0.08
l0_pce_rate_line_2026-06.csv,A3318000516225003,946,residential_rate,0,effective_residential_rate,0,< 0.08
l0_pce_rate_line_2026-06.csv,A3320900516225003,998,residential_rate,0,effective_residential_rate,0,< 0.08
l0_pce_rate_line_2026-06.csv,A3316000516225003,1059,residential_rate,0,effective_residential_rate,0,< 0.08
l0_pce_rate_line_2026-06.csv,A3324300316225003,1103,residential_rate,0,effective_residential_rate,0,< 0.08
l0_pce_rate_line_2026-06.csv,A3324300416225003,1105,residential_rate,0,effective_residential_rate,0,< 0.08
l0_pce_rate_line_2026-06.csv,A3328600216225003,1107,residential_rate,0,effective_residential_rate,0,< 0.08
l0_pce_rate_line_2026-06.csv,A3328600316225003,1109,residential_rate,0,effective_residential_rate,0,< 0.08
l0_pce_rate_line_2026-06.csv,A3328600416225003,1111,residential_rate,0,effective_residential_rate,0,< 0.08
l0_pce_rate_line_2026-06.csv,A3328600516225003,1113,residential_rate,0,effective_residential_rate,0,< 0.08
l0_pce_rate_line_2026-06.csv,A3328600616225003,1115,residential_rate,0,effective_residential_rate,0,< 0.08
l0_pce_rate_line_2026-06.csv,A3323400616225003,1121,residential_rate,0,effective_residential_rate,0,< 0.08
l0_pce_rate_line_2026-06.csv,A3320500616225003,1134,residential_rate,0,effective_residential_rate,0,< 0.08
l0_pce_rate_line_2026-06.csv,A3320500616225003,1135,residential_rate,0,effective_residential_rate,0,< 0.08
l0_pce_rate_line_2026-06.csv,A3328500616225003,1140,residential_rate,0,effective_residential_rate,0,< 0.08
l0_pce_rate_line_2026-06.csv,A3310900616225003,1142,residential_rate,0,effective_residential_rate,0,< 0.08
l0_pce_rate_line_2026-06.csv,A3323500516225003,1163,residential_rate,0.15,effective_residential_rate,0.00819999999999999,< 0.08
l0_pce_rate_line_2026-06.csv,A3323600516225003,1166,residential_rate,0.15,effective_residential_rate,0.00819999999999999,< 0.08
l0_pce_rate_line_2026-06.csv,A3323700516225003,1169,residential_rate,0.15,effective_residential_rate,0.00819999999999999,< 0.08
l0_pce_rate_line_2026-06.csv,A3323800516225003,1171,residential_rate,0.08,effective_residential_rate,0.0382,< 0.08
l0_pce_rate_line_2026-06.csv,A3323800516225003,1172,residential_rate,0.08,effective_residential_rate,-0.0618,< 0.08
l0_pce_rate_line_2026-06.csv,A3323900516225003,1175,residential_rate,0.15,effective_residential_rate,0.00819999999999999,< 0.08
l0_pce_rate_line_2026-06.csv,A3323900516225003,1176,residential_rate,0.15,effective_residential_rate,-0.0418,< 0.08
l0_pce_rate_line_2026-06.csv,A3324000516225003,1179,residential_rate,0.15,effective_residential_rate,0.00819999999999999,< 0.08
l0_pce_rate_line_2026-06.csv,A3324100516225003,1182,residential_rate,0.15,effective_residential_rate,0.00819999999999999,< 0.08
l0_pce_rate_line_2026-06.csv,A3325500716225003,1217,residential_rate,0,effective_residential_rate,0,< 0.08
l0_pce_rate_line_2026-06.csv,A3323500616225003,1232,residential_rate,0.15,effective_residential_rate,0.00819999999999999,< 0.08
l0_pce_rate_line_2026-06.csv,A3323600616225003,1235,residential_rate,0.15,effective_residential_rate,0.00819999999999999,< 0.08
l0_pce_rate_line_2026-06.csv,A3323700616225003,1238,residential_rate,0,effective_residential_rate,0,< 0.08
l0_pce_rate_line_2026-06.csv,A3323700616225003,1239,residential_rate,0.15,effective_residential_rate,0.00819999999999999,< 0.08
l0_pce_rate_line_2026-06.csv,A3323700616225003,1240,residential_rate,0,effective_residential_rate,0,< 0.08
l0_pce_rate_line_2026-06.csv,A3323800616225003,1242,residential_rate,0.08,effective_residential_rate,0.0382,< 0.08
l0_pce_rate_line_2026-06.csv,A3323800616225003,1243,residential_rate,0.08,effective_residential_rate,-0.0618,< 0.08
l0_pce_rate_line_2026-06.csv,A3323900616225003,1246,residential_rate,0.15,effective_residential_rate,0.00819999999999999,< 0.08
l0_pce_rate_line_2026-06.csv,A3323900616225003,1247,residential_rate,0.15,effective_residential_rate,-0.0418,< 0.08
l0_pce_rate_line_2026-06.csv,A3324000616225003,1250,residential_rate,0.15,effective_residential_rate,0.00819999999999999,< 0.08
l0_pce_rate_line_2026-06.csv,A3324100616225003,1253,residential_rate,0.15,effective_residential_rate,0.00819999999999999,< 0.08
l0_pce_rate_line_2026-06.csv,A3325600616225003,1434,residential_rate,0,effective_residential_rate,0,< 0.08
l0_pce_rate_line_2026-06.csv,A3310500716225003,1441,residential_rate,0,effective_residential_rate,0,< 0.08
l0_pce_rate_line_2026-06.csv,A3311100716225003,1446,residential_rate,0,effective_residential_rate,0,< 0.08
l0_pce_rate_line_2026-06.csv,A3311600716225003,1448,residential_rate,0,effective_residential_rate,0,< 0.08
l0_pce_rate_line_2026-06.csv,A3311800716225003,1450,residential_rate,0,effective_residential_rate,0,< 0.08
l0_pce_rate_line_2026-06.csv,A3312000716225003,1453,residential_rate,0,effective_residential_rate,0,< 0.08
l0_pce_rate_line_2026-06.csv,A3312200716225003,1455,residential_rate,0,effective_residential_rate,0,< 0.08
l0_pce_rate_line_2026-06.csv,A3319200716225003,1457,residential_rate,0,effective_residential_rate,0,< 0.08
l0_pce_rate_line_2026-06.csv,A3320500716225003,1460,residential_rate,0,effective_residential_rate,0,< 0.08
l0_pce_rate_line_2026-06.csv,A3320500716225003,1461,residential_rate,0,effective_residential_rate,0,< 0.08
l0_pce_rate_line_2026-06.csv,A3323400716225003,1465,residential_rate,0,effective_residential_rate,0,< 0.08
l0_pce_rate_line_2026-06.csv,A3327100816225003,1495,residential_rate,0,effective_residential_rate,0,< 0.08
l0_pce_rate_line_2026-06.csv,A3318900716225003,1499,residential_rate,0,effective_residential_rate,0,< 0.08
l0_pce_rate_line_2026-06.csv,A3325500816225003,1511,residential_rate,0,effective_residential_rate,0,< 0.08
l0_pce_rate_line_2026-06.csv,A3317800816225003,1513,residential_rate,0,effective_residential_rate,0,< 0.08
l0_pce_rate_line_2026-06.csv,A3323500716225003,1519,residential_rate,0.15,effective_residential_rate,0.00819999999999999,< 0.08
l0_pce_rate_line_2026-06.csv,A3323600716225003,1522,residential_rate,0.15,effective_residential_rate,0.00819999999999999,< 0.08
l0_pce_rate_line_2026-06.csv,A3323700716225003,1525,residential_rate,0.15,effective_residential_rate,0.00819999999999999,< 0.08
l0_pce_rate_line_2026-06.csv,A3323800716225003,1527,residential_rate,0.08,effective_residential_rate,0.0382,< 0.08
l0_pce_rate_line_2026-06.csv,A3323800716225003,1528,residential_rate,0.08,effective_residential_rate,-0.0618,< 0.08
l0_pce_rate_line_2026-06.csv,A3323900716225003,1531,residential_rate,0.15,effective_residential_rate,0.00819999999999999,< 0.08
l0_pce_rate_line_2026-06.csv,A3323900716225003,1532,residential_rate,0.15,effective_residential_rate,-0.0418,< 0.08
l0_pce_rate_line_2026-06.csv,A3324000716225003,1535,residential_rate,0.15,effective_residential_rate,0.00819999999999999,< 0.08
l0_pce_rate_line_2026-06.csv,A3324100716225003,1538,residential_rate,0.15,effective_residential_rate,0.00819999999999999,< 0.08
l0_pce_rate_line_2026-06.csv,A3320900716225003,1620,residential_rate,0,effective_residential_rate,0,< 0.08
l0_pce_rate_line_2026-06.csv,A3316000716225003,1681,residential_rate,0,effective_residential_rate,0,< 0.08
l0_pce_rate_line_2026-06.csv,A3316100716225003,1685,residential_rate,0,effective_residential_rate,0,< 0.08
l0_pce_rate_line_2026-06.csv,A3317900816225003,1742,residential_rate,0,effective_residential_rate,0,< 0.08
l0_pce_rate_line_2026-06.csv,A3319200816225003,1744,residential_rate,0,effective_residential_rate,0,< 0.08
l0_pce_rate_line_2026-06.csv,A3319200816225003,1745,residential_rate,0,effective_residential_rate,0,< 0.08
l0_pce_rate_line_2026-06.csv,A3320500816225003,1753,residential_rate,0,effective_residential_rate,0,< 0.08
l0_pce_rate_line_2026-06.csv,A3326000816225003,1758,residential_rate,0,effective_residential_rate,0,< 0.08
l0_pce_rate_line_2026-06.csv,A3311900816225003,1763,residential_rate,0,effective_residential_rate,0,< 0.08
l0_pce_rate_line_2026-06.csv,A3310800816225003,1952,residential_rate,0,effective_residential_rate,0,< 0.08
l0_pce_rate_line_2026-06.csv,A3310900816225003,1954,residential_rate,0,effective_residential_rate,0,< 0.08
l0_pce_rate_line_2026-06.csv,A3325200816225003,1969,residential_rate,0,effective_residential_rate,0,< 0.08
l0_pce_rate_line_2026-06.csv,A3311550916225003,1982,residential_rate,0,effective_residential_rate,0,< 0.08
l0_pce_rate_line_2026-06.csv,A3317600916225003,1988,residential_rate,0,effective_residential_rate,0,< 0.08
l0_pce_rate_line_2026-06.csv,A3324400816225003,2010,residential_rate,0,effective_residential_rate,0,< 0.08
l0_pce_rate_line_2026-06.csv,A3323400916225003,2048,residential_rate,0,effective_residential_rate,0,< 0.08
l0_pce_rate_line_2026-06.csv,A3323400916225003,2049,residential_rate,0,effective_residential_rate,0,< 0.08
l0_pce_rate_line_2026-06.csv,A3323500816225003,2058,residential_rate,0.15,effective_residential_rate,0.00819999999999999,< 0.08
l0_pce_rate_line_2026-06.csv,A3323600816225003,2061,residential_rate,0.15,effective_residential_rate,0.00819999999999999,< 0.08
l0_pce_rate_line_2026-06.csv,A3323700816225003,2064,residential_rate,0,effective_residential_rate,-0.1418,< 0.08
l0_pce_rate_line_2026-06.csv,A3323700816225003,2065,residential_rate,0,effective_residential_rate,0,< 0.08
l0_pce_rate_line_2026-06.csv,A3323800816225003,2067,residential_rate,0.08,effective_residential_rate,0.0382,< 0.08
l0_pce_rate_line_2026-06.csv,A3323800816225003,2068,residential_rate,0.08,effective_residential_rate,-0.0618,< 0.08
l0_pce_rate_line_2026-06.csv,A3323900816225003,2071,residential_rate,0.15,effective_residential_rate,0.00819999999999999,< 0.08
l0_pce_rate_line_2026-06.csv,A3324000816225003,2074,residential_rate,0.15,effective_residential_rate,0.00819999999999999,< 0.08
l0_pce_rate_line_2026-06.csv,A3324100816225003,2077,residential_rate,0.15,effective_residential_rate,0.00819999999999999,< 0.08
l0_pce_rate_line_2026-06.csv,A3320500916225003,2096,residential_rate,0,effective_residential_rate,0,< 0.08
l0_pce_rate_line_2026-06.csv,A3319200916225003,2118,residential_rate,0,effective_residential_rate,0,< 0.08
l0_pce_rate_line_2026-06.csv,A3329000416225003,2133,residential_rate,0,effective_residential_rate,0,< 0.08
l0_pce_rate_line_2026-06.csv,A3329000416225003,2134,residential_rate,0,effective_residential_rate,0,< 0.08
l0_pce_rate_line_2026-06.csv,A3329000516225003,2138,residential_rate,0,effective_residential_rate,0,< 0.08
l0_pce_rate_line_2026-06.csv,A3322201016225003,2324,residential_rate,0,effective_residential_rate,0,< 0.08
l0_pce_rate_line_2026-06.csv,A3320201016225003,2342,residential_rate,0,effective_residential_rate,0,< 0.08
l0_pce_rate_line_2026-06.csv,A3320501016225003,2352,residential_rate,0,effective_residential_rate,0,< 0.08
l0_pce_rate_line_2026-06.csv,A3323401016225003,2354,residential_rate,0,effective_residential_rate,0,< 0.08
l0_pce_rate_line_2026-06.csv,A3324700916225003,2521,residential_rate,0,effective_residential_rate,0,< 0.08
l0_pce_rate_line_2026-06.csv,A3319201016225003,2525,residential_rate,0,effective_residential_rate,0,< 0.08
l0_pce_rate_line_2026-06.csv,A3324200616225003,2554,residential_rate,0,effective_residential_rate,0,< 0.08
l0_pce_rate_line_2026-06.csv,A3324301116225003,2564,residential_rate,0,effective_residential_rate,0,< 0.08
l0_pce_rate_line_2026-06.csv,A3317800916225003,2566,residential_rate,0,effective_residential_rate,0,< 0.08
l0_pce_rate_line_2026-06.csv,A3317801016225003,2568,residential_rate,0,effective_residential_rate,0,< 0.08
l0_pce_rate_line_2026-06.csv,A3319101016225003,2575,residential_rate,0,effective_residential_rate,0,< 0.08
l0_pce_rate_line_2026-06.csv,A3325500916225003,2577,residential_rate,0,effective_residential_rate,0,< 0.08
l0_pce_rate_line_2026-06.csv,A3317801116225003,2594,residential_rate,0,effective_residential_rate,0,< 0.08
l0_pce_rate_line_2026-06.csv,A3321501116225003,2610,residential_rate,0,effective_residential_rate,0,< 0.08
l0_pce_rate_line_2026-06.csv,A3322801116225003,2618,residential_rate,0,effective_residential_rate,0,< 0.08
l0_pce_rate_line_2026-06.csv,A3328600716225003,2625,residential_rate,0,effective_residential_rate,0,< 0.08
l0_pce_rate_line_2026-06.csv,A3328600816225003,2627,residential_rate,0,effective_residential_rate,0,< 0.08
l0_pce_rate_line_2026-06.csv,A3328601016225003,2630,residential_rate,0,effective_residential_rate,0,< 0.08
l0_pce_rate_line_2026-06.csv,A3328601116225003,2632,residential_rate,0,effective_residential_rate,0,< 0.08
l0_pce_rate_line_2026-06.csv,A3329000616225003,2636,residential_rate,0,effective_residential_rate,0,< 0.08
l0_pce_rate_line_2026-06.csv,A3329000716225003,2641,residential_rate,0,effective_residential_rate,0,< 0.08
l0_pce_rate_line_2026-06.csv,A3329000816225003,2646,residential_rate,0,effective_residential_rate,0,< 0.08
l0_pce_rate_line_2026-06.csv,A3329000916225003,2651,residential_rate,0,effective_residential_rate,0,< 0.08
l0_pce_rate_line_2026-06.csv,A3319201116225003,2821,residential_rate,0,effective_residential_rate,0,< 0.08
l0_pce_rate_line_2026-06.csv,A3319201116225003,2822,residential_rate,0,effective_residential_rate,0,< 0.08
l0_pce_rate_line_2026-06.csv,A3320501116225003,2827,residential_rate,0,effective_residential_rate,0,< 0.08
l0_pce_rate_line_2026-06.csv,A3323401116225003,2832,residential_rate,0,effective_residential_rate,0,< 0.08
l0_pce_rate_line_2026-06.csv,A3325201216225003,3093,residential_rate,0,effective_residential_rate,0,< 0.08
l0_pce_rate_line_2026-06.csv,A3320500116225003,3097,residential_rate,0,effective_residential_rate,0,< 0.08
l0_pce_rate_line_2026-06.csv,A3310801216225003,3105,residential_rate,0,effective_residential_rate,0,< 0.08
l0_pce_rate_line_2026-06.csv,A3310901216225003,3108,residential_rate,0,effective_residential_rate,0,< 0.08
l0_pce_rate_line_2026-06.csv,A3311401116225003,3110,residential_rate,0,effective_residential_rate,0,< 0.08
l0_pce_rate_line_2026-06.csv,A3311401216225003,3112,residential_rate,0,effective_residential_rate,0,< 0.08
l0_pce_rate_line_2026-06.csv,A3311551116225003,3116,residential_rate,0,effective_residential_rate,0,< 0.08
l0_pce_rate_line_2026-06.csv,A3311701116225003,3119,residential_rate,0,effective_residential_rate,0,< 0.08
l0_pce_rate_line_2026-06.csv,A3311701216225003,3121,residential_rate,0,effective_residential_rate,0,< 0.08
l0_pce_rate_line_2026-06.csv,A3311901116225003,3123,residential_rate,0,effective_residential_rate,0,< 0.08
l0_pce_rate_line_2026-06.csv,A3310601216225003,3131,residential_rate,0,effective_residential_rate,0,< 0.08
l0_pce_rate_line_2026-06.csv,A3310701216225003,3133,residential_rate,0,effective_residential_rate,0,< 0.08
l0_pce_rate_line_2026-06.csv,A3311101216225003,3136,residential_rate,0,effective_residential_rate,0,< 0.08
l0_pce_rate_line_2026-06.csv,A3311101216225003,3137,residential_rate,0,effective_residential_rate,0,< 0.08
l0_pce_rate_line_2026-06.csv,A3320101216225003,3139,residential_rate,0,effective_residential_rate,0,< 0.08
l0_pce_rate_line_2026-06.csv,A3311201216225003,3141,residential_rate,0,effective_residential_rate,0,< 0.08
l0_pce_rate_line_2026-06.csv,A3311601216225003,3143,residential_rate,0,effective_residential_rate,0,< 0.08
l0_pce_rate_line_2026-06.csv,A3311801216225003,3145,residential_rate,0,effective_residential_rate,0,< 0.08
l0_pce_rate_line_2026-06.csv,A3311951216225003,3147,residential_rate,0,effective_residential_rate,0,< 0.08
l0_pce_rate_line_2026-06.csv,A3312001216225003,3149,residential_rate,0,effective_residential_rate,0,< 0.08
l0_pce_rate_line_2026-06.csv,A3319801116225003,3156,residential_rate,0,effective_residential_rate,0,< 0.08
l0_pce_rate_line_2026-06.csv,A3320501216225003,3159,residential_rate,0,effective_residential_rate,0,< 0.08
l0_pce_rate_line_2026-06.csv,A3323500916225003,3173,residential_rate,0.15,effective_residential_rate,0.00819999999999999,< 0.08
l0_pce_rate_line_2026-06.csv,A3323600916225003,3176,residential_rate,0.15,effective_residential_rate,0.00819999999999999,< 0.08
l0_pce_rate_line_2026-06.csv,A3323700916225003,3179,residential_rate,0.15,effective_residential_rate,0.00819999999999999,< 0.08
l0_pce_rate_line_2026-06.csv,A3323800916225003,3181,residential_rate,0.08,effective_residential_rate,0.0382,< 0.08
l0_pce_rate_line_2026-06.csv,A3323800916225003,3182,residential_rate,0.08,effective_residential_rate,-0.0618,< 0.08
l0_pce_rate_line_2026-06.csv,A3323800916225003,3183,residential_rate,0,effective_residential_rate,0,< 0.08
l0_pce_rate_line_2026-06.csv,A3323900916225003,3186,residential_rate,0.15,effective_residential_rate,0.00819999999999999,< 0.08
l0_pce_rate_line_2026-06.csv,A3324000916225003,3189,residential_rate,0.15,effective_residential_rate,0.00819999999999999,< 0.08
l0_pce_rate_line_2026-06.csv,A3324100916225003,3192,residential_rate,0.15,effective_residential_rate,0.00819999999999999,< 0.08
l0_pce_rate_line_2026-06.csv,A3323501016225003,3195,residential_rate,0.15,effective_residential_rate,0.00819999999999999,< 0.08
l0_pce_rate_line_2026-06.csv,A3323601016225003,3198,residential_rate,0.15,effective_residential_rate,0.00819999999999999,< 0.08
l0_pce_rate_line_2026-06.csv,A3323701016225003,3201,residential_rate,0.15,effective_residential_rate,0.00819999999999999,< 0.08
l0_pce_rate_line_2026-06.csv,A3323801016225003,3203,residential_rate,0.08,effective_residential_rate,0.0382,< 0.08
l0_pce_rate_line_2026-06.csv,A3323801016225003,3204,residential_rate,0.08,effective_residential_rate,-0.0618,< 0.08
l0_pce_rate_line_2026-06.csv,A3323801016225003,3205,residential_rate,0,effective_residential_rate,0,< 0.08
l0_pce_rate_line_2026-06.csv,A3323901016225003,3208,residential_rate,0.15,effective_residential_rate,0.00819999999999999,< 0.08
l0_pce_rate_line_2026-06.csv,A3324101016225003,3213,residential_rate,0.15,effective_residential_rate,0.00819999999999999,< 0.08
l0_pce_rate_line_2026-06.csv,A3323501116225003,3216,residential_rate,0.15,effective_residential_rate,0.00819999999999999,< 0.08
l0_pce_rate_line_2026-06.csv,A3323601116225003,3219,residential_rate,0.15,effective_residential_rate,0.00819999999999999,< 0.08
l0_pce_rate_line_2026-06.csv,A3323701116225003,3222,residential_rate,0.15,effective_residential_rate,0.00819999999999999,< 0.08
l0_pce_rate_line_2026-06.csv,A3323801116225003,3224,residential_rate,0.08,effective_residential_rate,0.0382,< 0.08
l0_pce_rate_line_2026-06.csv,A3323801116225003,3225,residential_rate,0.08,effective_residential_rate,-0.0618,< 0.08
l0_pce_rate_line_2026-06.csv,A3323901116225003,3228,residential_rate,0.15,effective_residential_rate,0.00819999999999999,< 0.08
l0_pce_rate_line_2026-06.csv,A3323601216225003,3236,residential_rate,0.15,effective_residential_rate,0.00819999999999999,< 0.08
l0_pce_rate_line_2026-06.csv,A3323701216225003,3239,residential_rate,0.15,effective_residential_rate,0.00819999999999999,< 0.08
l0_pce_rate_line_2026-06.csv,A3323701216225003,3240,residential_rate,0,effective_residential_rate,0,< 0.08
l0_pce_rate_line_2026-06.csv,A3323801216225003,3242,residential_rate,0.08,effective_residential_rate,0.0382,< 0.08
l0_pce_rate_line_2026-06.csv,A3323801216225003,3243,residential_rate,0.08,effective_residential_rate,-0.0618,< 0.08
l0_pce_rate_line_2026-06.csv,A3318000117225003,3263,residential_rate,0,effective_residential_rate,0,< 0.08
l0_pce_rate_line_2026-06.csv,A3310201116225003,3597,residential_rate,0,effective_residential_rate,0,< 0.08
l0_pce_rate_line_2026-06.csv,A3319201216225003,3604,residential_rate,0,effective_residential_rate,0,< 0.08
l0_pce_rate_line_2026-06.csv,A3325501216225003,3635,residential_rate,0,effective_residential_rate,0,< 0.08
l0_pce_rate_line_2026-06.csv,A3328601216225003,3657,residential_rate,0,effective_residential_rate,0,< 0.08
l0_pce_rate_line_2026-06.csv,A3325500117225003,3735,residential_rate,0,effective_residential_rate,0,< 0.08
l0_pce_rate_line_2026-06.csv,A3325600117225003,3737,residential_rate,0,effective_residential_rate,-0.29,< 0.08
l0_pce_rate_line_2026-06.csv,A3310700117225003,3749,residential_rate,0,effective_residential_rate,0,< 0.08
l0_pce_rate_line_2026-06.csv,A3310800117225003,3751,residential_rate,0,effective_residential_rate,0,< 0.08
l0_pce_rate_line_2026-06.csv,A3320100117225003,3756,residential_rate,0,effective_residential_rate,0,< 0.08
l0_pce_rate_line_2026-06.csv,A3311400117225003,3759,residential_rate,0,effective_residential_rate,0,< 0.08
l0_pce_rate_line_2026-06.csv,A3311500117225003,3761,residential_rate,0,effective_residential_rate,0,< 0.08
l0_pce_rate_line_2026-06.csv,A3311550117225003,3763,residential_rate,0,effective_residential_rate,0,< 0.08
l0_pce_rate_line_2026-06.csv,A3311700117225003,3766,residential_rate,0,effective_residential_rate,0,< 0.08
l0_pce_rate_line_2026-06.csv,A3311800117225003,3768,residential_rate,0,effective_residential_rate,0,< 0.08
l0_pce_rate_line_2026-06.csv,A3311950117225003,3771,residential_rate,0,effective_residential_rate,0,< 0.08
l0_pce_rate_line_2026-06.csv,A3312000117225003,3773,residential_rate,0,effective_residential_rate,0,< 0.08
l0_pce_rate_line_2026-06.csv,A3312100117225003,3775,residential_rate,0,effective_residential_rate,0,< 0.08
l0_pce_rate_line_2026-06.csv,A3324200217225003,3805,residential_rate,0,effective_residential_rate,-0.0733,< 0.08
l0_pce_rate_line_2026-06.csv,A3325600217225003,3809,residential_rate,0,effective_residential_rate,-0.2919,< 0.08
l0_pce_rate_line_2026-06.csv,A3318800216225003,3820,residential_rate,0,effective_residential_rate,0,< 0.08
l0_pce_rate_line_2026-06.csv,A3319100217225003,3822,residential_rate,0,effective_residential_rate,0,< 0.08
l0_pce_rate_line_2026-06.csv,A3320100217225003,3826,residential_rate,0,effective_residential_rate,0,< 0.08
l0_pce_rate_line_2026-06.csv,A3311200217225003,3828,residential_rate,0,effective_residential_rate,0,< 0.08
l0_pce_rate_line_2026-06.csv,A3311900217225003,3830,residential_rate,0,effective_residential_rate,0,< 0.08
l0_pce_rate_line_2026-06.csv,A3320100317225003,3832,residential_rate,0,effective_residential_rate,0,< 0.08
l0_pce_rate_line_2026-06.csv,A3311200317225003,3834,residential_rate,0,effective_residential_rate,0,< 0.08
l0_pce_rate_line_2026-06.csv,A3311900317225003,3836,residential_rate,0,effective_residential_rate,0,< 0.08
l0_pce_rate_line_2026-06.csv,A3310500217225003,3838,residential_rate,0,effective_residential_rate,0,< 0.08
l0_pce_rate_line_2026-06.csv,A3310600217225003,3840,residential_rate,0,effective_residential_rate,0,< 0.08
l0_pce_rate_line_2026-06.csv,A3310700217225003,3842,residential_rate,0,effective_residential_rate,0,< 0.08
l0_pce_rate_line_2026-06.csv,A3310800217225003,3844,residential_rate,0,effective_residential_rate,0,< 0.08
l0_pce_rate_line_2026-06.csv,A3310900217225003,3846,residential_rate,0,effective_residential_rate,0,< 0.08
l0_pce_rate_line_2026-06.csv,A3311100217225003,3849,residential_rate,0,effective_residential_rate,0,< 0.08
l0_pce_rate_line_2026-06.csv,A3311400217225003,3851,residential_rate,0,effective_residential_rate,0,< 0.08
l0_pce_rate_line_2026-06.csv,A3311550217225003,3854,residential_rate,0,effective_residential_rate,0,< 0.08
l0_pce_rate_line_2026-06.csv,A3311600217225003,3856,residential_rate,0,effective_residential_rate,0,< 0.08
l0_pce_rate_line_2026-06.csv,A3311700217225003,3858,residential_rate,0,effective_residential_rate,0,< 0.08
l0_pce_rate_line_2026-06.csv,A3311800217225003,3860,residential_rate,0,effective_residential_rate,0,< 0.08
l0_pce_rate_line_2026-06.csv,A3311950217225003,3862,residential_rate,0,effective_residential_rate,0,< 0.08
l0_pce_rate_line_2026-06.csv,A3312000217225003,3864,residential_rate,0,effective_residential_rate,0,< 0.08
l0_pce_rate_line_2026-06.csv,A3312100217225003,3866,residential_rate,0,effective_residential_rate,0,< 0.08
l0_pce_rate_line_2026-06.csv,A3312200217225003,3868,residential_rate,0,effective_residential_rate,0,< 0.08
l0_pce_rate_line_2026-06.csv,A3312300217225003,3870,residential_rate,0,effective_residential_rate,0,< 0.08
l0_pce_rate_line_2026-06.csv,A3322300116225003,3872,residential_rate,0,effective_residential_rate,0,< 0.08
l0_pce_rate_line_2026-06.csv,A3322300417225003,3888,residential_rate,0,effective_residential_rate,0,< 0.08
l0_pce_rate_line_2026-06.csv,A3322400417225003,3890,residential_rate,0,effective_residential_rate,0,< 0.08
l0_pce_rate_line_2026-06.csv,A3322500417225003,3892,residential_rate,0,effective_residential_rate,0,< 0.08
l0_pce_rate_line_2026-06.csv,A3322600417225003,3894,residential_rate,0,effective_residential_rate,0,< 0.08
l0_pce_rate_line_2026-06.csv,A3322700417225003,3896,residential_rate,0,effective_residential_rate,0,< 0.08
l0_pce_rate_line_2026-06.csv,A3325500217225003,3902,residential_rate,0,effective_residential_rate,0,< 0.08
l0_pce_rate_line_2026-06.csv,A3329001016225003,3915,residential_rate,0,effective_residential_rate,0,< 0.08
l0_pce_rate_line_2026-06.csv,A3329001116225003,3920,residential_rate,0,effective_residential_rate,0,< 0.08
l0_pce_rate_line_2026-06.csv,A3329001216225003,3925,residential_rate,0,effective_residential_rate,0,< 0.08
l0_pce_rate_line_2026-06.csv,A3317600417225003,4092,residential_rate,0,effective_residential_rate,0,< 0.08
l0_pce_rate_line_2026-06.csv,A3324300217225003,4107,residential_rate,0,effective_residential_rate,0,< 0.08
l0_pce_rate_line_2026-06.csv,A3324300317225003,4109,residential_rate,0,effective_residential_rate,0,< 0.08
l0_pce_rate_line_2026-06.csv,A3324300417225003,4111,residential_rate,0,effective_residential_rate,0,< 0.08
l0_pce_rate_line_2026-06.csv,A3310500317225003,4115,residential_rate,0,effective_residential_rate,0,< 0.08
l0_pce_rate_line_2026-06.csv,A3310600317225003,4117,residential_rate,0,effective_residential_rate,0,< 0.08
l0_pce_rate_line_2026-06.csv,A3310700317225003,4119,residential_rate,0,effective_residential_rate,0,< 0.08
l0_pce_rate_line_2026-06.csv,A3310800317225003,4121,residential_rate,0,effective_residential_rate,0,< 0.08
l0_pce_rate_line_2026-06.csv,A3310900317225003,4123,residential_rate,0,effective_residential_rate,0,< 0.08
l0_pce_rate_line_2026-06.csv,A3311000317225003,4125,residential_rate,0,effective_residential_rate,0,< 0.08
l0_pce_rate_line_2026-06.csv,A3311100317225003,4127,residential_rate,0,effective_residential_rate,0,< 0.08
l0_pce_rate_line_2026-06.csv,A3311500317225003,4130,residential_rate,0,effective_residential_rate,0,< 0.08
l0_pce_rate_line_2026-06.csv,A3311550317225003,4132,residential_rate,0,effective_residential_rate,0,< 0.08
l0_pce_rate_line_2026-06.csv,A3311600317225003,4134,residential_rate,0,effective_residential_rate,0,< 0.08
l0_pce_rate_line_2026-06.csv,A3311700317225003,4136,residential_rate,0,effective_residential_rate,0,< 0.08
l0_pce_rate_line_2026-06.csv,A3311800317225003,4138,residential_rate,0,effective_residential_rate,0,< 0.08
l0_pce_rate_line_2026-06.csv,A3311950317225003,4140,residential_rate,0,effective_residential_rate,0,< 0.08
l0_pce_rate_line_2026-06.csv,A3312000317225003,4142,residential_rate,0,effective_residential_rate,0,< 0.08
l0_pce_rate_line_2026-06.csv,A3312100317225003,4144,residential_rate,0,effective_residential_rate,0,< 0.08
l0_pce_rate_line_2026-06.csv,A3312200317225003,4146,residential_rate,0,effective_residential_rate,0,< 0.08
l0_pce_rate_line_2026-06.csv,A3312200317225003,4147,residential_rate,0,effective_residential_rate,0,< 0.08
l0_pce_rate_line_2026-06.csv,A3310900417225003,4170,residential_rate,0,effective_residential_rate,0,< 0.08
l0_pce_rate_line_2026-06.csv,A3320100417225003,4172,residential_rate,0,effective_residential_rate,0,< 0.08
l0_pce_rate_line_2026-06.csv,A3311200417225003,4174,residential_rate,0,effective_residential_rate,0,< 0.08
l0_pce_rate_line_2026-06.csv,A3311400417225003,4176,residential_rate,0,effective_residential_rate,0,< 0.08
l0_pce_rate_line_2026-06.csv,A3311500417225003,4178,residential_rate,0,effective_residential_rate,0,< 0.08
l0_pce_rate_line_2026-06.csv,A3311550417225003,4180,residential_rate,0,effective_residential_rate,0,< 0.08
l0_pce_rate_line_2026-06.csv,A3311700417225003,4182,residential_rate,0,effective_residential_rate,0,< 0.08
l0_pce_rate_line_2026-06.csv,A3311900417225003,4184,residential_rate,0,effective_residential_rate,0,< 0.08
l0_pce_rate_line_2026-06.csv,A3312100417225003,4186,residential_rate,0,effective_residential_rate,0,< 0.08
l0_pce_rate_line_2026-06.csv,A3312300417225003,4188,residential_rate,0,effective_residential_rate,0,< 0.08
l0_pce_rate_line_2026-06.csv,A3329000217225003,4200,residential_rate,0,effective_residential_rate,0,< 0.08
l0_pce_rate_line_2026-06.csv,A3329000317225003,4204,residential_rate,0,effective_residential_rate,0,< 0.08
l0_pce_rate_line_2026-06.csv,A3329000417225003,4208,residential_rate,0,effective_residential_rate,0,< 0.08
l0_pce_rate_line_2026-06.csv,A3320500317225003,4376,residential_rate,0,effective_residential_rate,0,< 0.08
l0_pce_rate_line_2026-06.csv,A3320500317225003,4377,residential_rate,0,effective_residential_rate,0,< 0.08
l0_pce_rate_line_2026-06.csv,A3320500316225003,4378,residential_rate,0,effective_residential_rate,0,< 0.08
l0_pce_rate_line_2026-06.csv,A3310500417225003,4382,residential_rate,0,effective_residential_rate,0,< 0.08
l0_pce_rate_line_2026-06.csv,A3310700417225003,4385,residential_rate,0,effective_residential_rate,0,< 0.08
l0_pce_rate_line_2026-06.csv,A3311100417225003,4388,residential_rate,0,effective_residential_rate,0,< 0.08
l0_pce_rate_line_2026-06.csv,A3311600417225003,4390,residential_rate,0,effective_residential_rate,0,< 0.08
l0_pce_rate_line_2026-06.csv,A3311800417225003,4392,residential_rate,0,effective_residential_rate,0,< 0.08
l0_pce_rate_line_2026-06.csv,A3312200417225003,4396,residential_rate,0,effective_residential_rate,0,< 0.08
l0_pce_rate_line_2026-06.csv,A3310800517225003,4398,residential_rate,0,effective_residential_rate,0,< 0.08
l0_pce_rate_line_2026-06.csv,A3311400517225003,4401,residential_rate,0,effective_residential_rate,0,< 0.08
l0_pce_rate_line_2026-06.csv,A3311500517225003,4403,residential_rate,0,effective_residential_rate,0,< 0.08
l0_pce_rate_line_2026-06.csv,A3311550517225003,4405,residential_rate,0,effective_residential_rate,0,< 0.08
l0_pce_rate_line_2026-06.csv,A3311700517225003,4407,residential_rate,0,effective_residential_rate,0,< 0.08
l0_pce_rate_line_2026-06.csv,A3312100517225003,4409,residential_rate,0,effective_residential_rate,0,< 0.08
l0_pce_rate_line_2026-06.csv,A3312100517225003,4410,residential_rate,0,effective_residential_rate,0,< 0.08
l0_pce_rate_line_2026-06.csv,A3312300517225003,4412,residential_rate,0,effective_residential_rate,0,< 0.08
l0_pce_rate_line_2026-06.csv,A3310500517225003,4414,residential_rate,0,effective_residential_rate,0,< 0.08
l0_pce_rate_line_2026-06.csv,A3310600517225003,4416,residential_rate,0,effective_residential_rate,0,< 0.08
l0_pce_rate_line_2026-06.csv,A3310700517225003,4418,residential_rate,0,effective_residential_rate,0,< 0.08
l0_pce_rate_line_2026-06.csv,A3311100517225003,4421,residential_rate,0,effective_residential_rate,0,< 0.08
l0_pce_rate_line_2026-06.csv,A3320100517225003,4423,residential_rate,0,effective_residential_rate,0,< 0.08
l0_pce_rate_line_2026-06.csv,A3311200517225003,4425,residential_rate,0,effective_residential_rate,0,< 0.08
l0_pce_rate_line_2026-06.csv,A3311600517225003,4427,residential_rate,0,effective_residential_rate,0,< 0.08
l0_pce_rate_line_2026-06.csv,A3311800517225003,4429,residential_rate,0,effective_residential_rate,0,< 0.08
l0_pce_rate_line_2026-06.csv,A3311900517225003,4431,residential_rate,0,effective_residential_rate,0,< 0.08
l0_pce_rate_line_2026-06.csv,A3311950517225003,4433,residential_rate,0,effective_residential_rate,0,< 0.08
l0_pce_rate_line_2026-06.csv,A3328700517225003,4609,residential_rate,0,effective_residential_rate,0,< 0.08
l0_pce_rate_line_2026-06.csv,A3319000517225003,4620,residential_rate,0,effective_residential_rate,0,< 0.08
l0_pce_rate_line_2026-06.csv,A3320500417225003,4622,residential_rate,0,effective_residential_rate,0,< 0.08
l0_pce_rate_line_2026-06.csv,A3320500517225003,4624,residential_rate,0,effective_residential_rate,0,< 0.08
l0_pce_rate_line_2026-06.csv,A3322800317225003,4632,residential_rate,0,effective_residential_rate,0,< 0.08
l0_pce_rate_line_2026-06.csv,A3322800417225003,4636,residential_rate,0,effective_residential_rate,0,< 0.08
l0_pce_rate_line_2026-06.csv,A3326700517225003,4645,residential_rate,0,effective_residential_rate,0,< 0.08
l0_pce_rate_line_2026-06.csv,A3323400217225003,4657,residential_rate,0,effective_residential_rate,0,< 0.08
l0_pce_rate_line_2026-06.csv,A3323400317225003,4659,residential_rate,0,effective_residential_rate,0,< 0.08
l0_pce_rate_line_2026-06.csv,A3323400417225003,4661,residential_rate,0,effective_residential_rate,0,< 0.08
l0_pce_rate_line_2026-06.csv,A3323400517225003,4663,residential_rate,0,effective_residential_rate,0,< 0.08
l0_pce_rate_line_2026-06.csv,A3324200317225003,4875,residential_rate,0,effective_residential_rate,0,< 0.08
l0_pce_rate_line_2026-06.csv,A3328600217225003,4910,residential_rate,0,effective_residential_rate,0,< 0.08
l0_pce_rate_line_2026-06.csv,A3328600317225003,4912,residential_rate,0,effective_residential_rate,0,< 0.08
l0_pce_rate_line_2026-06.csv,A3328600417225003,4914,residential_rate,0,effective_residential_rate,0,< 0.08
l0_pce_rate_line_2026-06.csv,A3328600517225003,4916,residential_rate,0,effective_residential_rate,0,< 0.08
l0_pce_rate_line_2026-06.csv,A3328600617225003,4918,residential_rate,0,effective_residential_rate,0,< 0.08
l0_pce_rate_line_2026-06.csv,A3310500617225003,5137,residential_rate,0,effective_residential_rate,0,< 0.08
l0_pce_rate_line_2026-06.csv,A3310600617225003,5139,residential_rate,0,effective_residential_rate,0,< 0.08
l0_pce_rate_line_2026-06.csv,A3310700617225003,5141,residential_rate,0,effective_residential_rate,0,< 0.08
l0_pce_rate_line_2026-06.csv,A3310800617225003,5143,residential_rate,0,effective_residential_rate,0,< 0.08
l0_pce_rate_line_2026-06.csv,A3310900617225003,5145,residential_rate,0,effective_residential_rate,0,< 0.08
l0_pce_rate_line_2026-06.csv,A3311200617225003,5149,residential_rate,0,effective_residential_rate,0,< 0.08
l0_pce_rate_line_2026-06.csv,A3311400617225003,5151,residential_rate,0,effective_residential_rate,0,< 0.08
l0_pce_rate_line_2026-06.csv,A3311500617225003,5153,residential_rate,0,effective_residential_rate,0,< 0.08
l0_pce_rate_line_2026-06.csv,A3311550617225003,5155,residential_rate,0,effective_residential_rate,0,< 0.08
l0_pce_rate_line_2026-06.csv,A3311700617225003,5158,residential_rate,0,effective_residential_rate,0,< 0.08
l0_pce_rate_line_2026-06.csv,A3311800617225003,5160,residential_rate,0,effective_residential_rate,0,< 0.08
l0_pce_rate_line_2026-06.csv,A3311900617225003,5162,residential_rate,0,effective_residential_rate,0,< 0.08
l0_pce_rate_line_2026-06.csv,A3311950617225003,5164,residential_rate,0,effective_residential_rate,0,< 0.08
l0_pce_rate_line_2026-06.csv,A3312100617225003,5167,residential_rate,0,effective_residential_rate,0,< 0.08
l0_pce_rate_line_2026-06.csv,A3312100617225003,5168,residential_rate,0,effective_residential_rate,0,< 0.08
l0_pce_rate_line_2026-06.csv,A3320100617225003,5172,residential_rate,0,effective_residential_rate,0,< 0.08
l0_pce_rate_line_2026-06.csv,A3320100617225003,5173,residential_rate,0,effective_residential_rate,0,< 0.08
l0_pce_rate_line_2026-06.csv,A3310500717225003,5181,residential_rate,0,effective_residential_rate,0,< 0.08
l0_pce_rate_line_2026-06.csv,A3310500717225003,5182,residential_rate,0,effective_residential_rate,0,< 0.08
l0_pce_rate_line_2026-06.csv,A3310600717225003,5184,residential_rate,0,effective_residential_rate,0,< 0.08
l0_pce_rate_line_2026-06.csv,A3310700717225003,5186,residential_rate,0,effective_residential_rate,0,< 0.08
l0_pce_rate_line_2026-06.csv,A3310800717225003,5188,residential_rate,0,effective_residential_rate,0,< 0.08
l0_pce_rate_line_2026-06.csv,A3311000717225003,5191,residential_rate,0,effective_residential_rate,0,< 0.08
l0_pce_rate_line_2026-06.csv,A3311100717225003,5193,residential_rate,0,effective_residential_rate,0,< 0.08
l0_pce_rate_line_2026-06.csv,A3320100717225003,5195,residential_rate,0,effective_residential_rate,0,< 0.08
l0_pce_rate_line_2026-06.csv,A3311200717225003,5197,residential_rate,0,effective_residential_rate,0,< 0.08
l0_pce_rate_line_2026-06.csv,A3311400717225003,5200,residential_rate,0,effective_residential_rate,0,< 0.08
l0_pce_rate_line_2026-06.csv,A3311500717225003,5202,residential_rate,0,effective_residential_rate,0,< 0.08
l0_pce_rate_line_2026-06.csv,A3311550717225003,5204,residential_rate,0,effective_residential_rate,0,< 0.08
l0_pce_rate_line_2026-06.csv,A3311600717225003,5206,residential_rate,0,effective_residential_rate,0,< 0.08
l0_pce_rate_line_2026-06.csv,A3311700717225003,5208,residential_rate,0,effective_residential_rate,0,< 0.08
l0_pce_rate_line_2026-06.csv,A3311900717225003,5211,residential_rate,0,effective_residential_rate,0,< 0.08
l0_pce_rate_line_2026-06.csv,A3311950717225003,5213,residential_rate,0,effective_residential_rate,0,< 0.08
l0_pce_rate_line_2026-06.csv,A3312100717225003,5216,residential_rate,0,effective_residential_rate,0,< 0.08
l0_pce_rate_line_2026-06.csv,A3312200717225003,5218,residential_rate,0,effective_residential_rate,0,< 0.08
l0_pce_rate_line_2026-06.csv,A3312300717225003,5220,residential_rate,0,effective_residential_rate,0,< 0.08
l0_pce_rate_line_2026-06.csv,A3319200617225003,5222,residential_rate,0,effective_residential_rate,0,< 0.08
l0_pce_rate_line_2026-06.csv,A3323400717225003,5235,residential_rate,0,effective_residential_rate,0,< 0.08
l0_pce_rate_line_2026-06.csv,A3329000617225003,5253,residential_rate,0,effective_residential_rate,0,< 0.08
l0_pce_rate_line_2026-06.csv,A3329000717225003,5257,residential_rate,0,effective_residential_rate,0,< 0.08
l0_pce_rate_line_2026-06.csv,A3323500117225003,5264,residential_rate,0.15,effective_residential_rate,0.0167,< 0.08
l0_pce_rate_line_2026-06.csv,A3323600117225003,5267,residential_rate,0.15,effective_residential_rate,0.0167,< 0.08
l0_pce_rate_line_2026-06.csv,A3323700117225003,5270,residential_rate,0.15,effective_residential_rate,0.0167,< 0.08
l0_pce_rate_line_2026-06.csv,A3323800117225003,5272,residential_rate,0.08,effective_residential_rate,0.0467,< 0.08
l0_pce_rate_line_2026-06.csv,A3323800117225003,5273,residential_rate,0.08,effective_residential_rate,-0.0533,< 0.08
l0_pce_rate_line_2026-06.csv,A3323900117225003,5276,residential_rate,0.15,effective_residential_rate,0.0167,< 0.08
l0_pce_rate_line_2026-06.csv,A3324100117225003,5279,residential_rate,0.15,effective_residential_rate,0.0167,< 0.08
l0_pce_rate_line_2026-06.csv,A3323500217225003,5282,residential_rate,0.15,effective_residential_rate,0.0167,< 0.08
l0_pce_rate_line_2026-06.csv,A3323600217225003,5285,residential_rate,0.15,effective_residential_rate,0.0167,< 0.08
l0_pce_rate_line_2026-06.csv,A3323700217225003,5288,residential_rate,0.15,effective_residential_rate,0.0167,< 0.08
l0_pce_rate_line_2026-06.csv,A3323800217225003,5290,residential_rate,0.08,effective_residential_rate,0.0467,< 0.08
l0_pce_rate_line_2026-06.csv,A3323800217225003,5291,residential_rate,0.08,effective_residential_rate,-0.0533,< 0.08
l0_pce_rate_line_2026-06.csv,A3323800217225003,5292,residential_rate,0,effective_residential_rate,0,< 0.08
l0_pce_rate_line_2026-06.csv,A3323900217225003,5295,residential_rate,0.15,effective_residential_rate,0.0167,< 0.08
l0_pce_rate_line_2026-06.csv,A3324000217225003,5298,residential_rate,0.15,effective_residential_rate,0.0167,< 0.08
l0_pce_rate_line_2026-06.csv,A3324100217225003,5301,residential_rate,0.15,effective_residential_rate,0.0167,< 0.08
l0_pce_rate_line_2026-06.csv,A3323500317225003,5304,residential_rate,0.15,effective_residential_rate,0.0167,< 0.08
l0_pce_rate_line_2026-06.csv,A3323600317225003,5307,residential_rate,0.15,effective_residential_rate,0.0167,< 0.08
l0_pce_rate_line_2026-06.csv,A3323700317225003,5310,residential_rate,0.15,effective_residential_rate,0.0167,< 0.08
l0_pce_rate_line_2026-06.csv,A3323800317225003,5312,residential_rate,0.08,effective_residential_rate,0.0467,< 0.08
l0_pce_rate_line_2026-06.csv,A3323800317225003,5313,residential_rate,0.08,effective_residential_rate,-0.0533,< 0.08
l0_pce_rate_line_2026-06.csv,A3323800317225003,5314,residential_rate,0,effective_residential_rate,0,< 0.08
l0_pce_rate_line_2026-06.csv,A3323900317225003,5317,residential_rate,0.15,effective_residential_rate,0.0167,< 0.08
l0_pce_rate_line_2026-06.csv,A3324000317225003,5320,residential_rate,0.15,effective_residential_rate,0.0167,< 0.08
l0_pce_rate_line_2026-06.csv,A3324100317225003,5323,residential_rate,0.15,effective_residential_rate,0.0167,< 0.08
l0_pce_rate_line_2026-06.csv,A3324100317225003,5324,residential_rate,0,effective_residential_rate,0,< 0.08
l0_pce_rate_line_2026-06.csv,A3323500417225003,5327,residential_rate,0.15,effective_residential_rate,0.0167,< 0.08
l0_pce_rate_line_2026-06.csv,A3323600417225003,5330,residential_rate,0.15,effective_residential_rate,0.0167,< 0.08
l0_pce_rate_line_2026-06.csv,A3323700417225003,5333,residential_rate,0.15,effective_residential_rate,0.0167,< 0.08
l0_pce_rate_line_2026-06.csv,A3323700417225003,5334,residential_rate,0,effective_residential_rate,0,< 0.08
l0_pce_rate_line_2026-06.csv,A3323800417225003,5336,residential_rate,0.08,effective_residential_rate,0.0467,< 0.08
l0_pce_rate_line_2026-06.csv,A3323800417225003,5337,residential_rate,0.08,effective_residential_rate,-0.0533,< 0.08
l0_pce_rate_line_2026-06.csv,A3323900417225003,5340,residential_rate,0.15,effective_residential_rate,0.0167,< 0.08
l0_pce_rate_line_2026-06.csv,A3324000417225003,5343,residential_rate,0.15,effective_residential_rate,0.0167,< 0.08
l0_pce_rate_line_2026-06.csv,A3324100417225003,5346,residential_rate,0.15,effective_residential_rate,0.0167,< 0.08
l0_pce_rate_line_2026-06.csv,A3323500517225003,5349,residential_rate,0.15,effective_residential_rate,0.0167,< 0.08
l0_pce_rate_line_2026-06.csv,A3323600517225003,5352,residential_rate,0.15,effective_residential_rate,0.0167,< 0.08
l0_pce_rate_line_2026-06.csv,A3323700517225003,5355,residential_rate,0.15,effective_residential_rate,0.0167,< 0.08
l0_pce_rate_line_2026-06.csv,A3323800517225003,5357,residential_rate,0.08,effective_residential_rate,0.0467,< 0.08
l0_pce_rate_line_2026-06.csv,A3323800517225003,5358,residential_rate,0.08,effective_residential_rate,-0.0533,< 0.08
l0_pce_rate_line_2026-06.csv,A3323900517225003,5361,residential_rate,0.15,effective_residential_rate,0.0167,< 0.08
l0_pce_rate_line_2026-06.csv,A3324000517225003,5364,residential_rate,0.15,effective_residential_rate,0.0167,< 0.08
l0_pce_rate_line_2026-06.csv,A3324100517225003,5367,residential_rate,0.15,effective_residential_rate,0.0167,< 0.08
l0_pce_rate_line_2026-06.csv,A3323500617225003,5370,residential_rate,0.15,effective_residential_rate,0.0167,< 0.08
l0_pce_rate_line_2026-06.csv,A3323600617225003,5373,residential_rate,0.15,effective_residential_rate,0.0167,< 0.08
l0_pce_rate_line_2026-06.csv,A3323700617225003,5376,residential_rate,0.15,effective_residential_rate,0.0167,< 0.08
l0_pce_rate_line_2026-06.csv,A3323800617225003,5378,residential_rate,0.08,effective_residential_rate,0.0467,< 0.08
l0_pce_rate_line_2026-06.csv,A3323800617225003,5379,residential_rate,0.08,effective_residential_rate,-0.0533,< 0.08
l0_pce_rate_line_2026-06.csv,A3323900617225003,5382,residential_rate,0.15,effective_residential_rate,0.0167,< 0.08
l0_pce_rate_line_2026-06.csv,A3324000617225003,5385,residential_rate,0.15,effective_residential_rate,0.0167,< 0.08
l0_pce_rate_line_2026-06.csv,A3324100617225003,5388,residential_rate,0.15,effective_residential_rate,0.0167,< 0.08
l0_pce_rate_line_2026-06.csv,A3324100617225003,5389,residential_rate,0,effective_residential_rate,0,< 0.08
l0_pce_rate_line_2026-06.csv,A3319200717225003,5563,residential_rate,0,effective_residential_rate,0,< 0.08
l0_pce_rate_line_2026-06.csv,A3320500717225003,5565,residential_rate,0,effective_residential_rate,0,< 0.08
l0_pce_rate_line_2026-06.csv,A3324000117225003,5570,residential_rate,0,effective_residential_rate,0,< 0.08
l0_pce_rate_line_2026-06.csv,A3310800817225003,5610,residential_rate,0,effective_residential_rate,0,< 0.08
l0_pce_rate_line_2026-06.csv,A3311200817225003,5613,residential_rate,0,effective_residential_rate,0,< 0.08
l0_pce_rate_line_2026-06.csv,A3311400817225003,5615,residential_rate,0,effective_residential_rate,0,< 0.08
l0_pce_rate_line_2026-06.csv,A3311500817225003,5617,residential_rate,0,effective_residential_rate,0,< 0.08
l0_pce_rate_line_2026-06.csv,A3311550817225003,5619,residential_rate,0,effective_residential_rate,0,< 0.08
l0_pce_rate_line_2026-06.csv,A3311700817225003,5621,residential_rate,0,effective_residential_rate,0,< 0.08
l0_pce_rate_line_2026-06.csv,A3311900817225003,5623,residential_rate,0,effective_residential_rate,0,< 0.08
l0_pce_rate_line_2026-06.csv,A3312100817225003,5625,residential_rate,0,effective_residential_rate,0,< 0.08
l0_pce_rate_line_2026-06.csv,A3312300817225003,5627,residential_rate,0,effective_residential_rate,0,< 0.08
l0_pce_rate_line_2026-06.csv,A3319000617225003,5641,residential_rate,0,effective_residential_rate,0,< 0.08
l0_pce_rate_line_2026-06.csv,A3323400817225003,5658,residential_rate,0,effective_residential_rate,0,< 0.08
l0_pce_rate_line_2026-06.csv,A3320500917225003,5888,residential_rate,0,effective_residential_rate,0,< 0.08
l0_pce_rate_line_2026-06.csv,A3320500817225003,5901,residential_rate,0,effective_residential_rate,0,< 0.08
l0_pce_rate_line_2026-06.csv,A3328600717225003,5906,residential_rate,0,effective_residential_rate,0,< 0.08
l0_pce_rate_line_2026-06.csv,A3328600817225003,5908,residential_rate,0,effective_residential_rate,0,< 0.08
l0_pce_rate_line_2026-06.csv,A3325500817225003,5917,residential_rate,0,effective_residential_rate,0,< 0.08
l0_pce_rate_line_2026-06.csv,A3325500917225003,5919,residential_rate,0,effective_residential_rate,0,< 0.08
l0_pce_rate_line_2026-06.csv,A3319200917225003,5923,residential_rate,0,effective_residential_rate,0,< 0.08
l0_pce_rate_line_2026-06.csv,A3319200817225003,5932,residential_rate,0,effective_residential_rate,0,< 0.08
l0_pce_rate_line_2026-06.csv,A3310500817225003,5934,residential_rate,0,effective_residential_rate,0,< 0.08
l0_pce_rate_line_2026-06.csv,A3310600817225003,5936,residential_rate,0,effective_residential_rate,0,< 0.08
l0_pce_rate_line_2026-06.csv,A3310700817225003,5938,residential_rate,0,effective_residential_rate,0,< 0.08
l0_pce_rate_line_2026-06.csv,A3311000817225003,5940,residential_rate,0,effective_residential_rate,0,< 0.08
l0_pce_rate_line_2026-06.csv,A3311100817225003,5942,residential_rate,0,effective_residential_rate,0,< 0.08
l0_pce_rate_line_2026-06.csv,A3320100817225003,5944,residential_rate,0,effective_residential_rate,0,< 0.08
l0_pce_rate_line_2026-06.csv,A3311300817225003,5946,residential_rate,0,effective_residential_rate,0,< 0.08
l0_pce_rate_line_2026-06.csv,A3311600817225003,5948,residential_rate,0,effective_residential_rate,0,< 0.08
l0_pce_rate_line_2026-06.csv,A3311800817225003,5950,residential_rate,0,effective_residential_rate,0,< 0.08
l0_pce_rate_line_2026-06.csv,A3311800817225003,5951,residential_rate,0,effective_residential_rate,0,< 0.08
l0_pce_rate_line_2026-06.csv,A3311950817225003,5953,residential_rate,0,effective_residential_rate,0,< 0.08
l0_pce_rate_line_2026-06.csv,A3312000817225003,5955,residential_rate,0,effective_residential_rate,0,< 0.08
l0_pce_rate_line_2026-06.csv,A3312200817225003,5957,residential_rate,0,effective_residential_rate,0,< 0.08
l0_pce_rate_line_2026-06.csv,A3320200917225003,6126,residential_rate,0,effective_residential_rate,0,< 0.08
l0_pce_rate_line_2026-06.csv,A3318500217225003,6152,residential_rate,0,effective_residential_rate,0,< 0.08
l0_pce_rate_line_2026-06.csv,A3310800917225003,6170,residential_rate,0,effective_residential_rate,0,< 0.08
l0_pce_rate_line_2026-06.csv,A3310900917225003,6172,residential_rate,0,effective_residential_rate,0,< 0.08
l0_pce_rate_line_2026-06.csv,A3310900917225003,6173,residential_rate,0,effective_residential_rate,0,< 0.08
l0_pce_rate_line_2026-06.csv,A3320100917225003,6175,residential_rate,0,effective_residential_rate,0,< 0.08
l0_pce_rate_line_2026-06.csv,A3320100917225003,6176,residential_rate,0,effective_residential_rate,0,< 0.08
l0_pce_rate_line_2026-06.csv,A3311200917225003,6178,residential_rate,0,effective_residential_rate,0,< 0.08
l0_pce_rate_line_2026-06.csv,A3311200917225003,6179,residential_rate,0,effective_residential_rate,0,< 0.08
l0_pce_rate_line_2026-06.csv,A3311400917225003,6181,residential_rate,0,effective_residential_rate,0,< 0.08
l0_pce_rate_line_2026-06.csv,A3311400917225003,6182,residential_rate,0,effective_residential_rate,0,< 0.08
l0_pce_rate_line_2026-06.csv,A3311500917225003,6184,residential_rate,0,effective_residential_rate,0,< 0.08
l0_pce_rate_line_2026-06.csv,A3311500917225003,6185,residential_rate,0,effective_residential_rate,0,< 0.08
l0_pce_rate_line_2026-06.csv,A3311550917225003,6187,residential_rate,0,effective_residential_rate,0,< 0.08
l0_pce_rate_line_2026-06.csv,A3311550917225003,6188,residential_rate,0,effective_residential_rate,0,< 0.08
l0_pce_rate_line_2026-06.csv,A3311700917225003,6190,residential_rate,0,effective_residential_rate,0,< 0.08
l0_pce_rate_line_2026-06.csv,A3311700917225003,6191,residential_rate,0,effective_residential_rate,0,< 0.08
l0_pce_rate_line_2026-06.csv,A3311900917225003,6193,residential_rate,0,effective_residential_rate,0,< 0.08
l0_pce_rate_line_2026-06.csv,A3311900917225003,6194,residential_rate,0,effective_residential_rate,0,< 0.08
l0_pce_rate_line_2026-06.csv,A3312100917225003,6196,residential_rate,0,effective_residential_rate,0,< 0.08
l0_pce_rate_line_2026-06.csv,A3312100917225003,6197,residential_rate,0,effective_residential_rate,0,< 0.08
l0_pce_rate_line_2026-06.csv,A3312300917225003,6199,residential_rate,0,effective_residential_rate,0,< 0.08
l0_pce_rate_line_2026-06.csv,A3323400917225003,6213,residential_rate,0,effective_residential_rate,0,< 0.08
l0_pce_rate_line_2026-06.csv,A3323500717225003,6220,residential_rate,0.15,effective_residential_rate,0.0167,< 0.08
l0_pce_rate_line_2026-06.csv,A3323500817225003,6223,residential_rate,0.15,effective_residential_rate,0.0167,< 0.08
l0_pce_rate_line_2026-06.csv,A3323600717225003,6226,residential_rate,0.15,effective_residential_rate,0.0167,< 0.08
l0_pce_rate_line_2026-06.csv,A3323600817225003,6229,residential_rate,0.15,effective_residential_rate,0.0167,< 0.08
l0_pce_rate_line_2026-06.csv,A3323700717225003,6232,residential_rate,0.15,effective_residential_rate,0.0167,< 0.08
l0_pce_rate_line_2026-06.csv,A3323700817225003,6235,residential_rate,0.15,effective_residential_rate,0.0167,< 0.08
l0_pce_rate_line_2026-06.csv,A3323700817225003,6236,residential_rate,0,effective_residential_rate,0,< 0.08
l0_pce_rate_line_2026-06.csv,A3323800717225003,6238,residential_rate,0.08,effective_residential_rate,0.0467,< 0.08
l0_pce_rate_line_2026-06.csv,A3323800717225003,6239,residential_rate,0.08,effective_residential_rate,-0.0533,< 0.08
l0_pce_rate_line_2026-06.csv,A3323800817225003,6241,residential_rate,0.08,effective_residential_rate,0.0467,< 0.08
l0_pce_rate_line_2026-06.csv,A3323800817225003,6242,residential_rate,0.08,effective_residential_rate,-0.0533,< 0.08
l0_pce_rate_line_2026-06.csv,A3323900717225003,6245,residential_rate,0.15,effective_residential_rate,0.0167,< 0.08
l0_pce_rate_line_2026-06.csv,A3323900817225003,6248,residential_rate,0.15,effective_residential_rate,0.0167,< 0.08
l0_pce_rate_line_2026-06.csv,A3323900817225003,6249,residential_rate,0,effective_residential_rate,0,< 0.08
l0_pce_rate_line_2026-06.csv,A3324000717225003,6252,residential_rate,0.15,effective_residential_rate,0.0167,< 0.08
l0_pce_rate_line_2026-06.csv,A3324000817225003,6255,residential_rate,0.15,effective_residential_rate,0.0167,< 0.08
l0_pce_rate_line_2026-06.csv,A3324100717225003,6258,residential_rate,0.15,effective_residential_rate,0.0167,< 0.08
l0_pce_rate_line_2026-06.csv,A3324100817225003,6261,residential_rate,0.15,effective_residential_rate,0.0167,< 0.08
l0_pce_rate_line_2026-06.csv,A3311300917225003,6268,residential_rate,0,effective_residential_rate,0,< 0.08
l0_pce_rate_line_2026-06.csv,A3311800917225003,6271,residential_rate,0,effective_residential_rate,0,< 0.08
l0_pce_rate_line_2026-06.csv,A3312200917225003,6275,residential_rate,0,effective_residential_rate,0,< 0.08
l0_pce_rate_line_2026-06.csv,A3312200917225003,6276,residential_rate,0,effective_residential_rate,0,< 0.08
l0_pce_rate_line_2026-06.csv,A3311201017225003,6286,residential_rate,0,effective_residential_rate,0,< 0.08
l0_pce_rate_line_2026-06.csv,A3319000917225003,6290,residential_rate,0,effective_residential_rate,0,< 0.08
l0_pce_rate_line_2026-06.csv,A3320801017225003,6292,residential_rate,0,effective_residential_rate,0,< 0.08
l0_pce_rate_line_2026-06.csv,A3318601017225003,6303,residential_rate,0,effective_residential_rate,0,< 0.08
l0_pce_rate_line_2026-06.csv,A3321100917225003,6323,residential_rate,0,effective_residential_rate,0,< 0.08
l0_pce_rate_line_2026-06.csv,A3311701017225003,6332,residential_rate,0,effective_residential_rate,0,< 0.08
l0_pce_rate_line_2026-06.csv,A3320501017225003,6342,residential_rate,0,effective_residential_rate,0,< 0.08
l0_pce_rate_line_2026-06.csv,A3320201017225003,6355,residential_rate,0,effective_residential_rate,-0.3736,< 0.08
l0_pce_rate_line_2026-06.csv,A3320201017225003,6356,residential_rate,0,effective_residential_rate,0,< 0.08
l0_pce_rate_line_2026-06.csv,A3325501017225003,6360,residential_rate,0,effective_residential_rate,0,< 0.08
l0_pce_rate_line_2026-06.csv,A3329000817225003,6365,residential_rate,0,effective_residential_rate,0,< 0.08
l0_pce_rate_line_2026-06.csv,A3329000917225003,6369,residential_rate,0,effective_residential_rate,0,< 0.08
l0_pce_rate_line_2026-06.csv,A3329001017225003,6373,residential_rate,0,effective_residential_rate,0,< 0.08
l0_pce_rate_line_2026-06.csv,A3327101017225003,6381,residential_rate,0,effective_residential_rate,0,< 0.08
l0_pce_rate_line_2026-06.csv,A3319001017225003,6405,residential_rate,0,effective_residential_rate,0,< 0.08
l0_pce_rate_line_2026-06.csv,A3323401017225003,6409,residential_rate,0,effective_residential_rate,0,< 0.08
l0_pce_rate_line_2026-06.csv,A3319201017225003,6417,residential_rate,0,effective_residential_rate,0,< 0.08
l0_pce_rate_line_2026-06.csv,A3321101017225003,6602,residential_rate,0,effective_residential_rate,0,< 0.08
l0_pce_rate_line_2026-06.csv,A3317401017225003,6618,residential_rate,0,effective_residential_rate,0,< 0.08
l0_pce_rate_line_2026-06.csv,A3325001117225003,6625,residential_rate,0,effective_residential_rate,0,< 0.08
l0_pce_rate_line_2026-06.csv,A3320501117225003,6627,residential_rate,0,effective_residential_rate,0,< 0.08
l0_pce_rate_line_2026-06.csv,A3325501117225003,6635,residential_rate,0,effective_residential_rate,0,< 0.08
l0_pce_rate_line_2026-06.csv,A3323500917225003,6659,residential_rate,0.1891,effective_residential_rate,0.0558,< 0.08
l0_pce_rate_line_2026-06.csv,A3323800917225003,6667,residential_rate,0.08,effective_residential_rate,0.0467,< 0.08
l0_pce_rate_line_2026-06.csv,A3323800917225003,6668,residential_rate,0.08,effective_residential_rate,-0.0533,< 0.08
l0_pce_rate_line_2026-06.csv,A3324000917225003,6674,residential_rate,0.2123,effective_residential_rate,0.079,< 0.08
l0_pce_rate_line_2026-06.csv,A3323501017225003,6680,residential_rate,0.1651,effective_residential_rate,0.0318,< 0.08
l0_pce_rate_line_2026-06.csv,A3323801017225003,6688,residential_rate,0.08,effective_residential_rate,0.0467,< 0.08
l0_pce_rate_line_2026-06.csv,A3323801017225003,6689,residential_rate,0.08,effective_residential_rate,-0.0533,< 0.08
l0_pce_rate_line_2026-06.csv,A3324101017225003,6698,residential_rate,0.1768,effective_residential_rate,0.0435,< 0.08
l0_pce_rate_line_2026-06.csv,A3326701117225003,6708,residential_rate,0,effective_residential_rate,0,< 0.08
l0_pce_rate_line_2026-06.csv,A3316601117225003,6889,residential_rate,0,effective_residential_rate,0,< 0.08
l0_pce_rate_line_2026-06.csv,A3323501117225003,6937,residential_rate,0.1548,effective_residential_rate,0.0215,< 0.08
l0_pce_rate_line_2026-06.csv,A3323601117225003,6940,residential_rate,0.1933,effective_residential_rate,0.06,< 0.08
l0_pce_rate_line_2026-06.csv,A3323801117225003,6945,residential_rate,0.08,effective_residential_rate,0.0467,< 0.08
l0_pce_rate_line_2026-06.csv,A3323801117225003,6946,residential_rate,0.08,effective_residential_rate,-0.0533,< 0.08
l0_pce_rate_line_2026-06.csv,A3323801117225003,6947,residential_rate,0,effective_residential_rate,0,< 0.08
l0_pce_rate_line_2026-06.csv,A3324101117225003,6954,residential_rate,0.1775,effective_residential_rate,0.0442,< 0.08
l0_pce_rate_line_2026-06.csv,A3325601117225003,6963,residential_rate,0,effective_residential_rate,0,< 0.08
l0_pce_rate_line_2026-06.csv,A3329001117225003,6971,residential_rate,0,effective_residential_rate,0,< 0.08
l0_pce_rate_line_2026-06.csv,A3323601217225003,7057,residential_rate,0.1854,effective_residential_rate,0.0521,< 0.08
l0_pce_rate_line_2026-06.csv,A3323701217225003,7060,residential_rate,0.1613,effective_residential_rate,0.028,< 0.08
l0_pce_rate_line_2026-06.csv,A3323801217225003,7062,residential_rate,0.08,effective_residential_rate,0.0467,< 0.08
l0_pce_rate_line_2026-06.csv,A3323801217225003,7063,residential_rate,0.08,effective_residential_rate,-0.0533,< 0.08
l0_pce_rate_line_2026-06.csv,A3323801217225003,7064,residential_rate,0,effective_residential_rate,0,< 0.08
l0_pce_rate_line_2026-06.csv,A3324201017225003,7298,residential_rate,0,effective_residential_rate,0,< 0.08
l0_pce_rate_line_2026-06.csv,A3323400118225003,7322,residential_rate,0,effective_residential_rate,0,< 0.08
l0_pce_rate_line_2026-06.csv,A3325600118225003,7325,residential_rate,0,effective_residential_rate,0,< 0.08
l0_pce_rate_line_2026-06.csv,A3319200117225003,7330,residential_rate,0,effective_residential_rate,0,< 0.08
l0_pce_rate_line_2026-06.csv,A3319400117225003,7341,residential_rate,0,effective_residential_rate,0,< 0.08
l0_pce_rate_line_2026-06.csv,A3328600117225003,7347,residential_rate,0,effective_residential_rate,0,< 0.08
l0_pce_rate_line_2026-06.csv,A3323500118225003,7351,residential_rate,0.15,effective_residential_rate,0.0258,< 0.08
l0_pce_rate_line_2026-06.csv,A3323700118225003,7355,residential_rate,0.1573,effective_residential_rate,0.0331,< 0.08
l0_pce_rate_line_2026-06.csv,A3323800118225003,7356,residential_rate,0.08,effective_residential_rate,0.0558,< 0.08
l0_pce_rate_line_2026-06.csv,A3323800118225003,7357,residential_rate,0.08,effective_residential_rate,-0.0442,< 0.08
l0_pce_rate_line_2026-06.csv,A3323900118225003,7359,residential_rate,0.15,effective_residential_rate,0.0258,< 0.08
l0_pce_rate_line_2026-06.csv,A3320301217225003,7535,residential_rate,0,effective_residential_rate,0,< 0.08
l0_pce_rate_line_2026-06.csv,A3312100117225003,7572,residential_rate,0,effective_residential_rate,0,< 0.08
l0_pce_rate_line_2026-06.csv,A3320200118225003,7613,residential_rate,0,effective_residential_rate,0,< 0.08
l0_pce_rate_line_2026-06.csv,A3320200218225003,7619,residential_rate,0,effective_residential_rate,-0.3647,< 0.08
l0_pce_rate_line_2026-06.csv,A3323400218225003,7625,residential_rate,0,effective_residential_rate,0,< 0.08
l0_pce_rate_line_2026-06.csv,A3310100218225003,7637,residential_rate,0,effective_residential_rate,0,< 0.08
l0_pce_rate_line_2026-06.csv,A3311100217225003,7647,residential_rate,0,effective_residential_rate,0,< 0.08
l0_pce_rate_line_2026-06.csv,A3311300218225003,7649,residential_rate,0,effective_residential_rate,0,< 0.08
l0_pce_rate_line_2026-06.csv,A3320500218225003,7656,residential_rate,0,effective_residential_rate,0,< 0.08
l0_pce_rate_line_2026-06.csv,A3325600218225003,7836,residential_rate,0,effective_residential_rate,-0.3026,< 0.08
l0_pce_rate_line_2026-06.csv,A3321500218225003,7847,residential_rate,0,effective_residential_rate,0,< 0.08
l0_pce_rate_line_2026-06.csv,A3321500217225003,7848,residential_rate,0,effective_residential_rate,0,< 0.08
l0_pce_rate_line_2026-06.csv,A3324000118225003,7850,residential_rate,0,effective_residential_rate,0,< 0.08
l0_pce_rate_line_2026-06.csv,A3319300517225003,8045,residential_rate,0,effective_residential_rate,0,< 0.08
l0_pce_rate_line_2026-06.csv,A3319300617225003,8047,residential_rate,0,effective_residential_rate,0,< 0.08
l0_pce_rate_line_2026-06.csv,A3320400118225003,8066,residential_rate,0,effective_residential_rate,-0.5142,< 0.08
l0_pce_rate_line_2026-06.csv,A3320400118225003,8067,residential_rate,0,effective_residential_rate,0,< 0.08
l0_pce_rate_line_2026-06.csv,A3320400218225003,8069,residential_rate,0,effective_residential_rate,-0.5142,< 0.08
l0_pce_rate_line_2026-06.csv,A3320400218225003,8070,residential_rate,0,effective_residential_rate,0,< 0.08
l0_pce_rate_line_2026-06.csv,A3319200318225003,8075,residential_rate,0,effective_residential_rate,0,< 0.08
l0_pce_rate_line_2026-06.csv,A3325600318225003,8080,residential_rate,0,effective_residential_rate,-0.3026,< 0.08
l0_pce_rate_line_2026-06.csv,A3320500318225003,8088,residential_rate,0,effective_residential_rate,0,< 0.08
l0_pce_rate_line_2026-06.csv,A3323400318225003,8095,residential_rate,0,effective_residential_rate,0,< 0.08
l0_pce_rate_line_2026-06.csv,A3310800318225003,8127,residential_rate,0,effective_residential_rate,0,< 0.08
l0_pce_rate_line_2026-06.csv,A3311300318225003,8134,residential_rate,0,effective_residential_rate,0,< 0.08
l0_pce_rate_line_2026-06.csv,A3321700218225003,8151,residential_rate,0,effective_residential_rate,0,< 0.08
l0_pce_rate_line_2026-06.csv,A3321700118225003,8153,residential_rate,0,effective_residential_rate,0,< 0.08
l0_pce_rate_line_2026-06.csv,A3324300418225003,8158,residential_rate,0,effective_residential_rate,0,< 0.08
l0_pce_rate_line_2026-06.csv,A3320600418225003,8170,residential_rate,0,effective_residential_rate,0,< 0.08
l0_pce_rate_line_2026-06.csv,A3320400318225003,8178,residential_rate,0,effective_residential_rate,0,< 0.08
l0_pce_rate_line_2026-06.csv,A3323500218225003,8183,residential_rate,0.15,effective_residential_rate,0.0258,< 0.08
l0_pce_rate_line_2026-06.csv,A3323600218225003,8186,residential_rate,0.15,effective_residential_rate,0.0258,< 0.08
l0_pce_rate_line_2026-06.csv,A3323700218225003,8189,residential_rate,0.15,effective_residential_rate,0.0258,< 0.08
l0_pce_rate_line_2026-06.csv,A3323800218225003,8192,residential_rate,0.15,effective_residential_rate,0.0258,< 0.08
l0_pce_rate_line_2026-06.csv,A3323800218225003,8193,residential_rate,0,effective_residential_rate,0,< 0.08
l0_pce_rate_line_2026-06.csv,A3323900218225003,8196,residential_rate,0.15,effective_residential_rate,0.0258,< 0.08
l0_pce_rate_line_2026-06.csv,A3324100218225003,8201,residential_rate,0.15,effective_residential_rate,0.0258,< 0.08
l0_pce_rate_line_2026-06.csv,A3320200318225003,8210,residential_rate,0,effective_residential_rate,-0.3647,< 0.08
l0_pce_rate_line_2026-06.csv,A3310100418225003,8216,residential_rate,0,effective_residential_rate,0,< 0.08
l0_pce_rate_line_2026-06.csv,A3311100418225003,8237,residential_rate,0,effective_residential_rate,0,< 0.08
l0_pce_rate_line_2026-06.csv,A3311300418225003,8241,residential_rate,0,effective_residential_rate,0,< 0.08
l0_pce_rate_line_2026-06.csv,A3312200418225003,8252,residential_rate,0,effective_residential_rate,0,< 0.08
l0_pce_rate_line_2026-06.csv,A3323500318225003,8269,residential_rate,0,effective_residential_rate,-0.0242,< 0.08
l0_pce_rate_line_2026-06.csv,A3323500318225003,8270,residential_rate,0,effective_residential_rate,-0.1242,< 0.08
l0_pce_rate_line_2026-06.csv,A3323600318225003,8272,residential_rate,0,effective_residential_rate,-0.0242,< 0.08
l0_pce_rate_line_2026-06.csv,A3323600318225003,8273,residential_rate,0,effective_residential_rate,-0.1242,< 0.08
l0_pce_rate_line_2026-06.csv,A3323700318225003,8275,residential_rate,0,effective_residential_rate,-0.0242,< 0.08
l0_pce_rate_line_2026-06.csv,A3323700318225003,8276,residential_rate,0,effective_residential_rate,-0.1242,< 0.08
l0_pce_rate_line_2026-06.csv,A3323800318225003,8277,residential_rate,8e-04,effective_residential_rate,8e-04,< 0.08
l0_pce_rate_line_2026-06.csv,A3323800318225003,8278,residential_rate,0,effective_residential_rate,-0.0242,< 0.08
l0_pce_rate_line_2026-06.csv,A3323800318225003,8279,residential_rate,0,effective_residential_rate,-0.1242,< 0.08
l0_pce_rate_line_2026-06.csv,A3323900318225003,8281,residential_rate,0,effective_residential_rate,-0.0242,< 0.08
l0_pce_rate_line_2026-06.csv,A3323900318225003,8282,residential_rate,0,effective_residential_rate,-0.1242,< 0.08
l0_pce_rate_line_2026-06.csv,A3324000318225003,8284,residential_rate,0,effective_residential_rate,-0.0242,< 0.08
l0_pce_rate_line_2026-06.csv,A3324000318225003,8285,residential_rate,0,effective_residential_rate,-0.1242,< 0.08
l0_pce_rate_line_2026-06.csv,A3324100318225003,8287,residential_rate,0,effective_residential_rate,-0.0242,< 0.08
l0_pce_rate_line_2026-06.csv,A3324100318225003,8288,residential_rate,0,effective_residential_rate,-0.1242,< 0.08
l0_pce_rate_line_2026-06.csv,A3321500417225003,8291,residential_rate,0,effective_residential_rate,0,< 0.08
l0_pce_rate_line_2026-06.csv,A3320400418225003,8303,residential_rate,0,effective_residential_rate,0,< 0.08
l0_pce_rate_line_2026-06.csv,A3323400418225003,8486,residential_rate,0,effective_residential_rate,0,< 0.08
l0_pce_rate_line_2026-06.csv,A3324200118225003,8488,residential_rate,0,effective_residential_rate,-0.0152,< 0.08
l0_pce_rate_line_2026-06.csv,A3324200218225003,8490,residential_rate,0,effective_residential_rate,-0.0152,< 0.08
l0_pce_rate_line_2026-06.csv,A3324200318225003,8492,residential_rate,0,effective_residential_rate,-0.0152,< 0.08
l0_pce_rate_line_2026-06.csv,A3318900418225003,8496,residential_rate,0,effective_residential_rate,0,< 0.08
l0_pce_rate_line_2026-06.csv,A3320200418225003,8506,residential_rate,0,effective_residential_rate,-0.3647,< 0.08
l0_pce_rate_line_2026-06.csv,A3321700318225003,8523,residential_rate,0,effective_residential_rate,0,< 0.08
l0_pce_rate_line_2026-06.csv,A3321700418225003,8525,residential_rate,0,effective_residential_rate,0,< 0.08
l0_pce_rate_line_2026-06.csv,A3321700518225003,8712,residential_rate,0,effective_residential_rate,0,< 0.08
l0_pce_rate_line_2026-06.csv,A3320500518225003,8721,residential_rate,0,effective_residential_rate,0,< 0.08
l0_pce_rate_line_2026-06.csv,A3325600418225003,8744,residential_rate,0,effective_residential_rate,-0.3026,< 0.08
l0_pce_rate_line_2026-06.csv,A3323500418225003,8747,residential_rate,0,effective_residential_rate,0,< 0.08
l0_pce_rate_line_2026-06.csv,A3323500418225003,8748,residential_rate,0,effective_residential_rate,-0.0242,< 0.08
l0_pce_rate_line_2026-06.csv,A3323500418225003,8749,residential_rate,0,effective_residential_rate,-0.1242,< 0.08
l0_pce_rate_line_2026-06.csv,A3323600418225003,8750,residential_rate,0,effective_residential_rate,0,< 0.08
l0_pce_rate_line_2026-06.csv,A3323600418225003,8751,residential_rate,0,effective_residential_rate,-0.0242,< 0.08
l0_pce_rate_line_2026-06.csv,A3323600418225003,8752,residential_rate,0,effective_residential_rate,-0.1242,< 0.08
l0_pce_rate_line_2026-06.csv,A3323700418225003,8753,residential_rate,0,effective_residential_rate,0,< 0.08
l0_pce_rate_line_2026-06.csv,A3323700418225003,8754,residential_rate,0,effective_residential_rate,-0.0242,< 0.08
l0_pce_rate_line_2026-06.csv,A3323700418225003,8755,residential_rate,0,effective_residential_rate,-0.1242,< 0.08
l0_pce_rate_line_2026-06.csv,A3323800418225003,8756,residential_rate,0,effective_residential_rate,0,< 0.08
l0_pce_rate_line_2026-06.csv,A3323800418225003,8757,residential_rate,0,effective_residential_rate,-0.0242,< 0.08
l0_pce_rate_line_2026-06.csv,A3323800418225003,8758,residential_rate,0,effective_residential_rate,-0.1242,< 0.08
l0_pce_rate_line_2026-06.csv,A3323900418225003,8759,residential_rate,0,effective_residential_rate,0,< 0.08
l0_pce_rate_line_2026-06.csv,A3323900418225003,8760,residential_rate,0,effective_residential_rate,-0.0242,< 0.08
l0_pce_rate_line_2026-06.csv,A3323900418225003,8761,residential_rate,0,effective_residential_rate,-0.1242,< 0.08
l0_pce_rate_line_2026-06.csv,A3324000418225003,8762,residential_rate,0,effective_residential_rate,0,< 0.08
l0_pce_rate_line_2026-06.csv,A3324000418225003,8763,residential_rate,0,effective_residential_rate,-0.0242,< 0.08
l0_pce_rate_line_2026-06.csv,A3324000418225003,8764,residential_rate,0,effective_residential_rate,-0.1242,< 0.08
l0_pce_rate_line_2026-06.csv,A3324100418225003,8765,residential_rate,0,effective_residential_rate,0,< 0.08
l0_pce_rate_line_2026-06.csv,A3324100418225003,8766,residential_rate,0,effective_residential_rate,-0.0242,< 0.08
l0_pce_rate_line_2026-06.csv,A3324100418225003,8767,residential_rate,0,effective_residential_rate,-0.1242,< 0.08
l0_pce_rate_line_2026-06.csv,A3310100518225003,8771,residential_rate,0,effective_residential_rate,0,< 0.08
l0_pce_rate_line_2026-06.csv,A3328600518225003,8773,residential_rate,0,effective_residential_rate,0,< 0.08
l0_pce_rate_line_2026-06.csv,A3319300118225003,8778,residential_rate,0,effective_residential_rate,0,< 0.08
l0_pce_rate_line_2026-06.csv,A3319200518225003,8782,residential_rate,0,effective_residential_rate,0,< 0.08
l0_pce_rate_line_2026-06.csv,A3320400518225003,8800,residential_rate,0,effective_residential_rate,-0.5142,< 0.08
l0_pce_rate_line_2026-06.csv,A3320400518225003,8801,residential_rate,0,effective_residential_rate,0,< 0.08
l0_pce_rate_line_2026-06.csv,A3328500518225003,8821,residential_rate,0,effective_residential_rate,0,< 0.08
l0_pce_rate_line_2026-06.csv,A3321900518225003,8826,residential_rate,0,effective_residential_rate,0,< 0.08
l0_pce_rate_line_2026-06.csv,A3323301217225003,8841,residential_rate,0,effective_residential_rate,0,< 0.08
l0_pce_rate_line_2026-06.csv,A3323301217225003,8842,residential_rate,0,effective_residential_rate,0,< 0.08
l0_pce_rate_line_2026-06.csv,A3320100518225003,8856,residential_rate,0,effective_residential_rate,0,< 0.08
l0_pce_rate_line_2026-06.csv,A3311300518225003,8858,residential_rate,0,effective_residential_rate,0,< 0.08
l0_pce_rate_line_2026-06.csv,A3324300518225003,8865,residential_rate,0,effective_residential_rate,0,< 0.08
l0_pce_rate_line_2026-06.csv,A3323500518225003,9068,residential_rate,0,effective_residential_rate,-0.0242,< 0.08
l0_pce_rate_line_2026-06.csv,A3323500518225003,9069,residential_rate,0,effective_residential_rate,-0.1242,< 0.08
l0_pce_rate_line_2026-06.csv,A3323600518225003,9071,residential_rate,0,effective_residential_rate,-0.0242,< 0.08
l0_pce_rate_line_2026-06.csv,A3323600518225003,9072,residential_rate,0,effective_residential_rate,-0.1242,< 0.08
l0_pce_rate_line_2026-06.csv,A3323700518225003,9074,residential_rate,0,effective_residential_rate,-0.0242,< 0.08
l0_pce_rate_line_2026-06.csv,A3323700518225003,9075,residential_rate,0,effective_residential_rate,-0.1242,< 0.08
l0_pce_rate_line_2026-06.csv,A3323800518225003,9077,residential_rate,0,effective_residential_rate,-0.0242,< 0.08
l0_pce_rate_line_2026-06.csv,A3323800518225003,9078,residential_rate,0,effective_residential_rate,-0.1242,< 0.08
l0_pce_rate_line_2026-06.csv,A3323900518225003,9080,residential_rate,0,effective_residential_rate,-0.0242,< 0.08
l0_pce_rate_line_2026-06.csv,A3323900518225003,9081,residential_rate,0,effective_residential_rate,-0.1242,< 0.08
l0_pce_rate_line_2026-06.csv,A3324000518225003,9083,residential_rate,0,effective_residential_rate,-0.0242,< 0.08
l0_pce_rate_line_2026-06.csv,A3324000518225003,9084,residential_rate,0,effective_residential_rate,-0.1242,< 0.08
l0_pce_rate_line_2026-06.csv,A3324100518225003,9086,residential_rate,0,effective_residential_rate,-0.0242,< 0.08
l0_pce_rate_line_2026-06.csv,A3324100518225003,9087,residential_rate,0,effective_residential_rate,-0.1242,< 0.08
l0_pce_rate_line_2026-06.csv,A3319200618225003,9098,residential_rate,0,effective_residential_rate,0,< 0.08
l0_pce_rate_line_2026-06.csv,A3325600618225003,9113,residential_rate,0,effective_residential_rate,-0.3026,< 0.08
l0_pce_rate_line_2026-06.csv,A3310100618225003,9122,residential_rate,0,effective_residential_rate,0,< 0.08
l0_pce_rate_line_2026-06.csv,A3326100618225003,9129,residential_rate,0,effective_residential_rate,0,< 0.08
l0_pce_rate_line_2026-06.csv,A3321100618225003,9138,residential_rate,0,effective_residential_rate,0,< 0.08
l0_pce_rate_line_2026-06.csv,A3321100618225003,9139,residential_rate,0,effective_residential_rate,0,< 0.08
l0_pce_rate_line_2026-06.csv,A3324900318225003,9142,residential_rate,0,effective_residential_rate,0,< 0.08
l0_pce_rate_line_2026-06.csv,A3324900418225003,9144,residential_rate,0,effective_residential_rate,0,< 0.08
l0_pce_rate_line_2026-06.csv,A3324900518225003,9146,residential_rate,0,effective_residential_rate,0,< 0.08
l0_pce_rate_line_2026-06.csv,A3311800618225003,9169,residential_rate,0,effective_residential_rate,0,< 0.08
l0_pce_rate_line_2026-06.csv,A3311800618225003,9170,residential_rate,0,effective_residential_rate,0,< 0.08
l0_pce_rate_line_2026-06.csv,A3311300618225003,9176,residential_rate,0,effective_residential_rate,0,< 0.08
l0_pce_rate_line_2026-06.csv,A3323300718225003,9182,residential_rate,0,effective_residential_rate,0,< 0.08
l0_pce_rate_line_2026-06.csv,A3320200518225003,9187,residential_rate,0,effective_residential_rate,-0.3647,< 0.08
l0_pce_rate_line_2026-06.csv,A3320200618225003,9189,residential_rate,0,effective_residential_rate,-0.3647,< 0.08
l0_pce_rate_line_2026-06.csv,A3323400718225003,9207,residential_rate,0,effective_residential_rate,0,< 0.08
l0_pce_rate_line_2026-06.csv,A3310100718225003,9212,residential_rate,0,effective_residential_rate,0,< 0.08
l0_pce_rate_line_2026-06.csv,A3326100718225003,9216,residential_rate,0,effective_residential_rate,0,< 0.08
l0_pce_rate_line_2026-06.csv,A3320400718225003,9228,residential_rate,0,effective_residential_rate,0,< 0.08
l0_pce_rate_line_2026-06.csv,A3324200618225003,9240,residential_rate,0,effective_residential_rate,-0.0152,< 0.08
l0_pce_rate_line_2026-06.csv,A3324200718225003,9242,residential_rate,0,effective_residential_rate,-0.1006,< 0.08
l0_pce_rate_line_2026-06.csv,A3323500618225003,9418,residential_rate,0,effective_residential_rate,-0.0242,< 0.08
l0_pce_rate_line_2026-06.csv,A3323500618225003,9419,residential_rate,0,effective_residential_rate,-0.1242,< 0.08
l0_pce_rate_line_2026-06.csv,A3323600618225003,9421,residential_rate,0,effective_residential_rate,-0.0242,< 0.08
l0_pce_rate_line_2026-06.csv,A3323600618225003,9422,residential_rate,0,effective_residential_rate,-0.1242,< 0.08
l0_pce_rate_line_2026-06.csv,A3323700618225003,9424,residential_rate,0,effective_residential_rate,-0.0242,< 0.08
l0_pce_rate_line_2026-06.csv,A3323700618225003,9425,residential_rate,0,effective_residential_rate,-0.1242,< 0.08
l0_pce_rate_line_2026-06.csv,A3323700618225003,9426,residential_rate,0,effective_residential_rate,0,< 0.08
l0_pce_rate_line_2026-06.csv,A3323800618225003,9428,residential_rate,0,effective_residential_rate,-0.0242,< 0.08
l0_pce_rate_line_2026-06.csv,A3323800618225003,9429,residential_rate,0,effective_residential_rate,-0.1242,< 0.08
l0_pce_rate_line_2026-06.csv,A3323900618225003,9431,residential_rate,0,effective_residential_rate,-0.0242,< 0.08
l0_pce_rate_line_2026-06.csv,A3323900618225003,9432,residential_rate,0,effective_residential_rate,-0.1242,< 0.08
l0_pce_rate_line_2026-06.csv,A3324000618225003,9434,residential_rate,0,effective_residential_rate,-0.0242,< 0.08
l0_pce_rate_line_2026-06.csv,A3324000618225003,9435,residential_rate,0,effective_residential_rate,-0.1242,< 0.08
l0_pce_rate_line_2026-06.csv,A3324100618225003,9437,residential_rate,0,effective_residential_rate,-0.0242,< 0.08
l0_pce_rate_line_2026-06.csv,A3324100618225003,9438,residential_rate,0,effective_residential_rate,-0.1242,< 0.08
l0_pce_rate_line_2026-06.csv,A3321700618225003,9440,residential_rate,0,effective_residential_rate,0,< 0.08
l0_pce_rate_line_2026-06.csv,A3321700718225003,9442,residential_rate,0,effective_residential_rate,0,< 0.08
l0_pce_rate_line_2026-06.csv,A3319200718225003,9456,residential_rate,0,effective_residential_rate,0,< 0.08
l0_pce_rate_line_2026-06.csv,A3325600718225003,9461,residential_rate,0,effective_residential_rate,0,< 0.08
l0_pce_rate_line_2026-06.csv,A3311300718225003,9470,residential_rate,0,effective_residential_rate,0,< 0.08
l0_pce_rate_line_2026-06.csv,A3322800618225003,9483,residential_rate,0,effective_residential_rate,-0.2743,< 0.08
l0_pce_rate_line_2026-06.csv,A3320200718225003,9486,residential_rate,0,effective_residential_rate,-0.3647,< 0.08
l0_pce_rate_line_2026-06.csv,A3322900718225003,9496,residential_rate,0,effective_residential_rate,0,< 0.08
l0_pce_rate_line_2026-06.csv,A3321700818225003,9499,residential_rate,0,effective_residential_rate,0,< 0.08
l0_pce_rate_line_2026-06.csv,A3320700218225003,9509,residential_rate,0,effective_residential_rate,0,< 0.08
l0_pce_rate_line_2026-06.csv,A3320700318225003,9511,residential_rate,0,effective_residential_rate,0,< 0.08
l0_pce_rate_line_2026-06.csv,A3323400818225003,9696,residential_rate,0,effective_residential_rate,0,< 0.08
l0_pce_rate_line_2026-06.csv,A3325600818225003,9714,residential_rate,0,effective_residential_rate,-0.3235,< 0.08
l0_pce_rate_line_2026-06.csv,A3325600818225003,9715,residential_rate,0,effective_residential_rate,0,< 0.08
l0_pce_rate_line_2026-06.csv,A3310800818225003,9738,residential_rate,0,effective_residential_rate,0,< 0.08
l0_pce_rate_line_2026-06.csv,A3310900818225003,9740,residential_rate,0,effective_residential_rate,0,< 0.08
l0_pce_rate_line_2026-06.csv,A3311400818225003,9742,residential_rate,0,effective_residential_rate,0,< 0.08
l0_pce_rate_line_2026-06.csv,A3325300518225003,9753,residential_rate,0,effective_residential_rate,-0.3642,< 0.08
l0_pce_rate_line_2026-06.csv,A3325300618225003,9755,residential_rate,0,effective_residential_rate,-0.3642,< 0.08
l0_pce_rate_line_2026-06.csv,A3325300718225003,9757,residential_rate,0,effective_residential_rate,-0.3642,< 0.08
l0_pce_rate_line_2026-06.csv,A3325300818225003,9759,residential_rate,0,effective_residential_rate,-0.3642,< 0.08
l0_pce_rate_line_2026-06.csv,A3311600818225003,9764,residential_rate,0,effective_residential_rate,0,< 0.08
l0_pce_rate_line_2026-06.csv,A3310500818225003,9773,residential_rate,0,effective_residential_rate,0,< 0.08
l0_pce_rate_line_2026-06.csv,A3320400818225003,9787,residential_rate,0,effective_residential_rate,-0.5142,< 0.08
l0_pce_rate_line_2026-06.csv,A3323500718225003,9789,residential_rate,0,effective_residential_rate,-0.0242,< 0.08
l0_pce_rate_line_2026-06.csv,A3323500718225003,9790,residential_rate,0,effective_residential_rate,-0.1242,< 0.08
l0_pce_rate_line_2026-06.csv,A3323600718225003,9792,residential_rate,0,effective_residential_rate,-0.0242,< 0.08
l0_pce_rate_line_2026-06.csv,A3323600718225003,9793,residential_rate,0,effective_residential_rate,-0.1242,< 0.08
l0_pce_rate_line_2026-06.csv,A3323700718225003,9795,residential_rate,0,effective_residential_rate,-0.0242,< 0.08
l0_pce_rate_line_2026-06.csv,A3323700718225003,9796,residential_rate,0,effective_residential_rate,-0.1242,< 0.08
l0_pce_rate_line_2026-06.csv,A3323800718225003,9798,residential_rate,0,effective_residential_rate,-0.0242,< 0.08
l0_pce_rate_line_2026-06.csv,A3323800718225003,9799,residential_rate,0,effective_residential_rate,-0.1242,< 0.08
l0_pce_rate_line_2026-06.csv,A3323900718225003,9801,residential_rate,0,effective_residential_rate,-0.0242,< 0.08
l0_pce_rate_line_2026-06.csv,A3323900718225003,9802,residential_rate,0,effective_residential_rate,-0.1242,< 0.08
l0_pce_rate_line_2026-06.csv,A3324000718225003,9804,residential_rate,0,effective_residential_rate,-0.0242,< 0.08
l0_pce_rate_line_2026-06.csv,A3324000718225003,9805,residential_rate,0,effective_residential_rate,-0.1242,< 0.08
l0_pce_rate_line_2026-06.csv,A3324100718225003,9807,residential_rate,0,effective_residential_rate,-0.0242,< 0.08
l0_pce_rate_line_2026-06.csv,A3324100718225003,9808,residential_rate,0,effective_residential_rate,-0.1242,< 0.08
l0_pce_rate_line_2026-06.csv,A3312200818225003,9815,residential_rate,0,effective_residential_rate,0,< 0.08
l0_pce_rate_line_2026-06.csv,A3320100918225003,9850,residential_rate,0,effective_residential_rate,0,< 0.08
l0_pce_rate_line_2026-06.csv,A3311200918225003,9852,residential_rate,0,effective_residential_rate,0,< 0.08
l0_pce_rate_line_2026-06.csv,A3320200818225003,9858,residential_rate,0,effective_residential_rate,-0.3647,< 0.08
l0_pce_rate_line_2026-06.csv,A3319200918225003,9861,residential_rate,0,effective_residential_rate,0,< 0.08
l0_pce_rate_line_2026-06.csv,A3320400918225003,10056,residential_rate,0,effective_residential_rate,-0.5142,< 0.08
l0_pce_rate_line_2026-06.csv,A3319300918225003,10069,residential_rate,0,effective_residential_rate,0,< 0.08
l0_pce_rate_line_2026-06.csv,A3311300918225003,10072,residential_rate,0,effective_residential_rate,0,< 0.08
l0_pce_rate_line_2026-06.csv,A3311800918225003,10074,residential_rate,0,effective_residential_rate,0,< 0.08
l0_pce_rate_line_2026-06.csv,A3322300718225003,10076,residential_rate,0.78,effective_residential_rate,0.0567,< 0.08
l0_pce_rate_line_2026-06.csv,A3323400918225003,10083,residential_rate,0,effective_residential_rate,0,< 0.08
l0_pce_rate_line_2026-06.csv,A3322900818225003,10255,residential_rate,0,effective_residential_rate,0,< 0.08
l0_pce_rate_line_2026-06.csv,A3325600918225003,10261,residential_rate,0,effective_residential_rate,-0.3042,< 0.08
l0_pce_rate_line_2026-06.csv,A3321700918225003,10269,residential_rate,0,effective_residential_rate,0,< 0.08
l0_pce_rate_line_2026-06.csv,A3320101018225003,10290,residential_rate,0,effective_residential_rate,0,< 0.08
l0_pce_rate_line_2026-06.csv,A3311201018225003,10292,residential_rate,0,effective_residential_rate,0,< 0.08
l0_pce_rate_line_2026-06.csv,A3311501018225003,10295,residential_rate,0,effective_residential_rate,0,< 0.08
l0_pce_rate_line_2026-06.csv,A3311551018225003,10297,residential_rate,0,effective_residential_rate,0,< 0.08
l0_pce_rate_line_2026-06.csv,A3311701018225003,10299,residential_rate,0,effective_residential_rate,0,< 0.08
l0_pce_rate_line_2026-06.csv,A3311901018225003,10301,residential_rate,0,effective_residential_rate,0,< 0.08
l0_pce_rate_line_2026-06.csv,A3312101018225003,10303,residential_rate,0,effective_residential_rate,0,< 0.08
l0_pce_rate_line_2026-06.csv,A3312301018225003,10305,residential_rate,0,effective_residential_rate,0,< 0.08
l0_pce_rate_line_2026-06.csv,A3321701018225003,10318,residential_rate,0,effective_residential_rate,0,< 0.08
l0_pce_rate_line_2026-06.csv,A3323500818225003,10321,residential_rate,0,effective_residential_rate,-0.0242,< 0.08
l0_pce_rate_line_2026-06.csv,A3323500818225003,10322,residential_rate,0,effective_residential_rate,-0.1242,< 0.08
l0_pce_rate_line_2026-06.csv,A3323600818225003,10324,residential_rate,0,effective_residential_rate,-0.0242,< 0.08
l0_pce_rate_line_2026-06.csv,A3323600818225003,10325,residential_rate,0,effective_residential_rate,-0.1242,< 0.08
l0_pce_rate_line_2026-06.csv,A3323700818225003,10327,residential_rate,0,effective_residential_rate,-0.0242,< 0.08
l0_pce_rate_line_2026-06.csv,A3323700818225003,10328,residential_rate,0,effective_residential_rate,-0.1242,< 0.08
l0_pce_rate_line_2026-06.csv,A3323800818225003,10330,residential_rate,0,effective_residential_rate,-0.0242,< 0.08
l0_pce_rate_line_2026-06.csv,A3323800818225003,10331,residential_rate,0,effective_residential_rate,-0.1242,< 0.08
l0_pce_rate_line_2026-06.csv,A3323900818225003,10333,residential_rate,0,effective_residential_rate,-0.0242,< 0.08
l0_pce_rate_line_2026-06.csv,A3323900818225003,10334,residential_rate,0,effective_residential_rate,-0.1242,< 0.08
l0_pce_rate_line_2026-06.csv,A3324000818225003,10336,residential_rate,0,effective_residential_rate,-0.0242,< 0.08
l0_pce_rate_line_2026-06.csv,A3324000818225003,10337,residential_rate,0,effective_residential_rate,-0.1242,< 0.08
l0_pce_rate_line_2026-06.csv,A3324100818225003,10339,residential_rate,0,effective_residential_rate,-0.0242,< 0.08
l0_pce_rate_line_2026-06.csv,A3324100818225003,10340,residential_rate,0,effective_residential_rate,-0.1242,< 0.08
l0_pce_rate_line_2026-06.csv,A3320401018225003,10344,residential_rate,0,effective_residential_rate,-0.5142,< 0.08
l0_pce_rate_line_2026-06.csv,A3319201018225003,10347,residential_rate,0,effective_residential_rate,0,< 0.08
l0_pce_rate_line_2026-06.csv,A3319201018225003,10348,residential_rate,0,effective_residential_rate,0,< 0.08
l0_pce_rate_line_2026-06.csv,A3318501018225003,10350,residential_rate,0,effective_residential_rate,0,< 0.08
l0_pce_rate_line_2026-06.csv,A3325601018225003,10352,residential_rate,0,effective_residential_rate,-0.2989,< 0.08
l0_pce_rate_line_2026-06.csv,A3325601018225003,10353,residential_rate,0,effective_residential_rate,0,< 0.08
l0_pce_rate_line_2026-06.csv,A3310501018225003,10361,residential_rate,0,effective_residential_rate,0,< 0.08
l0_pce_rate_line_2026-06.csv,A3310601018225003,10363,residential_rate,0,effective_residential_rate,0,< 0.08
l0_pce_rate_line_2026-06.csv,A3310701018225003,10365,residential_rate,0,effective_residential_rate,0,< 0.08
l0_pce_rate_line_2026-06.csv,A3311601018225003,10370,residential_rate,0,effective_residential_rate,0,< 0.08
l0_pce_rate_line_2026-06.csv,A3312001018225003,10374,residential_rate,0,effective_residential_rate,0,< 0.08
l0_pce_rate_line_2026-06.csv,A3312201018225003,10376,residential_rate,0,effective_residential_rate,0,< 0.08
l0_pce_rate_line_2026-06.csv,A3325300918225003,10378,residential_rate,0,effective_residential_rate,-0.3642,< 0.08
l0_pce_rate_line_2026-06.csv,A3325301018225003,10380,residential_rate,0,effective_residential_rate,-0.3642,< 0.08
l0_pce_rate_line_2026-06.csv,A3325301018225003,10381,residential_rate,0,effective_residential_rate,0,< 0.08
l0_pce_rate_line_2026-06.csv,A3328900918225003,10388,residential_rate,0,effective_residential_rate,0,< 0.08
l0_pce_rate_line_2026-06.csv,A3310401018225003,10391,residential_rate,0,effective_residential_rate,0,< 0.08
l0_pce_rate_line_2026-06.csv,A3310201018225003,10393,residential_rate,0,effective_residential_rate,0,< 0.08
l0_pce_rate_line_2026-06.csv,A3319001018225003,10395,residential_rate,0,effective_residential_rate,0,< 0.08
l0_pce_rate_line_2026-06.csv,A3326001118225003,10397,residential_rate,0,effective_residential_rate,0,< 0.08
l0_pce_rate_line_2026-06.csv,A3321301018225003,10403,residential_rate,0,effective_residential_rate,0,< 0.08
l0_pce_rate_line_2026-06.csv,A3321301018225003,10404,residential_rate,0,effective_residential_rate,0,< 0.08
l0_pce_rate_line_2026-06.csv,A3318800318225003,10406,residential_rate,0,effective_residential_rate,0,< 0.08
l0_pce_rate_line_2026-06.csv,A3319101018225003,10408,residential_rate,0,effective_residential_rate,0,< 0.08
l0_pce_rate_line_2026-06.csv,A3317401018225003,10410,residential_rate,0,effective_residential_rate,0,< 0.08
l0_pce_rate_line_2026-06.csv,A3320401118225003,10437,residential_rate,0,effective_residential_rate,-0.5142,< 0.08
l0_pce_rate_line_2026-06.csv,A3321501118225003,10439,residential_rate,0,effective_residential_rate,0,< 0.08
l0_pce_rate_line_2026-06.csv,A3323500918225003,10441,residential_rate,0,effective_residential_rate,-0.0242,< 0.08
l0_pce_rate_line_2026-06.csv,A3323500918225003,10442,residential_rate,0,effective_residential_rate,-0.1242,< 0.08
l0_pce_rate_line_2026-06.csv,A3323600918225003,10444,residential_rate,0,effective_residential_rate,-0.0242,< 0.08
l0_pce_rate_line_2026-06.csv,A3323600918225003,10445,residential_rate,0,effective_residential_rate,-0.1242,< 0.08
l0_pce_rate_line_2026-06.csv,A3323700918225003,10447,residential_rate,0,effective_residential_rate,-0.0242,< 0.08
l0_pce_rate_line_2026-06.csv,A3323700918225003,10448,residential_rate,0,effective_residential_rate,-0.1242,< 0.08
l0_pce_rate_line_2026-06.csv,A3323800918225003,10450,residential_rate,0,effective_residential_rate,-0.0242,< 0.08
l0_pce_rate_line_2026-06.csv,A3323800918225003,10451,residential_rate,0,effective_residential_rate,-0.1242,< 0.08
l0_pce_rate_line_2026-06.csv,A3323900918225003,10453,residential_rate,0,effective_residential_rate,-0.0242,< 0.08
l0_pce_rate_line_2026-06.csv,A3323900918225003,10454,residential_rate,0,effective_residential_rate,-0.1242,< 0.08
l0_pce_rate_line_2026-06.csv,A3324000918225003,10456,residential_rate,0,effective_residential_rate,-0.0242,< 0.08
l0_pce_rate_line_2026-06.csv,A3324000918225003,10457,residential_rate,0,effective_residential_rate,-0.1242,< 0.08
l0_pce_rate_line_2026-06.csv,A3324100918225003,10459,residential_rate,0,effective_residential_rate,-0.0242,< 0.08
l0_pce_rate_line_2026-06.csv,A3324100918225003,10460,residential_rate,0,effective_residential_rate,-0.1242,< 0.08
l0_pce_rate_line_2026-06.csv,A3320200918225003,10463,residential_rate,0,effective_residential_rate,-0.3647,< 0.08
l0_pce_rate_line_2026-06.csv,A3320201018225003,10465,residential_rate,0,effective_residential_rate,-0.3647,< 0.08
l0_pce_rate_line_2026-06.csv,A3322801018225003,10475,residential_rate,0,effective_residential_rate,-0.2743,< 0.08
l0_pce_rate_line_2026-06.csv,A3322801018225003,10476,residential_rate,0,effective_residential_rate,0,< 0.08
l0_pce_rate_line_2026-06.csv,A3322800718225003,10482,residential_rate,0,effective_residential_rate,-0.2743,< 0.08
l0_pce_rate_line_2026-06.csv,A3322800718225003,10483,residential_rate,0,effective_residential_rate,0,< 0.08
l0_pce_rate_line_2026-06.csv,A3322800818225003,10485,residential_rate,0,effective_residential_rate,-0.2743,< 0.08
l0_pce_rate_line_2026-06.csv,A3322800918225003,10487,residential_rate,0,effective_residential_rate,-0.2743,< 0.08
l0_pce_rate_line_2026-06.csv,A3318100418225003,10495,residential_rate,0,effective_residential_rate,0,< 0.08
l0_pce_rate_line_2026-06.csv,A3318100518225003,10497,residential_rate,0,effective_residential_rate,0,< 0.08
l0_pce_rate_line_2026-06.csv,A3318100718225003,10500,residential_rate,0,effective_residential_rate,0,< 0.08
l0_pce_rate_line_2026-06.csv,A3318100818225003,10502,residential_rate,0,effective_residential_rate,0,< 0.08
l0_pce_rate_line_2026-06.csv,A3318100918225003,10504,residential_rate,0,effective_residential_rate,0,< 0.08
l0_pce_rate_line_2026-06.csv,A3318401018225003,10506,residential_rate,0,effective_residential_rate,0,< 0.08
l0_pce_rate_line_2026-06.csv,A3318901018225003,10508,residential_rate,0,effective_residential_rate,0,< 0.08
l0_pce_rate_line_2026-06.csv,A3320801018225003,10511,residential_rate,0,effective_residential_rate,0,< 0.08
l0_pce_rate_line_2026-06.csv,A3319201118225003,10516,residential_rate,0,effective_residential_rate,0,< 0.08
l0_pce_rate_line_2026-06.csv,A3319201118225003,10517,residential_rate,0,effective_residential_rate,0,< 0.08
l0_pce_rate_line_2026-06.csv,A3320501118225003,10519,residential_rate,0,effective_residential_rate,0,< 0.08
l0_pce_rate_line_2026-06.csv,A3313201118225003,10553,residential_rate,0,effective_residential_rate,0,< 0.08
l0_pce_rate_line_2026-06.csv,A3318501118225003,10699,residential_rate,0,effective_residential_rate,0,< 0.08
l0_pce_rate_line_2026-06.csv,A3325301118225003,10707,residential_rate,0,effective_residential_rate,-0.3642,< 0.08
l0_pce_rate_line_2026-06.csv,A3320700418225003,10714,residential_rate,0,effective_residential_rate,0,< 0.08
l0_pce_rate_line_2026-06.csv,A3317501018225003,10716,residential_rate,0,effective_residential_rate,0,< 0.08
l0_pce_rate_line_2026-06.csv,A3327101018225003,10724,residential_rate,0,effective_residential_rate,0,< 0.08
l0_pce_rate_line_2026-06.csv,A3327101118225003,10726,residential_rate,0,effective_residential_rate,0,< 0.08
l0_pce_rate_line_2026-06.csv,A3321701118225003,10729,residential_rate,0,effective_residential_rate,0,< 0.08
l0_pce_rate_line_2026-06.csv,A3310901118225003,10738,residential_rate,0,effective_residential_rate,0,< 0.08
l0_pce_rate_line_2026-06.csv,A3310901118225003,10739,residential_rate,0,effective_residential_rate,0,< 0.08
l0_pce_rate_line_2026-06.csv,A3324200818225003,10748,residential_rate,0,effective_residential_rate,-0.1006,< 0.08
l0_pce_rate_line_2026-06.csv,A3324200918225003,10750,residential_rate,0,effective_residential_rate,-0.1006,< 0.08
l0_pce_rate_line_2026-06.csv,A3324201018225003,10752,residential_rate,0,effective_residential_rate,-0.1006,< 0.08
l0_pce_rate_line_2026-06.csv,A3324201118225003,10754,residential_rate,0,effective_residential_rate,-0.1006,< 0.08
l0_pce_rate_line_2026-06.csv,A3324201118225003,10755,residential_rate,0,effective_residential_rate,0,< 0.08
l0_pce_rate_line_2026-06.csv,A3325601118225003,10757,residential_rate,0,effective_residential_rate,-0.2988,< 0.08
l0_pce_rate_line_2026-06.csv,A3323501018225003,10776,residential_rate,0,effective_residential_rate,-0.0242,< 0.08
l0_pce_rate_line_2026-06.csv,A3323501018225003,10777,residential_rate,0,effective_residential_rate,-0.1242,< 0.08
l0_pce_rate_line_2026-06.csv,A3323601018225003,10779,residential_rate,0,effective_residential_rate,-0.0242,< 0.08
l0_pce_rate_line_2026-06.csv,A3323601018225003,10780,residential_rate,0,effective_residential_rate,-0.1242,< 0.08
l0_pce_rate_line_2026-06.csv,A3323701018225003,10782,residential_rate,0,effective_residential_rate,-0.0242,< 0.08
l0_pce_rate_line_2026-06.csv,A3323701018225003,10783,residential_rate,0,effective_residential_rate,-0.1242,< 0.08
l0_pce_rate_line_2026-06.csv,A3323801018225003,10785,residential_rate,0,effective_residential_rate,-0.0242,< 0.08
l0_pce_rate_line_2026-06.csv,A3323801018225003,10786,residential_rate,0,effective_residential_rate,-0.1242,< 0.08
l0_pce_rate_line_2026-06.csv,A3323901018225003,10788,residential_rate,0,effective_residential_rate,-0.0242,< 0.08
l0_pce_rate_line_2026-06.csv,A3323901018225003,10789,residential_rate,0,effective_residential_rate,-0.1242,< 0.08
l0_pce_rate_line_2026-06.csv,A3324001018225003,10792,residential_rate,0,effective_residential_rate,-0.1242,< 0.08
l0_pce_rate_line_2026-06.csv,A3324101018225003,10794,residential_rate,0,effective_residential_rate,-0.0242,< 0.08
l0_pce_rate_line_2026-06.csv,A3324101018225003,10795,residential_rate,0,effective_residential_rate,-0.1242,< 0.08
l0_pce_rate_line_2026-06.csv,A3319201218225003,10797,residential_rate,0,effective_residential_rate,0,< 0.08
l0_pce_rate_line_2026-06.csv,A3323401118225003,10799,residential_rate,0,effective_residential_rate,0,< 0.08
l0_pce_rate_line_2026-06.csv,A3312201118225003,10805,residential_rate,0,effective_residential_rate,0,< 0.08
l0_pce_rate_line_2026-06.csv,A3320201118225003,10808,residential_rate,0,effective_residential_rate,-0.3647,< 0.08
l0_pce_rate_line_2026-06.csv,A3310051118225003,10810,residential_rate,0,effective_residential_rate,0,< 0.08
l0_pce_rate_line_2026-06.csv,A3311401118225003,10824,residential_rate,0,effective_residential_rate,0,< 0.08
l0_pce_rate_line_2026-06.csv,A3311551118225003,10827,residential_rate,0,effective_residential_rate,0,< 0.08
l0_pce_rate_line_2026-06.csv,A3311901118225003,10832,residential_rate,0,effective_residential_rate,0,< 0.08
l0_pce_rate_line_2026-06.csv,A3312301118225003,10834,residential_rate,0,effective_residential_rate,0,< 0.08
l0_pce_rate_line_2026-06.csv,A3312101118225003,10836,residential_rate,0,effective_residential_rate,0,< 0.08
l0_pce_rate_line_2026-06.csv,A3321701218225003,11009,residential_rate,0,effective_residential_rate,0,< 0.08
l0_pce_rate_line_2026-06.csv,A3325601218225003,11044,residential_rate,0,effective_residential_rate,-0.2988,< 0.08
l0_pce_rate_line_2026-06.csv,A3328601218225003,11060,residential_rate,0,effective_residential_rate,0,< 0.08
l0_pce_rate_line_2026-06.csv,A3320501218225003,11063,residential_rate,0,effective_residential_rate,0,< 0.08
l0_pce_rate_line_2026-06.csv,A3310051218225003,11070,residential_rate,0,effective_residential_rate,0,< 0.08
l0_pce_rate_line_2026-06.csv,A3320101218225003,11075,residential_rate,0,effective_residential_rate,0,< 0.08
l0_pce_rate_line_2026-06.csv,A3323501118225003,11081,residential_rate,0,effective_residential_rate,-0.0242,< 0.08
l0_pce_rate_line_2026-06.csv,A3323501118225003,11082,residential_rate,0,effective_residential_rate,-0.1242,< 0.08
l0_pce_rate_line_2026-06.csv,A3323601118225003,11084,residential_rate,0,effective_residential_rate,-0.0242,< 0.08
l0_pce_rate_line_2026-06.csv,A3323601118225003,11085,residential_rate,0,effective_residential_rate,-0.1242,< 0.08
l0_pce_rate_line_2026-06.csv,A3323701118225003,11087,residential_rate,0,effective_residential_rate,-0.0242,< 0.08
l0_pce_rate_line_2026-06.csv,A3323701118225003,11088,residential_rate,0,effective_residential_rate,-0.1242,< 0.08
l0_pce_rate_line_2026-06.csv,A3323801118225003,11090,residential_rate,0,effective_residential_rate,-0.0242,< 0.08
l0_pce_rate_line_2026-06.csv,A3323801118225003,11091,residential_rate,0,effective_residential_rate,-0.1242,< 0.08
l0_pce_rate_line_2026-06.csv,A3323801118225003,11092,residential_rate,0,effective_residential_rate,0,< 0.08
l0_pce_rate_line_2026-06.csv,A3323901118225003,11094,residential_rate,0,effective_residential_rate,-0.0242,< 0.08
l0_pce_rate_line_2026-06.csv,A3323901118225003,11095,residential_rate,0,effective_residential_rate,-0.1242,< 0.08
l0_pce_rate_line_2026-06.csv,A3324001118225003,11097,residential_rate,0,effective_residential_rate,-0.0242,< 0.08
l0_pce_rate_line_2026-06.csv,A3324101118225003,11099,residential_rate,0,effective_residential_rate,-0.0242,< 0.08
l0_pce_rate_line_2026-06.csv,A3323400119225003,11147,residential_rate,0,effective_residential_rate,0,< 0.08
l0_pce_rate_line_2026-06.csv,A3323501218225003,11153,residential_rate,0,effective_residential_rate,-0.0242,< 0.08
l0_pce_rate_line_2026-06.csv,A3323501218225003,11154,residential_rate,0,effective_residential_rate,-0.1242,< 0.08
l0_pce_rate_line_2026-06.csv,A3323601218225003,11156,residential_rate,0,effective_residential_rate,-0.0242,< 0.08
l0_pce_rate_line_2026-06.csv,A3323601218225003,11157,residential_rate,0,effective_residential_rate,-0.1242,< 0.08
l0_pce_rate_line_2026-06.csv,A3323701218225003,11159,residential_rate,0,effective_residential_rate,-0.0242,< 0.08
l0_pce_rate_line_2026-06.csv,A3323701218225003,11160,residential_rate,0,effective_residential_rate,-0.1242,< 0.08
l0_pce_rate_line_2026-06.csv,A3323801218225003,11162,residential_rate,0,effective_residential_rate,-0.0242,< 0.08
l0_pce_rate_line_2026-06.csv,A3323801218225003,11163,residential_rate,0,effective_residential_rate,-0.1242,< 0.08
l0_pce_rate_line_2026-06.csv,A3323901218225003,11165,residential_rate,0,effective_residential_rate,-0.0242,< 0.08
l0_pce_rate_line_2026-06.csv,A3323901218225003,11166,residential_rate,0,effective_residential_rate,-0.1242,< 0.08
l0_pce_rate_line_2026-06.csv,A3324101218225003,11168,residential_rate,0,effective_residential_rate,-0.0242,< 0.08
l0_pce_rate_line_2026-06.csv,A3324101218225003,11169,residential_rate,0,effective_residential_rate,-0.1242,< 0.08
l0_pce_rate_line_2026-06.csv,A3319200118225003,11176,residential_rate,0,effective_residential_rate,0,< 0.08
l0_pce_rate_line_2026-06.csv,A3320500118225003,11363,residential_rate,0,effective_residential_rate,0,< 0.08
l0_pce_rate_line_2026-06.csv,A3324001218225003,11399,residential_rate,0,effective_residential_rate,-0.0242,< 0.08
l0_pce_rate_line_2026-06.csv,A3324001218225003,11400,residential_rate,0,effective_residential_rate,-0.1242,< 0.08
l0_pce_rate_line_2026-06.csv,A3324001218225003,11401,residential_rate,0,effective_residential_rate,0,< 0.08
l0_pce_rate_line_2026-06.csv,A3320401218225003,11403,residential_rate,0,effective_residential_rate,-0.4998,< 0.08
l0_pce_rate_line_2026-06.csv,A3321700119225003,11405,residential_rate,0,effective_residential_rate,0,< 0.08
l0_pce_rate_line_2026-06.csv,A3322900119225003,11407,residential_rate,0,effective_residential_rate,-0.3122,< 0.08
l0_pce_rate_line_2026-06.csv,A3320200119225003,11420,residential_rate,0,effective_residential_rate,-0.3504,< 0.08
l0_pce_rate_line_2026-06.csv,A3320100118225003,11435,residential_rate,0,effective_residential_rate,0,< 0.08
l0_pce_rate_line_2026-06.csv,A3311200118225003,11437,residential_rate,0,effective_residential_rate,0,< 0.08
l0_pce_rate_line_2026-06.csv,A3320400119225003,11614,residential_rate,0,effective_residential_rate,-0.4998,< 0.08
l0_pce_rate_line_2026-06.csv,A3325801218225003,11618,residential_rate,0,effective_residential_rate,-0.4605,< 0.08
l0_pce_rate_line_2026-06.csv,A3325801218225003,11619,residential_rate,0,effective_residential_rate,0,< 0.08
l0_pce_rate_line_2026-06.csv,A3320500219225003,11624,residential_rate,0,effective_residential_rate,0,< 0.08
l0_pce_rate_line_2026-06.csv,A3320500218225003,11625,residential_rate,0,effective_residential_rate,0,< 0.08
l0_pce_rate_line_2026-06.csv,A3325600219225003,11639,residential_rate,0,effective_residential_rate,-0.2849,< 0.08
l0_pce_rate_line_2026-06.csv,A3321500219225003,11662,residential_rate,0,effective_residential_rate,0,< 0.08
l0_pce_rate_line_2026-06.csv,A3328600219225003,11670,residential_rate,0,effective_residential_rate,0,< 0.08
l0_pce_rate_line_2026-06.csv,A3319200219225003,11672,residential_rate,0,effective_residential_rate,0,< 0.08
l0_pce_rate_line_2026-06.csv,A3320400219225003,11682,residential_rate,0,effective_residential_rate,-0.4998,< 0.08
l0_pce_rate_line_2026-06.csv,A3320400319225003,11684,residential_rate,0,effective_residential_rate,-0.4998,< 0.08
l0_pce_rate_line_2026-06.csv,A3321700219225003,11688,residential_rate,0,effective_residential_rate,0,< 0.08
l0_pce_rate_line_2026-06.csv,A3323400219225003,11702,residential_rate,0,effective_residential_rate,0,< 0.08
l0_pce_rate_line_2026-06.csv,A3324201218225003,11710,residential_rate,0,effective_residential_rate,-0.1006,< 0.08
l0_pce_rate_line_2026-06.csv,A3325600319225003,11903,residential_rate,0,effective_residential_rate,-0.2849,< 0.08
l0_pce_rate_line_2026-06.csv,A3325600319225003,11904,residential_rate,0,effective_residential_rate,0,< 0.08
l0_pce_rate_line_2026-06.csv,A3311900319225003,11907,residential_rate,0,effective_residential_rate,0,< 0.08
l0_pce_rate_line_2026-06.csv,A3320500319225003,11912,residential_rate,0,effective_residential_rate,0,< 0.08
l0_pce_rate_line_2026-06.csv,A3321700319225003,11926,residential_rate,0,effective_residential_rate,0,< 0.08
l0_pce_rate_line_2026-06.csv,A3319200319225003,11947,residential_rate,0,effective_residential_rate,0,< 0.08
l0_pce_rate_line_2026-06.csv,A3310500218225003,11965,residential_rate,0,effective_residential_rate,0,< 0.08
l0_pce_rate_line_2026-06.csv,A3310500219225003,11966,residential_rate,0,effective_residential_rate,0,< 0.08
l0_pce_rate_line_2026-06.csv,A3311300218225003,11968,residential_rate,0,effective_residential_rate,0,< 0.08
l0_pce_rate_line_2026-06.csv,A3312200219225003,11970,residential_rate,0,effective_residential_rate,0,< 0.08
l0_pce_rate_line_2026-06.csv,A3312200218225003,11971,residential_rate,0,effective_residential_rate,0,< 0.08
l0_pce_rate_line_2026-06.csv,A3322900219225003,11981,residential_rate,0,effective_residential_rate,0,< 0.08
l0_pce_rate_line_2026-06.csv,A3321800119225003,11986,residential_rate,0,effective_residential_rate,0,< 0.08
l0_pce_rate_line_2026-06.csv,A3321800219225003,11988,residential_rate,0,effective_residential_rate,0,< 0.08
l0_pce_rate_line_2026-06.csv,A3323500119225003,11992,residential_rate,0,effective_residential_rate,-0.0098,< 0.08
l0_pce_rate_line_2026-06.csv,A3323500119225003,11993,residential_rate,0,effective_residential_rate,-0.1098,< 0.08
l0_pce_rate_line_2026-06.csv,A3323500219225003,11995,residential_rate,0,effective_residential_rate,-0.0098,< 0.08
l0_pce_rate_line_2026-06.csv,A3323500219225003,11996,residential_rate,0,effective_residential_rate,-0.1098,< 0.08
l0_pce_rate_line_2026-06.csv,A3323600119225003,11998,residential_rate,0,effective_residential_rate,-0.0098,< 0.08
l0_pce_rate_line_2026-06.csv,A3323600119225003,11999,residential_rate,0,effective_residential_rate,-0.1098,< 0.08
l0_pce_rate_line_2026-06.csv,A3323600219225003,12001,residential_rate,0,effective_residential_rate,-0.0098,< 0.08
l0_pce_rate_line_2026-06.csv,A3323600219225003,12002,residential_rate,0,effective_residential_rate,-0.1098,< 0.08
l0_pce_rate_line_2026-06.csv,A3323700119225003,12004,residential_rate,0,effective_residential_rate,-0.0098,< 0.08
l0_pce_rate_line_2026-06.csv,A3323700119225003,12005,residential_rate,0,effective_residential_rate,-0.1098,< 0.08
l0_pce_rate_line_2026-06.csv,A3323700219225003,12007,residential_rate,0,effective_residential_rate,-0.0098,< 0.08
l0_pce_rate_line_2026-06.csv,A3323700219225003,12008,residential_rate,0,effective_residential_rate,-0.1098,< 0.08
l0_pce_rate_line_2026-06.csv,A3323800119225003,12010,residential_rate,0,effective_residential_rate,-0.0098,< 0.08
l0_pce_rate_line_2026-06.csv,A3323800119225003,12011,residential_rate,0,effective_residential_rate,-0.1098,< 0.08
l0_pce_rate_line_2026-06.csv,A3323800119225003,12012,residential_rate,0,effective_residential_rate,0,< 0.08
l0_pce_rate_line_2026-06.csv,A3323800219225003,12014,residential_rate,0,effective_residential_rate,-0.0098,< 0.08
l0_pce_rate_line_2026-06.csv,A3323800219225003,12015,residential_rate,0,effective_residential_rate,-0.1098,< 0.08
l0_pce_rate_line_2026-06.csv,A3323800219225003,12016,residential_rate,0,effective_residential_rate,0,< 0.08
l0_pce_rate_line_2026-06.csv,A3323900119225003,12018,residential_rate,0,effective_residential_rate,-0.0098,< 0.08
l0_pce_rate_line_2026-06.csv,A3323900119225003,12019,residential_rate,0,effective_residential_rate,-0.1098,< 0.08
l0_pce_rate_line_2026-06.csv,A3323900219225003,12021,residential_rate,0,effective_residential_rate,-0.0098,< 0.08
l0_pce_rate_line_2026-06.csv,A3323900219225003,12022,residential_rate,0,effective_residential_rate,-0.1098,< 0.08
l0_pce_rate_line_2026-06.csv,A3324000119225003,12024,residential_rate,0,effective_residential_rate,0,< 0.08
l0_pce_rate_line_2026-06.csv,A3324000219225003,12026,residential_rate,0,effective_residential_rate,-0.0098,< 0.08
l0_pce_rate_line_2026-06.csv,A3324000219225003,12027,residential_rate,0,effective_residential_rate,-0.1098,< 0.08
l0_pce_rate_line_2026-06.csv,A3324100119225003,12029,residential_rate,0,effective_residential_rate,-0.0098,< 0.08
l0_pce_rate_line_2026-06.csv,A3324100119225003,12030,residential_rate,0,effective_residential_rate,-0.1098,< 0.08
l0_pce_rate_line_2026-06.csv,A3324100119225003,12031,residential_rate,0,effective_residential_rate,0,< 0.08
l0_pce_rate_line_2026-06.csv,A3324100219225003,12033,residential_rate,0,effective_residential_rate,-0.0098,< 0.08
l0_pce_rate_line_2026-06.csv,A3312200319225003,12062,residential_rate,0,effective_residential_rate,0,< 0.08
l0_pce_rate_line_2026-06.csv,A3323400419225003,12069,residential_rate,0,effective_residential_rate,0,< 0.08
l0_pce_rate_line_2026-06.csv,A3323400419225003,12070,residential_rate,0,effective_residential_rate,0,< 0.08
l0_pce_rate_line_2026-06.csv,A3313000419225003,12107,residential_rate,0,effective_residential_rate,0,< 0.08
l0_pce_rate_line_2026-06.csv,A3313100419225003,12111,residential_rate,0,effective_residential_rate,0,< 0.08
l0_pce_rate_line_2026-06.csv,A3313400419225003,12121,residential_rate,0,effective_residential_rate,0,< 0.08
l0_pce_rate_line_2026-06.csv,A3321200419225003,12149,residential_rate,0,effective_residential_rate,0,< 0.08
l0_pce_rate_line_2026-06.csv,A3314300419225003,12156,residential_rate,0,effective_residential_rate,0,< 0.08
l0_pce_rate_line_2026-06.csv,A3314700419225003,12169,residential_rate,0,effective_residential_rate,0,< 0.08
l0_pce_rate_line_2026-06.csv,A3315300419225003,12188,residential_rate,0,effective_residential_rate,0,< 0.08
l0_pce_rate_line_2026-06.csv,A3315600419225003,12198,residential_rate,0,effective_residential_rate,0,< 0.08
l0_pce_rate_line_2026-06.csv,A3316200419225003,12217,residential_rate,0,effective_residential_rate,0,< 0.08
l0_pce_rate_line_2026-06.csv,A3316600419225003,12230,residential_rate,0,effective_residential_rate,0,< 0.08
l0_pce_rate_line_2026-06.csv,A3316700419225003,12234,residential_rate,0,effective_residential_rate,0,< 0.08
l0_pce_rate_line_2026-06.csv,A3316800419225003,12238,residential_rate,0,effective_residential_rate,0,< 0.08
l0_pce_rate_line_2026-06.csv,A3317100419225003,12251,residential_rate,0,effective_residential_rate,0,< 0.08
l0_pce_rate_line_2026-06.csv,A3311550419225003,12268,residential_rate,0,effective_residential_rate,0,< 0.08
l0_pce_rate_line_2026-06.csv,A3328800419225003,12282,residential_rate,0,effective_residential_rate,0,< 0.08
l0_pce_rate_line_2026-06.csv,A3325201118225003,12285,residential_rate,0,effective_residential_rate,0,< 0.08
l0_pce_rate_line_2026-06.csv,A3325600419225003,12306,residential_rate,0,effective_residential_rate,-0.285,< 0.08
l0_pce_rate_line_2026-06.csv,A3320500419225003,12313,residential_rate,0,effective_residential_rate,0,< 0.08
l0_pce_rate_line_2026-06.csv,A3323400519225003,12315,residential_rate,0,effective_residential_rate,0,< 0.08
l0_pce_rate_line_2026-06.csv,A3324200119225003,12319,residential_rate,0,effective_residential_rate,-0.0862,< 0.08
l0_pce_rate_line_2026-06.csv,A3324200219225003,12321,residential_rate,0,effective_residential_rate,-0.1175,< 0.08
l0_pce_rate_line_2026-06.csv,A3324200319225003,12323,residential_rate,0,effective_residential_rate,-0.1175,< 0.08
l0_pce_rate_line_2026-06.csv,A3319200419225003,12328,residential_rate,0,effective_residential_rate,0,< 0.08
l0_pce_rate_line_2026-06.csv,A3318700419225003,12337,residential_rate,0,effective_residential_rate,-0.2598,< 0.08
l0_pce_rate_line_2026-06.csv,A3320200219225003,12339,residential_rate,0,effective_residential_rate,-0.3504,< 0.08
l0_pce_rate_line_2026-06.csv,A3320200319225003,12341,residential_rate,0,effective_residential_rate,-0.3504,< 0.08
l0_pce_rate_line_2026-06.csv,A3325300119225003,12344,residential_rate,0,effective_residential_rate,-0.3498,< 0.08
l0_pce_rate_line_2026-06.csv,A3325300219225003,12346,residential_rate,0,effective_residential_rate,-0.3498,< 0.08
l0_pce_rate_line_2026-06.csv,A3325300319225003,12348,residential_rate,0,effective_residential_rate,-0.3498,< 0.08
l0_pce_rate_line_2026-06.csv,A3325300419225003,12350,residential_rate,0,effective_residential_rate,-0.3498,< 0.08
l0_pce_rate_line_2026-06.csv,A3321700419225003,12352,residential_rate,0,effective_residential_rate,0,< 0.08
l0_pce_rate_line_2026-06.csv,A3322800119225003,12368,residential_rate,0,effective_residential_rate,-0.2606,< 0.08
l0_pce_rate_line_2026-06.csv,A3322800119225003,12369,residential_rate,0,effective_residential_rate,0,< 0.08
l0_pce_rate_line_2026-06.csv,A3322800219225003,12371,residential_rate,0,effective_residential_rate,-0.2606,< 0.08
l0_pce_rate_line_2026-06.csv,A3322800219225003,12372,residential_rate,0,effective_residential_rate,0,< 0.08
l0_pce_rate_line_2026-06.csv,A3324300519225003,12541,residential_rate,0,effective_residential_rate,0,< 0.08
l0_pce_rate_line_2026-06.csv,A3327100219225003,12553,residential_rate,0,effective_residential_rate,0,< 0.08
l0_pce_rate_line_2026-06.csv,A3327100319225003,12555,residential_rate,0,effective_residential_rate,0,< 0.08
l0_pce_rate_line_2026-06.csv,A3321700519225003,12557,residential_rate,0,effective_residential_rate,0,< 0.08
l0_pce_rate_line_2026-06.csv,A3318700519225003,12565,residential_rate,0,effective_residential_rate,-0.2598,< 0.08
l0_pce_rate_line_2026-06.csv,A3325600519225003,12568,residential_rate,0,effective_residential_rate,-0.2848,< 0.08
l0_pce_rate_line_2026-06.csv,A3325600519225003,12569,residential_rate,0,effective_residential_rate,0,< 0.08
l0_pce_rate_line_2026-06.csv,A3320500519225003,12587,residential_rate,0,effective_residential_rate,0,< 0.08
l0_pce_rate_line_2026-06.csv,A3320500519225003,12588,residential_rate,0,effective_residential_rate,0,< 0.08
l0_pce_rate_line_2026-06.csv,A3325700319225003,12593,residential_rate,0,effective_residential_rate,0,< 0.08
l0_pce_rate_line_2026-06.csv,A3325700419225003,12595,residential_rate,0,effective_residential_rate,0,< 0.08
l0_pce_rate_line_2026-06.csv,A3310050419225003,12598,residential_rate,0,effective_residential_rate,0,< 0.08
l0_pce_rate_line_2026-06.csv,A3325400419225003,12600,residential_rate,0,effective_residential_rate,0,< 0.08
l0_pce_rate_line_2026-06.csv,A3319200519225003,12604,residential_rate,0,effective_residential_rate,0,< 0.08
l0_pce_rate_line_2026-06.csv,A3317500219225003,12611,residential_rate,0,effective_residential_rate,-0.1902,< 0.08
l0_pce_rate_line_2026-06.csv,A3317500319225003,12613,residential_rate,0,effective_residential_rate,-0.1902,< 0.08
l0_pce_rate_line_2026-06.csv,A3324200419225003,12634,residential_rate,0,effective_residential_rate,-0.1175,< 0.08
l0_pce_rate_line_2026-06.csv,A3324200519225003,12636,residential_rate,0,effective_residential_rate,-0.1175,< 0.08
l0_pce_rate_line_2026-06.csv,A3320400419225003,12645,residential_rate,0,effective_residential_rate,-0.4998,< 0.08
l0_pce_rate_line_2026-06.csv,A3323500319225003,12647,residential_rate,0,effective_residential_rate,-0.0098,< 0.08
l0_pce_rate_line_2026-06.csv,A3323500319225003,12648,residential_rate,0,effective_residential_rate,-0.1098,< 0.08
l0_pce_rate_line_2026-06.csv,A3323500419225003,12650,residential_rate,0,effective_residential_rate,-0.0098,< 0.08
l0_pce_rate_line_2026-06.csv,A3323500419225003,12651,residential_rate,0,effective_residential_rate,-0.1098,< 0.08
l0_pce_rate_line_2026-06.csv,A3323600319225003,12653,residential_rate,0,effective_residential_rate,-0.0098,< 0.08
l0_pce_rate_line_2026-06.csv,A3323600319225003,12654,residential_rate,0,effective_residential_rate,-0.1098,< 0.08
l0_pce_rate_line_2026-06.csv,A3323600419225003,12656,residential_rate,0,effective_residential_rate,-0.0098,< 0.08
l0_pce_rate_line_2026-06.csv,A3323600419225003,12657,residential_rate,0,effective_residential_rate,-0.1098,< 0.08
l0_pce_rate_line_2026-06.csv,A3323700319225003,12659,residential_rate,0,effective_residential_rate,-0.0098,< 0.08
l0_pce_rate_line_2026-06.csv,A3323700319225003,12660,residential_rate,0,effective_residential_rate,-0.1098,< 0.08
l0_pce_rate_line_2026-06.csv,A3323700419225003,12662,residential_rate,0,effective_residential_rate,-0.0098,< 0.08
l0_pce_rate_line_2026-06.csv,A3323700419225003,12663,residential_rate,0,effective_residential_rate,-0.1098,< 0.08
l0_pce_rate_line_2026-06.csv,A3323800319225003,12665,residential_rate,0,effective_residential_rate,-0.0098,< 0.08
l0_pce_rate_line_2026-06.csv,A3323800319225003,12666,residential_rate,0,effective_residential_rate,-0.1098,< 0.08
l0_pce_rate_line_2026-06.csv,A3323800419225003,12668,residential_rate,0,effective_residential_rate,-0.0098,< 0.08
l0_pce_rate_line_2026-06.csv,A3323800419225003,12669,residential_rate,0,effective_residential_rate,-0.1098,< 0.08
l0_pce_rate_line_2026-06.csv,A3323900319225003,12671,residential_rate,0,effective_residential_rate,-0.0098,< 0.08
l0_pce_rate_line_2026-06.csv,A3323900319225003,12672,residential_rate,0,effective_residential_rate,-0.1098,< 0.08
l0_pce_rate_line_2026-06.csv,A3323900419225003,12674,residential_rate,0,effective_residential_rate,-0.0098,< 0.08
l0_pce_rate_line_2026-06.csv,A3323900419225003,12675,residential_rate,0,effective_residential_rate,-0.1098,< 0.08
l0_pce_rate_line_2026-06.csv,A3324000319225003,12677,residential_rate,0,effective_residential_rate,-0.0098,< 0.08
l0_pce_rate_line_2026-06.csv,A3324000419225003,12679,residential_rate,0,effective_residential_rate,-0.0098,< 0.08
l0_pce_rate_line_2026-06.csv,A3324100319225003,12681,residential_rate,0,effective_residential_rate,-0.0098,< 0.08
l0_pce_rate_line_2026-06.csv,A3324100319225003,12682,residential_rate,0,effective_residential_rate,-0.1098,< 0.08
l0_pce_rate_line_2026-06.csv,A3324100419225003,12684,residential_rate,0,effective_residential_rate,-0.0098,< 0.08
l0_pce_rate_line_2026-06.csv,A3324100419225003,12685,residential_rate,0,effective_residential_rate,-0.1098,< 0.08
l0_pce_rate_line_2026-06.csv,A3325300519225003,12860,residential_rate,0,effective_residential_rate,-0.3498,< 0.08
l0_pce_rate_line_2026-06.csv,A3320100519225003,12871,residential_rate,0,effective_residential_rate,0,< 0.08
l0_pce_rate_line_2026-06.csv,A3311200519225003,12873,residential_rate,0,effective_residential_rate,0,< 0.08
l0_pce_rate_line_2026-06.csv,A3310050519225003,12896,residential_rate,0,effective_residential_rate,0,< 0.08
l0_pce_rate_line_2026-06.csv,A3321700619225003,12903,residential_rate,0,effective_residential_rate,0,< 0.08
l0_pce_rate_line_2026-06.csv,A3320400619225003,12905,residential_rate,0,effective_residential_rate,-0.4998,< 0.08
l0_pce_rate_line_2026-06.csv,A3323400619225003,12920,residential_rate,0,effective_residential_rate,0,< 0.08
l0_pce_rate_line_2026-06.csv,A3318700619225003,12927,residential_rate,0,effective_residential_rate,-0.2598,< 0.08
l0_pce_rate_line_2026-06.csv,A3319200619225003,12929,residential_rate,0,effective_residential_rate,0,< 0.08
l0_pce_rate_line_2026-06.csv,A3319200619225003,12930,residential_rate,0,effective_residential_rate,0,< 0.08
l0_pce_rate_line_2026-06.csv,A3320500619225003,12932,residential_rate,0,effective_residential_rate,0,< 0.08
l0_pce_rate_line_2026-06.csv,A3325400519225003,12957,residential_rate,0,effective_residential_rate,0,< 0.08
l0_pce_rate_line_2026-06.csv,A3326300619225003,12970,residential_rate,0,effective_residential_rate,0,< 0.08
l0_pce_rate_line_2026-06.csv,A3312200619225003,13163,residential_rate,0,effective_residential_rate,0,< 0.08
l0_pce_rate_line_2026-06.csv,A3325300619225003,13170,residential_rate,0,effective_residential_rate,-0.3498,< 0.08
l0_pce_rate_line_2026-06.csv,A3325300619225003,13171,residential_rate,0,effective_residential_rate,0,< 0.08
l0_pce_rate_line_2026-06.csv,A3320100719225003,13183,residential_rate,0,effective_residential_rate,0,< 0.08
l0_pce_rate_line_2026-06.csv,A3323400719225003,13192,residential_rate,0,effective_residential_rate,0,< 0.08
l0_pce_rate_line_2026-06.csv,A3320400719225003,13194,residential_rate,0,effective_residential_rate,-0.4998,< 0.08
l0_pce_rate_line_2026-06.csv,A3318700719225003,13200,residential_rate,0,effective_residential_rate,-0.2598,< 0.08
l0_pce_rate_line_2026-06.csv,A3321700719225003,13208,residential_rate,0,effective_residential_rate,0,< 0.08
l0_pce_rate_line_2026-06.csv,A3325600719225003,13216,residential_rate,0,effective_residential_rate,-0.285,< 0.08
l0_pce_rate_line_2026-06.csv,A3315200819225003,13328,residential_rate,0,effective_residential_rate,0,< 0.08
l0_pce_rate_line_2026-06.csv,A3320500719225003,13400,residential_rate,0,effective_residential_rate,0,< 0.08
l0_pce_rate_line_2026-06.csv,A3320500719225003,13401,residential_rate,0,effective_residential_rate,0,< 0.08
l0_pce_rate_line_2026-06.csv,A3320500819225003,13403,residential_rate,0,effective_residential_rate,0,< 0.08
l0_pce_rate_line_2026-06.csv,A3320500819225003,13404,residential_rate,0,effective_residential_rate,0,< 0.08
l0_pce_rate_line_2026-06.csv,A3320400819225003,13412,residential_rate,0,effective_residential_rate,-0.4998,< 0.08
l0_pce_rate_line_2026-06.csv,A3323400819225003,13426,residential_rate,0,effective_residential_rate,0,< 0.08
l0_pce_rate_line_2026-06.csv,A3320200419225003,13433,residential_rate,0,effective_residential_rate,-0.3504,< 0.08
l0_pce_rate_line_2026-06.csv,A3320200519225003,13435,residential_rate,0,effective_residential_rate,-0.3504,< 0.08
l0_pce_rate_line_2026-06.csv,A3320200619225003,13437,residential_rate,0,effective_residential_rate,-0.3504,< 0.08
l0_pce_rate_line_2026-06.csv,A3325300719225003,13439,residential_rate,0,effective_residential_rate,-0.3498,< 0.08
l0_pce_rate_line_2026-06.csv,A3325300719225003,13440,residential_rate,0,effective_residential_rate,0,< 0.08
l0_pce_rate_line_2026-06.csv,A3310700719225003,13473,residential_rate,0,effective_residential_rate,0,< 0.08
l0_pce_rate_line_2026-06.csv,A3312200719225003,13482,residential_rate,0,effective_residential_rate,0,< 0.08
l0_pce_rate_line_2026-06.csv,A3319200719225003,13845,residential_rate,0,effective_residential_rate,0,< 0.08
l0_pce_rate_line_2026-06.csv,A3323400919225003,13847,residential_rate,0,effective_residential_rate,0,< 0.08
l0_pce_rate_line_2026-06.csv,A3320500919225003,13858,residential_rate,0,effective_residential_rate,0,< 0.08
l0_pce_rate_line_2026-06.csv,A3323500519225003,13871,residential_rate,0,effective_residential_rate,-0.0098,< 0.08
l0_pce_rate_line_2026-06.csv,A3323500519225003,13872,residential_rate,0,effective_residential_rate,-0.1098,< 0.08
l0_pce_rate_line_2026-06.csv,A3323600519225003,13874,residential_rate,0,effective_residential_rate,-0.0098,< 0.08
l0_pce_rate_line_2026-06.csv,A3323600519225003,13875,residential_rate,0,effective_residential_rate,-0.1098,< 0.08
l0_pce_rate_line_2026-06.csv,A3323700519225003,13877,residential_rate,0,effective_residential_rate,-0.0098,< 0.08
l0_pce_rate_line_2026-06.csv,A3323700519225003,13878,residential_rate,0,effective_residential_rate,-0.1098,< 0.08
l0_pce_rate_line_2026-06.csv,A3323800519225003,13880,residential_rate,0,effective_residential_rate,-0.0098,< 0.08
l0_pce_rate_line_2026-06.csv,A3323800519225003,13881,residential_rate,0,effective_residential_rate,-0.1098,< 0.08
l0_pce_rate_line_2026-06.csv,A3323900519225003,13883,residential_rate,0,effective_residential_rate,-0.0098,< 0.08
l0_pce_rate_line_2026-06.csv,A3323900519225003,13884,residential_rate,0,effective_residential_rate,-0.1098,< 0.08
l0_pce_rate_line_2026-06.csv,A3324000519225003,13886,residential_rate,0,effective_residential_rate,-0.0098,< 0.08
l0_pce_rate_line_2026-06.csv,A3324000519225003,13887,residential_rate,0,effective_residential_rate,-0.1098,< 0.08
l0_pce_rate_line_2026-06.csv,A3324100519225003,13889,residential_rate,0,effective_residential_rate,-0.0098,< 0.08
l0_pce_rate_line_2026-06.csv,A3324100519225003,13890,residential_rate,0,effective_residential_rate,-0.1098,< 0.08
l0_pce_rate_line_2026-06.csv,A3324200619225003,13895,residential_rate,0,effective_residential_rate,-0.1175,< 0.08
l0_pce_rate_line_2026-06.csv,A3323401019225003,13899,residential_rate,0,effective_residential_rate,0,< 0.08
l0_pce_rate_line_2026-06.csv,A3323500619225003,13903,residential_rate,0,effective_residential_rate,-0.0098,< 0.08
l0_pce_rate_line_2026-06.csv,A3323500619225003,13904,residential_rate,0,effective_residential_rate,-0.1098,< 0.08
l0_pce_rate_line_2026-06.csv,A3323600619225003,13906,residential_rate,0,effective_residential_rate,-0.0098,< 0.08
l0_pce_rate_line_2026-06.csv,A3323600619225003,13907,residential_rate,0,effective_residential_rate,-0.1098,< 0.08
l0_pce_rate_line_2026-06.csv,A3323700619225003,13909,residential_rate,0,effective_residential_rate,-0.0098,< 0.08
l0_pce_rate_line_2026-06.csv,A3323700619225003,13910,residential_rate,0,effective_residential_rate,-0.1098,< 0.08
l0_pce_rate_line_2026-06.csv,A3323800619225003,13912,residential_rate,0,effective_residential_rate,-0.0098,< 0.08
l0_pce_rate_line_2026-06.csv,A3323800619225003,13913,residential_rate,0,effective_residential_rate,-0.1098,< 0.08
l0_pce_rate_line_2026-06.csv,A3323900619225003,13915,residential_rate,0,effective_residential_rate,-0.0098,< 0.08
l0_pce_rate_line_2026-06.csv,A3323900619225003,13916,residential_rate,0,effective_residential_rate,-0.1098,< 0.08
l0_pce_rate_line_2026-06.csv,A3324000619225003,13918,residential_rate,0,effective_residential_rate,-0.0098,< 0.08
l0_pce_rate_line_2026-06.csv,A3324000619225003,13919,residential_rate,0,effective_residential_rate,-0.1098,< 0.08
l0_pce_rate_line_2026-06.csv,A3324100619225003,13921,residential_rate,0,effective_residential_rate,-0.0098,< 0.08
l0_pce_rate_line_2026-06.csv,A3324100619225003,13922,residential_rate,0,effective_residential_rate,-0.1098,< 0.08
l0_pce_rate_line_2026-06.csv,A3321700819225003,13924,residential_rate,0,effective_residential_rate,0,< 0.08
l0_pce_rate_line_2026-06.csv,A3319200819225003,13959,residential_rate,0,effective_residential_rate,0,< 0.08
l0_pce_rate_line_2026-06.csv,A3322800319225003,13961,residential_rate,0,effective_residential_rate,-0.2606,< 0.08
l0_pce_rate_line_2026-06.csv,A3322800419225003,13963,residential_rate,0,effective_residential_rate,-0.2606,< 0.08
l0_pce_rate_line_2026-06.csv,A3322800519225003,13965,residential_rate,0,effective_residential_rate,-0.2606,< 0.08
l0_pce_rate_line_2026-06.csv,A3322800519225003,13966,residential_rate,0,effective_residential_rate,0,< 0.08
l0_pce_rate_line_2026-06.csv,A3325600819225003,13971,residential_rate,0,effective_residential_rate,-0.2848,< 0.08
l0_pce_rate_line_2026-06.csv,A3325600919225003,13976,residential_rate,0,effective_residential_rate,-0.2847,< 0.08
l0_pce_rate_line_2026-06.csv,A3325601019225003,13978,residential_rate,0,effective_residential_rate,-0.2844,< 0.08
l0_pce_rate_line_2026-06.csv,A3320401019225003,13983,residential_rate,0,effective_residential_rate,-0.4998,< 0.08
l0_pce_rate_line_2026-06.csv,A3317601119225003,13989,residential_rate,0,effective_residential_rate,0,< 0.08
l0_pce_rate_line_2026-06.csv,A3318700819225003,14008,residential_rate,0,effective_residential_rate,-0.2598,< 0.08
l0_pce_rate_line_2026-06.csv,A3323500719225003,14015,residential_rate,0,effective_residential_rate,-0.0098,< 0.08
l0_pce_rate_line_2026-06.csv,A3323500719225003,14016,residential_rate,0,effective_residential_rate,-0.1098,< 0.08
l0_pce_rate_line_2026-06.csv,A3323600719225003,14018,residential_rate,0,effective_residential_rate,-0.0098,< 0.08
l0_pce_rate_line_2026-06.csv,A3323600719225003,14019,residential_rate,0,effective_residential_rate,-0.1098,< 0.08
l0_pce_rate_line_2026-06.csv,A3323700719225003,14021,residential_rate,0,effective_residential_rate,-0.0098,< 0.08
l0_pce_rate_line_2026-06.csv,A3323700719225003,14022,residential_rate,0,effective_residential_rate,-0.1098,< 0.08
l0_pce_rate_line_2026-06.csv,A3323800719225003,14024,residential_rate,0,effective_residential_rate,-0.0098,< 0.08
l0_pce_rate_line_2026-06.csv,A3323800719225003,14025,residential_rate,0,effective_residential_rate,-0.1098,< 0.08
l0_pce_rate_line_2026-06.csv,A3323900719225003,14027,residential_rate,0,effective_residential_rate,-0.0098,< 0.08
l0_pce_rate_line_2026-06.csv,A3323900719225003,14028,residential_rate,0,effective_residential_rate,-0.1098,< 0.08
l0_pce_rate_line_2026-06.csv,A3324000719225003,14030,residential_rate,0,effective_residential_rate,-0.0098,< 0.08
l0_pce_rate_line_2026-06.csv,A3324000719225003,14031,residential_rate,0,effective_residential_rate,-0.1098,< 0.08
l0_pce_rate_line_2026-06.csv,A3324100719225003,14033,residential_rate,0,effective_residential_rate,-0.0098,< 0.08
l0_pce_rate_line_2026-06.csv,A3324100719225003,14034,residential_rate,0,effective_residential_rate,-0.1098,< 0.08
l0_pce_rate_line_2026-06.csv,A3323401119225003,14217,residential_rate,0,effective_residential_rate,0,< 0.08
l0_pce_rate_line_2026-06.csv,A3321700919225003,14219,residential_rate,0,effective_residential_rate,0,< 0.08
l0_pce_rate_line_2026-06.csv,A3325300919225003,14234,residential_rate,0,effective_residential_rate,-0.3498,< 0.08
l0_pce_rate_line_2026-06.csv,A3325301019225003,14236,residential_rate,0,effective_residential_rate,-0.3498,< 0.08
l0_pce_rate_line_2026-06.csv,A3318700919225003,14245,residential_rate,0,effective_residential_rate,-0.2598,< 0.08
l0_pce_rate_line_2026-06.csv,A3325300819225003,14248,residential_rate,0,effective_residential_rate,-0.3498,< 0.08
l0_pce_rate_line_2026-06.csv,A3325300819225003,14249,residential_rate,0,effective_residential_rate,0,< 0.08
l0_pce_rate_line_2026-06.csv,A3319200919225003,14253,residential_rate,0,effective_residential_rate,0,< 0.08
l0_pce_rate_line_2026-06.csv,A3323500819225003,14260,residential_rate,0,effective_residential_rate,-0.0098,< 0.08
l0_pce_rate_line_2026-06.csv,A3323500819225003,14261,residential_rate,0,effective_residential_rate,-0.1098,< 0.08
l0_pce_rate_line_2026-06.csv,A3323600819225003,14263,residential_rate,0,effective_residential_rate,-0.0098,< 0.08
l0_pce_rate_line_2026-06.csv,A3323600819225003,14264,residential_rate,0,effective_residential_rate,-0.1098,< 0.08
l0_pce_rate_line_2026-06.csv,A3323700819225003,14266,residential_rate,0,effective_residential_rate,-0.0098,< 0.08
l0_pce_rate_line_2026-06.csv,A3323700819225003,14267,residential_rate,0,effective_residential_rate,-0.1098,< 0.08
l0_pce_rate_line_2026-06.csv,A3323800819225003,14269,residential_rate,0,effective_residential_rate,-0.0098,< 0.08
l0_pce_rate_line_2026-06.csv,A3323800819225003,14270,residential_rate,0,effective_residential_rate,-0.1098,< 0.08
l0_pce_rate_line_2026-06.csv,A3323900819225003,14272,residential_rate,0,effective_residential_rate,-0.0098,< 0.08
l0_pce_rate_line_2026-06.csv,A3323900819225003,14273,residential_rate,0,effective_residential_rate,-0.1098,< 0.08
l0_pce_rate_line_2026-06.csv,A3324000819225003,14275,residential_rate,0,effective_residential_rate,-0.0098,< 0.08
l0_pce_rate_line_2026-06.csv,A3324000819225003,14276,residential_rate,0,effective_residential_rate,-0.1098,< 0.08
l0_pce_rate_line_2026-06.csv,A3324100819225003,14278,residential_rate,0,effective_residential_rate,-0.0098,< 0.08
l0_pce_rate_line_2026-06.csv,A3324100819225003,14279,residential_rate,0,effective_residential_rate,-0.1098,< 0.08
l0_pce_rate_line_2026-06.csv,A3325000919225003,14281,residential_rate,0,effective_residential_rate,-0.2988,< 0.08
l0_pce_rate_line_2026-06.csv,A3325900919225003,14300,residential_rate,0,effective_residential_rate,0,< 0.08
l0_pce_rate_line_2026-06.csv,A3320501019225003,14321,residential_rate,0,effective_residential_rate,0,< 0.08
l0_pce_rate_line_2026-06.csv,A3320501119225003,14323,residential_rate,0,effective_residential_rate,0,< 0.08
l0_pce_rate_line_2026-06.csv,A3320501119225003,14324,residential_rate,0,effective_residential_rate,0,< 0.08
l0_pce_rate_line_2026-06.csv,A3318701019225003,14352,residential_rate,0,effective_residential_rate,-0.2598,< 0.08
l0_pce_rate_line_2026-06.csv,A3318701119225003,14354,residential_rate,0,effective_residential_rate,-0.2598,< 0.08
l0_pce_rate_line_2026-06.csv,A3325601119225003,14379,residential_rate,0,effective_residential_rate,-0.2841,< 0.08
l0_pce_rate_line_2026-06.csv,A3325601119225003,14380,residential_rate,0,effective_residential_rate,0,< 0.08
l0_pce_rate_line_2026-06.csv,A3319101019225003,14402,residential_rate,0,effective_residential_rate,-0.6322,< 0.08
l0_pce_rate_line_2026-06.csv,A3319101119225003,14404,residential_rate,0,effective_residential_rate,-0.6322,< 0.08
l0_pce_rate_line_2026-06.csv,A3323500919225003,14496,residential_rate,0.1517,effective_residential_rate,0.0419,< 0.08
l0_pce_rate_line_2026-06.csv,A3323501019225003,14499,residential_rate,0.15,effective_residential_rate,0.0402,< 0.08
l0_pce_rate_line_2026-06.csv,A3323501119225003,14502,residential_rate,0.1665,effective_residential_rate,0.0567,< 0.08
l0_pce_rate_line_2026-06.csv,A3323701019225003,14517,residential_rate,0.15,effective_residential_rate,0.0402,< 0.08
l0_pce_rate_line_2026-06.csv,A3323800919225003,14522,residential_rate,0.08,effective_residential_rate,0.0702,< 0.08
l0_pce_rate_line_2026-06.csv,A3323800919225003,14523,residential_rate,0.08,effective_residential_rate,-0.0298,< 0.08
l0_pce_rate_line_2026-06.csv,A3323801019225003,14525,residential_rate,0.08,effective_residential_rate,0.0702,< 0.08
l0_pce_rate_line_2026-06.csv,A3323801019225003,14526,residential_rate,0.08,effective_residential_rate,-0.0298,< 0.08
l0_pce_rate_line_2026-06.csv,A3323801119225003,14528,residential_rate,0.08,effective_residential_rate,0.0702,< 0.08
l0_pce_rate_line_2026-06.csv,A3323801119225003,14529,residential_rate,0.08,effective_residential_rate,-0.0298,< 0.08
l0_pce_rate_line_2026-06.csv,A3324101019225003,14552,residential_rate,0.1826,effective_residential_rate,0.0728,< 0.08
l0_pce_rate_line_2026-06.csv,A3320200719225003,14581,residential_rate,0,effective_residential_rate,-0.3504,< 0.08
l0_pce_rate_line_2026-06.csv,A3320200819225003,14583,residential_rate,0,effective_residential_rate,-0.3504,< 0.08
l0_pce_rate_line_2026-06.csv,A3320200919225003,14585,residential_rate,0,effective_residential_rate,-0.3504,< 0.08
l0_pce_rate_line_2026-06.csv,A3310401219225003,14588,residential_rate,0,effective_residential_rate,0,< 0.08
l0_pce_rate_line_2026-06.csv,A3325601219225003,14591,residential_rate,0,effective_residential_rate,-0.2841,< 0.08
l0_pce_rate_line_2026-06.csv,A3318001219225003,14604,residential_rate,0,effective_residential_rate,0,< 0.08
l0_pce_rate_line_2026-06.csv,A3313801219225003,14645,residential_rate,0,effective_residential_rate,0,< 0.08
l0_pce_rate_line_2026-06.csv,A3314201219225003,14664,residential_rate,0,effective_residential_rate,0,< 0.08
l0_pce_rate_line_2026-06.csv,A3314801219225003,14683,residential_rate,0,effective_residential_rate,0,< 0.08
l0_pce_rate_line_2026-06.csv,A3315101219225003,14693,residential_rate,0,effective_residential_rate,0,< 0.08
l0_pce_rate_line_2026-06.csv,A3315201219225003,14697,residential_rate,0,effective_residential_rate,0,< 0.08
l0_pce_rate_line_2026-06.csv,A3315501219225003,14707,residential_rate,0,effective_residential_rate,0,< 0.08
l0_pce_rate_line_2026-06.csv,A3317301219225003,14765,residential_rate,0,effective_residential_rate,0,< 0.08
l0_pce_rate_line_2026-06.csv,A3323401219225003,14770,residential_rate,0,effective_residential_rate,0,< 0.08
l0_pce_rate_line_2026-06.csv,A3318501219225003,14784,residential_rate,0,effective_residential_rate,-0.3543,< 0.08
l0_pce_rate_line_2026-06.csv,A3318101219225003,14820,residential_rate,0,effective_residential_rate,0,< 0.08
l0_pce_rate_line_2026-06.csv,A3318400919225003,14823,residential_rate,0,effective_residential_rate,-0.5406,< 0.08
l0_pce_rate_line_2026-06.csv,A3310051119225003,14828,residential_rate,0,effective_residential_rate,0,< 0.08
l0_pce_rate_line_2026-06.csv,A3319201219225003,14833,residential_rate,0,effective_residential_rate,0,< 0.08
l0_pce_rate_line_2026-06.csv,A3320201019225003,14838,residential_rate,0,effective_residential_rate,-0.3504,< 0.08
l0_pce_rate_line_2026-06.csv,A3320201119225003,14840,residential_rate,0,effective_residential_rate,-0.3504,< 0.08
l0_pce_rate_line_2026-06.csv,A3320201219225003,14842,residential_rate,0,effective_residential_rate,-0.3504,< 0.08
l0_pce_rate_line_2026-06.csv,A3322800619225003,14849,residential_rate,0,effective_residential_rate,-0.2822,< 0.08
l0_pce_rate_line_2026-06.csv,A3322800619225003,14850,residential_rate,0,effective_residential_rate,0,< 0.08
l0_pce_rate_line_2026-06.csv,A3325901219225003,14859,residential_rate,0,effective_residential_rate,0,< 0.08
l0_pce_rate_line_2026-06.csv,A3322800919225003,14861,residential_rate,0,effective_residential_rate,-0.2822,< 0.08
l0_pce_rate_line_2026-06.csv,A3322801019225003,14863,residential_rate,0,effective_residential_rate,-0.2822,< 0.08
l0_pce_rate_line_2026-06.csv,A3322001219225003,14872,residential_rate,0,effective_residential_rate,0,< 0.08
l0_pce_rate_line_2026-06.csv,A3325301119225003,14876,residential_rate,0,effective_residential_rate,-0.3498,< 0.08
l0_pce_rate_line_2026-06.csv,A3325301219225003,14878,residential_rate,0,effective_residential_rate,-0.349,< 0.08
l0_pce_rate_line_2026-06.csv,A3328901219225003,14880,residential_rate,0,effective_residential_rate,0,< 0.08
l0_pce_rate_line_2026-06.csv,A3323501219225003,14904,residential_rate,0,effective_residential_rate,-0.0098,< 0.08
l0_pce_rate_line_2026-06.csv,A3323501219225003,14905,residential_rate,0,effective_residential_rate,-0.1098,< 0.08
l0_pce_rate_line_2026-06.csv,A3323601219225003,14907,residential_rate,0,effective_residential_rate,-0.0098,< 0.08
l0_pce_rate_line_2026-06.csv,A3323601219225003,14908,residential_rate,0,effective_residential_rate,-0.1098,< 0.08
l0_pce_rate_line_2026-06.csv,A3323701219225003,14910,residential_rate,0,effective_residential_rate,-0.0098,< 0.08
l0_pce_rate_line_2026-06.csv,A3323701219225003,14911,residential_rate,0,effective_residential_rate,-0.1098,< 0.08
l0_pce_rate_line_2026-06.csv,A3323801219225003,14913,residential_rate,0,effective_residential_rate,-0.0098,< 0.08
l0_pce_rate_line_2026-06.csv,A3323801219225003,14914,residential_rate,0,effective_residential_rate,-0.1098,< 0.08
l0_pce_rate_line_2026-06.csv,A3323901219225003,14916,residential_rate,0,effective_residential_rate,-0.0098,< 0.08
l0_pce_rate_line_2026-06.csv,A3323901219225003,14917,residential_rate,0,effective_residential_rate,-0.1098,< 0.08
l0_pce_rate_line_2026-06.csv,A3324001219225003,14919,residential_rate,0,effective_residential_rate,0,< 0.08
l0_pce_rate_line_2026-06.csv,A3324101219225003,14921,residential_rate,0,effective_residential_rate,-0.0098,< 0.08
l0_pce_rate_line_2026-06.csv,A3324101219225003,14922,residential_rate,0,effective_residential_rate,-0.1098,< 0.08
l0_pce_rate_line_2026-06.csv,A3317501219225003,14928,residential_rate,0,effective_residential_rate,0,< 0.08
l0_pce_rate_line_2026-06.csv,A3312600120225003,14939,residential_rate,0,effective_residential_rate,0,< 0.08
l0_pce_rate_line_2026-06.csv,A3312900120225003,14952,residential_rate,0,effective_residential_rate,0,< 0.08
l0_pce_rate_line_2026-06.csv,A3313300120225003,14968,residential_rate,0,effective_residential_rate,0,< 0.08
l0_pce_rate_line_2026-06.csv,A3321200120225003,14999,residential_rate,0,effective_residential_rate,0,< 0.08
l0_pce_rate_line_2026-06.csv,A3314200120225003,15003,residential_rate,0,effective_residential_rate,0,< 0.08
l0_pce_rate_line_2026-06.csv,A3315100120225003,15031,residential_rate,0,effective_residential_rate,0,< 0.08
l0_pce_rate_line_2026-06.csv,A3315200120225003,15035,residential_rate,0,effective_residential_rate,0,< 0.08
l0_pce_rate_line_2026-06.csv,A3315400120225003,15042,residential_rate,0,effective_residential_rate,0,< 0.08
l0_pce_rate_line_2026-06.csv,A3315600120225003,15049,residential_rate,0,effective_residential_rate,0,< 0.08
l0_pce_rate_line_2026-06.csv,A3316100120225003,15065,residential_rate,0,effective_residential_rate,0,< 0.08
l0_pce_rate_line_2026-06.csv,A3316300120225003,15072,residential_rate,0,effective_residential_rate,0,< 0.08
l0_pce_rate_line_2026-06.csv,A3316500120225003,15079,residential_rate,0,effective_residential_rate,0,< 0.08
l0_pce_rate_line_2026-06.csv,A3316800120225003,15089,residential_rate,0,effective_residential_rate,0,< 0.08
l0_pce_rate_line_2026-06.csv,A3317000120225003,15099,residential_rate,0,effective_residential_rate,0,< 0.08
l0_pce_rate_line_2026-06.csv,A3329000120225003,15112,residential_rate,0,effective_residential_rate,0,< 0.08
l0_pce_rate_line_2026-06.csv,A3318701219225003,15114,residential_rate,0,effective_residential_rate,-0.259,< 0.08
l0_pce_rate_line_2026-06.csv,A3319901219225003,15116,residential_rate,0,effective_residential_rate,0,< 0.08
l0_pce_rate_line_2026-06.csv,A3320401119225003,15127,residential_rate,0,effective_residential_rate,-0.4998,< 0.08
l0_pce_rate_line_2026-06.csv,A3320401219225003,15129,residential_rate,0,effective_residential_rate,-0.4998,< 0.08
l0_pce_rate_line_2026-06.csv,A3321701019225003,15133,residential_rate,0,effective_residential_rate,0,< 0.08
l0_pce_rate_line_2026-06.csv,A3321701119225003,15135,residential_rate,0,effective_residential_rate,0,< 0.08
l0_pce_rate_line_2026-06.csv,A3321701219225003,15137,residential_rate,0,effective_residential_rate,0,< 0.08
l0_pce_rate_line_2026-06.csv,A3323400220225003,15151,residential_rate,0,effective_residential_rate,0,< 0.08
l0_pce_rate_line_2026-06.csv,A3325300120225003,15156,residential_rate,0,effective_residential_rate,-0.349,< 0.08
l0_pce_rate_line_2026-06.csv,A3325600120225003,15158,residential_rate,0,effective_residential_rate,-0.2816,< 0.08
l0_pce_rate_line_2026-06.csv,A3318500219225003,15170,residential_rate,0,effective_residential_rate,0,< 0.08
l0_pce_rate_line_2026-06.csv,A3310500120225003,15174,residential_rate,0,effective_residential_rate,-0.6068,< 0.08
l0_pce_rate_line_2026-06.csv,A3310600120225003,15176,residential_rate,0,effective_residential_rate,0,< 0.08
l0_pce_rate_line_2026-06.csv,A3310700120225003,15178,residential_rate,0,effective_residential_rate,0,< 0.08
l0_pce_rate_line_2026-06.csv,A3310800120225003,15180,residential_rate,0,effective_residential_rate,0,< 0.08
l0_pce_rate_line_2026-06.csv,A3310900120225003,15182,residential_rate,0,effective_residential_rate,0,< 0.08
l0_pce_rate_line_2026-06.csv,A3311000120225003,15184,residential_rate,0,effective_residential_rate,0,< 0.08
l0_pce_rate_line_2026-06.csv,A3311100120225003,15186,residential_rate,0,effective_residential_rate,0,< 0.08
l0_pce_rate_line_2026-06.csv,A3320100120225003,15188,residential_rate,0,effective_residential_rate,0,< 0.08
l0_pce_rate_line_2026-06.csv,A3311200120225003,15190,residential_rate,0,effective_residential_rate,0,< 0.08
l0_pce_rate_line_2026-06.csv,A3311300120225003,15192,residential_rate,0,effective_residential_rate,0,< 0.08
l0_pce_rate_line_2026-06.csv,A3311400120225003,15194,residential_rate,0,effective_residential_rate,0,< 0.08
l0_pce_rate_line_2026-06.csv,A3311500120225003,15196,residential_rate,0,effective_residential_rate,0,< 0.08
l0_pce_rate_line_2026-06.csv,A3311550120225003,15198,residential_rate,0,effective_residential_rate,0,< 0.08
l0_pce_rate_line_2026-06.csv,A3311600120225003,15200,residential_rate,0,effective_residential_rate,0,< 0.08
l0_pce_rate_line_2026-06.csv,A3311700120225003,15202,residential_rate,0,effective_residential_rate,0,< 0.08
l0_pce_rate_line_2026-06.csv,A3311800120225003,15204,residential_rate,0,effective_residential_rate,0,< 0.08
l0_pce_rate_line_2026-06.csv,A3311950120225003,15206,residential_rate,0,effective_residential_rate,0,< 0.08
l0_pce_rate_line_2026-06.csv,A3311900120225003,15208,residential_rate,0,effective_residential_rate,0,< 0.08
l0_pce_rate_line_2026-06.csv,A3312000120225003,15210,residential_rate,0,effective_residential_rate,0,< 0.08
l0_pce_rate_line_2026-06.csv,A3312100120225003,15212,residential_rate,0,effective_residential_rate,0,< 0.08
l0_pce_rate_line_2026-06.csv,A3312200120225003,15214,residential_rate,0,effective_residential_rate,0,< 0.08
l0_pce_rate_line_2026-06.csv,A3312300120225003,15216,residential_rate,0,effective_residential_rate,0,< 0.08
l0_pce_rate_line_2026-06.csv,A3318500220225003,15223,residential_rate,0,effective_residential_rate,0,< 0.08
l0_pce_rate_line_2026-06.csv,A3320200120225003,15226,residential_rate,0,effective_residential_rate,0,< 0.08
l0_pce_rate_line_2026-06.csv,A3320500119225003,15237,residential_rate,0,effective_residential_rate,0,< 0.08
l0_pce_rate_line_2026-06.csv,A3320500120225003,15238,residential_rate,0,effective_residential_rate,0,< 0.08
l0_pce_rate_line_2026-06.csv,A3325600220225003,15243,residential_rate,0,effective_residential_rate,-0.2807,< 0.08
l0_pce_rate_line_2026-06.csv,A3320400120225003,15247,residential_rate,0,effective_residential_rate,-0.499,< 0.08
l0_pce_rate_line_2026-06.csv,A3325000219225003,15249,residential_rate,0,effective_residential_rate,0,< 0.08
l0_pce_rate_line_2026-06.csv,A3318200120225003,15252,residential_rate,0,effective_residential_rate,0,< 0.08
l0_pce_rate_line_2026-06.csv,A3320400220225003,15254,residential_rate,0,effective_residential_rate,-0.499,< 0.08
l0_pce_rate_line_2026-06.csv,A3320400220225003,15255,residential_rate,0,effective_residential_rate,0,< 0.08
l0_pce_rate_line_2026-06.csv,A3318800219225003,15258,residential_rate,0,effective_residential_rate,0,< 0.08
l0_pce_rate_line_2026-06.csv,A3321700120225003,15260,residential_rate,0,effective_residential_rate,0,< 0.08
l0_pce_rate_line_2026-06.csv,A3321700220225003,15262,residential_rate,0,effective_residential_rate,0,< 0.08
l0_pce_rate_line_2026-06.csv,A3326100219225003,15267,residential_rate,0,effective_residential_rate,0,< 0.08
l0_pce_rate_line_2026-06.csv,A3313700220225003,15324,residential_rate,0,effective_residential_rate,0,< 0.08
l0_pce_rate_line_2026-06.csv,A3319200119225003,15446,residential_rate,0,effective_residential_rate,0,< 0.08
l0_pce_rate_line_2026-06.csv,A3325100219225003,15449,residential_rate,0,effective_residential_rate,0,< 0.08
l0_pce_rate_line_2026-06.csv,A3323200120225003,15453,residential_rate,0,effective_residential_rate,-0.3914,< 0.08
l0_pce_rate_line_2026-06.csv,A3323200220225003,15455,residential_rate,0,effective_residential_rate,-0.3914,< 0.08
l0_pce_rate_line_2026-06.csv,A3327100919225003,15465,residential_rate,0,effective_residential_rate,0,< 0.08
l0_pce_rate_line_2026-06.csv,A3323500120225003,15468,residential_rate,0,effective_residential_rate,-0.009,< 0.08
l0_pce_rate_line_2026-06.csv,A3323500120225003,15469,residential_rate,0,effective_residential_rate,-0.109,< 0.08
l0_pce_rate_line_2026-06.csv,A3323600120225003,15471,residential_rate,0,effective_residential_rate,-0.009,< 0.08
l0_pce_rate_line_2026-06.csv,A3323600120225003,15472,residential_rate,0,effective_residential_rate,-0.109,< 0.08
l0_pce_rate_line_2026-06.csv,A3323700120225003,15474,residential_rate,0,effective_residential_rate,-0.009,< 0.08
l0_pce_rate_line_2026-06.csv,A3323700120225003,15475,residential_rate,0,effective_residential_rate,-0.109,< 0.08
l0_pce_rate_line_2026-06.csv,A3323800120225003,15477,residential_rate,0,effective_residential_rate,-0.009,< 0.08
l0_pce_rate_line_2026-06.csv,A3323800120225003,15478,residential_rate,0,effective_residential_rate,-0.109,< 0.08
l0_pce_rate_line_2026-06.csv,A3323900120225003,15480,residential_rate,0,effective_residential_rate,-0.009,< 0.08
l0_pce_rate_line_2026-06.csv,A3323900120225003,15481,residential_rate,0,effective_residential_rate,-0.109,< 0.08
l0_pce_rate_line_2026-06.csv,A3324000120225003,15483,residential_rate,0,effective_residential_rate,-0.009,< 0.08
l0_pce_rate_line_2026-06.csv,A3324100120225003,15485,residential_rate,0,effective_residential_rate,-0.009,< 0.08
l0_pce_rate_line_2026-06.csv,A3324100120225003,15486,residential_rate,0,effective_residential_rate,-0.109,< 0.08
l0_pce_rate_line_2026-06.csv,A3319900219225003,15492,residential_rate,0,effective_residential_rate,0,< 0.08
l0_pce_rate_line_2026-06.csv,A3320500320225003,15495,residential_rate,0,effective_residential_rate,0,< 0.08
l0_pce_rate_line_2026-06.csv,A3323400120225003,15508,residential_rate,0,effective_residential_rate,0,< 0.08
l0_pce_rate_line_2026-06.csv,A3323400320225003,15510,residential_rate,0,effective_residential_rate,0,< 0.08
l0_pce_rate_line_2026-06.csv,A3323400320225003,15511,residential_rate,0,effective_residential_rate,0,< 0.08
l0_pce_rate_line_2026-06.csv,A3324800120225003,15513,residential_rate,0,effective_residential_rate,0,< 0.08
l0_pce_rate_line_2026-06.csv,A3324800220225003,15515,residential_rate,0,effective_residential_rate,0,< 0.08
l0_pce_rate_line_2026-06.csv,A3328800219225003,15521,residential_rate,0,effective_residential_rate,0,< 0.08
l0_pce_rate_line_2026-06.csv,A3318400220225003,15524,residential_rate,0,effective_residential_rate,-0.5656,< 0.08
l0_pce_rate_line_2026-06.csv,A3320200220225003,15527,residential_rate,0,effective_residential_rate,-0.3502,< 0.08
l0_pce_rate_line_2026-06.csv,A3310500219225003,15544,residential_rate,0,effective_residential_rate,0,< 0.08
l0_pce_rate_line_2026-06.csv,A3311100219225003,15550,residential_rate,0,effective_residential_rate,0,< 0.08
l0_pce_rate_line_2026-06.csv,A3320100219225003,15552,residential_rate,0,effective_residential_rate,0,< 0.08
l0_pce_rate_line_2026-06.csv,A3311200219225003,15554,residential_rate,0,effective_residential_rate,0,< 0.08
l0_pce_rate_line_2026-06.csv,A3311900220225003,15563,residential_rate,0,effective_residential_rate,0,< 0.08
l0_pce_rate_line_2026-06.csv,A3311900219225003,15564,residential_rate,0,effective_residential_rate,0,< 0.08
l0_pce_rate_line_2026-06.csv,A3312000219225003,15567,residential_rate,0,effective_residential_rate,0,< 0.08
l0_pce_rate_line_2026-06.csv,A3320400320225003,15574,residential_rate,0,effective_residential_rate,-0.499,< 0.08
l0_pce_rate_line_2026-06.csv,A3312200219225003,15591,residential_rate,0,effective_residential_rate,0,< 0.08
l0_pce_rate_line_2026-06.csv,A3327100819225003,15593,residential_rate,0,effective_residential_rate,0,< 0.08
l0_pce_rate_line_2026-06.csv,A3310700319225003,15595,residential_rate,0,effective_residential_rate,0,< 0.08
l0_pce_rate_line_2026-06.csv,A3321300120225003,15601,residential_rate,0,effective_residential_rate,0,< 0.08
l0_pce_rate_line_2026-06.csv,A3321300220225003,15603,residential_rate,0,effective_residential_rate,0,< 0.08
l0_pce_rate_line_2026-06.csv,A3325300220225003,15785,residential_rate,0,effective_residential_rate,-0.349,< 0.08
l0_pce_rate_line_2026-06.csv,A3325300219225003,15786,residential_rate,0,effective_residential_rate,0,< 0.08
l0_pce_rate_line_2026-06.csv,A3325300220225003,15787,residential_rate,0,effective_residential_rate,0,< 0.08
l0_pce_rate_line_2026-06.csv,A3325300320225003,15789,residential_rate,0,effective_residential_rate,-0.349,< 0.08
l0_pce_rate_line_2026-06.csv,A3323200320225003,15797,residential_rate,0,effective_residential_rate,-0.3914,< 0.08
l0_pce_rate_line_2026-06.csv,A3325600320225003,15822,residential_rate,0,effective_residential_rate,-0.2803,< 0.08
l0_pce_rate_line_2026-06.csv,A3318500320225003,15829,residential_rate,0,effective_residential_rate,0,< 0.08
l0_pce_rate_line_2026-06.csv,A3318500420225003,15831,residential_rate,0,effective_residential_rate,0,< 0.08
l0_pce_rate_line_2026-06.csv,A3318700120225003,15837,residential_rate,0,effective_residential_rate,-0.259,< 0.08
l0_pce_rate_line_2026-06.csv,A3318700220225003,15839,residential_rate,0,effective_residential_rate,-0.259,< 0.08
l0_pce_rate_line_2026-06.csv,A3318700320225003,15841,residential_rate,0,effective_residential_rate,-0.259,< 0.08
l0_pce_rate_line_2026-06.csv,A3319900319225003,15843,residential_rate,0,effective_residential_rate,0,< 0.08
l0_pce_rate_line_2026-06.csv,A3320400420225003,15862,residential_rate,0,effective_residential_rate,-0.499,< 0.08
l0_pce_rate_line_2026-06.csv,A3321700320225003,15864,residential_rate,0,effective_residential_rate,0,< 0.08
l0_pce_rate_line_2026-06.csv,A3321700420225003,15866,residential_rate,0,effective_residential_rate,0,< 0.08
l0_pce_rate_line_2026-06.csv,A3323400420225003,15870,residential_rate,0,effective_residential_rate,0,< 0.08
l0_pce_rate_line_2026-06.csv,A3323200420225003,15873,residential_rate,0,effective_residential_rate,-0.3914,< 0.08
l0_pce_rate_line_2026-06.csv,A3318000420225003,15887,residential_rate,0,effective_residential_rate,0,< 0.08
l0_pce_rate_line_2026-06.csv,A3315500420225003,15984,residential_rate,0,effective_residential_rate,0,< 0.08
l0_pce_rate_line_2026-06.csv,A3323500220225003,16048,residential_rate,0,effective_residential_rate,-0.009,< 0.08
l0_pce_rate_line_2026-06.csv,A3323500220225003,16049,residential_rate,0,effective_residential_rate,-0.109,< 0.08
l0_pce_rate_line_2026-06.csv,A3323600220225003,16051,residential_rate,0,effective_residential_rate,-0.009,< 0.08
l0_pce_rate_line_2026-06.csv,A3323600220225003,16052,residential_rate,0,effective_residential_rate,-0.109,< 0.08
l0_pce_rate_line_2026-06.csv,A3323700220225003,16054,residential_rate,0,effective_residential_rate,-0.009,< 0.08
l0_pce_rate_line_2026-06.csv,A3323700220225003,16055,residential_rate,0,effective_residential_rate,-0.109,< 0.08
l0_pce_rate_line_2026-06.csv,A3323800220225003,16057,residential_rate,0,effective_residential_rate,-0.009,< 0.08
l0_pce_rate_line_2026-06.csv,A3323800220225003,16058,residential_rate,0,effective_residential_rate,-0.109,< 0.08
l0_pce_rate_line_2026-06.csv,A3323900220225003,16060,residential_rate,0,effective_residential_rate,-0.009,< 0.08
l0_pce_rate_line_2026-06.csv,A3323900220225003,16061,residential_rate,0,effective_residential_rate,-0.109,< 0.08
l0_pce_rate_line_2026-06.csv,A3324000220225003,16063,residential_rate,0,effective_residential_rate,-0.009,< 0.08
l0_pce_rate_line_2026-06.csv,A3324100220225003,16065,residential_rate,0,effective_residential_rate,-0.009,< 0.08
l0_pce_rate_line_2026-06.csv,A3318700420225003,16070,residential_rate,0,effective_residential_rate,-0.259,< 0.08
l0_pce_rate_line_2026-06.csv,A3310500420225003,16073,residential_rate,0,effective_residential_rate,0,< 0.08
l0_pce_rate_line_2026-06.csv,A3310800420225003,16075,residential_rate,0,effective_residential_rate,0,< 0.08
l0_pce_rate_line_2026-06.csv,A3310900420225003,16077,residential_rate,0,effective_residential_rate,0,< 0.08
l0_pce_rate_line_2026-06.csv,A3311900420225003,16079,residential_rate,0,effective_residential_rate,0,< 0.08
l0_pce_rate_line_2026-06.csv,A3311000420225003,16081,residential_rate,0,effective_residential_rate,0,< 0.08
l0_pce_rate_line_2026-06.csv,A3311100420225003,16083,residential_rate,0,effective_residential_rate,0,< 0.08
l0_pce_rate_line_2026-06.csv,A3320100420225003,16085,residential_rate,0,effective_residential_rate,0,< 0.08
l0_pce_rate_line_2026-06.csv,A3311200420225003,16087,residential_rate,0,effective_residential_rate,0,< 0.08
l0_pce_rate_line_2026-06.csv,A3311300420225003,16089,residential_rate,0,effective_residential_rate,0,< 0.08
l0_pce_rate_line_2026-06.csv,A3311400420225003,16091,residential_rate,0,effective_residential_rate,0,< 0.08
l0_pce_rate_line_2026-06.csv,A3311500420225003,16093,residential_rate,0,effective_residential_rate,0,< 0.08
l0_pce_rate_line_2026-06.csv,A3311600420225003,16095,residential_rate,0,effective_residential_rate,0,< 0.08
l0_pce_rate_line_2026-06.csv,A3327100619225003,16097,residential_rate,0,effective_residential_rate,0,< 0.08
l0_pce_rate_line_2026-06.csv,A3327100719225003,16099,residential_rate,0,effective_residential_rate,0,< 0.08
l0_pce_rate_line_2026-06.csv,A3325600420225003,16102,residential_rate,0,effective_residential_rate,-0.2803,< 0.08
l0_pce_rate_line_2026-06.csv,A3318200420225003,16107,residential_rate,0,effective_residential_rate,0,< 0.08
l0_pce_rate_line_2026-06.csv,A3323500320225003,16113,residential_rate,0,effective_residential_rate,-0.009,< 0.08
l0_pce_rate_line_2026-06.csv,A3323500320225003,16114,residential_rate,0,effective_residential_rate,-0.109,< 0.08
l0_pce_rate_line_2026-06.csv,A3323600320225003,16116,residential_rate,0,effective_residential_rate,-0.009,< 0.08
l0_pce_rate_line_2026-06.csv,A3323600320225003,16117,residential_rate,0,effective_residential_rate,-0.109,< 0.08
l0_pce_rate_line_2026-06.csv,A3323700320225003,16119,residential_rate,0,effective_residential_rate,-0.009,< 0.08
l0_pce_rate_line_2026-06.csv,A3323700320225003,16120,residential_rate,0,effective_residential_rate,-0.109,< 0.08
l0_pce_rate_line_2026-06.csv,A3323800320225003,16122,residential_rate,0,effective_residential_rate,-0.009,< 0.08
l0_pce_rate_line_2026-06.csv,A3323800320225003,16123,residential_rate,0,effective_residential_rate,-0.109,< 0.08
l0_pce_rate_line_2026-06.csv,A3323900320225003,16125,residential_rate,0,effective_residential_rate,-0.009,< 0.08
l0_pce_rate_line_2026-06.csv,A3323900320225003,16126,residential_rate,0.109,effective_residential_rate,0,< 0.08
l0_pce_rate_line_2026-06.csv,A3324000320225003,16128,residential_rate,0,effective_residential_rate,-0.009,< 0.08
l0_pce_rate_line_2026-06.csv,A3324000320225003,16129,residential_rate,0,effective_residential_rate,-0.109,< 0.08
l0_pce_rate_line_2026-06.csv,A3324100320225003,16131,residential_rate,0,effective_residential_rate,-0.009,< 0.08
l0_pce_rate_line_2026-06.csv,A3326100420225003,16133,residential_rate,0,effective_residential_rate,-0.5461,< 0.08
l0_pce_rate_line_2026-06.csv,A3311550420225003,16136,residential_rate,0,effective_residential_rate,0,< 0.08
l0_pce_rate_line_2026-06.csv,A3311700420225003,16138,residential_rate,0,effective_residential_rate,0,< 0.08
l0_pce_rate_line_2026-06.csv,A3311800420225003,16140,residential_rate,0,effective_residential_rate,0,< 0.08
l0_pce_rate_line_2026-06.csv,A3312000420225003,16142,residential_rate,0,effective_residential_rate,0,< 0.08
l0_pce_rate_line_2026-06.csv,A3312100420225003,16144,residential_rate,0,effective_residential_rate,0,< 0.08
l0_pce_rate_line_2026-06.csv,A3312300420225003,16146,residential_rate,0,effective_residential_rate,0,< 0.08
l0_pce_rate_line_2026-06.csv,A3310600420225003,16148,residential_rate,0,effective_residential_rate,0,< 0.08
l0_pce_rate_line_2026-06.csv,A3310700420225003,16150,residential_rate,0,effective_residential_rate,0,< 0.08
l0_pce_rate_line_2026-06.csv,A3320801219225003,16156,residential_rate,0,effective_residential_rate,0,< 0.08
l0_pce_rate_line_2026-06.csv,A3312200420225003,16180,residential_rate,0,effective_residential_rate,0,< 0.08
l0_pce_rate_line_2026-06.csv,A3328600919225003,16189,residential_rate,0,effective_residential_rate,0,< 0.08
l0_pce_rate_line_2026-06.csv,A3320500419225003,16193,residential_rate,0,effective_residential_rate,0,< 0.08
l0_pce_rate_line_2026-06.csv,A3323400520225003,16227,residential_rate,0,effective_residential_rate,0,< 0.08
l0_pce_rate_line_2026-06.csv,A3328601119225003,16229,residential_rate,0,effective_residential_rate,0,< 0.08
l0_pce_rate_line_2026-06.csv,A3320400520225003,16231,residential_rate,0,effective_residential_rate,-0.499,< 0.08
l0_pce_rate_line_2026-06.csv,A3320200320225003,16247,residential_rate,0,effective_residential_rate,-0.3502,< 0.08
l0_pce_rate_line_2026-06.csv,A3320200420225003,16249,residential_rate,0,effective_residential_rate,-0.35,< 0.08
l0_pce_rate_line_2026-06.csv,A3319800420225003,16421,residential_rate,0,effective_residential_rate,-0.5079,< 0.08
l0_pce_rate_line_2026-06.csv,A3320500520225003,16423,residential_rate,0,effective_residential_rate,0,< 0.08
l0_pce_rate_line_2026-06.csv,A3318700520225003,16441,residential_rate,0,effective_residential_rate,-0.259,< 0.08
l0_pce_rate_line_2026-06.csv,A3323200520225003,16444,residential_rate,0,effective_residential_rate,-0.3914,< 0.08
l0_pce_rate_line_2026-06.csv,A3318500520225003,16453,residential_rate,0,effective_residential_rate,0,< 0.08
l0_pce_rate_line_2026-06.csv,A3325300420225003,16461,residential_rate,0,effective_residential_rate,-0.349,< 0.08
l0_pce_rate_line_2026-06.csv,A3328500620225003,16470,residential_rate,0,effective_residential_rate,0,< 0.08
l0_pce_rate_line_2026-06.csv,A3328500519225003,16472,residential_rate,0,effective_residential_rate,0,< 0.08
l0_pce_rate_line_2026-06.csv,A3320500620225003,16476,residential_rate,0,effective_residential_rate,0,< 0.08
l0_pce_rate_line_2026-06.csv,A3320500620225003,16477,residential_rate,0,effective_residential_rate,0,< 0.08
l0_pce_rate_line_2026-06.csv,A3322000520225003,16479,residential_rate,0,effective_residential_rate,0,< 0.08
l0_pce_rate_line_2026-06.csv,A3322200520225003,16481,residential_rate,0,effective_residential_rate,0,< 0.08
l0_pce_rate_line_2026-06.csv,A3323500420225003,16490,residential_rate,0,effective_residential_rate,-0.009,< 0.08
l0_pce_rate_line_2026-06.csv,A3323500420225003,16491,residential_rate,0,effective_residential_rate,-0.109,< 0.08
l0_pce_rate_line_2026-06.csv,A3323600420225003,16493,residential_rate,0,effective_residential_rate,-0.009,< 0.08
l0_pce_rate_line_2026-06.csv,A3323600420225003,16494,residential_rate,0,effective_residential_rate,-0.109,< 0.08
l0_pce_rate_line_2026-06.csv,A3323700420225003,16496,residential_rate,0,effective_residential_rate,-0.009,< 0.08
l0_pce_rate_line_2026-06.csv,A3323700420225003,16497,residential_rate,0,effective_residential_rate,-0.109,< 0.08
l0_pce_rate_line_2026-06.csv,A3323800420225003,16499,residential_rate,0,effective_residential_rate,-0.009,< 0.08
l0_pce_rate_line_2026-06.csv,A3323800420225003,16500,residential_rate,0,effective_residential_rate,-0.109,< 0.08
l0_pce_rate_line_2026-06.csv,A3323900420225003,16502,residential_rate,0,effective_residential_rate,-0.009,< 0.08
l0_pce_rate_line_2026-06.csv,A3323900420225003,16503,residential_rate,0,effective_residential_rate,-0.109,< 0.08
l0_pce_rate_line_2026-06.csv,A3324000420225003,16505,residential_rate,0,effective_residential_rate,-0.009,< 0.08
l0_pce_rate_line_2026-06.csv,A3324000420225003,16506,residential_rate,0,effective_residential_rate,-0.109,< 0.08
l0_pce_rate_line_2026-06.csv,A3324100420225003,16508,residential_rate,0,effective_residential_rate,-0.009,< 0.08
l0_pce_rate_line_2026-06.csv,A3324100420225003,16509,residential_rate,0,effective_residential_rate,-0.109,< 0.08
l0_pce_rate_line_2026-06.csv,A3327101019225003,16527,residential_rate,0,effective_residential_rate,0,< 0.08
l0_pce_rate_line_2026-06.csv,A3327101119225003,16529,residential_rate,0,effective_residential_rate,0,< 0.08
l0_pce_rate_line_2026-06.csv,A3327101219225003,16531,residential_rate,0,effective_residential_rate,0,< 0.08
l0_pce_rate_line_2026-06.csv,A3323400620225003,16557,residential_rate,0,effective_residential_rate,0,< 0.08
l0_pce_rate_line_2026-06.csv,A3320400620225003,16562,residential_rate,0,effective_residential_rate,-0.499,< 0.08
l0_pce_rate_line_2026-06.csv,A3323500520225003,16568,residential_rate,0,effective_residential_rate,-0.009,< 0.08
l0_pce_rate_line_2026-06.csv,A3323500520225003,16569,residential_rate,0,effective_residential_rate,-0.109,< 0.08
l0_pce_rate_line_2026-06.csv,A3323600520225003,16571,residential_rate,0,effective_residential_rate,-0.009,< 0.08
l0_pce_rate_line_2026-06.csv,A3323600520225003,16572,residential_rate,0,effective_residential_rate,-0.109,< 0.08
l0_pce_rate_line_2026-06.csv,A3323700520225003,16574,residential_rate,0,effective_residential_rate,-0.009,< 0.08
l0_pce_rate_line_2026-06.csv,A3323700520225003,16575,residential_rate,0,effective_residential_rate,-0.109,< 0.08
l0_pce_rate_line_2026-06.csv,A3323800520225003,16577,residential_rate,0,effective_residential_rate,-0.009,< 0.08
l0_pce_rate_line_2026-06.csv,A3323800520225003,16578,residential_rate,0,effective_residential_rate,-0.109,< 0.08
l0_pce_rate_line_2026-06.csv,A3323900520225003,16580,residential_rate,0,effective_residential_rate,-0.009,< 0.08
l0_pce_rate_line_2026-06.csv,A3323900520225003,16581,residential_rate,0,effective_residential_rate,-0.109,< 0.08
l0_pce_rate_line_2026-06.csv,A3324000520225003,16583,residential_rate,0,effective_residential_rate,-0.009,< 0.08
l0_pce_rate_line_2026-06.csv,A3324000520225003,16584,residential_rate,0,effective_residential_rate,-0.109,< 0.08
l0_pce_rate_line_2026-06.csv,A3324100520225003,16586,residential_rate,0,effective_residential_rate,-0.009,< 0.08
l0_pce_rate_line_2026-06.csv,A3324100520225003,16587,residential_rate,0,effective_residential_rate,-0.109,< 0.08
l0_pce_rate_line_2026-06.csv,A3312200520225003,16590,residential_rate,0,effective_residential_rate,0,< 0.08
l0_pce_rate_line_2026-06.csv,A3312200519225003,16591,residential_rate,0,effective_residential_rate,0,< 0.08
l0_pce_rate_line_2026-06.csv,A3319200520225003,16604,residential_rate,0,effective_residential_rate,0,< 0.08
l0_pce_rate_line_2026-06.csv,A3319800520225003,16607,residential_rate,0,effective_residential_rate,-0.5079,< 0.08
l0_pce_rate_line_2026-06.csv,A3321700520225003,16634,residential_rate,0,effective_residential_rate,0,< 0.08
l0_pce_rate_line_2026-06.csv,A3321700620225003,16636,residential_rate,0,effective_residential_rate,0,< 0.08
l0_pce_rate_line_2026-06.csv,A3314300620225003,16722,residential_rate,0,effective_residential_rate,0,< 0.08
l0_pce_rate_line_2026-06.csv,A3310200620225003,16820,residential_rate,0,effective_residential_rate,0,< 0.08
l0_pce_rate_line_2026-06.csv,A3318700620225003,16825,residential_rate,0,effective_residential_rate,-0.259,< 0.08
l0_pce_rate_line_2026-06.csv,A3323200620225003,16827,residential_rate,0,effective_residential_rate,0,< 0.08
l0_pce_rate_line_2026-06.csv,A3320200520225003,16871,residential_rate,0,effective_residential_rate,-0.35,< 0.08
l0_pce_rate_line_2026-06.csv,A3320200620225003,16873,residential_rate,0,effective_residential_rate,-0.35,< 0.08
l0_pce_rate_line_2026-06.csv,A3320500720225003,16875,residential_rate,0,effective_residential_rate,0,< 0.08
l0_pce_rate_line_2026-06.csv,A3320500720225003,16876,residential_rate,0,effective_residential_rate,0,< 0.08
l0_pce_rate_line_2026-06.csv,A3323400720225003,16878,residential_rate,0,effective_residential_rate,0,< 0.08
l0_pce_rate_line_2026-06.csv,A3322800520225003,16882,residential_rate,0,effective_residential_rate,-0.2908,< 0.08
l0_pce_rate_line_2026-06.csv,A3322800620225003,16884,residential_rate,0,effective_residential_rate,-0.2819,< 0.08
l0_pce_rate_line_2026-06.csv,A3325300520225003,16904,residential_rate,0,effective_residential_rate,-0.349,< 0.08
l0_pce_rate_line_2026-06.csv,A3325300620225003,16906,residential_rate,0,effective_residential_rate,-0.349,< 0.08
l0_pce_rate_line_2026-06.csv,A3319800620225003,16914,residential_rate,0,effective_residential_rate,0,< 0.08
l0_pce_rate_line_2026-06.csv,A3318500720225003,16916,residential_rate,0,effective_residential_rate,0,< 0.08
l0_pce_rate_line_2026-06.csv,A3318700720225003,16929,residential_rate,0,effective_residential_rate,-0.259,< 0.08
l0_pce_rate_line_2026-06.csv,A3318700720225003,16930,residential_rate,0,effective_residential_rate,0,< 0.08
l0_pce_rate_line_2026-06.csv,A3323200720225003,16932,residential_rate,0,effective_residential_rate,0,< 0.08
l0_pce_rate_line_2026-06.csv,A3311950720225003,16949,residential_rate,0,effective_residential_rate,0,< 0.08
l0_pce_rate_line_2026-06.csv,A3321700720225003,16971,residential_rate,0,effective_residential_rate,0,< 0.08
l0_pce_rate_line_2026-06.csv,A3326100720225003,16989,residential_rate,0,effective_residential_rate,0,< 0.08
l0_pce_rate_line_2026-06.csv,A3310050620225003,16996,residential_rate,0,effective_residential_rate,0,< 0.08
l0_pce_rate_line_2026-06.csv,A3310050620225003,16997,residential_rate,0,effective_residential_rate,0,< 0.08
l0_pce_rate_line_2026-06.csv,A3325400620225003,16999,residential_rate,0,effective_residential_rate,0,< 0.08
l0_pce_rate_line_2026-06.csv,A3325400620225003,17000,residential_rate,0,effective_residential_rate,0,< 0.08
l0_pce_rate_line_2026-06.csv,A3325600520225003,17005,residential_rate,0,effective_residential_rate,-0.2771,< 0.08
l0_pce_rate_line_2026-06.csv,A3325600620225003,17007,residential_rate,0,effective_residential_rate,-0.2765,< 0.08
l0_pce_rate_line_2026-06.csv,A3314300720225003,17081,residential_rate,0,effective_residential_rate,0,< 0.08
l0_pce_rate_line_2026-06.csv,A3322900720225003,17181,residential_rate,0,effective_residential_rate,0,< 0.08
l0_pce_rate_line_2026-06.csv,A3320200720225003,17187,residential_rate,0,effective_residential_rate,-0.35,< 0.08
l0_pce_rate_line_2026-06.csv,A3317600820225003,17198,residential_rate,0,effective_residential_rate,0,< 0.08
l0_pce_rate_line_2026-06.csv,A3318500820225003,17201,residential_rate,0,effective_residential_rate,0,< 0.08
l0_pce_rate_line_2026-06.csv,A3320500820225003,17203,residential_rate,0,effective_residential_rate,0,< 0.08
l0_pce_rate_line_2026-06.csv,A3323500620225003,17208,residential_rate,0,effective_residential_rate,-0.009,< 0.08
l0_pce_rate_line_2026-06.csv,A3323500620225003,17209,residential_rate,0,effective_residential_rate,-0.109,< 0.08
l0_pce_rate_line_2026-06.csv,A3323500720225003,17211,residential_rate,0,effective_residential_rate,-0.009,< 0.08
l0_pce_rate_line_2026-06.csv,A3323500720225003,17212,residential_rate,0,effective_residential_rate,-0.109,< 0.08
l0_pce_rate_line_2026-06.csv,A3323600620225003,17214,residential_rate,0,effective_residential_rate,-0.009,< 0.08
l0_pce_rate_line_2026-06.csv,A3323600620225003,17215,residential_rate,0,effective_residential_rate,-0.109,< 0.08
l0_pce_rate_line_2026-06.csv,A3323600720225003,17217,residential_rate,0,effective_residential_rate,-0.009,< 0.08
l0_pce_rate_line_2026-06.csv,A3323600720225003,17218,residential_rate,0,effective_residential_rate,-0.109,< 0.08
l0_pce_rate_line_2026-06.csv,A3323700620225003,17220,residential_rate,0,effective_residential_rate,-0.009,< 0.08
l0_pce_rate_line_2026-06.csv,A3323700620225003,17221,residential_rate,0,effective_residential_rate,-0.109,< 0.08
l0_pce_rate_line_2026-06.csv,A3323700720225003,17223,residential_rate,0,effective_residential_rate,-0.009,< 0.08
l0_pce_rate_line_2026-06.csv,A3323700720225003,17224,residential_rate,0,effective_residential_rate,-0.109,< 0.08
l0_pce_rate_line_2026-06.csv,A3323800620225003,17226,residential_rate,0,effective_residential_rate,-0.009,< 0.08
l0_pce_rate_line_2026-06.csv,A3323800620225003,17227,residential_rate,0,effective_residential_rate,-0.109,< 0.08
l0_pce_rate_line_2026-06.csv,A3323800720225003,17229,residential_rate,0,effective_residential_rate,-0.009,< 0.08
l0_pce_rate_line_2026-06.csv,A3323800720225003,17230,residential_rate,0,effective_residential_rate,-0.109,< 0.08
l0_pce_rate_line_2026-06.csv,A3323900620225003,17232,residential_rate,0,effective_residential_rate,-0.009,< 0.08
l0_pce_rate_line_2026-06.csv,A3323900620225003,17233,residential_rate,0,effective_residential_rate,-0.109,< 0.08
l0_pce_rate_line_2026-06.csv,A3323900720225003,17235,residential_rate,0,effective_residential_rate,-0.009,< 0.08
l0_pce_rate_line_2026-06.csv,A3323900720225003,17236,residential_rate,0,effective_residential_rate,-0.109,< 0.08
l0_pce_rate_line_2026-06.csv,A3324000620225003,17238,residential_rate,0,effective_residential_rate,-0.009,< 0.08
l0_pce_rate_line_2026-06.csv,A3324000620225003,17239,residential_rate,0,effective_residential_rate,-0.109,< 0.08
l0_pce_rate_line_2026-06.csv,A3324000720225003,17241,residential_rate,0,effective_residential_rate,-0.009,< 0.08
l0_pce_rate_line_2026-06.csv,A3324000720225003,17242,residential_rate,0,effective_residential_rate,-0.109,< 0.08
l0_pce_rate_line_2026-06.csv,A3324100620225003,17244,residential_rate,0,effective_residential_rate,-0.009,< 0.08
l0_pce_rate_line_2026-06.csv,A3324100620225003,17245,residential_rate,0,effective_residential_rate,-0.109,< 0.08
l0_pce_rate_line_2026-06.csv,A3324100620225003,17246,residential_rate,0,effective_residential_rate,-0.159,< 0.08
l0_pce_rate_line_2026-06.csv,A3324100720225003,17248,residential_rate,0,effective_residential_rate,-0.009,< 0.08
l0_pce_rate_line_2026-06.csv,A3324100720225003,17249,residential_rate,0,effective_residential_rate,-0.109,< 0.08
l0_pce_rate_line_2026-06.csv,A3323400820225003,17251,residential_rate,0,effective_residential_rate,0,< 0.08
l0_pce_rate_line_2026-06.csv,A3323200820225003,17261,residential_rate,0,effective_residential_rate,0,< 0.08
l0_pce_rate_line_2026-06.csv,A3311200820225003,17441,residential_rate,0,effective_residential_rate,0,< 0.08
l0_pce_rate_line_2026-06.csv,A3320100820225003,17443,residential_rate,0,effective_residential_rate,0,< 0.08
l0_pce_rate_line_2026-06.csv,A3311400820225003,17448,residential_rate,0,effective_residential_rate,0,< 0.08
l0_pce_rate_line_2026-06.csv,A3319800720225003,17460,residential_rate,0,effective_residential_rate,-0.5079,< 0.08
l0_pce_rate_line_2026-06.csv,A3318700820225003,17473,residential_rate,0,effective_residential_rate,-0.259,< 0.08
l0_pce_rate_line_2026-06.csv,A3321700820225003,17481,residential_rate,0,effective_residential_rate,0,< 0.08
l0_pce_rate_line_2026-06.csv,A3319100820225003,17483,residential_rate,0,effective_residential_rate,0,< 0.08
l0_pce_rate_line_2026-06.csv,A3328800520225003,17490,residential_rate,0,effective_residential_rate,0,< 0.08
l0_pce_rate_line_2026-06.csv,A3312200820225003,17494,residential_rate,0,effective_residential_rate,0,< 0.08
l0_pce_rate_line_2026-06.csv,A3320200820225003,17513,residential_rate,0,effective_residential_rate,-0.35,< 0.08
l0_pce_rate_line_2026-06.csv,A3321500820225003,17530,residential_rate,0,effective_residential_rate,0,< 0.08
l0_pce_rate_line_2026-06.csv,A3319200820225003,17536,residential_rate,0,effective_residential_rate,0,< 0.08
l0_pce_rate_line_2026-06.csv,A3322000720225003,17542,residential_rate,0,effective_residential_rate,0,< 0.08
l0_pce_rate_line_2026-06.csv,A3325300720225003,17555,residential_rate,0,effective_residential_rate,-0.349,< 0.08
l0_pce_rate_line_2026-06.csv,A3325300820225003,17557,residential_rate,0,effective_residential_rate,-0.349,< 0.08
l0_pce_rate_line_2026-06.csv,A3321700920225003,17570,residential_rate,0,effective_residential_rate,0,< 0.08
l0_pce_rate_line_2026-06.csv,A3320500920225003,17573,residential_rate,0,effective_residential_rate,0,< 0.08
l0_pce_rate_line_2026-06.csv,A3318500920225003,17578,residential_rate,0,effective_residential_rate,0,< 0.08
l0_pce_rate_line_2026-06.csv,A3317500620225003,17588,residential_rate,0,effective_residential_rate,0,< 0.08
l0_pce_rate_line_2026-06.csv,A3317500720225003,17590,residential_rate,0,effective_residential_rate,0,< 0.08
l0_pce_rate_line_2026-06.csv,A3317500820225003,17592,residential_rate,0,effective_residential_rate,0,< 0.08
l0_pce_rate_line_2026-06.csv,A3317500920225003,17594,residential_rate,0,effective_residential_rate,0,< 0.08
l0_pce_rate_line_2026-06.csv,A3318700920225003,17596,residential_rate,0,effective_residential_rate,-0.259,< 0.08
l0_pce_rate_line_2026-06.csv,A3320200920225003,17602,residential_rate,0,effective_residential_rate,-0.35,< 0.08
l0_pce_rate_line_2026-06.csv,A3321500920225003,17612,residential_rate,0,effective_residential_rate,0,< 0.08
l0_pce_rate_line_2026-06.csv,A3322200920225003,17641,residential_rate,0,effective_residential_rate,0,< 0.08
l0_pce_rate_line_2026-06.csv,A3323200920225003,17648,residential_rate,0,effective_residential_rate,0,< 0.08
l0_pce_rate_line_2026-06.csv,A3318000920225003,17670,residential_rate,0,effective_residential_rate,0,< 0.08
l0_pce_rate_line_2026-06.csv,A3320501020225003,17836,residential_rate,0,effective_residential_rate,0,< 0.08
l0_pce_rate_line_2026-06.csv,A3319800920225003,17850,residential_rate,0,effective_residential_rate,-0.5079,< 0.08
l0_pce_rate_line_2026-06.csv,A3319800920225003,17851,residential_rate,0,effective_residential_rate,0,< 0.08
l0_pce_rate_line_2026-06.csv,A3325800720225003,17866,residential_rate,0,effective_residential_rate,0,< 0.08
l0_pce_rate_line_2026-06.csv,A3325800820225003,17868,residential_rate,0,effective_residential_rate,0,< 0.08
l0_pce_rate_line_2026-06.csv,A3325800920225003,17870,residential_rate,0,effective_residential_rate,0,< 0.08
l0_pce_rate_line_2026-06.csv,A3318400920225003,17882,residential_rate,0,effective_residential_rate,0,< 0.08
l0_pce_rate_line_2026-06.csv,A3318401020225003,17884,residential_rate,0,effective_residential_rate,0,< 0.08
l0_pce_rate_line_2026-06.csv,A3323201020225003,17889,residential_rate,0,effective_residential_rate,0,< 0.08
l0_pce_rate_line_2026-06.csv,A3323401020225003,17897,residential_rate,0,effective_residential_rate,0,< 0.08
l0_pce_rate_line_2026-06.csv,A3318701020225003,17899,residential_rate,0,effective_residential_rate,-0.259,< 0.08
l0_pce_rate_line_2026-06.csv,A3320401020225003,17912,residential_rate,0,effective_residential_rate,0,< 0.08
l0_pce_rate_line_2026-06.csv,A3325600720225003,17947,residential_rate,0,effective_residential_rate,-0.2765,< 0.08
l0_pce_rate_line_2026-06.csv,A3325600720225003,17948,residential_rate,0,effective_residential_rate,0,< 0.08
l0_pce_rate_line_2026-06.csv,A3325600820225003,17950,residential_rate,0,effective_residential_rate,-0.2765,< 0.08
l0_pce_rate_line_2026-06.csv,A3319201020225003,17959,residential_rate,0,effective_residential_rate,0,< 0.08
l0_pce_rate_line_2026-06.csv,A3321301020225003,17978,residential_rate,0,effective_residential_rate,0,< 0.08
l0_pce_rate_line_2026-06.csv,A3323300920225003,17981,residential_rate,0,effective_residential_rate,0,< 0.08
l0_pce_rate_line_2026-06.csv,A3323301020225003,17983,residential_rate,0,effective_residential_rate,0,< 0.08
l0_pce_rate_line_2026-06.csv,A3319801020225003,18159,residential_rate,0,effective_residential_rate,-0.5079,< 0.08
l0_pce_rate_line_2026-06.csv,A3323500820225003,18161,residential_rate,0,effective_residential_rate,-0.009,< 0.08
l0_pce_rate_line_2026-06.csv,A3323500820225003,18162,residential_rate,0,effective_residential_rate,-0.109,< 0.08
l0_pce_rate_line_2026-06.csv,A3323500920225003,18164,residential_rate,0,effective_residential_rate,-0.009,< 0.08
l0_pce_rate_line_2026-06.csv,A3323500920225003,18165,residential_rate,0,effective_residential_rate,-0.109,< 0.08
l0_pce_rate_line_2026-06.csv,A3323501020225003,18167,residential_rate,0,effective_residential_rate,-0.009,< 0.08
l0_pce_rate_line_2026-06.csv,A3323501020225003,18168,residential_rate,0,effective_residential_rate,-0.109,< 0.08
l0_pce_rate_line_2026-06.csv,A3323600820225003,18170,residential_rate,0,effective_residential_rate,-0.009,< 0.08
l0_pce_rate_line_2026-06.csv,A3323600820225003,18171,residential_rate,0,effective_residential_rate,-0.109,< 0.08
l0_pce_rate_line_2026-06.csv,A3323600920225003,18173,residential_rate,0,effective_residential_rate,-0.009,< 0.08
l0_pce_rate_line_2026-06.csv,A3323600920225003,18174,residential_rate,0,effective_residential_rate,-0.109,< 0.08
l0_pce_rate_line_2026-06.csv,A3323601020225003,18176,residential_rate,0,effective_residential_rate,-0.009,< 0.08
l0_pce_rate_line_2026-06.csv,A3323601020225003,18177,residential_rate,0,effective_residential_rate,-0.109,< 0.08
l0_pce_rate_line_2026-06.csv,A3323700820225003,18179,residential_rate,0,effective_residential_rate,-0.009,< 0.08
l0_pce_rate_line_2026-06.csv,A3323700820225003,18180,residential_rate,0,effective_residential_rate,-0.109,< 0.08
l0_pce_rate_line_2026-06.csv,A3323700920225003,18182,residential_rate,0,effective_residential_rate,-0.009,< 0.08
l0_pce_rate_line_2026-06.csv,A3323700920225003,18183,residential_rate,0,effective_residential_rate,-0.109,< 0.08
l0_pce_rate_line_2026-06.csv,A3323701020225003,18185,residential_rate,0,effective_residential_rate,-0.009,< 0.08
l0_pce_rate_line_2026-06.csv,A3323701020225003,18186,residential_rate,0,effective_residential_rate,-0.109,< 0.08
l0_pce_rate_line_2026-06.csv,A3323701020225003,18187,residential_rate,0,effective_residential_rate,0,< 0.08
l0_pce_rate_line_2026-06.csv,A3323800820225003,18189,residential_rate,0,effective_residential_rate,-0.009,< 0.08
l0_pce_rate_line_2026-06.csv,A3323800820225003,18190,residential_rate,0,effective_residential_rate,-0.109,< 0.08
l0_pce_rate_line_2026-06.csv,A3323800920225003,18192,residential_rate,0,effective_residential_rate,-0.009,< 0.08
l0_pce_rate_line_2026-06.csv,A3323800920225003,18193,residential_rate,0,effective_residential_rate,-0.109,< 0.08
l0_pce_rate_line_2026-06.csv,A3323801020225003,18195,residential_rate,0,effective_residential_rate,-0.009,< 0.08
l0_pce_rate_line_2026-06.csv,A3323801020225003,18196,residential_rate,0,effective_residential_rate,-0.109,< 0.08
l0_pce_rate_line_2026-06.csv,A3323801020225003,18197,residential_rate,0,effective_residential_rate,0,< 0.08
l0_pce_rate_line_2026-06.csv,A3323900820225003,18199,residential_rate,0,effective_residential_rate,-0.009,< 0.08
l0_pce_rate_line_2026-06.csv,A3323900820225003,18200,residential_rate,0,effective_residential_rate,-0.109,< 0.08
l0_pce_rate_line_2026-06.csv,A3323900920225003,18202,residential_rate,0,effective_residential_rate,-0.009,< 0.08
l0_pce_rate_line_2026-06.csv,A3323900920225003,18203,residential_rate,0,effective_residential_rate,-0.109,< 0.08
l0_pce_rate_line_2026-06.csv,A3323901020225003,18205,residential_rate,0,effective_residential_rate,-0.009,< 0.08
l0_pce_rate_line_2026-06.csv,A3323901020225003,18206,residential_rate,0,effective_residential_rate,-0.109,< 0.08
l0_pce_rate_line_2026-06.csv,A3324000820225003,18208,residential_rate,0,effective_residential_rate,-0.009,< 0.08
l0_pce_rate_line_2026-06.csv,A3324000820225003,18209,residential_rate,0,effective_residential_rate,-0.109,< 0.08
l0_pce_rate_line_2026-06.csv,A3324000920225003,18211,residential_rate,0,effective_residential_rate,-0.009,< 0.08
l0_pce_rate_line_2026-06.csv,A3324000920225003,18212,residential_rate,0,effective_residential_rate,-0.109,< 0.08
l0_pce_rate_line_2026-06.csv,A3324001020225003,18214,residential_rate,0,effective_residential_rate,-0.009,< 0.08
l0_pce_rate_line_2026-06.csv,A3324100820225003,18216,residential_rate,0,effective_residential_rate,-0.009,< 0.08
l0_pce_rate_line_2026-06.csv,A3324100820225003,18217,residential_rate,0,effective_residential_rate,-0.109,< 0.08
l0_pce_rate_line_2026-06.csv,A3324100920225003,18219,residential_rate,0,effective_residential_rate,-0.009,< 0.08
l0_pce_rate_line_2026-06.csv,A3324100920225003,18220,residential_rate,0,effective_residential_rate,-0.109,< 0.08
l0_pce_rate_line_2026-06.csv,A3324101020225003,18222,residential_rate,0,effective_residential_rate,-0.009,< 0.08
l0_pce_rate_line_2026-06.csv,A3324101020225003,18223,residential_rate,0,effective_residential_rate,-0.109,< 0.08
l0_pce_rate_line_2026-06.csv,A3321501120225003,18238,residential_rate,0,effective_residential_rate,0,< 0.08
l0_pce_rate_line_2026-06.csv,A3311201120225003,18248,residential_rate,0,effective_residential_rate,0,< 0.08
l0_pce_rate_line_2026-06.csv,A3323401120225003,18251,residential_rate,0,effective_residential_rate,0,< 0.08
l0_pce_rate_line_2026-06.csv,A3318501120225003,18254,residential_rate,0,effective_residential_rate,0,< 0.08
l0_pce_rate_line_2026-06.csv,A3320501120225003,18256,residential_rate,0,effective_residential_rate,0,< 0.08
l0_pce_rate_line_2026-06.csv,A3318701120225003,18261,residential_rate,0,effective_residential_rate,-0.259,< 0.08
l0_pce_rate_line_2026-06.csv,A3325300920225003,18275,residential_rate,0,effective_residential_rate,-0.349,< 0.08
l0_pce_rate_line_2026-06.csv,A3325600920225003,18280,residential_rate,0,effective_residential_rate,-0.2761,< 0.08
l0_pce_rate_line_2026-06.csv,A3320401120225003,18291,residential_rate,0,effective_residential_rate,-0.499,< 0.08
l0_pce_rate_line_2026-06.csv,A3320601120225003,18293,residential_rate,0,effective_residential_rate,0,< 0.08
l0_pce_rate_line_2026-06.csv,A3323501120225003,18311,residential_rate,0,effective_residential_rate,-0.009,< 0.08
l0_pce_rate_line_2026-06.csv,A3323501120225003,18312,residential_rate,0,effective_residential_rate,-0.109,< 0.08
l0_pce_rate_line_2026-06.csv,A3323601120225003,18314,residential_rate,0,effective_residential_rate,-0.009,< 0.08
l0_pce_rate_line_2026-06.csv,A3323601120225003,18315,residential_rate,0,effective_residential_rate,-0.1209,< 0.08
l0_pce_rate_line_2026-06.csv,A3323701120225003,18317,residential_rate,0,effective_residential_rate,-0.009,< 0.08
l0_pce_rate_line_2026-06.csv,A3323701120225003,18318,residential_rate,0,effective_residential_rate,-0.109,< 0.08
l0_pce_rate_line_2026-06.csv,A3323701120225003,18319,residential_rate,0,effective_residential_rate,0,< 0.08
l0_pce_rate_line_2026-06.csv,A3323801120225003,18321,residential_rate,0,effective_residential_rate,-0.009,< 0.08
l0_pce_rate_line_2026-06.csv,A3323801120225003,18322,residential_rate,0,effective_residential_rate,-0.109,< 0.08
l0_pce_rate_line_2026-06.csv,A3323901120225003,18324,residential_rate,0,effective_residential_rate,-0.009,< 0.08
l0_pce_rate_line_2026-06.csv,A3323901120225003,18325,residential_rate,0,effective_residential_rate,-0.109,< 0.08
l0_pce_rate_line_2026-06.csv,A3324001120225003,18327,residential_rate,0,effective_residential_rate,-0.009,< 0.08
l0_pce_rate_line_2026-06.csv,A3324101120225003,18329,residential_rate,0,effective_residential_rate,-0.009,< 0.08
l0_pce_rate_line_2026-06.csv,A3324101120225003,18330,residential_rate,0,effective_residential_rate,-0.109,< 0.08
l0_pce_rate_line_2026-06.csv,A3325601020225003,18333,residential_rate,0,effective_residential_rate,-0.2776,< 0.08
l0_pce_rate_line_2026-06.csv,A3325601120225003,18335,residential_rate,0,effective_residential_rate,-0.2784,< 0.08
l0_pce_rate_line_2026-06.csv,A3320201020225003,18357,residential_rate,0,effective_residential_rate,-0.35,< 0.08
l0_pce_rate_line_2026-06.csv,A3320201120225003,18359,residential_rate,0,effective_residential_rate,-0.35,< 0.08
l0_pce_rate_line_2026-06.csv,A3319801120225003,18362,residential_rate,0,effective_residential_rate,-0.5079,< 0.08
l0_pce_rate_line_2026-06.csv,A3319701220225003,18562,residential_rate,0,effective_residential_rate,0,< 0.08
l0_pce_rate_line_2026-06.csv,A3323401220225003,18565,residential_rate,0,effective_residential_rate,0,< 0.08
l0_pce_rate_line_2026-06.csv,A3328601220225003,18580,residential_rate,0,effective_residential_rate,0,< 0.08
l0_pce_rate_line_2026-06.csv,A3318901220225003,18583,residential_rate,0,effective_residential_rate,0,< 0.08
l0_pce_rate_line_2026-06.csv,A3319201220225003,18585,residential_rate,0,effective_residential_rate,0,< 0.08
l0_pce_rate_line_2026-06.csv,A3310051220225003,18589,residential_rate,0,effective_residential_rate,0,< 0.08
l0_pce_rate_line_2026-06.csv,A3322001220225003,18591,residential_rate,0,effective_residential_rate,0,< 0.08
l0_pce_rate_line_2026-06.csv,A3325401220225003,18593,residential_rate,0,effective_residential_rate,0,< 0.08
l0_pce_rate_line_2026-06.csv,A3322301220225003,18595,residential_rate,0,effective_residential_rate,0,< 0.08
l0_pce_rate_line_2026-06.csv,A3322401220225003,18597,residential_rate,0,effective_residential_rate,0,< 0.08
l0_pce_rate_line_2026-06.csv,A3322501220225003,18599,residential_rate,0,effective_residential_rate,0,< 0.08
l0_pce_rate_line_2026-06.csv,A3322601220225003,18601,residential_rate,0,effective_residential_rate,0,< 0.08
l0_pce_rate_line_2026-06.csv,A3322701220225003,18603,residential_rate,0,effective_residential_rate,0,< 0.08
l0_pce_rate_line_2026-06.csv,A3320301220225003,18611,residential_rate,0,effective_residential_rate,0,< 0.08
l0_pce_rate_line_2026-06.csv,A3328901220225003,18613,residential_rate,0,effective_residential_rate,0,< 0.08
l0_pce_rate_line_2026-06.csv,A3324401220225003,18628,residential_rate,0,effective_residential_rate,0,< 0.08
l0_pce_rate_line_2026-06.csv,A3325301120225003,18631,residential_rate,0,effective_residential_rate,-0.3498,< 0.08
l0_pce_rate_line_2026-06.csv,A3325301220225003,18633,residential_rate,0,effective_residential_rate,-0.3498,< 0.08
l0_pce_rate_line_2026-06.csv,A3325301220225003,18634,residential_rate,0,effective_residential_rate,0,< 0.08
l0_pce_rate_line_2026-06.csv,A3325601220225003,18636,residential_rate,0,effective_residential_rate,-0.2789,< 0.08
l0_pce_rate_line_2026-06.csv,A3318701220225003,18806,residential_rate,0,effective_residential_rate,0,< 0.08
l0_pce_rate_line_2026-06.csv,A3321601220225003,18808,residential_rate,0,effective_residential_rate,0,< 0.08
l0_pce_rate_line_2026-06.csv,A3323201220225003,18810,residential_rate,0,effective_residential_rate,0,< 0.08
l0_pce_rate_line_2026-06.csv,A3322201220225003,18812,residential_rate,0,effective_residential_rate,0,< 0.08
l0_pce_rate_line_2026-06.csv,A3320001220225003,18820,residential_rate,0,effective_residential_rate,0,< 0.08
l0_pce_rate_line_2026-06.csv,A3318201220225003,18825,residential_rate,0,effective_residential_rate,0,< 0.08
l0_pce_rate_line_2026-06.csv,A3319901220225003,18827,residential_rate,0,effective_residential_rate,0,< 0.08
l0_pce_rate_line_2026-06.csv,A3326001220225003,18836,residential_rate,0,effective_residential_rate,0,< 0.08
l0_pce_rate_line_2026-06.csv,A3310800121225003,18839,residential_rate,0,effective_residential_rate,0,< 0.08
l0_pce_rate_line_2026-06.csv,A3310900121225003,18841,residential_rate,0,effective_residential_rate,0,< 0.08
l0_pce_rate_line_2026-06.csv,A3311400121225003,18844,residential_rate,0,effective_residential_rate,0,< 0.08
l0_pce_rate_line_2026-06.csv,A3311200121225003,18846,residential_rate,0,effective_residential_rate,0,< 0.08
l0_pce_rate_line_2026-06.csv,A3311500121225003,18848,residential_rate,0,effective_residential_rate,0,< 0.08
l0_pce_rate_line_2026-06.csv,A3311550121225003,18850,residential_rate,0,effective_residential_rate,0,< 0.08
l0_pce_rate_line_2026-06.csv,A3311700121225003,18852,residential_rate,0,effective_residential_rate,0,< 0.08
l0_pce_rate_line_2026-06.csv,A3311900121225003,18854,residential_rate,0,effective_residential_rate,0,< 0.08
l0_pce_rate_line_2026-06.csv,A3312300121225003,18856,residential_rate,0,effective_residential_rate,0,< 0.08
l0_pce_rate_line_2026-06.csv,A3312100121225003,18858,residential_rate,0,effective_residential_rate,0,< 0.08
l0_pce_rate_line_2026-06.csv,A3318101220225003,18863,residential_rate,0,effective_residential_rate,0,< 0.08
l0_pce_rate_line_2026-06.csv,A3320400121225003,18868,residential_rate,0,effective_residential_rate,-0.4837,< 0.08
l0_pce_rate_line_2026-06.csv,A3320500121225003,18870,residential_rate,0,effective_residential_rate,0,< 0.08
l0_pce_rate_line_2026-06.csv,A3320501220225003,18871,residential_rate,0,effective_residential_rate,0,< 0.08
l0_pce_rate_line_2026-06.csv,A3320500121225003,18872,residential_rate,0,effective_residential_rate,0,< 0.08
l0_pce_rate_line_2026-06.csv,A3321701020225003,18874,residential_rate,0,effective_residential_rate,0,< 0.08
l0_pce_rate_line_2026-06.csv,A3321701120225003,18876,residential_rate,0,effective_residential_rate,0,< 0.08
l0_pce_rate_line_2026-06.csv,A3321701220225003,18878,residential_rate,0,effective_residential_rate,0,< 0.08
l0_pce_rate_line_2026-06.csv,A3319201220225003,18882,residential_rate,0,effective_residential_rate,0,< 0.08
l0_pce_rate_line_2026-06.csv,A3323501220225003,18886,residential_rate,0,effective_residential_rate,-0.009,< 0.08
l0_pce_rate_line_2026-06.csv,A3323501220225003,18887,residential_rate,0,effective_residential_rate,-0.109,< 0.08
l0_pce_rate_line_2026-06.csv,A3323601220225003,18889,residential_rate,0,effective_residential_rate,-0.009,< 0.08
l0_pce_rate_line_2026-06.csv,A3323601220225003,18890,residential_rate,0,effective_residential_rate,-0.109,< 0.08
l0_pce_rate_line_2026-06.csv,A3323701220225003,18892,residential_rate,0,effective_residential_rate,-0.009,< 0.08
l0_pce_rate_line_2026-06.csv,A3323701220225003,18893,residential_rate,0,effective_residential_rate,-0.109,< 0.08
l0_pce_rate_line_2026-06.csv,A3323801220225003,18895,residential_rate,0,effective_residential_rate,-0.009,< 0.08
l0_pce_rate_line_2026-06.csv,A3323801220225003,18896,residential_rate,0,effective_residential_rate,-0.109,< 0.08
l0_pce_rate_line_2026-06.csv,A3323901220225003,18898,residential_rate,0,effective_residential_rate,-0.009,< 0.08
l0_pce_rate_line_2026-06.csv,A3323901220225003,18899,residential_rate,0,effective_residential_rate,-0.109,< 0.08
l0_pce_rate_line_2026-06.csv,A3324001220225003,18901,residential_rate,0,effective_residential_rate,0,< 0.08
l0_pce_rate_line_2026-06.csv,A3324001220225003,18902,residential_rate,0,effective_residential_rate,-0.009,< 0.08
l0_pce_rate_line_2026-06.csv,A3324001220225003,18903,residential_rate,0,effective_residential_rate,-0.109,< 0.08
l0_pce_rate_line_2026-06.csv,A3324101220225003,18905,residential_rate,0,effective_residential_rate,-0.009,< 0.08
l0_pce_rate_line_2026-06.csv,A3324101220225003,18906,residential_rate,0,effective_residential_rate,-0.109,< 0.08
l0_pce_rate_line_2026-06.csv,A3324101220225003,18907,residential_rate,0,effective_residential_rate,0,< 0.08
l0_pce_rate_line_2026-06.csv,A3328601220225003,18909,residential_rate,0,effective_residential_rate,0,< 0.08
l0_pce_rate_line_2026-06.csv,A3323400121225003,18911,residential_rate,0,effective_residential_rate,0,< 0.08
l0_pce_rate_line_2026-06.csv,A3322801220225003,18914,residential_rate,0,effective_residential_rate,0,< 0.08
l0_pce_rate_line_2026-06.csv,A3319801220225003,18917,residential_rate,0,effective_residential_rate,-0.5079,< 0.08
l0_pce_rate_line_2026-06.csv,A3319801220225003,18918,residential_rate,0,effective_residential_rate,0,< 0.08
l0_pce_rate_line_2026-06.csv,A3320401220225003,18920,residential_rate,0,effective_residential_rate,-0.499,< 0.08
l0_pce_rate_line_2026-06.csv,A3320401220225003,18921,residential_rate,0,effective_residential_rate,0,< 0.08
l0_pce_rate_line_2026-06.csv,A3319001220225003,18924,residential_rate,0,effective_residential_rate,0,< 0.08
l0_pce_rate_line_2026-06.csv,A3323101220225003,18927,residential_rate,0,effective_residential_rate,0,< 0.08
l0_pce_rate_line_2026-06.csv,A3325600121225003,18934,residential_rate,0,effective_residential_rate,-0.2644,< 0.08
l0_pce_rate_line_2026-06.csv,A3310601220225003,18937,residential_rate,0,effective_residential_rate,0,< 0.08
l0_pce_rate_line_2026-06.csv,A3311801220225003,18955,residential_rate,0,effective_residential_rate,0,< 0.08
l0_pce_rate_line_2026-06.csv,A3320201220225003,18958,residential_rate,0,effective_residential_rate,-0.35,< 0.08
l0_pce_rate_line_2026-06.csv,A3325401220225003,18968,residential_rate,0,effective_residential_rate,0,< 0.08
l0_pce_rate_line_2026-06.csv,A3321700121225003,19139,residential_rate,0,effective_residential_rate,0,< 0.08
l0_pce_rate_line_2026-06.csv,A3318800121225003,19141,residential_rate,0,effective_residential_rate,0,< 0.08
l0_pce_rate_line_2026-06.csv,A3323500121225003,19143,residential_rate,0,effective_residential_rate,-0.0937,< 0.08
l0_pce_rate_line_2026-06.csv,A3323600121225003,19145,residential_rate,0,effective_residential_rate,-0.0937,< 0.08
l0_pce_rate_line_2026-06.csv,A3323700121225003,19147,residential_rate,0,effective_residential_rate,-0.0937,< 0.08
l0_pce_rate_line_2026-06.csv,A3323800121225003,19149,residential_rate,0,effective_residential_rate,-0.0937,< 0.08
l0_pce_rate_line_2026-06.csv,A3323900121225003,19151,residential_rate,0,effective_residential_rate,-0.0937,< 0.08
l0_pce_rate_line_2026-06.csv,A3324000121225003,19153,residential_rate,0,effective_residential_rate,0,< 0.08
l0_pce_rate_line_2026-06.csv,A3324100121225003,19155,residential_rate,0,effective_residential_rate,0,< 0.08
l0_pce_rate_line_2026-06.csv,A3319800121225003,19161,residential_rate,0,effective_residential_rate,-0.4927,< 0.08
l0_pce_rate_line_2026-06.csv,A3318301220225003,19166,residential_rate,0,effective_residential_rate,0,< 0.08
l0_pce_rate_line_2026-06.csv,A3325201220225003,19171,residential_rate,0,effective_residential_rate,0,< 0.08
l0_pce_rate_line_2026-06.csv,A3320200121225003,19174,residential_rate,0,effective_residential_rate,-0.334,< 0.08
l0_pce_rate_line_2026-06.csv,A3320200121225003,19175,residential_rate,0,effective_residential_rate,0,< 0.08
l0_pce_rate_line_2026-06.csv,A3310100121225003,19189,residential_rate,0,effective_residential_rate,0,< 0.08
l0_pce_rate_line_2026-06.csv,A3310101220225003,19193,residential_rate,0,effective_residential_rate,0,< 0.08
l0_pce_rate_line_2026-06.csv,A3310800221225003,19197,residential_rate,0,effective_residential_rate,0,< 0.08
l0_pce_rate_line_2026-06.csv,A3310900221225003,19199,residential_rate,0,effective_residential_rate,0,< 0.08
l0_pce_rate_line_2026-06.csv,A3311200221225003,19201,residential_rate,0,effective_residential_rate,0,< 0.08
l0_pce_rate_line_2026-06.csv,A3311400221225003,19203,residential_rate,0,effective_residential_rate,0,< 0.08
l0_pce_rate_line_2026-06.csv,A3311500221225003,19205,residential_rate,0,effective_residential_rate,0,< 0.08
l0_pce_rate_line_2026-06.csv,A3311550221225003,19207,residential_rate,0,effective_residential_rate,0,< 0.08
l0_pce_rate_line_2026-06.csv,A3311700221225003,19209,residential_rate,0,effective_residential_rate,0,< 0.08
l0_pce_rate_line_2026-06.csv,A3311900221225003,19211,residential_rate,0,effective_residential_rate,0,< 0.08
l0_pce_rate_line_2026-06.csv,A3312100221225003,19213,residential_rate,0,effective_residential_rate,0,< 0.08
l0_pce_rate_line_2026-06.csv,A3312300221225003,19215,residential_rate,0,effective_residential_rate,0,< 0.08
l0_pce_rate_line_2026-06.csv,A3320400221225003,19217,residential_rate,0,effective_residential_rate,-0.4837,< 0.08
l0_pce_rate_line_2026-06.csv,A3323400221225003,19220,residential_rate,0,effective_residential_rate,0,< 0.08
l0_pce_rate_line_2026-06.csv,A3310500221225003,19224,residential_rate,0,effective_residential_rate,0,< 0.08
l0_pce_rate_line_2026-06.csv,A3318401120225003,19237,residential_rate,0,effective_residential_rate,0,< 0.08
l0_pce_rate_line_2026-06.csv,A3323200221225003,19242,residential_rate,0,effective_residential_rate,-0.4183,< 0.08
l0_pce_rate_line_2026-06.csv,A3310100221225003,19253,residential_rate,0,effective_residential_rate,0,< 0.08
l0_pce_rate_line_2026-06.csv,A3319200221225003,19263,residential_rate,0,effective_residential_rate,0,< 0.08
l0_pce_rate_line_2026-06.csv,A3319201220225003,19264,residential_rate,0,effective_residential_rate,0,< 0.08
l0_pce_rate_line_2026-06.csv,A3322201220225003,19267,residential_rate,0,effective_residential_rate,0,< 0.08
l0_pce_rate_line_2026-06.csv,A3328600221225003,19269,residential_rate,0,effective_residential_rate,0,< 0.08
l0_pce_rate_line_2026-06.csv,A3325600221225003,19279,residential_rate,0,effective_residential_rate,-0.2665,< 0.08
l0_pce_rate_line_2026-06.csv,A3321501220225003,19284,residential_rate,0,effective_residential_rate,0,< 0.08
l0_pce_rate_line_2026-06.csv,A3311900321225003,19287,residential_rate,0,effective_residential_rate,0,< 0.08
l0_pce_rate_line_2026-06.csv,A3325300121225003,19465,residential_rate,0,effective_residential_rate,-0.3337,< 0.08
l0_pce_rate_line_2026-06.csv,A3310800321225003,19468,residential_rate,0,effective_residential_rate,0,< 0.08
l0_pce_rate_line_2026-06.csv,A3310900321225003,19470,residential_rate,0,effective_residential_rate,0,< 0.08
l0_pce_rate_line_2026-06.csv,A3311400321225003,19472,residential_rate,0,effective_residential_rate,0,< 0.08
l0_pce_rate_line_2026-06.csv,A3311500321225003,19474,residential_rate,0,effective_residential_rate,0,< 0.08
l0_pce_rate_line_2026-06.csv,A3311550321225003,19476,residential_rate,0,effective_residential_rate,0,< 0.08
l0_pce_rate_line_2026-06.csv,A3311700321225003,19478,residential_rate,0,effective_residential_rate,0,< 0.08
l0_pce_rate_line_2026-06.csv,A3312100321225003,19480,residential_rate,0,effective_residential_rate,0,< 0.08
l0_pce_rate_line_2026-06.csv,A3312300321225003,19482,residential_rate,0,effective_residential_rate,0,< 0.08
l0_pce_rate_line_2026-06.csv,A3319800221225003,19488,residential_rate,0,effective_residential_rate,-0.4927,< 0.08
l0_pce_rate_line_2026-06.csv,A3323500221225003,19494,residential_rate,0,effective_residential_rate,0,< 0.08
l0_pce_rate_line_2026-06.csv,A3323500221225003,19495,residential_rate,0,effective_residential_rate,-0.0937,< 0.08
l0_pce_rate_line_2026-06.csv,A3323600221225003,19497,residential_rate,0,effective_residential_rate,0,< 0.08
l0_pce_rate_line_2026-06.csv,A3323600221225003,19498,residential_rate,0,effective_residential_rate,-0.0937,< 0.08
l0_pce_rate_line_2026-06.csv,A3323700221225003,19500,residential_rate,0,effective_residential_rate,0,< 0.08
l0_pce_rate_line_2026-06.csv,A3323700221225003,19501,residential_rate,0,effective_residential_rate,-0.0937,< 0.08
l0_pce_rate_line_2026-06.csv,A3323800221225003,19503,residential_rate,0,effective_residential_rate,0,< 0.08
l0_pce_rate_line_2026-06.csv,A3323800221225003,19504,residential_rate,0,effective_residential_rate,-0.0937,< 0.08
l0_pce_rate_line_2026-06.csv,A3323900221225003,19506,residential_rate,0,effective_residential_rate,0,< 0.08
l0_pce_rate_line_2026-06.csv,A3323900221225003,19507,residential_rate,0,effective_residential_rate,-0.0937,< 0.08
l0_pce_rate_line_2026-06.csv,A3324000221225003,19509,residential_rate,0,effective_residential_rate,0,< 0.08
l0_pce_rate_line_2026-06.csv,A3324000221225003,19510,residential_rate,0,effective_residential_rate,-0.0937,< 0.08
l0_pce_rate_line_2026-06.csv,A3324100221225003,19512,residential_rate,0,effective_residential_rate,0,< 0.08
l0_pce_rate_line_2026-06.csv,A3324100221225003,19513,residential_rate,0,effective_residential_rate,-0.0937,< 0.08
l0_pce_rate_line_2026-06.csv,A3323400321225003,19519,residential_rate,0,effective_residential_rate,0,< 0.08
l0_pce_rate_line_2026-06.csv,A3311200321225003,19530,residential_rate,0,effective_residential_rate,0,< 0.08
l0_pce_rate_line_2026-06.csv,A3312200321225003,19537,residential_rate,0,effective_residential_rate,0,< 0.08
l0_pce_rate_line_2026-06.csv,A3320800321225003,19540,residential_rate,0,effective_residential_rate,0,< 0.08
l0_pce_rate_line_2026-06.csv,A3317601220225003,19542,residential_rate,0,effective_residential_rate,0,< 0.08
l0_pce_rate_line_2026-06.csv,A3320400321225003,19556,residential_rate,0,effective_residential_rate,-0.4837,< 0.08
l0_pce_rate_line_2026-06.csv,A3320400321225003,19557,residential_rate,0,effective_residential_rate,0,< 0.08
l0_pce_rate_line_2026-06.csv,A3317700321225003,19563,residential_rate,0,effective_residential_rate,0,< 0.08
l0_pce_rate_line_2026-06.csv,A3325300221225003,19580,residential_rate,0,effective_residential_rate,-0.3337,< 0.08
l0_pce_rate_line_2026-06.csv,A3325300321225003,19582,residential_rate,0,effective_residential_rate,-0.3337,< 0.08
l0_pce_rate_line_2026-06.csv,A3325600321225003,19584,residential_rate,0,effective_residential_rate,-0.2658,< 0.08
l0_pce_rate_line_2026-06.csv,A3310800421225003,19591,residential_rate,0,effective_residential_rate,0,< 0.08
l0_pce_rate_line_2026-06.csv,A3310900421225003,19593,residential_rate,0,effective_residential_rate,0,< 0.08
l0_pce_rate_line_2026-06.csv,A3311200421225003,19595,residential_rate,0,effective_residential_rate,0,< 0.08
l0_pce_rate_line_2026-06.csv,A3311400421225003,19597,residential_rate,0,effective_residential_rate,0,< 0.08
l0_pce_rate_line_2026-06.csv,A3311500421225003,19599,residential_rate,0,effective_residential_rate,0,< 0.08
l0_pce_rate_line_2026-06.csv,A3311700421225003,19601,residential_rate,0,effective_residential_rate,0,< 0.08
l0_pce_rate_line_2026-06.csv,A3311900421225003,19603,residential_rate,0,effective_residential_rate,0,< 0.08
l0_pce_rate_line_2026-06.csv,A3312100421225003,19605,residential_rate,0,effective_residential_rate,0,< 0.08
l0_pce_rate_line_2026-06.csv,A3312300421225003,19607,residential_rate,0,effective_residential_rate,0,< 0.08
l0_pce_rate_line_2026-06.csv,A3311550421225003,19609,residential_rate,0,effective_residential_rate,-1e-04,< 0.08
l0_pce_rate_line_2026-06.csv,A3322000321225003,19612,residential_rate,0,effective_residential_rate,-0.644,< 0.08
l0_pce_rate_line_2026-06.csv,A3329000321225003,19789,residential_rate,0,effective_residential_rate,0,< 0.08
l0_pce_rate_line_2026-06.csv,A3319200321225003,19795,residential_rate,0,effective_residential_rate,0,< 0.08
l0_pce_rate_line_2026-06.csv,A3320400421225003,19799,residential_rate,0,effective_residential_rate,-0.4837,< 0.08
l0_pce_rate_line_2026-06.csv,A3320400421225003,19800,residential_rate,0,effective_residential_rate,0,< 0.08
l0_pce_rate_line_2026-06.csv,A3323400421225003,19804,residential_rate,0,effective_residential_rate,0,< 0.08
l0_pce_rate_line_2026-06.csv,A3320200221225003,19808,residential_rate,0,effective_residential_rate,-0.334,< 0.08
l0_pce_rate_line_2026-06.csv,A3320200221225003,19809,residential_rate,0,effective_residential_rate,0,< 0.08
l0_pce_rate_line_2026-06.csv,A3320200321225003,19811,residential_rate,0,effective_residential_rate,-0.334,< 0.08
l0_pce_rate_line_2026-06.csv,A3320200321225003,19812,residential_rate,0,effective_residential_rate,0,< 0.08
l0_pce_rate_line_2026-06.csv,A3311801220225003,19822,residential_rate,0,effective_residential_rate,0,< 0.08
l0_pce_rate_line_2026-06.csv,A3311800421225003,19823,residential_rate,0,effective_residential_rate,0,< 0.08
l0_pce_rate_line_2026-06.csv,A3319800321225003,19830,residential_rate,0,effective_residential_rate,-0.4927,< 0.08
l0_pce_rate_line_2026-06.csv,A3319800421225003,19832,residential_rate,0,effective_residential_rate,-0.4927,< 0.08
l0_pce_rate_line_2026-06.csv,A3320500421225003,19834,residential_rate,0,effective_residential_rate,0,< 0.08
l0_pce_rate_line_2026-06.csv,A3323500321225003,19842,residential_rate,0,effective_residential_rate,-0.0937,< 0.08
l0_pce_rate_line_2026-06.csv,A3323600321225003,19844,residential_rate,0,effective_residential_rate,-0.0937,< 0.08
l0_pce_rate_line_2026-06.csv,A3323700321225003,19846,residential_rate,0,effective_residential_rate,-0.0937,< 0.08
l0_pce_rate_line_2026-06.csv,A3323800321225003,19848,residential_rate,0,effective_residential_rate,-0.0937,< 0.08
l0_pce_rate_line_2026-06.csv,A3323900321225003,19850,residential_rate,0,effective_residential_rate,-0.0937,< 0.08
l0_pce_rate_line_2026-06.csv,A3324000321225003,19852,residential_rate,0,effective_residential_rate,-0.0937,< 0.08
l0_pce_rate_line_2026-06.csv,A3324100321225003,19854,residential_rate,0,effective_residential_rate,-0.0937,< 0.08
l0_pce_rate_line_2026-06.csv,A3323500421225003,19856,residential_rate,0,effective_residential_rate,-0.0937,< 0.08
l0_pce_rate_line_2026-06.csv,A3323600421225003,19858,residential_rate,0,effective_residential_rate,-0.0937,< 0.08
l0_pce_rate_line_2026-06.csv,A3323700421225003,19860,residential_rate,0,effective_residential_rate,-0.0937,< 0.08
l0_pce_rate_line_2026-06.csv,A3323800421225003,19862,residential_rate,0,effective_residential_rate,-0.0937,< 0.08
l0_pce_rate_line_2026-06.csv,A3323900421225003,19864,residential_rate,0,effective_residential_rate,-0.0937,< 0.08
l0_pce_rate_line_2026-06.csv,A3324000421225003,19866,residential_rate,0,effective_residential_rate,0,< 0.08
l0_pce_rate_line_2026-06.csv,A3324100421225003,19868,residential_rate,0,effective_residential_rate,-0.0937,< 0.08
l0_pce_rate_line_2026-06.csv,A3316900421225003,20022,residential_rate,0,effective_residential_rate,0,< 0.08
l0_pce_rate_line_2026-06.csv,A3321500421225003,20042,residential_rate,0,effective_residential_rate,0,< 0.08
l0_pce_rate_line_2026-06.csv,A3319700421225003,20061,residential_rate,0,effective_residential_rate,0,< 0.08
l0_pce_rate_line_2026-06.csv,A3324500820225003,20075,residential_rate,0,effective_residential_rate,0,< 0.08
l0_pce_rate_line_2026-06.csv,A3325600421225003,20096,residential_rate,0,effective_residential_rate,-0.2658,< 0.08
l0_pce_rate_line_2026-06.csv,A3317700421225003,20100,residential_rate,0,effective_residential_rate,0,< 0.08
l0_pce_rate_line_2026-06.csv,A3317700521225003,20102,residential_rate,0,effective_residential_rate,0,< 0.08
l0_pce_rate_line_2026-06.csv,A3320200421225003,20113,residential_rate,0,effective_residential_rate,-0.334,< 0.08
l0_pce_rate_line_2026-06.csv,A3320200421225003,20114,residential_rate,0,effective_residential_rate,0,< 0.08
l0_pce_rate_line_2026-06.csv,A3320201220225003,20115,residential_rate,0,effective_residential_rate,0,< 0.08
l0_pce_rate_line_2026-06.csv,A3320800421225003,20120,residential_rate,0,effective_residential_rate,0,< 0.08
l0_pce_rate_line_2026-06.csv,A3320500521225003,20122,residential_rate,0,effective_residential_rate,0,< 0.08
l0_pce_rate_line_2026-06.csv,A3320500521225003,20123,residential_rate,0,effective_residential_rate,0,< 0.08
l0_pce_rate_line_2026-06.csv,A3320501220225003,20124,residential_rate,0,effective_residential_rate,0,< 0.08
l0_pce_rate_line_2026-06.csv,A3324200121225003,20127,residential_rate,0,effective_residential_rate,0,< 0.08
l0_pce_rate_line_2026-06.csv,A3324200321225003,20130,residential_rate,0,effective_residential_rate,0,< 0.08
l0_pce_rate_line_2026-06.csv,A3318600121225003,20145,residential_rate,0,effective_residential_rate,0,< 0.08
l0_pce_rate_line_2026-06.csv,A3318600421225003,20149,residential_rate,0,effective_residential_rate,0,< 0.08
l0_pce_rate_line_2026-06.csv,A3322100221225003,20152,residential_rate,0,effective_residential_rate,0,< 0.08
l0_pce_rate_line_2026-06.csv,A3328600321225003,20154,residential_rate,0,effective_residential_rate,0,< 0.08
l0_pce_rate_line_2026-06.csv,A3328901220225003,20165,residential_rate,0,effective_residential_rate,0,< 0.08
l0_pce_rate_line_2026-06.csv,A3320101220225003,20185,residential_rate,0,effective_residential_rate,0,< 0.08
l0_pce_rate_line_2026-06.csv,A3320100521225003,20186,residential_rate,0,effective_residential_rate,0,< 0.08
l0_pce_rate_line_2026-06.csv,A3311200521225003,20188,residential_rate,0,effective_residential_rate,0,< 0.08
l0_pce_rate_line_2026-06.csv,A3311900521225003,20190,residential_rate,0,effective_residential_rate,0,< 0.08
l0_pce_rate_line_2026-06.csv,A3319200521225003,20193,residential_rate,0,effective_residential_rate,0,< 0.08
l0_pce_rate_line_2026-06.csv,A3310800521225003,20202,residential_rate,0,effective_residential_rate,0,< 0.08
l0_pce_rate_line_2026-06.csv,A3310900521225003,20204,residential_rate,0,effective_residential_rate,0,< 0.08
l0_pce_rate_line_2026-06.csv,A3311400521225003,20206,residential_rate,0,effective_residential_rate,0,< 0.08
l0_pce_rate_line_2026-06.csv,A3311500521225003,20208,residential_rate,0,effective_residential_rate,0,< 0.08
l0_pce_rate_line_2026-06.csv,A3311550521225003,20210,residential_rate,0,effective_residential_rate,0,< 0.08
l0_pce_rate_line_2026-06.csv,A3311700521225003,20212,residential_rate,0,effective_residential_rate,0,< 0.08
l0_pce_rate_line_2026-06.csv,A3312100521225003,20214,residential_rate,0,effective_residential_rate,0,< 0.08
l0_pce_rate_line_2026-06.csv,A3312300521225003,20216,residential_rate,0,effective_residential_rate,0,< 0.08
l0_pce_rate_line_2026-06.csv,A3318500621225003,20421,residential_rate,0,effective_residential_rate,0,< 0.08
l0_pce_rate_line_2026-06.csv,A3318600521225003,20431,residential_rate,0,effective_residential_rate,0,< 0.08
l0_pce_rate_line_2026-06.csv,A3310500521225003,20433,residential_rate,0,effective_residential_rate,0,< 0.08
l0_pce_rate_line_2026-06.csv,A3322000421225003,20466,residential_rate,0,effective_residential_rate,-0.644,< 0.08
l0_pce_rate_line_2026-06.csv,A3322000421225003,20467,residential_rate,0,effective_residential_rate,0,< 0.08
l0_pce_rate_line_2026-06.csv,A3322000521225003,20469,residential_rate,0,effective_residential_rate,-0.644,< 0.08
l0_pce_rate_line_2026-06.csv,A3328600421225003,20492,residential_rate,0,effective_residential_rate,0,< 0.08
l0_pce_rate_line_2026-06.csv,A3320800521225003,20503,residential_rate,0,effective_residential_rate,0,< 0.08
l0_pce_rate_line_2026-06.csv,A3319800521225003,20506,residential_rate,0,effective_residential_rate,-0.4927,< 0.08
l0_pce_rate_line_2026-06.csv,A3325300521225003,20508,residential_rate,0,effective_residential_rate,-0.3337,< 0.08
l0_pce_rate_line_2026-06.csv,A3322200621225003,20511,residential_rate,0,effective_residential_rate,0,< 0.08
l0_pce_rate_line_2026-06.csv,A3323500521225003,20519,residential_rate,0,effective_residential_rate,0,< 0.08
l0_pce_rate_line_2026-06.csv,A3323500521225003,20520,residential_rate,0,effective_residential_rate,-0.0937,< 0.08
l0_pce_rate_line_2026-06.csv,A3323600521225003,20522,residential_rate,0,effective_residential_rate,0,< 0.08
l0_pce_rate_line_2026-06.csv,A3323600521225003,20523,residential_rate,0,effective_residential_rate,-0.0937,< 0.08
l0_pce_rate_line_2026-06.csv,A3323700521225003,20525,residential_rate,0,effective_residential_rate,0,< 0.08
l0_pce_rate_line_2026-06.csv,A3323700521225003,20526,residential_rate,0,effective_residential_rate,-0.0937,< 0.08
l0_pce_rate_line_2026-06.csv,A3323800521225003,20528,residential_rate,0,effective_residential_rate,0,< 0.08
l0_pce_rate_line_2026-06.csv,A3323800521225003,20529,residential_rate,0,effective_residential_rate,-0.0937,< 0.08
l0_pce_rate_line_2026-06.csv,A3323900521225003,20531,residential_rate,0,effective_residential_rate,0,< 0.08
l0_pce_rate_line_2026-06.csv,A3323900521225003,20532,residential_rate,0,effective_residential_rate,-0.0937,< 0.08
l0_pce_rate_line_2026-06.csv,A3324000521225003,20534,residential_rate,0,effective_residential_rate,0,< 0.08
l0_pce_rate_line_2026-06.csv,A3324000521225003,20535,residential_rate,0,effective_residential_rate,-0.0937,< 0.08
l0_pce_rate_line_2026-06.csv,A3324100521225003,20537,residential_rate,0,effective_residential_rate,0,< 0.08
l0_pce_rate_line_2026-06.csv,A3324100521225003,20538,residential_rate,0,effective_residential_rate,-0.0937,< 0.08
l0_pce_rate_line_2026-06.csv,A3322100321225003,20540,residential_rate,0,effective_residential_rate,0,< 0.08
l0_pce_rate_line_2026-06.csv,A3322100421225003,20542,residential_rate,0,effective_residential_rate,0,< 0.08
l0_pce_rate_line_2026-06.csv,A3322100521225003,20544,residential_rate,0,effective_residential_rate,0,< 0.08
l0_pce_rate_line_2026-06.csv,A3310800621225003,20551,residential_rate,0,effective_residential_rate,0,< 0.08
l0_pce_rate_line_2026-06.csv,A3310900621225003,20553,residential_rate,0,effective_residential_rate,0,< 0.08
l0_pce_rate_line_2026-06.csv,A3320100621225003,20555,residential_rate,0,effective_residential_rate,0,< 0.08
l0_pce_rate_line_2026-06.csv,A3311200621225003,20557,residential_rate,0,effective_residential_rate,0,< 0.08
l0_pce_rate_line_2026-06.csv,A3311400621225003,20559,residential_rate,0,effective_residential_rate,0,< 0.08
l0_pce_rate_line_2026-06.csv,A3311500621225003,20561,residential_rate,0,effective_residential_rate,0,< 0.08
l0_pce_rate_line_2026-06.csv,A3311550621225003,20563,residential_rate,0,effective_residential_rate,0,< 0.08
l0_pce_rate_line_2026-06.csv,A3311700621225003,20565,residential_rate,0,effective_residential_rate,0,< 0.08
l0_pce_rate_line_2026-06.csv,A3311900621225003,20567,residential_rate,0,effective_residential_rate,0,< 0.08
l0_pce_rate_line_2026-06.csv,A3312100621225003,20569,residential_rate,0,effective_residential_rate,0,< 0.08
l0_pce_rate_line_2026-06.csv,A3312300621225003,20571,residential_rate,0,effective_residential_rate,0,< 0.08
l0_pce_rate_line_2026-06.csv,A3319600621225003,20574,residential_rate,0,effective_residential_rate,0,< 0.08
l0_pce_rate_line_2026-06.csv,A3328700521225003,20579,residential_rate,0,effective_residential_rate,0,< 0.08
l0_pce_rate_line_2026-06.csv,A3325300421225003,20600,residential_rate,0,effective_residential_rate,-0.3337,< 0.08
l0_pce_rate_line_2026-06.csv,A3325600521225003,20608,residential_rate,0,effective_residential_rate,-0.2658,< 0.08
l0_pce_rate_line_2026-06.csv,A3325600621225003,20610,residential_rate,0,effective_residential_rate,-0.2662,< 0.08
l0_pce_rate_line_2026-06.csv,A3321400621225003,20615,residential_rate,0,effective_residential_rate,0,< 0.08
l0_pce_rate_line_2026-06.csv,A3320200521225003,20622,residential_rate,0,effective_residential_rate,-0.334,< 0.08
l0_pce_rate_line_2026-06.csv,A3320200521225003,20623,residential_rate,0,effective_residential_rate,0,< 0.08
l0_pce_rate_line_2026-06.csv,A3320200621225003,20625,residential_rate,0,effective_residential_rate,-0.334,< 0.08
l0_pce_rate_line_2026-06.csv,A3320200621225003,20626,residential_rate,0,effective_residential_rate,0,< 0.08
l0_pce_rate_line_2026-06.csv,A3312200621225003,20640,residential_rate,0,effective_residential_rate,0,< 0.08
l0_pce_rate_line_2026-06.csv,A3322100621225003,20642,residential_rate,0,effective_residential_rate,0,< 0.08
l0_pce_rate_line_2026-06.csv,A3323100421225003,20654,residential_rate,0,effective_residential_rate,0,< 0.08
l0_pce_rate_line_2026-06.csv,A3323400721225003,20660,residential_rate,0,effective_residential_rate,0,< 0.08
l0_pce_rate_line_2026-06.csv,A3318700721225003,20662,residential_rate,0,effective_residential_rate,-0.2309,< 0.08
l0_pce_rate_line_2026-06.csv,A3328600721225003,20666,residential_rate,0,effective_residential_rate,0,< 0.08
l0_pce_rate_line_2026-06.csv,A3310800721225003,20837,residential_rate,0,effective_residential_rate,0,< 0.08
l0_pce_rate_line_2026-06.csv,A3310900721225003,20839,residential_rate,0,effective_residential_rate,0,< 0.08
l0_pce_rate_line_2026-06.csv,A3311400721225003,20841,residential_rate,0,effective_residential_rate,0,< 0.08
l0_pce_rate_line_2026-06.csv,A3311500721225003,20843,residential_rate,0,effective_residential_rate,0,< 0.08
l0_pce_rate_line_2026-06.csv,A3311200721225003,20846,residential_rate,0,effective_residential_rate,0,< 0.08
l0_pce_rate_line_2026-06.csv,A3311550721225003,20848,residential_rate,0,effective_residential_rate,0,< 0.08
l0_pce_rate_line_2026-06.csv,A3311700721225003,20850,residential_rate,0,effective_residential_rate,0,< 0.08
l0_pce_rate_line_2026-06.csv,A3311900721225003,20852,residential_rate,0,effective_residential_rate,0,< 0.08
l0_pce_rate_line_2026-06.csv,A3312100721225003,20854,residential_rate,0,effective_residential_rate,0,< 0.08
l0_pce_rate_line_2026-06.csv,A3312300721225003,20856,residential_rate,0,effective_residential_rate,0,< 0.08
l0_pce_rate_line_2026-06.csv,A3323500621225003,20858,residential_rate,0,effective_residential_rate,0,< 0.08
l0_pce_rate_line_2026-06.csv,A3323500621225003,20859,residential_rate,0,effective_residential_rate,-0.0937,< 0.08
l0_pce_rate_line_2026-06.csv,A3323600621225003,20861,residential_rate,0,effective_residential_rate,0,< 0.08
l0_pce_rate_line_2026-06.csv,A3323600621225003,20862,residential_rate,0,effective_residential_rate,-0.0937,< 0.08
l0_pce_rate_line_2026-06.csv,A3323700621225003,20864,residential_rate,0,effective_residential_rate,0,< 0.08
l0_pce_rate_line_2026-06.csv,A3323700621225003,20865,residential_rate,0,effective_residential_rate,-0.0937,< 0.08
l0_pce_rate_line_2026-06.csv,A3323800621225003,20867,residential_rate,0,effective_residential_rate,0,< 0.08
l0_pce_rate_line_2026-06.csv,A3323800621225003,20868,residential_rate,0,effective_residential_rate,-0.0937,< 0.08
l0_pce_rate_line_2026-06.csv,A3323900621225003,20870,residential_rate,0,effective_residential_rate,0,< 0.08
l0_pce_rate_line_2026-06.csv,A3323900621225003,20871,residential_rate,0,effective_residential_rate,-0.0937,< 0.08
l0_pce_rate_line_2026-06.csv,A3324000621225003,20873,residential_rate,0,effective_residential_rate,0,< 0.08
l0_pce_rate_line_2026-06.csv,A3324000621225003,20874,residential_rate,0,effective_residential_rate,-0.0937,< 0.08
l0_pce_rate_line_2026-06.csv,A3324100621225003,20876,residential_rate,0,effective_residential_rate,0,< 0.08
l0_pce_rate_line_2026-06.csv,A3324100621225003,20877,residential_rate,0,effective_residential_rate,-0.0937,< 0.08
l0_pce_rate_line_2026-06.csv,A3324100621225003,20878,residential_rate,0,effective_residential_rate,-0.1437,< 0.08
l0_pce_rate_line_2026-06.csv,A3320600621225003,20905,residential_rate,0,effective_residential_rate,0,< 0.08
l0_pce_rate_line_2026-06.csv,A3319800621225003,20920,residential_rate,0,effective_residential_rate,-0.4927,< 0.08
l0_pce_rate_line_2026-06.csv,A3322800421225003,20925,residential_rate,0,effective_residential_rate,-0.2673,< 0.08
l0_pce_rate_line_2026-06.csv,A3322800521225003,20927,residential_rate,0,effective_residential_rate,-0.2407,< 0.08
l0_pce_rate_line_2026-06.csv,A3322800621225003,20929,residential_rate,0,effective_residential_rate,-0.2335,< 0.08
l0_pce_rate_line_2026-06.csv,A3317700721225003,20931,residential_rate,0,effective_residential_rate,0,< 0.08
l0_pce_rate_line_2026-06.csv,A3319200621225003,20939,residential_rate,0,effective_residential_rate,0,< 0.08
l0_pce_rate_line_2026-06.csv,A3319200821225003,20942,residential_rate,0,effective_residential_rate,0,< 0.08
l0_pce_rate_line_2026-06.csv,A3323100721225003,21126,residential_rate,0,effective_residential_rate,0,< 0.08
l0_pce_rate_line_2026-06.csv,A3325300621225003,21132,residential_rate,0,effective_residential_rate,-0.3337,< 0.08
l0_pce_rate_line_2026-06.csv,A3325300721225003,21134,residential_rate,0,effective_residential_rate,-0.3337,< 0.08
l0_pce_rate_line_2026-06.csv,A3319800721225003,21138,residential_rate,0,effective_residential_rate,-0.4927,< 0.08
l0_pce_rate_line_2026-06.csv,A3325600721225003,21143,residential_rate,0,effective_residential_rate,-0.2672,< 0.08
l0_pce_rate_line_2026-06.csv,A3320200721225003,21149,residential_rate,0,effective_residential_rate,-0.334,< 0.08
l0_pce_rate_line_2026-06.csv,A3320200721225003,21150,residential_rate,0,effective_residential_rate,0,< 0.08
l0_pce_rate_line_2026-06.csv,A3328500821225003,21154,residential_rate,0,effective_residential_rate,0,< 0.08
l0_pce_rate_line_2026-06.csv,A3318100521225003,21157,residential_rate,0,effective_residential_rate,0,< 0.08
l0_pce_rate_line_2026-06.csv,A3318100621225003,21159,residential_rate,0,effective_residential_rate,0,< 0.08
l0_pce_rate_line_2026-06.csv,A3318100721225003,21161,residential_rate,0,effective_residential_rate,0,< 0.08
l0_pce_rate_line_2026-06.csv,A3322200721225003,21163,residential_rate,0,effective_residential_rate,0,< 0.08
l0_pce_rate_line_2026-06.csv,A3317600821225003,21194,residential_rate,0,effective_residential_rate,0,< 0.08
l0_pce_rate_line_2026-06.csv,A3325600821225003,21199,residential_rate,0,effective_residential_rate,-0.2737,< 0.08
l0_pce_rate_line_2026-06.csv,A3310800821225003,21219,residential_rate,0,effective_residential_rate,0,< 0.08
l0_pce_rate_line_2026-06.csv,A3310900821225003,21221,residential_rate,0,effective_residential_rate,0,< 0.08
l0_pce_rate_line_2026-06.csv,A3311400821225003,21225,residential_rate,0,effective_residential_rate,0,< 0.08
l0_pce_rate_line_2026-06.csv,A3311500821225003,21227,residential_rate,0,effective_residential_rate,0,< 0.08
l0_pce_rate_line_2026-06.csv,A3311550821225003,21229,residential_rate,0,effective_residential_rate,0,< 0.08
l0_pce_rate_line_2026-06.csv,A3311700821225003,21231,residential_rate,0,effective_residential_rate,0,< 0.08
l0_pce_rate_line_2026-06.csv,A3311900821225003,21233,residential_rate,0,effective_residential_rate,0,< 0.08
l0_pce_rate_line_2026-06.csv,A3312100821225003,21235,residential_rate,0,effective_residential_rate,0,< 0.08
l0_pce_rate_line_2026-06.csv,A3312300821225003,21237,residential_rate,0,effective_residential_rate,0,< 0.08
l0_pce_rate_line_2026-06.csv,A3323500721225003,21239,residential_rate,0,effective_residential_rate,-0.0937,< 0.08
l0_pce_rate_line_2026-06.csv,A3323600721225003,21241,residential_rate,0,effective_residential_rate,-0.0937,< 0.08
l0_pce_rate_line_2026-06.csv,A3323700721225003,21243,residential_rate,0,effective_residential_rate,-0.0937,< 0.08
l0_pce_rate_line_2026-06.csv,A3323700721225003,21244,residential_rate,0,effective_residential_rate,-0.1437,< 0.08
l0_pce_rate_line_2026-06.csv,A3323800721225003,21246,residential_rate,0,effective_residential_rate,-0.0937,< 0.08
l0_pce_rate_line_2026-06.csv,A3323900721225003,21248,residential_rate,0,effective_residential_rate,-0.0937,< 0.08
l0_pce_rate_line_2026-06.csv,A3324000721225003,21250,residential_rate,0,effective_residential_rate,-0.0937,< 0.08
l0_pce_rate_line_2026-06.csv,A3324100721225003,21252,residential_rate,0,effective_residential_rate,-0.0937,< 0.08
l0_pce_rate_line_2026-06.csv,A3310500821225003,21261,residential_rate,0,effective_residential_rate,0,< 0.08
l0_pce_rate_line_2026-06.csv,A3311000821225003,21265,residential_rate,0,effective_residential_rate,0,< 0.08
l0_pce_rate_line_2026-06.csv,A3312000821225003,21272,residential_rate,0,effective_residential_rate,0,< 0.08
l0_pce_rate_line_2026-06.csv,A3319900821225003,21285,residential_rate,0,effective_residential_rate,0,< 0.08
l0_pce_rate_line_2026-06.csv,A3315000821225003,21404,residential_rate,0,effective_residential_rate,0,< 0.08
l0_pce_rate_line_2026-06.csv,A3325300821225003,21482,residential_rate,0,effective_residential_rate,-0.3337,< 0.08
l0_pce_rate_line_2026-06.csv,A3318600721225003,21493,residential_rate,0,effective_residential_rate,0,< 0.08
l0_pce_rate_line_2026-06.csv,A3318600821225003,21495,residential_rate,0,effective_residential_rate,0,< 0.08
l0_pce_rate_line_2026-06.csv,A3318700921225003,21516,residential_rate,0,effective_residential_rate,0,< 0.08
l0_pce_rate_line_2026-06.csv,A3328600921225003,21521,residential_rate,0,effective_residential_rate,0,< 0.08
l0_pce_rate_line_2026-06.csv,A3323500821225003,21523,residential_rate,0,effective_residential_rate,-0.0937,< 0.08
l0_pce_rate_line_2026-06.csv,A3323600821225003,21525,residential_rate,0,effective_residential_rate,-0.0937,< 0.08
l0_pce_rate_line_2026-06.csv,A3323700821225003,21527,residential_rate,0,effective_residential_rate,-0.0937,< 0.08
l0_pce_rate_line_2026-06.csv,A3323800821225003,21529,residential_rate,0,effective_residential_rate,-0.0937,< 0.08
l0_pce_rate_line_2026-06.csv,A3323900821225003,21531,residential_rate,0,effective_residential_rate,-0.0937,< 0.08
l0_pce_rate_line_2026-06.csv,A3324000821225003,21533,residential_rate,0,effective_residential_rate,-0.0937,< 0.08
l0_pce_rate_line_2026-06.csv,A3324100821225003,21535,residential_rate,0,effective_residential_rate,-0.0937,< 0.08
l0_pce_rate_line_2026-06.csv,A3320200821225003,21538,residential_rate,0,effective_residential_rate,-0.334,< 0.08
l0_pce_rate_line_2026-06.csv,A3320200821225003,21539,residential_rate,0,effective_residential_rate,0,< 0.08
l0_pce_rate_line_2026-06.csv,A3320200921225003,21541,residential_rate,0,effective_residential_rate,-0.334,< 0.08
l0_pce_rate_line_2026-06.csv,A3320200921225003,21542,residential_rate,0,effective_residential_rate,0,< 0.08
l0_pce_rate_line_2026-06.csv,A3310800921225003,21724,residential_rate,0,effective_residential_rate,0,< 0.08
l0_pce_rate_line_2026-06.csv,A3310900921225003,21726,residential_rate,0,effective_residential_rate,0,< 0.08
l0_pce_rate_line_2026-06.csv,A3311400921225003,21729,residential_rate,0,effective_residential_rate,0,< 0.08
l0_pce_rate_line_2026-06.csv,A3311500921225003,21731,residential_rate,0,effective_residential_rate,0,< 0.08
l0_pce_rate_line_2026-06.csv,A3311550921225003,21733,residential_rate,0,effective_residential_rate,0,< 0.08
l0_pce_rate_line_2026-06.csv,A3311700921225003,21735,residential_rate,0,effective_residential_rate,0,< 0.08
l0_pce_rate_line_2026-06.csv,A3312100921225003,21737,residential_rate,0,effective_residential_rate,0,< 0.08
l0_pce_rate_line_2026-06.csv,A3312300921225003,21739,residential_rate,0,effective_residential_rate,0,< 0.08
l0_pce_rate_line_2026-06.csv,A3310801021225003,21939,residential_rate,0,effective_residential_rate,0,< 0.08
l0_pce_rate_line_2026-06.csv,A3310901021225003,21941,residential_rate,0,effective_residential_rate,0,< 0.08
l0_pce_rate_line_2026-06.csv,A3311401021225003,21946,residential_rate,0,effective_residential_rate,0,< 0.08
l0_pce_rate_line_2026-06.csv,A3311501021225003,21948,residential_rate,0,effective_residential_rate,0,< 0.08
l0_pce_rate_line_2026-06.csv,A3311551021225003,21950,residential_rate,0,effective_residential_rate,0,< 0.08
l0_pce_rate_line_2026-06.csv,A3311701021225003,21953,residential_rate,0,effective_residential_rate,0,< 0.08
l0_pce_rate_line_2026-06.csv,A3312101021225003,21959,residential_rate,0,effective_residential_rate,0,< 0.08
l0_pce_rate_line_2026-06.csv,A3312301021225003,21962,residential_rate,0,effective_residential_rate,0,< 0.08
l0_pce_rate_line_2026-06.csv,A3326101021225003,22011,residential_rate,0,effective_residential_rate,0,< 0.08
l0_pce_rate_line_2026-06.csv,A3323500921225003,22476,residential_rate,0.15,effective_residential_rate,0.0563,< 0.08
l0_pce_rate_line_2026-06.csv,A3323501021225003,22478,residential_rate,0.15,effective_residential_rate,0.0563,< 0.08
l0_pce_rate_line_2026-06.csv,A3323600921225003,22480,residential_rate,0.15,effective_residential_rate,0.0563,< 0.08
l0_pce_rate_line_2026-06.csv,A3323601021225003,22482,residential_rate,0.15,effective_residential_rate,0.0563,< 0.08
l0_pce_rate_line_2026-06.csv,A3323700921225003,22484,residential_rate,0.15,effective_residential_rate,0.0563,< 0.08
l0_pce_rate_line_2026-06.csv,A3323701021225003,22486,residential_rate,0.15,effective_residential_rate,0.0563,< 0.08
l0_pce_rate_line_2026-06.csv,A3323800921225003,22488,residential_rate,0.08,effective_residential_rate,-0.0137,< 0.08
l0_pce_rate_line_2026-06.csv,A3323801021225003,22490,residential_rate,0.08,effective_residential_rate,-0.0137,< 0.08
l0_pce_rate_line_2026-06.csv,A3323900921225003,22492,residential_rate,0.15,effective_residential_rate,0.0563,< 0.08
l0_pce_rate_line_2026-06.csv,A3323901021225003,22494,residential_rate,0.15,effective_residential_rate,0.0563,< 0.08
l0_pce_rate_line_2026-06.csv,A3324000921225003,22496,residential_rate,0.15,effective_residential_rate,0.0563,< 0.08
l0_pce_rate_line_2026-06.csv,A3324001021225003,22498,residential_rate,0.15,effective_residential_rate,0.0563,< 0.08
l0_pce_rate_line_2026-06.csv,A3324100921225003,22500,residential_rate,0.15,effective_residential_rate,0.0563,< 0.08
l0_pce_rate_line_2026-06.csv,A3324101021225003,22502,residential_rate,0.15,effective_residential_rate,0.0563,< 0.08
l0_pce_rate_line_2026-06.csv,A3323501121225003,22687,residential_rate,0.15,effective_residential_rate,0.0563,< 0.08
l0_pce_rate_line_2026-06.csv,A3323501221225003,22690,residential_rate,0.15,effective_residential_rate,0.0563,< 0.08
l0_pce_rate_line_2026-06.csv,A3323601121225003,22693,residential_rate,0.15,effective_residential_rate,0.0563,< 0.08
l0_pce_rate_line_2026-06.csv,A3323601221225003,22696,residential_rate,0.15,effective_residential_rate,0.0563,< 0.08
l0_pce_rate_line_2026-06.csv,A3323701121225003,22699,residential_rate,0.15,effective_residential_rate,0.0563,< 0.08
l0_pce_rate_line_2026-06.csv,A3323701221225003,22702,residential_rate,0.15,effective_residential_rate,0.0563,< 0.08
l0_pce_rate_line_2026-06.csv,A3323801121225003,22705,residential_rate,0.08,effective_residential_rate,-0.0137,< 0.08
l0_pce_rate_line_2026-06.csv,A3323801221225003,22708,residential_rate,0.08,effective_residential_rate,-0.0137,< 0.08
l0_pce_rate_line_2026-06.csv,A3323901121225003,22711,residential_rate,0.15,effective_residential_rate,0.0563,< 0.08
l0_pce_rate_line_2026-06.csv,A3323901221225003,22714,residential_rate,0,effective_residential_rate,0,< 0.08
l0_pce_rate_line_2026-06.csv,A3324001121225003,22716,residential_rate,0,effective_residential_rate,0,< 0.08
l0_pce_rate_line_2026-06.csv,A3324001221225003,22719,residential_rate,0,effective_residential_rate,0,< 0.08
l0_pce_rate_line_2026-06.csv,A3324101221225003,22722,residential_rate,0,effective_residential_rate,0,< 0.08
l0_pce_rate_line_2026-06.csv,A3324101121225003,22725,residential_rate,0.15,effective_residential_rate,0.0563,< 0.08
l0_pce_rate_line_2026-06.csv,A3324401221225003,22919,residential_rate,0,effective_residential_rate,0,< 0.08
l0_pce_rate_line_2026-06.csv,A3325600921225003,22928,residential_rate,0,effective_residential_rate,-0.2737,< 0.08
l0_pce_rate_line_2026-06.csv,A3325601021225003,22930,residential_rate,0,effective_residential_rate,-0.2737,< 0.08
l0_pce_rate_line_2026-06.csv,A3325601121225003,22932,residential_rate,0,effective_residential_rate,-0.2737,< 0.08
l0_pce_rate_line_2026-06.csv,A3321500222225003,23144,residential_rate,0,effective_residential_rate,0,< 0.08
l0_pce_rate_line_2026-06.csv,A3321500322225003,23146,residential_rate,0,effective_residential_rate,0,< 0.08
l0_pce_rate_line_2026-06.csv,A3326000122225003,23154,residential_rate,0,effective_residential_rate,0,< 0.08
l0_pce_rate_line_2026-06.csv,A3319901021225003,23160,residential_rate,0,effective_residential_rate,0,< 0.08
l0_pce_rate_line_2026-06.csv,A3319901121225003,23162,residential_rate,0,effective_residential_rate,0,< 0.08
l0_pce_rate_line_2026-06.csv,A3319901221225003,23164,residential_rate,0,effective_residential_rate,0,< 0.08
l0_pce_rate_line_2026-06.csv,A3319800921225003,23213,residential_rate,0,effective_residential_rate,-0.4927,< 0.08
l0_pce_rate_line_2026-06.csv,A3319801021225003,23215,residential_rate,0,effective_residential_rate,-0.4927,< 0.08
l0_pce_rate_line_2026-06.csv,A3319801121225003,23233,residential_rate,0,effective_residential_rate,-0.4927,< 0.08
l0_pce_rate_line_2026-06.csv,A3319801221225003,23235,residential_rate,0,effective_residential_rate,-0.4927,< 0.08
l0_pce_rate_line_2026-06.csv,A3326101121225003,23354,residential_rate,0,effective_residential_rate,0,< 0.08
l0_pce_rate_line_2026-06.csv,A3326101221225003,23356,residential_rate,0,effective_residential_rate,0,< 0.08
l0_pce_rate_line_2026-06.csv,A3310100122225003,23537,residential_rate,0,effective_residential_rate,0,< 0.08
l0_pce_rate_line_2026-06.csv,A3317500122225003,23542,residential_rate,0,effective_residential_rate,0,< 0.08
l0_pce_rate_line_2026-06.csv,A3317500222225003,23544,residential_rate,0,effective_residential_rate,0,< 0.08
l0_pce_rate_line_2026-06.csv,A3317500322225003,23546,residential_rate,0,effective_residential_rate,0,< 0.08
l0_pce_rate_line_2026-06.csv,A3318900122225003,23551,residential_rate,0,effective_residential_rate,0,< 0.08
l0_pce_rate_line_2026-06.csv,A3325100222225003,23557,residential_rate,0,effective_residential_rate,0,< 0.08
l0_pce_rate_line_2026-06.csv,A3312400521225003,23563,residential_rate,0,effective_residential_rate,0,< 0.08
l0_pce_rate_line_2026-06.csv,A3312500521225003,23567,residential_rate,0,effective_residential_rate,0,< 0.08
l0_pce_rate_line_2026-06.csv,A3312600521225003,23571,residential_rate,0,effective_residential_rate,0,< 0.08
l0_pce_rate_line_2026-06.csv,A3318000521225003,23575,residential_rate,0,effective_residential_rate,0,< 0.08
l0_pce_rate_line_2026-06.csv,A3312700521225003,23579,residential_rate,0,effective_residential_rate,0,< 0.08
l0_pce_rate_line_2026-06.csv,A3312800521225003,23583,residential_rate,0,effective_residential_rate,0,< 0.08
l0_pce_rate_line_2026-06.csv,A3312900521225003,23587,residential_rate,0,effective_residential_rate,0,< 0.08
l0_pce_rate_line_2026-06.csv,A3319500521225003,23591,residential_rate,0,effective_residential_rate,0,< 0.08
l0_pce_rate_line_2026-06.csv,A3313000521225003,23595,residential_rate,0,effective_residential_rate,0,< 0.08
l0_pce_rate_line_2026-06.csv,A3313100521225003,23599,residential_rate,0,effective_residential_rate,0,< 0.08
l0_pce_rate_line_2026-06.csv,A3313200521225003,23603,residential_rate,0,effective_residential_rate,0,< 0.08
l0_pce_rate_line_2026-06.csv,A3313300521225003,23607,residential_rate,0,effective_residential_rate,0,< 0.08
l0_pce_rate_line_2026-06.csv,A3313400521225003,23611,residential_rate,0,effective_residential_rate,0,< 0.08
l0_pce_rate_line_2026-06.csv,A3313500521225003,23615,residential_rate,0,effective_residential_rate,0,< 0.08
l0_pce_rate_line_2026-06.csv,A3313600521225003,23619,residential_rate,0,effective_residential_rate,0,< 0.08
l0_pce_rate_line_2026-06.csv,A3313700521225003,23623,residential_rate,0,effective_residential_rate,0,< 0.08
l0_pce_rate_line_2026-06.csv,A3313800521225003,23627,residential_rate,0,effective_residential_rate,0,< 0.08
l0_pce_rate_line_2026-06.csv,A3313900521225003,23631,residential_rate,0,effective_residential_rate,0,< 0.08
l0_pce_rate_line_2026-06.csv,A3314000521225003,23635,residential_rate,0,effective_residential_rate,0,< 0.08
l0_pce_rate_line_2026-06.csv,A3314100521225003,23639,residential_rate,0,effective_residential_rate,0,< 0.08
l0_pce_rate_line_2026-06.csv,A3320900521225003,23643,residential_rate,0,effective_residential_rate,0,< 0.08
l0_pce_rate_line_2026-06.csv,A3321200521225003,23647,residential_rate,0,effective_residential_rate,0,< 0.08
l0_pce_rate_line_2026-06.csv,A3314200521225003,23651,residential_rate,0,effective_residential_rate,0,< 0.08
l0_pce_rate_line_2026-06.csv,A3314300521225003,23655,residential_rate,0,effective_residential_rate,0,< 0.08
l0_pce_rate_line_2026-06.csv,A3314400521225003,23659,residential_rate,0,effective_residential_rate,0,< 0.08
l0_pce_rate_line_2026-06.csv,A3314500521225003,23663,residential_rate,0,effective_residential_rate,0,< 0.08
l0_pce_rate_line_2026-06.csv,A3314600521225003,23667,residential_rate,0,effective_residential_rate,0,< 0.08
l0_pce_rate_line_2026-06.csv,A3314700521225003,23671,residential_rate,0,effective_residential_rate,0,< 0.08
l0_pce_rate_line_2026-06.csv,A3314800521225003,23675,residential_rate,0,effective_residential_rate,0,< 0.08
l0_pce_rate_line_2026-06.csv,A3314900521225003,23679,residential_rate,0,effective_residential_rate,0,< 0.08
l0_pce_rate_line_2026-06.csv,A3315000521225003,23683,residential_rate,0,effective_residential_rate,0,< 0.08
l0_pce_rate_line_2026-06.csv,A3315100521225003,23687,residential_rate,0,effective_residential_rate,0,< 0.08
l0_pce_rate_line_2026-06.csv,A3315200521225003,23691,residential_rate,0,effective_residential_rate,0,< 0.08
l0_pce_rate_line_2026-06.csv,A3315300521225003,23695,residential_rate,0,effective_residential_rate,0,< 0.08
l0_pce_rate_line_2026-06.csv,A3315400521225003,23699,residential_rate,0,effective_residential_rate,0,< 0.08
l0_pce_rate_line_2026-06.csv,A3315500521225003,23703,residential_rate,0,effective_residential_rate,0,< 0.08
l0_pce_rate_line_2026-06.csv,A3315600521225003,23707,residential_rate,0,effective_residential_rate,0,< 0.08
l0_pce_rate_line_2026-06.csv,A3315700521225003,23711,residential_rate,0,effective_residential_rate,0,< 0.08
l0_pce_rate_line_2026-06.csv,A3315800521225003,23715,residential_rate,0,effective_residential_rate,0,< 0.08
l0_pce_rate_line_2026-06.csv,A3315900521225003,23719,residential_rate,0,effective_residential_rate,0,< 0.08
l0_pce_rate_line_2026-06.csv,A3316000521225003,23723,residential_rate,0,effective_residential_rate,0,< 0.08
l0_pce_rate_line_2026-06.csv,A3316100521225003,23727,residential_rate,0,effective_residential_rate,0,< 0.08
l0_pce_rate_line_2026-06.csv,A3316200521225003,23731,residential_rate,0,effective_residential_rate,0,< 0.08
l0_pce_rate_line_2026-06.csv,A3316300521225003,23735,residential_rate,0,effective_residential_rate,0,< 0.08
l0_pce_rate_line_2026-06.csv,A3316400521225003,23739,residential_rate,0,effective_residential_rate,0,< 0.08
l0_pce_rate_line_2026-06.csv,A3316500521225003,23743,residential_rate,0,effective_residential_rate,0,< 0.08
l0_pce_rate_line_2026-06.csv,A3316600521225003,23747,residential_rate,0,effective_residential_rate,0,< 0.08
l0_pce_rate_line_2026-06.csv,A3316700521225003,23751,residential_rate,0,effective_residential_rate,0,< 0.08
l0_pce_rate_line_2026-06.csv,A3316800521225003,23755,residential_rate,0,effective_residential_rate,0,< 0.08
l0_pce_rate_line_2026-06.csv,A3316850521225003,23759,residential_rate,0,effective_residential_rate,0,< 0.08
l0_pce_rate_line_2026-06.csv,A3316900521225003,23763,residential_rate,0,effective_residential_rate,0,< 0.08
l0_pce_rate_line_2026-06.csv,A3317000521225003,23767,residential_rate,0,effective_residential_rate,0,< 0.08
l0_pce_rate_line_2026-06.csv,A3317100521225003,23771,residential_rate,0,effective_residential_rate,0,< 0.08
l0_pce_rate_line_2026-06.csv,A3317200521225003,23775,residential_rate,0,effective_residential_rate,0,< 0.08
l0_pce_rate_line_2026-06.csv,A3317300521225003,23779,residential_rate,0,effective_residential_rate,0,< 0.08
l0_pce_rate_line_2026-06.csv,A3329000521225003,23783,residential_rate,0,effective_residential_rate,0,< 0.08
l0_pce_rate_line_2026-06.csv,A3319800122225003,23786,residential_rate,0,effective_residential_rate,-0.4989,< 0.08
l0_pce_rate_line_2026-06.csv,A3319800222225003,23790,residential_rate,0,effective_residential_rate,-0.4989,< 0.08
l0_pce_rate_line_2026-06.csv,A3322100122225003,23796,residential_rate,0,effective_residential_rate,0,< 0.08
l0_pce_rate_line_2026-06.csv,A3322100222225003,23798,residential_rate,0,effective_residential_rate,0,< 0.08
l0_pce_rate_line_2026-06.csv,A3322200122225003,23802,residential_rate,0,effective_residential_rate,0,< 0.08
l0_pce_rate_line_2026-06.csv,A3325000122225003,23807,residential_rate,0,effective_residential_rate,0,< 0.08
l0_pce_rate_line_2026-06.csv,A3322900222225003,23812,residential_rate,0,effective_residential_rate,0,< 0.08
l0_pce_rate_line_2026-06.csv,A3323000122225003,23815,residential_rate,0,effective_residential_rate,0,< 0.08
l0_pce_rate_line_2026-06.csv,A3323000222225003,23817,residential_rate,0,effective_residential_rate,0,< 0.08
l0_pce_rate_line_2026-06.csv,A3319700122225003,23827,residential_rate,0,effective_residential_rate,0,< 0.08
l0_pce_rate_line_2026-06.csv,A3319700222225003,23829,residential_rate,0,effective_residential_rate,0,< 0.08
l0_pce_rate_line_2026-06.csv,A3319700322225003,23831,residential_rate,0,effective_residential_rate,0,< 0.08
l0_pce_rate_line_2026-06.csv,A3323400422225003,23834,residential_rate,0,effective_residential_rate,0,< 0.08
l0_pce_rate_line_2026-06.csv,A3323400522225003,23841,residential_rate,0,effective_residential_rate,0,< 0.08
l0_pce_rate_line_2026-06.csv,A3320500422225003,23848,residential_rate,0,effective_residential_rate,0,< 0.08
l0_pce_rate_line_2026-06.csv,A3325300921225003,23851,residential_rate,0,effective_residential_rate,-0.3337,< 0.08
l0_pce_rate_line_2026-06.csv,A3325301021225003,23853,residential_rate,0,effective_residential_rate,-0.3337,< 0.08
l0_pce_rate_line_2026-06.csv,A3325301221225003,23855,residential_rate,0,effective_residential_rate,-0.3337,< 0.08
l0_pce_rate_line_2026-06.csv,A3310200122225003,23857,residential_rate,0,effective_residential_rate,0,< 0.08
l0_pce_rate_line_2026-06.csv,A3310200222225003,23859,residential_rate,0,effective_residential_rate,0,< 0.08
l0_pce_rate_line_2026-06.csv,A3317400122225003,23867,residential_rate,0,effective_residential_rate,0,< 0.08
l0_pce_rate_line_2026-06.csv,A3317400222225003,23869,residential_rate,0,effective_residential_rate,0,< 0.08
l0_pce_rate_line_2026-06.csv,A3325301121225003,23886,residential_rate,0,effective_residential_rate,-0.3337,< 0.08
l0_pce_rate_line_2026-06.csv,A3320200122225003,23892,residential_rate,0,effective_residential_rate,-0.3402,< 0.08
l0_pce_rate_line_2026-06.csv,A3320200122225003,23893,residential_rate,0,effective_residential_rate,0,< 0.08
l0_pce_rate_line_2026-06.csv,A3320200222225003,23895,residential_rate,0,effective_residential_rate,-0.3402,< 0.08
l0_pce_rate_line_2026-06.csv,A3320200222225003,23896,residential_rate,0,effective_residential_rate,0,< 0.08
l0_pce_rate_line_2026-06.csv,A3320200322225003,23898,residential_rate,0,effective_residential_rate,-0.3402,< 0.08
l0_pce_rate_line_2026-06.csv,A3320200422225003,23900,residential_rate,0,effective_residential_rate,-0.3402,< 0.08
l0_pce_rate_line_2026-06.csv,A3320200422225003,23901,residential_rate,0,effective_residential_rate,0,< 0.08
l0_pce_rate_line_2026-06.csv,A3320201021225003,23903,residential_rate,0,effective_residential_rate,-0.334,< 0.08
l0_pce_rate_line_2026-06.csv,A3320201121225003,23905,residential_rate,0,effective_residential_rate,-0.334,< 0.08
l0_pce_rate_line_2026-06.csv,A3320201221225003,23907,residential_rate,0,effective_residential_rate,-0.334,< 0.08
l0_pce_rate_line_2026-06.csv,A3323500122225003,23913,residential_rate,0,effective_residential_rate,0,< 0.08
l0_pce_rate_line_2026-06.csv,A3323500122225003,23914,residential_rate,0,effective_residential_rate,-0.0997,< 0.08
l0_pce_rate_line_2026-06.csv,A3323600122225003,23916,residential_rate,0,effective_residential_rate,0,< 0.08
l0_pce_rate_line_2026-06.csv,A3323600122225003,23917,residential_rate,0,effective_residential_rate,-0.0997,< 0.08
l0_pce_rate_line_2026-06.csv,A3323700122225003,23919,residential_rate,0,effective_residential_rate,0,< 0.08
l0_pce_rate_line_2026-06.csv,A3323700122225003,23920,residential_rate,0,effective_residential_rate,-0.0997,< 0.08
l0_pce_rate_line_2026-06.csv,A3323800122225003,23922,residential_rate,0,effective_residential_rate,0,< 0.08
l0_pce_rate_line_2026-06.csv,A3323800122225003,23923,residential_rate,0,effective_residential_rate,-0.0997,< 0.08
l0_pce_rate_line_2026-06.csv,A3323900122225003,23925,residential_rate,0,effective_residential_rate,0,< 0.08
l0_pce_rate_line_2026-06.csv,A3323900122225003,23926,residential_rate,0,effective_residential_rate,-0.0997,< 0.08
l0_pce_rate_line_2026-06.csv,A3324000122225003,23928,residential_rate,0,effective_residential_rate,0,< 0.08
l0_pce_rate_line_2026-06.csv,A3324100122225003,23930,residential_rate,0,effective_residential_rate,-1e-04,< 0.08
l0_pce_rate_line_2026-06.csv,A3324100122225003,23931,residential_rate,0,effective_residential_rate,0,< 0.08
l0_pce_rate_line_2026-06.csv,A3323500222225003,23933,residential_rate,0,effective_residential_rate,0,< 0.08
l0_pce_rate_line_2026-06.csv,A3323500222225003,23934,residential_rate,0,effective_residential_rate,-0.0997,< 0.08
l0_pce_rate_line_2026-06.csv,A3323600222225003,23936,residential_rate,0,effective_residential_rate,0,< 0.08
l0_pce_rate_line_2026-06.csv,A3323600222225003,23937,residential_rate,0,effective_residential_rate,-0.0997,< 0.08
l0_pce_rate_line_2026-06.csv,A3323700222225003,23939,residential_rate,0,effective_residential_rate,0,< 0.08
l0_pce_rate_line_2026-06.csv,A3323700222225003,23940,residential_rate,0,effective_residential_rate,-0.0997,< 0.08
l0_pce_rate_line_2026-06.csv,A3323900222225003,23942,residential_rate,0,effective_residential_rate,0,< 0.08
l0_pce_rate_line_2026-06.csv,A3323900222225003,23943,residential_rate,0,effective_residential_rate,-0.0997,< 0.08
l0_pce_rate_line_2026-06.csv,A3324000222225003,23945,residential_rate,0,effective_residential_rate,0,< 0.08
l0_pce_rate_line_2026-06.csv,A3324000222225003,23946,residential_rate,0,effective_residential_rate,-0.0997,< 0.08
l0_pce_rate_line_2026-06.csv,A3323800222225003,23948,residential_rate,0,effective_residential_rate,0,< 0.08
l0_pce_rate_line_2026-06.csv,A3323800222225003,23949,residential_rate,0,effective_residential_rate,-0.0997,< 0.08
l0_pce_rate_line_2026-06.csv,A3324100222225003,23951,residential_rate,0,effective_residential_rate,0,< 0.08
l0_pce_rate_line_2026-06.csv,A3324100222225003,23952,residential_rate,0,effective_residential_rate,-0.0997,< 0.08
l0_pce_rate_line_2026-06.csv,A3323500322225003,23954,residential_rate,0,effective_residential_rate,0,< 0.08
l0_pce_rate_line_2026-06.csv,A3323500322225003,23955,residential_rate,0,effective_residential_rate,-0.0997,< 0.08
l0_pce_rate_line_2026-06.csv,A3323600322225003,23957,residential_rate,0,effective_residential_rate,0,< 0.08
l0_pce_rate_line_2026-06.csv,A3323600322225003,23958,residential_rate,0,effective_residential_rate,-0.0997,< 0.08
l0_pce_rate_line_2026-06.csv,A3323700322225003,23960,residential_rate,0,effective_residential_rate,0,< 0.08
l0_pce_rate_line_2026-06.csv,A3323700322225003,23961,residential_rate,0,effective_residential_rate,-0.0997,< 0.08
l0_pce_rate_line_2026-06.csv,A3323800322225003,23963,residential_rate,0,effective_residential_rate,0,< 0.08
l0_pce_rate_line_2026-06.csv,A3323800322225003,23964,residential_rate,0,effective_residential_rate,-0.0997,< 0.08
l0_pce_rate_line_2026-06.csv,A3323900322225003,23966,residential_rate,0,effective_residential_rate,0,< 0.08
l0_pce_rate_line_2026-06.csv,A3323900322225003,23967,residential_rate,0,effective_residential_rate,-0.0997,< 0.08
l0_pce_rate_line_2026-06.csv,A3324000322225003,23969,residential_rate,0,effective_residential_rate,0,< 0.08
l0_pce_rate_line_2026-06.csv,A3324000322225003,23970,residential_rate,0,effective_residential_rate,-0.0997,< 0.08
l0_pce_rate_line_2026-06.csv,A3324100322225003,23972,residential_rate,0,effective_residential_rate,0,< 0.08
l0_pce_rate_line_2026-06.csv,A3324100322225003,23973,residential_rate,0,effective_residential_rate,-0.0997,< 0.08
l0_pce_rate_line_2026-06.csv,A3323500422225003,23975,residential_rate,0,effective_residential_rate,0,< 0.08
l0_pce_rate_line_2026-06.csv,A3323500422225003,23976,residential_rate,0,effective_residential_rate,-0.0997,< 0.08
l0_pce_rate_line_2026-06.csv,A3323600422225003,23978,residential_rate,0,effective_residential_rate,0,< 0.08
l0_pce_rate_line_2026-06.csv,A3323600422225003,23979,residential_rate,0,effective_residential_rate,-0.0997,< 0.08
l0_pce_rate_line_2026-06.csv,A3323700422225003,23981,residential_rate,0,effective_residential_rate,0,< 0.08
l0_pce_rate_line_2026-06.csv,A3323700422225003,23982,residential_rate,0,effective_residential_rate,-0.0997,< 0.08
l0_pce_rate_line_2026-06.csv,A3323800422225003,23984,residential_rate,0,effective_residential_rate,0,< 0.08
l0_pce_rate_line_2026-06.csv,A3323800422225003,23985,residential_rate,0,effective_residential_rate,-0.0997,< 0.08
l0_pce_rate_line_2026-06.csv,A3323900422225003,23987,residential_rate,0,effective_residential_rate,0,< 0.08
l0_pce_rate_line_2026-06.csv,A3323900422225003,23988,residential_rate,0,effective_residential_rate,-0.0997,< 0.08
l0_pce_rate_line_2026-06.csv,A3324000422225003,23990,residential_rate,0,effective_residential_rate,0,< 0.08
l0_pce_rate_line_2026-06.csv,A3324000422225003,23991,residential_rate,0,effective_residential_rate,-0.0997,< 0.08
l0_pce_rate_line_2026-06.csv,A3324100422225003,23993,residential_rate,0,effective_residential_rate,0,< 0.08
l0_pce_rate_line_2026-06.csv,A3324100422225003,23994,residential_rate,0,effective_residential_rate,-0.0997,< 0.08
l0_pce_rate_line_2026-06.csv,A3325600122225003,24006,residential_rate,0,effective_residential_rate,-0.2797,< 0.08
l0_pce_rate_line_2026-06.csv,A3325600222225003,24008,residential_rate,0,effective_residential_rate,-0.2797,< 0.08
l0_pce_rate_line_2026-06.csv,A3325600322225003,24010,residential_rate,0,effective_residential_rate,-0.2797,< 0.08
l0_pce_rate_line_2026-06.csv,A3325600422225003,24012,residential_rate,0,effective_residential_rate,-0.2797,< 0.08
l0_pce_rate_line_2026-06.csv,A3325600522225003,24014,residential_rate,0,effective_residential_rate,-0.2797,< 0.08
l0_pce_rate_line_2026-06.csv,A3317900122225003,24028,residential_rate,0,effective_residential_rate,0,< 0.08
l0_pce_rate_line_2026-06.csv,A3317900222225003,24030,residential_rate,0,effective_residential_rate,0,< 0.08
l0_pce_rate_line_2026-06.csv,A3317900322225003,24032,residential_rate,0,effective_residential_rate,0,< 0.08
l0_pce_rate_line_2026-06.csv,A3319400222225003,24047,residential_rate,0,effective_residential_rate,0,< 0.08
l0_pce_rate_line_2026-06.csv,A3321500422225003,24049,residential_rate,0,effective_residential_rate,0,< 0.08
l0_pce_rate_line_2026-06.csv,A3322800122225003,24051,residential_rate,0,effective_residential_rate,0,< 0.08
l0_pce_rate_line_2026-06.csv,A3322800222225003,24053,residential_rate,0,effective_residential_rate,0,< 0.08
l0_pce_rate_line_2026-06.csv,A3322800322225003,24055,residential_rate,0,effective_residential_rate,0,< 0.08
l0_pce_rate_line_2026-06.csv,A3322800422225003,24057,residential_rate,0,effective_residential_rate,0,< 0.08
l0_pce_rate_line_2026-06.csv,A3319800322225003,24059,residential_rate,0,effective_residential_rate,-0.4989,< 0.08
l0_pce_rate_line_2026-06.csv,A3319800422225003,24061,residential_rate,0,effective_residential_rate,-0.4989,< 0.08
l0_pce_rate_line_2026-06.csv,A3321600122225003,24063,residential_rate,0,effective_residential_rate,0,< 0.08
l0_pce_rate_line_2026-06.csv,A3321800122225003,24067,residential_rate,0,effective_residential_rate,0,< 0.08
l0_pce_rate_line_2026-06.csv,A3323200122225003,24069,residential_rate,0,effective_residential_rate,0,< 0.08
l0_pce_rate_line_2026-06.csv,A3323200222225003,24071,residential_rate,0,effective_residential_rate,0,< 0.08
l0_pce_rate_line_2026-06.csv,A3323200322225003,24073,residential_rate,0,effective_residential_rate,0,< 0.08
l0_pce_rate_line_2026-06.csv,A3321100122225003,24076,residential_rate,0,effective_residential_rate,0,< 0.08
l0_pce_rate_line_2026-06.csv,A3323300122225003,24082,residential_rate,0,effective_residential_rate,0,< 0.08
l0_pce_rate_line_2026-06.csv,A3325300122225003,24087,residential_rate,0,effective_residential_rate,-0.3397,< 0.08
l0_pce_rate_line_2026-06.csv,A3325300222225003,24089,residential_rate,0,effective_residential_rate,-0.3397,< 0.08
l0_pce_rate_line_2026-06.csv,A3325300222225003,24090,residential_rate,0,effective_residential_rate,0,< 0.08
l0_pce_rate_line_2026-06.csv,A3325500122225003,24092,residential_rate,0,effective_residential_rate,0,< 0.08
l0_pce_rate_line_2026-06.csv,A3326100122225003,24096,residential_rate,0,effective_residential_rate,0,< 0.08
l0_pce_rate_line_2026-06.csv,A3326100222225003,24098,residential_rate,0,effective_residential_rate,0,< 0.08
l0_pce_rate_line_2026-06.csv,A3327400122225003,24102,residential_rate,0,effective_residential_rate,0,< 0.08
l0_pce_rate_line_2026-06.csv,A3327400222225003,24104,residential_rate,0,effective_residential_rate,0,< 0.08
l0_pce_rate_line_2026-06.csv,A3327400322225003,24106,residential_rate,0,effective_residential_rate,0,< 0.08
l0_pce_rate_line_2026-06.csv,A3327400422225003,24108,residential_rate,0,effective_residential_rate,0,< 0.08
l0_pce_rate_line_2026-06.csv,A3327400522225003,24110,residential_rate,0,effective_residential_rate,0,< 0.08
l0_pce_rate_line_2026-06.csv,A3328800122225003,24112,residential_rate,0,effective_residential_rate,0,< 0.08
l0_pce_rate_line_2026-06.csv,A3328800222225003,24114,residential_rate,0,effective_residential_rate,0,< 0.08
l0_pce_rate_line_2026-06.csv,A3311100422225003,24163,residential_rate,0,effective_residential_rate,0,< 0.08
l0_pce_rate_line_2026-06.csv,A3317800122225003,24177,residential_rate,0,effective_residential_rate,0,< 0.08
l0_pce_rate_line_2026-06.csv,A3317800222225003,24179,residential_rate,0,effective_residential_rate,0,< 0.08
l0_pce_rate_line_2026-06.csv,A3317800322225003,24181,residential_rate,0,effective_residential_rate,0,< 0.08
l0_pce_rate_line_2026-06.csv,A3318200122225003,24183,residential_rate,0,effective_residential_rate,0,< 0.08
l0_pce_rate_line_2026-06.csv,A3318600122225003,24189,residential_rate,0,effective_residential_rate,0,< 0.08
l0_pce_rate_line_2026-06.csv,A3318600222225003,24191,residential_rate,0,effective_residential_rate,0,< 0.08
l0_pce_rate_line_2026-06.csv,A3318600322225003,24193,residential_rate,0,effective_residential_rate,0,< 0.08
l0_pce_rate_line_2026-06.csv,A3319600522225003,24196,residential_rate,0,effective_residential_rate,0,< 0.08
l0_pce_rate_line_2026-06.csv,A3324400422225003,24201,residential_rate,0,effective_residential_rate,-0.2441,< 0.08
l0_pce_rate_line_2026-06.csv,A3324400422225003,24202,residential_rate,0,effective_residential_rate,0,< 0.08
l0_pce_rate_line_2026-06.csv,A3320200522225003,24205,residential_rate,0,effective_residential_rate,-0.3402,< 0.08
l0_pce_rate_line_2026-06.csv,A3320200522225003,24206,residential_rate,0,effective_residential_rate,0,< 0.08
l0_pce_rate_line_2026-06.csv,A3320200622225003,24208,residential_rate,0,effective_residential_rate,-0.3402,< 0.08
l0_pce_rate_line_2026-06.csv,A3320200622225003,24209,residential_rate,0,effective_residential_rate,0,< 0.08
l0_pce_rate_line_2026-06.csv,A3323500522225003,24211,residential_rate,0,effective_residential_rate,0,< 0.08
l0_pce_rate_line_2026-06.csv,A3323500522225003,24212,residential_rate,0,effective_residential_rate,-0.0997,< 0.08
l0_pce_rate_line_2026-06.csv,A3323600522225003,24214,residential_rate,0,effective_residential_rate,0,< 0.08
l0_pce_rate_line_2026-06.csv,A3323600522225003,24215,residential_rate,0,effective_residential_rate,-0.0997,< 0.08
l0_pce_rate_line_2026-06.csv,A3323800522225003,24217,residential_rate,0,effective_residential_rate,0,< 0.08
l0_pce_rate_line_2026-06.csv,A3323800522225003,24218,residential_rate,0,effective_residential_rate,-0.0997,< 0.08
l0_pce_rate_line_2026-06.csv,A3323900522225003,24220,residential_rate,0,effective_residential_rate,0,< 0.08
l0_pce_rate_line_2026-06.csv,A3323900522225003,24221,residential_rate,0,effective_residential_rate,-0.0997,< 0.08
l0_pce_rate_line_2026-06.csv,A3324000522225003,24223,residential_rate,0,effective_residential_rate,0,< 0.08
l0_pce_rate_line_2026-06.csv,A3324000522225003,24224,residential_rate,0,effective_residential_rate,-0.0997,< 0.08
l0_pce_rate_line_2026-06.csv,A3324100522225003,24226,residential_rate,0,effective_residential_rate,0,< 0.08
l0_pce_rate_line_2026-06.csv,A3324100522225003,24227,residential_rate,0,effective_residential_rate,-0.0997,< 0.08
l0_pce_rate_line_2026-06.csv,A3323700522225003,24231,residential_rate,0,effective_residential_rate,0,< 0.08
l0_pce_rate_line_2026-06.csv,A3323700522225003,24232,residential_rate,0,effective_residential_rate,-0.0997,< 0.08
l0_pce_rate_line_2026-06.csv,A3318900522225003,24407,residential_rate,0,effective_residential_rate,0,< 0.08
l0_pce_rate_line_2026-06.csv,A3323300522225003,24413,residential_rate,0,effective_residential_rate,0,< 0.08
l0_pce_rate_line_2026-06.csv,A3319100122225003,24416,residential_rate,0,effective_residential_rate,0,< 0.08
l0_pce_rate_line_2026-06.csv,A3321800222225003,24431,residential_rate,0,effective_residential_rate,0,< 0.08
l0_pce_rate_line_2026-06.csv,A3321800322225003,24433,residential_rate,0,effective_residential_rate,0,< 0.08
l0_pce_rate_line_2026-06.csv,A3321800422225003,24435,residential_rate,0,effective_residential_rate,0,< 0.08
l0_pce_rate_line_2026-06.csv,A3321800522225003,24437,residential_rate,0,effective_residential_rate,0,< 0.08
l0_pce_rate_line_2026-06.csv,A3321800622225003,24439,residential_rate,0,effective_residential_rate,0,< 0.08
l0_pce_rate_line_2026-06.csv,A3321800722225003,24441,residential_rate,0,effective_residential_rate,0,< 0.08
l0_pce_rate_line_2026-06.csv,A3320600222225003,24450,residential_rate,0,effective_residential_rate,0,< 0.08
l0_pce_rate_line_2026-06.csv,A3323400622225003,24464,residential_rate,0,effective_residential_rate,0,< 0.08
l0_pce_rate_line_2026-06.csv,A3323400722225003,24466,residential_rate,0,effective_residential_rate,0,< 0.08
l0_pce_rate_line_2026-06.csv,A3317800422225003,24469,residential_rate,0,effective_residential_rate,0,< 0.08
l0_pce_rate_line_2026-06.csv,A3317800522225003,24471,residential_rate,0,effective_residential_rate,0,< 0.08
l0_pce_rate_line_2026-06.csv,A3322300122225003,24479,residential_rate,0,effective_residential_rate,0,< 0.08
l0_pce_rate_line_2026-06.csv,A3322400122225003,24482,residential_rate,0,effective_residential_rate,0,< 0.08
l0_pce_rate_line_2026-06.csv,A3322500122225003,24485,residential_rate,0,effective_residential_rate,0,< 0.08
l0_pce_rate_line_2026-06.csv,A3322600122225003,24488,residential_rate,0,effective_residential_rate,0,< 0.08
l0_pce_rate_line_2026-06.csv,A3322700122225003,24491,residential_rate,0,effective_residential_rate,0,< 0.08
l0_pce_rate_line_2026-06.csv,A3318500622225003,24501,residential_rate,0,effective_residential_rate,0,< 0.08
l0_pce_rate_line_2026-06.csv,A3320400522225003,24509,residential_rate,0,effective_residential_rate,-0.4897,< 0.08
l0_pce_rate_line_2026-06.csv,A3320400622225003,24511,residential_rate,0,effective_residential_rate,-0.4897,< 0.08
l0_pce_rate_line_2026-06.csv,A3320400722225003,24513,residential_rate,0,effective_residential_rate,-0.4897,< 0.08
l0_pce_rate_line_2026-06.csv,A3320800322225003,24515,residential_rate,0,effective_residential_rate,0,< 0.08
l0_pce_rate_line_2026-06.csv,A3320800422225003,24517,residential_rate,0,effective_residential_rate,0,< 0.08
l0_pce_rate_line_2026-06.csv,A3320800522225003,24519,residential_rate,0,effective_residential_rate,0,< 0.08
l0_pce_rate_line_2026-06.csv,A3320800622225003,24521,residential_rate,0,effective_residential_rate,0,< 0.08
l0_pce_rate_line_2026-06.csv,A3320600622225003,24537,residential_rate,0,effective_residential_rate,0,< 0.08
l0_pce_rate_line_2026-06.csv,A3320800722225003,24540,residential_rate,0,effective_residential_rate,0,< 0.08
l0_pce_rate_line_2026-06.csv,A3320800822225003,24542,residential_rate,0,effective_residential_rate,0,< 0.08
l0_pce_rate_line_2026-06.csv,A3321300222225003,24544,residential_rate,0,effective_residential_rate,0,< 0.08
l0_pce_rate_line_2026-06.csv,A3328600522225003,24550,residential_rate,0,effective_residential_rate,0,< 0.08
l0_pce_rate_line_2026-06.csv,A3328600622225003,24552,residential_rate,0,effective_residential_rate,0,< 0.08
l0_pce_rate_line_2026-06.csv,A3328600622225003,24553,residential_rate,0,effective_residential_rate,0,< 0.08
l0_pce_rate_line_2026-06.csv,A3328600722225003,24555,residential_rate,0,effective_residential_rate,0,< 0.08
l0_pce_rate_line_2026-06.csv,A3328600822225003,24557,residential_rate,0,effective_residential_rate,0,< 0.08
l0_pce_rate_line_2026-06.csv,A3322100522225003,24559,residential_rate,0,effective_residential_rate,0,< 0.08
l0_pce_rate_line_2026-06.csv,A3322100622225003,24561,residential_rate,0,effective_residential_rate,0,< 0.08
l0_pce_rate_line_2026-06.csv,A3322100722225003,24563,residential_rate,0,effective_residential_rate,0,< 0.08
l0_pce_rate_line_2026-06.csv,A3322100822225003,24565,residential_rate,0,effective_residential_rate,0,< 0.08
l0_pce_rate_line_2026-06.csv,A3324400522225003,24572,residential_rate,0,effective_residential_rate,-0.2441,< 0.08
l0_pce_rate_line_2026-06.csv,A3324400522225003,24573,residential_rate,0,effective_residential_rate,0,< 0.08
l0_pce_rate_line_2026-06.csv,A3324400622225003,24575,residential_rate,0,effective_residential_rate,-0.2441,< 0.08
l0_pce_rate_line_2026-06.csv,A3324400622225003,24576,residential_rate,0,effective_residential_rate,0,< 0.08
l0_pce_rate_line_2026-06.csv,A3324400722225003,24578,residential_rate,0,effective_residential_rate,-0.2441,< 0.08
l0_pce_rate_line_2026-06.csv,A3324400722225003,24579,residential_rate,0,effective_residential_rate,0,< 0.08
l0_pce_rate_line_2026-06.csv,A3327400622225003,24581,residential_rate,0,effective_residential_rate,0,< 0.08
l0_pce_rate_line_2026-06.csv,A3327400722225003,24583,residential_rate,0,effective_residential_rate,0,< 0.08
l0_pce_rate_line_2026-06.csv,A3327400822225003,24585,residential_rate,0,effective_residential_rate,0,< 0.08
l0_pce_rate_line_2026-06.csv,A3317700122225003,24587,residential_rate,0,effective_residential_rate,0,< 0.08
l0_pce_rate_line_2026-06.csv,A3319600622225003,24642,residential_rate,0,effective_residential_rate,0,< 0.08
l0_pce_rate_line_2026-06.csv,A3319900622225003,24645,residential_rate,0,effective_residential_rate,0,< 0.08
l0_pce_rate_line_2026-06.csv,A3322800622225003,24651,residential_rate,0,effective_residential_rate,-0.2654,< 0.08
l0_pce_rate_line_2026-06.csv,A3322800622225003,24652,residential_rate,0,effective_residential_rate,-0.2504,< 0.08
l0_pce_rate_line_2026-06.csv,A3322800622225003,24653,residential_rate,0,effective_residential_rate,0,< 0.08
l0_pce_rate_line_2026-06.csv,A3322800722225003,24655,residential_rate,0,effective_residential_rate,-0.2654,< 0.08
l0_pce_rate_line_2026-06.csv,A3322800722225003,24656,residential_rate,0,effective_residential_rate,-0.2504,< 0.08
l0_pce_rate_line_2026-06.csv,A3322800722225003,24657,residential_rate,0,effective_residential_rate,0,< 0.08
l0_pce_rate_line_2026-06.csv,A3324800222225003,24659,residential_rate,0,effective_residential_rate,0,< 0.08
l0_pce_rate_line_2026-06.csv,A3326300622225003,24664,residential_rate,0,effective_residential_rate,0,< 0.08
l0_pce_rate_line_2026-06.csv,A3324400822225003,24681,residential_rate,0,effective_residential_rate,-0.2441,< 0.08
l0_pce_rate_line_2026-06.csv,A3325600622225003,24684,residential_rate,0,effective_residential_rate,-0.2797,< 0.08
l0_pce_rate_line_2026-06.csv,A3325600722225003,24686,residential_rate,0,effective_residential_rate,-0.3097,< 0.08
l0_pce_rate_line_2026-06.csv,A3325600822225003,24688,residential_rate,0,effective_residential_rate,-0.3097,< 0.08
l0_pce_rate_line_2026-06.csv,A3325600822225003,24689,residential_rate,0,effective_residential_rate,0,< 0.08
l0_pce_rate_line_2026-06.csv,A3317500522225003,25028,residential_rate,0,effective_residential_rate,0,< 0.08
l0_pce_rate_line_2026-06.csv,A3322900822225003,25046,residential_rate,0,effective_residential_rate,0,< 0.08
l0_pce_rate_line_2026-06.csv,A3318500822225003,25052,residential_rate,0,effective_residential_rate,0,< 0.08
l0_pce_rate_line_2026-06.csv,A3320400822225003,25054,residential_rate,0,effective_residential_rate,-0.4897,< 0.08
l0_pce_rate_line_2026-06.csv,A3323400822225003,25061,residential_rate,0,effective_residential_rate,0,< 0.08
l0_pce_rate_line_2026-06.csv,A3319600722225003,25068,residential_rate,0,effective_residential_rate,0,< 0.08
l0_pce_rate_line_2026-06.csv,A3323500622225003,25077,residential_rate,0,effective_residential_rate,0,< 0.08
l0_pce_rate_line_2026-06.csv,A3323500622225003,25078,residential_rate,0,effective_residential_rate,-0.0997,< 0.08
l0_pce_rate_line_2026-06.csv,A3323600622225003,25080,residential_rate,0,effective_residential_rate,0,< 0.08
l0_pce_rate_line_2026-06.csv,A3323600622225003,25081,residential_rate,0,effective_residential_rate,-0.0997,< 0.08
l0_pce_rate_line_2026-06.csv,A3323700622225003,25083,residential_rate,0,effective_residential_rate,0,< 0.08
l0_pce_rate_line_2026-06.csv,A3323700622225003,25084,residential_rate,0,effective_residential_rate,-0.0997,< 0.08
l0_pce_rate_line_2026-06.csv,A3323800622225003,25086,residential_rate,0,effective_residential_rate,0,< 0.08
l0_pce_rate_line_2026-06.csv,A3323800622225003,25087,residential_rate,0,effective_residential_rate,-0.0997,< 0.08
l0_pce_rate_line_2026-06.csv,A3323900622225003,25089,residential_rate,0,effective_residential_rate,0,< 0.08
l0_pce_rate_line_2026-06.csv,A3323900622225003,25090,residential_rate,0,effective_residential_rate,-0.0997,< 0.08
l0_pce_rate_line_2026-06.csv,A3324000622225003,25092,residential_rate,0,effective_residential_rate,0,< 0.08
l0_pce_rate_line_2026-06.csv,A3324000622225003,25093,residential_rate,0,effective_residential_rate,-0.0997,< 0.08
l0_pce_rate_line_2026-06.csv,A3324100622225003,25095,residential_rate,0,effective_residential_rate,0,< 0.08
l0_pce_rate_line_2026-06.csv,A3324100622225003,25096,residential_rate,0,effective_residential_rate,-0.0997,< 0.08
l0_pce_rate_line_2026-06.csv,A3324100622225003,25097,residential_rate,0,effective_residential_rate,-0.1497,< 0.08
l0_pce_rate_line_2026-06.csv,A3325401221225003,25107,residential_rate,0,effective_residential_rate,0,< 0.08
l0_pce_rate_line_2026-06.csv,A3322200722225003,25112,residential_rate,0,effective_residential_rate,0,< 0.08
l0_pce_rate_line_2026-06.csv,A3325800722225003,25122,residential_rate,0,effective_residential_rate,0,< 0.08
l0_pce_rate_line_2026-06.csv,A3323500722225003,25136,residential_rate,0,effective_residential_rate,0,< 0.08
l0_pce_rate_line_2026-06.csv,A3323500722225003,25137,residential_rate,0,effective_residential_rate,-0.0997,< 0.08
l0_pce_rate_line_2026-06.csv,A3323600722225003,25139,residential_rate,0,effective_residential_rate,0,< 0.08
l0_pce_rate_line_2026-06.csv,A3323600722225003,25140,residential_rate,0,effective_residential_rate,-0.0997,< 0.08
l0_pce_rate_line_2026-06.csv,A3323700722225003,25141,residential_rate,0,effective_residential_rate,0,< 0.08
l0_pce_rate_line_2026-06.csv,A3323700722225003,25142,residential_rate,0,effective_residential_rate,0,< 0.08
l0_pce_rate_line_2026-06.csv,A3323700722225003,25143,residential_rate,0,effective_residential_rate,-0.0997,< 0.08
l0_pce_rate_line_2026-06.csv,A3323800722225003,25145,residential_rate,0,effective_residential_rate,0,< 0.08
l0_pce_rate_line_2026-06.csv,A3323800722225003,25146,residential_rate,0,effective_residential_rate,-0.0997,< 0.08
l0_pce_rate_line_2026-06.csv,A3323800722225003,25147,residential_rate,0,effective_residential_rate,0,< 0.08
l0_pce_rate_line_2026-06.csv,A3323900722225003,25149,residential_rate,0,effective_residential_rate,0,< 0.08
l0_pce_rate_line_2026-06.csv,A3323900722225003,25150,residential_rate,0,effective_residential_rate,-0.0997,< 0.08
l0_pce_rate_line_2026-06.csv,A3324000722225003,25152,residential_rate,0,effective_residential_rate,0,< 0.08
l0_pce_rate_line_2026-06.csv,A3324000722225003,25153,residential_rate,0,effective_residential_rate,-0.0997,< 0.08
l0_pce_rate_line_2026-06.csv,A3324100722225003,25155,residential_rate,0,effective_residential_rate,0,< 0.08
l0_pce_rate_line_2026-06.csv,A3324100722225003,25156,residential_rate,0,effective_residential_rate,-0.0997,< 0.08
l0_pce_rate_line_2026-06.csv,A3318600822225003,25165,residential_rate,0,effective_residential_rate,0,< 0.08
l0_pce_rate_line_2026-06.csv,A3319600822225003,25171,residential_rate,0,effective_residential_rate,0,< 0.08
l0_pce_rate_line_2026-06.csv,A3325300322225003,25177,residential_rate,0,effective_residential_rate,-0.3397,< 0.08
l0_pce_rate_line_2026-06.csv,A3325300422225003,25179,residential_rate,0,effective_residential_rate,-0.3397,< 0.08
l0_pce_rate_line_2026-06.csv,A3325300522225003,25181,residential_rate,0,effective_residential_rate,-0.3397,< 0.08
l0_pce_rate_line_2026-06.csv,A3325300622225003,25183,residential_rate,0,effective_residential_rate,-0.3397,< 0.08
l0_pce_rate_line_2026-06.csv,A3325300722225003,25185,residential_rate,0,effective_residential_rate,-0.3397,< 0.08
l0_pce_rate_line_2026-06.csv,A3325300822225003,25187,residential_rate,0,effective_residential_rate,-0.3397,< 0.08
l0_pce_rate_line_2026-06.csv,A3325300922225003,25189,residential_rate,0,effective_residential_rate,-0.3397,< 0.08
l0_pce_rate_line_2026-06.csv,A3322800822225003,25215,residential_rate,0,effective_residential_rate,-0.2654,< 0.08
l0_pce_rate_line_2026-06.csv,A3322800822225003,25216,residential_rate,0,effective_residential_rate,-0.2504,< 0.08
l0_pce_rate_line_2026-06.csv,A3323500822225003,25219,residential_rate,0,effective_residential_rate,0,< 0.08
l0_pce_rate_line_2026-06.csv,A3323500822225003,25220,residential_rate,0,effective_residential_rate,-0.0997,< 0.08
l0_pce_rate_line_2026-06.csv,A3323600822225003,25222,residential_rate,0,effective_residential_rate,0,< 0.08
l0_pce_rate_line_2026-06.csv,A3323600822225003,25223,residential_rate,0,effective_residential_rate,-0.0997,< 0.08
l0_pce_rate_line_2026-06.csv,A3323700822225003,25225,residential_rate,0,effective_residential_rate,0,< 0.08
l0_pce_rate_line_2026-06.csv,A3323700822225003,25226,residential_rate,0,effective_residential_rate,-0.0997,< 0.08
l0_pce_rate_line_2026-06.csv,A3323800822225003,25228,residential_rate,0,effective_residential_rate,0,< 0.08
l0_pce_rate_line_2026-06.csv,A3323800822225003,25229,residential_rate,0,effective_residential_rate,-0.0997,< 0.08
l0_pce_rate_line_2026-06.csv,A3323900822225003,25231,residential_rate,0,effective_residential_rate,0,< 0.08
l0_pce_rate_line_2026-06.csv,A3323900822225003,25232,residential_rate,0,effective_residential_rate,-0.0997,< 0.08
l0_pce_rate_line_2026-06.csv,A3324000822225003,25234,residential_rate,0,effective_residential_rate,0,< 0.08
l0_pce_rate_line_2026-06.csv,A3324000822225003,25235,residential_rate,0,effective_residential_rate,-0.0997,< 0.08
l0_pce_rate_line_2026-06.csv,A3324100822225003,25237,residential_rate,0,effective_residential_rate,0,< 0.08
l0_pce_rate_line_2026-06.csv,A3324100822225003,25238,residential_rate,0,effective_residential_rate,-0.0997,< 0.08
l0_pce_rate_line_2026-06.csv,A3323400922225003,25267,residential_rate,0,effective_residential_rate,0,< 0.08
l0_pce_rate_line_2026-06.csv,A3311800122225003,25284,residential_rate,0,effective_residential_rate,0,< 0.08
l0_pce_rate_line_2026-06.csv,A3320800922225003,25296,residential_rate,0,effective_residential_rate,0,< 0.08
l0_pce_rate_line_2026-06.csv,A3322900922225003,25308,residential_rate,0,effective_residential_rate,0,< 0.08
l0_pce_rate_line_2026-06.csv,A3328600922225003,25320,residential_rate,0,effective_residential_rate,0,< 0.08
l0_pce_rate_line_2026-06.csv,A3324400922225003,25322,residential_rate,0,effective_residential_rate,-0.2441,< 0.08
l0_pce_rate_line_2026-06.csv,A3324401022225003,25324,residential_rate,0,effective_residential_rate,-0.2637,< 0.08
l0_pce_rate_line_2026-06.csv,A3324401022225003,25325,residential_rate,0,effective_residential_rate,0,< 0.08
l0_pce_rate_line_2026-06.csv,A3320501022225003,25327,residential_rate,0,effective_residential_rate,0,< 0.08
l0_pce_rate_line_2026-06.csv,A3320200722225003,25940,residential_rate,0,effective_residential_rate,0,< 0.08
l0_pce_rate_line_2026-06.csv,A3320200822225003,25943,residential_rate,0,effective_residential_rate,0,< 0.08
l0_pce_rate_line_2026-06.csv,A3320200922225003,25946,residential_rate,0,effective_residential_rate,0,< 0.08
l0_pce_rate_line_2026-06.csv,A3320201022225003,25949,residential_rate,0,effective_residential_rate,0,< 0.08
l0_pce_rate_line_2026-06.csv,A3320201122225003,25952,residential_rate,0,effective_residential_rate,0,< 0.08
l0_pce_rate_line_2026-06.csv,A3320201222225003,25955,residential_rate,0,effective_residential_rate,0,< 0.08
l0_pce_rate_line_2026-06.csv,A3319200822225003,26331,residential_rate,0,effective_residential_rate,0,< 0.08
l0_pce_rate_line_2026-06.csv,A3319200922225003,26333,residential_rate,0,effective_residential_rate,0,< 0.08
l0_pce_rate_line_2026-06.csv,A3318201022225003,26559,residential_rate,0,effective_residential_rate,0,< 0.08
l0_pce_rate_line_2026-06.csv,A3318301222225003,26570,residential_rate,0,effective_residential_rate,0,< 0.08
l0_pce_rate_line_2026-06.csv,A3320801222225003,26627,residential_rate,0,effective_residential_rate,0,< 0.08
l0_pce_rate_line_2026-06.csv,A3325801022225003,26665,residential_rate,0,effective_residential_rate,0,< 0.08
l0_pce_rate_line_2026-06.csv,A3323501122225003,26669,residential_rate,0.15,effective_residential_rate,0.0503,< 0.08
l0_pce_rate_line_2026-06.csv,A3323501222225003,26671,residential_rate,0.15,effective_residential_rate,0.0503,< 0.08
l0_pce_rate_line_2026-06.csv,A3323601122225003,26673,residential_rate,0.15,effective_residential_rate,0.0503,< 0.08
l0_pce_rate_line_2026-06.csv,A3323601222225003,26675,residential_rate,0.15,effective_residential_rate,0.0503,< 0.08
l0_pce_rate_line_2026-06.csv,A3323701122225003,26677,residential_rate,0.15,effective_residential_rate,0.0503,< 0.08
l0_pce_rate_line_2026-06.csv,A3323701222225003,26679,residential_rate,0.15,effective_residential_rate,0.0503,< 0.08
l0_pce_rate_line_2026-06.csv,A3323801122225003,26681,residential_rate,0.08,effective_residential_rate,-0.0197,< 0.08
l0_pce_rate_line_2026-06.csv,A3323801222225003,26683,residential_rate,0.08,effective_residential_rate,-0.0197,< 0.08
l0_pce_rate_line_2026-06.csv,A3323901122225003,26685,residential_rate,0.15,effective_residential_rate,0.0503,< 0.08
l0_pce_rate_line_2026-06.csv,A3323901222225003,26687,residential_rate,0.15,effective_residential_rate,0.0503,< 0.08
l0_pce_rate_line_2026-06.csv,A3324001122225003,26689,residential_rate,0.15,effective_residential_rate,0.0503,< 0.08
l0_pce_rate_line_2026-06.csv,A3324101122225003,26691,residential_rate,0.15,effective_residential_rate,0.0503,< 0.08
l0_pce_rate_line_2026-06.csv,A3322900123225003,26724,residential_rate,0,effective_residential_rate,0,< 0.08
l0_pce_rate_line_2026-06.csv,A3317900922225003,26755,residential_rate,0,effective_residential_rate,0,< 0.08
l0_pce_rate_line_2026-06.csv,A3317901022225003,26757,residential_rate,0,effective_residential_rate,0,< 0.08
l0_pce_rate_line_2026-06.csv,A3324601222225003,26836,residential_rate,0.2611,effective_residential_rate,0.0743,< 0.08
l0_pce_rate_line_2026-06.csv,A3328500223225003,26852,residential_rate,0,effective_residential_rate,0,< 0.08
l0_pce_rate_line_2026-06.csv,A3328700123225003,26860,residential_rate,0,effective_residential_rate,0,< 0.08
l0_pce_rate_line_2026-06.csv,A3317901122225003,26869,residential_rate,0,effective_residential_rate,0,< 0.08
l0_pce_rate_line_2026-06.csv,A3317901222225003,26871,residential_rate,0,effective_residential_rate,0,< 0.08
l0_pce_rate_line_2026-06.csv,A3325901022225003,26881,residential_rate,0,effective_residential_rate,0,< 0.08
l0_pce_rate_line_2026-06.csv,A3325901122225003,26884,residential_rate,0,effective_residential_rate,0,< 0.08
l0_pce_rate_line_2026-06.csv,A3319700223225003,26909,residential_rate,0,effective_residential_rate,0,< 0.08
l0_pce_rate_line_2026-06.csv,A3324600522225003,26923,residential_rate,0,effective_residential_rate,-0.1366,< 0.08
l0_pce_rate_line_2026-06.csv,A3324600722225003,26925,residential_rate,0,effective_residential_rate,-0.1366,< 0.08
l0_pce_rate_line_2026-06.csv,A3324600822225003,26927,residential_rate,0,effective_residential_rate,-0.1366,< 0.08
l0_pce_rate_line_2026-06.csv,A3324600922225003,26929,residential_rate,0,effective_residential_rate,-0.1366,< 0.08
l0_pce_rate_line_2026-06.csv,A3324600622225003,26931,residential_rate,0,effective_residential_rate,-0.1366,< 0.08
l0_pce_rate_line_2026-06.csv,A3317501022225003,26972,residential_rate,0,effective_residential_rate,0,< 0.08
l0_pce_rate_line_2026-06.csv,A3317900722225003,26990,residential_rate,0,effective_residential_rate,0,< 0.08
l0_pce_rate_line_2026-06.csv,A3317900822225003,26992,residential_rate,0,effective_residential_rate,0,< 0.08
l0_pce_rate_line_2026-06.csv,A3319200722225003,26999,residential_rate,0,effective_residential_rate,0,< 0.08
l0_pce_rate_line_2026-06.csv,A3319800622225003,27004,residential_rate,0,effective_residential_rate,0,< 0.08
l0_pce_rate_line_2026-06.csv,A3319800722225003,27007,residential_rate,0,effective_residential_rate,0,< 0.08
l0_pce_rate_line_2026-06.csv,A3319800822225003,27010,residential_rate,0,effective_residential_rate,0,< 0.08
l0_pce_rate_line_2026-06.csv,A3319800922225003,27013,residential_rate,0,effective_residential_rate,0,< 0.08
l0_pce_rate_line_2026-06.csv,A3325200122225003,27015,residential_rate,0,effective_residential_rate,0,< 0.08
l0_pce_rate_line_2026-06.csv,A3325900822225003,27037,residential_rate,0,effective_residential_rate,0,< 0.08
l0_pce_rate_line_2026-06.csv,A3323500922225003,27039,residential_rate,0.15,effective_residential_rate,0.0503,< 0.08
l0_pce_rate_line_2026-06.csv,A3323501022225003,27041,residential_rate,0,effective_residential_rate,-0.0997,< 0.08
l0_pce_rate_line_2026-06.csv,A3323600922225003,27043,residential_rate,0.15,effective_residential_rate,0.0503,< 0.08
l0_pce_rate_line_2026-06.csv,A3323601022225003,27045,residential_rate,0.15,effective_residential_rate,0.0503,< 0.08
l0_pce_rate_line_2026-06.csv,A3323700922225003,27047,residential_rate,0.15,effective_residential_rate,0.0503,< 0.08
l0_pce_rate_line_2026-06.csv,A3323701022225003,27049,residential_rate,0.15,effective_residential_rate,0.0503,< 0.08
l0_pce_rate_line_2026-06.csv,A3323800922225003,27051,residential_rate,0.08,effective_residential_rate,-0.0197,< 0.08
l0_pce_rate_line_2026-06.csv,A3323801022225003,27053,residential_rate,0.08,effective_residential_rate,-0.0197,< 0.08
l0_pce_rate_line_2026-06.csv,A3323900922225003,27055,residential_rate,0.15,effective_residential_rate,0.0503,< 0.08
l0_pce_rate_line_2026-06.csv,A3323901022225003,27057,residential_rate,0.15,effective_residential_rate,0.0503,< 0.08
l0_pce_rate_line_2026-06.csv,A3324000922225003,27059,residential_rate,0.15,effective_residential_rate,0.0503,< 0.08
l0_pce_rate_line_2026-06.csv,A3324001022225003,27061,residential_rate,0.15,effective_residential_rate,0.0503,< 0.08
l0_pce_rate_line_2026-06.csv,A3324100922225003,27063,residential_rate,0.15,effective_residential_rate,0.0503,< 0.08
l0_pce_rate_line_2026-06.csv,A3324101022225003,27065,residential_rate,0.15,effective_residential_rate,0.0503,< 0.08
l0_pce_rate_line_2026-06.csv,A3328500323225003,27068,residential_rate,0,effective_residential_rate,-0.2323,< 0.08
l0_pce_rate_line_2026-06.csv,A3328500323225003,27069,residential_rate,0,effective_residential_rate,0,< 0.08
l0_pce_rate_line_2026-06.csv,A3310200123225003,27084,residential_rate,0,effective_residential_rate,0,< 0.08
l0_pce_rate_line_2026-06.csv,A3310200223225003,27086,residential_rate,0,effective_residential_rate,0,< 0.08
l0_pce_rate_line_2026-06.csv,A3326000223225003,27136,residential_rate,0,effective_residential_rate,0,< 0.08
l0_pce_rate_line_2026-06.csv,A3322900323225003,27145,residential_rate,0,effective_residential_rate,0,< 0.08
l0_pce_rate_line_2026-06.csv,A3319100423225003,27150,residential_rate,0.8,effective_residential_rate,0.0625,< 0.08
l0_pce_rate_line_2026-06.csv,A3319100423225003,27151,residential_rate,0,effective_residential_rate,0,< 0.08
l0_pce_rate_line_2026-06.csv,A3323300423225003,27156,residential_rate,0,effective_residential_rate,0,< 0.08
l0_pce_rate_line_2026-06.csv,A3322000123225003,27161,residential_rate,0,effective_residential_rate,0,< 0.08
l0_pce_rate_line_2026-06.csv,A3320500223225003,27194,residential_rate,0,effective_residential_rate,0,< 0.08
l0_pce_rate_line_2026-06.csv,A3320800123225003,27196,residential_rate,0,effective_residential_rate,0,< 0.08
l0_pce_rate_line_2026-06.csv,A3323500123225003,27222,residential_rate,0.15,effective_residential_rate,0.0458,< 0.08
l0_pce_rate_line_2026-06.csv,A3323600123225003,27224,residential_rate,0.15,effective_residential_rate,0.0458,< 0.08
l0_pce_rate_line_2026-06.csv,A3323700123225003,27226,residential_rate,0.15,effective_residential_rate,0.0458,< 0.08
l0_pce_rate_line_2026-06.csv,A3323800123225003,27228,residential_rate,0.08,effective_residential_rate,-0.0242,< 0.08
l0_pce_rate_line_2026-06.csv,A3323900123225003,27230,residential_rate,0.15,effective_residential_rate,0.0458,< 0.08
l0_pce_rate_line_2026-06.csv,A3324000123225003,27232,residential_rate,0,effective_residential_rate,0,< 0.08
l0_pce_rate_line_2026-06.csv,A3324600123225003,27267,residential_rate,0.2611,effective_residential_rate,0.0701,< 0.08
l0_pce_rate_line_2026-06.csv,A3324600223225003,27269,residential_rate,0.2611,effective_residential_rate,0.0701,< 0.08
l0_pce_rate_line_2026-06.csv,A3324600323225003,27271,residential_rate,0.2611,effective_residential_rate,0.0701,< 0.08
l0_pce_rate_line_2026-06.csv,A3312500323225003,27275,residential_rate,0.8399,effective_residential_rate,-0.1601,< 0.08
l0_pce_rate_line_2026-06.csv,A3312500323225003,27276,residential_rate,0.8399,effective_residential_rate,-0.1601,< 0.08
l0_pce_rate_line_2026-06.csv,A3314100323225003,27328,residential_rate,0.8046,effective_residential_rate,-0.1954,< 0.08
l0_pce_rate_line_2026-06.csv,A3314100323225003,27329,residential_rate,0.8046,effective_residential_rate,-0.1954,< 0.08
l0_pce_rate_line_2026-06.csv,A3320900323225003,27331,residential_rate,0.9119,effective_residential_rate,-0.0881,< 0.08
l0_pce_rate_line_2026-06.csv,A3320900323225003,27332,residential_rate,0.9119,effective_residential_rate,-0.0881,< 0.08
l0_pce_rate_line_2026-06.csv,A3315000323225003,27360,residential_rate,0.9922,effective_residential_rate,-0.00780000000000003,< 0.08
l0_pce_rate_line_2026-06.csv,A3315000323225003,27361,residential_rate,0.9922,effective_residential_rate,-0.00780000000000003,< 0.08
l0_pce_rate_line_2026-06.csv,A3316500323225003,27402,residential_rate,0.9119,effective_residential_rate,-0.0881,< 0.08
l0_pce_rate_line_2026-06.csv,A3316500323225003,27403,residential_rate,0.9119,effective_residential_rate,-0.0881,< 0.08
l0_pce_rate_line_2026-06.csv,A3312500423225003,27437,residential_rate,0.8399,effective_residential_rate,0.0759,< 0.08
l0_pce_rate_line_2026-06.csv,A3319700323225003,27609,residential_rate,0,effective_residential_rate,0,< 0.08
l0_pce_rate_line_2026-06.csv,A3310300323225003,27613,residential_rate,0,effective_residential_rate,0,< 0.08
l0_pce_rate_line_2026-06.csv,A3317500323225003,27615,residential_rate,0,effective_residential_rate,0,< 0.08
l0_pce_rate_line_2026-06.csv,A3319800123225003,27628,residential_rate,0,effective_residential_rate,0,< 0.08
l0_pce_rate_line_2026-06.csv,A3319700423225003,27701,residential_rate,0,effective_residential_rate,0,< 0.08
l0_pce_rate_line_2026-06.csv,A3319900523225003,27818,residential_rate,0,effective_residential_rate,0,< 0.08
l0_pce_rate_line_2026-06.csv,A3322800523225003,27852,residential_rate,0,effective_residential_rate,0,< 0.08
l0_pce_rate_line_2026-06.csv,A3324400323225003,27860,residential_rate,0,effective_residential_rate,0,< 0.08
l0_pce_rate_line_2026-06.csv,A3325000123225003,28033,residential_rate,0,effective_residential_rate,0,< 0.08
l0_pce_rate_line_2026-06.csv,A3325000223225003,28035,residential_rate,0,effective_residential_rate,0,< 0.08
l0_pce_rate_line_2026-06.csv,A3325000323225003,28037,residential_rate,0,effective_residential_rate,0,< 0.08
l0_pce_rate_line_2026-06.csv,A3325500323225003,28041,residential_rate,0,effective_residential_rate,0,< 0.08
l0_pce_rate_line_2026-06.csv,A3324600423225003,28058,residential_rate,0.2541,effective_residential_rate,0.0631,< 0.08
l0_pce_rate_line_2026-06.csv,A3324400423225003,28093,residential_rate,0,effective_residential_rate,0,< 0.08
l0_pce_rate_line_2026-06.csv,A3324400623225003,28098,residential_rate,0,effective_residential_rate,0,< 0.08
l0_pce_rate_line_2026-06.csv,A3324600523225003,28100,residential_rate,0.2541,effective_residential_rate,0.0631,< 0.08
l0_pce_rate_line_2026-06.csv,A3324600623225003,28102,residential_rate,0.2541,effective_residential_rate,0.0631,< 0.08
l0_pce_rate_line_2026-06.csv,A3328500623225003,28117,residential_rate,0,effective_residential_rate,0,< 0.08
l0_pce_rate_line_2026-06.csv,A3310050123225003,28121,residential_rate,0,effective_residential_rate,0,< 0.08
l0_pce_rate_line_2026-06.csv,A3317300623225003,28306,residential_rate,0,effective_residential_rate,0,< 0.08
l0_pce_rate_line_2026-06.csv,A3318000723225003,28352,residential_rate,0,effective_residential_rate,0,< 0.08
l0_pce_rate_line_2026-06.csv,A3312700723225003,28355,residential_rate,0,effective_residential_rate,0,< 0.08
l0_pce_rate_line_2026-06.csv,A3312800723225003,28358,residential_rate,0,effective_residential_rate,0,< 0.08
l0_pce_rate_line_2026-06.csv,A3312900723225003,28361,residential_rate,0,effective_residential_rate,0,< 0.08
l0_pce_rate_line_2026-06.csv,A3319500723225003,28363,residential_rate,0,effective_residential_rate,0,< 0.08
l0_pce_rate_line_2026-06.csv,A3313000723225003,28366,residential_rate,0,effective_residential_rate,0,< 0.08
l0_pce_rate_line_2026-06.csv,A3313100723225003,28369,residential_rate,0,effective_residential_rate,0,< 0.08
l0_pce_rate_line_2026-06.csv,A3313200723225003,28372,residential_rate,0,effective_residential_rate,0,< 0.08
l0_pce_rate_line_2026-06.csv,A3313300723225003,28375,residential_rate,0,effective_residential_rate,0,< 0.08
l0_pce_rate_line_2026-06.csv,A3313400723225003,28378,residential_rate,0,effective_residential_rate,0,< 0.08
l0_pce_rate_line_2026-06.csv,A3313500723225003,28381,residential_rate,0,effective_residential_rate,0,< 0.08
l0_pce_rate_line_2026-06.csv,A3313600723225003,28384,residential_rate,0,effective_residential_rate,0,< 0.08
l0_pce_rate_line_2026-06.csv,A3313700723225003,28387,residential_rate,0,effective_residential_rate,0,< 0.08
l0_pce_rate_line_2026-06.csv,A3313800723225003,28390,residential_rate,0,effective_residential_rate,0,< 0.08
l0_pce_rate_line_2026-06.csv,A3313900723225003,28393,residential_rate,0,effective_residential_rate,0,< 0.08
l0_pce_rate_line_2026-06.csv,A3314000723225003,28396,residential_rate,0,effective_residential_rate,0,< 0.08
l0_pce_rate_line_2026-06.csv,A3314100723225003,28399,residential_rate,0,effective_residential_rate,0,< 0.08
l0_pce_rate_line_2026-06.csv,A3320900723225003,28401,residential_rate,0,effective_residential_rate,0,< 0.08
l0_pce_rate_line_2026-06.csv,A3321200723225003,28404,residential_rate,0,effective_residential_rate,0,< 0.08
l0_pce_rate_line_2026-06.csv,A3314200723225003,28407,residential_rate,0,effective_residential_rate,0,< 0.08
l0_pce_rate_line_2026-06.csv,A3314500723225003,28414,residential_rate,0,effective_residential_rate,0,< 0.08
l0_pce_rate_line_2026-06.csv,A3314600723225003,28417,residential_rate,0,effective_residential_rate,0,< 0.08
l0_pce_rate_line_2026-06.csv,A3314700723225003,28420,residential_rate,0,effective_residential_rate,0,< 0.08
l0_pce_rate_line_2026-06.csv,A3314800723225003,28423,residential_rate,0,effective_residential_rate,0,< 0.08
l0_pce_rate_line_2026-06.csv,A3314900723225003,28426,residential_rate,0,effective_residential_rate,0,< 0.08
l0_pce_rate_line_2026-06.csv,A3315000723225003,28428,residential_rate,0,effective_residential_rate,0,< 0.08
l0_pce_rate_line_2026-06.csv,A3315100723225003,28431,residential_rate,0,effective_residential_rate,0,< 0.08
l0_pce_rate_line_2026-06.csv,A3315200723225003,28434,residential_rate,0,effective_residential_rate,0,< 0.08
l0_pce_rate_line_2026-06.csv,A3315300723225003,28437,residential_rate,0,effective_residential_rate,0,< 0.08
l0_pce_rate_line_2026-06.csv,A3315400723225003,28440,residential_rate,0,effective_residential_rate,0,< 0.08
l0_pce_rate_line_2026-06.csv,A3315500723225003,28443,residential_rate,0,effective_residential_rate,0,< 0.08
l0_pce_rate_line_2026-06.csv,A3315600723225003,28446,residential_rate,0,effective_residential_rate,0,< 0.08
l0_pce_rate_line_2026-06.csv,A3315700723225003,28449,residential_rate,0,effective_residential_rate,0,< 0.08
l0_pce_rate_line_2026-06.csv,A3315800723225003,28452,residential_rate,0,effective_residential_rate,0,< 0.08
l0_pce_rate_line_2026-06.csv,A3315900723225003,28455,residential_rate,0,effective_residential_rate,0,< 0.08
l0_pce_rate_line_2026-06.csv,A3316000723225003,28458,residential_rate,0,effective_residential_rate,0,< 0.08
l0_pce_rate_line_2026-06.csv,A3316100723225003,28461,residential_rate,0,effective_residential_rate,0,< 0.08
l0_pce_rate_line_2026-06.csv,A3316200723225003,28464,residential_rate,0,effective_residential_rate,0,< 0.08
l0_pce_rate_line_2026-06.csv,A3316300723225003,28467,residential_rate,0,effective_residential_rate,0,< 0.08
l0_pce_rate_line_2026-06.csv,A3316400723225003,28470,residential_rate,0,effective_residential_rate,0,< 0.08
l0_pce_rate_line_2026-06.csv,A3316500723225003,28472,residential_rate,0,effective_residential_rate,0,< 0.08
l0_pce_rate_line_2026-06.csv,A3316600723225003,28475,residential_rate,0,effective_residential_rate,0,< 0.08
l0_pce_rate_line_2026-06.csv,A3316700723225003,28478,residential_rate,0,effective_residential_rate,0,< 0.08
l0_pce_rate_line_2026-06.csv,A3316800723225003,28481,residential_rate,0,effective_residential_rate,0,< 0.08
l0_pce_rate_line_2026-06.csv,A3316850723225003,28484,residential_rate,0,effective_residential_rate,0,< 0.08
l0_pce_rate_line_2026-06.csv,A3316900723225003,28487,residential_rate,0,effective_residential_rate,0,< 0.08
l0_pce_rate_line_2026-06.csv,A3317000723225003,28490,residential_rate,0,effective_residential_rate,0,< 0.08
l0_pce_rate_line_2026-06.csv,A3317100723225003,28493,residential_rate,0,effective_residential_rate,0,< 0.08
l0_pce_rate_line_2026-06.csv,A3317200723225003,28496,residential_rate,0,effective_residential_rate,0,< 0.08
l0_pce_rate_line_2026-06.csv,A3317300723225003,28499,residential_rate,0,effective_residential_rate,0,< 0.08
l0_pce_rate_line_2026-06.csv,A3329000723225003,28502,residential_rate,0,effective_residential_rate,0,< 0.08
l0_pce_rate_line_2026-06.csv,A3324600723225003,28670,residential_rate,0.2541,effective_residential_rate,0.0631,< 0.08
l0_pce_rate_line_2026-06.csv,A3323800223225003,28713,residential_rate,0.08,effective_residential_rate,0.0758,< 0.08
l0_pce_rate_line_2026-06.csv,A3323800223225003,28714,residential_rate,0.08,effective_residential_rate,-0.0242,< 0.08
l0_pce_rate_line_2026-06.csv,A3312400823225003,28746,residential_rate,0,effective_residential_rate,0,< 0.08
l0_pce_rate_line_2026-06.csv,A3312500823225003,28749,residential_rate,0,effective_residential_rate,0,< 0.08
l0_pce_rate_line_2026-06.csv,A3318000823225003,28753,residential_rate,0,effective_residential_rate,-0.2601,< 0.08
l0_pce_rate_line_2026-06.csv,A3318000823225003,28754,residential_rate,0,effective_residential_rate,-0.2601,< 0.08
l0_pce_rate_line_2026-06.csv,A3312700823225003,28758,residential_rate,0,effective_residential_rate,0,< 0.08
l0_pce_rate_line_2026-06.csv,A3319500823225003,28767,residential_rate,0,effective_residential_rate,0,< 0.08
l0_pce_rate_line_2026-06.csv,A3313000823225003,28770,residential_rate,0,effective_residential_rate,0,< 0.08
l0_pce_rate_line_2026-06.csv,A3313100823225003,28773,residential_rate,0,effective_residential_rate,0,< 0.08
l0_pce_rate_line_2026-06.csv,A3313200823225003,28776,residential_rate,0,effective_residential_rate,0,< 0.08
l0_pce_rate_line_2026-06.csv,A3313300823225003,28779,residential_rate,0,effective_residential_rate,0,< 0.08
l0_pce_rate_line_2026-06.csv,A3313500823225003,28785,residential_rate,0,effective_residential_rate,0,< 0.08
l0_pce_rate_line_2026-06.csv,A3313800823225003,28794,residential_rate,0,effective_residential_rate,0,< 0.08
l0_pce_rate_line_2026-06.csv,A3314100823225003,28803,residential_rate,0,effective_residential_rate,0,< 0.08
l0_pce_rate_line_2026-06.csv,A3320900823225003,28806,residential_rate,0,effective_residential_rate,0,< 0.08
l0_pce_rate_line_2026-06.csv,A3321200823225003,28809,residential_rate,0,effective_residential_rate,0,< 0.08
l0_pce_rate_line_2026-06.csv,A3314500823225003,28820,residential_rate,0,effective_residential_rate,0,< 0.08
l0_pce_rate_line_2026-06.csv,A3314600823225003,28823,residential_rate,0,effective_residential_rate,0,< 0.08
l0_pce_rate_line_2026-06.csv,A3314900823225003,28832,residential_rate,0,effective_residential_rate,0,< 0.08
l0_pce_rate_line_2026-06.csv,A3315400823225003,28847,residential_rate,0,effective_residential_rate,0,< 0.08
l0_pce_rate_line_2026-06.csv,A3315600823225003,28853,residential_rate,0,effective_residential_rate,0,< 0.08
l0_pce_rate_line_2026-06.csv,A3315800823225003,28859,residential_rate,0,effective_residential_rate,0,< 0.08
l0_pce_rate_line_2026-06.csv,A3315900823225003,28862,residential_rate,0,effective_residential_rate,0,< 0.08
l0_pce_rate_line_2026-06.csv,A3316200823225003,28871,residential_rate,0,effective_residential_rate,0,< 0.08
l0_pce_rate_line_2026-06.csv,A3316600823225003,28880,residential_rate,0,effective_residential_rate,-0.2851,< 0.08
l0_pce_rate_line_2026-06.csv,A3316600823225003,28881,residential_rate,0,effective_residential_rate,-0.265,< 0.08
l0_pce_rate_line_2026-06.csv,A3316850823225003,28891,residential_rate,0,effective_residential_rate,0,< 0.08
l0_pce_rate_line_2026-06.csv,A3316900823225003,28894,residential_rate,0,effective_residential_rate,0,< 0.08
l0_pce_rate_line_2026-06.csv,A3317000823225003,28897,residential_rate,0,effective_residential_rate,0,< 0.08
l0_pce_rate_line_2026-06.csv,A3317100823225003,28900,residential_rate,0,effective_residential_rate,0,< 0.08
l0_pce_rate_line_2026-06.csv,A3317200823225003,28903,residential_rate,0,effective_residential_rate,0,< 0.08
l0_pce_rate_line_2026-06.csv,A3317300823225003,28906,residential_rate,0,effective_residential_rate,0,< 0.08
l0_pce_rate_line_2026-06.csv,A3323800323225003,29252,residential_rate,0.08,effective_residential_rate,0.0758,< 0.08
l0_pce_rate_line_2026-06.csv,A3323800323225003,29253,residential_rate,0.08,effective_residential_rate,-0.0242,< 0.08
l0_pce_rate_line_2026-06.csv,A3323800423225003,29255,residential_rate,0.08,effective_residential_rate,0.0758,< 0.08
l0_pce_rate_line_2026-06.csv,A3323800423225003,29256,residential_rate,0.08,effective_residential_rate,-0.0242,< 0.08
l0_pce_rate_line_2026-06.csv,A3323800523225003,29258,residential_rate,0.08,effective_residential_rate,0.0758,< 0.08
l0_pce_rate_line_2026-06.csv,A3323800523225003,29259,residential_rate,0.08,effective_residential_rate,-0.0242,< 0.08
l0_pce_rate_line_2026-06.csv,A3323800623225003,29261,residential_rate,0.08,effective_residential_rate,0.0758,< 0.08
l0_pce_rate_line_2026-06.csv,A3323800623225003,29262,residential_rate,0.08,effective_residential_rate,-0.0242,< 0.08
l0_pce_rate_line_2026-06.csv,A3324400923225003,29325,residential_rate,0,effective_residential_rate,0,< 0.08
l0_pce_rate_line_2026-06.csv,A3328701023225003,29332,residential_rate,0,effective_residential_rate,0,< 0.08
l0_pce_rate_line_2026-06.csv,A3323800723225003,29627,residential_rate,0.08,effective_residential_rate,0.0758,< 0.08
l0_pce_rate_line_2026-06.csv,A3323800723225003,29628,residential_rate,0.08,effective_residential_rate,-0.0242,< 0.08
l0_pce_rate_line_2026-06.csv,A3323800823225003,29630,residential_rate,0.08,effective_residential_rate,0.0758,< 0.08
l0_pce_rate_line_2026-06.csv,A3323800823225003,29631,residential_rate,0.08,effective_residential_rate,-0.0242,< 0.08
l0_pce_rate_line_2026-06.csv,A3320901123225003,29731,residential_rate,0.0967,effective_residential_rate,-0.6673,< 0.08
l0_pce_rate_line_2026-06.csv,A3320901123225003,29732,residential_rate,0.0967,effective_residential_rate,-0.6673,< 0.08
l0_pce_rate_line_2026-06.csv,A3315001123225003,29753,residential_rate,0.6678,effective_residential_rate,-0.0962000000000001,< 0.08
l0_pce_rate_line_2026-06.csv,A3315001123225003,29754,residential_rate,0.6678,effective_residential_rate,-0.0962000000000001,< 0.08
l0_pce_rate_line_2026-06.csv,A3316501123225003,29788,residential_rate,0.0967,effective_residential_rate,-0.6673,< 0.08
l0_pce_rate_line_2026-06.csv,A3316501123225003,29789,residential_rate,0.0967,effective_residential_rate,-0.6673,< 0.08
l0_pce_rate_line_2026-06.csv,A3316851123225003,29798,residential_rate,0.5089,effective_residential_rate,0.079,< 0.08
l0_pce_rate_line_2026-06.csv,A3323800923225003,29838,residential_rate,0.08,effective_residential_rate,0.0758,< 0.08
l0_pce_rate_line_2026-06.csv,A3323800923225003,29839,residential_rate,0.08,effective_residential_rate,-0.0242,< 0.08
l0_pce_rate_line_2026-06.csv,A3323801023225003,29881,residential_rate,0.08,effective_residential_rate,0.0758,< 0.08
l0_pce_rate_line_2026-06.csv,A3323801023225003,29882,residential_rate,0.08,effective_residential_rate,-0.0242,< 0.08
l0_pce_rate_line_2026-06.csv,A3324600823225003,29934,residential_rate,0.2541,effective_residential_rate,-0.00290000000000001,< 0.08
l0_pce_rate_line_2026-06.csv,A3324600923225003,29936,residential_rate,0.2541,effective_residential_rate,-0.00290000000000001,< 0.08
l0_pce_rate_line_2026-06.csv,A3323801123225003,29968,residential_rate,0.08,effective_residential_rate,0.0758,< 0.08
l0_pce_rate_line_2026-06.csv,A3323801123225003,29969,residential_rate,0.08,effective_residential_rate,-0.0242,< 0.08
l0_pce_rate_line_2026-06.csv,A3316501223225003,30072,residential_rate,0.0967,effective_residential_rate,-0.9033,< 0.08
l0_pce_rate_line_2026-06.csv,A3316501223225003,30073,residential_rate,0.0967,effective_residential_rate,-0.9033,< 0.08
l0_pce_rate_line_2026-06.csv,A3315201223225003,30094,residential_rate,0.7676,effective_residential_rate,-0.2324,< 0.08
l0_pce_rate_line_2026-06.csv,A3315001223225003,30098,residential_rate,0.6678,effective_residential_rate,-0.3322,< 0.08
l0_pce_rate_line_2026-06.csv,A3315001223225003,30099,residential_rate,0.6678,effective_residential_rate,-0.3322,< 0.08
l0_pce_rate_line_2026-06.csv,A3320901223225003,30118,residential_rate,0.0967,effective_residential_rate,-0.9033,< 0.08
l0_pce_rate_line_2026-06.csv,A3320901223225003,30119,residential_rate,0.0967,effective_residential_rate,-0.9033,< 0.08
l0_pce_rate_line_2026-06.csv,A3312501223225003,30156,residential_rate,0.858,effective_residential_rate,-0.142,< 0.08
l0_pce_rate_line_2026-06.csv,A3312501223225003,30157,residential_rate,0.858,effective_residential_rate,-0.142,< 0.08
l0_pce_rate_line_2026-06.csv,A3325401023225003,30179,residential_rate,0,effective_residential_rate,0,< 0.08
l0_pce_rate_line_2026-06.csv,A3318801223225003,30207,residential_rate,0,effective_residential_rate,0,< 0.08
l0_pce_rate_line_2026-06.csv,A3323801223225003,30257,residential_rate,0.08,effective_residential_rate,0.0758,< 0.08
l0_pce_rate_line_2026-06.csv,A3323801223225003,30258,residential_rate,0.08,effective_residential_rate,-0.0242,< 0.08
l0_pce_rate_line_2026-06.csv,A3318000124225003,30351,residential_rate,0,effective_residential_rate,0,< 0.08
l0_pce_rate_line_2026-06.csv,A3317700124225003,30477,residential_rate,0,effective_residential_rate,0,< 0.08
l0_pce_rate_line_2026-06.csv,A3319700124225003,30485,residential_rate,0,effective_residential_rate,0,< 0.08
l0_pce_rate_line_2026-06.csv,A3318200224225003,30602,residential_rate,0,effective_residential_rate,0,< 0.08
l0_pce_rate_line_2026-06.csv,A3319800224225003,30607,residential_rate,0,effective_residential_rate,0,< 0.08
l0_pce_rate_line_2026-06.csv,A3320500224225003,30609,residential_rate,0,effective_residential_rate,0,< 0.08
l0_pce_rate_line_2026-06.csv,A3318000224225003,30628,residential_rate,0,effective_residential_rate,0,< 0.08
l0_pce_rate_line_2026-06.csv,A3314100224225003,30661,residential_rate,0,effective_residential_rate,0,< 0.08
l0_pce_rate_line_2026-06.csv,A3310200224225003,30773,residential_rate,0,effective_residential_rate,0,< 0.08
l0_pce_rate_line_2026-06.csv,A3310200324225003,30775,residential_rate,0,effective_residential_rate,0,< 0.08
l0_pce_rate_line_2026-06.csv,A3323800124225003,30816,residential_rate,0.08,effective_residential_rate,0.0735,< 0.08
l0_pce_rate_line_2026-06.csv,A3323800124225003,30817,residential_rate,0.08,effective_residential_rate,-0.0265,< 0.08
l0_pce_rate_line_2026-06.csv,A3322000124225003,30842,residential_rate,0,effective_residential_rate,0,< 0.08
l0_pce_rate_line_2026-06.csv,A3318200324225003,30849,residential_rate,0,effective_residential_rate,0,< 0.08
l0_pce_rate_line_2026-06.csv,A3324600124225003,30894,residential_rate,0.2541,effective_residential_rate,0.0647,< 0.08
l0_pce_rate_line_2026-06.csv,A3324600224225003,30896,residential_rate,0.2541,effective_residential_rate,0.0548,< 0.08
l0_pce_rate_line_2026-06.csv,A3324600324225003,30898,residential_rate,0.2541,effective_residential_rate,0.0548,< 0.08
l0_pce_rate_line_2026-06.csv,A3318000324225003,30907,residential_rate,0,effective_residential_rate,0,< 0.08
l0_pce_rate_line_2026-06.csv,A3327300324225003,31006,residential_rate,0.619,effective_residential_rate,-0.7202,< 0.08
l0_pce_rate_line_2026-06.csv,A3327300324225003,31007,residential_rate,0.619,effective_residential_rate,-0.6816,< 0.08
l0_pce_rate_line_2026-06.csv,A3323800224225003,31030,residential_rate,0.08,effective_residential_rate,0.0735,< 0.08
l0_pce_rate_line_2026-06.csv,A3323800224225003,31031,residential_rate,0.08,effective_residential_rate,-0.0265,< 0.08
l0_pce_rate_line_2026-06.csv,A3318500224225003,31108,residential_rate,0,effective_residential_rate,0,< 0.08
l0_pce_rate_line_2026-06.csv,A3318500324225003,31110,residential_rate,0,effective_residential_rate,0,< 0.08
l0_pce_rate_line_2026-06.csv,A3318500424225003,31112,residential_rate,0,effective_residential_rate,0,< 0.08
l0_pce_rate_line_2026-06.csv,A3325600424225003,31157,residential_rate,0.57,effective_residential_rate,0.0735,< 0.08
l0_pce_rate_line_2026-06.csv,A3318000424225003,31167,residential_rate,0,effective_residential_rate,0,< 0.08
l0_pce_rate_line_2026-06.csv,A3323800324225003,31362,residential_rate,0.08,effective_residential_rate,0.0735,< 0.08
l0_pce_rate_line_2026-06.csv,A3323800324225003,31363,residential_rate,0.08,effective_residential_rate,-0.0265,< 0.08
l0_pce_rate_line_2026-06.csv,A3323800324225003,31364,residential_rate,0,effective_residential_rate,0,< 0.08
l0_pce_rate_line_2026-06.csv,A3324600424225003,31378,residential_rate,0.2541,effective_residential_rate,0.0548,< 0.08
l0_pce_rate_line_2026-06.csv,A3318000524225003,31402,residential_rate,0,effective_residential_rate,0,< 0.08
l0_pce_rate_line_2026-06.csv,A3318000524225003,31403,residential_rate,0,effective_residential_rate,0,< 0.08
l0_pce_rate_line_2026-06.csv,A3313200524225003,31418,residential_rate,0,effective_residential_rate,0,< 0.08
l0_pce_rate_line_2026-06.csv,A3315900524225003,31477,residential_rate,0,effective_residential_rate,0,< 0.08
l0_pce_rate_line_2026-06.csv,A3310200624225003,31534,residential_rate,0,effective_residential_rate,0,< 0.08
l0_pce_rate_line_2026-06.csv,A3318200524225003,31537,residential_rate,0,effective_residential_rate,0,< 0.08
l0_pce_rate_line_2026-06.csv,A3322100124225003,31576,residential_rate,0,effective_residential_rate,0,< 0.08
l0_pce_rate_line_2026-06.csv,A3318000624225003,31601,residential_rate,0,effective_residential_rate,0,< 0.08
l0_pce_rate_line_2026-06.csv,A3312900624225003,31608,residential_rate,0,effective_residential_rate,0,< 0.08
l0_pce_rate_line_2026-06.csv,A3313200624225003,31617,residential_rate,0,effective_residential_rate,0,< 0.08
l0_pce_rate_line_2026-06.csv,A3313500624225003,31624,residential_rate,0,effective_residential_rate,0,< 0.08
l0_pce_rate_line_2026-06.csv,A3314600624225003,31651,residential_rate,0,effective_residential_rate,0,< 0.08
l0_pce_rate_line_2026-06.csv,A3314700624225003,31654,residential_rate,0,effective_residential_rate,0,< 0.08
l0_pce_rate_line_2026-06.csv,A3316100624225003,31683,residential_rate,0,effective_residential_rate,0,< 0.08
l0_pce_rate_line_2026-06.csv,A3316700624225003,31696,residential_rate,0,effective_residential_rate,0,< 0.08
l0_pce_rate_line_2026-06.csv,A3317200624225003,31711,residential_rate,0,effective_residential_rate,0,< 0.08
l0_pce_rate_line_2026-06.csv,A3323800424225003,31767,residential_rate,0.08,effective_residential_rate,0.0735,< 0.08
l0_pce_rate_line_2026-06.csv,A3323800424225003,31768,residential_rate,0.08,effective_residential_rate,-0.0265,< 0.08
l0_pce_rate_line_2026-06.csv,A3310200724225003,31806,residential_rate,0,effective_residential_rate,0,< 0.08
l0_pce_rate_line_2026-06.csv,A3323800524225003,31852,residential_rate,0.08,effective_residential_rate,0.0735,< 0.08
l0_pce_rate_line_2026-06.csv,A3323800524225003,31853,residential_rate,0.08,effective_residential_rate,-0.0265,< 0.08
l0_pce_rate_line_2026-06.csv,A3321300624225003,31869,residential_rate,0,effective_residential_rate,0,< 0.08
l0_pce_rate_line_2026-06.csv,A3328600724225003,31948,residential_rate,0,effective_residential_rate,0,< 0.08
l0_pce_rate_line_2026-06.csv,A3318000724225003,32032,residential_rate,0,effective_residential_rate,0,< 0.08
l0_pce_rate_line_2026-06.csv,A3313500724225003,32053,residential_rate,0,effective_residential_rate,0,< 0.08
l0_pce_rate_line_2026-06.csv,A3314100724225003,32066,residential_rate,0,effective_residential_rate,0,< 0.08
l0_pce_rate_line_2026-06.csv,A3329000724225003,32137,residential_rate,0.5521,effective_residential_rate,0.0389,< 0.08
l0_pce_rate_line_2026-06.csv,A3329000724225003,32138,residential_rate,0.5521,effective_residential_rate,0.0795,< 0.08
l0_pce_rate_line_2026-06.csv,A3322800724225003,32166,residential_rate,0,effective_residential_rate,0,< 0.08
l0_pce_rate_line_2026-06.csv,A3323800624225003,32180,residential_rate,0.08,effective_residential_rate,0.0735,< 0.08
l0_pce_rate_line_2026-06.csv,A3323800624225003,32181,residential_rate,0.08,effective_residential_rate,-0.0265,< 0.08
l0_pce_rate_line_2026-06.csv,A3321300724225003,32198,residential_rate,0,effective_residential_rate,0,< 0.08
l0_pce_rate_line_2026-06.csv,A3324600524225003,32230,residential_rate,0.2541,effective_residential_rate,0.0548,< 0.08
l0_pce_rate_line_2026-06.csv,A3318200724225003,32287,residential_rate,0,effective_residential_rate,0,< 0.08
l0_pce_rate_line_2026-06.csv,A3318000824225003,32356,residential_rate,0,effective_residential_rate,0,< 0.08
l0_pce_rate_line_2026-06.csv,A3315600824225003,32423,residential_rate,0,effective_residential_rate,0,< 0.08
l0_pce_rate_line_2026-06.csv,A3316600824225003,32444,residential_rate,0,effective_residential_rate,0,< 0.08
l0_pce_rate_line_2026-06.csv,A3323800824225003,32478,residential_rate,0.08,effective_residential_rate,0.0735,< 0.08
l0_pce_rate_line_2026-06.csv,A3323800824225003,32479,residential_rate,0.08,effective_residential_rate,-0.0265,< 0.08
l0_pce_rate_line_2026-06.csv,A3323800724225003,32508,residential_rate,0.08,effective_residential_rate,0.0735,< 0.08
l0_pce_rate_line_2026-06.csv,A3323800724225003,32509,residential_rate,0.08,effective_residential_rate,-0.0265,< 0.08
l0_pce_rate_line_2026-06.csv,A3325200224225003,32511,residential_rate,0,effective_residential_rate,0,< 0.08
l0_pce_rate_line_2026-06.csv,A3318000924225003,32542,residential_rate,0,effective_residential_rate,0,< 0.08
l0_pce_rate_line_2026-06.csv,A3312700924225003,32545,residential_rate,0,effective_residential_rate,0,< 0.08
l0_pce_rate_line_2026-06.csv,A3319500924225003,32552,residential_rate,0,effective_residential_rate,0,< 0.08
l0_pce_rate_line_2026-06.csv,A3313200924225003,32559,residential_rate,0,effective_residential_rate,0,< 0.08
l0_pce_rate_line_2026-06.csv,A3314200924225003,32584,residential_rate,0,effective_residential_rate,0,< 0.08
l0_pce_rate_line_2026-06.csv,A3315600924225003,32613,residential_rate,0,effective_residential_rate,0,< 0.08
l0_pce_rate_line_2026-06.csv,A3316700924225003,32636,residential_rate,0,effective_residential_rate,0,< 0.08
l0_pce_rate_line_2026-06.csv,A3316800924225003,32639,residential_rate,0,effective_residential_rate,0,< 0.08
l0_pce_rate_line_2026-06.csv,A3316850924225003,32642,residential_rate,0,effective_residential_rate,0,< 0.08
l0_pce_rate_line_2026-06.csv,A3329000924225003,32657,residential_rate,0,effective_residential_rate,0,< 0.08
l0_pce_rate_line_2026-06.csv,A3323800924225003,32686,residential_rate,0.08,effective_residential_rate,0.0735,< 0.08
l0_pce_rate_line_2026-06.csv,A3323800924225003,32687,residential_rate,0.08,effective_residential_rate,-0.0265,< 0.08
l0_pce_rate_line_2026-06.csv,A3328601024225003,32718,residential_rate,0,effective_residential_rate,0,< 0.08
l0_pce_rate_line_2026-06.csv,A3323301024225003,32738,residential_rate,0,effective_residential_rate,0,< 0.08
l0_pce_rate_line_2026-06.csv,A3324600824225003,32759,residential_rate,0.2541,effective_residential_rate,0.0548,< 0.08
l0_pce_rate_line_2026-06.csv,A3324600924225003,32761,residential_rate,0.2541,effective_residential_rate,0.0548,< 0.08
l0_pce_rate_line_2026-06.csv,A3324601024225003,32763,residential_rate,0.2541,effective_residential_rate,0.0548,< 0.08
l0_pce_rate_line_2026-06.csv,A3324600624225003,32804,residential_rate,0.2541,effective_residential_rate,0.0548,< 0.08
l0_pce_rate_line_2026-06.csv,A3324600724225003,32807,residential_rate,0.2541,effective_residential_rate,0.0548,< 0.08
l0_pce_rate_line_2026-06.csv,A3318001024225003,32830,residential_rate,0,effective_residential_rate,0,< 0.08
l0_pce_rate_line_2026-06.csv,A3318001024225003,32831,residential_rate,0,effective_residential_rate,0,< 0.08
l0_pce_rate_line_2026-06.csv,A3328601224225003,33205,residential_rate,0,effective_residential_rate,0,< 0.08
l0_pce_rate_line_2026-06.csv,A3314101124225003,33246,residential_rate,0,effective_residential_rate,0,< 0.08
l0_pce_rate_line_2026-06.csv,A3323801024225003,33350,residential_rate,0.08,effective_residential_rate,0.0735,< 0.08
l0_pce_rate_line_2026-06.csv,A3323801024225003,33351,residential_rate,0.08,effective_residential_rate,-0.0265,< 0.08
l0_pce_rate_line_2026-06.csv,A3318001224225003,33385,residential_rate,0,effective_residential_rate,0,< 0.08
l0_pce_rate_line_2026-06.csv,A3318001224225003,33386,residential_rate,0,effective_residential_rate,0,< 0.08
l0_pce_rate_line_2026-06.csv,A3310200125225003,33495,residential_rate,0,effective_residential_rate,0,< 0.08
l0_pce_rate_line_2026-06.csv,A3323801124225003,33537,residential_rate,0.08,effective_residential_rate,0.0735,< 0.08
l0_pce_rate_line_2026-06.csv,A3323801124225003,33538,residential_rate,0.08,effective_residential_rate,-0.0265,< 0.08
l0_pce_rate_line_2026-06.csv,A3323801224225003,33540,residential_rate,0.08,effective_residential_rate,0.0735,< 0.08
l0_pce_rate_line_2026-06.csv,A3323801224225003,33541,residential_rate,0.08,effective_residential_rate,-0.0265,< 0.08
l0_pce_rate_line_2026-06.csv,A3327400125225003,33570,residential_rate,0,effective_residential_rate,0,< 0.08
l0_pce_rate_line_2026-06.csv,A3312400125225003,33651,residential_rate,0,effective_residential_rate,0,< 0.08
l0_pce_rate_line_2026-06.csv,A3312500125225003,33654,residential_rate,0,effective_residential_rate,0,< 0.08
l0_pce_rate_line_2026-06.csv,A3312600125225003,33657,residential_rate,0,effective_residential_rate,0,< 0.08
l0_pce_rate_line_2026-06.csv,A3318000125225003,33660,residential_rate,0,effective_residential_rate,0,< 0.08
l0_pce_rate_line_2026-06.csv,A3318000125225003,33661,residential_rate,0,effective_residential_rate,0,< 0.08
l0_pce_rate_line_2026-06.csv,A3312700125225003,33664,residential_rate,0,effective_residential_rate,0,< 0.08
l0_pce_rate_line_2026-06.csv,A3312800125225003,33667,residential_rate,0,effective_residential_rate,0,< 0.08
l0_pce_rate_line_2026-06.csv,A3312900125225003,33670,residential_rate,0,effective_residential_rate,0,< 0.08
l0_pce_rate_line_2026-06.csv,A3319500125225003,33673,residential_rate,0,effective_residential_rate,0,< 0.08
l0_pce_rate_line_2026-06.csv,A3313000125225003,33676,residential_rate,0,effective_residential_rate,0,< 0.08
l0_pce_rate_line_2026-06.csv,A3313100125225003,33679,residential_rate,0,effective_residential_rate,0,< 0.08
l0_pce_rate_line_2026-06.csv,A3313100125225003,33680,residential_rate,0.01,effective_residential_rate,0.01,< 0.08
l0_pce_rate_line_2026-06.csv,A3313200125225003,33683,residential_rate,0,effective_residential_rate,0,< 0.08
l0_pce_rate_line_2026-06.csv,A3313300125225003,33686,residential_rate,0,effective_residential_rate,0,< 0.08
l0_pce_rate_line_2026-06.csv,A3313300125225003,33687,residential_rate,0,effective_residential_rate,0,< 0.08
l0_pce_rate_line_2026-06.csv,A3313400125225003,33690,residential_rate,0,effective_residential_rate,0,< 0.08
l0_pce_rate_line_2026-06.csv,A3313500125225003,33693,residential_rate,0,effective_residential_rate,0,< 0.08
l0_pce_rate_line_2026-06.csv,A3313600125225003,33696,residential_rate,0,effective_residential_rate,0,< 0.08
l0_pce_rate_line_2026-06.csv,A3313700125225003,33699,residential_rate,0,effective_residential_rate,0,< 0.08
l0_pce_rate_line_2026-06.csv,A3313800125225003,33702,residential_rate,0,effective_residential_rate,0,< 0.08
l0_pce_rate_line_2026-06.csv,A3313900125225003,33705,residential_rate,0,effective_residential_rate,0,< 0.08
l0_pce_rate_line_2026-06.csv,A3314000125225003,33708,residential_rate,0,effective_residential_rate,0,< 0.08
l0_pce_rate_line_2026-06.csv,A3314100125225003,33711,residential_rate,0,effective_residential_rate,0,< 0.08
l0_pce_rate_line_2026-06.csv,A3320900125225003,33714,residential_rate,0,effective_residential_rate,0,< 0.08
l0_pce_rate_line_2026-06.csv,A3321200125225003,33717,residential_rate,0,effective_residential_rate,0,< 0.08
l0_pce_rate_line_2026-06.csv,A3314200125225003,33720,residential_rate,0,effective_residential_rate,0,< 0.08
l0_pce_rate_line_2026-06.csv,A3314200125225003,33721,residential_rate,0,effective_residential_rate,0,< 0.08
l0_pce_rate_line_2026-06.csv,A3314300125225003,33724,residential_rate,0,effective_residential_rate,0,< 0.08
l0_pce_rate_line_2026-06.csv,A3314400125225003,33727,residential_rate,0,effective_residential_rate,0,< 0.08
l0_pce_rate_line_2026-06.csv,A3314500125225003,33730,residential_rate,0,effective_residential_rate,0,< 0.08
l0_pce_rate_line_2026-06.csv,A3314600125225003,33733,residential_rate,0,effective_residential_rate,0,< 0.08
l0_pce_rate_line_2026-06.csv,A3314700125225003,33736,residential_rate,0,effective_residential_rate,0,< 0.08
l0_pce_rate_line_2026-06.csv,A3314700125225003,33737,residential_rate,0,effective_residential_rate,0,< 0.08
l0_pce_rate_line_2026-06.csv,A3314800125225003,33740,residential_rate,0,effective_residential_rate,0,< 0.08
l0_pce_rate_line_2026-06.csv,A3314900125225003,33743,residential_rate,0,effective_residential_rate,0,< 0.08
l0_pce_rate_line_2026-06.csv,A3314900125225003,33744,residential_rate,0,effective_residential_rate,0,< 0.08
l0_pce_rate_line_2026-06.csv,A3315000125225003,33747,residential_rate,0,effective_residential_rate,0,< 0.08
l0_pce_rate_line_2026-06.csv,A3315100125225003,33750,residential_rate,0,effective_residential_rate,0,< 0.08
l0_pce_rate_line_2026-06.csv,A3315200125225003,33753,residential_rate,0,effective_residential_rate,0,< 0.08
l0_pce_rate_line_2026-06.csv,A3315300125225003,33756,residential_rate,0,effective_residential_rate,0,< 0.08
l0_pce_rate_line_2026-06.csv,A3315400125225003,33759,residential_rate,0,effective_residential_rate,0,< 0.08
l0_pce_rate_line_2026-06.csv,A3315500125225003,33762,residential_rate,0,effective_residential_rate,0,< 0.08
l0_pce_rate_line_2026-06.csv,A3315600125225003,33765,residential_rate,0,effective_residential_rate,0,< 0.08
l0_pce_rate_line_2026-06.csv,A3315700125225003,33768,residential_rate,0,effective_residential_rate,0,< 0.08
l0_pce_rate_line_2026-06.csv,A3315800125225003,33771,residential_rate,0,effective_residential_rate,0,< 0.08
l0_pce_rate_line_2026-06.csv,A3315900125225003,33774,residential_rate,0,effective_residential_rate,0,< 0.08
l0_pce_rate_line_2026-06.csv,A3316000125225003,33777,residential_rate,0,effective_residential_rate,0,< 0.08
l0_pce_rate_line_2026-06.csv,A3316100125225003,33780,residential_rate,0,effective_residential_rate,0,< 0.08
l0_pce_rate_line_2026-06.csv,A3316200125225003,33783,residential_rate,0,effective_residential_rate,0,< 0.08
l0_pce_rate_line_2026-06.csv,A3316300125225003,33786,residential_rate,0,effective_residential_rate,0,< 0.08
l0_pce_rate_line_2026-06.csv,A3316400125225003,33789,residential_rate,0,effective_residential_rate,0,< 0.08
l0_pce_rate_line_2026-06.csv,A3316500125225003,33792,residential_rate,0,effective_residential_rate,0,< 0.08
l0_pce_rate_line_2026-06.csv,A3316500125225003,33793,residential_rate,0,effective_residential_rate,0,< 0.08
l0_pce_rate_line_2026-06.csv,A3316600125225003,33796,residential_rate,0,effective_residential_rate,0,< 0.08
l0_pce_rate_line_2026-06.csv,A3316600125225003,33797,residential_rate,0,effective_residential_rate,0,< 0.08
l0_pce_rate_line_2026-06.csv,A3316700125225003,33800,residential_rate,0,effective_residential_rate,0,< 0.08
l0_pce_rate_line_2026-06.csv,A3316800125225003,33803,residential_rate,0,effective_residential_rate,0,< 0.08
l0_pce_rate_line_2026-06.csv,A3316850125225003,33806,residential_rate,0,effective_residential_rate,0,< 0.08
l0_pce_rate_line_2026-06.csv,A3316850125225003,33807,residential_rate,0,effective_residential_rate,0,< 0.08
l0_pce_rate_line_2026-06.csv,A3316900125225003,33810,residential_rate,0,effective_residential_rate,0,< 0.08
l0_pce_rate_line_2026-06.csv,A3317000125225003,33813,residential_rate,0,effective_residential_rate,0,< 0.08
l0_pce_rate_line_2026-06.csv,A3317100125225003,33816,residential_rate,0,effective_residential_rate,0,< 0.08
l0_pce_rate_line_2026-06.csv,A3327300125225003,33819,residential_rate,0,effective_residential_rate,0,< 0.08
l0_pce_rate_line_2026-06.csv,A3317200125225003,33822,residential_rate,0,effective_residential_rate,0,< 0.08
l0_pce_rate_line_2026-06.csv,A3317300125225003,33825,residential_rate,0,effective_residential_rate,0,< 0.08
l0_pce_rate_line_2026-06.csv,A3329000125225003,33828,residential_rate,0,effective_residential_rate,0,< 0.08
l0_pce_rate_line_2026-06.csv,A3323800125225003,33848,residential_rate,0.08,effective_residential_rate,0.0792,< 0.08
l0_pce_rate_line_2026-06.csv,A3323800125225003,33849,residential_rate,0.08,effective_residential_rate,-0.0208,< 0.08
l0_pce_rate_line_2026-06.csv,A3321000125225003,33881,residential_rate,0,effective_residential_rate,0,< 0.08
l0_pce_rate_line_2026-06.csv,A3323800225225003,33955,residential_rate,0.08,effective_residential_rate,0.0792,< 0.08
l0_pce_rate_line_2026-06.csv,A3323800225225003,33956,residential_rate,0.08,effective_residential_rate,-0.0208,< 0.08
l0_pce_rate_line_2026-06.csv,A3318000225225003,34007,residential_rate,0,effective_residential_rate,0,< 0.08
l0_pce_rate_line_2026-06.csv,A3318000225225003,34008,residential_rate,0,effective_residential_rate,0,< 0.08
l0_pce_rate_line_2026-06.csv,A3312400325225003,34213,residential_rate,0,effective_residential_rate,0,< 0.08
l0_pce_rate_line_2026-06.csv,A3312500325225003,34216,residential_rate,0,effective_residential_rate,0,< 0.08
l0_pce_rate_line_2026-06.csv,A3312600325225003,34219,residential_rate,0,effective_residential_rate,0,< 0.08
l0_pce_rate_line_2026-06.csv,A3318000325225003,34222,residential_rate,0,effective_residential_rate,0,< 0.08
l0_pce_rate_line_2026-06.csv,A3312700325225003,34225,residential_rate,0,effective_residential_rate,0,< 0.08
l0_pce_rate_line_2026-06.csv,A3312800325225003,34228,residential_rate,0,effective_residential_rate,0,< 0.08
l0_pce_rate_line_2026-06.csv,A3312900325225003,34231,residential_rate,0,effective_residential_rate,0,< 0.08
l0_pce_rate_line_2026-06.csv,A3319500325225003,34234,residential_rate,0,effective_residential_rate,0,< 0.08
l0_pce_rate_line_2026-06.csv,A3313000325225003,34237,residential_rate,0,effective_residential_rate,0,< 0.08
l0_pce_rate_line_2026-06.csv,A3313100325225003,34240,residential_rate,0,effective_residential_rate,0,< 0.08
l0_pce_rate_line_2026-06.csv,A3313200325225003,34243,residential_rate,0,effective_residential_rate,0,< 0.08
l0_pce_rate_line_2026-06.csv,A3313300325225003,34246,residential_rate,0,effective_residential_rate,0,< 0.08
l0_pce_rate_line_2026-06.csv,A3313400325225003,34249,residential_rate,0,effective_residential_rate,0,< 0.08
l0_pce_rate_line_2026-06.csv,A3313500325225003,34252,residential_rate,0,effective_residential_rate,0,< 0.08
l0_pce_rate_line_2026-06.csv,A3313600325225003,34255,residential_rate,0,effective_residential_rate,0,< 0.08
l0_pce_rate_line_2026-06.csv,A3313700325225003,34258,residential_rate,0,effective_residential_rate,0,< 0.08
l0_pce_rate_line_2026-06.csv,A3313900325225003,34263,residential_rate,0,effective_residential_rate,0,< 0.08
l0_pce_rate_line_2026-06.csv,A3314000325225003,34266,residential_rate,0,effective_residential_rate,0,< 0.08
l0_pce_rate_line_2026-06.csv,A3314100325225003,34269,residential_rate,0,effective_residential_rate,0,< 0.08
l0_pce_rate_line_2026-06.csv,A3320900325225003,34272,residential_rate,0,effective_residential_rate,0,< 0.08
l0_pce_rate_line_2026-06.csv,A3321200325225003,34275,residential_rate,0,effective_residential_rate,0,< 0.08
l0_pce_rate_line_2026-06.csv,A3314200325225003,34278,residential_rate,0,effective_residential_rate,0,< 0.08
l0_pce_rate_line_2026-06.csv,A3314300325225003,34281,residential_rate,0,effective_residential_rate,0,< 0.08
l0_pce_rate_line_2026-06.csv,A3314400325225003,34284,residential_rate,0,effective_residential_rate,0,< 0.08
l0_pce_rate_line_2026-06.csv,A3314500325225003,34287,residential_rate,0,effective_residential_rate,0,< 0.08
l0_pce_rate_line_2026-06.csv,A3314600325225003,34290,residential_rate,0,effective_residential_rate,0,< 0.08
l0_pce_rate_line_2026-06.csv,A3314700325225003,34293,residential_rate,0,effective_residential_rate,0,< 0.08
l0_pce_rate_line_2026-06.csv,A3314800325225003,34296,residential_rate,0,effective_residential_rate,0,< 0.08
l0_pce_rate_line_2026-06.csv,A3314900325225003,34299,residential_rate,0,effective_residential_rate,0,< 0.08
l0_pce_rate_line_2026-06.csv,A3315000325225003,34302,residential_rate,0,effective_residential_rate,0,< 0.08
l0_pce_rate_line_2026-06.csv,A3315100325225003,34305,residential_rate,0,effective_residential_rate,0,< 0.08
l0_pce_rate_line_2026-06.csv,A3315200325225003,34308,residential_rate,0,effective_residential_rate,0,< 0.08
l0_pce_rate_line_2026-06.csv,A3315300325225003,34311,residential_rate,0,effective_residential_rate,0,< 0.08
l0_pce_rate_line_2026-06.csv,A3315400325225003,34314,residential_rate,0,effective_residential_rate,0,< 0.08
l0_pce_rate_line_2026-06.csv,A3315500325225003,34317,residential_rate,0,effective_residential_rate,0,< 0.08
l0_pce_rate_line_2026-06.csv,A3315600325225003,34320,residential_rate,0,effective_residential_rate,0,< 0.08
l0_pce_rate_line_2026-06.csv,A3315700325225003,34323,residential_rate,0,effective_residential_rate,0,< 0.08
l0_pce_rate_line_2026-06.csv,A3315800325225003,34326,residential_rate,0,effective_residential_rate,0,< 0.08
l0_pce_rate_line_2026-06.csv,A3315900325225003,34329,residential_rate,0,effective_residential_rate,0,< 0.08
l0_pce_rate_line_2026-06.csv,A3316000325225003,34332,residential_rate,0,effective_residential_rate,0,< 0.08
l0_pce_rate_line_2026-06.csv,A3316100325225003,34335,residential_rate,0,effective_residential_rate,0,< 0.08
l0_pce_rate_line_2026-06.csv,A3316200325225003,34338,residential_rate,0,effective_residential_rate,0,< 0.08
l0_pce_rate_line_2026-06.csv,A3316300325225003,34341,residential_rate,0,effective_residential_rate,0,< 0.08
l0_pce_rate_line_2026-06.csv,A3316400325225003,34344,residential_rate,0,effective_residential_rate,0,< 0.08
l0_pce_rate_line_2026-06.csv,A3316500325225003,34347,residential_rate,0,effective_residential_rate,0,< 0.08
l0_pce_rate_line_2026-06.csv,A3316600325225003,34350,residential_rate,0,effective_residential_rate,0,< 0.08
l0_pce_rate_line_2026-06.csv,A3316700325225003,34353,residential_rate,0,effective_residential_rate,0,< 0.08
l0_pce_rate_line_2026-06.csv,A3316800325225003,34356,residential_rate,0,effective_residential_rate,0,< 0.08
l0_pce_rate_line_2026-06.csv,A3316850325225003,34359,residential_rate,0,effective_residential_rate,0,< 0.08
l0_pce_rate_line_2026-06.csv,A3316900325225003,34362,residential_rate,0,effective_residential_rate,0,< 0.08
l0_pce_rate_line_2026-06.csv,A3317000325225003,34365,residential_rate,0,effective_residential_rate,0,< 0.08
l0_pce_rate_line_2026-06.csv,A3317100325225003,34368,residential_rate,0,effective_residential_rate,0,< 0.08
l0_pce_rate_line_2026-06.csv,A3327300325225003,34371,residential_rate,0,effective_residential_rate,0,< 0.08
l0_pce_rate_line_2026-06.csv,A3317300325225003,34376,residential_rate,0,effective_residential_rate,0,< 0.08
l0_pce_rate_line_2026-06.csv,A3329000325225003,34379,residential_rate,0,effective_residential_rate,0,< 0.08
l0_pce_rate_line_2026-06.csv,A3323800325225003,34439,residential_rate,0.08,effective_residential_rate,0.0792,< 0.08
l0_pce_rate_line_2026-06.csv,A3323800325225003,34440,residential_rate,0.08,effective_residential_rate,-0.0208,< 0.08
l0_pce_rate_line_2026-06.csv,A3322800525225003,34679,residential_rate,0,effective_residential_rate,0,< 0.08
l0_pce_rate_line_2026-06.csv,A3323800425225003,34699,residential_rate,0.08,effective_residential_rate,0.0792,< 0.08
l0_pce_rate_line_2026-06.csv,A3323800425225003,34700,residential_rate,0.08,effective_residential_rate,-0.0208,< 0.08
l0_pce_rate_line_2026-06.csv,A3323800525225003,34702,residential_rate,0.08,effective_residential_rate,0.0792,< 0.08
l0_pce_rate_line_2026-06.csv,A3323800525225003,34703,residential_rate,0.08,effective_residential_rate,-0.0208,< 0.08
l0_pce_rate_line_2026-06.csv,A3312400425225003,34719,residential_rate,0,effective_residential_rate,0,< 0.08
l0_pce_rate_line_2026-06.csv,A3318000425225003,34726,residential_rate,0,effective_residential_rate,0,< 0.08
l0_pce_rate_line_2026-06.csv,A3318000425225003,34727,residential_rate,0,effective_residential_rate,0,< 0.08
l0_pce_rate_line_2026-06.csv,A3312800425225003,34732,residential_rate,0,effective_residential_rate,0,< 0.08
l0_pce_rate_line_2026-06.csv,A3312900425225003,34735,residential_rate,0,effective_residential_rate,0,< 0.08
l0_pce_rate_line_2026-06.csv,A3313200425225003,34744,residential_rate,0,effective_residential_rate,0,< 0.08
l0_pce_rate_line_2026-06.csv,A3313700425225003,34755,residential_rate,0,effective_residential_rate,0,< 0.08
l0_pce_rate_line_2026-06.csv,A3314200425225003,34770,residential_rate,0,effective_residential_rate,0,< 0.08
l0_pce_rate_line_2026-06.csv,A3314300425225003,34773,residential_rate,0,effective_residential_rate,0,< 0.08
l0_pce_rate_line_2026-06.csv,A3315300425225003,34794,residential_rate,0,effective_residential_rate,0,< 0.08
l0_pce_rate_line_2026-06.csv,A3316900425225003,34829,residential_rate,0,effective_residential_rate,0,< 0.08
l0_pce_rate_line_2026-06.csv,A3317200425225003,34838,residential_rate,0,effective_residential_rate,0,< 0.08
l0_pce_rate_line_2026-06.csv,A3317300425225003,34841,residential_rate,0,effective_residential_rate,0,< 0.08
l0_pce_rate_line_2026-06.csv,A3328600525225003,34917,residential_rate,0,effective_residential_rate,0,< 0.08
l0_pce_rate_line_2026-06.csv,A3312400525225003,34934,residential_rate,0,effective_residential_rate,0,< 0.08
l0_pce_rate_line_2026-06.csv,A3312600525225003,34939,residential_rate,0,effective_residential_rate,0,< 0.08
l0_pce_rate_line_2026-06.csv,A3318000525225003,34942,residential_rate,0,effective_residential_rate,0,< 0.08
l0_pce_rate_line_2026-06.csv,A3318000525225003,34943,residential_rate,0,effective_residential_rate,0,< 0.08
l0_pce_rate_line_2026-06.csv,A3312800525225003,34948,residential_rate,0,effective_residential_rate,0,< 0.08
l0_pce_rate_line_2026-06.csv,A3313300525225003,34961,residential_rate,0,effective_residential_rate,0,< 0.08
l0_pce_rate_line_2026-06.csv,A3313600525225003,34968,residential_rate,0,effective_residential_rate,0,< 0.08
l0_pce_rate_line_2026-06.csv,A3313700525225003,34971,residential_rate,0,effective_residential_rate,0,< 0.08
l0_pce_rate_line_2026-06.csv,A3314000525225003,34978,residential_rate,0,effective_residential_rate,0,< 0.08
l0_pce_rate_line_2026-06.csv,A3314700525225003,34997,residential_rate,0,effective_residential_rate,0,< 0.08
l0_pce_rate_line_2026-06.csv,A3315200525225003,35008,residential_rate,0,effective_residential_rate,0,< 0.08
l0_pce_rate_line_2026-06.csv,A3316700525225003,35039,residential_rate,0,effective_residential_rate,0,< 0.08
l0_pce_rate_line_2026-06.csv,A3316850525225003,35044,residential_rate,0,effective_residential_rate,0,< 0.08
l0_pce_rate_line_2026-06.csv,A3317000525225003,35049,residential_rate,0,effective_residential_rate,0,< 0.08
l0_pce_rate_line_2026-06.csv,A3325600525225003,35194,residential_rate,0.57,effective_residential_rate,0.0791999999999999,< 0.08
l0_pce_rate_line_2026-06.csv,A3325600625225003,35197,residential_rate,0.57,effective_residential_rate,0.0791999999999999,< 0.08
l0_pce_rate_line_2026-06.csv,A3318000625225003,35214,residential_rate,0,effective_residential_rate,0,< 0.08
l0_pce_rate_line_2026-06.csv,A3312900625225003,35221,residential_rate,0,effective_residential_rate,0,< 0.08
l0_pce_rate_line_2026-06.csv,A3313300625225003,35232,residential_rate,0,effective_residential_rate,0,< 0.08
l0_pce_rate_line_2026-06.csv,A3313600625225003,35239,residential_rate,0,effective_residential_rate,0,< 0.08
l0_pce_rate_line_2026-06.csv,A3313700625225003,35242,residential_rate,0,effective_residential_rate,0,< 0.08
l0_pce_rate_line_2026-06.csv,A3316000625225003,35293,residential_rate,0,effective_residential_rate,0,< 0.08
l0_pce_rate_line_2026-06.csv,A3316100625225003,35296,residential_rate,0,effective_residential_rate,0,< 0.08
l0_pce_rate_line_2026-06.csv,A3316700625225003,35309,residential_rate,0,effective_residential_rate,0,< 0.08
l0_pce_rate_line_2026-06.csv,A3317300625225003,35326,residential_rate,0,effective_residential_rate,0,< 0.08
l0_pce_rate_line_2026-06.csv,A3310200725225003,35340,residential_rate,0,effective_residential_rate,0,< 0.08
l0_pce_rate_line_2026-06.csv,A3320500725225003,35357,residential_rate,0,effective_residential_rate,0,< 0.08
l0_pce_rate_line_2026-06.csv,A3328600725225003,35365,residential_rate,0,effective_residential_rate,0,< 0.08
l0_pce_rate_line_2026-06.csv,A3310300625225003,35390,residential_rate,0,effective_residential_rate,0,< 0.08
l0_pce_rate_line_2026-06.csv,A3310300725225003,35392,residential_rate,0,effective_residential_rate,0,< 0.08
l0_pce_rate_line_2026-06.csv,A3320500825225003,35423,residential_rate,0,effective_residential_rate,0,< 0.08
l0_pce_rate_line_2026-06.csv,A3312800725225003,35450,residential_rate,0,effective_residential_rate,0,< 0.08
l0_pce_rate_line_2026-06.csv,A3315000725225003,35501,residential_rate,0,effective_residential_rate,0,< 0.08
l0_pce_rate_line_2026-06.csv,A3323800625225003,35625,residential_rate,0.08,effective_residential_rate,0.0792,< 0.08
l0_pce_rate_line_2026-06.csv,A3323800625225003,35626,residential_rate,0.08,effective_residential_rate,-0.0208,< 0.08
l0_pce_rate_line_2026-06.csv,A3323800725225003,35693,residential_rate,0.08,effective_residential_rate,0.0792,< 0.08
l0_pce_rate_line_2026-06.csv,A3323800725225003,35694,residential_rate,0.08,effective_residential_rate,-0.0208,< 0.08
l0_pce_rate_line_2026-06.csv,A3311100925225003,35764,residential_rate,0,effective_residential_rate,0,< 0.08
l0_pce_rate_line_2026-06.csv,A3312400825225003,35792,residential_rate,0,effective_residential_rate,0,< 0.08
l0_pce_rate_line_2026-06.csv,A3312500825225003,35795,residential_rate,0,effective_residential_rate,0,< 0.08
l0_pce_rate_line_2026-06.csv,A3318000825225003,35800,residential_rate,0,effective_residential_rate,0,< 0.08
l0_pce_rate_line_2026-06.csv,A3318000825225003,35801,residential_rate,0,effective_residential_rate,0,< 0.08
l0_pce_rate_line_2026-06.csv,A3313100825225003,35814,residential_rate,0,effective_residential_rate,0,< 0.08
l0_pce_rate_line_2026-06.csv,A3313500825225003,35823,residential_rate,0,effective_residential_rate,0,< 0.08
l0_pce_rate_line_2026-06.csv,A3313800825225003,35830,residential_rate,0,effective_residential_rate,0,< 0.08
l0_pce_rate_line_2026-06.csv,A3314600825225003,35851,residential_rate,0,effective_residential_rate,0,< 0.08
l0_pce_rate_line_2026-06.csv,A3314700825225003,35854,residential_rate,0,effective_residential_rate,0,< 0.08
l0_pce_rate_line_2026-06.csv,A3316500825225003,35891,residential_rate,0,effective_residential_rate,0,< 0.08
l0_pce_rate_line_2026-06.csv,A3316600825225003,35894,residential_rate,0,effective_residential_rate,0,< 0.08
l0_pce_rate_line_2026-06.csv,A3316700825225003,35897,residential_rate,0,effective_residential_rate,0,< 0.08
l0_pce_rate_line_2026-06.csv,A3316800825225003,35900,residential_rate,0,effective_residential_rate,0,< 0.08
l0_pce_rate_line_2026-06.csv,A3317000825225003,35907,residential_rate,0,effective_residential_rate,0,< 0.08
l0_pce_rate_line_2026-06.csv,A3317100825225003,35910,residential_rate,0,effective_residential_rate,0,< 0.08
l0_pce_rate_line_2026-06.csv,A3317200825225003,35915,residential_rate,0,effective_residential_rate,0,< 0.08
l0_pce_rate_line_2026-06.csv,A3329000825225003,35920,residential_rate,0,effective_residential_rate,0,< 0.08
l0_pce_rate_line_2026-06.csv,A3311800925225003,35923,residential_rate,0,effective_residential_rate,0,< 0.08
l0_pce_rate_line_2026-06.csv,A3318000925225003,35969,residential_rate,0,effective_residential_rate,0,< 0.08
l0_pce_rate_line_2026-06.csv,A3318000925225003,35970,residential_rate,0,effective_residential_rate,0,< 0.08
l0_pce_rate_line_2026-06.csv,A3313600925225003,35993,residential_rate,0,effective_residential_rate,0,< 0.08
l0_pce_rate_line_2026-06.csv,A3315200925225003,36030,residential_rate,0,effective_residential_rate,0,< 0.08
l0_pce_rate_line_2026-06.csv,A3315900925225003,36045,residential_rate,0,effective_residential_rate,0,< 0.08
l0_pce_rate_line_2026-06.csv,A3316200925225003,36052,residential_rate,0,effective_residential_rate,0,< 0.08
l0_pce_rate_line_2026-06.csv,A3317200925225003,36077,residential_rate,0,effective_residential_rate,0,< 0.08
l0_pce_rate_line_2026-06.csv,A3317300925225003,36080,residential_rate,0,effective_residential_rate,0,< 0.08
l0_pce_rate_line_2026-06.csv,A3323800825225003,36097,residential_rate,0.08,effective_residential_rate,0.0792,< 0.08
l0_pce_rate_line_2026-06.csv,A3323800825225003,36098,residential_rate,0.08,effective_residential_rate,-0.0208,< 0.08
l0_pce_rate_line_2026-06.csv,A3328601025225003,36236,residential_rate,0,effective_residential_rate,0,< 0.08
l0_pce_rate_line_2026-06.csv,A3321501125225003,36261,residential_rate,0.62,effective_residential_rate,0.0692,< 0.08
l0_pce_rate_line_2026-06.csv,A3318001025225003,36282,residential_rate,0,effective_residential_rate,0,< 0.08
l0_pce_rate_line_2026-06.csv,A3315501025225003,36337,residential_rate,0,effective_residential_rate,0,< 0.08
l0_pce_rate_line_2026-06.csv,A3321501225225003,36520,residential_rate,0.62,effective_residential_rate,0.0692,< 0.08
l0_pce_rate_line_2026-06.csv,A3312401125225003,36527,residential_rate,0,effective_residential_rate,0,< 0.08
l0_pce_rate_line_2026-06.csv,A3312601125225003,36532,residential_rate,0,effective_residential_rate,0,< 0.08
l0_pce_rate_line_2026-06.csv,A3318001125225003,36535,residential_rate,0,effective_residential_rate,0,< 0.08
l0_pce_rate_line_2026-06.csv,A3313601125225003,36558,residential_rate,0,effective_residential_rate,0,< 0.08
l0_pce_rate_line_2026-06.csv,A3313901125225003,36565,residential_rate,0,effective_residential_rate,0,< 0.08
l0_pce_rate_line_2026-06.csv,A3314001125225003,36568,residential_rate,0,effective_residential_rate,0,< 0.08
l0_pce_rate_line_2026-06.csv,A3314501125225003,36583,residential_rate,0,effective_residential_rate,0,< 0.08
l0_pce_rate_line_2026-06.csv,A3314601125225003,36586,residential_rate,0,effective_residential_rate,0,< 0.08
l0_pce_rate_line_2026-06.csv,A3314901125225003,36593,residential_rate,0,effective_residential_rate,0,< 0.08
l0_pce_rate_line_2026-06.csv,A3316201125225003,36620,residential_rate,0,effective_residential_rate,0,< 0.08
l0_pce_rate_line_2026-06.csv,A3316501125225003,36627,residential_rate,0,effective_residential_rate,0,< 0.08
l0_pce_rate_line_2026-06.csv,A3316851125225003,36636,residential_rate,0,effective_residential_rate,0,< 0.08
l0_pce_rate_line_2026-06.csv,A3316901125225003,36639,residential_rate,0,effective_residential_rate,0,< 0.08
l0_pce_rate_line_2026-06.csv,A3317301125225003,36650,residential_rate,0,effective_residential_rate,0,< 0.08
l0_pce_rate_line_2026-06.csv,A3315801225225003,36771,residential_rate,0,effective_residential_rate,0,< 0.08
l0_pce_rate_line_2026-06.csv,A3315901225225003,36774,residential_rate,0,effective_residential_rate,0,< 0.08
l0_pce_rate_line_2026-06.csv,A3316701225225003,36791,residential_rate,0,effective_residential_rate,0,< 0.08
l0_pce_rate_line_2026-06.csv,A3316901225225003,36798,residential_rate,0,effective_residential_rate,0,< 0.08
l0_pce_rate_line_2026-06.csv,A3317201225225003,36807,residential_rate,0,effective_residential_rate,0,< 0.08
l0_pce_rate_line_2026-06.csv,A3317301225225003,36810,residential_rate,0,effective_residential_rate,0,< 0.08
l0_pce_rate_line_2026-06.csv,A3315101225225003,36821,residential_rate,0,effective_residential_rate,0,< 0.08
l0_pce_rate_line_2026-06.csv,A3315001225225003,36824,residential_rate,0,effective_residential_rate,0,< 0.08
l0_pce_rate_line_2026-06.csv,A3320901225225003,36845,residential_rate,0,effective_residential_rate,0,< 0.08
l0_pce_rate_line_2026-06.csv,A3313701225225003,36856,residential_rate,0,effective_residential_rate,0,< 0.08
l0_pce_rate_line_2026-06.csv,A3313601225225003,36859,residential_rate,0,effective_residential_rate,0,< 0.08
l0_pce_rate_line_2026-06.csv,A3313201225225003,36868,residential_rate,0,effective_residential_rate,0,< 0.08
l0_pce_rate_line_2026-06.csv,A3312901225225003,36877,residential_rate,0,effective_residential_rate,0,< 0.08
l0_pce_rate_line_2026-06.csv,A3318001225225003,36884,residential_rate,0,effective_residential_rate,0,< 0.08
l0_pce_rate_line_2026-06.csv,A3323800925225003,36911,residential_rate,0.08,effective_residential_rate,0.0792,< 0.08
l0_pce_rate_line_2026-06.csv,A3323800925225003,36912,residential_rate,0.08,effective_residential_rate,-0.0208,< 0.08
l0_pce_rate_line_2026-06.csv,A3318000126225003,37050,residential_rate,0,effective_residential_rate,0,< 0.08
l0_pce_rate_line_2026-06.csv,A3321500226225003,37220,residential_rate,0.62,effective_residential_rate,0.0738,< 0.08
l0_pce_rate_line_2026-06.csv,A3321500326225003,37306,residential_rate,0.62,effective_residential_rate,0.0738,< 0.08
l0_pce_rate_line_2026-06.csv,A3318000226225003,37328,residential_rate,0,effective_residential_rate,0,< 0.08
l0_pce_rate_line_2026-06.csv,A3312800226225003,37333,residential_rate,0,effective_residential_rate,0,< 0.08
l0_pce_rate_line_2026-06.csv,A3319500226225003,37338,residential_rate,0,effective_residential_rate,0,< 0.08
l0_pce_rate_line_2026-06.csv,A3320900226225003,37365,residential_rate,0,effective_residential_rate,0,< 0.08
l0_pce_rate_line_2026-06.csv,A3321200226225003,37368,residential_rate,0,effective_residential_rate,0,< 0.08
l0_pce_rate_line_2026-06.csv,A3314500226225003,37377,residential_rate,0,effective_residential_rate,0,< 0.08
l0_pce_rate_line_2026-06.csv,A3315600226225003,37400,residential_rate,0,effective_residential_rate,0,< 0.08
l0_pce_rate_line_2026-06.csv,A3316100226225003,37411,residential_rate,0,effective_residential_rate,0,< 0.08
l0_pce_rate_line_2026-06.csv,A3316500226225003,37420,residential_rate,0,effective_residential_rate,0,< 0.08
l0_pce_rate_line_2026-06.csv,A3316600226225003,37423,residential_rate,0,effective_residential_rate,0,< 0.08
l0_pce_rate_line_2026-06.csv,A3316700226225003,37426,residential_rate,0,effective_residential_rate,0,< 0.08
l0_pce_rate_line_2026-06.csv,A3316900226225003,37433,residential_rate,0,effective_residential_rate,0,< 0.08
l0_pce_rate_line_2026-06.csv,A3317300226225003,37444,residential_rate,0,effective_residential_rate,0,< 0.08
l0_pce_rate_line_2026-06.csv,A3329000226225003,37447,residential_rate,0,effective_residential_rate,0,< 0.08
l0_pce_rate_line_2026-06.csv,A3328600226225003,37457,residential_rate,0,effective_residential_rate,0,< 0.08
l0_pce_rate_line_2026-06.csv,A3316100326225003,37557,residential_rate,0,effective_residential_rate,0,< 0.08
l0_pce_rate_line_2026-06.csv,A3316600326225003,37567,residential_rate,0.6451,effective_residential_rate,0.00949999999999995,< 0.08
l0_pce_rate_line_2026-06.csv,A3323801025225003,37613,residential_rate,0.0818,effective_residential_rate,-0.019,< 0.08
l0_pce_rate_line_2026-06.csv,A3323801125225003,37616,residential_rate,0.0818,effective_residential_rate,-0.019,< 0.08
l0_pce_rate_line_2026-06.csv,A3323801225225003,37618,residential_rate,0.08,effective_residential_rate,0.0792,< 0.08
l0_pce_rate_line_2026-06.csv,A3323801225225003,37619,residential_rate,0.08,effective_residential_rate,-0.0208,< 0.08
l0_pce_rate_line_2026-06.csv,A3321500426225003,37747,residential_rate,0.62,effective_residential_rate,0.0738,< 0.08
l0_pce_rate_line_2026-06.csv,A3321500526225003,37926,residential_rate,0.62,effective_residential_rate,0.0738,< 0.08
l0_pce_rate_line_2026-06.csv,A3328600526225003,37939,residential_rate,0,effective_residential_rate,0,< 0.08
l0_pce_rate_line_2026-06.csv,A3323800126225003,37988,residential_rate,0.08,effective_residential_rate,-0.0162,< 0.08
l0_pce_rate_line_2026-06.csv,A3323800226225003,37990,residential_rate,0.08,effective_residential_rate,-0.0162,< 0.08
l0_pce_rate_line_2026-06.csv,A3323800326225003,37992,residential_rate,0.08,effective_residential_rate,-0.0162,< 0.08
l0_pce_rate_line_2026-06.csv,A3321500626225003,38010,residential_rate,0.62,effective_residential_rate,0.0738,< 0.08
l0_pce_rate_line_2026-06.csv,A3312400426225003,38044,residential_rate,0,effective_residential_rate,0,< 0.08
l0_pce_rate_line_2026-06.csv,A3312600426225003,38049,residential_rate,0,effective_residential_rate,0,< 0.08
l0_pce_rate_line_2026-06.csv,A3318000426225003,38052,residential_rate,0,effective_residential_rate,0,< 0.08
l0_pce_rate_line_2026-06.csv,A3318000426225003,38053,residential_rate,0,effective_residential_rate,0,< 0.08
l0_pce_rate_line_2026-06.csv,A3312700426225003,38056,residential_rate,0,effective_residential_rate,0,< 0.08
l0_pce_rate_line_2026-06.csv,A3313400426225003,38073,residential_rate,0,effective_residential_rate,0,< 0.08
l0_pce_rate_line_2026-06.csv,A3314100426225003,38088,residential_rate,0,effective_residential_rate,0,< 0.08
l0_pce_rate_line_2026-06.csv,A3320900426225003,38091,residential_rate,0,effective_residential_rate,0,< 0.08
l0_pce_rate_line_2026-06.csv,A3314900426225003,38110,residential_rate,0,effective_residential_rate,0,< 0.08
l0_pce_rate_line_2026-06.csv,A3315000426225003,38113,residential_rate,0,effective_residential_rate,0,< 0.08
l0_pce_rate_line_2026-06.csv,A3315200426225003,38118,residential_rate,0,effective_residential_rate,0,< 0.08
l0_pce_rate_line_2026-06.csv,A3315300426225003,38121,residential_rate,0,effective_residential_rate,0,< 0.08
l0_pce_rate_line_2026-06.csv,A3316500426225003,38146,residential_rate,0,effective_residential_rate,0,< 0.08
l0_pce_rate_line_2026-06.csv,A3316600426225003,38148,residential_rate,0.6451,effective_residential_rate,0.00949999999999995,< 0.08
l0_pce_rate_line_2026-06.csv,A3316600426225003,38149,residential_rate,0,effective_residential_rate,0,< 0.08
l0_pce_rate_line_2026-06.csv,A3317200426225003,38166,residential_rate,0,effective_residential_rate,0,< 0.08
l0_pce_rate_line_2026-06.csv,A3322200626225003,38213,residential_rate,0,effective_residential_rate,0,< 0.08
l0_pce_rate_line_2026-06.csv,A3323800426225003,38231,residential_rate,0.08,effective_residential_rate,-0.0162,< 0.08
l0_pce_rate_line_2026-06.csv,A3328900726225003,38245,residential_rate,0,effective_residential_rate,0,< 0.08
l0_pce_rate_line_2026-06.csv,A3321500726225003,38274,residential_rate,0.62,effective_residential_rate,0.0738,< 0.08
l0_pce_rate_line_2026-06.csv,A3312400526225003,38290,residential_rate,0,effective_residential_rate,0,< 0.08
l0_pce_rate_line_2026-06.csv,A3312500526225003,38293,residential_rate,0,effective_residential_rate,0,< 0.08
l0_pce_rate_line_2026-06.csv,A3312600526225003,38296,residential_rate,0,effective_residential_rate,0,< 0.08
l0_pce_rate_line_2026-06.csv,A3318000526225003,38299,residential_rate,0,effective_residential_rate,0,< 0.08
l0_pce_rate_line_2026-06.csv,A3312700526225003,38302,residential_rate,0,effective_residential_rate,0,< 0.08
l0_pce_rate_line_2026-06.csv,A3312800526225003,38305,residential_rate,0,effective_residential_rate,0,< 0.08
l0_pce_rate_line_2026-06.csv,A3312900526225003,38308,residential_rate,0,effective_residential_rate,0,< 0.08
l0_pce_rate_line_2026-06.csv,A3319500526225003,38311,residential_rate,0,effective_residential_rate,0,< 0.08
l0_pce_rate_line_2026-06.csv,A3313000526225003,38314,residential_rate,0,effective_residential_rate,0,< 0.08
l0_pce_rate_line_2026-06.csv,A3313000526225003,38315,residential_rate,0,effective_residential_rate,0,< 0.08
l0_pce_rate_line_2026-06.csv,A3313100526225003,38318,residential_rate,0,effective_residential_rate,0,< 0.08
l0_pce_rate_line_2026-06.csv,A3313200526225003,38321,residential_rate,0,effective_residential_rate,0,< 0.08
l0_pce_rate_line_2026-06.csv,A3313300526225003,38324,residential_rate,0,effective_residential_rate,0,< 0.08
l0_pce_rate_line_2026-06.csv,A3313400526225003,38327,residential_rate,0,effective_residential_rate,0,< 0.08
l0_pce_rate_line_2026-06.csv,A3313600526225003,38332,residential_rate,0,effective_residential_rate,0,< 0.08
l0_pce_rate_line_2026-06.csv,A3313900526225003,38339,residential_rate,0,effective_residential_rate,0,< 0.08
l0_pce_rate_line_2026-06.csv,A3314000526225003,38342,residential_rate,0,effective_residential_rate,0,< 0.08
l0_pce_rate_line_2026-06.csv,A3314100526225003,38345,residential_rate,0,effective_residential_rate,0,< 0.08
l0_pce_rate_line_2026-06.csv,A3320900526225003,38348,residential_rate,0,effective_residential_rate,0,< 0.08
l0_pce_rate_line_2026-06.csv,A3321200526225003,38351,residential_rate,0,effective_residential_rate,0,< 0.08
l0_pce_rate_line_2026-06.csv,A3314200526225003,38354,residential_rate,0,effective_residential_rate,0,< 0.08
l0_pce_rate_line_2026-06.csv,A3314300526225003,38357,residential_rate,0,effective_residential_rate,0,< 0.08
l0_pce_rate_line_2026-06.csv,A3314400526225003,38360,residential_rate,0,effective_residential_rate,0,< 0.08
l0_pce_rate_line_2026-06.csv,A3314500526225003,38363,residential_rate,0,effective_residential_rate,0,< 0.08
l0_pce_rate_line_2026-06.csv,A3314600526225003,38366,residential_rate,0,effective_residential_rate,0,< 0.08
l0_pce_rate_line_2026-06.csv,A3314700526225003,38369,residential_rate,0,effective_residential_rate,0,< 0.08
l0_pce_rate_line_2026-06.csv,A3315000526225003,38376,residential_rate,0,effective_residential_rate,0,< 0.08
l0_pce_rate_line_2026-06.csv,A3315100526225003,38379,residential_rate,0,effective_residential_rate,0,< 0.08
l0_pce_rate_line_2026-06.csv,A3315200526225003,38382,residential_rate,0,effective_residential_rate,0,< 0.08
l0_pce_rate_line_2026-06.csv,A3315300526225003,38385,residential_rate,0,effective_residential_rate,0,< 0.08
l0_pce_rate_line_2026-06.csv,A3315400526225003,38388,residential_rate,0,effective_residential_rate,0,< 0.08
l0_pce_rate_line_2026-06.csv,A3315500526225003,38391,residential_rate,0,effective_residential_rate,0,< 0.08
l0_pce_rate_line_2026-06.csv,A3315600526225003,38394,residential_rate,0,effective_residential_rate,0,< 0.08
l0_pce_rate_line_2026-06.csv,A3315700526225003,38397,residential_rate,0,effective_residential_rate,0,< 0.08
l0_pce_rate_line_2026-06.csv,A3315900526225003,38402,residential_rate,0,effective_residential_rate,0,< 0.08
l0_pce_rate_line_2026-06.csv,A3316000526225003,38405,residential_rate,0,effective_residential_rate,0,< 0.08
l0_pce_rate_line_2026-06.csv,A3316200526225003,38410,residential_rate,0,effective_residential_rate,0,< 0.08
l0_pce_rate_line_2026-06.csv,A3316300526225003,38413,residential_rate,0,effective_residential_rate,0,< 0.08
l0_pce_rate_line_2026-06.csv,A3316400526225003,38416,residential_rate,0,effective_residential_rate,0,< 0.08
l0_pce_rate_line_2026-06.csv,A3316500526225003,38419,residential_rate,0,effective_residential_rate,0,< 0.08
l0_pce_rate_line_2026-06.csv,A3316600526225003,38421,residential_rate,0.6451,effective_residential_rate,0.00949999999999995,< 0.08
l0_pce_rate_line_2026-06.csv,A3316600526225003,38422,residential_rate,0,effective_residential_rate,0,< 0.08
l0_pce_rate_line_2026-06.csv,A3316700526225003,38425,residential_rate,0,effective_residential_rate,0,< 0.08
l0_pce_rate_line_2026-06.csv,A3316800526225003,38428,residential_rate,0,effective_residential_rate,0,< 0.08
l0_pce_rate_line_2026-06.csv,A3316850526225003,38431,residential_rate,0,effective_residential_rate,0,< 0.08
l0_pce_rate_line_2026-06.csv,A3316900526225003,38434,residential_rate,0,effective_residential_rate,0,< 0.08
l0_pce_rate_line_2026-06.csv,A3317000526225003,38437,residential_rate,0,effective_residential_rate,0,< 0.08
l0_pce_rate_line_2026-06.csv,A3317100526225003,38440,residential_rate,0,effective_residential_rate,0,< 0.08
l0_pce_rate_line_2026-06.csv,A3327300526225003,38443,residential_rate,0,effective_residential_rate,0,< 0.08
l0_pce_rate_line_2026-06.csv,A3317200526225003,38446,residential_rate,0,effective_residential_rate,0,< 0.08
l0_pce_rate_line_2026-06.csv,A3317300526225003,38449,residential_rate,0,effective_residential_rate,0,< 0.08
l0_pce_rate_line_2026-06.csv,A3323800526225003,38475,residential_rate,0.08,effective_residential_rate,-0.0162,< 0.08
l0_pce_rate_line_2026-06.csv,A3323800626225003,38686,residential_rate,0.08,effective_residential_rate,-0.0162,< 0.08
l0_pce_rate_line_2026-06.csv,A3323800726225003,38721,residential_rate,0.08,effective_residential_rate,-0.0162,< 0.08
l0_pce_rate_line_2026-06.csv,A3315000626225003,38786,residential_rate,0,effective_residential_rate,0,< 0.08
l0_pce_rate_line_2026-06.csv,A3318000626225003,38841,residential_rate,0,effective_residential_rate,0,< 0.08
l0_pce_rate_line_2026-06.csv,A3318000626225003,38842,residential_rate,0,effective_residential_rate,0,< 0.08
l0_pce_rate_line_2026-06.csv,A3312500726225003,38952,residential_rate,0,effective_residential_rate,0,< 0.08
l0_pce_rate_line_2026-06.csv,A3312600726225003,38955,residential_rate,0,effective_residential_rate,0,< 0.08
l0_pce_rate_line_2026-06.csv,A3318000726225003,38958,residential_rate,0,effective_residential_rate,0,< 0.08
l0_pce_rate_line_2026-06.csv,A3312800726225003,38963,residential_rate,0,effective_residential_rate,0,< 0.08
l0_pce_rate_line_2026-06.csv,A3312900726225003,38966,residential_rate,0,effective_residential_rate,0,< 0.08
l0_pce_rate_line_2026-06.csv,A3319500726225003,38969,residential_rate,0,effective_residential_rate,0,< 0.08
l0_pce_rate_line_2026-06.csv,A3313000726225003,38972,residential_rate,0,effective_residential_rate,0,< 0.08
l0_pce_rate_line_2026-06.csv,A3313100726225003,38975,residential_rate,0,effective_residential_rate,0,< 0.08
l0_pce_rate_line_2026-06.csv,A3313200726225003,38978,residential_rate,0,effective_residential_rate,0,< 0.08
l0_pce_rate_line_2026-06.csv,A3313300726225003,38981,residential_rate,0,effective_residential_rate,0,< 0.08
l0_pce_rate_line_2026-06.csv,A3313500726225003,38986,residential_rate,0,effective_residential_rate,0,< 0.08
l0_pce_rate_line_2026-06.csv,A3313600726225003,38989,residential_rate,0,effective_residential_rate,0,< 0.08
l0_pce_rate_line_2026-06.csv,A3313700726225003,38992,residential_rate,0,effective_residential_rate,0,< 0.08
l0_pce_rate_line_2026-06.csv,A3313800726225003,38995,residential_rate,0,effective_residential_rate,0,< 0.08
l0_pce_rate_line_2026-06.csv,A3313900726225003,38998,residential_rate,0,effective_residential_rate,0,< 0.08
l0_pce_rate_line_2026-06.csv,A3314000726225003,39001,residential_rate,0,effective_residential_rate,0,< 0.08
l0_pce_rate_line_2026-06.csv,A3314200726225003,39010,residential_rate,0,effective_residential_rate,0,< 0.08
l0_pce_rate_line_2026-06.csv,A3314300726225003,39013,residential_rate,0,effective_residential_rate,0,< 0.08
l0_pce_rate_line_2026-06.csv,A3314400726225003,39016,residential_rate,0,effective_residential_rate,0,< 0.08
l0_pce_rate_line_2026-06.csv,A3314700726225003,39023,residential_rate,0,effective_residential_rate,0,< 0.08
l0_pce_rate_line_2026-06.csv,A3314800726225003,39026,residential_rate,0,effective_residential_rate,0,< 0.08
l0_pce_rate_line_2026-06.csv,A3315100726225003,39033,residential_rate,0,effective_residential_rate,0,< 0.08
l0_pce_rate_line_2026-06.csv,A3315200726225003,39036,residential_rate,0,effective_residential_rate,0,< 0.08
l0_pce_rate_line_2026-06.csv,A3315300726225003,39039,residential_rate,0,effective_residential_rate,0,< 0.08
l0_pce_rate_line_2026-06.csv,A3315400726225003,39042,residential_rate,0,effective_residential_rate,0,< 0.08
l0_pce_rate_line_2026-06.csv,A3315500726225003,39045,residential_rate,0,effective_residential_rate,0,< 0.08
l0_pce_rate_line_2026-06.csv,A3315800726225003,39052,residential_rate,0,effective_residential_rate,0,< 0.08
l0_pce_rate_line_2026-06.csv,A3315900726225003,39055,residential_rate,0,effective_residential_rate,0,< 0.08
l0_pce_rate_line_2026-06.csv,A3316000726225003,39058,residential_rate,0,effective_residential_rate,0,< 0.08
l0_pce_rate_line_2026-06.csv,A3316100726225003,39061,residential_rate,0,effective_residential_rate,0,< 0.08
l0_pce_rate_line_2026-06.csv,A3316200726225003,39064,residential_rate,0,effective_residential_rate,0,< 0.08
l0_pce_rate_line_2026-06.csv,A3316300726225003,39067,residential_rate,0,effective_residential_rate,0,< 0.08
l0_pce_rate_line_2026-06.csv,A3316400726225003,39070,residential_rate,0,effective_residential_rate,0,< 0.08
l0_pce_rate_line_2026-06.csv,A3316700726225003,39077,residential_rate,0,effective_residential_rate,0,< 0.08
l0_pce_rate_line_2026-06.csv,A3316800726225003,39080,residential_rate,0,effective_residential_rate,0,< 0.08
l0_pce_rate_line_2026-06.csv,A3316850726225003,39083,residential_rate,0,effective_residential_rate,0,< 0.08
l0_pce_rate_line_2026-06.csv,A3316900726225003,39086,residential_rate,0,effective_residential_rate,0,< 0.08
l0_pce_rate_line_2026-06.csv,A3317000726225003,39089,residential_rate,0,effective_residential_rate,0,< 0.08
l0_pce_rate_line_2026-06.csv,A3317100726225003,39092,residential_rate,0,effective_residential_rate,0,< 0.08
l0_pce_rate_line_2026-06.csv,A3317200726225003,39097,residential_rate,0,effective_residential_rate,0,< 0.08
l0_pce_rate_line_2026-06.csv,A3317300726225003,39100,residential_rate,0,effective_residential_rate,0,< 0.08
l0_pce_rate_line_2026-06.csv,A3329000726225003,39103,residential_rate,0,effective_residential_rate,0,< 0.08
l0_pce_rate_line_2026-06.csv,A3323800826225003,39161,residential_rate,0.08,effective_residential_rate,-0.0162,< 0.08
l0_pce_rate_line_2026-06.csv,A3312400826225003,39188,residential_rate,0,effective_residential_rate,0,< 0.08
l0_pce_rate_line_2026-06.csv,A3312600826225003,39193,residential_rate,0,effective_residential_rate,0,< 0.08
l0_pce_rate_line_2026-06.csv,A3318000826225003,39196,residential_rate,0,effective_residential_rate,0,< 0.08
l0_pce_rate_line_2026-06.csv,A3314100826225003,39229,residential_rate,0,effective_residential_rate,0,< 0.08
l0_pce_rate_line_2026-06.csv,A3320900826225003,39232,residential_rate,0,effective_residential_rate,0,< 0.08
l0_pce_rate_line_2026-06.csv,A3314600826225003,39245,residential_rate,0,effective_residential_rate,0,< 0.08
l0_pce_rate_line_2026-06.csv,A3314900826225003,39252,residential_rate,0,effective_residential_rate,0,< 0.08
l0_pce_rate_line_2026-06.csv,A3315000826225003,39255,residential_rate,0,effective_residential_rate,0,< 0.08
l0_pce_rate_line_2026-06.csv,A3315700826225003,39270,residential_rate,0,effective_residential_rate,0,< 0.08
l0_pce_rate_line_2026-06.csv,A3316200826225003,39281,residential_rate,0,effective_residential_rate,0,< 0.08
l0_pce_rate_line_2026-06.csv,A3316500826225003,39288,residential_rate,0,effective_residential_rate,0,< 0.08
l0_pce_rate_line_2026-06.csv,A3316700826225003,39293,residential_rate,0,effective_residential_rate,0,< 0.08
l0_pce_rate_line_2026-06.csv,A3317100826225003,39303,residential_rate,0.2941,effective_residential_rate,-0.0143,< 0.08
l0_pce_rate_line_2026-06.csv,A3317200826225003,39308,residential_rate,0,effective_residential_rate,0,< 0.08
l0_pce_rate_line_2026-06.csv,A3312400926225003,39356,residential_rate,0,effective_residential_rate,0,< 0.08
l0_pce_rate_line_2026-06.csv,A3312600926225003,39361,residential_rate,0,effective_residential_rate,0,< 0.08
l0_pce_rate_line_2026-06.csv,A3318000926225003,39364,residential_rate,0,effective_residential_rate,0,< 0.08
l0_pce_rate_line_2026-06.csv,A3313400926225003,39383,residential_rate,0,effective_residential_rate,0,< 0.08
l0_pce_rate_line_2026-06.csv,A3313500926225003,39386,residential_rate,0,effective_residential_rate,0,< 0.08
l0_pce_rate_line_2026-06.csv,A3314100926225003,39399,residential_rate,0,effective_residential_rate,0,< 0.08
l0_pce_rate_line_2026-06.csv,A3320900926225003,39402,residential_rate,0,effective_residential_rate,0,< 0.08
l0_pce_rate_line_2026-06.csv,A3314600926225003,39415,residential_rate,0,effective_residential_rate,0,< 0.08
l0_pce_rate_line_2026-06.csv,A3314900926225003,39422,residential_rate,0,effective_residential_rate,0,< 0.08
l0_pce_rate_line_2026-06.csv,A3315000926225003,39425,residential_rate,0,effective_residential_rate,0,< 0.08
l0_pce_rate_line_2026-06.csv,A3315200926225003,39430,residential_rate,0,effective_residential_rate,0,< 0.08
l0_pce_rate_line_2026-06.csv,A3315600926225003,39439,residential_rate,0,effective_residential_rate,0,< 0.08
l0_pce_rate_line_2026-06.csv,A3315700926225003,39442,residential_rate,0,effective_residential_rate,0,< 0.08
l0_pce_rate_line_2026-06.csv,A3316200926225003,39453,residential_rate,0,effective_residential_rate,0,< 0.08
l0_pce_rate_line_2026-06.csv,A3316300926225003,39456,residential_rate,0,effective_residential_rate,0,< 0.08
l0_pce_rate_line_2026-06.csv,A3316500926225003,39461,residential_rate,0,effective_residential_rate,0,< 0.08
l0_pce_rate_line_2026-06.csv,A3316600926225003,39464,residential_rate,0,effective_residential_rate,0,< 0.08
l0_pce_rate_line_2026-06.csv,A3317100926225003,39476,residential_rate,0.2941,effective_residential_rate,-0.0143,< 0.08
l0_pce_rate_line_2026-06.csv,A3327300926225003,39479,residential_rate,0,effective_residential_rate,0,< 0.08
l0_pce_rate_line_2026-06.csv,A3323700321225003,19845,residential_rate,3.6313,effective_residential_rate,3.6313,> 2.5
l0_pce_rate_line_2026-06.csv,A3325601023225003,29588,residential_rate,57,effective_residential_rate,56.6258,> 2.5
l0_pce_rate_line_2026-06.csv,A3325601023225003,29589,residential_rate,57,effective_residential_rate,56.5558,> 2.5
l0_pce_rate_line_2026-06.csv,A3324401223225003,30191,residential_rate,9.99,effective_residential_rate,9.8006,> 2.5
l0_pce_rate_line_2026-06.csv,A3324401223225003,30192,residential_rate,9.99,effective_residential_rate,9.7406,> 2.5
l0_pce_rate_line_2026-06.csv,A3324401223225003,30193,residential_rate,9.99,effective_residential_rate,9.99,> 2.5
l0_pce_rate_line_2026-06.csv,A3325001223225003,30195,residential_rate,9.99,effective_residential_rate,9.5348,> 2.5
l0_pce_rate_line_2026-06.csv,A3325001223225003,30196,residential_rate,9.99,effective_residential_rate,9.99,> 2.5
l0_pce_rate_line_2026-06.csv,A3321000125225003,33880,residential_rate,99,effective_residential_rate,99,> 2.5
l0_pce_rate_line_2026-06.csv,A3317800126225003,36949,residential_rate,99.99,effective_residential_rate,99.5292,> 2.5
l0_pce_rate_line_2026-06.csv,A3321500126225003,36957,residential_rate,99.99,effective_residential_rate,99.5692,> 2.5
l0_pce_rate_line_2026-06.csv,A3321500126225003,36958,residential_rate,99.99,effective_residential_rate,99.4392,> 2.5
l0_pce_rate_line_2026-06.csv,A3327100126225003,37289,residential_rate,99.99,effective_residential_rate,99.4392,> 2.5
l0_pce_rate_line_2026-06.csv,A3328600226225003,37453,residential_rate,99.99,effective_residential_rate,99.7377,> 2.5
l0_pce_rate_line_2026-06.csv,A3328600226225003,37454,residential_rate,99.99,effective_residential_rate,99.7393,> 2.5
l0_pce_rate_line_2026-06.csv,A3328600226225003,37455,residential_rate,99.99,effective_residential_rate,99.7377,> 2.5
l0_pce_rate_line_2026-06.csv,A3328600226225003,37456,residential_rate,99.99,effective_residential_rate,99.99,> 2.5
l0_pce_rate_line_2026-06.csv,A3318800626225003,38250,residential_rate,9.999,effective_residential_rate,9.4961,> 2.5
l0_pce_rate_line_2026-06.csv,A3318800626225003,38251,residential_rate,9.999,effective_residential_rate,9.999,> 2.5
l0_pce_rate_line_2026-06.csv,A3320400826225003,38664,residential_rate,90.9,effective_residential_rate,90.1881,> 2.5
l0_pce_rate_line_2026-06.csv,A3320400826225003,38665,residential_rate,90.9,effective_residential_rate,90.4071,> 2.5
l0_pce_rate_line_2026-06.csv,A3324400826225003,38669,residential_rate,5.73,effective_residential_rate,5.4087,> 2.5
l0_pce_rate_line_2026-06.csv,A3324400826225003,38670,residential_rate,5.73,effective_residential_rate,5.38,> 2.5
l0_pce_rate_line_2026-06.csv,A3324400826225003,38671,residential_rate,5.73,effective_residential_rate,5.73,> 2.5
l0_pce_rate_line_2026-06.csv,A3322100726225003,38881,residential_rate,3966,effective_residential_rate,3965.6597,> 2.5
