project_code,sales_reporting_name,date,calendar_year,calendar_month,column_tested,raw_value,median_val,mad_score,anomaly_severity
331005,Adak,2021-03-01,2021,3,fuel_used_gallons,6097,13510,5,Strong
331005,Adak,2023-04-01,2023,4,diesel_kwh_generated,249556,164907,5,Strong
331005,Adak,2024-03-01,2024,3,powerhouse_consumption_kwh,77093,26432,7,Strong
331005,Adak,2024-04-01,2024,4,powerhouse_consumption_kwh,73471,26432,7,Strong
331005,Adak,2024-05-01,2024,5,powerhouse_consumption_kwh,67798,26432,6,Strong
331005,Adak,2024-06-01,2024,6,powerhouse_consumption_kwh,63535,26432,5,Strong
331005,Adak,2025-10-01,2025,10,fuel_used_gallons,5363,13510,5,Strong
331005,Adak,2025-10-01,2025,10,diesel_kwh_generated,59230,164907,6,Strong
331005,Adak,2025-11-01,2025,11,fuel_used_gallons,5618,13510,5,Strong
331005,Adak,2025-11-01,2025,11,diesel_kwh_generated,56322,164907,6,Strong
331005,Adak,2025-12-01,2025,12,diesel_kwh_generated,82170,164907,5,Strong
331010,Akhiok,2019-02-01,2019,2,residential_sold_to,18895,7346,8,Strong
331010,Akhiok,2021-03-01,2021,3,fuel_used_gallons,4473,2760,5,Strong
331010,Akhiok,2021-07-01,2021,7,fuel_used_gallons,1165,2760,5,Strong
331010,Akhiok,2021-08-01,2021,8,pce_eligible_residential_kwh,621,6180.5,5,Strong
331010,Akhiok,2021-08-01,2021,8,fuel_used_gallons,1165,2760,5,Strong
331010,Akhiok,2021-12-01,2021,12,commercial_sold_to,19102,9137,5,Strong
331010,Akhiok,2022-02-01,2022,2,powerhouse_consumption_kwh,5199,774,6,Strong
331010,Akhiok,2023-03-01,2023,3,peak_consumption_kw,2202,59,66,Extreme
331010,Akhiok,2023-06-01,2023,6,pce_eligible_residential_kwh,11660,6180.5,5,Strong
331010,Akhiok,2023-06-01,2023,6,residential_sold_to,14682,7346,5,Strong
331010,Akhiok,2024-01-01,2024,1,diesel_kwh_generated,45738,23600,5,Strong
331010,Akhiok,2024-01-01,2024,1,com_facil_sold_to,9947,2410,5,Strong
331010,Akhiok,2024-01-01,2024,1,govt_facil_sold_to,1269,492,5,Strong
331010,Akhiok,2024-10-01,2024,10,diesel_kwh_generated,71382,23600,10,Extreme
331010,Akhiok,2024-10-01,2024,10,powerhouse_consumption_kwh,4801,774,6,Strong
331010,Akhiok,2025-08-01,2025,8,fuel_used_gallons,0,2760,8,Strong
331010,Akhiok,2025-12-01,2025,12,govt_facil_sold_to,1163,492,5,Strong
331020,Akiachak,2017-07-01,2017,7,residential_customers,136,190,7,Strong
331020,Akiachak,2021-06-01,2021,6,powerhouse_consumption_kwh,6129,2975,5,Strong
331020,Akiachak,2022-08-01,2022,8,powerhouse_consumption_kwh,8293,2975,8,Strong
331020,Akiachak,2022-09-01,2022,9,unbilled_sold_to,95852,4215,54,Extreme
331020,Akiachak,2023-11-01,2023,11,fuel_used_gallons,19885,11671,6,Strong
331020,Akiachak,2023-12-01,2023,12,fuel_used_gallons,18581,11671,5,Strong
331020,Akiachak,2025-03-01,2025,3,wind_kwh_generated,15919,0,NA,Strong
331020,Akiachak,2025-04-01,2025,4,wind_kwh_generated,25928,0,NA,Strong
331020,Akiachak,2025-05-01,2025,5,wind_kwh_generated,21949,0,NA,Strong
331020,Akiachak,2025-06-01,2025,6,wind_kwh_generated,19353,0,NA,Strong
331020,Akiachak,2025-07-01,2025,7,wind_kwh_generated,16988,0,NA,Strong
331020,Akiachak,2025-08-01,2025,8,wind_kwh_generated,15280,0,NA,Strong
331020,Akiachak,2025-09-01,2025,9,wind_kwh_generated,19003,0,NA,Strong
331020,Akiachak,2026-02-01,2026,2,wind_kwh_generated,12860,0,NA,Strong
331020,Akiachak,2026-03-01,2026,3,wind_kwh_generated,37362,0,NA,Strong
331020,Akiachak,2026-04-01,2026,4,wind_kwh_generated,25342,0,NA,Strong
331020,Akiachak,2026-05-01,2026,5,wind_kwh_generated,27737,0,NA,Strong
331030,Akiak,2018-02-01,2018,2,fuel_used_gallons,17318,7954,8,Strong
331030,Akiak,2018-02-01,2018,2,powerhouse_consumption_kwh,5126,2645,9,Extreme
331030,Akiak,2018-04-01,2018,4,pce_eligible_community_kwh,13983,2826,10,Extreme
331030,Akiak,2018-05-01,2018,5,pce_eligible_community_kwh,11698,2826,8,Strong
331030,Akiak,2022-07-01,2022,7,govt_facil_sold_to,54459,2316.5,35,Extreme
331030,Akiak,2022-08-01,2022,8,commercial_sold_to,267666,41166.5,12,Extreme
331030,Akiak,2023-08-01,2023,8,pce_eligible_residential_kwh,54686,29774,6,Strong
331030,Akiak,2023-08-01,2023,8,fuel_used_gallons,21098,7954,11,Extreme
331030,Akiak,2023-08-01,2023,8,residential_sold_to,106044,32619,11,Extreme
331030,Akiak,2023-08-01,2023,8,unbilled_sold_to,3461,775.5,5,Strong
331030,Akiak,2023-09-01,2023,9,diesel_kwh_generated,214987,100561.5,7,Strong
331030,Akiak,2023-09-01,2023,9,commercial_sold_to,166922,41166.5,6,Strong
331030,Akiak,2024-03-01,2024,3,pce_eligible_residential_kwh,62686,29774,7,Strong
331030,Akiak,2024-03-01,2024,3,pce_eligible_community_kwh,14927,2826,11,Extreme
331030,Akiak,2024-03-01,2024,3,residential_sold_to,260475,32619,34,Extreme
331030,Akiak,2024-03-01,2024,3,commercial_sold_to,294257,41166.5,13,Extreme
331030,Akiak,2024-03-01,2024,3,com_facil_sold_to,212495,11981,30,Extreme
331030,Akiak,2024-03-01,2024,3,govt_facil_sold_to,22135,2316.5,13,Extreme
331030,Akiak,2024-03-01,2024,3,unbilled_sold_to,10461,775.5,18,Extreme
331030,Akiak,2024-08-01,2024,8,pce_eligible_residential_kwh,51632,29774,5,Strong
331030,Akiak,2024-08-01,2024,8,fuel_used_gallons,25572,7954,15,Extreme
331030,Akiak,2024-08-01,2024,8,diesel_kwh_generated,267575,100561.5,10,Extreme
331030,Akiak,2024-08-01,2024,8,powerhouse_consumption_kwh,9914,2645,27,Extreme
331030,Akiak,2024-08-01,2024,8,residential_sold_to,98245,32619,10,Extreme
331030,Akiak,2024-11-01,2024,11,pce_eligible_community_kwh,12370,2826,9,Strong
331030,Akiak,2024-12-01,2024,12,pce_eligible_community_kwh,14446,2826,10,Extreme
331030,Akiak,2025-01-01,2025,1,pce_eligible_community_kwh,20343,2826,16,Extreme
331030,Akiak,2025-02-01,2025,2,pce_eligible_community_kwh,8915,2826,5,Strong
331030,Akiak,2025-03-01,2025,3,pce_eligible_community_kwh,19939,2826,15,Extreme
331030,Akiak,2025-04-01,2025,4,pce_eligible_community_kwh,11077,2826,7,Strong
331030,Akiak,2025-05-01,2025,5,pce_eligible_community_kwh,11443,2826,8,Strong
331030,Akiak,2025-07-01,2025,7,pce_eligible_residential_kwh,50519,29774,5,Strong
331030,Akiak,2025-07-01,2025,7,pce_eligible_community_kwh,15876,2826,12,Extreme
331030,Akiak,2025-07-01,2025,7,fuel_used_gallons,15084,7954,6,Strong
331030,Akiak,2025-07-01,2025,7,residential_sold_to,69724,32619,6,Strong
331030,Akiak,2025-08-01,2025,8,pce_eligible_community_kwh,18744,2826,14,Extreme
331030,Akiak,2025-11-01,2025,11,pce_eligible_community_kwh,11293,2826,8,Strong
331030,Akiak,2026-01-01,2026,1,pce_eligible_residential_kwh,52013,29774,5,Strong
331030,Akiak,2026-01-01,2026,1,pce_eligible_community_kwh,35039,2826,29,Extreme
331030,Akiak,2026-01-01,2026,1,fuel_used_gallons,17109,7954,8,Strong
331030,Akiak,2026-01-01,2026,1,diesel_kwh_generated,217138,100561.5,7,Strong
331030,Akiak,2026-01-01,2026,1,powerhouse_consumption_kwh,5645,2645,11,Extreme
331030,Akiak,2026-01-01,2026,1,residential_sold_to,76581,32619,7,Strong
331030,Akiak,2026-02-01,2026,2,pce_eligible_community_kwh,29928,2826,24,Extreme
331030,Akiak,2026-02-01,2026,2,residential_sold_to,86604,32619,8,Strong
331030,Akiak,2026-03-01,2026,3,pce_eligible_community_kwh,9972,2826,6,Strong
331030,Akiak,2026-05-01,2026,5,pce_eligible_community_kwh,19389,2826,15,Extreme
331040,Akutan,2016-02-01,2016,2,govt_facil_sold_to,812,266,7,Strong
331040,Akutan,2016-05-01,2016,5,govt_facil_sold_to,925,266,8,Strong
331040,Akutan,2016-06-01,2016,6,govt_facil_sold_to,942,266,9,Strong
331040,Akutan,2016-07-01,2016,7,govt_facil_sold_to,865,266,8,Strong
331040,Akutan,2017-01-01,2017,1,peak_consumption_kw,5,87,5,Strong
331040,Akutan,2017-04-01,2017,4,govt_facil_sold_to,994,266,9,Extreme
331040,Akutan,2017-07-01,2017,7,govt_facil_sold_to,775,266,6,Strong
331040,Akutan,2021-09-01,2021,9,govt_facil_sold_to,660,266,5,Strong
331040,Akutan,2022-01-01,2022,1,govt_facil_sold_to,718,266,6,Strong
331040,Akutan,2022-05-01,2022,5,govt_facil_sold_to,764,266,6,Strong
331040,Akutan,2025-08-01,2025,8,hydro_kwh_generated,40552,4886,5,Strong
331240,Alakanuk,2015-07-01,2015,7,fuel_used_gallons,11377,0,NA,Strong
331240,Alakanuk,2015-08-01,2015,8,fuel_used_gallons,12557,0,NA,Strong
331240,Alakanuk,2015-08-01,2015,8,commercial_sold_to,26063,13681,7,Strong
331240,Alakanuk,2015-09-01,2015,9,fuel_used_gallons,16662,0,NA,Strong
331240,Alakanuk,2015-09-01,2015,9,commercial_sold_to,24582,13681,6,Strong
331240,Alakanuk,2015-10-01,2015,10,fuel_used_gallons,16806,0,NA,Strong
331240,Alakanuk,2015-10-01,2015,10,commercial_sold_to,23299,13681,5,Strong
331240,Alakanuk,2015-11-01,2015,11,fuel_used_gallons,13776,0,NA,Strong
331240,Alakanuk,2015-11-01,2015,11,commercial_sold_to,23763,13681,6,Strong
331240,Alakanuk,2015-12-01,2015,12,commercial_sold_to,25113,13681,6,Strong
331240,Alakanuk,2016-01-01,2016,1,fuel_used_gallons,15720,0,NA,Strong
331240,Alakanuk,2016-01-01,2016,1,commercial_sold_to,25007,13681,6,Strong
331240,Alakanuk,2016-02-01,2016,2,fuel_used_gallons,13782,0,NA,Strong
331240,Alakanuk,2016-03-01,2016,3,fuel_used_gallons,14196,0,NA,Strong
331240,Alakanuk,2016-04-01,2016,4,fuel_used_gallons,13309,0,NA,Strong
331240,Alakanuk,2016-05-01,2016,5,fuel_used_gallons,12930,0,NA,Strong
331240,Alakanuk,2016-06-01,2016,6,fuel_used_gallons,10763,0,NA,Strong
331240,Alakanuk,2016-07-01,2016,7,fuel_used_gallons,10766,0,NA,Strong
331240,Alakanuk,2016-08-01,2016,8,diesel_kwh_generated,52919,178856,6,Strong
331240,Alakanuk,2016-08-01,2016,8,residential_customers,65,157,16,Extreme
331240,Alakanuk,2016-10-01,2016,10,residential_customers,88,157,12,Extreme
331240,Alakanuk,2016-11-01,2016,11,residential_customers,90,157,11,Extreme
331240,Alakanuk,2017-01-01,2017,1,residential_customers,91,157,11,Extreme
331240,Alakanuk,2017-02-01,2017,2,residential_customers,90,157,11,Extreme
331240,Alakanuk,2025-11-01,2025,11,commercial_sold_to,21853,13681,5,Strong
331240,Alakanuk,2025-12-01,2025,12,commercial_sold_to,22954,13681,5,Strong
331240,Alakanuk,2026-01-01,2026,1,commercial_sold_to,27835,13681,8,Strong
331240,Alakanuk,2026-01-01,2026,1,com_facil_sold_to,79189,32677,5,Strong
331240,Alakanuk,2026-02-01,2026,2,commercial_sold_to,22318,13681,5,Strong
331240,Alakanuk,2026-03-01,2026,3,commercial_sold_to,32495,13681,10,Extreme
331050,"Allakaket, Alatna",2020-01-01,2020,1,commercial_sold_to,7723,3225,5,Strong
331050,"Allakaket, Alatna",2026-01-01,2026,1,commercial_sold_to,6998,3225,5,Strong
331250,Ambler,2015-07-01,2015,7,commercial_sold_to,12461,3285,24,Extreme
331250,Ambler,2015-08-01,2015,8,commercial_sold_to,12762,3285,24,Extreme
331250,Ambler,2015-09-01,2015,9,commercial_sold_to,15624,3285,32,Extreme
331250,Ambler,2015-10-01,2015,10,commercial_sold_to,22259,3285,49,Extreme
331250,Ambler,2015-11-01,2015,11,commercial_sold_to,19421,3285,41,Extreme
331250,Ambler,2015-12-01,2015,12,commercial_sold_to,24184,3285,54,Extreme
331250,Ambler,2016-01-01,2016,1,commercial_sold_to,23567,3285,52,Extreme
331250,Ambler,2016-02-01,2016,2,commercial_sold_to,5115,3285,5,Strong
331250,Ambler,2019-12-01,2019,12,fuel_used_gallons,17629,7793,6,Strong
331250,Ambler,2022-01-01,2022,1,residential_sold_to,79156,37999,5,Strong
331250,Ambler,2025-02-01,2025,2,com_facil_sold_to,55826,22403,6,Strong
331250,Ambler,2025-11-01,2025,11,fuel_used_gallons,0,7793,5,Strong
331250,Ambler,2025-11-01,2025,11,commercial_sold_to,12709,3285,24,Extreme
331250,Ambler,2025-12-01,2025,12,pce_eligible_residential_kwh,44405,28786.5,5,Strong
331250,Ambler,2025-12-01,2025,12,fuel_used_gallons,0,7793,5,Strong
331250,Ambler,2025-12-01,2025,12,commercial_sold_to,16036,3285,33,Extreme
331250,Ambler,2026-01-01,2026,1,pce_eligible_residential_kwh,46154,28786.5,5,Strong
331250,Ambler,2026-01-01,2026,1,fuel_used_gallons,0,7793,5,Strong
331250,Ambler,2026-01-01,2026,1,commercial_sold_to,16138,3285,33,Extreme
331250,Ambler,2026-02-01,2026,2,pce_eligible_residential_kwh,44178,28786.5,5,Strong
331250,Ambler,2026-02-01,2026,2,fuel_used_gallons,0,7793,5,Strong
331250,Ambler,2026-02-01,2026,2,commercial_sold_to,12643,3285,24,Extreme
331250,Ambler,2026-03-01,2026,3,pce_eligible_residential_kwh,43635,28786.5,5,Strong
331250,Ambler,2026-03-01,2026,3,fuel_used_gallons,0,7793,5,Strong
331250,Ambler,2026-03-01,2026,3,commercial_sold_to,12925,3285,25,Extreme
332350,Anaktuvuk Pass,2016-03-01,2016,3,peak_consumption_kw,1070,594,5,Strong
332350,Anaktuvuk Pass,2016-12-01,2016,12,peak_consumption_kw,1134,594,6,Strong
332350,Anaktuvuk Pass,2017-02-01,2017,2,peak_consumption_kw,1134,594,6,Strong
332350,Anaktuvuk Pass,2021-01-01,2021,1,peak_consumption_kw,1519,594,10,Extreme
332350,Anaktuvuk Pass,2021-02-01,2021,2,peak_consumption_kw,1047,594,5,Strong
332350,Anaktuvuk Pass,2021-03-01,2021,3,peak_consumption_kw,1899,594,14,Extreme
332350,Anaktuvuk Pass,2021-05-01,2021,5,peak_consumption_kw,1900,594,14,Extreme
332350,Anaktuvuk Pass,2022-01-01,2022,1,peak_consumption_kw,1183,594,7,Strong
332350,Anaktuvuk Pass,2023-05-01,2023,5,peak_consumption_kw,4415,594,42,Extreme
332350,Anaktuvuk Pass,2026-02-01,2026,2,residential_sold_to,136637,63044,5,Strong
332650,Angoon,2025-07-01,2025,7,commercial_sold_to,84044,44673.5,5,Strong
332650,Angoon,2025-08-01,2025,8,commercial_sold_to,92412,44673.5,6,Strong
332650,Angoon,2025-09-01,2025,9,commercial_sold_to,84646,44673.5,5,Strong
332650,Angoon,2026-01-01,2026,1,residential_sold_to,101165,67603.5,5,Strong
332650,Angoon,2026-02-01,2026,2,residential_customers,142,194,18,Extreme
332650,Angoon,2026-03-01,2026,3,residential_customers,141,194,18,Extreme
332650,Angoon,2026-04-01,2026,4,residential_customers,142,194,18,Extreme
331760,Aniak,2017-01-01,2017,1,unbilled_sold_to,12655,2941.5,5,Strong
331760,Aniak,2019-01-01,2019,1,unbilled_sold_to,12145,2941.5,5,Strong
331760,Aniak,2020-01-01,2020,1,unbilled_sold_to,12098,2941.5,5,Strong
331760,Aniak,2022-02-01,2022,2,peak_consumption_kw,52,420,7,Strong
331760,Aniak,2025-03-01,2025,3,peak_consumption_kw,2901,420,45,Extreme
331760,Aniak,2025-12-01,2025,12,pce_eligible_community_kwh,12923,5155,5,Strong
331760,Aniak,2025-12-01,2025,12,com_facil_sold_to,13347,5155,5,Strong
331760,Aniak,2026-01-01,2026,1,pce_eligible_community_kwh,16366,5155,7,Strong
331760,Aniak,2026-01-01,2026,1,com_facil_sold_to,16806,5155,7,Strong
331760,Aniak,2026-02-01,2026,2,com_facil_sold_to,12806,5155,5,Strong
331760,Aniak,2026-03-01,2026,3,pce_eligible_community_kwh,14992,5155,6,Strong
331760,Aniak,2026-03-01,2026,3,com_facil_sold_to,15336,5155,6,Strong
331260,Anvik,2015-07-01,2015,7,com_facil_sold_to,4177,10564,7,Strong
331260,Anvik,2015-08-01,2015,8,com_facil_sold_to,4183,10564,7,Strong
331260,Anvik,2015-09-01,2015,9,com_facil_sold_to,4647,10564,6,Strong
331260,Anvik,2015-10-01,2015,10,com_facil_sold_to,4824,10564,6,Strong
331260,Anvik,2015-11-01,2015,11,com_facil_sold_to,5530,10564,5,Strong
331260,Anvik,2015-12-01,2015,12,commercial_sold_to,10356,0,NA,Strong
331260,Anvik,2015-12-01,2015,12,com_facil_sold_to,5530,10564,5,Strong
331260,Anvik,2016-01-01,2016,1,commercial_sold_to,10649,0,NA,Strong
331260,Anvik,2016-01-01,2016,1,com_facil_sold_to,5560,10564,5,Strong
331260,Anvik,2016-08-01,2016,8,residential_customers,122,37,29,Extreme
331260,Anvik,2016-10-01,2016,10,residential_customers,161,37,42,Extreme
331260,Anvik,2016-11-01,2016,11,residential_customers,161,37,42,Extreme
331260,Anvik,2017-01-01,2017,1,residential_customers,161,37,42,Extreme
331260,Anvik,2017-02-01,2017,2,residential_customers,161,37,42,Extreme
331260,Anvik,2019-11-01,2019,11,com_facil_sold_to,15273,10564,5,Strong
331260,Anvik,2019-12-01,2019,12,com_facil_sold_to,16859,10564,7,Strong
331260,Anvik,2021-12-01,2021,12,fuel_used_gallons,4515,2824,5,Strong
331260,Anvik,2025-11-01,2025,11,pce_eligible_community_kwh,26110,3900,31,Extreme
331260,Anvik,2025-11-01,2025,11,fuel_used_gallons,0,2824,9,Strong
331260,Anvik,2025-11-01,2025,11,commercial_sold_to,10073,0,NA,Strong
331260,Anvik,2025-11-01,2025,11,com_facil_sold_to,4359,10564,6,Strong
331260,Anvik,2025-12-01,2025,12,fuel_used_gallons,0,2824,9,Strong
331260,Anvik,2025-12-01,2025,12,com_facil_sold_to,4129,10564,7,Strong
331260,Anvik,2026-01-01,2026,1,fuel_used_gallons,0,2824,9,Strong
331260,Anvik,2026-01-01,2026,1,com_facil_sold_to,4456,10564,6,Strong
331260,Anvik,2026-02-01,2026,2,fuel_used_gallons,0,2824,9,Strong
331260,Anvik,2026-02-01,2026,2,com_facil_sold_to,4237,10564,7,Strong
331260,Anvik,2026-02-01,2026,2,govt_facil_sold_to,31922,6881,9,Strong
331260,Anvik,2026-03-01,2026,3,fuel_used_gallons,0,2824,9,Strong
331260,Anvik,2026-03-01,2026,3,com_facil_sold_to,4626,10564,6,Strong
331770,Arctic Village,2018-04-01,2018,4,govt_facil_sold_to,2432,551,7,Strong
331770,Arctic Village,2021-10-01,2021,10,fuel_used_gallons,13695,4215,5,Strong
331770,Arctic Village,2021-10-01,2021,10,diesel_kwh_generated,126000,47992.5,5,Strong
331770,Arctic Village,2021-10-01,2021,10,residential_sold_to,54203,18172,6,Strong
331770,Arctic Village,2022-02-01,2022,2,fuel_used_gallons,20356,4215,9,Strong
331770,Arctic Village,2022-09-01,2022,9,unbilled_sold_to,11386,2124,5,Strong
331770,Arctic Village,2022-11-01,2022,11,residential_sold_to,48466,18172,5,Strong
331770,Arctic Village,2022-11-01,2022,11,com_facil_sold_to,49602,5413,9,Strong
331770,Arctic Village,2023-01-01,2023,1,com_facil_sold_to,47210,5413,8,Strong
331770,Arctic Village,2023-03-01,2023,3,residential_sold_to,47927,18172,5,Strong
331770,Arctic Village,2023-03-01,2023,3,com_facil_sold_to,48824,5413,9,Strong
331770,Arctic Village,2023-07-01,2023,7,pce_eligible_residential_kwh,43111,16253,5,Strong
331770,Arctic Village,2023-07-01,2023,7,residential_sold_to,69278,18172,8,Strong
331770,Arctic Village,2024-02-01,2024,2,commercial_sold_to,51862,13624,5,Strong
331770,Arctic Village,2024-03-01,2024,3,commercial_sold_to,51862,13624,5,Strong
331770,Arctic Village,2024-04-01,2024,4,commercial_sold_to,51862,13624,5,Strong
331770,Arctic Village,2024-05-01,2024,5,commercial_sold_to,51862,13624,5,Strong
331770,Arctic Village,2024-06-01,2024,6,commercial_sold_to,51890,13624,5,Strong
331770,Arctic Village,2024-07-01,2024,7,commercial_sold_to,64508,13624,7,Strong
331770,Arctic Village,2024-08-01,2024,8,unbilled_sold_to,33847,2124,16,Extreme
331770,Arctic Village,2024-11-01,2024,11,unbilled_sold_to,22906,2124,10,Extreme
331770,Arctic Village,2025-02-01,2025,2,unbilled_sold_to,17710,2124,8,Strong
331770,Arctic Village,2025-03-01,2025,3,unbilled_sold_to,11124,2124,5,Strong
331770,Arctic Village,2025-12-01,2025,12,unbilled_sold_to,18003,2124,8,Strong
331770,Arctic Village,2026-02-01,2026,2,unbilled_sold_to,12072,2124,5,Strong
331750,Atka,2016-01-01,2016,1,govt_facil_sold_to,8776,3701,5,Strong
331750,Atka,2016-08-01,2016,8,fuel_used_gallons,3927,487,5,Strong
331750,Atka,2017-03-01,2017,3,unbilled_sold_to,330,57,7,Strong
331750,Atka,2017-12-01,2017,12,peak_consumption_kw,130,52,8,Strong
331750,Atka,2018-01-01,2018,1,unbilled_sold_to,378,57,8,Strong
331750,Atka,2023-12-01,2023,12,residential_sold_to,18231,9015,5,Strong
331750,Atka,2023-12-01,2023,12,com_facil_sold_to,13304,3386,6,Strong
331750,Atka,2024-01-01,2024,1,peak_consumption_kw,112,52,6,Strong
331780,Atmautluak,2015-12-01,2015,12,fuel_used_gallons,0,5601,5,Strong
331780,Atmautluak,2016-01-01,2016,1,fuel_used_gallons,11792,5601,6,Strong
331780,Atmautluak,2016-08-01,2016,8,govt_facil_sold_to,18048,1577,13,Extreme
331780,Atmautluak,2017-07-01,2017,7,govt_facil_sold_to,13628,1577,10,Extreme
331780,Atmautluak,2018-01-01,2018,1,govt_facil_sold_to,29960,1577,22,Extreme
331780,Atmautluak,2020-03-01,2020,3,unbilled_sold_to,586,122,5,Strong
331780,Atmautluak,2022-01-01,2022,1,unbilled_sold_to,850,122,8,Strong
331780,Atmautluak,2022-02-01,2022,2,powerhouse_consumption_kwh,5230,3175,5,Strong
331780,Atmautluak,2022-02-01,2022,2,unbilled_sold_to,804,122,7,Strong
331780,Atmautluak,2022-03-01,2022,3,unbilled_sold_to,701,122,6,Strong
331780,Atmautluak,2022-04-01,2022,4,powerhouse_consumption_kwh,6780,3175,9,Strong
331780,Atmautluak,2022-04-01,2022,4,unbilled_sold_to,757,122,7,Strong
331780,Atmautluak,2022-05-01,2022,5,powerhouse_consumption_kwh,9645,3175,16,Extreme
331780,Atmautluak,2022-05-01,2022,5,unbilled_sold_to,789,122,7,Strong
331780,Atmautluak,2022-06-01,2022,6,powerhouse_consumption_kwh,6029,3175,7,Strong
331780,Atmautluak,2022-07-01,2022,7,powerhouse_consumption_kwh,6186,3175,7,Strong
331780,Atmautluak,2022-07-01,2022,7,unbilled_sold_to,741,122,7,Strong
331780,Atmautluak,2022-08-01,2022,8,powerhouse_consumption_kwh,8019,3175,12,Extreme
331780,Atmautluak,2022-09-01,2022,9,powerhouse_consumption_kwh,7845,3175,11,Extreme
331780,Atmautluak,2022-10-01,2022,10,powerhouse_consumption_kwh,6533,3175,8,Strong
331780,Atmautluak,2022-10-01,2022,10,unbilled_sold_to,732,122,6,Strong
331780,Atmautluak,2022-11-01,2022,11,powerhouse_consumption_kwh,8881,3175,14,Extreme
331780,Atmautluak,2022-11-01,2022,11,unbilled_sold_to,887,122,8,Strong
331780,Atmautluak,2022-12-01,2022,12,powerhouse_consumption_kwh,7437,3175,10,Extreme
331780,Atmautluak,2022-12-01,2022,12,unbilled_sold_to,710,122,6,Strong
331780,Atmautluak,2023-02-01,2023,2,powerhouse_consumption_kwh,7028,3175,9,Extreme
331780,Atmautluak,2023-03-01,2023,3,powerhouse_consumption_kwh,9111,3175,14,Extreme
331780,Atmautluak,2023-04-01,2023,4,powerhouse_consumption_kwh,7051,3175,9,Extreme
331780,Atmautluak,2023-05-01,2023,5,powerhouse_consumption_kwh,7630,3175,11,Extreme
331780,Atmautluak,2023-06-01,2023,6,powerhouse_consumption_kwh,7630,3175,11,Extreme
331780,Atmautluak,2023-08-01,2023,8,powerhouse_consumption_kwh,6878,3175,9,Strong
331780,Atmautluak,2023-09-01,2023,9,powerhouse_consumption_kwh,9083,3175,14,Extreme
331780,Atmautluak,2023-10-01,2023,10,powerhouse_consumption_kwh,10103,3175,17,Extreme
331780,Atmautluak,2023-11-01,2023,11,powerhouse_consumption_kwh,9451,3175,15,Extreme
332360,Atqasuk,2019-10-01,2019,10,govt_facil_sold_to,5493,1381.5,5,Strong
332360,Atqasuk,2019-11-01,2019,11,govt_facil_sold_to,8298,1381.5,9,Strong
332360,Atqasuk,2019-12-01,2019,12,govt_facil_sold_to,11150,1381.5,12,Extreme
332360,Atqasuk,2020-01-01,2020,1,govt_facil_sold_to,12152,1381.5,13,Extreme
332360,Atqasuk,2020-02-01,2020,2,govt_facil_sold_to,11341,1381.5,12,Extreme
332360,Atqasuk,2020-03-01,2020,3,govt_facil_sold_to,10655,1381.5,12,Extreme
332360,Atqasuk,2020-04-01,2020,4,govt_facil_sold_to,8525,1381.5,9,Strong
332360,Atqasuk,2020-05-01,2020,5,govt_facil_sold_to,7801,1381.5,8,Strong
332360,Atqasuk,2021-05-01,2021,5,residential_customers,0,63.5,17,Extreme
332360,Atqasuk,2021-05-01,2021,5,commercial_customers,0,52,35,Extreme
332360,Atqasuk,2021-06-01,2021,6,fuel_used_gallons,0,22177.5,7,Strong
332360,Atqasuk,2026-01-01,2026,1,com_facil_sold_to,20090,4991,5,Strong
331790,Beaver,2020-03-01,2020,3,powerhouse_consumption_kwh,1660,209.5,5,Strong
331790,Beaver,2020-05-01,2020,5,powerhouse_consumption_kwh,1678,209.5,5,Strong
331790,Beaver,2020-07-01,2020,7,powerhouse_consumption_kwh,2895,209.5,9,Strong
331790,Beaver,2020-08-01,2020,8,powerhouse_consumption_kwh,2863,209.5,9,Strong
331790,Beaver,2020-09-01,2020,9,powerhouse_consumption_kwh,3509,209.5,11,Extreme
331790,Beaver,2020-12-01,2020,12,powerhouse_consumption_kwh,3981,209.5,12,Extreme
331790,Beaver,2021-01-01,2021,1,powerhouse_consumption_kwh,4128,209.5,13,Extreme
331790,Beaver,2021-03-01,2021,3,powerhouse_consumption_kwh,3761,209.5,12,Extreme
331790,Beaver,2022-03-01,2022,3,residential_sold_to,13548,6772,5,Strong
331800,"Bethel, Oscarville",2015-08-01,2015,8,commercial_sold_to,1802224,1309592,5,Strong
331800,"Bethel, Oscarville",2015-11-01,2015,11,commercial_sold_to,1911319,1309592,6,Strong
331800,"Bethel, Oscarville",2015-12-01,2015,12,commercial_sold_to,1986335,1309592,6,Strong
331800,"Bethel, Oscarville",2016-01-01,2016,1,commercial_sold_to,2022520,1309592,7,Strong
331800,"Bethel, Oscarville",2016-08-01,2016,8,residential_customers,163,1734,11,Extreme
331800,"Bethel, Oscarville",2016-10-01,2016,10,residential_customers,229,1734,10,Extreme
331800,"Bethel, Oscarville",2016-11-01,2016,11,residential_customers,230,1734,10,Extreme
331800,"Bethel, Oscarville",2017-01-01,2017,1,residential_customers,232,1734,10,Extreme
331800,"Bethel, Oscarville",2017-02-01,2017,2,residential_customers,232,1734,10,Extreme
331800,"Bethel, Oscarville",2025-11-01,2025,11,fuel_used_gallons,0,247582,11,Extreme
331800,"Bethel, Oscarville",2025-11-01,2025,11,commercial_sold_to,1847623,1309592,5,Strong
331800,"Bethel, Oscarville",2025-12-01,2025,12,fuel_used_gallons,0,247582,11,Extreme
331800,"Bethel, Oscarville",2025-12-01,2025,12,commercial_sold_to,1812517,1309592,5,Strong
331800,"Bethel, Oscarville",2026-01-01,2026,1,pce_eligible_residential_kwh,971507,674887,5,Strong
331800,"Bethel, Oscarville",2026-01-01,2026,1,fuel_used_gallons,0,247582,11,Extreme
331800,"Bethel, Oscarville",2026-01-01,2026,1,residential_sold_to,1525259,825477,5,Strong
331800,"Bethel, Oscarville",2026-01-01,2026,1,commercial_sold_to,2009153,1309592,6,Strong
331800,"Bethel, Oscarville",2026-02-01,2026,2,fuel_used_gallons,0,247582,11,Extreme
331800,"Bethel, Oscarville",2026-03-01,2026,3,fuel_used_gallons,0,247582,11,Extreme
331800,"Bethel, Oscarville",2026-03-01,2026,3,commercial_sold_to,2001330,1309592,6,Strong
331060,"Bettles, Evansville",2021-12-01,2021,12,powerhouse_consumption_kwh,2145,222,7,Strong
331060,"Bettles, Evansville",2022-01-01,2022,1,powerhouse_consumption_kwh,2467,222,8,Strong
331060,"Bettles, Evansville",2022-02-01,2022,2,powerhouse_consumption_kwh,2698,222,9,Strong
331060,"Bettles, Evansville",2022-03-01,2022,3,powerhouse_consumption_kwh,1554,222,5,Strong
331060,"Bettles, Evansville",2022-04-01,2022,4,powerhouse_consumption_kwh,1570,222,5,Strong
331060,"Bettles, Evansville",2022-09-01,2022,9,pce_eligible_community_kwh,1876,1400,5,Strong
331060,"Bettles, Evansville",2022-09-01,2022,9,powerhouse_consumption_kwh,2121,222,7,Strong
331060,"Bettles, Evansville",2022-10-01,2022,10,pce_eligible_community_kwh,2112,1400,7,Strong
331060,"Bettles, Evansville",2022-10-01,2022,10,powerhouse_consumption_kwh,2400,222,8,Strong
331060,"Bettles, Evansville",2022-11-01,2022,11,pce_eligible_community_kwh,2380,1400,9,Extreme
331060,"Bettles, Evansville",2022-11-01,2022,11,powerhouse_consumption_kwh,2613,222,9,Strong
331060,"Bettles, Evansville",2022-12-01,2022,12,pce_eligible_community_kwh,2380,1400,9,Extreme
331060,"Bettles, Evansville",2022-12-01,2022,12,powerhouse_consumption_kwh,2408,222,8,Strong
331060,"Bettles, Evansville",2023-01-01,2023,1,pce_eligible_community_kwh,2380,1400,9,Extreme
331060,"Bettles, Evansville",2023-01-01,2023,1,powerhouse_consumption_kwh,2244,222,7,Strong
331060,"Bettles, Evansville",2023-02-01,2023,2,pce_eligible_community_kwh,2380,1400,9,Extreme
331060,"Bettles, Evansville",2023-02-01,2023,2,powerhouse_consumption_kwh,2438,222,8,Strong
331060,"Bettles, Evansville",2023-03-01,2023,3,pce_eligible_community_kwh,2380,1400,9,Extreme
331060,"Bettles, Evansville",2023-03-01,2023,3,powerhouse_consumption_kwh,2170,222,7,Strong
331060,"Bettles, Evansville",2023-04-01,2023,4,pce_eligible_community_kwh,2380,1400,9,Extreme
331060,"Bettles, Evansville",2023-04-01,2023,4,powerhouse_consumption_kwh,2290,222,7,Strong
331060,"Bettles, Evansville",2023-05-01,2023,5,pce_eligible_community_kwh,2380,1400,9,Extreme
331060,"Bettles, Evansville",2023-05-01,2023,5,powerhouse_consumption_kwh,1721,222,5,Strong
331060,"Bettles, Evansville",2023-06-01,2023,6,pce_eligible_community_kwh,2380,1400,9,Extreme
331060,"Bettles, Evansville",2023-06-01,2023,6,powerhouse_consumption_kwh,1871,222,6,Strong
331060,"Bettles, Evansville",2023-07-01,2023,7,pce_eligible_community_kwh,2380,1400,9,Extreme
331060,"Bettles, Evansville",2023-07-01,2023,7,powerhouse_consumption_kwh,1636,222,5,Strong
331060,"Bettles, Evansville",2023-08-01,2023,8,pce_eligible_community_kwh,2380,1400,9,Extreme
331060,"Bettles, Evansville",2023-08-01,2023,8,powerhouse_consumption_kwh,1655,222,5,Strong
331060,"Bettles, Evansville",2023-09-01,2023,9,pce_eligible_community_kwh,2380,1400,9,Extreme
331060,"Bettles, Evansville",2023-09-01,2023,9,powerhouse_consumption_kwh,2318,222,8,Strong
331060,"Bettles, Evansville",2023-10-01,2023,10,pce_eligible_community_kwh,2380,1400,9,Extreme
331060,"Bettles, Evansville",2023-10-01,2023,10,powerhouse_consumption_kwh,2207,222,7,Strong
331060,"Bettles, Evansville",2023-11-01,2023,11,pce_eligible_community_kwh,2380,1400,9,Extreme
331060,"Bettles, Evansville",2023-11-01,2023,11,powerhouse_consumption_kwh,2401,222,8,Strong
331060,"Bettles, Evansville",2023-12-01,2023,12,pce_eligible_community_kwh,2380,1400,9,Extreme
331060,"Bettles, Evansville",2023-12-01,2023,12,powerhouse_consumption_kwh,2221,222,7,Strong
331060,"Bettles, Evansville",2024-01-01,2024,1,pce_eligible_community_kwh,2380,1400,9,Extreme
331060,"Bettles, Evansville",2024-01-01,2024,1,powerhouse_consumption_kwh,2364,222,8,Strong
331060,"Bettles, Evansville",2024-02-01,2024,2,pce_eligible_community_kwh,2380,1400,9,Extreme
331060,"Bettles, Evansville",2024-02-01,2024,2,powerhouse_consumption_kwh,2675,222,9,Strong
331060,"Bettles, Evansville",2024-03-01,2024,3,pce_eligible_community_kwh,2380,1400,9,Extreme
331060,"Bettles, Evansville",2024-03-01,2024,3,powerhouse_consumption_kwh,2461,222,8,Strong
331060,"Bettles, Evansville",2024-04-01,2024,4,pce_eligible_community_kwh,2380,1400,9,Extreme
331060,"Bettles, Evansville",2024-04-01,2024,4,powerhouse_consumption_kwh,2454,222,8,Strong
331060,"Bettles, Evansville",2024-05-01,2024,5,pce_eligible_community_kwh,2380,1400,9,Extreme
331060,"Bettles, Evansville",2024-05-01,2024,5,powerhouse_consumption_kwh,1925,222,6,Strong
331060,"Bettles, Evansville",2024-06-01,2024,6,pce_eligible_community_kwh,2296,1400,9,Strong
331060,"Bettles, Evansville",2024-06-01,2024,6,powerhouse_consumption_kwh,1734,222,5,Strong
331060,"Bettles, Evansville",2024-07-01,2024,7,powerhouse_consumption_kwh,1542,222,5,Strong
331060,"Bettles, Evansville",2024-08-01,2024,8,powerhouse_consumption_kwh,1748,222,6,Strong
331060,"Bettles, Evansville",2024-09-01,2024,9,powerhouse_consumption_kwh,1943,222,6,Strong
331060,"Bettles, Evansville",2024-10-01,2024,10,powerhouse_consumption_kwh,2714,222,9,Extreme
331060,"Bettles, Evansville",2024-11-01,2024,11,powerhouse_consumption_kwh,3416,222,12,Extreme
331060,"Bettles, Evansville",2024-12-01,2024,12,powerhouse_consumption_kwh,2541,222,8,Strong
331060,"Bettles, Evansville",2025-01-01,2025,1,powerhouse_consumption_kwh,2941,222,10,Extreme
331060,"Bettles, Evansville",2025-02-01,2025,2,powerhouse_consumption_kwh,3249,222,11,Extreme
331060,"Bettles, Evansville",2025-03-01,2025,3,powerhouse_consumption_kwh,3092,222,10,Extreme
331060,"Bettles, Evansville",2025-04-01,2025,4,powerhouse_consumption_kwh,3337,222,11,Extreme
331060,"Bettles, Evansville",2025-05-01,2025,5,powerhouse_consumption_kwh,2555,222,8,Strong
331060,"Bettles, Evansville",2025-06-01,2025,6,powerhouse_consumption_kwh,1975,222,6,Strong
331060,"Bettles, Evansville",2025-07-01,2025,7,powerhouse_consumption_kwh,2979,222,10,Extreme
331060,"Bettles, Evansville",2025-08-01,2025,8,powerhouse_consumption_kwh,3049,222,10,Extreme
331060,"Bettles, Evansville",2025-09-01,2025,9,powerhouse_consumption_kwh,3024,222,10,Extreme
331060,"Bettles, Evansville",2025-10-01,2025,10,powerhouse_consumption_kwh,3226,222,11,Extreme
331060,"Bettles, Evansville",2025-11-01,2025,11,powerhouse_consumption_kwh,3556,222,12,Extreme
331060,"Bettles, Evansville",2025-12-01,2025,12,powerhouse_consumption_kwh,4168,222,14,Extreme
331060,"Bettles, Evansville",2026-01-01,2026,1,powerhouse_consumption_kwh,4916,222,17,Extreme
331060,"Bettles, Evansville",2026-02-01,2026,2,powerhouse_consumption_kwh,4882,222,17,Extreme
331060,"Bettles, Evansville",2026-03-01,2026,3,powerhouse_consumption_kwh,4541,222,16,Extreme
331060,"Bettles, Evansville",2026-04-01,2026,4,powerhouse_consumption_kwh,4693,222,16,Extreme
331810,Birch Creek,2018-01-01,2018,1,powerhouse_consumption_kwh,1021,305,5,Strong
331810,Birch Creek,2019-06-01,2019,6,peak_consumption_kw,401,40,22,Extreme
331810,Birch Creek,2021-05-01,2021,5,pce_eligible_residential_kwh,5139,2038,5,Strong
331810,Birch Creek,2021-08-01,2021,8,peak_consumption_kw,149,40,7,Strong
331810,Birch Creek,2022-01-01,2022,1,peak_consumption_kw,612,40,35,Extreme
331810,Birch Creek,2022-02-01,2022,2,residential_sold_to,6419,2168,6,Strong
331810,Birch Creek,2022-04-01,2022,4,peak_consumption_kw,123,40,5,Strong
331810,Birch Creek,2022-04-01,2022,4,residential_sold_to,5848,2168,5,Strong
331270,Brevig Mission,2022-12-01,2022,12,fuel_used_gallons,14655,7408,5,Strong
331270,Brevig Mission,2025-11-01,2025,11,fuel_used_gallons,0,7408,5,Strong
331270,Brevig Mission,2025-11-01,2025,11,commercial_sold_to,32361,4051,12,Extreme
331270,Brevig Mission,2025-11-01,2025,11,com_facil_sold_to,762,24229,5,Strong
331270,Brevig Mission,2025-12-01,2025,12,fuel_used_gallons,0,7408,5,Strong
331270,Brevig Mission,2025-12-01,2025,12,commercial_sold_to,33283,4051,13,Extreme
331270,Brevig Mission,2025-12-01,2025,12,com_facil_sold_to,761,24229,5,Strong
331270,Brevig Mission,2026-01-01,2026,1,fuel_used_gallons,0,7408,5,Strong
331270,Brevig Mission,2026-01-01,2026,1,commercial_sold_to,37665,4051,14,Extreme
331270,Brevig Mission,2026-01-01,2026,1,com_facil_sold_to,738,24229,5,Strong
331270,Brevig Mission,2026-02-01,2026,2,fuel_used_gallons,0,7408,5,Strong
331270,Brevig Mission,2026-02-01,2026,2,commercial_sold_to,34460,4051,13,Extreme
331270,Brevig Mission,2026-02-01,2026,2,com_facil_sold_to,662,24229,5,Strong
331270,Brevig Mission,2026-03-01,2026,3,fuel_used_gallons,0,7408,5,Strong
331270,Brevig Mission,2026-03-01,2026,3,commercial_sold_to,35854,4051,14,Extreme
331270,Brevig Mission,2026-03-01,2026,3,com_facil_sold_to,525,24229,5,Strong
331820,Buckland,2021-03-01,2021,3,fuel_used_gallons,25444,10410,5,Strong
331820,Buckland,2021-04-01,2021,4,fuel_used_gallons,25444,10410,5,Strong
331820,Buckland,2022-03-01,2022,3,powerhouse_consumption_kwh,21233,4004.5,12,Extreme
331820,Buckland,2022-04-01,2022,4,pce_eligible_community_kwh,31984,9834,7,Strong
331820,Buckland,2022-04-01,2022,4,com_facil_sold_to,31984,10510,9,Strong
331820,Buckland,2022-11-01,2022,11,govt_facil_sold_to,49701,8716,13,Extreme
331820,Buckland,2023-01-01,2023,1,unbilled_customers,969,3,97,Extreme
331820,Buckland,2023-02-01,2023,2,unbilled_customers,992,3,99,Extreme
331820,Buckland,2023-03-01,2023,3,fuel_used_gallons,34946,10410,7,Strong
331820,Buckland,2026-02-01,2026,2,total_kwh_purchased,100179,0,NA,Extreme
331820,Buckland,2026-04-01,2026,4,com_facil_sold_to,23558,10510,5,Strong
331820,Buckland,2026-05-01,2026,5,govt_facil_sold_to,32390,8716,7,Strong
331830,Central,2018-05-01,2018,5,peak_consumption_kw,250,88,11,Extreme
331830,Central,2018-08-01,2018,8,peak_consumption_kw,180,88,6,Strong
331830,Central,2020-12-01,2020,12,powerhouse_consumption_kwh,2081,1289,5,Strong
331830,Central,2021-03-01,2021,3,powerhouse_consumption_kwh,2003,1289,5,Strong
331830,Central,2022-07-01,2022,7,powerhouse_consumption_kwh,2365,1289,7,Strong
331830,Central,2022-08-01,2022,8,powerhouse_consumption_kwh,2273,1289,6,Strong
331830,Central,2023-06-01,2023,6,powerhouse_consumption_kwh,2485,1289,8,Strong
331840,Chalkyitsik,2018-01-01,2018,1,powerhouse_consumption_kwh,6516,2351.5,5,Strong
331840,Chalkyitsik,2018-04-01,2018,4,commercial_sold_to,8060,3545,5,Strong
331840,Chalkyitsik,2018-05-01,2018,5,commercial_sold_to,7997,3545,5,Strong
331840,Chalkyitsik,2018-12-01,2018,12,fuel_used_gallons,5237,2372,7,Strong
331840,Chalkyitsik,2018-12-01,2018,12,diesel_kwh_generated,56390,24160,6,Strong
331840,Chalkyitsik,2018-12-01,2018,12,residential_sold_to,10580,4564,5,Strong
331840,Chalkyitsik,2018-12-01,2018,12,com_facil_sold_to,19795,4517,8,Strong
331840,Chalkyitsik,2019-09-01,2019,9,fuel_used_gallons,4419,2372,5,Strong
332310,Chefornak,2017-02-01,2017,2,fuel_used_gallons,22696,9137,9,Extreme
332310,Chefornak,2019-03-01,2019,3,unbilled_sold_to,2968,1219,6,Strong
332310,Chefornak,2020-10-01,2020,10,powerhouse_consumption_kwh,8375,2942,6,Strong
332310,Chefornak,2020-11-01,2020,11,powerhouse_consumption_kwh,8336,2942,6,Strong
332310,Chefornak,2021-06-01,2021,6,powerhouse_consumption_kwh,7469,2942,5,Strong
332310,Chefornak,2021-12-01,2021,12,fuel_used_gallons,0,9137,6,Strong
332310,Chefornak,2021-12-01,2021,12,residential_sold_to,69136,44892,5,Strong
332310,Chefornak,2021-12-01,2021,12,commercial_sold_to,25933,14617,5,Strong
332310,Chefornak,2021-12-01,2021,12,unbilled_sold_to,2647,1219,5,Strong
332310,Chefornak,2022-01-01,2022,1,unbilled_sold_to,2641,1219,5,Strong
332310,Chefornak,2022-02-01,2022,2,unbilled_sold_to,2795,1219,5,Strong
332310,Chefornak,2022-03-01,2022,3,unbilled_sold_to,3102,1219,6,Strong
332310,Chefornak,2022-05-01,2022,5,peak_consumption_kw,700,322,8,Strong
332310,Chefornak,2022-06-01,2022,6,peak_consumption_kw,700,322,8,Strong
332310,Chefornak,2024-01-01,2024,1,peak_consumption_kw,535,322,5,Strong
332310,Chefornak,2025-11-01,2025,11,peak_consumption_kw,524,322,5,Strong
331850,Chenega Bay,2015-12-01,2015,12,govt_facil_sold_to,2310,429,6,Strong
331850,Chenega Bay,2016-01-01,2016,1,govt_facil_sold_to,6149,429,18,Extreme
331850,Chenega Bay,2016-08-01,2016,8,pce_eligible_community_kwh,1605,3780,5,Strong
331850,Chenega Bay,2017-01-01,2017,1,govt_facil_sold_to,2119,429,5,Strong
331850,Chenega Bay,2017-03-01,2017,3,govt_facil_sold_to,2110,429,5,Strong
331850,Chenega Bay,2017-06-01,2017,6,residential_sold_to,13823,6284,6,Strong
331850,Chenega Bay,2017-07-01,2017,7,residential_customers,7544,25,5071,Extreme
331850,Chenega Bay,2017-07-01,2017,7,commercial_customers,5268,16,1771,Extreme
331850,Chenega Bay,2017-07-01,2017,7,com_facil_customers,2583,9,257,Extreme
331850,Chenega Bay,2017-07-01,2017,7,govt_facil_customers,269,3,27,Extreme
331850,Chenega Bay,2018-12-01,2018,12,govt_facil_sold_to,1933,429,5,Strong
331850,Chenega Bay,2020-04-01,2020,4,fuel_used_gallons,0,1990,6,Strong
331850,Chenega Bay,2020-05-01,2020,5,fuel_used_gallons,0,1990,6,Strong
331850,Chenega Bay,2020-06-01,2020,6,fuel_used_gallons,0,1990,6,Strong
331850,Chenega Bay,2020-07-01,2020,7,fuel_used_gallons,0,1990,6,Strong
331850,Chenega Bay,2020-08-01,2020,8,fuel_used_gallons,7139,1990,16,Extreme
331850,Chenega Bay,2020-10-01,2020,10,powerhouse_consumption_kwh,3685,1361,8,Strong
331850,Chenega Bay,2020-11-01,2020,11,powerhouse_consumption_kwh,5053,1361,13,Extreme
331850,Chenega Bay,2021-11-01,2021,11,residential_sold_to,12024,6284,5,Strong
331850,Chenega Bay,2023-09-01,2023,9,peak_consumption_kw,112,55,10,Extreme
331850,Chenega Bay,2023-10-01,2023,10,peak_consumption_kw,115,55,10,Extreme
331850,Chenega Bay,2023-11-01,2023,11,peak_consumption_kw,115,55,10,Extreme
331850,Chenega Bay,2023-12-01,2023,12,peak_consumption_kw,115,55,10,Extreme
331850,Chenega Bay,2024-01-01,2024,1,peak_consumption_kw,115,55,10,Extreme
331850,Chenega Bay,2024-02-01,2024,2,peak_consumption_kw,115,55,10,Extreme
331850,Chenega Bay,2024-03-01,2024,3,peak_consumption_kw,115,55,10,Extreme
331850,Chenega Bay,2024-04-01,2024,4,peak_consumption_kw,115,55,10,Extreme
331850,Chenega Bay,2024-05-01,2024,5,peak_consumption_kw,115,55,10,Extreme
331850,Chenega Bay,2024-06-01,2024,6,peak_consumption_kw,115,55,10,Extreme
331850,Chenega Bay,2024-07-01,2024,7,peak_consumption_kw,115,55,10,Extreme
331850,Chenega Bay,2024-08-01,2024,8,peak_consumption_kw,115,55,10,Extreme
331850,Chenega Bay,2024-09-01,2024,9,peak_consumption_kw,115,55,10,Extreme
331850,Chenega Bay,2024-10-01,2024,10,peak_consumption_kw,115,55,10,Extreme
331850,Chenega Bay,2024-11-01,2024,11,peak_consumption_kw,115,55,10,Extreme
331850,Chenega Bay,2024-12-01,2024,12,peak_consumption_kw,115,55,10,Extreme
331850,Chenega Bay,2025-01-01,2025,1,peak_consumption_kw,115,55,10,Extreme
331850,Chenega Bay,2025-02-01,2025,2,peak_consumption_kw,115,55,10,Extreme
331850,Chenega Bay,2025-02-01,2025,2,commercial_sold_to,15120,7030,5,Strong
331850,Chenega Bay,2025-03-01,2025,3,peak_consumption_kw,115,55,10,Extreme
331850,Chenega Bay,2025-04-01,2025,4,peak_consumption_kw,115,55,10,Extreme
331850,Chenega Bay,2025-05-01,2025,5,peak_consumption_kw,115,55,10,Extreme
331850,Chenega Bay,2025-06-01,2025,6,peak_consumption_kw,115,55,10,Extreme
331850,Chenega Bay,2025-06-01,2025,6,govt_facil_sold_to,2161,429,5,Strong
331850,Chenega Bay,2025-07-01,2025,7,peak_consumption_kw,115,55,10,Extreme
331850,Chenega Bay,2025-07-01,2025,7,govt_facil_sold_to,3476,429,10,Extreme
331850,Chenega Bay,2025-08-01,2025,8,peak_consumption_kw,115,55,10,Extreme
331850,Chenega Bay,2025-09-01,2025,9,peak_consumption_kw,115,55,10,Extreme
331850,Chenega Bay,2025-10-01,2025,10,peak_consumption_kw,115,55,10,Extreme
331850,Chenega Bay,2025-11-01,2025,11,peak_consumption_kw,115,55,10,Extreme
331850,Chenega Bay,2025-12-01,2025,12,peak_consumption_kw,115,55,10,Extreme
331850,Chenega Bay,2026-01-01,2026,1,peak_consumption_kw,115,55,10,Extreme
331850,Chenega Bay,2026-02-01,2026,2,peak_consumption_kw,115,55,10,Extreme
331850,Chenega Bay,2026-03-01,2026,3,peak_consumption_kw,115,55,10,Extreme
331850,Chenega Bay,2026-04-01,2026,4,peak_consumption_kw,115,55,10,Extreme
331280,Chevak,2015-07-01,2015,7,commercial_sold_to,31280,15381,6,Strong
331280,Chevak,2015-08-01,2015,8,commercial_sold_to,31715,15381,7,Strong
331280,Chevak,2015-09-01,2015,9,commercial_sold_to,32575,15381,7,Strong
331280,Chevak,2015-10-01,2015,10,commercial_sold_to,31654,15381,7,Strong
331280,Chevak,2015-11-01,2015,11,commercial_sold_to,34068,15381,7,Strong
331280,Chevak,2015-12-01,2015,12,commercial_sold_to,34342,15381,8,Strong
331280,Chevak,2016-01-01,2016,1,commercial_sold_to,34902,15381,8,Strong
331280,Chevak,2016-08-01,2016,8,residential_customers,66,207,32,Extreme
331280,Chevak,2016-10-01,2016,10,residential_customers,68,207,31,Extreme
331280,Chevak,2016-11-01,2016,11,residential_customers,68,207,31,Extreme
331280,Chevak,2016-12-01,2016,12,commercial_sold_to,27624,15381,5,Strong
331280,Chevak,2017-01-01,2017,1,residential_customers,69,207,31,Extreme
331280,Chevak,2017-02-01,2017,2,residential_customers,68,207,31,Extreme
331280,Chevak,2021-12-01,2021,12,fuel_used_gallons,37891,11397,11,Extreme
331280,Chevak,2025-11-01,2025,11,fuel_used_gallons,0,11397,5,Strong
331280,Chevak,2025-11-01,2025,11,commercial_sold_to,33365,15381,7,Strong
331280,Chevak,2025-12-01,2025,12,fuel_used_gallons,0,11397,5,Strong
331280,Chevak,2025-12-01,2025,12,commercial_sold_to,33313,15381,7,Strong
331280,Chevak,2026-01-01,2026,1,fuel_used_gallons,0,11397,5,Strong
331280,Chevak,2026-01-01,2026,1,commercial_sold_to,36772,15381,9,Strong
331280,Chevak,2026-02-01,2026,2,fuel_used_gallons,0,11397,5,Strong
331280,Chevak,2026-02-01,2026,2,commercial_sold_to,31754,15381,7,Strong
331280,Chevak,2026-03-01,2026,3,fuel_used_gallons,0,11397,5,Strong
331280,Chevak,2026-03-01,2026,3,commercial_sold_to,34732,15381,8,Strong
331860,Chignik,2015-08-01,2015,8,fuel_used_gallons,8245,3892,5,Strong
331860,Chignik,2015-08-01,2015,8,diesel_kwh_generated,113561,51970,6,Strong
331860,Chignik,2015-08-01,2015,8,commercial_sold_to,72600,24122,7,Strong
331860,Chignik,2016-09-01,2016,9,pce_eligible_community_kwh,0,6440,8,Strong
331860,Chignik,2016-10-01,2016,10,pce_eligible_community_kwh,0,6440,8,Strong
331860,Chignik,2016-11-01,2016,11,pce_eligible_community_kwh,0,6440,8,Strong
331860,Chignik,2016-12-01,2016,12,pce_eligible_community_kwh,0,6440,8,Strong
331860,Chignik,2017-01-01,2017,1,pce_eligible_community_kwh,0,6440,8,Strong
331860,Chignik,2017-02-01,2017,2,pce_eligible_community_kwh,0,6440,8,Strong
331860,Chignik,2017-06-01,2017,6,commercial_sold_to,63891,24122,6,Strong
331860,Chignik,2017-07-01,2017,7,powerhouse_consumption_kwh,4957,1711,8,Strong
331860,Chignik,2018-05-01,2018,5,commercial_sold_to,64049,24122,6,Strong
331860,Chignik,2018-06-01,2018,6,diesel_kwh_generated,101651,51970,5,Strong
331860,Chignik,2018-06-01,2018,6,commercial_sold_to,71408,24122,7,Strong
331860,Chignik,2018-07-01,2018,7,diesel_kwh_generated,108503,51970,5,Strong
331860,Chignik,2018-07-01,2018,7,commercial_sold_to,71922,24122,7,Strong
331860,Chignik,2018-08-01,2018,8,powerhouse_consumption_kwh,4273,1711,6,Strong
331860,Chignik,2019-05-01,2019,5,commercial_sold_to,58864,24122,5,Strong
331860,Chignik,2019-07-01,2019,7,commercial_sold_to,56093,24122,5,Strong
331860,Chignik,2020-02-01,2020,2,pce_eligible_community_kwh,0,6440,8,Strong
331860,Chignik,2020-02-01,2020,2,com_facil_sold_to,0,9894.5,5,Strong
331860,Chignik,2020-03-01,2020,3,pce_eligible_community_kwh,500,6440,7,Strong
331860,Chignik,2020-03-01,2020,3,com_facil_sold_to,500,9894.5,5,Strong
331860,Chignik,2020-04-01,2020,4,pce_eligible_community_kwh,1837,6440,6,Strong
331860,Chignik,2020-04-01,2020,4,powerhouse_consumption_kwh,39606,1711,96,Extreme
331860,Chignik,2020-05-01,2020,5,powerhouse_consumption_kwh,68390,1711,168,Extreme
331860,Chignik,2020-05-01,2020,5,residential_sold_to,176547,12021,43,Extreme
331860,Chignik,2020-06-01,2020,6,fuel_used_gallons,8269,3892,5,Strong
331860,Chignik,2020-06-01,2020,6,diesel_kwh_generated,198357,51970,14,Extreme
331860,Chignik,2020-06-01,2020,6,commercial_sold_to,58720,24122,5,Strong
331860,Chignik,2022-06-01,2022,6,powerhouse_consumption_kwh,3615,1711,5,Strong
331870,Chignik Lagoon,2016-02-01,2016,2,unbilled_sold_to,25910,602,51,Extreme
331870,Chignik Lagoon,2016-05-01,2016,5,unbilled_sold_to,29518,602,58,Extreme
331870,Chignik Lagoon,2016-06-01,2016,6,unbilled_sold_to,26198,602,51,Extreme
331870,Chignik Lagoon,2016-07-01,2016,7,unbilled_sold_to,24219,602,47,Extreme
331870,Chignik Lagoon,2016-08-01,2016,8,unbilled_sold_to,18172,602,35,Extreme
331870,Chignik Lagoon,2016-09-01,2016,9,unbilled_sold_to,11725,602,22,Extreme
331870,Chignik Lagoon,2016-10-01,2016,10,unbilled_sold_to,18440,602,36,Extreme
331870,Chignik Lagoon,2016-11-01,2016,11,unbilled_sold_to,19317,602,37,Extreme
331870,Chignik Lagoon,2017-12-01,2017,12,unbilled_sold_to,12470,602,24,Extreme
331870,Chignik Lagoon,2018-01-01,2018,1,unbilled_sold_to,7644,602,14,Extreme
331870,Chignik Lagoon,2018-04-01,2018,4,unbilled_sold_to,16823,602,32,Extreme
331870,Chignik Lagoon,2018-05-01,2018,5,unbilled_sold_to,18345,602,35,Extreme
331870,Chignik Lagoon,2018-06-01,2018,6,unbilled_sold_to,19674,602,38,Extreme
331870,Chignik Lagoon,2018-07-01,2018,7,unbilled_sold_to,21388,602,41,Extreme
331870,Chignik Lagoon,2018-08-01,2018,8,unbilled_sold_to,4389,602,8,Strong
331870,Chignik Lagoon,2018-09-01,2018,9,unbilled_sold_to,4417,602,8,Strong
331870,Chignik Lagoon,2018-10-01,2018,10,unbilled_sold_to,8080,602,15,Extreme
331870,Chignik Lagoon,2019-02-01,2019,2,unbilled_sold_to,15275,602,29,Extreme
331870,Chignik Lagoon,2019-03-01,2019,3,powerhouse_consumption_kwh,8797,1689,6,Strong
331870,Chignik Lagoon,2019-03-01,2019,3,unbilled_sold_to,10369,602,19,Extreme
331870,Chignik Lagoon,2019-04-01,2019,4,unbilled_sold_to,19608,602,38,Extreme
331870,Chignik Lagoon,2019-05-01,2019,5,unbilled_sold_to,22620,602,44,Extreme
331870,Chignik Lagoon,2019-06-01,2019,6,unbilled_sold_to,15823,602,30,Extreme
331870,Chignik Lagoon,2021-05-01,2021,5,commercial_sold_to,1655,10520,5,Strong
331870,Chignik Lagoon,2021-12-01,2021,12,powerhouse_consumption_kwh,8306,1689,5,Strong
331870,Chignik Lagoon,2025-12-01,2025,12,commercial_sold_to,18557,10520,5,Strong
331880,Chignik Lake,2016-08-01,2016,8,commercial_sold_to,8872,4569.5,5,Strong
331880,Chignik Lake,2020-03-01,2020,3,peak_consumption_kw,206,63,32,Extreme
331880,Chignik Lake,2020-04-01,2020,4,peak_consumption_kw,206,63,32,Extreme
331880,Chignik Lake,2021-02-01,2021,2,fuel_used_gallons,6351,2684,7,Strong
331880,Chignik Lake,2021-11-01,2021,11,fuel_used_gallons,5880,2684,6,Strong
331880,Chignik Lake,2021-11-01,2021,11,powerhouse_consumption_kwh,2929,768,9,Extreme
331880,Chignik Lake,2022-01-01,2022,1,fuel_used_gallons,5694,2684,6,Strong
331880,Chignik Lake,2022-01-01,2022,1,powerhouse_consumption_kwh,2837,768,9,Strong
331880,Chignik Lake,2022-09-01,2022,9,powerhouse_consumption_kwh,2378,768,7,Strong
331880,Chignik Lake,2022-11-01,2022,11,powerhouse_consumption_kwh,4184,768,15,Extreme
331880,Chignik Lake,2023-09-01,2023,9,powerhouse_consumption_kwh,4613,768,17,Extreme
331880,Chignik Lake,2023-09-01,2023,9,commercial_sold_to,8771,4569.5,5,Strong
331880,Chignik Lake,2023-09-01,2023,9,com_facil_sold_to,8197,3165.5,6,Strong
331880,Chignik Lake,2023-10-01,2023,10,powerhouse_consumption_kwh,2425,768,7,Strong
331880,Chignik Lake,2024-03-01,2024,3,com_facil_sold_to,7644,3165.5,5,Strong
331880,Chignik Lake,2024-04-01,2024,4,com_facil_sold_to,7182,3165.5,5,Strong
331880,Chignik Lake,2025-07-01,2025,7,fuel_used_gallons,7797,2684,10,Extreme
331880,Chignik Lake,2025-07-01,2025,7,diesel_kwh_generated,81623,27572,9,Extreme
331880,Chignik Lake,2025-07-01,2025,7,powerhouse_consumption_kwh,2372,768,7,Strong
331880,Chignik Lake,2025-07-01,2025,7,peak_consumption_kw,120,63,13,Extreme
331880,Chignik Lake,2025-10-01,2025,10,residential_sold_to,21019,10464.5,5,Strong
332660,Chilkat Valley,2015-10-01,2015,10,commercial_sold_to,48708,29556.5,5,Strong
332660,Chilkat Valley,2017-03-01,2017,3,peak_consumption_kw,60,234,5,Strong
332660,Chilkat Valley,2017-04-01,2017,4,peak_consumption_kw,56,234,5,Strong
332660,Chilkat Valley,2020-01-01,2020,1,peak_consumption_kw,480,234,7,Strong
332660,Chilkat Valley,2020-03-01,2020,3,peak_consumption_kw,54,234,5,Strong
332660,Chilkat Valley,2020-04-01,2020,4,peak_consumption_kw,43,234,6,Strong
332660,Chilkat Valley,2020-10-01,2020,10,pce_eligible_community_kwh,1050,127,15,Extreme
332660,Chilkat Valley,2020-10-01,2020,10,com_facil_sold_to,1050,127,15,Extreme
332660,Chilkat Valley,2020-11-01,2020,11,pce_eligible_community_kwh,3522,127,56,Extreme
332660,Chilkat Valley,2020-11-01,2020,11,com_facil_sold_to,3522,127,56,Extreme
332660,Chilkat Valley,2020-12-01,2020,12,pce_eligible_community_kwh,3154,127,50,Extreme
332660,Chilkat Valley,2020-12-01,2020,12,com_facil_sold_to,3154,127,50,Extreme
332660,Chilkat Valley,2021-01-01,2021,1,pce_eligible_community_kwh,3248,127,51,Extreme
332660,Chilkat Valley,2021-01-01,2021,1,com_facil_sold_to,3248,127,51,Extreme
332660,Chilkat Valley,2021-02-01,2021,2,pce_eligible_community_kwh,3689,127,59,Extreme
332660,Chilkat Valley,2021-02-01,2021,2,com_facil_sold_to,3689,127,59,Extreme
332660,Chilkat Valley,2021-03-01,2021,3,pce_eligible_community_kwh,2348,127,37,Extreme
332660,Chilkat Valley,2021-03-01,2021,3,com_facil_sold_to,2348,127,37,Extreme
332660,Chilkat Valley,2021-04-01,2021,4,pce_eligible_community_kwh,1379,127,21,Extreme
332660,Chilkat Valley,2021-04-01,2021,4,com_facil_sold_to,1379,127,21,Extreme
332660,Chilkat Valley,2021-05-01,2021,5,pce_eligible_community_kwh,1809,127,28,Extreme
332660,Chilkat Valley,2021-05-01,2021,5,com_facil_sold_to,1809,127,28,Extreme
332660,Chilkat Valley,2021-06-01,2021,6,pce_eligible_community_kwh,2011,127,31,Extreme
332660,Chilkat Valley,2021-06-01,2021,6,com_facil_sold_to,2011,127,31,Extreme
332660,Chilkat Valley,2021-07-01,2021,7,pce_eligible_community_kwh,1903,127,29,Extreme
332660,Chilkat Valley,2021-07-01,2021,7,com_facil_sold_to,1903,127,29,Extreme
332660,Chilkat Valley,2021-08-01,2021,8,pce_eligible_community_kwh,1747,127,27,Extreme
332660,Chilkat Valley,2021-08-01,2021,8,com_facil_sold_to,1747,127,27,Extreme
332660,Chilkat Valley,2021-09-01,2021,9,pce_eligible_community_kwh,1419,127,21,Extreme
332660,Chilkat Valley,2021-09-01,2021,9,com_facil_sold_to,1419,127,21,Extreme
332660,Chilkat Valley,2021-10-01,2021,10,pce_eligible_community_kwh,1763,127,27,Extreme
332660,Chilkat Valley,2021-10-01,2021,10,com_facil_sold_to,1763,127,27,Extreme
332660,Chilkat Valley,2021-11-01,2021,11,pce_eligible_community_kwh,1160,127,17,Extreme
332660,Chilkat Valley,2021-11-01,2021,11,com_facil_sold_to,1160,127,17,Extreme
332660,Chilkat Valley,2021-12-01,2021,12,pce_eligible_community_kwh,1386,127,21,Extreme
332660,Chilkat Valley,2021-12-01,2021,12,com_facil_sold_to,1386,127,21,Extreme
332660,Chilkat Valley,2022-01-01,2022,1,pce_eligible_community_kwh,1788,127,27,Extreme
332660,Chilkat Valley,2022-01-01,2022,1,com_facil_sold_to,1788,127,27,Extreme
332660,Chilkat Valley,2022-02-01,2022,2,pce_eligible_community_kwh,1800,127,28,Extreme
332660,Chilkat Valley,2022-02-01,2022,2,peak_consumption_kw,61,234,5,Strong
332660,Chilkat Valley,2022-02-01,2022,2,com_facil_sold_to,1800,127,28,Extreme
332660,Chilkat Valley,2022-03-01,2022,3,pce_eligible_community_kwh,2050,127,32,Extreme
332660,Chilkat Valley,2022-03-01,2022,3,com_facil_sold_to,2050,127,32,Extreme
332660,Chilkat Valley,2022-04-01,2022,4,pce_eligible_community_kwh,2028,127,31,Extreme
332660,Chilkat Valley,2022-04-01,2022,4,peak_consumption_kw,41,234,6,Strong
332660,Chilkat Valley,2022-04-01,2022,4,com_facil_sold_to,2028,127,31,Extreme
332660,Chilkat Valley,2022-05-01,2022,5,pce_eligible_community_kwh,1444,127,22,Extreme
332660,Chilkat Valley,2022-05-01,2022,5,peak_consumption_kw,37,234,6,Strong
332660,Chilkat Valley,2022-05-01,2022,5,com_facil_sold_to,1444,127,22,Extreme
332660,Chilkat Valley,2022-06-01,2022,6,pce_eligible_community_kwh,1112,127,16,Extreme
332660,Chilkat Valley,2022-06-01,2022,6,com_facil_sold_to,1112,127,16,Extreme
332660,Chilkat Valley,2022-07-01,2022,7,pce_eligible_community_kwh,702,127,9,Extreme
332660,Chilkat Valley,2022-07-01,2022,7,com_facil_sold_to,702,127,9,Extreme
332660,Chilkat Valley,2022-08-01,2022,8,pce_eligible_community_kwh,669,127,9,Strong
332660,Chilkat Valley,2022-08-01,2022,8,com_facil_sold_to,669,127,9,Strong
332660,Chilkat Valley,2022-09-01,2022,9,pce_eligible_community_kwh,750,127,10,Extreme
332660,Chilkat Valley,2022-09-01,2022,9,com_facil_sold_to,750,127,10,Extreme
332660,Chilkat Valley,2022-10-01,2022,10,pce_eligible_community_kwh,667,127,9,Strong
332660,Chilkat Valley,2022-10-01,2022,10,com_facil_sold_to,667,127,9,Strong
332660,Chilkat Valley,2022-11-01,2022,11,pce_eligible_community_kwh,789,127,11,Extreme
332660,Chilkat Valley,2022-11-01,2022,11,com_facil_sold_to,789,127,11,Extreme
332660,Chilkat Valley,2022-12-01,2022,12,pce_eligible_community_kwh,818,127,11,Extreme
332660,Chilkat Valley,2022-12-01,2022,12,com_facil_sold_to,818,127,11,Extreme
332690,Chilkat Valley/Klukwan,2023-02-01,2023,2,powerhouse_consumption_kwh,14310,4464,59,Extreme
332690,Chilkat Valley/Klukwan,2026-01-01,2026,1,residential_sold_to,117710,77350,5,Strong
332690,Chilkat Valley/Klukwan,2026-03-01,2026,3,residential_customers,221,272,17,Extreme
331070,Chistochina,2015-08-01,2015,8,powerhouse_consumption_kwh,752,127.5,25,Extreme
331070,Chistochina,2015-11-01,2015,11,powerhouse_consumption_kwh,938,127.5,32,Extreme
331070,Chistochina,2015-12-01,2015,12,powerhouse_consumption_kwh,752,127.5,25,Extreme
331070,Chistochina,2016-01-01,2016,1,powerhouse_consumption_kwh,1098,127.5,39,Extreme
331070,Chistochina,2016-02-01,2016,2,diesel_kwh_generated,8880,29970,5,Strong
331070,Chistochina,2016-02-01,2016,2,powerhouse_consumption_kwh,938,127.5,32,Extreme
331070,Chistochina,2016-03-01,2016,3,powerhouse_consumption_kwh,848,127.5,29,Extreme
331070,Chistochina,2016-04-01,2016,4,powerhouse_consumption_kwh,850,127.5,29,Extreme
331070,Chistochina,2016-05-01,2016,5,powerhouse_consumption_kwh,808,127.5,27,Extreme
331070,Chistochina,2016-06-01,2016,6,powerhouse_consumption_kwh,886,127.5,30,Extreme
331070,Chistochina,2016-10-01,2016,10,powerhouse_consumption_kwh,257,127.5,5,Strong
331070,Chistochina,2017-10-01,2017,10,powerhouse_consumption_kwh,241,127.5,5,Strong
331070,Chistochina,2019-06-01,2019,6,residential_sold_to,20169,13090,5,Strong
331070,Chistochina,2019-07-01,2019,7,powerhouse_consumption_kwh,268,127.5,6,Strong
331070,Chistochina,2019-10-01,2019,10,residential_sold_to,23571,13090,7,Strong
331890,Chitina,2020-07-01,2020,7,peak_consumption_kw,190,86,5,Strong
331890,Chitina,2021-01-01,2021,1,unbilled_sold_to,0,575,10,Extreme
331890,Chitina,2022-09-01,2022,9,fuel_used_gallons,6736,3019,11,Extreme
331890,Chitina,2023-12-01,2023,12,pce_eligible_community_kwh,2503,1009,5,Strong
331890,Chitina,2024-01-01,2024,1,pce_eligible_community_kwh,2575,1009,5,Strong
331890,Chitina,2025-06-01,2025,6,peak_consumption_kw,220,86,6,Strong
331890,Chitina,2025-07-01,2025,7,commercial_sold_to,30538,17617,5,Strong
331890,Chitina,2025-12-01,2025,12,pce_eligible_community_kwh,3703,1009,8,Strong
331890,Chitina,2025-12-01,2025,12,com_facil_sold_to,3703,1022,8,Strong
331890,Chitina,2026-01-01,2026,1,pce_eligible_community_kwh,3235,1009,7,Strong
331890,Chitina,2026-01-01,2026,1,com_facil_sold_to,3235,1022,6,Strong
331890,Chitina,2026-05-01,2026,5,pce_eligible_community_kwh,2528,1009,5,Strong
332230,Chuathbaluk,2018-04-01,2018,4,peak_consumption_kw,652,55,81,Extreme
332230,Chuathbaluk,2019-08-01,2019,8,powerhouse_consumption_kwh,1740,836,6,Strong
332230,Chuathbaluk,2021-10-01,2021,10,powerhouse_consumption_kwh,1950,836,8,Strong
332230,Chuathbaluk,2021-12-01,2021,12,powerhouse_consumption_kwh,1510,836,5,Strong
332230,Chuathbaluk,2022-01-01,2022,1,powerhouse_consumption_kwh,1510,836,5,Strong
332230,Chuathbaluk,2022-12-01,2022,12,powerhouse_consumption_kwh,1500,836,5,Strong
332230,Chuathbaluk,2023-01-01,2023,1,powerhouse_consumption_kwh,1510,836,5,Strong
332230,Chuathbaluk,2023-02-01,2023,2,powerhouse_consumption_kwh,2792,836,13,Extreme
332230,Chuathbaluk,2023-03-01,2023,3,powerhouse_consumption_kwh,3740,836,20,Extreme
332230,Chuathbaluk,2023-05-01,2023,5,powerhouse_consumption_kwh,4956,836,28,Extreme
332230,Chuathbaluk,2023-07-01,2023,7,powerhouse_consumption_kwh,1697,836,6,Strong
331900,Circle,2017-11-01,2017,11,commercial_sold_to,10286,4263,5,Strong
331900,Circle,2017-12-01,2017,12,commercial_sold_to,10472,4263,5,Strong
331900,Circle,2018-01-01,2018,1,commercial_sold_to,9674,4263,5,Strong
331900,Circle,2020-12-01,2020,12,commercial_sold_to,12328,4263,7,Strong
331900,Circle,2022-12-01,2022,12,pce_eligible_residential_kwh,16615,8101,8,Strong
331900,Circle,2023-01-01,2023,1,pce_eligible_residential_kwh,13632,8101,5,Strong
331910,Clark's Point,2016-07-01,2016,7,pce_eligible_community_kwh,3640,1038,5,Strong
331910,Clark's Point,2017-03-01,2017,3,pce_eligible_community_kwh,7774,1038,13,Extreme
331910,Clark's Point,2017-03-01,2017,3,com_facil_sold_to,7774,1768,5,Strong
331910,Clark's Point,2017-12-01,2017,12,pce_eligible_community_kwh,3830,1038,5,Strong
331910,Clark's Point,2018-01-01,2018,1,pce_eligible_community_kwh,3547,1038,5,Strong
331910,Clark's Point,2018-07-01,2018,7,unbilled_sold_to,237,5,31,Extreme
331910,Clark's Point,2019-03-01,2019,3,unbilled_sold_to,253,5,33,Extreme
331910,Clark's Point,2019-06-01,2019,6,unbilled_sold_to,71,5,9,Strong
331910,Clark's Point,2022-07-01,2022,7,fuel_used_gallons,5902,2702,6,Strong
331910,Clark's Point,2024-02-01,2024,2,fuel_used_gallons,5532,2702,5,Strong
331910,Clark's Point,2024-02-01,2024,2,diesel_kwh_generated,66680,28800,5,Strong
331910,Clark's Point,2024-03-01,2024,3,fuel_used_gallons,5358,2702,5,Strong
331910,Clark's Point,2024-03-01,2024,3,commercial_sold_to,20022,7130,5,Strong
331910,Clark's Point,2024-03-01,2024,3,unbilled_sold_to,66,5,8,Strong
331910,Clark's Point,2024-04-01,2024,4,unbilled_sold_to,128,5,17,Extreme
331910,Clark's Point,2024-06-01,2024,6,pce_eligible_residential_kwh,16282,9070,5,Strong
331910,Clark's Point,2024-08-01,2024,8,peak_consumption_kw,1457,67,55,Extreme
331910,Clark's Point,2024-10-01,2024,10,pce_eligible_community_kwh,3556,1038,5,Strong
331910,Clark's Point,2024-10-01,2024,10,unbilled_sold_to,55,5,7,Strong
331910,Clark's Point,2024-11-01,2024,11,unbilled_sold_to,241,5,32,Extreme
331910,Clark's Point,2025-01-01,2025,1,pce_eligible_community_kwh,4060,1038,6,Strong
331910,Clark's Point,2025-01-01,2025,1,unbilled_sold_to,325,5,43,Extreme
331910,Clark's Point,2025-02-01,2025,2,unbilled_sold_to,79,5,10,Extreme
331910,Clark's Point,2025-03-01,2025,3,unbilled_sold_to,203,5,27,Extreme
331910,Clark's Point,2025-10-01,2025,10,fuel_used_gallons,0,2702,5,Strong
331910,Clark's Point,2025-12-01,2025,12,unbilled_sold_to,78,5,10,Extreme
331910,Clark's Point,2026-02-01,2026,2,diesel_kwh_generated,69623,28800,5,Strong
331910,Clark's Point,2026-02-01,2026,2,unbilled_sold_to,74,5,9,Extreme
331910,Clark's Point,2026-03-01,2026,3,pce_eligible_community_kwh,3673,1038,5,Strong
331910,Clark's Point,2026-04-01,2026,4,pce_eligible_community_kwh,3674,1038,5,Strong
331910,Clark's Point,2026-04-01,2026,4,unbilled_sold_to,69,5,9,Strong
331980,Cold Bay,2017-01-01,2017,1,govt_facil_sold_to,120710,57717,5,Strong
331980,Cold Bay,2017-03-01,2017,3,govt_facil_sold_to,133575,57717,6,Strong
331980,Cold Bay,2021-05-01,2021,5,pce_eligible_community_kwh,0,4130,7,Strong
331980,Cold Bay,2021-11-01,2021,11,peak_consumption_kw,16700,292,231,Extreme
331920,"Cordova, Eyak",2016-07-01,2016,7,peak_consumption_kw,8776,3763,6,Strong
331920,"Cordova, Eyak",2016-07-01,2016,7,commercial_sold_to,2412164,935338,7,Strong
331920,"Cordova, Eyak",2016-07-01,2016,7,residential_customers,706,967,14,Extreme
331920,"Cordova, Eyak",2016-07-01,2016,7,commercial_customers,866,600,5,Strong
331920,"Cordova, Eyak",2016-08-01,2016,8,peak_consumption_kw,8022,3763,5,Strong
331920,"Cordova, Eyak",2016-08-01,2016,8,commercial_sold_to,2033832,935338,5,Strong
331920,"Cordova, Eyak",2016-08-01,2016,8,residential_customers,706,967,14,Extreme
331920,"Cordova, Eyak",2016-08-01,2016,8,commercial_customers,858,600,5,Strong
331920,"Cordova, Eyak",2016-09-01,2016,9,residential_customers,705,967,14,Extreme
331920,"Cordova, Eyak",2016-09-01,2016,9,commercial_customers,843,600,5,Strong
331920,"Cordova, Eyak",2016-10-01,2016,10,residential_customers,714,967,13,Extreme
331920,"Cordova, Eyak",2016-11-01,2016,11,residential_customers,712,967,13,Extreme
331920,"Cordova, Eyak",2016-12-01,2016,12,residential_customers,715,967,13,Extreme
331920,"Cordova, Eyak",2017-01-01,2017,1,residential_customers,721,967,13,Extreme
331920,"Cordova, Eyak",2017-02-01,2017,2,residential_customers,726,967,13,Extreme
331920,"Cordova, Eyak",2017-03-01,2017,3,residential_customers,736,967,12,Extreme
331920,"Cordova, Eyak",2017-04-01,2017,4,residential_customers,736,967,12,Extreme
331920,"Cordova, Eyak",2017-05-01,2017,5,residential_customers,738,967,12,Extreme
331920,"Cordova, Eyak",2017-05-01,2017,5,commercial_customers,855,600,5,Strong
331920,"Cordova, Eyak",2017-06-01,2017,6,residential_customers,741,967,12,Extreme
331920,"Cordova, Eyak",2017-06-01,2017,6,commercial_customers,859,600,5,Strong
331920,"Cordova, Eyak",2017-07-01,2017,7,commercial_sold_to,3617271,935338,13,Extreme
331920,"Cordova, Eyak",2017-07-01,2017,7,residential_customers,830,967,7,Strong
331920,"Cordova, Eyak",2017-08-01,2017,8,peak_consumption_kw,8549,3763,6,Strong
331920,"Cordova, Eyak",2017-08-01,2017,8,commercial_sold_to,2873127,935338,9,Extreme
331920,"Cordova, Eyak",2018-06-01,2018,6,peak_consumption_kw,7574,3763,5,Strong
331920,"Cordova, Eyak",2018-06-01,2018,6,commercial_sold_to,2190211,935338,6,Strong
331920,"Cordova, Eyak",2018-07-01,2018,7,peak_consumption_kw,37,3763,5,Strong
331920,"Cordova, Eyak",2018-07-01,2018,7,commercial_sold_to,2877812,935338,9,Extreme
331920,"Cordova, Eyak",2018-08-01,2018,8,peak_consumption_kw,8059,3763,5,Strong
331920,"Cordova, Eyak",2018-08-01,2018,8,commercial_sold_to,2778427,935338,9,Strong
331920,"Cordova, Eyak",2018-12-01,2018,12,peak_consumption_kw,17075,3763,16,Extreme
331920,"Cordova, Eyak",2019-06-01,2019,6,peak_consumption_kw,7602,3763,5,Strong
331920,"Cordova, Eyak",2019-06-01,2019,6,commercial_sold_to,2127496,935338,6,Strong
331920,"Cordova, Eyak",2019-07-01,2019,7,peak_consumption_kw,8106,3763,5,Strong
331920,"Cordova, Eyak",2019-07-01,2019,7,commercial_sold_to,2850529,935338,9,Extreme
331920,"Cordova, Eyak",2019-07-01,2019,7,residential_customers,852,967,6,Strong
331920,"Cordova, Eyak",2019-07-01,2019,7,commercial_customers,309,600,6,Strong
331920,"Cordova, Eyak",2019-08-01,2019,8,peak_consumption_kw,8761,3763,6,Strong
331920,"Cordova, Eyak",2019-08-01,2019,8,commercial_sold_to,3174627,935338,11,Extreme
331920,"Cordova, Eyak",2019-08-01,2019,8,residential_customers,869,967,5,Strong
331920,"Cordova, Eyak",2019-09-01,2019,9,residential_customers,840,967,7,Strong
331920,"Cordova, Eyak",2020-07-01,2020,7,commercial_sold_to,2389128,935338,7,Strong
331920,"Cordova, Eyak",2020-08-01,2020,8,commercial_sold_to,2414939,935338,7,Strong
331920,"Cordova, Eyak",2021-07-01,2021,7,peak_consumption_kw,8282,3763,6,Strong
331920,"Cordova, Eyak",2021-07-01,2021,7,commercial_sold_to,3170344,935338,11,Extreme
331920,"Cordova, Eyak",2021-08-01,2021,8,peak_consumption_kw,8030,3763,5,Strong
331920,"Cordova, Eyak",2021-08-01,2021,8,commercial_sold_to,3084777,935338,10,Extreme
331920,"Cordova, Eyak",2022-06-01,2022,6,powerhouse_consumption_kwh,140666,27152,5,Strong
331920,"Cordova, Eyak",2022-07-01,2022,7,peak_consumption_kw,8949,3763,6,Strong
331920,"Cordova, Eyak",2022-07-01,2022,7,commercial_sold_to,3136946,935338,10,Extreme
331920,"Cordova, Eyak",2022-07-01,2022,7,residential_customers,755,967,11,Extreme
331920,"Cordova, Eyak",2022-07-01,2022,7,commercial_customers,886,600,6,Strong
331920,"Cordova, Eyak",2022-11-01,2022,11,commercial_customers,208,600,8,Strong
331920,"Cordova, Eyak",2022-11-01,2022,11,govt_facil_customers,455,46,276,Extreme
331920,"Cordova, Eyak",2023-01-01,2023,1,commercial_customers,216,600,7,Strong
331920,"Cordova, Eyak",2023-01-01,2023,1,govt_facil_customers,444,46,268,Extreme
331920,"Cordova, Eyak",2023-02-01,2023,2,powerhouse_consumption_kwh,185753,27152,7,Strong
331920,"Cordova, Eyak",2023-03-01,2023,3,commercial_customers,207,600,8,Strong
331920,"Cordova, Eyak",2023-03-01,2023,3,govt_facil_customers,444,46,268,Extreme
331920,"Cordova, Eyak",2023-06-01,2023,6,peak_consumption_kw,7643,3763,5,Strong
331920,"Cordova, Eyak",2023-06-01,2023,6,commercial_sold_to,2035634,935338,5,Strong
331920,"Cordova, Eyak",2023-07-01,2023,7,peak_consumption_kw,8885,3763,6,Strong
331920,"Cordova, Eyak",2023-07-01,2023,7,residential_sold_to,2743630,403520,56,Extreme
331920,"Cordova, Eyak",2023-08-01,2023,8,peak_consumption_kw,9619,3763,7,Strong
331920,"Cordova, Eyak",2023-08-01,2023,8,commercial_sold_to,3384703,935338,12,Extreme
331920,"Cordova, Eyak",2024-07-01,2024,7,commercial_sold_to,2312733,935338,6,Strong
331920,"Cordova, Eyak",2025-06-01,2025,6,commercial_sold_to,1958461,935338,5,Strong
331920,"Cordova, Eyak",2025-07-01,2025,7,peak_consumption_kw,8558,3763,6,Strong
331920,"Cordova, Eyak",2025-07-01,2025,7,residential_sold_to,179961,403520,5,Strong
331920,"Cordova, Eyak",2025-07-01,2025,7,commercial_sold_to,3626529,935338,13,Extreme
331920,"Cordova, Eyak",2025-08-01,2025,8,peak_consumption_kw,7724,3763,5,Strong
331920,"Cordova, Eyak",2025-08-01,2025,8,commercial_sold_to,2551702,935338,8,Strong
331920,"Cordova, Eyak",2026-03-01,2026,3,residential_customers,749,967,11,Extreme
331920,"Cordova, Eyak",2026-04-01,2026,4,residential_customers,751,967,11,Extreme
331920,"Cordova, Eyak",2026-05-01,2026,5,residential_customers,751,967,11,Extreme
331090,Craig,2015-07-01,2015,7,diesel_kwh_generated,648599,85088,5,Strong
331090,Craig,2015-07-01,2015,7,commercial_sold_to,795804,320177,10,Extreme
331090,Craig,2015-08-01,2015,8,fuel_used_gallons,65096,7030,6,Strong
331090,Craig,2015-08-01,2015,8,diesel_kwh_generated,940051,85088,8,Strong
331090,Craig,2015-08-01,2015,8,commercial_sold_to,1168310,320177,18,Extreme
331090,Craig,2017-01-01,2017,1,fuel_used_gallons,57781,7030,6,Strong
331090,Craig,2017-01-01,2017,1,diesel_kwh_generated,816477,85088,7,Strong
331090,Craig,2017-03-01,2017,3,fuel_used_gallons,77491,7030,8,Strong
331090,Craig,2017-03-01,2017,3,diesel_kwh_generated,1131766,85088,9,Extreme
331090,Craig,2017-04-01,2017,4,fuel_used_gallons,61544,7030,6,Strong
331090,Craig,2017-04-01,2017,4,diesel_kwh_generated,891713,85088,7,Strong
331090,Craig,2017-08-01,2017,8,commercial_sold_to,671875,320177,8,Strong
331090,Craig,2018-02-01,2018,2,fuel_used_gallons,64300,7030,6,Strong
331090,Craig,2018-02-01,2018,2,diesel_kwh_generated,885042,85088,7,Strong
331090,Craig,2018-03-01,2018,3,fuel_used_gallons,93673,7030,9,Extreme
331090,Craig,2018-03-01,2018,3,diesel_kwh_generated,1345511,85088,11,Extreme
331090,Craig,2018-04-01,2018,4,fuel_used_gallons,84807,7030,9,Strong
331090,Craig,2018-04-01,2018,4,diesel_kwh_generated,1127108,85088,9,Extreme
331090,Craig,2018-08-01,2018,8,fuel_used_gallons,62261,7030,6,Strong
331090,Craig,2018-08-01,2018,8,diesel_kwh_generated,865441,85088,7,Strong
331090,Craig,2018-08-01,2018,8,commercial_sold_to,637815,320177,7,Strong
331090,Craig,2019-03-01,2019,3,fuel_used_gallons,61749,7030,6,Strong
331090,Craig,2019-03-01,2019,3,diesel_kwh_generated,894673,85088,7,Strong
331090,Craig,2019-04-01,2019,4,fuel_used_gallons,56316,7030,5,Strong
331090,Craig,2019-04-01,2019,4,diesel_kwh_generated,773999,85088,6,Strong
331090,Craig,2019-08-01,2019,8,fuel_used_gallons,92354,7030,9,Extreme
331090,Craig,2019-08-01,2019,8,diesel_kwh_generated,1301792,85088,11,Extreme
331090,Craig,2019-08-01,2019,8,commercial_sold_to,1022978,320177,15,Extreme
331090,Craig,2019-09-01,2019,9,commercial_sold_to,535700,320177,5,Strong
331090,Craig,2020-04-01,2020,4,fuel_used_gallons,65450,7030,6,Strong
331090,Craig,2020-04-01,2020,4,diesel_kwh_generated,953239,85088,8,Strong
331090,Craig,2021-04-01,2021,4,fuel_used_gallons,63322,7030,6,Strong
331090,Craig,2021-04-01,2021,4,diesel_kwh_generated,965418,85088,8,Strong
331090,Craig,2021-08-01,2021,8,commercial_sold_to,1125696,320177,17,Extreme
331090,Craig,2021-09-01,2021,9,commercial_sold_to,615948,320177,6,Strong
331090,Craig,2022-06-01,2022,6,commercial_sold_to,649703,320177,7,Strong
331090,Craig,2022-07-01,2022,7,commercial_sold_to,792629,320177,10,Extreme
331090,Craig,2022-08-01,2022,8,fuel_used_gallons,48522,7030,5,Strong
331090,Craig,2022-08-01,2022,8,diesel_kwh_generated,693637,85088,5,Strong
331090,Craig,2022-08-01,2022,8,commercial_sold_to,1843607,320177,33,Extreme
331090,Craig,2023-03-01,2023,3,fuel_used_gallons,68613,7030,7,Strong
331090,Craig,2023-03-01,2023,3,diesel_kwh_generated,1027003,85088,8,Strong
331090,Craig,2023-07-01,2023,7,commercial_sold_to,996998,320177,15,Extreme
331090,Craig,2023-08-01,2023,8,fuel_used_gallons,97278,7030,10,Extreme
331090,Craig,2023-08-01,2023,8,diesel_kwh_generated,1382089,85088,12,Extreme
331090,Craig,2023-08-01,2023,8,commercial_sold_to,2245289,320177,41,Extreme
331090,Craig,2024-07-01,2024,7,fuel_used_gallons,61295,7030,6,Strong
331090,Craig,2024-07-01,2024,7,diesel_kwh_generated,869846,85088,7,Strong
331090,Craig,2024-07-01,2024,7,commercial_sold_to,1048097,320177,16,Extreme
331090,Craig,2024-08-01,2024,8,fuel_used_gallons,145013,7030,15,Extreme
331090,Craig,2024-08-01,2024,8,diesel_kwh_generated,2078313,85088,18,Extreme
331090,Craig,2024-08-01,2024,8,commercial_sold_to,1471261,320177,25,Extreme
331090,Craig,2024-09-01,2024,9,fuel_used_gallons,48159,7030,5,Strong
331090,Craig,2024-09-01,2024,9,diesel_kwh_generated,618309,85088,5,Strong
331090,Craig,2025-07-01,2025,7,commercial_sold_to,1256854,320177,20,Extreme
331090,Craig,2025-08-01,2025,8,commercial_sold_to,1741699,320177,31,Extreme
331090,Craig,2026-01-01,2026,1,residential_customers,569,666,6,Strong
331090,Craig,2026-02-01,2026,2,residential_customers,567,666,6,Strong
332240,Crooked Creek,2019-10-01,2019,10,peak_consumption_kw,200,58,7,Strong
332240,Crooked Creek,2020-10-01,2020,10,fuel_used_gallons,3747,2009,5,Strong
332240,Crooked Creek,2020-10-01,2020,10,commercial_sold_to,20391,8639,6,Strong
332240,Crooked Creek,2021-02-01,2021,2,powerhouse_consumption_kwh,2093,1062,6,Strong
332240,Crooked Creek,2023-01-01,2023,1,govt_facil_sold_to,4174,988,8,Strong
332240,Crooked Creek,2024-01-01,2024,1,pce_eligible_residential_kwh,11023,7148,5,Strong
332240,Crooked Creek,2024-01-01,2024,1,pce_eligible_community_kwh,6245,2249,8,Strong
332240,Crooked Creek,2024-01-01,2024,1,fuel_used_gallons,4302,2009,6,Strong
332240,Crooked Creek,2024-01-01,2024,1,diesel_kwh_generated,45175,22810,5,Strong
332240,Crooked Creek,2024-01-01,2024,1,com_facil_sold_to,6245,2418,10,Extreme
332240,Crooked Creek,2024-01-01,2024,1,govt_facil_sold_to,3439,988,6,Strong
332240,Crooked Creek,2024-03-01,2024,3,govt_facil_sold_to,2900,988,5,Strong
332240,Crooked Creek,2025-11-01,2025,11,com_facil_sold_to,4411,2418,5,Strong
332240,Crooked Creek,2025-12-01,2025,12,com_facil_sold_to,4292,2418,5,Strong
332240,Crooked Creek,2026-01-01,2026,1,com_facil_sold_to,5211,2418,7,Strong
332240,Crooked Creek,2026-02-01,2026,2,com_facil_sold_to,4213,2418,5,Strong
332240,Crooked Creek,2026-03-01,2026,3,powerhouse_consumption_kwh,1930,1062,5,Strong
332240,Crooked Creek,2026-03-01,2026,3,com_facil_sold_to,5240,2418,7,Strong
332240,Crooked Creek,2026-04-01,2026,4,powerhouse_consumption_kwh,1954,1062,5,Strong
332060,Deering,2015-12-01,2015,12,unbilled_sold_to,2165,128.5,15,Extreme
332060,Deering,2016-01-01,2016,1,unbilled_sold_to,1012,128.5,7,Strong
332060,Deering,2016-02-01,2016,2,unbilled_sold_to,741,128.5,5,Strong
332060,Deering,2020-02-01,2020,2,powerhouse_consumption_kwh,5462,2389,6,Strong
332060,Deering,2021-08-01,2021,8,powerhouse_consumption_kwh,22,2389,5,Strong
332060,Deering,2021-09-01,2021,9,powerhouse_consumption_kwh,16,2389,5,Strong
332060,Deering,2021-10-01,2021,10,powerhouse_consumption_kwh,23,2389,5,Strong
332060,Deering,2021-10-01,2021,10,unbilled_sold_to,5623,128.5,41,Extreme
332060,Deering,2023-01-01,2023,1,unbilled_sold_to,2090,128.5,15,Extreme
332060,Deering,2024-01-01,2024,1,com_facil_sold_to,18840,9467.5,5,Strong
332060,Deering,2024-05-01,2024,5,unbilled_sold_to,797,128.5,5,Strong
332060,Deering,2024-07-01,2024,7,unbilled_sold_to,3817,128.5,27,Extreme
332060,Deering,2024-12-01,2024,12,com_facil_sold_to,19479,9467.5,5,Strong
332060,Deering,2024-12-01,2024,12,unbilled_sold_to,901,128.5,6,Strong
332060,Deering,2025-03-01,2025,3,unbilled_sold_to,1021,128.5,7,Strong
332060,Deering,2025-10-01,2025,10,unbilled_sold_to,844,128.5,5,Strong
332060,Deering,2025-12-01,2025,12,unbilled_sold_to,1465,128.5,10,Extreme
332430,"Dillingham, Aleknagik",2016-07-01,2016,7,diesel_kwh_generated,2275400,1431600,6,Strong
332430,"Dillingham, Aleknagik",2016-07-01,2016,7,peak_consumption_kw,4240,2490,5,Strong
332430,"Dillingham, Aleknagik",2016-07-01,2016,7,commercial_sold_to,1682902,716112,12,Extreme
332430,"Dillingham, Aleknagik",2016-08-01,2016,8,fuel_used_gallons,140763,96310,5,Strong
332430,"Dillingham, Aleknagik",2016-08-01,2016,8,peak_consumption_kw,4210,2490,5,Strong
332430,"Dillingham, Aleknagik",2016-08-01,2016,8,commercial_sold_to,1386851,716112,9,Strong
332430,"Dillingham, Aleknagik",2017-02-01,2017,2,com_facil_sold_to,151902,80329,6,Strong
332430,"Dillingham, Aleknagik",2017-07-01,2017,7,fuel_used_gallons,159096,96310,7,Strong
332430,"Dillingham, Aleknagik",2017-07-01,2017,7,diesel_kwh_generated,2389000,1431600,6,Strong
332430,"Dillingham, Aleknagik",2017-07-01,2017,7,peak_consumption_kw,4360,2490,6,Strong
332430,"Dillingham, Aleknagik",2017-07-01,2017,7,commercial_sold_to,1744038,716112,13,Extreme
332430,"Dillingham, Aleknagik",2017-08-01,2017,8,peak_consumption_kw,4090,2490,5,Strong
332430,"Dillingham, Aleknagik",2017-08-01,2017,8,commercial_sold_to,1074869,716112,5,Strong
332430,"Dillingham, Aleknagik",2018-07-01,2018,7,fuel_used_gallons,169629,96310,8,Strong
332430,"Dillingham, Aleknagik",2018-07-01,2018,7,diesel_kwh_generated,2546200,1431600,7,Strong
332430,"Dillingham, Aleknagik",2018-07-01,2018,7,peak_consumption_kw,4600,2490,7,Strong
332430,"Dillingham, Aleknagik",2018-07-01,2018,7,commercial_sold_to,1853171,716112,15,Extreme
332430,"Dillingham, Aleknagik",2018-08-01,2018,8,fuel_used_gallons,146320,96310,5,Strong
332430,"Dillingham, Aleknagik",2018-08-01,2018,8,diesel_kwh_generated,2217000,1431600,5,Strong
332430,"Dillingham, Aleknagik",2018-08-01,2018,8,peak_consumption_kw,4500,2490,6,Strong
332430,"Dillingham, Aleknagik",2018-08-01,2018,8,commercial_sold_to,1523173,716112,10,Extreme
332430,"Dillingham, Aleknagik",2019-07-01,2019,7,fuel_used_gallons,199294,96310,11,Extreme
332430,"Dillingham, Aleknagik",2019-07-01,2019,7,diesel_kwh_generated,3026364,1431600,11,Extreme
332430,"Dillingham, Aleknagik",2019-07-01,2019,7,powerhouse_consumption_kwh,97603,39954,6,Strong
332430,"Dillingham, Aleknagik",2019-07-01,2019,7,peak_consumption_kw,6050,2490,11,Extreme
332430,"Dillingham, Aleknagik",2019-07-01,2019,7,commercial_sold_to,2352448,716112,21,Extreme
332430,"Dillingham, Aleknagik",2019-08-01,2019,8,peak_consumption_kw,5020,2490,8,Strong
332430,"Dillingham, Aleknagik",2019-08-01,2019,8,commercial_sold_to,1260186,716112,7,Strong
332430,"Dillingham, Aleknagik",2020-01-01,2020,1,unbilled_sold_to,13438,0,NA,Strong
332430,"Dillingham, Aleknagik",2020-07-01,2020,7,fuel_used_gallons,163501,96310,7,Strong
332430,"Dillingham, Aleknagik",2020-07-01,2020,7,diesel_kwh_generated,2446241,1431600,7,Strong
332430,"Dillingham, Aleknagik",2020-07-01,2020,7,peak_consumption_kw,5720,2490,10,Extreme
332430,"Dillingham, Aleknagik",2020-07-01,2020,7,commercial_sold_to,1857841,716112,15,Extreme
332430,"Dillingham, Aleknagik",2020-08-01,2020,8,peak_consumption_kw,5525,2490,10,Extreme
332430,"Dillingham, Aleknagik",2020-08-01,2020,8,commercial_sold_to,1206792,716112,6,Strong
332430,"Dillingham, Aleknagik",2021-07-01,2021,7,fuel_used_gallons,202239,96310,12,Extreme
332430,"Dillingham, Aleknagik",2021-07-01,2021,7,diesel_kwh_generated,3064875,1431600,11,Extreme
332430,"Dillingham, Aleknagik",2021-07-01,2021,7,peak_consumption_kw,6255,2490,12,Extreme
332430,"Dillingham, Aleknagik",2021-07-01,2021,7,commercial_sold_to,2342610,716112,21,Extreme
332430,"Dillingham, Aleknagik",2021-08-01,2021,8,peak_consumption_kw,5820,2490,10,Extreme
332430,"Dillingham, Aleknagik",2021-08-01,2021,8,commercial_sold_to,1345751,716112,8,Strong
332430,"Dillingham, Aleknagik",2022-05-01,2022,5,peak_consumption_kw,3974,2490,5,Strong
332430,"Dillingham, Aleknagik",2022-05-01,2022,5,commercial_sold_to,1244815,716112,7,Strong
332430,"Dillingham, Aleknagik",2022-06-01,2022,6,peak_consumption_kw,3955,2490,5,Strong
332430,"Dillingham, Aleknagik",2022-07-01,2022,7,fuel_used_gallons,217983,96310,13,Extreme
332430,"Dillingham, Aleknagik",2022-07-01,2022,7,diesel_kwh_generated,3284252,1431600,12,Extreme
332430,"Dillingham, Aleknagik",2022-07-01,2022,7,powerhouse_consumption_kwh,87212,39954,5,Strong
332430,"Dillingham, Aleknagik",2022-07-01,2022,7,peak_consumption_kw,6480,2490,13,Extreme
332430,"Dillingham, Aleknagik",2022-07-01,2022,7,commercial_sold_to,2677337,716112,25,Extreme
332430,"Dillingham, Aleknagik",2022-08-01,2022,8,peak_consumption_kw,5920,2490,11,Extreme
332430,"Dillingham, Aleknagik",2022-08-01,2022,8,commercial_sold_to,1183298,716112,6,Strong
332430,"Dillingham, Aleknagik",2023-07-01,2023,7,fuel_used_gallons,204672,96310,12,Extreme
332430,"Dillingham, Aleknagik",2023-07-01,2023,7,diesel_kwh_generated,3098114,1431600,11,Extreme
332430,"Dillingham, Aleknagik",2023-07-01,2023,7,peak_consumption_kw,6555,2490,13,Extreme
332430,"Dillingham, Aleknagik",2023-07-01,2023,7,commercial_sold_to,2458551,716112,23,Extreme
332430,"Dillingham, Aleknagik",2023-08-01,2023,8,fuel_used_gallons,143887,96310,5,Strong
332430,"Dillingham, Aleknagik",2023-08-01,2023,8,diesel_kwh_generated,2163446,1431600,5,Strong
332430,"Dillingham, Aleknagik",2023-08-01,2023,8,peak_consumption_kw,6580,2490,13,Extreme
332430,"Dillingham, Aleknagik",2023-08-01,2023,8,commercial_sold_to,1395112,716112,9,Strong
332430,"Dillingham, Aleknagik",2024-07-01,2024,7,fuel_used_gallons,178032,96310,9,Strong
332430,"Dillingham, Aleknagik",2024-07-01,2024,7,diesel_kwh_generated,2718892,1431600,9,Strong
332430,"Dillingham, Aleknagik",2024-07-01,2024,7,peak_consumption_kw,5775,2490,10,Extreme
332430,"Dillingham, Aleknagik",2024-07-01,2024,7,commercial_sold_to,2036558,716112,17,Extreme
332430,"Dillingham, Aleknagik",2024-08-01,2024,8,peak_consumption_kw,5450,2490,9,Extreme
332430,"Dillingham, Aleknagik",2024-08-01,2024,8,commercial_sold_to,1199001,716112,6,Strong
332430,"Dillingham, Aleknagik",2025-07-01,2025,7,fuel_used_gallons,213975,96310,13,Extreme
332430,"Dillingham, Aleknagik",2025-07-01,2025,7,diesel_kwh_generated,3278944,1431600,12,Extreme
332430,"Dillingham, Aleknagik",2025-07-01,2025,7,peak_consumption_kw,6650,2490,13,Extreme
332430,"Dillingham, Aleknagik",2025-07-01,2025,7,commercial_sold_to,2547720,716112,24,Extreme
332430,"Dillingham, Aleknagik",2025-08-01,2025,8,peak_consumption_kw,5465,2490,9,Extreme
332430,"Dillingham, Aleknagik",2025-08-01,2025,8,commercial_sold_to,1316540,716112,8,Strong
332430,"Dillingham, Aleknagik",2026-02-01,2026,2,residential_customers,829,971,6,Strong
332430,"Dillingham, Aleknagik",2026-03-01,2026,3,residential_customers,822,971,6,Strong
332430,"Dillingham, Aleknagik",2026-05-01,2026,5,residential_customers,825,971,6,Strong
331930,Diomede,2016-11-01,2016,11,govt_facil_sold_to,595,107,6,Strong
331930,Diomede,2016-12-01,2016,12,govt_facil_sold_to,696,107,7,Strong
331930,Diomede,2017-01-01,2017,1,residential_sold_to,25865,9206,6,Strong
331930,Diomede,2017-01-01,2017,1,govt_facil_sold_to,783,107,8,Strong
331930,Diomede,2017-02-01,2017,2,govt_facil_sold_to,609,107,6,Strong
331930,Diomede,2017-03-01,2017,3,govt_facil_sold_to,668,107,7,Strong
331930,Diomede,2017-04-01,2017,4,residential_sold_to,25738,9206,6,Strong
331930,Diomede,2017-04-01,2017,4,com_facil_sold_to,4673,1150,6,Strong
331930,Diomede,2017-04-01,2017,4,govt_facil_sold_to,788,107,8,Strong
331930,Diomede,2017-05-01,2017,5,residential_sold_to,23111,9206,5,Strong
331930,Diomede,2017-05-01,2017,5,com_facil_sold_to,4981,1150,7,Strong
331930,Diomede,2017-05-01,2017,5,govt_facil_sold_to,1426,107,16,Extreme
331930,Diomede,2017-07-01,2017,7,govt_facil_sold_to,1238,107,13,Extreme
331930,Diomede,2017-08-01,2017,8,govt_facil_sold_to,656,107,6,Strong
331930,Diomede,2017-09-01,2017,9,govt_facil_sold_to,1057,107,11,Extreme
331930,Diomede,2017-10-01,2017,10,pce_eligible_community_kwh,14810,982,27,Extreme
331930,Diomede,2017-10-01,2017,10,com_facil_sold_to,14810,1150,24,Extreme
331930,Diomede,2017-10-01,2017,10,govt_facil_sold_to,14115,107,166,Extreme
331930,Diomede,2017-11-01,2017,11,govt_facil_sold_to,503,107,5,Strong
331930,Diomede,2017-12-01,2017,12,govt_facil_sold_to,643,107,6,Strong
331930,Diomede,2018-01-01,2018,1,powerhouse_consumption_kwh,15022,3575,7,Strong
331930,Diomede,2018-01-01,2018,1,govt_facil_sold_to,605,107,6,Strong
331930,Diomede,2018-03-01,2018,3,govt_facil_sold_to,581,107,6,Strong
331930,Diomede,2018-03-01,2018,3,unbilled_sold_to,4464,1654,6,Strong
331930,Diomede,2018-04-01,2018,4,residential_sold_to,22747,9206,5,Strong
331930,Diomede,2018-04-01,2018,4,govt_facil_sold_to,521,107,5,Strong
331930,Diomede,2018-06-01,2018,6,govt_facil_sold_to,552,107,5,Strong
331930,Diomede,2018-06-01,2018,6,unbilled_sold_to,4201,1654,6,Strong
331930,Diomede,2018-07-01,2018,7,govt_facil_sold_to,583,107,6,Strong
331930,Diomede,2018-08-01,2018,8,govt_facil_sold_to,604,107,6,Strong
331930,Diomede,2021-03-01,2021,3,peak_consumption_kw,198,89,5,Strong
331930,Diomede,2021-07-01,2021,7,unbilled_sold_to,4556,1654,7,Strong
331930,Diomede,2021-09-01,2021,9,unbilled_sold_to,7671,1654,14,Extreme
331930,Diomede,2022-11-01,2022,11,fuel_used_gallons,0,3555,6,Strong
331930,Diomede,2022-11-01,2022,11,commercial_sold_to,0,17818,5,Strong
331930,Diomede,2022-12-01,2022,12,diesel_kwh_generated,78953,36979,8,Strong
331930,Diomede,2022-12-01,2022,12,commercial_sold_to,47719,17818,9,Strong
331930,Diomede,2022-12-01,2022,12,unbilled_sold_to,3837,1654,5,Strong
331930,Diomede,2023-01-01,2023,1,unbilled_sold_to,4035,1654,5,Strong
331100,"Dot Lake, Dot Lake Village",2016-05-01,2016,5,commercial_sold_to,23061,12669.5,5,Strong
331100,"Dot Lake, Dot Lake Village",2026-01-01,2026,1,residential_sold_to,14513,7703.5,5,Strong
331110,"Eagle, Eagle Village",2022-02-01,2022,2,fuel_used_gallons,8859,5169,5,Strong
331110,"Eagle, Eagle Village",2025-12-01,2025,12,pce_eligible_residential_kwh,30890,22992.5,5,Strong
331110,"Eagle, Eagle Village",2025-12-01,2025,12,residential_sold_to,36411,25494.5,6,Strong
331110,"Eagle, Eagle Village",2026-01-01,2026,1,pce_eligible_residential_kwh,31508,22992.5,6,Strong
331110,"Eagle, Eagle Village",2026-01-01,2026,1,residential_sold_to,37994,25494.5,6,Strong
331290,Eek,2015-11-01,2015,11,pce_eligible_community_kwh,10934,3780,5,Strong
331290,Eek,2015-11-01,2015,11,commercial_sold_to,24815,10244,5,Strong
331290,Eek,2015-12-01,2015,12,commercial_sold_to,23144,10244,5,Strong
331290,Eek,2016-01-01,2016,1,pce_eligible_community_kwh,12098,3780,5,Strong
331290,Eek,2016-01-01,2016,1,commercial_sold_to,31061,10244,7,Strong
331290,Eek,2016-02-01,2016,2,pce_eligible_community_kwh,11980,3780,5,Strong
331290,Eek,2016-03-01,2016,3,pce_eligible_community_kwh,11383,3780,5,Strong
331290,Eek,2016-12-01,2016,12,pce_eligible_community_kwh,11943,3780,5,Strong
331290,Eek,2017-01-01,2017,1,pce_eligible_community_kwh,12719,3780,6,Strong
331290,Eek,2017-02-01,2017,2,pce_eligible_community_kwh,14204,3780,7,Strong
331290,Eek,2017-03-01,2017,3,pce_eligible_community_kwh,16501,3780,8,Strong
331290,Eek,2022-01-01,2022,1,com_facil_sold_to,51642,18757,5,Strong
331290,Eek,2022-02-01,2022,2,com_facil_sold_to,49669,18757,5,Strong
331290,Eek,2025-07-01,2025,7,powerhouse_consumption_kwh,6735,1612,9,Strong
331290,Eek,2025-08-01,2025,8,powerhouse_consumption_kwh,6197,1612,8,Strong
331290,Eek,2025-09-01,2025,9,powerhouse_consumption_kwh,7362,1612,10,Extreme
331290,Eek,2025-10-01,2025,10,powerhouse_consumption_kwh,7362,1612,10,Extreme
331290,Eek,2025-11-01,2025,11,commercial_sold_to,32472,10244,8,Strong
331290,Eek,2025-12-01,2025,12,commercial_sold_to,34864,10244,9,Strong
331290,Eek,2026-01-01,2026,1,commercial_sold_to,37804,10244,10,Extreme
331290,Eek,2026-02-01,2026,2,commercial_sold_to,36037,10244,9,Extreme
331290,Eek,2026-03-01,2026,3,commercial_sold_to,39970,10244,11,Extreme
331940,Egegik,2015-12-01,2015,12,residential_customers,26,84,39,Extreme
331940,Egegik,2016-01-01,2016,1,residential_customers,26,84,39,Extreme
331940,Egegik,2016-02-01,2016,2,residential_customers,27,84,38,Extreme
331940,Egegik,2016-03-01,2016,3,residential_customers,27,84,38,Extreme
331940,Egegik,2016-04-01,2016,4,residential_customers,26,84,39,Extreme
331940,Egegik,2016-05-01,2016,5,commercial_sold_to,45643,14387.5,6,Strong
331940,Egegik,2016-06-01,2016,6,commercial_sold_to,60723,14387.5,8,Strong
331940,Egegik,2016-07-01,2016,7,commercial_sold_to,53677,14387.5,7,Strong
331940,Egegik,2016-10-01,2016,10,residential_customers,31,84,36,Extreme
331940,Egegik,2016-11-01,2016,11,residential_customers,28,84,38,Extreme
331940,Egegik,2016-12-01,2016,12,residential_customers,27,84,38,Extreme
331940,Egegik,2017-01-01,2017,1,residential_customers,26,84,39,Extreme
331940,Egegik,2017-02-01,2017,2,residential_customers,24,84,40,Extreme
331940,Egegik,2017-03-01,2017,3,residential_customers,25,84,40,Extreme
331940,Egegik,2017-04-01,2017,4,residential_customers,28,84,38,Extreme
331940,Egegik,2017-05-01,2017,5,commercial_sold_to,46057,14387.5,6,Strong
331940,Egegik,2017-06-01,2017,6,commercial_sold_to,53734,14387.5,7,Strong
331940,Egegik,2017-07-01,2017,7,diesel_kwh_generated,100856,44024,5,Strong
331940,Egegik,2017-07-01,2017,7,commercial_sold_to,54092,14387.5,7,Strong
331940,Egegik,2018-01-01,2018,1,residential_customers,24,84,40,Extreme
331940,Egegik,2018-02-01,2018,2,residential_customers,29,84,37,Extreme
331940,Egegik,2018-04-01,2018,4,residential_customers,29,84,37,Extreme
331940,Egegik,2018-05-01,2018,5,commercial_sold_to,53848,14387.5,7,Strong
331940,Egegik,2018-06-01,2018,6,pce_eligible_residential_kwh,20061,9846.5,5,Strong
331940,Egegik,2018-06-01,2018,6,commercial_sold_to,57176,14387.5,8,Strong
331940,Egegik,2018-07-01,2018,7,commercial_sold_to,52343,14387.5,7,Strong
331940,Egegik,2019-05-01,2019,5,commercial_sold_to,50653,14387.5,7,Strong
331940,Egegik,2019-06-01,2019,6,commercial_sold_to,48147,14387.5,6,Strong
331940,Egegik,2019-07-01,2019,7,pce_eligible_residential_kwh,19997,9846.5,5,Strong
331940,Egegik,2019-07-01,2019,7,commercial_sold_to,47211,14387.5,6,Strong
331940,Egegik,2020-05-01,2020,5,commercial_sold_to,40615,14387.5,5,Strong
331940,Egegik,2020-06-01,2020,6,pce_eligible_residential_kwh,19848,9846.5,5,Strong
331940,Egegik,2020-06-01,2020,6,commercial_sold_to,52389,14387.5,7,Strong
331940,Egegik,2020-07-01,2020,7,pce_eligible_residential_kwh,20718,9846.5,5,Strong
331940,Egegik,2020-07-01,2020,7,peak_consumption_kw,351,113.5,5,Strong
331940,Egegik,2020-07-01,2020,7,residential_sold_to,27648,11061.5,5,Strong
331940,Egegik,2020-07-01,2020,7,commercial_sold_to,43597,14387.5,5,Strong
331940,Egegik,2021-05-01,2021,5,commercial_sold_to,48431,14387.5,6,Strong
331940,Egegik,2021-06-01,2021,6,pce_eligible_residential_kwh,20245,9846.5,5,Strong
331940,Egegik,2021-06-01,2021,6,diesel_kwh_generated,103096,44024,5,Strong
331940,Egegik,2021-06-01,2021,6,commercial_sold_to,61251,14387.5,8,Strong
331940,Egegik,2021-07-01,2021,7,pce_eligible_residential_kwh,19726,9846.5,5,Strong
331940,Egegik,2021-07-01,2021,7,diesel_kwh_generated,102383,44024,5,Strong
331940,Egegik,2021-07-01,2021,7,residential_sold_to,26865,11061.5,5,Strong
331940,Egegik,2021-07-01,2021,7,commercial_sold_to,53725,14387.5,7,Strong
331940,Egegik,2022-04-01,2022,4,commercial_sold_to,39315,14387.5,5,Strong
331940,Egegik,2022-05-01,2022,5,powerhouse_consumption_kwh,5693,2200.5,9,Extreme
331940,Egegik,2022-05-01,2022,5,peak_consumption_kw,311,113.5,5,Strong
331940,Egegik,2022-05-01,2022,5,commercial_sold_to,50886,14387.5,7,Strong
331940,Egegik,2022-06-01,2022,6,pce_eligible_residential_kwh,21591,9846.5,5,Strong
331940,Egegik,2022-06-01,2022,6,diesel_kwh_generated,103797,44024,5,Strong
331940,Egegik,2022-06-01,2022,6,residential_sold_to,26755,11061.5,5,Strong
331940,Egegik,2022-06-01,2022,6,commercial_sold_to,55412,14387.5,7,Strong
331940,Egegik,2022-07-01,2022,7,pce_eligible_residential_kwh,24446,9846.5,7,Strong
331940,Egegik,2022-07-01,2022,7,diesel_kwh_generated,110440,44024,5,Strong
331940,Egegik,2022-07-01,2022,7,residential_sold_to,28549,11061.5,5,Strong
331940,Egegik,2022-07-01,2022,7,commercial_sold_to,49316,14387.5,6,Strong
331940,Egegik,2023-05-01,2023,5,commercial_sold_to,59205,14387.5,8,Strong
331940,Egegik,2023-06-01,2023,6,pce_eligible_residential_kwh,24651,9846.5,7,Strong
331940,Egegik,2023-06-01,2023,6,diesel_kwh_generated,110404,44024,5,Strong
331940,Egegik,2023-06-01,2023,6,residential_sold_to,27745,11061.5,5,Strong
331940,Egegik,2023-06-01,2023,6,commercial_sold_to,60883,14387.5,8,Strong
331940,Egegik,2023-07-01,2023,7,pce_eligible_residential_kwh,25927,9846.5,7,Strong
331940,Egegik,2023-07-01,2023,7,diesel_kwh_generated,116056,44024,6,Strong
331940,Egegik,2023-07-01,2023,7,residential_sold_to,32145,11061.5,6,Strong
331940,Egegik,2023-07-01,2023,7,commercial_sold_to,61390,14387.5,9,Strong
331940,Egegik,2024-05-01,2024,5,peak_consumption_kw,333,113.5,5,Strong
331940,Egegik,2024-05-01,2024,5,commercial_sold_to,64198,14387.5,9,Extreme
331940,Egegik,2024-06-01,2024,6,pce_eligible_residential_kwh,23541,9846.5,6,Strong
331940,Egegik,2024-06-01,2024,6,diesel_kwh_generated,105954,44024,5,Strong
331940,Egegik,2024-06-01,2024,6,residential_sold_to,26879,11061.5,5,Strong
331940,Egegik,2024-06-01,2024,6,commercial_sold_to,56256,14387.5,8,Strong
331940,Egegik,2024-07-01,2024,7,pce_eligible_residential_kwh,22330,9846.5,6,Strong
331940,Egegik,2024-07-01,2024,7,diesel_kwh_generated,110130,44024,5,Strong
331940,Egegik,2024-07-01,2024,7,residential_sold_to,26700,11061.5,5,Strong
331940,Egegik,2024-07-01,2024,7,commercial_sold_to,51171,14387.5,7,Strong
331940,Egegik,2025-05-01,2025,5,fuel_used_gallons,9578,3849.5,5,Strong
331940,Egegik,2025-05-01,2025,5,commercial_sold_to,50777,14387.5,7,Strong
331940,Egegik,2025-06-01,2025,6,pce_eligible_residential_kwh,24796,9846.5,7,Strong
331940,Egegik,2025-06-01,2025,6,diesel_kwh_generated,109378,44024,5,Strong
331940,Egegik,2025-06-01,2025,6,peak_consumption_kw,7342,113.5,165,Extreme
331940,Egegik,2025-06-01,2025,6,residential_sold_to,29820,11061.5,6,Strong
331940,Egegik,2025-06-01,2025,6,commercial_sold_to,56808,14387.5,8,Strong
331940,Egegik,2025-07-01,2025,7,pce_eligible_residential_kwh,25689,9846.5,7,Strong
331940,Egegik,2025-07-01,2025,7,fuel_used_gallons,9898,3849.5,6,Strong
331940,Egegik,2025-07-01,2025,7,diesel_kwh_generated,114220,44024,6,Strong
331940,Egegik,2025-07-01,2025,7,residential_sold_to,33206,11061.5,7,Strong
331940,Egegik,2025-07-01,2025,7,commercial_sold_to,55458,14387.5,7,Strong
331950,Ekwok,2016-08-01,2016,8,residential_customers,140,50,30,Extreme
331950,Ekwok,2018-06-01,2018,6,pce_eligible_community_kwh,5006,1834,6,Strong
331950,Ekwok,2020-01-01,2020,1,pce_eligible_community_kwh,4585,1834,5,Strong
331950,Ekwok,2024-07-01,2024,7,govt_facil_sold_to,298,7868,5,Strong
331950,Ekwok,2025-11-01,2025,11,com_facil_sold_to,1495,9571,5,Strong
331950,Ekwok,2025-12-01,2025,12,com_facil_sold_to,1314,9571,5,Strong
331950,Ekwok,2026-01-01,2026,1,commercial_sold_to,10234,0,NA,Strong
331950,Ekwok,2026-01-01,2026,1,com_facil_sold_to,1440,9571,5,Strong
331950,Ekwok,2026-02-01,2026,2,com_facil_sold_to,1405,9571,5,Strong
331950,Ekwok,2026-03-01,2026,3,com_facil_sold_to,1391,9571,5,Strong
331960,Elfin Cove,2016-06-01,2016,6,fuel_used_gallons,4407,1319,6,Strong
331960,Elfin Cove,2016-06-01,2016,6,diesel_kwh_generated,58013,13905,6,Strong
331960,Elfin Cove,2016-06-01,2016,6,commercial_sold_to,29247,5018,5,Strong
331960,Elfin Cove,2016-07-01,2016,7,fuel_used_gallons,4133,1319,5,Strong
331960,Elfin Cove,2016-07-01,2016,7,diesel_kwh_generated,53986,13905,5,Strong
331960,Elfin Cove,2016-07-01,2016,7,commercial_sold_to,27609,5018,5,Strong
331960,Elfin Cove,2016-08-01,2016,8,fuel_used_gallons,4898,1319,6,Strong
331960,Elfin Cove,2016-08-01,2016,8,diesel_kwh_generated,61840,13905,6,Strong
331960,Elfin Cove,2016-08-01,2016,8,residential_sold_to,24721,5045,6,Strong
331960,Elfin Cove,2016-08-01,2016,8,commercial_sold_to,30825,5018,5,Strong
331960,Elfin Cove,2017-06-01,2017,6,fuel_used_gallons,4237,1319,5,Strong
331960,Elfin Cove,2017-06-01,2017,6,diesel_kwh_generated,55836,13905,6,Strong
331960,Elfin Cove,2017-06-01,2017,6,residential_sold_to,23275,5045,5,Strong
331960,Elfin Cove,2017-06-01,2017,6,commercial_sold_to,27973,5018,5,Strong
331960,Elfin Cove,2017-07-01,2017,7,fuel_used_gallons,4652,1319,6,Strong
331960,Elfin Cove,2017-07-01,2017,7,diesel_kwh_generated,59646,13905,6,Strong
331960,Elfin Cove,2017-07-01,2017,7,residential_sold_to,20984,5045,5,Strong
331960,Elfin Cove,2017-07-01,2017,7,commercial_sold_to,30781,5018,5,Strong
331960,Elfin Cove,2017-08-01,2017,8,fuel_used_gallons,4898,1319,6,Strong
331960,Elfin Cove,2017-08-01,2017,8,diesel_kwh_generated,62582,13905,7,Strong
331960,Elfin Cove,2017-08-01,2017,8,commercial_sold_to,29636,5018,5,Strong
331960,Elfin Cove,2018-06-01,2018,6,fuel_used_gallons,4369,1319,6,Strong
331960,Elfin Cove,2018-06-01,2018,6,diesel_kwh_generated,61344,13905,6,Strong
331960,Elfin Cove,2018-06-01,2018,6,commercial_sold_to,32057,5018,6,Strong
331960,Elfin Cove,2018-07-01,2018,7,fuel_used_gallons,4715,1319,6,Strong
331960,Elfin Cove,2018-07-01,2018,7,diesel_kwh_generated,62895,13905,7,Strong
331960,Elfin Cove,2018-07-01,2018,7,commercial_sold_to,31577,5018,5,Strong
331960,Elfin Cove,2018-08-01,2018,8,fuel_used_gallons,5004,1319,7,Strong
331960,Elfin Cove,2018-08-01,2018,8,diesel_kwh_generated,63437,13905,7,Strong
331960,Elfin Cove,2018-08-01,2018,8,residential_sold_to,21454,5045,5,Strong
331960,Elfin Cove,2018-08-01,2018,8,commercial_sold_to,31629,5018,5,Strong
331960,Elfin Cove,2018-09-01,2018,9,powerhouse_consumption_kwh,6352,1881,6,Strong
331960,Elfin Cove,2019-06-01,2019,6,fuel_used_gallons,4721,1319,6,Strong
331960,Elfin Cove,2019-06-01,2019,6,diesel_kwh_generated,57051,13905,6,Strong
331960,Elfin Cove,2019-06-01,2019,6,residential_sold_to,22224,5045,5,Strong
331960,Elfin Cove,2019-07-01,2019,7,fuel_used_gallons,4607,1319,6,Strong
331960,Elfin Cove,2019-07-01,2019,7,diesel_kwh_generated,63531,13905,7,Strong
331960,Elfin Cove,2019-07-01,2019,7,commercial_sold_to,29985,5018,5,Strong
331960,Elfin Cove,2019-08-01,2019,8,fuel_used_gallons,4657,1319,6,Strong
331960,Elfin Cove,2019-08-01,2019,8,diesel_kwh_generated,60176,13905,6,Strong
331960,Elfin Cove,2019-08-01,2019,8,commercial_sold_to,29449,5018,5,Strong
331960,Elfin Cove,2020-06-01,2020,6,fuel_used_gallons,3947,1319,5,Strong
331960,Elfin Cove,2020-06-01,2020,6,diesel_kwh_generated,49930,13905,5,Strong
331960,Elfin Cove,2020-06-01,2020,6,residential_sold_to,21659,5045,5,Strong
331960,Elfin Cove,2020-07-01,2020,7,fuel_used_gallons,4273,1319,5,Strong
331960,Elfin Cove,2020-07-01,2020,7,diesel_kwh_generated,56220,13905,6,Strong
331960,Elfin Cove,2020-08-01,2020,8,fuel_used_gallons,4548,1319,6,Strong
331960,Elfin Cove,2020-08-01,2020,8,diesel_kwh_generated,59601,13905,6,Strong
331960,Elfin Cove,2020-08-01,2020,8,residential_sold_to,21809,5045,5,Strong
331960,Elfin Cove,2021-05-01,2021,5,commercial_sold_to,27632,5018,5,Strong
331960,Elfin Cove,2021-06-01,2021,6,fuel_used_gallons,4619,1319,6,Strong
331960,Elfin Cove,2021-06-01,2021,6,diesel_kwh_generated,60461,13905,6,Strong
331960,Elfin Cove,2021-06-01,2021,6,commercial_sold_to,39605,5018,7,Strong
331960,Elfin Cove,2021-07-01,2021,7,fuel_used_gallons,5221,1319,7,Strong
331960,Elfin Cove,2021-07-01,2021,7,diesel_kwh_generated,69165,13905,7,Strong
331960,Elfin Cove,2021-07-01,2021,7,commercial_sold_to,45854,5018,8,Strong
331960,Elfin Cove,2021-08-01,2021,8,fuel_used_gallons,5516,1319,8,Strong
331960,Elfin Cove,2021-08-01,2021,8,diesel_kwh_generated,72394,13905,8,Strong
331960,Elfin Cove,2021-08-01,2021,8,commercial_sold_to,44338,5018,8,Strong
331960,Elfin Cove,2021-09-01,2021,9,commercial_sold_to,28206,5018,5,Strong
331960,Elfin Cove,2022-05-01,2022,5,diesel_kwh_generated,50076,13905,5,Strong
331960,Elfin Cove,2022-05-01,2022,5,commercial_sold_to,28563,5018,5,Strong
331960,Elfin Cove,2022-06-01,2022,6,fuel_used_gallons,5513,1319,8,Strong
331960,Elfin Cove,2022-06-01,2022,6,diesel_kwh_generated,73180,13905,8,Strong
331960,Elfin Cove,2022-06-01,2022,6,commercial_sold_to,43978,5018,8,Strong
331960,Elfin Cove,2022-07-01,2022,7,fuel_used_gallons,5218,1319,7,Strong
331960,Elfin Cove,2022-07-01,2022,7,diesel_kwh_generated,69501,13905,8,Strong
331960,Elfin Cove,2022-07-01,2022,7,commercial_sold_to,48504,5018,9,Strong
331960,Elfin Cove,2022-08-01,2022,8,fuel_used_gallons,5765,1319,8,Strong
331960,Elfin Cove,2022-08-01,2022,8,diesel_kwh_generated,75324,13905,8,Strong
331960,Elfin Cove,2022-08-01,2022,8,commercial_sold_to,50590,5018,9,Extreme
331960,Elfin Cove,2023-05-01,2023,5,commercial_sold_to,29393,5018,5,Strong
331960,Elfin Cove,2023-06-01,2023,6,fuel_used_gallons,5795,1319,8,Strong
331960,Elfin Cove,2023-06-01,2023,6,diesel_kwh_generated,78139,13905,9,Strong
331960,Elfin Cove,2023-06-01,2023,6,commercial_sold_to,52655,5018,10,Extreme
331960,Elfin Cove,2023-07-01,2023,7,fuel_used_gallons,5317,1319,7,Strong
331960,Elfin Cove,2023-07-01,2023,7,diesel_kwh_generated,71372,13905,8,Strong
331960,Elfin Cove,2023-07-01,2023,7,commercial_sold_to,52016,5018,10,Extreme
331960,Elfin Cove,2023-08-01,2023,8,fuel_used_gallons,5384,1319,7,Strong
331960,Elfin Cove,2023-08-01,2023,8,diesel_kwh_generated,71840,13905,8,Strong
331960,Elfin Cove,2023-08-01,2023,8,powerhouse_consumption_kwh,5286,1881,5,Strong
331960,Elfin Cove,2023-08-01,2023,8,commercial_sold_to,49112,5018,9,Strong
331960,Elfin Cove,2023-09-01,2023,9,commercial_sold_to,28632,5018,5,Strong
331960,Elfin Cove,2024-05-01,2024,5,fuel_used_gallons,4242,1319,5,Strong
331960,Elfin Cove,2024-05-01,2024,5,diesel_kwh_generated,55327,13905,6,Strong
331960,Elfin Cove,2024-05-01,2024,5,commercial_sold_to,37755,5018,7,Strong
331960,Elfin Cove,2024-06-01,2024,6,fuel_used_gallons,6247,1319,9,Strong
331960,Elfin Cove,2024-06-01,2024,6,diesel_kwh_generated,83893,13905,9,Extreme
331960,Elfin Cove,2024-06-01,2024,6,commercial_sold_to,57789,5018,11,Extreme
331960,Elfin Cove,2024-07-01,2024,7,fuel_used_gallons,5246,1319,7,Strong
331960,Elfin Cove,2024-07-01,2024,7,diesel_kwh_generated,71437,13905,8,Strong
331960,Elfin Cove,2024-07-01,2024,7,commercial_sold_to,50095,5018,9,Extreme
331960,Elfin Cove,2024-08-01,2024,8,fuel_used_gallons,5940,1319,8,Strong
331960,Elfin Cove,2024-08-01,2024,8,diesel_kwh_generated,79814,13905,9,Strong
331960,Elfin Cove,2024-08-01,2024,8,commercial_sold_to,54702,5018,10,Extreme
331960,Elfin Cove,2025-05-01,2025,5,fuel_used_gallons,3952,1319,5,Strong
331960,Elfin Cove,2025-05-01,2025,5,diesel_kwh_generated,52102,13905,5,Strong
331960,Elfin Cove,2025-05-01,2025,5,commercial_sold_to,36986,5018,7,Strong
331960,Elfin Cove,2025-06-01,2025,6,fuel_used_gallons,5863,1319,8,Strong
331960,Elfin Cove,2025-06-01,2025,6,diesel_kwh_generated,79110,13905,9,Strong
331960,Elfin Cove,2025-06-01,2025,6,commercial_sold_to,53647,5018,10,Extreme
331960,Elfin Cove,2025-07-01,2025,7,fuel_used_gallons,5746,1319,8,Strong
331960,Elfin Cove,2025-07-01,2025,7,diesel_kwh_generated,76424,13905,8,Strong
331960,Elfin Cove,2025-07-01,2025,7,commercial_sold_to,52229,5018,10,Extreme
331960,Elfin Cove,2025-08-01,2025,8,fuel_used_gallons,6515,1319,9,Extreme
331960,Elfin Cove,2025-08-01,2025,8,diesel_kwh_generated,85031,13905,10,Extreme
331960,Elfin Cove,2025-08-01,2025,8,commercial_sold_to,58985,5018,11,Extreme
331960,Elfin Cove,2026-03-01,2026,3,com_facil_sold_to,3153,794,9,Strong
331960,Elfin Cove,2026-05-01,2026,5,fuel_used_gallons,4109,1319,5,Strong
331960,Elfin Cove,2026-05-01,2026,5,diesel_kwh_generated,49743,13905,5,Strong
331960,Elfin Cove,2026-05-01,2026,5,commercial_sold_to,35358,5018,6,Strong
331300,Elim,2016-08-01,2016,8,residential_customers,170,91,53,Extreme
331300,Elim,2019-09-01,2019,9,powerhouse_consumption_kwh,2278,1465,5,Strong
331300,Elim,2019-11-01,2019,11,powerhouse_consumption_kwh,2374,1465,5,Strong
331300,Elim,2019-12-01,2019,12,powerhouse_consumption_kwh,2276,1465,5,Strong
331300,Elim,2020-01-01,2020,1,powerhouse_consumption_kwh,2340,1465,5,Strong
331300,Elim,2020-12-01,2020,12,fuel_used_gallons,15854,7950,8,Strong
331300,Elim,2021-12-01,2021,12,fuel_used_gallons,14421,7950,6,Strong
331300,Elim,2025-08-01,2025,8,fuel_used_gallons,3290,7950,5,Strong
331300,Elim,2025-11-01,2025,11,fuel_used_gallons,0,7950,8,Strong
331300,Elim,2025-12-01,2025,12,fuel_used_gallons,0,7950,8,Strong
331300,Elim,2026-01-01,2026,1,fuel_used_gallons,0,7950,8,Strong
331300,Elim,2026-02-01,2026,2,fuel_used_gallons,0,7950,8,Strong
331300,Elim,2026-03-01,2026,3,fuel_used_gallons,0,7950,8,Strong
331310,Emmonak,2015-07-01,2015,7,commercial_sold_to,191364,63456,7,Strong
331310,Emmonak,2015-08-01,2015,8,commercial_sold_to,221463,63456,9,Strong
331310,Emmonak,2016-07-01,2016,7,commercial_sold_to,230376,63456,9,Extreme
331310,Emmonak,2016-08-01,2016,8,commercial_sold_to,146712,63456,5,Strong
331310,Emmonak,2018-07-01,2018,7,commercial_sold_to,206784,63456,8,Strong
331310,Emmonak,2018-08-01,2018,8,commercial_sold_to,183240,63456,7,Strong
331310,Emmonak,2019-07-01,2019,7,commercial_sold_to,191747,63456,7,Strong
331310,Emmonak,2019-08-01,2019,8,commercial_sold_to,187129,63456,7,Strong
331310,Emmonak,2025-11-01,2025,11,fuel_used_gallons,0,30338,7,Strong
331310,Emmonak,2025-12-01,2025,12,fuel_used_gallons,0,30338,7,Strong
331310,Emmonak,2026-01-01,2026,1,fuel_used_gallons,0,30338,7,Strong
331310,Emmonak,2026-02-01,2026,2,fuel_used_gallons,0,30338,7,Strong
331310,Emmonak,2026-03-01,2026,3,fuel_used_gallons,0,30338,7,Strong
331970,False Pass,2016-04-01,2016,4,unbilled_customers,72,1,7,Strong
331970,False Pass,2016-05-01,2016,5,unbilled_customers,72,1,7,Strong
331970,False Pass,2016-06-01,2016,6,peak_consumption_kw,4255,110,280,Extreme
331970,False Pass,2018-09-01,2018,9,powerhouse_consumption_kwh,7768,2849,5,Strong
331970,False Pass,2019-02-01,2019,2,peak_consumption_kw,195,110,6,Strong
331970,False Pass,2019-03-01,2019,3,peak_consumption_kw,190,110,5,Strong
331970,False Pass,2019-09-01,2019,9,peak_consumption_kw,198,110,6,Strong
331970,False Pass,2019-10-01,2019,10,peak_consumption_kw,184,110,5,Strong
331970,False Pass,2019-12-01,2019,12,peak_consumption_kw,190,110,5,Strong
331970,False Pass,2020-01-01,2020,1,peak_consumption_kw,182,110,5,Strong
331970,False Pass,2020-05-01,2020,5,unbilled_sold_to,12000,1515,5,Strong
331970,False Pass,2020-06-01,2020,6,unbilled_sold_to,16000,1515,6,Strong
331970,False Pass,2020-07-01,2020,7,unbilled_sold_to,15620,1515,6,Strong
331970,False Pass,2025-01-01,2025,1,pce_eligible_community_kwh,13668,3879,5,Strong
331970,False Pass,2025-01-01,2025,1,com_facil_sold_to,14165,5932,5,Strong
331970,False Pass,2025-05-01,2025,5,unbilled_customers,2668,1,267,Extreme
331970,False Pass,2026-02-01,2026,2,com_facil_sold_to,14042,5932,5,Strong
331970,False Pass,2026-03-01,2026,3,com_facil_sold_to,20384,5932,8,Strong
331970,False Pass,2026-03-01,2026,3,govt_facil_sold_to,4723,1809,6,Strong
331970,False Pass,2026-04-01,2026,4,com_facil_sold_to,15113,5932,5,Strong
332020,Fort Yukon,2016-12-01,2016,12,fuel_used_gallons,66384,18357,11,Extreme
332020,Fort Yukon,2022-04-01,2022,4,com_facil_customers,70,17,36,Extreme
331990,Galena,2016-11-01,2016,11,govt_facil_sold_to,139893,36026,14,Extreme
331990,Galena,2017-03-01,2017,3,govt_facil_sold_to,87679,36026,7,Strong
331990,Galena,2020-08-01,2020,8,pce_eligible_community_kwh,22525,31430,6,Strong
331990,Galena,2021-06-01,2021,6,pce_eligible_community_kwh,24687,31430,5,Strong
331990,Galena,2021-09-01,2021,9,pce_eligible_community_kwh,22335,31430,6,Strong
331990,Galena,2022-05-01,2022,5,pce_eligible_community_kwh,23953,31430,5,Strong
331990,Galena,2022-06-01,2022,6,pce_eligible_community_kwh,24338,31430,5,Strong
331990,Galena,2023-05-01,2023,5,commercial_customers,354,117,53,Extreme
331990,Galena,2023-12-01,2023,12,pce_eligible_community_kwh,3340,31430,19,Extreme
331320,Gambell,2015-08-01,2015,8,powerhouse_consumption_kwh,16874,5166.5,8,Strong
331320,Gambell,2015-09-01,2015,9,powerhouse_consumption_kwh,25142,5166.5,14,Extreme
331320,Gambell,2015-10-01,2015,10,powerhouse_consumption_kwh,17600,5166.5,9,Strong
331320,Gambell,2016-08-01,2016,8,powerhouse_consumption_kwh,23329,5166.5,13,Extreme
331320,Gambell,2016-08-01,2016,8,residential_customers,110,165,19,Extreme
331320,Gambell,2016-09-01,2016,9,powerhouse_consumption_kwh,19889,5166.5,10,Extreme
331320,Gambell,2016-10-01,2016,10,residential_customers,110,165,19,Extreme
331320,Gambell,2016-11-01,2016,11,residential_customers,111,165,18,Extreme
331320,Gambell,2017-01-01,2017,1,residential_customers,109,165,19,Extreme
331320,Gambell,2017-02-01,2017,2,residential_customers,109,165,19,Extreme
331320,Gambell,2017-12-01,2017,12,powerhouse_consumption_kwh,13507,5166.5,6,Strong
331320,Gambell,2018-01-01,2018,1,powerhouse_consumption_kwh,13837,5166.5,6,Strong
331320,Gambell,2018-09-01,2018,9,powerhouse_consumption_kwh,12385,5166.5,5,Strong
331320,Gambell,2018-10-01,2018,10,powerhouse_consumption_kwh,13270,5166.5,6,Strong
331320,Gambell,2020-02-01,2020,2,powerhouse_consumption_kwh,12581,5166.5,5,Strong
331320,Gambell,2021-11-01,2021,11,powerhouse_consumption_kwh,11783,5166.5,5,Strong
331320,Gambell,2021-12-01,2021,12,powerhouse_consumption_kwh,12217,5166.5,5,Strong
331320,Gambell,2025-11-01,2025,11,commercial_sold_to,42338,15566,5,Strong
331320,Gambell,2025-12-01,2025,12,commercial_sold_to,42593,15566,5,Strong
331320,Gambell,2026-01-01,2026,1,commercial_sold_to,50264,15566,6,Strong
331320,Gambell,2026-02-01,2026,2,commercial_sold_to,47117,15566,5,Strong
331320,Gambell,2026-03-01,2026,3,commercial_sold_to,49241,15566,6,Strong
332000,Golovin,2017-06-01,2017,6,unbilled_sold_to,5557,1382,5,Strong
332000,Golovin,2017-07-01,2017,7,unbilled_sold_to,5229,1382,5,Strong
332000,Golovin,2017-08-01,2017,8,unbilled_sold_to,5904,1382,6,Strong
332000,Golovin,2018-12-01,2018,12,fuel_used_gallons,11066,6351.5,5,Strong
332000,Golovin,2019-05-01,2019,5,powerhouse_consumption_kwh,5267,2737,7,Strong
332000,Golovin,2019-06-01,2019,6,powerhouse_consumption_kwh,8155,2737,15,Extreme
332000,Golovin,2020-04-01,2020,4,com_facil_sold_to,24474,11876,6,Strong
332000,Golovin,2020-05-01,2020,5,powerhouse_consumption_kwh,5105,2737,7,Strong
332000,Golovin,2021-04-01,2021,4,powerhouse_consumption_kwh,6523,2737,11,Extreme
332000,Golovin,2021-06-01,2021,6,fuel_used_gallons,12994,6351.5,7,Strong
332000,Golovin,2021-07-01,2021,7,fuel_used_gallons,13971,6351.5,8,Strong
332000,Golovin,2021-08-01,2021,8,fuel_used_gallons,18860,6351.5,12,Extreme
332000,Golovin,2021-09-01,2021,9,fuel_used_gallons,11320,6351.5,5,Strong
332000,Golovin,2021-09-01,2021,9,powerhouse_consumption_kwh,5519,2737,8,Strong
332000,Golovin,2021-10-01,2021,10,fuel_used_gallons,11028,6351.5,5,Strong
332000,Golovin,2022-01-01,2022,1,govt_facil_sold_to,6436,1786,5,Strong
332000,Golovin,2022-03-01,2022,3,powerhouse_consumption_kwh,4756,2737,6,Strong
332000,Golovin,2022-05-01,2022,5,powerhouse_consumption_kwh,5163,2737,7,Strong
332000,Golovin,2023-02-01,2023,2,fuel_used_gallons,16015,6351.5,10,Extreme
332000,Golovin,2023-03-01,2023,3,residential_sold_to,43260,22158.5,6,Strong
332000,Golovin,2023-09-01,2023,9,fuel_used_gallons,13153,6351.5,7,Strong
332000,Golovin,2023-12-01,2023,12,powerhouse_consumption_kwh,5289,2737,7,Strong
332000,Golovin,2024-10-01,2024,10,fuel_used_gallons,12352,6351.5,6,Strong
332000,Golovin,2025-10-01,2025,10,powerhouse_consumption_kwh,4642,2737,5,Strong
332000,Golovin,2025-11-01,2025,11,powerhouse_consumption_kwh,4412,2737,5,Strong
332000,Golovin,2025-12-01,2025,12,powerhouse_consumption_kwh,4948,2737,6,Strong
332000,Golovin,2026-01-01,2026,1,powerhouse_consumption_kwh,4650,2737,5,Strong
332000,Golovin,2026-03-01,2026,3,powerhouse_consumption_kwh,5842,2737,9,Strong
332000,Golovin,2026-04-01,2026,4,powerhouse_consumption_kwh,8651,2737,16,Extreme
331330,Goodnews Bay,2015-10-01,2015,10,commercial_sold_to,8327,3851,5,Strong
331330,Goodnews Bay,2015-11-01,2015,11,commercial_sold_to,8550,3851,5,Strong
331330,Goodnews Bay,2015-12-01,2015,12,commercial_sold_to,8844,3851,5,Strong
331330,Goodnews Bay,2016-01-01,2016,1,commercial_sold_to,9856,3851,6,Strong
331330,Goodnews Bay,2016-08-01,2016,8,residential_customers,135,78,38,Extreme
331330,Goodnews Bay,2016-10-01,2016,10,residential_customers,139,78,41,Extreme
331330,Goodnews Bay,2016-11-01,2016,11,residential_customers,138,78,40,Extreme
331330,Goodnews Bay,2017-01-01,2017,1,residential_customers,139,78,41,Extreme
331330,Goodnews Bay,2017-02-01,2017,2,residential_customers,138,78,40,Extreme
331330,Goodnews Bay,2021-03-01,2021,3,powerhouse_consumption_kwh,3874,1309.5,8,Strong
331330,Goodnews Bay,2021-04-01,2021,4,powerhouse_consumption_kwh,2981,1309.5,5,Strong
331330,Goodnews Bay,2022-12-01,2022,12,fuel_used_gallons,14511,4561,10,Extreme
331330,Goodnews Bay,2025-11-01,2025,11,fuel_used_gallons,0,4561,5,Strong
331330,Goodnews Bay,2025-11-01,2025,11,commercial_sold_to,11430,3851,8,Strong
331330,Goodnews Bay,2025-12-01,2025,12,fuel_used_gallons,0,4561,5,Strong
331330,Goodnews Bay,2025-12-01,2025,12,commercial_sold_to,11627,3851,8,Strong
331330,Goodnews Bay,2026-01-01,2026,1,fuel_used_gallons,0,4561,5,Strong
331330,Goodnews Bay,2026-01-01,2026,1,commercial_sold_to,13169,3851,9,Extreme
331330,Goodnews Bay,2026-02-01,2026,2,fuel_used_gallons,0,4561,5,Strong
331330,Goodnews Bay,2026-02-01,2026,2,commercial_sold_to,11515,3851,8,Strong
331330,Goodnews Bay,2026-03-01,2026,3,fuel_used_gallons,0,4561,5,Strong
331330,Goodnews Bay,2026-03-01,2026,3,commercial_sold_to,13920,3851,10,Extreme
331340,Grayling,2015-07-01,2015,7,commercial_sold_to,8253,3153,6,Strong
331340,Grayling,2015-08-01,2015,8,commercial_sold_to,8428,3153,6,Strong
331340,Grayling,2015-09-01,2015,9,commercial_sold_to,7991,3153,6,Strong
331340,Grayling,2015-10-01,2015,10,commercial_sold_to,7520,3153,5,Strong
331340,Grayling,2015-11-01,2015,11,commercial_sold_to,7752,3153,5,Strong
331340,Grayling,2015-12-01,2015,12,commercial_sold_to,9310,3153,7,Strong
331340,Grayling,2016-01-01,2016,1,commercial_sold_to,8935,3153,7,Strong
331340,Grayling,2018-12-01,2018,12,fuel_used_gallons,7423,3979,6,Strong
331340,Grayling,2022-12-01,2022,12,fuel_used_gallons,7060,3979,6,Strong
331340,Grayling,2023-07-01,2023,7,fuel_used_gallons,7060,3979,6,Strong
331340,Grayling,2023-12-01,2023,12,powerhouse_consumption_kwh,6169,2060,5,Strong
331340,Grayling,2024-01-01,2024,1,powerhouse_consumption_kwh,7658,2060,7,Strong
331340,Grayling,2024-03-01,2024,3,powerhouse_consumption_kwh,7703,2060,7,Strong
331340,Grayling,2024-04-01,2024,4,powerhouse_consumption_kwh,7983,2060,8,Strong
331340,Grayling,2024-05-01,2024,5,powerhouse_consumption_kwh,6173,2060,5,Strong
331340,Grayling,2024-09-01,2024,9,powerhouse_consumption_kwh,5866,2060,5,Strong
331340,Grayling,2024-10-01,2024,10,powerhouse_consumption_kwh,7388,2060,7,Strong
331340,Grayling,2024-11-01,2024,11,powerhouse_consumption_kwh,9150,2060,9,Extreme
331340,Grayling,2024-12-01,2024,12,powerhouse_consumption_kwh,9857,2060,10,Extreme
331340,Grayling,2025-01-01,2025,1,powerhouse_consumption_kwh,9893,2060,10,Extreme
331340,Grayling,2025-02-01,2025,2,powerhouse_consumption_kwh,9188,2060,9,Extreme
331340,Grayling,2025-03-01,2025,3,powerhouse_consumption_kwh,6330,2060,6,Strong
331340,Grayling,2025-11-01,2025,11,fuel_used_gallons,0,3979,7,Strong
331340,Grayling,2025-11-01,2025,11,commercial_sold_to,8585,3153,6,Strong
331340,Grayling,2025-12-01,2025,12,fuel_used_gallons,0,3979,7,Strong
331340,Grayling,2025-12-01,2025,12,commercial_sold_to,8616,3153,6,Strong
331340,Grayling,2026-01-01,2026,1,fuel_used_gallons,0,3979,7,Strong
331340,Grayling,2026-01-01,2026,1,commercial_sold_to,9902,3153,8,Strong
331340,Grayling,2026-02-01,2026,2,fuel_used_gallons,0,3979,7,Strong
331340,Grayling,2026-02-01,2026,2,commercial_sold_to,9684,3153,8,Strong
331340,Grayling,2026-03-01,2026,3,fuel_used_gallons,0,3979,7,Strong
331340,Grayling,2026-03-01,2026,3,commercial_sold_to,10817,3153,9,Extreme
332010,Gustavus,2019-03-01,2019,3,fuel_used_gallons,6235,713,5,Strong
332010,Gustavus,2021-02-01,2021,2,fuel_used_gallons,8936,713,8,Strong
332010,Gustavus,2021-02-01,2021,2,diesel_kwh_generated,130569,17316,5,Strong
332010,Gustavus,2021-03-01,2021,3,fuel_used_gallons,6109,713,5,Strong
332010,Gustavus,2021-04-01,2021,4,fuel_used_gallons,8740,713,8,Strong
332010,Gustavus,2021-04-01,2021,4,diesel_kwh_generated,126440,17316,5,Strong
332010,Gustavus,2022-09-01,2022,9,peak_consumption_kw,2473,435.5,12,Extreme
332010,Gustavus,2022-10-01,2022,10,peak_consumption_kw,2458,435.5,12,Extreme
332010,Gustavus,2022-11-01,2022,11,peak_consumption_kw,2458,435.5,12,Extreme
332010,Gustavus,2022-12-01,2022,12,peak_consumption_kw,2458,435.5,12,Extreme
332010,Gustavus,2023-01-01,2023,1,fuel_used_gallons,5981,713,5,Strong
332010,Gustavus,2023-01-01,2023,1,peak_consumption_kw,2458,435.5,12,Extreme
332010,Gustavus,2023-01-01,2023,1,govt_facil_sold_to,78006,20356,6,Strong
332010,Gustavus,2023-02-01,2023,2,peak_consumption_kw,2332,435.5,11,Extreme
332010,Gustavus,2023-02-01,2023,2,govt_facil_sold_to,72657,20356,6,Strong
332010,Gustavus,2023-03-01,2023,3,fuel_used_gallons,5486,713,5,Strong
332010,Gustavus,2023-03-01,2023,3,peak_consumption_kw,2430,435.5,12,Extreme
332010,Gustavus,2023-03-01,2023,3,govt_facil_sold_to,70166,20356,5,Strong
332010,Gustavus,2023-04-01,2023,4,peak_consumption_kw,2400,435.5,12,Extreme
332010,Gustavus,2023-04-01,2023,4,govt_facil_sold_to,71666,20356,6,Strong
332010,Gustavus,2023-05-01,2023,5,peak_consumption_kw,2455,435.5,12,Extreme
332010,Gustavus,2023-05-01,2023,5,govt_facil_sold_to,78817,20356,6,Strong
332010,Gustavus,2023-06-01,2023,6,peak_consumption_kw,2458,435.5,12,Extreme
332010,Gustavus,2023-06-01,2023,6,govt_facil_sold_to,81591,20356,7,Strong
332010,Gustavus,2023-07-01,2023,7,fuel_used_gallons,9199,713,8,Strong
332010,Gustavus,2023-07-01,2023,7,peak_consumption_kw,2485,435.5,12,Extreme
332010,Gustavus,2023-07-01,2023,7,govt_facil_sold_to,67302,20356,5,Strong
332010,Gustavus,2023-08-01,2023,8,peak_consumption_kw,2485,435.5,12,Extreme
332010,Gustavus,2023-08-01,2023,8,govt_facil_sold_to,85022,20356,7,Strong
332010,Gustavus,2023-09-01,2023,9,peak_consumption_kw,2485,435.5,12,Extreme
332010,Gustavus,2023-09-01,2023,9,govt_facil_sold_to,85602,20356,7,Strong
332010,Gustavus,2023-10-01,2023,10,peak_consumption_kw,2485,435.5,12,Extreme
332010,Gustavus,2023-10-01,2023,10,govt_facil_sold_to,61932,20356,5,Strong
332010,Gustavus,2023-11-01,2023,11,peak_consumption_kw,2475,435.5,12,Extreme
332010,Gustavus,2023-11-01,2023,11,govt_facil_sold_to,95255,20356,8,Strong
332010,Gustavus,2023-12-01,2023,12,peak_consumption_kw,2473,435.5,12,Extreme
332010,Gustavus,2023-12-01,2023,12,govt_facil_sold_to,122345,20356,11,Extreme
332010,Gustavus,2024-01-01,2024,1,peak_consumption_kw,2473,435.5,12,Extreme
332010,Gustavus,2024-01-01,2024,1,govt_facil_sold_to,130208,20356,12,Extreme
332010,Gustavus,2024-02-01,2024,2,peak_consumption_kw,2473,435.5,12,Extreme
332010,Gustavus,2024-02-01,2024,2,govt_facil_sold_to,123064,20356,11,Extreme
332010,Gustavus,2024-03-01,2024,3,fuel_used_gallons,6127,713,5,Strong
332010,Gustavus,2024-03-01,2024,3,peak_consumption_kw,2480,435.5,12,Extreme
332010,Gustavus,2024-03-01,2024,3,govt_facil_sold_to,121417,20356,11,Extreme
332010,Gustavus,2024-04-01,2024,4,peak_consumption_kw,2480,435.5,12,Extreme
332010,Gustavus,2024-04-01,2024,4,govt_facil_sold_to,108127,20356,10,Extreme
332010,Gustavus,2024-05-01,2024,5,peak_consumption_kw,2480,435.5,12,Extreme
332010,Gustavus,2024-05-01,2024,5,govt_facil_sold_to,91329,20356,8,Strong
332010,Gustavus,2024-06-01,2024,6,peak_consumption_kw,2480,435.5,12,Extreme
332010,Gustavus,2024-06-01,2024,6,govt_facil_sold_to,91988,20356,8,Strong
332010,Gustavus,2024-07-01,2024,7,peak_consumption_kw,2480,435.5,12,Extreme
332010,Gustavus,2024-07-01,2024,7,govt_facil_sold_to,89472,20356,8,Strong
332010,Gustavus,2024-08-01,2024,8,peak_consumption_kw,2480,435.5,12,Extreme
332010,Gustavus,2024-08-01,2024,8,govt_facil_sold_to,90717,20356,8,Strong
332010,Gustavus,2024-09-01,2024,9,peak_consumption_kw,2480,435.5,12,Extreme
332010,Gustavus,2024-09-01,2024,9,govt_facil_sold_to,89428,20356,8,Strong
332010,Gustavus,2024-10-01,2024,10,peak_consumption_kw,2480,435.5,12,Extreme
332010,Gustavus,2024-10-01,2024,10,govt_facil_sold_to,77103,20356,6,Strong
332010,Gustavus,2024-11-01,2024,11,total_kwh_purchased,240778,0,NA,Extreme
332010,Gustavus,2024-11-01,2024,11,peak_consumption_kw,2480,435.5,12,Extreme
332010,Gustavus,2024-11-01,2024,11,govt_facil_sold_to,113758,20356,10,Extreme
332010,Gustavus,2024-12-01,2024,12,total_kwh_purchased,265998,0,NA,Extreme
332010,Gustavus,2024-12-01,2024,12,govt_facil_sold_to,101788,20356,9,Strong
332010,Gustavus,2025-01-01,2025,1,total_kwh_purchased,316029,0,NA,Extreme
332010,Gustavus,2025-01-01,2025,1,govt_facil_sold_to,109541,20356,10,Extreme
332010,Gustavus,2025-02-01,2025,2,pce_eligible_community_kwh,5791,3040,5,Strong
332010,Gustavus,2025-02-01,2025,2,fuel_used_gallons,9338,713,8,Strong
332010,Gustavus,2025-02-01,2025,2,diesel_kwh_generated,134466,17316,5,Strong
332010,Gustavus,2025-02-01,2025,2,total_kwh_purchased,233561,0,NA,Extreme
332010,Gustavus,2025-02-01,2025,2,com_facil_sold_to,5791,3040,5,Strong
332010,Gustavus,2025-02-01,2025,2,govt_facil_sold_to,122254,20356,11,Extreme
332010,Gustavus,2025-03-01,2025,3,total_kwh_purchased,255441,0,NA,Extreme
332010,Gustavus,2025-03-01,2025,3,govt_facil_sold_to,122853,20356,11,Extreme
332010,Gustavus,2025-04-01,2025,4,total_kwh_purchased,294257,0,NA,Extreme
332010,Gustavus,2025-04-01,2025,4,govt_facil_sold_to,122661,20356,11,Extreme
332010,Gustavus,2025-05-01,2025,5,total_kwh_purchased,331437,0,NA,Extreme
332010,Gustavus,2025-05-01,2025,5,govt_facil_sold_to,113790,20356,10,Extreme
332010,Gustavus,2025-06-01,2025,6,fuel_used_gallons,11436,713,10,Extreme
332010,Gustavus,2025-06-01,2025,6,diesel_kwh_generated,171173,17316,6,Strong
332010,Gustavus,2025-06-01,2025,6,total_kwh_purchased,199520,0,NA,Extreme
332010,Gustavus,2025-06-01,2025,6,govt_facil_sold_to,107843,20356,10,Extreme
332010,Gustavus,2025-07-01,2025,7,total_kwh_purchased,345237,0,NA,Extreme
332010,Gustavus,2025-07-01,2025,7,govt_facil_sold_to,96122,20356,8,Strong
332010,Gustavus,2025-08-01,2025,8,total_kwh_purchased,359010,0,NA,Extreme
332010,Gustavus,2025-08-01,2025,8,govt_facil_sold_to,102372,20356,9,Strong
332010,Gustavus,2025-09-01,2025,9,total_kwh_purchased,282666,0,NA,Extreme
332010,Gustavus,2025-09-01,2025,9,govt_facil_sold_to,93610,20356,8,Strong
332010,Gustavus,2025-10-01,2025,10,total_kwh_purchased,275197,0,NA,Extreme
332010,Gustavus,2025-10-01,2025,10,govt_facil_sold_to,80383,20356,7,Strong
332010,Gustavus,2025-11-01,2025,11,total_kwh_purchased,300139,0,NA,Extreme
332010,Gustavus,2025-11-01,2025,11,govt_facil_sold_to,90382,20356,8,Strong
332010,Gustavus,2025-12-01,2025,12,pce_eligible_community_kwh,6262,3040,6,Strong
332010,Gustavus,2025-12-01,2025,12,total_kwh_purchased,330805,0,NA,Extreme
332010,Gustavus,2025-12-01,2025,12,com_facil_sold_to,6262,3040,6,Strong
332010,Gustavus,2025-12-01,2025,12,govt_facil_sold_to,114840,20356,10,Extreme
332010,Gustavus,2026-01-01,2026,1,pce_eligible_community_kwh,5945,3040,5,Strong
332010,Gustavus,2026-01-01,2026,1,fuel_used_gallons,16581,713,15,Extreme
332010,Gustavus,2026-01-01,2026,1,diesel_kwh_generated,248363,17316,10,Extreme
332010,Gustavus,2026-01-01,2026,1,total_kwh_purchased,146900,0,NA,Extreme
332010,Gustavus,2026-01-01,2026,1,com_facil_sold_to,5945,3040,5,Strong
332010,Gustavus,2026-01-01,2026,1,govt_facil_sold_to,119354,20356,11,Extreme
332010,Gustavus,2026-02-01,2026,2,pce_eligible_community_kwh,5606,3040,5,Strong
332010,Gustavus,2026-02-01,2026,2,total_kwh_purchased,329310,0,NA,Extreme
332010,Gustavus,2026-02-01,2026,2,com_facil_sold_to,5606,3040,5,Strong
332010,Gustavus,2026-02-01,2026,2,govt_facil_sold_to,132895,20356,12,Extreme
332010,Gustavus,2026-03-01,2026,3,fuel_used_gallons,9428,713,8,Strong
332010,Gustavus,2026-03-01,2026,3,diesel_kwh_generated,136440,17316,5,Strong
332010,Gustavus,2026-03-01,2026,3,total_kwh_purchased,211860,0,NA,Extreme
332010,Gustavus,2026-03-01,2026,3,govt_facil_sold_to,117514,20356,11,Extreme
332010,Gustavus,2026-04-01,2026,4,fuel_used_gallons,9416,713,8,Strong
332010,Gustavus,2026-04-01,2026,4,diesel_kwh_generated,138347,17316,5,Strong
332010,Gustavus,2026-04-01,2026,4,total_kwh_purchased,210117,0,NA,Extreme
332010,Gustavus,2026-04-01,2026,4,govt_facil_sold_to,129052,20356,12,Extreme
331120,"Haines, Covenant Life",2017-12-01,2017,12,fuel_used_gallons,10133,842,9,Extreme
331120,"Haines, Covenant Life",2017-12-01,2017,12,diesel_kwh_generated,128942,12200,8,Strong
331120,"Haines, Covenant Life",2018-01-01,2018,1,fuel_used_gallons,11553,842,11,Extreme
331120,"Haines, Covenant Life",2018-01-01,2018,1,diesel_kwh_generated,156150,12200,10,Extreme
331120,"Haines, Covenant Life",2018-02-01,2018,2,fuel_used_gallons,17208,842,17,Extreme
331120,"Haines, Covenant Life",2018-02-01,2018,2,diesel_kwh_generated,224076,12200,15,Extreme
331120,"Haines, Covenant Life",2018-03-01,2018,3,fuel_used_gallons,14361,842,14,Extreme
331120,"Haines, Covenant Life",2018-03-01,2018,3,diesel_kwh_generated,187324,12200,13,Extreme
331120,"Haines, Covenant Life",2018-04-01,2018,4,fuel_used_gallons,15088,842,14,Extreme
331120,"Haines, Covenant Life",2018-04-01,2018,4,diesel_kwh_generated,203840,12200,14,Extreme
331120,"Haines, Covenant Life",2018-05-01,2018,5,fuel_used_gallons,39788,842,39,Extreme
331120,"Haines, Covenant Life",2018-05-01,2018,5,diesel_kwh_generated,558168,12200,40,Extreme
331120,"Haines, Covenant Life",2018-07-01,2018,7,fuel_used_gallons,7959,842,7,Strong
331120,"Haines, Covenant Life",2018-07-01,2018,7,diesel_kwh_generated,92900,12200,6,Strong
331120,"Haines, Covenant Life",2019-11-01,2019,11,fuel_used_gallons,8367,842,8,Strong
331120,"Haines, Covenant Life",2019-11-01,2019,11,diesel_kwh_generated,113104,12200,7,Strong
331120,"Haines, Covenant Life",2020-12-01,2020,12,fuel_used_gallons,22909,842,22,Extreme
331120,"Haines, Covenant Life",2020-12-01,2020,12,diesel_kwh_generated,323180,12200,23,Extreme
331120,"Haines, Covenant Life",2021-01-01,2021,1,fuel_used_gallons,27285,842,27,Extreme
331120,"Haines, Covenant Life",2021-01-01,2021,1,diesel_kwh_generated,374509,12200,26,Extreme
331120,"Haines, Covenant Life",2021-02-01,2021,2,fuel_used_gallons,21229,842,21,Extreme
331120,"Haines, Covenant Life",2021-02-01,2021,2,diesel_kwh_generated,300037,12200,21,Extreme
331120,"Haines, Covenant Life",2021-03-01,2021,3,fuel_used_gallons,18012,842,17,Extreme
331120,"Haines, Covenant Life",2021-03-01,2021,3,diesel_kwh_generated,250360,12200,17,Extreme
331120,"Haines, Covenant Life",2021-04-01,2021,4,fuel_used_gallons,24837,842,24,Extreme
331120,"Haines, Covenant Life",2021-04-01,2021,4,diesel_kwh_generated,359757,12200,25,Extreme
331120,"Haines, Covenant Life",2021-05-01,2021,5,fuel_used_gallons,8619,842,8,Strong
331120,"Haines, Covenant Life",2021-05-01,2021,5,diesel_kwh_generated,124521,12200,8,Strong
331120,"Haines, Covenant Life",2021-12-01,2021,12,fuel_used_gallons,16668,842,16,Extreme
331120,"Haines, Covenant Life",2021-12-01,2021,12,diesel_kwh_generated,230977,12200,16,Extreme
331120,"Haines, Covenant Life",2022-01-01,2022,1,fuel_used_gallons,55522,842,55,Extreme
331120,"Haines, Covenant Life",2022-01-01,2022,1,diesel_kwh_generated,773846,12200,55,Extreme
331120,"Haines, Covenant Life",2022-02-01,2022,2,fuel_used_gallons,14710,842,14,Extreme
331120,"Haines, Covenant Life",2022-02-01,2022,2,diesel_kwh_generated,201804,12200,14,Extreme
331120,"Haines, Covenant Life",2022-04-01,2022,4,fuel_used_gallons,8896,842,8,Strong
331120,"Haines, Covenant Life",2022-04-01,2022,4,diesel_kwh_generated,124862,12200,8,Strong
331120,"Haines, Covenant Life",2022-05-01,2022,5,fuel_used_gallons,21819,842,21,Extreme
331120,"Haines, Covenant Life",2022-05-01,2022,5,diesel_kwh_generated,312828,12200,22,Extreme
331120,"Haines, Covenant Life",2023-01-01,2023,1,fuel_used_gallons,11318,842,11,Extreme
331120,"Haines, Covenant Life",2023-01-01,2023,1,diesel_kwh_generated,153452,12200,10,Extreme
331120,"Haines, Covenant Life",2023-05-01,2023,5,fuel_used_gallons,11758,842,11,Extreme
331120,"Haines, Covenant Life",2023-05-01,2023,5,diesel_kwh_generated,171099,12200,12,Extreme
331120,"Haines, Covenant Life",2023-09-01,2023,9,fuel_used_gallons,6462,842,6,Strong
331120,"Haines, Covenant Life",2023-09-01,2023,9,diesel_kwh_generated,89214,12200,6,Strong
331120,"Haines, Covenant Life",2026-01-01,2026,1,pce_eligible_residential_kwh,468677,322622,5,Strong
331120,"Haines, Covenant Life",2026-01-01,2026,1,residential_sold_to,747617,447535.5,5,Strong
331140,Hollis,2022-01-01,2022,1,powerhouse_consumption_kwh,3165,1299.5,6,Strong
331140,Hollis,2022-04-01,2022,4,powerhouse_consumption_kwh,2801,1299.5,5,Strong
331350,Holy Cross,2015-12-01,2015,12,fuel_used_gallons,6581,3771.5,5,Strong
331350,Holy Cross,2016-12-01,2016,12,fuel_used_gallons,13564,3771.5,19,Extreme
331350,Holy Cross,2019-12-01,2019,12,fuel_used_gallons,9198,3771.5,11,Extreme
331350,Holy Cross,2024-01-01,2024,1,residential_sold_to,37724,23902,5,Strong
331350,Holy Cross,2025-01-01,2025,1,residential_sold_to,38362,23902,5,Strong
331350,Holy Cross,2025-11-01,2025,11,fuel_used_gallons,0,3771.5,7,Strong
331350,Holy Cross,2025-12-01,2025,12,fuel_used_gallons,0,3771.5,7,Strong
331350,Holy Cross,2025-12-01,2025,12,commercial_sold_to,10110,0,NA,Strong
331350,Holy Cross,2026-01-01,2026,1,pce_eligible_residential_kwh,32507,21007,5,Strong
331350,Holy Cross,2026-01-01,2026,1,fuel_used_gallons,0,3771.5,7,Strong
331350,Holy Cross,2026-01-01,2026,1,residential_sold_to,40367,23902,6,Strong
331350,Holy Cross,2026-01-01,2026,1,commercial_sold_to,10796,0,NA,Strong
331350,Holy Cross,2026-02-01,2026,2,fuel_used_gallons,0,3771.5,7,Strong
331350,Holy Cross,2026-02-01,2026,2,commercial_sold_to,10062,0,NA,Strong
331350,Holy Cross,2026-03-01,2026,3,fuel_used_gallons,0,3771.5,7,Strong
331350,Holy Cross,2026-03-01,2026,3,commercial_sold_to,11129,0,NA,Strong
332670,Hoonah,2016-01-01,2016,1,powerhouse_consumption_kwh,18764,8090,6,Strong
332670,Hoonah,2016-06-01,2016,6,peak_consumption_kw,1338,655,6,Strong
332670,Hoonah,2017-03-01,2017,3,peak_consumption_kw,1178,655,5,Strong
332670,Hoonah,2025-08-01,2025,8,powerhouse_consumption_kwh,15873,8090,5,Strong
331360,Hooper Bay,2015-07-01,2015,7,commercial_sold_to,67860,34006,8,Strong
331360,Hooper Bay,2015-08-01,2015,8,commercial_sold_to,71240,34006,8,Strong
331360,Hooper Bay,2015-09-01,2015,9,commercial_sold_to,73336,34006,9,Strong
331360,Hooper Bay,2015-10-01,2015,10,commercial_sold_to,73234,34006,9,Strong
331360,Hooper Bay,2015-11-01,2015,11,commercial_sold_to,87839,34006,12,Extreme
331360,Hooper Bay,2015-12-01,2015,12,commercial_sold_to,95376,34006,14,Extreme
331360,Hooper Bay,2016-01-01,2016,1,commercial_sold_to,99661,34006,15,Extreme
331360,Hooper Bay,2016-08-01,2016,8,residential_customers,109,262,17,Extreme
331360,Hooper Bay,2016-10-01,2016,10,residential_customers,108,262,17,Extreme
331360,Hooper Bay,2016-11-01,2016,11,powerhouse_consumption_kwh,21013,6775,9,Extreme
331360,Hooper Bay,2016-11-01,2016,11,residential_customers,106,262,18,Extreme
331360,Hooper Bay,2016-12-01,2016,12,powerhouse_consumption_kwh,20478,6775,9,Extreme
331360,Hooper Bay,2017-01-01,2017,1,powerhouse_consumption_kwh,16807,6775,7,Strong
331360,Hooper Bay,2017-01-01,2017,1,residential_customers,106,262,18,Extreme
331360,Hooper Bay,2017-02-01,2017,2,residential_customers,108,262,17,Extreme
331360,Hooper Bay,2022-05-01,2022,5,com_facil_sold_to,130587,69263,5,Strong
331360,Hooper Bay,2023-03-01,2023,3,com_facil_sold_to,131754,69263,5,Strong
331360,Hooper Bay,2025-11-01,2025,11,fuel_used_gallons,0,18198.5,5,Strong
331360,Hooper Bay,2025-12-01,2025,12,fuel_used_gallons,0,18198.5,5,Strong
331360,Hooper Bay,2026-01-01,2026,1,pce_eligible_community_kwh,74283,25869,5,Strong
331360,Hooper Bay,2026-01-01,2026,1,fuel_used_gallons,0,18198.5,5,Strong
331360,Hooper Bay,2026-01-01,2026,1,commercial_sold_to,54732,34006,5,Strong
331360,Hooper Bay,2026-02-01,2026,2,fuel_used_gallons,0,18198.5,5,Strong
331360,Hooper Bay,2026-03-01,2026,3,pce_eligible_community_kwh,75974,25869,5,Strong
331360,Hooper Bay,2026-03-01,2026,3,fuel_used_gallons,0,18198.5,5,Strong
332030,Hughes,2015-12-01,2015,12,unbilled_sold_to,245,29.5,5,Strong
332030,Hughes,2017-12-01,2017,12,unbilled_sold_to,254,29.5,5,Strong
332030,Hughes,2018-03-01,2018,3,unbilled_sold_to,242,29.5,5,Strong
332030,Hughes,2020-11-01,2020,11,commercial_sold_to,21262,11321,6,Strong
332030,Hughes,2020-12-01,2020,12,commercial_sold_to,20922,11321,6,Strong
332030,Hughes,2021-01-01,2021,1,commercial_sold_to,21776,11321,6,Strong
332030,Hughes,2023-03-01,2023,3,fuel_used_gallons,7440,3831,5,Strong
331370,Huslia,2016-08-01,2016,8,residential_customers,42,103,14,Extreme
331370,Huslia,2016-10-01,2016,10,residential_customers,41,103,14,Extreme
331370,Huslia,2016-11-01,2016,11,residential_customers,41,103,14,Extreme
331370,Huslia,2017-01-01,2017,1,residential_customers,40,103,14,Extreme
331370,Huslia,2017-02-01,2017,2,residential_customers,40,103,14,Extreme
331370,Huslia,2025-01-01,2025,1,pce_eligible_residential_kwh,59066,36013,5,Strong
331370,Huslia,2025-11-01,2025,11,fuel_used_gallons,0,6592.5,5,Strong
331370,Huslia,2025-11-01,2025,11,commercial_sold_to,11448,0,NA,Strong
331370,Huslia,2025-12-01,2025,12,fuel_used_gallons,0,6592.5,5,Strong
331370,Huslia,2025-12-01,2025,12,commercial_sold_to,12740,0,NA,Strong
331370,Huslia,2026-01-01,2026,1,pce_eligible_residential_kwh,57394,36013,5,Strong
331370,Huslia,2026-01-01,2026,1,fuel_used_gallons,0,6592.5,5,Strong
331370,Huslia,2026-01-01,2026,1,residential_sold_to,73964,45253,5,Strong
331370,Huslia,2026-01-01,2026,1,commercial_sold_to,13309,0,NA,Strong
331370,Huslia,2026-02-01,2026,2,fuel_used_gallons,0,6592.5,5,Strong
331370,Huslia,2026-02-01,2026,2,commercial_sold_to,11094,0,NA,Strong
331370,Huslia,2026-03-01,2026,3,fuel_used_gallons,0,6592.5,5,Strong
331370,Huslia,2026-03-01,2026,3,commercial_sold_to,10543,0,NA,Strong
331150,Hydaburg,2016-04-01,2016,4,residential_customers,175,117.5,9,Strong
331150,Hydaburg,2020-12-01,2020,12,commercial_sold_to,97894,33749.5,6,Strong
332040,Igiugig,2024-06-01,2024,6,peak_consumption_kw,148,80,5,Strong
332040,Igiugig,2024-08-01,2024,8,total_kwh_purchased,12272,0,NA,Strong
332040,Igiugig,2024-09-01,2024,9,total_kwh_purchased,20094,0,NA,Strong
332040,Igiugig,2024-09-01,2024,9,com_facil_sold_to,18411,6350.5,6,Strong
332040,Igiugig,2024-10-01,2024,10,powerhouse_consumption_kwh,3836,1443,8,Strong
332040,Igiugig,2024-11-01,2024,11,powerhouse_consumption_kwh,4118,1443,9,Strong
332040,Igiugig,2024-12-01,2024,12,powerhouse_consumption_kwh,5911,1443,14,Extreme
332040,Igiugig,2025-01-01,2025,1,powerhouse_consumption_kwh,3146,1443,5,Strong
332040,Igiugig,2025-02-01,2025,2,powerhouse_consumption_kwh,3529,1443,7,Strong
332040,Igiugig,2025-03-01,2025,3,powerhouse_consumption_kwh,4843,1443,11,Extreme
332040,Igiugig,2025-09-01,2025,9,powerhouse_consumption_kwh,3714,1443,7,Strong
332040,Igiugig,2025-10-01,2025,10,powerhouse_consumption_kwh,4890,1443,11,Extreme
332040,Igiugig,2025-11-01,2025,11,powerhouse_consumption_kwh,3072,1443,5,Strong
332040,Igiugig,2025-12-01,2025,12,powerhouse_consumption_kwh,4294,1443,9,Extreme
332040,Igiugig,2026-01-01,2026,1,fuel_used_gallons,3444,2072.5,5,Strong
332040,Igiugig,2026-01-01,2026,1,powerhouse_consumption_kwh,4340,1443,9,Extreme
332040,Igiugig,2026-02-01,2026,2,powerhouse_consumption_kwh,2963,1443,5,Strong
332040,Igiugig,2026-03-01,2026,3,powerhouse_consumption_kwh,3452,1443,6,Strong
332040,Igiugig,2026-04-01,2026,4,powerhouse_consumption_kwh,2878,1443,5,Strong
332050,"Iliamna, Newhalen, Nondalton",2016-01-01,2016,1,fuel_used_gallons,2114,117,12,Extreme
332050,"Iliamna, Newhalen, Nondalton",2016-01-01,2016,1,diesel_kwh_generated,28707,2730,8,Strong
332050,"Iliamna, Newhalen, Nondalton",2016-11-01,2016,11,fuel_used_gallons,1405,117,7,Strong
332050,"Iliamna, Newhalen, Nondalton",2016-11-01,2016,11,diesel_kwh_generated,19097,2730,5,Strong
332050,"Iliamna, Newhalen, Nondalton",2016-12-01,2016,12,fuel_used_gallons,1367,117,7,Strong
332050,"Iliamna, Newhalen, Nondalton",2016-12-01,2016,12,diesel_kwh_generated,17797,2730,5,Strong
332050,"Iliamna, Newhalen, Nondalton",2017-07-01,2017,7,fuel_used_gallons,1063,117,5,Strong
332050,"Iliamna, Newhalen, Nondalton",2017-08-01,2017,8,fuel_used_gallons,921,117,5,Strong
332050,"Iliamna, Newhalen, Nondalton",2018-03-01,2018,3,fuel_used_gallons,3008,117,17,Extreme
332050,"Iliamna, Newhalen, Nondalton",2018-03-01,2018,3,diesel_kwh_generated,39680,2730,11,Extreme
332050,"Iliamna, Newhalen, Nondalton",2018-06-01,2018,6,fuel_used_gallons,1587,117,8,Strong
332050,"Iliamna, Newhalen, Nondalton",2018-06-01,2018,6,diesel_kwh_generated,21150,2730,6,Strong
332050,"Iliamna, Newhalen, Nondalton",2019-03-01,2019,3,fuel_used_gallons,1545,117,8,Strong
332050,"Iliamna, Newhalen, Nondalton",2019-03-01,2019,3,diesel_kwh_generated,20780,2730,5,Strong
332050,"Iliamna, Newhalen, Nondalton",2019-09-01,2019,9,fuel_used_gallons,2098,117,11,Extreme
332050,"Iliamna, Newhalen, Nondalton",2019-09-01,2019,9,diesel_kwh_generated,27200,2730,7,Strong
332050,"Iliamna, Newhalen, Nondalton",2021-01-01,2021,1,fuel_used_gallons,1006,117,5,Strong
332050,"Iliamna, Newhalen, Nondalton",2021-03-01,2021,3,fuel_used_gallons,917,117,5,Strong
332050,"Iliamna, Newhalen, Nondalton",2021-10-01,2021,10,fuel_used_gallons,5705,117,32,Extreme
332050,"Iliamna, Newhalen, Nondalton",2021-10-01,2021,10,diesel_kwh_generated,74610,2730,22,Extreme
332050,"Iliamna, Newhalen, Nondalton",2021-11-01,2021,11,fuel_used_gallons,2426,117,13,Extreme
332050,"Iliamna, Newhalen, Nondalton",2021-11-01,2021,11,diesel_kwh_generated,31870,2730,9,Strong
332050,"Iliamna, Newhalen, Nondalton",2021-12-01,2021,12,fuel_used_gallons,1459,117,8,Strong
332050,"Iliamna, Newhalen, Nondalton",2021-12-01,2021,12,diesel_kwh_generated,19040,2730,5,Strong
332050,"Iliamna, Newhalen, Nondalton",2023-05-01,2023,5,peak_consumption_kw,1275,650,6,Strong
332050,"Iliamna, Newhalen, Nondalton",2023-08-01,2023,8,peak_consumption_kw,1275,650,6,Strong
332050,"Iliamna, Newhalen, Nondalton",2024-12-01,2024,12,fuel_used_gallons,1404,117,7,Strong
332050,"Iliamna, Newhalen, Nondalton",2024-12-01,2024,12,diesel_kwh_generated,18810,2730,5,Strong
332050,"Iliamna, Newhalen, Nondalton",2025-02-01,2025,2,fuel_used_gallons,3306,117,18,Extreme
332050,"Iliamna, Newhalen, Nondalton",2025-02-01,2025,2,diesel_kwh_generated,42278,2730,12,Extreme
332050,"Iliamna, Newhalen, Nondalton",2025-10-01,2025,10,fuel_used_gallons,9152,117,52,Extreme
332050,"Iliamna, Newhalen, Nondalton",2025-10-01,2025,10,diesel_kwh_generated,114710,2730,34,Extreme
332050,"Iliamna, Newhalen, Nondalton",2025-11-01,2025,11,fuel_used_gallons,9035,117,51,Extreme
332050,"Iliamna, Newhalen, Nondalton",2025-11-01,2025,11,diesel_kwh_generated,116120,2730,34,Extreme
332050,"Iliamna, Newhalen, Nondalton",2025-12-01,2025,12,fuel_used_gallons,2181,117,12,Extreme
332050,"Iliamna, Newhalen, Nondalton",2025-12-01,2025,12,diesel_kwh_generated,22210,2730,6,Strong
332050,"Iliamna, Newhalen, Nondalton",2025-12-01,2025,12,peak_consumption_kw,1275,650,6,Strong
332050,"Iliamna, Newhalen, Nondalton",2026-02-01,2026,2,fuel_used_gallons,1145,117,6,Strong
332680,Kake,2016-01-01,2016,1,powerhouse_consumption_kwh,15400,7016,5,Strong
332680,Kake,2020-12-01,2020,12,hydro_kwh_generated,72577,5781,8,Strong
332680,Kake,2020-12-01,2020,12,peak_consumption_kw,737,357.5,6,Strong
332680,Kake,2021-01-01,2021,1,hydro_kwh_generated,104461,5781,12,Extreme
332680,Kake,2021-04-01,2021,4,hydro_kwh_generated,96614,5781,11,Extreme
332680,Kake,2021-05-01,2021,5,hydro_kwh_generated,92848,5781,10,Extreme
332680,Kake,2021-06-01,2021,6,hydro_kwh_generated,91868,5781,10,Extreme
332680,Kake,2021-09-01,2021,9,hydro_kwh_generated,77213,5781,8,Strong
332680,Kake,2021-10-01,2021,10,hydro_kwh_generated,115558,5781,13,Extreme
332680,Kake,2021-11-01,2021,11,hydro_kwh_generated,93606,5781,10,Extreme
332680,Kake,2021-12-01,2021,12,hydro_kwh_generated,87043,5781,9,Extreme
332680,Kake,2021-12-01,2021,12,powerhouse_consumption_kwh,15511,7016,5,Strong
332680,Kake,2022-01-01,2022,1,powerhouse_consumption_kwh,17573,7016,6,Strong
332680,Kake,2022-02-01,2022,2,hydro_kwh_generated,96006,5781,11,Extreme
332680,Kake,2022-02-01,2022,2,powerhouse_consumption_kwh,25902,7016,10,Extreme
332680,Kake,2022-03-01,2022,3,hydro_kwh_generated,83714,5781,9,Extreme
332680,Kake,2022-04-01,2022,4,hydro_kwh_generated,111721,5781,12,Extreme
332680,Kake,2022-04-01,2022,4,powerhouse_consumption_kwh,19439,7016,7,Strong
332680,Kake,2022-05-01,2022,5,hydro_kwh_generated,74736,5781,8,Strong
332680,Kake,2022-05-01,2022,5,powerhouse_consumption_kwh,16242,7016,5,Strong
332680,Kake,2022-09-01,2022,9,hydro_kwh_generated,63553,5781,7,Strong
332680,Kake,2022-10-01,2022,10,hydro_kwh_generated,89079,5781,10,Extreme
332680,Kake,2022-11-01,2022,11,hydro_kwh_generated,123399,5781,14,Extreme
332680,Kake,2022-12-01,2022,12,hydro_kwh_generated,55063,5781,6,Strong
332680,Kake,2022-12-01,2022,12,powerhouse_consumption_kwh,18661,7016,6,Strong
332680,Kake,2023-01-01,2023,1,powerhouse_consumption_kwh,19196,7016,7,Strong
332680,Kake,2023-02-01,2023,2,hydro_kwh_generated,118009,5781,13,Extreme
332680,Kake,2023-02-01,2023,2,powerhouse_consumption_kwh,18285,7016,6,Strong
332680,Kake,2023-03-01,2023,3,powerhouse_consumption_kwh,17470,7016,6,Strong
332680,Kake,2023-03-01,2023,3,peak_consumption_kw,718,357.5,5,Strong
332680,Kake,2023-04-01,2023,4,hydro_kwh_generated,74356,5781,8,Strong
332680,Kake,2023-04-01,2023,4,powerhouse_consumption_kwh,18999,7016,7,Strong
332680,Kake,2023-05-01,2023,5,hydro_kwh_generated,114331,5781,13,Extreme
332680,Kake,2023-05-01,2023,5,powerhouse_consumption_kwh,21343,7016,8,Strong
332680,Kake,2023-06-01,2023,6,powerhouse_consumption_kwh,17115,7016,6,Strong
332680,Kake,2023-06-01,2023,6,peak_consumption_kw,688,357.5,5,Strong
332680,Kake,2023-09-01,2023,9,peak_consumption_kw,712,357.5,5,Strong
332680,Kake,2023-10-01,2023,10,hydro_kwh_generated,159767,5781,18,Extreme
332680,Kake,2023-11-01,2023,11,hydro_kwh_generated,78556,5781,8,Strong
332680,Kake,2023-12-01,2023,12,hydro_kwh_generated,140896,5781,16,Extreme
332680,Kake,2024-01-01,2024,1,hydro_kwh_generated,92549,5781,10,Extreme
332680,Kake,2024-02-01,2024,2,hydro_kwh_generated,85842,5781,9,Extreme
332680,Kake,2024-02-01,2024,2,powerhouse_consumption_kwh,18739,7016,7,Strong
332680,Kake,2024-03-01,2024,3,powerhouse_consumption_kwh,17366,7016,6,Strong
332680,Kake,2024-04-01,2024,4,hydro_kwh_generated,80605,5781,9,Strong
332680,Kake,2024-04-01,2024,4,powerhouse_consumption_kwh,18594,7016,6,Strong
332680,Kake,2024-09-01,2024,9,hydro_kwh_generated,44380,5781,5,Strong
332680,Kake,2024-10-01,2024,10,hydro_kwh_generated,103822,5781,11,Extreme
332680,Kake,2024-11-01,2024,11,hydro_kwh_generated,85096,5781,9,Extreme
332680,Kake,2024-11-01,2024,11,powerhouse_consumption_kwh,15963,7016,5,Strong
332680,Kake,2024-12-01,2024,12,hydro_kwh_generated,55826,5781,6,Strong
332680,Kake,2024-12-01,2024,12,powerhouse_consumption_kwh,17153,7016,6,Strong
332680,Kake,2025-01-01,2025,1,hydro_kwh_generated,66647,5781,7,Strong
332680,Kake,2025-01-01,2025,1,powerhouse_consumption_kwh,18748,7016,7,Strong
332680,Kake,2025-02-01,2025,2,powerhouse_consumption_kwh,18986,7016,7,Strong
332680,Kake,2025-02-01,2025,2,peak_consumption_kw,697,357.5,5,Strong
332680,Kake,2025-03-01,2025,3,hydro_kwh_generated,87982,5781,10,Extreme
332680,Kake,2025-03-01,2025,3,powerhouse_consumption_kwh,16961,7016,6,Strong
332680,Kake,2025-04-01,2025,4,hydro_kwh_generated,71590,5781,8,Strong
332680,Kake,2025-04-01,2025,4,powerhouse_consumption_kwh,19099,7016,7,Strong
332680,Kake,2025-05-01,2025,5,hydro_kwh_generated,93444,5781,10,Extreme
332680,Kake,2025-05-01,2025,5,powerhouse_consumption_kwh,17807,7016,6,Strong
332680,Kake,2025-06-01,2025,6,hydro_kwh_generated,62973,5781,7,Strong
332680,Kake,2025-06-01,2025,6,powerhouse_consumption_kwh,18960,7016,7,Strong
332680,Kake,2025-07-01,2025,7,hydro_kwh_generated,53389,5781,6,Strong
332680,Kake,2025-10-01,2025,10,hydro_kwh_generated,83641,5781,9,Extreme
332680,Kake,2025-11-01,2025,11,hydro_kwh_generated,133409,5781,15,Extreme
332680,Kake,2025-12-01,2025,12,hydro_kwh_generated,102330,5781,11,Extreme
332680,Kake,2026-01-01,2026,1,powerhouse_consumption_kwh,19389,7016,7,Strong
332680,Kake,2026-02-01,2026,2,hydro_kwh_generated,118605,5781,13,Extreme
332680,Kake,2026-02-01,2026,2,powerhouse_consumption_kwh,17801,7016,6,Strong
332680,Kake,2026-03-01,2026,3,residential_customers,185,238,9,Strong
332680,Kake,2026-04-01,2026,4,hydro_kwh_generated,70856,5781,8,Strong
332680,Kake,2026-04-01,2026,4,powerhouse_consumption_kwh,27701,7016,11,Extreme
332680,Kake,2026-04-01,2026,4,residential_customers,188,238,8,Strong
332680,Kake,2026-05-01,2026,5,hydro_kwh_generated,105768,5781,12,Extreme
332680,Kake,2026-06-01,2026,6,hydro_kwh_generated,45878,5781,5,Strong
332370,Kaktovik,2018-08-01,2018,8,powerhouse_consumption_kwh,3042,19566.5,5,Strong
332370,Kaktovik,2019-03-01,2019,3,residential_sold_to,122763,59160,6,Strong
332370,Kaktovik,2019-03-01,2019,3,residential_customers,0,77,52,Extreme
332370,Kaktovik,2024-12-01,2024,12,peak_consumption_kw,21275,701,180,Extreme
331720,Kalskag,2015-07-01,2015,7,commercial_sold_to,12891,5580,9,Extreme
331720,Kalskag,2015-08-01,2015,8,commercial_sold_to,13797,5580,10,Extreme
331720,Kalskag,2015-09-01,2015,9,commercial_sold_to,14957,5580,12,Extreme
331720,Kalskag,2015-10-01,2015,10,commercial_sold_to,14316,5580,11,Extreme
331720,Kalskag,2015-11-01,2015,11,commercial_sold_to,17269,5580,15,Extreme
331720,Kalskag,2015-12-01,2015,12,commercial_sold_to,18041,5580,16,Extreme
331720,Kalskag,2016-01-01,2016,1,commercial_sold_to,17534,5580,15,Extreme
331720,Kalskag,2016-08-01,2016,8,residential_customers,128,66,14,Extreme
331720,Kalskag,2020-02-01,2020,2,powerhouse_consumption_kwh,6139,3122,5,Strong
331720,Kalskag,2020-03-01,2020,3,powerhouse_consumption_kwh,6328,3122,6,Strong
331720,Kalskag,2023-03-01,2023,3,fuel_used_gallons,0,8803,5,Strong
331720,Kalskag,2023-03-01,2023,3,commercial_sold_to,0,5580,7,Strong
331720,Kalskag,2025-11-01,2025,11,fuel_used_gallons,0,8803,5,Strong
331720,Kalskag,2025-11-01,2025,11,commercial_sold_to,15729,5580,13,Extreme
331720,Kalskag,2025-12-01,2025,12,fuel_used_gallons,0,8803,5,Strong
331720,Kalskag,2025-12-01,2025,12,commercial_sold_to,16307,5580,13,Extreme
331720,Kalskag,2026-01-01,2026,1,fuel_used_gallons,0,8803,5,Strong
331720,Kalskag,2026-01-01,2026,1,commercial_sold_to,20315,5580,18,Extreme
331720,Kalskag,2026-02-01,2026,2,fuel_used_gallons,0,8803,5,Strong
331720,Kalskag,2026-02-01,2026,2,commercial_sold_to,14461,5580,11,Extreme
331720,Kalskag,2026-03-01,2026,3,fuel_used_gallons,0,8803,5,Strong
331720,Kalskag,2026-03-01,2026,3,commercial_sold_to,16195,5580,13,Extreme
331380,Kaltag,2015-07-01,2015,7,com_facil_sold_to,2882,12423,5,Strong
331380,Kaltag,2015-08-01,2015,8,com_facil_sold_to,3000,12423,5,Strong
331380,Kaltag,2015-09-01,2015,9,com_facil_sold_to,2595,12423,5,Strong
331380,Kaltag,2015-10-01,2015,10,com_facil_sold_to,2335,12423,5,Strong
331380,Kaltag,2015-11-01,2015,11,com_facil_sold_to,2685,12423,5,Strong
331380,Kaltag,2015-12-01,2015,12,com_facil_sold_to,3361,12423,5,Strong
331380,Kaltag,2016-01-01,2016,1,com_facil_sold_to,3478,12423,5,Strong
331380,Kaltag,2017-06-01,2017,6,commercial_sold_to,11135,0,NA,Strong
331380,Kaltag,2017-07-01,2017,7,fuel_used_gallons,7005,4235,6,Strong
331380,Kaltag,2017-07-01,2017,7,diesel_kwh_generated,89256,54816,5,Strong
331380,Kaltag,2017-07-01,2017,7,commercial_sold_to,37699,0,NA,Strong
331380,Kaltag,2017-08-01,2017,8,commercial_sold_to,14560,0,NA,Strong
331380,Kaltag,2018-07-01,2018,7,fuel_used_gallons,8006,4235,8,Strong
331380,Kaltag,2018-07-01,2018,7,diesel_kwh_generated,102642,54816,6,Strong
331380,Kaltag,2018-07-01,2018,7,commercial_sold_to,49648,0,NA,Strong
331380,Kaltag,2022-09-01,2022,9,commercial_sold_to,12050,0,NA,Strong
331380,Kaltag,2022-10-01,2022,10,commercial_sold_to,17008,0,NA,Strong
331380,Kaltag,2022-11-01,2022,11,commercial_sold_to,14486,0,NA,Strong
331380,Kaltag,2023-02-01,2023,2,fuel_used_gallons,1907,4235,5,Strong
331380,Kaltag,2025-11-01,2025,11,fuel_used_gallons,0,4235,9,Strong
331380,Kaltag,2025-12-01,2025,12,fuel_used_gallons,0,4235,9,Strong
331380,Kaltag,2026-01-01,2026,1,fuel_used_gallons,0,4235,9,Strong
331380,Kaltag,2026-02-01,2026,2,fuel_used_gallons,0,4235,9,Strong
331380,Kaltag,2026-03-01,2026,3,fuel_used_gallons,0,4235,9,Strong
331740,Karluk,2017-08-01,2017,8,powerhouse_consumption_kwh,584,229,6,Strong
331740,Karluk,2020-12-01,2020,12,com_facil_sold_to,4658,1834,5,Strong
331740,Karluk,2021-03-01,2021,3,com_facil_sold_to,4652,1834,5,Strong
331740,Karluk,2021-12-01,2021,12,com_facil_sold_to,5417,1834,7,Strong
331740,Karluk,2024-01-01,2024,1,powerhouse_consumption_kwh,606,229,7,Strong
331740,Karluk,2024-02-01,2024,2,powerhouse_consumption_kwh,598,229,6,Strong
331740,Karluk,2024-03-01,2024,3,powerhouse_consumption_kwh,1242,229,18,Extreme
331740,Karluk,2025-07-01,2025,7,powerhouse_consumption_kwh,607,229,7,Strong
331740,Karluk,2025-08-01,2025,8,powerhouse_consumption_kwh,522,229,5,Strong
331740,Karluk,2025-09-01,2025,9,powerhouse_consumption_kwh,492,229,5,Strong
331740,Karluk,2025-10-01,2025,10,powerhouse_consumption_kwh,550,229,6,Strong
331740,Karluk,2025-11-01,2025,11,powerhouse_consumption_kwh,497,229,5,Strong
331390,Kasigluk,2016-01-01,2016,1,wind_kwh_generated,104977,27270.5,5,Strong
331390,Kasigluk,2016-08-01,2016,8,residential_customers,228,120,24,Extreme
331390,Kasigluk,2025-11-01,2025,11,fuel_used_gallons,0,15547,8,Strong
331390,Kasigluk,2025-12-01,2025,12,fuel_used_gallons,0,15547,8,Strong
331390,Kasigluk,2026-01-01,2026,1,fuel_used_gallons,0,15547,8,Strong
331390,Kasigluk,2026-02-01,2026,2,fuel_used_gallons,0,15547,8,Strong
331390,Kasigluk,2026-03-01,2026,3,fuel_used_gallons,0,15547,8,Strong
331400,Kiana,2021-12-01,2021,12,fuel_used_gallons,28079,10132,7,Strong
331400,Kiana,2025-11-01,2025,11,commercial_sold_to,29123,17695,5,Strong
331400,Kiana,2025-12-01,2025,12,commercial_sold_to,31319,17695,6,Strong
331400,Kiana,2026-01-01,2026,1,commercial_sold_to,32812,17695,6,Strong
331400,Kiana,2026-02-01,2026,2,commercial_sold_to,31091,17695,6,Strong
331400,Kiana,2026-03-01,2026,3,commercial_sold_to,31557,17695,6,Strong
332070,King Cove,2017-07-01,2017,7,pce_eligible_community_kwh,64610,63350,5,Strong
332070,King Cove,2017-08-01,2017,8,pce_eligible_community_kwh,64610,63350,5,Strong
332070,King Cove,2017-08-01,2017,8,powerhouse_consumption_kwh,21547,5661,8,Strong
332070,King Cove,2017-09-01,2017,9,pce_eligible_community_kwh,64610,63350,5,Strong
332070,King Cove,2017-09-01,2017,9,com_facil_sold_to,205473,87137.5,10,Extreme
332070,King Cove,2017-10-01,2017,10,pce_eligible_community_kwh,56623,63350,26,Extreme
332080,Kipnuk,2015-11-01,2015,11,unbilled_customers,64,10,12,Extreme
332080,Kipnuk,2015-12-01,2015,12,unbilled_sold_to,12795,2290,5,Strong
332080,Kipnuk,2015-12-01,2015,12,unbilled_customers,64,10,12,Extreme
332080,Kipnuk,2016-01-01,2016,1,unbilled_sold_to,12457,2290,5,Strong
332080,Kipnuk,2016-01-01,2016,1,unbilled_customers,64,10,12,Extreme
332080,Kipnuk,2016-02-01,2016,2,unbilled_customers,64,10,12,Extreme
332080,Kipnuk,2016-03-01,2016,3,unbilled_sold_to,12276,2290,5,Strong
332080,Kipnuk,2016-03-01,2016,3,unbilled_customers,64,10,12,Extreme
332080,Kipnuk,2016-04-01,2016,4,unbilled_customers,65,10,12,Extreme
332080,Kipnuk,2016-05-01,2016,5,unbilled_customers,66,10,13,Extreme
332080,Kipnuk,2016-06-01,2016,6,unbilled_customers,66,10,13,Extreme
332080,Kipnuk,2016-07-01,2016,7,unbilled_customers,64,10,12,Extreme
332080,Kipnuk,2016-08-01,2016,8,unbilled_customers,64,10,12,Extreme
332080,Kipnuk,2016-09-01,2016,9,unbilled_customers,64,10,12,Extreme
332080,Kipnuk,2016-10-01,2016,10,unbilled_customers,65,10,12,Extreme
332080,Kipnuk,2016-11-01,2016,11,unbilled_customers,65,10,12,Extreme
332080,Kipnuk,2017-02-01,2017,2,unbilled_sold_to,14927,2290,6,Strong
332080,Kipnuk,2017-03-01,2017,3,unbilled_sold_to,12451,2290,5,Strong
332080,Kipnuk,2017-07-01,2017,7,unbilled_sold_to,12881,2290,5,Strong
332080,Kipnuk,2017-08-01,2017,8,unbilled_sold_to,15832,2290,6,Strong
332080,Kipnuk,2018-01-01,2018,1,unbilled_sold_to,12530,2290,5,Strong
332080,Kipnuk,2018-04-01,2018,4,unbilled_sold_to,13974,2290,6,Strong
332080,Kipnuk,2018-08-01,2018,8,fuel_used_gallons,0,9555.5,5,Strong
332080,Kipnuk,2018-09-01,2018,9,fuel_used_gallons,0,9555.5,5,Strong
332080,Kipnuk,2018-12-01,2018,12,com_facil_sold_to,62709,12027,6,Strong
332080,Kipnuk,2019-01-01,2019,1,unbilled_customers,81,10,16,Extreme
332080,Kipnuk,2019-02-01,2019,2,unbilled_customers,81,10,16,Extreme
332080,Kipnuk,2019-03-01,2019,3,com_facil_sold_to,47766,12027,5,Strong
332080,Kipnuk,2022-03-01,2022,3,commercial_sold_to,109475,52162,5,Strong
332080,Kipnuk,2022-10-01,2022,10,powerhouse_consumption_kwh,18982,4619,5,Strong
332080,Kipnuk,2022-12-01,2022,12,unbilled_sold_to,26182,2290,11,Extreme
332080,Kipnuk,2023-03-01,2023,3,powerhouse_consumption_kwh,25970,4619,7,Strong
332080,Kipnuk,2023-12-01,2023,12,pce_eligible_community_kwh,27068,7451,7,Strong
332080,Kipnuk,2024-02-01,2024,2,pce_eligible_community_kwh,24123,7451,6,Strong
332080,Kipnuk,2024-11-01,2024,11,powerhouse_consumption_kwh,30391,4619,9,Strong
332080,Kipnuk,2024-12-01,2024,12,pce_eligible_community_kwh,48849,7451,14,Extreme
332080,Kipnuk,2024-12-01,2024,12,com_facil_sold_to,67263,12027,7,Strong
332080,Kipnuk,2025-01-01,2025,1,pce_eligible_residential_kwh,104656,64155,6,Strong
332080,Kipnuk,2025-01-01,2025,1,pce_eligible_community_kwh,26718,7451,6,Strong
332080,Kipnuk,2025-01-01,2025,1,residential_sold_to,121402,70282,6,Strong
332080,Kipnuk,2025-03-01,2025,3,pce_eligible_community_kwh,21787,7451,5,Strong
332080,Kipnuk,2025-09-01,2025,9,fuel_used_gallons,19514,9555.5,5,Strong
331410,Kivalina,2016-08-01,2016,8,residential_customers,186,89,33,Extreme
331410,Kivalina,2016-10-01,2016,10,residential_customers,185,89,32,Extreme
331410,Kivalina,2016-11-01,2016,11,residential_customers,186,89,33,Extreme
331410,Kivalina,2017-01-01,2017,1,residential_customers,183,89,32,Extreme
331410,Kivalina,2017-02-01,2017,2,residential_customers,181,89,31,Extreme
331410,Kivalina,2019-02-01,2019,2,commercial_sold_to,73408,8038,15,Extreme
331410,Kivalina,2019-03-01,2019,3,commercial_sold_to,73139,8038,15,Extreme
331410,Kivalina,2019-04-01,2019,4,commercial_sold_to,42273,8038,8,Strong
331410,Kivalina,2019-09-01,2019,9,commercial_sold_to,44431,8038,8,Strong
331410,Kivalina,2019-10-01,2019,10,commercial_sold_to,45644,8038,8,Strong
331410,Kivalina,2020-01-01,2020,1,commercial_sold_to,61792,8038,12,Extreme
331410,Kivalina,2020-02-01,2020,2,commercial_sold_to,91083,8038,19,Extreme
331410,Kivalina,2020-03-01,2020,3,commercial_sold_to,79125,8038,16,Extreme
331410,Kivalina,2020-04-01,2020,4,commercial_sold_to,28494,8038,5,Strong
331410,Kivalina,2020-05-01,2020,5,commercial_sold_to,28822,8038,5,Strong
331410,Kivalina,2020-06-01,2020,6,commercial_sold_to,42524,8038,8,Strong
331410,Kivalina,2020-07-01,2020,7,commercial_sold_to,35985,8038,6,Strong
331410,Kivalina,2020-08-01,2020,8,commercial_sold_to,37347,8038,7,Strong
331410,Kivalina,2020-09-01,2020,9,commercial_sold_to,49493,8038,9,Extreme
331410,Kivalina,2020-10-01,2020,10,commercial_sold_to,56404,8038,11,Extreme
331410,Kivalina,2021-01-01,2021,1,commercial_sold_to,34178,8038,6,Strong
331410,Kivalina,2021-02-01,2021,2,commercial_sold_to,84675,8038,17,Extreme
331410,Kivalina,2021-03-01,2021,3,commercial_sold_to,64256,8038,13,Extreme
331410,Kivalina,2021-04-01,2021,4,commercial_sold_to,58254,8038,11,Extreme
331410,Kivalina,2021-05-01,2021,5,commercial_sold_to,71309,8038,14,Extreme
331410,Kivalina,2021-10-01,2021,10,commercial_sold_to,58052,8038,11,Extreme
331410,Kivalina,2021-11-01,2021,11,commercial_sold_to,77708,8038,16,Extreme
331410,Kivalina,2021-12-01,2021,12,commercial_sold_to,63186,8038,12,Extreme
331410,Kivalina,2022-01-01,2022,1,commercial_sold_to,80201,8038,16,Extreme
331410,Kivalina,2022-02-01,2022,2,powerhouse_consumption_kwh,7288,3301,5,Strong
331410,Kivalina,2022-02-01,2022,2,commercial_sold_to,68512,8038,14,Extreme
331410,Kivalina,2022-03-01,2022,3,commercial_sold_to,58346,8038,11,Extreme
331410,Kivalina,2022-04-01,2022,4,commercial_sold_to,60408,8038,12,Extreme
331410,Kivalina,2022-05-01,2022,5,commercial_sold_to,57630,8038,11,Extreme
331410,Kivalina,2022-06-01,2022,6,commercial_sold_to,43298,8038,8,Strong
331410,Kivalina,2022-07-01,2022,7,commercial_sold_to,35648,8038,6,Strong
331410,Kivalina,2022-08-01,2022,8,commercial_sold_to,41002,8038,7,Strong
331410,Kivalina,2022-09-01,2022,9,commercial_sold_to,41059,8038,7,Strong
331410,Kivalina,2022-10-01,2022,10,commercial_sold_to,48228,8038,9,Strong
331410,Kivalina,2022-11-01,2022,11,commercial_sold_to,53599,8038,10,Extreme
331410,Kivalina,2022-11-01,2022,11,com_facil_sold_to,55651,25435,5,Strong
331410,Kivalina,2022-12-01,2022,12,commercial_sold_to,60878,8038,12,Extreme
331410,Kivalina,2022-12-01,2022,12,com_facil_sold_to,59102,25435,6,Strong
331410,Kivalina,2023-01-01,2023,1,commercial_sold_to,68131,8038,13,Extreme
331410,Kivalina,2023-01-01,2023,1,com_facil_sold_to,65560,25435,7,Strong
331410,Kivalina,2023-02-01,2023,2,commercial_sold_to,36711,8038,6,Strong
331410,Kivalina,2023-02-01,2023,2,com_facil_sold_to,65157,25435,7,Strong
331410,Kivalina,2023-03-01,2023,3,com_facil_sold_to,66166,25435,7,Strong
331410,Kivalina,2023-04-01,2023,4,com_facil_sold_to,65814,25435,7,Strong
331410,Kivalina,2023-05-01,2023,5,com_facil_sold_to,64708,25435,7,Strong
331410,Kivalina,2023-09-01,2023,9,com_facil_sold_to,52844,25435,5,Strong
331410,Kivalina,2023-10-01,2023,10,com_facil_sold_to,63159,25435,6,Strong
331410,Kivalina,2023-11-01,2023,11,com_facil_sold_to,62385,25435,6,Strong
331410,Kivalina,2023-12-01,2023,12,com_facil_sold_to,64414,25435,7,Strong
331410,Kivalina,2024-01-01,2024,1,com_facil_sold_to,68788,25435,7,Strong
331410,Kivalina,2024-02-01,2024,2,com_facil_sold_to,61932,25435,6,Strong
331410,Kivalina,2024-03-01,2024,3,com_facil_sold_to,70514,25435,8,Strong
331410,Kivalina,2024-04-01,2024,4,com_facil_sold_to,69202,25435,7,Strong
331410,Kivalina,2024-05-01,2024,5,com_facil_sold_to,65454,25435,7,Strong
331410,Kivalina,2024-08-01,2024,8,com_facil_sold_to,52352,25435,5,Strong
331410,Kivalina,2024-09-01,2024,9,com_facil_sold_to,56406,25435,5,Strong
331410,Kivalina,2024-10-01,2024,10,com_facil_sold_to,60909,25435,6,Strong
331410,Kivalina,2024-11-01,2024,11,com_facil_sold_to,57602,25435,5,Strong
331410,Kivalina,2025-11-01,2025,11,fuel_used_gallons,0,9094.5,5,Strong
331410,Kivalina,2025-12-01,2025,12,fuel_used_gallons,0,9094.5,5,Strong
331410,Kivalina,2026-01-01,2026,1,fuel_used_gallons,0,9094.5,5,Strong
331410,Kivalina,2026-01-01,2026,1,residential_sold_to,90324,47780,5,Strong
331410,Kivalina,2026-01-01,2026,1,commercial_sold_to,32812,8038,6,Strong
331410,Kivalina,2026-02-01,2026,2,fuel_used_gallons,0,9094.5,5,Strong
331410,Kivalina,2026-03-01,2026,3,fuel_used_gallons,0,9094.5,5,Strong
331155,Klawock,2019-01-01,2019,1,commercial_sold_to,266989,401686,5,Strong
331155,Klawock,2020-01-01,2020,1,commercial_sold_to,256177,401686,5,Strong
331155,Klawock,2026-01-01,2026,1,residential_customers,348,399,6,Strong
331155,Klawock,2026-02-01,2026,2,residential_customers,344,399,6,Strong
332700,Klukwan,2015-07-01,2015,7,pce_eligible_community_kwh,3720,6510,13,Extreme
332700,Klukwan,2015-08-01,2015,8,pce_eligible_community_kwh,4484,6510,10,Extreme
332700,Klukwan,2022-12-01,2022,12,commercial_sold_to,15306,7253.5,5,Strong
332090,Kobuk,2015-11-01,2015,11,commercial_sold_to,12273,7455,6,Strong
332090,Kobuk,2015-12-01,2015,12,commercial_sold_to,14685,7455,9,Strong
332090,Kobuk,2016-01-01,2016,1,commercial_sold_to,14738,7455,9,Strong
332090,Kobuk,2016-10-01,2016,10,residential_customers,187,38,100,Extreme
332090,Kobuk,2016-11-01,2016,11,residential_customers,186,38,100,Extreme
332090,Kobuk,2017-01-01,2017,1,residential_customers,188,38,101,Extreme
332090,Kobuk,2017-02-01,2017,2,residential_customers,188,38,101,Extreme
332090,Kobuk,2024-01-01,2024,1,commercial_sold_to,3186,7455,5,Strong
332090,Kobuk,2024-02-01,2024,2,commercial_sold_to,15718,7455,10,Extreme
332090,Kobuk,2025-11-01,2025,11,commercial_sold_to,11274,7455,5,Strong
332090,Kobuk,2025-12-01,2025,12,commercial_sold_to,12100,7455,6,Strong
332090,Kobuk,2026-01-01,2026,1,pce_eligible_community_kwh,32779,8773,12,Extreme
332090,Kobuk,2026-01-01,2026,1,commercial_sold_to,14084,7455,8,Strong
332090,Kobuk,2026-02-01,2026,2,commercial_sold_to,12264,7455,6,Strong
332090,Kobuk,2026-03-01,2026,3,commercial_sold_to,13193,7455,7,Strong
332100,Kokhanok,2015-12-01,2015,12,unbilled_sold_to,800,91,5,Strong
332100,Kokhanok,2016-01-01,2016,1,com_facil_sold_to,16312,6028.5,5,Strong
332100,Kokhanok,2021-09-01,2021,9,fuel_used_gallons,8526,3447,11,Extreme
332100,Kokhanok,2021-09-01,2021,9,residential_sold_to,39440,15662.5,9,Extreme
332100,Kokhanok,2022-11-01,2022,11,commercial_sold_to,19893,6321.5,5,Strong
332100,Kokhanok,2023-11-01,2023,11,fuel_used_gallons,7051,3447,8,Strong
332100,Kokhanok,2024-01-01,2024,1,unbilled_sold_to,6389,91,47,Extreme
332100,Kokhanok,2024-02-01,2024,2,residential_sold_to,41086,15662.5,10,Extreme
332100,Kokhanok,2025-06-01,2025,6,unbilled_sold_to,864,91,6,Strong
332100,Kokhanok,2025-12-01,2025,12,commercial_sold_to,20461,6321.5,6,Strong
332100,Kokhanok,2025-12-01,2025,12,unbilled_sold_to,1376,91,10,Extreme
332100,Kokhanok,2026-01-01,2026,1,commercial_sold_to,24831,6321.5,7,Strong
332100,Kokhanok,2026-02-01,2026,2,commercial_sold_to,19464,6321.5,5,Strong
332100,Kokhanok,2026-03-01,2026,3,commercial_sold_to,23398,6321.5,7,Strong
332110,Koliganek,2015-07-01,2015,7,powerhouse_consumption_kwh,3363,1584,7,Strong
332110,Koliganek,2016-06-01,2016,6,commercial_sold_to,13208,4891,11,Extreme
332110,Koliganek,2016-07-01,2016,7,powerhouse_consumption_kwh,3086,1584,6,Strong
332110,Koliganek,2016-08-01,2016,8,powerhouse_consumption_kwh,2987,1584,5,Strong
332110,Koliganek,2016-10-01,2016,10,residential_sold_to,34133,22311.5,5,Strong
332110,Koliganek,2017-02-01,2017,2,commercial_sold_to,11949,4891,9,Extreme
332110,Koliganek,2017-06-01,2017,6,powerhouse_consumption_kwh,3148,1584,6,Strong
332110,Koliganek,2017-07-01,2017,7,powerhouse_consumption_kwh,3389,1584,7,Strong
332110,Koliganek,2017-08-01,2017,8,powerhouse_consumption_kwh,2957,1584,5,Strong
332110,Koliganek,2017-08-01,2017,8,commercial_sold_to,17511,4891,16,Extreme
332110,Koliganek,2017-11-01,2017,11,govt_facil_sold_to,36987,17950,5,Strong
332110,Koliganek,2018-06-01,2018,6,powerhouse_consumption_kwh,2892,1584,5,Strong
332110,Koliganek,2018-07-01,2018,7,powerhouse_consumption_kwh,3117,1584,6,Strong
332110,Koliganek,2018-08-01,2018,8,powerhouse_consumption_kwh,3519,1584,7,Strong
332110,Koliganek,2018-09-01,2018,9,powerhouse_consumption_kwh,2912,1584,5,Strong
332110,Koliganek,2018-12-01,2018,12,peak_consumption_kw,168,92,5,Strong
332110,Koliganek,2019-01-01,2019,1,pce_eligible_community_kwh,11622,6027.5,5,Strong
332110,Koliganek,2022-12-01,2022,12,fuel_used_gallons,9640,4894.5,9,Extreme
332110,Koliganek,2022-12-01,2022,12,powerhouse_consumption_kwh,2806,1584,5,Strong
332110,Koliganek,2026-01-01,2026,1,pce_eligible_community_kwh,11830,6027.5,5,Strong
332110,Koliganek,2026-01-01,2026,1,com_facil_sold_to,13384,6777,5,Strong
332510,Kongiganak,2015-12-01,2015,12,residential_customers,103,157,5,Strong
332510,Kongiganak,2016-01-01,2016,1,residential_customers,101,157,5,Strong
332510,Kongiganak,2016-02-01,2016,2,total_kwh_purchased,13731,0,NA,Strong
332510,Kongiganak,2016-02-01,2016,2,residential_customers,103,157,5,Strong
332510,Kongiganak,2016-03-01,2016,3,total_kwh_purchased,22342,0,NA,Strong
332510,Kongiganak,2016-03-01,2016,3,residential_customers,103,157,5,Strong
332510,Kongiganak,2016-04-01,2016,4,residential_customers,101,157,5,Strong
332510,Kongiganak,2016-05-01,2016,5,total_kwh_purchased,16464,0,NA,Strong
332510,Kongiganak,2016-05-01,2016,5,residential_customers,102,157,5,Strong
332510,Kongiganak,2016-07-01,2016,7,residential_customers,102,157,5,Strong
332510,Kongiganak,2016-08-01,2016,8,residential_customers,102,157,5,Strong
332510,Kongiganak,2016-09-01,2016,9,residential_customers,102,157,5,Strong
332510,Kongiganak,2016-10-01,2016,10,total_kwh_purchased,18117,0,NA,Strong
332510,Kongiganak,2016-11-01,2016,11,total_kwh_purchased,17345,0,NA,Strong
332510,Kongiganak,2016-12-01,2016,12,total_kwh_purchased,17679,0,NA,Strong
332510,Kongiganak,2017-01-01,2017,1,total_kwh_purchased,13319,0,NA,Strong
332510,Kongiganak,2017-02-01,2017,2,total_kwh_purchased,20895,0,NA,Strong
332510,Kongiganak,2017-03-01,2017,3,total_kwh_purchased,23461,0,NA,Strong
332510,Kongiganak,2017-09-01,2017,9,peak_consumption_kw,421,222,5,Strong
332510,Kongiganak,2017-10-01,2017,10,total_kwh_purchased,12591,0,NA,Strong
332510,Kongiganak,2017-10-01,2017,10,peak_consumption_kw,421,222,5,Strong
332510,Kongiganak,2017-12-01,2017,12,total_kwh_purchased,14311,0,NA,Strong
332510,Kongiganak,2017-12-01,2017,12,unbilled_sold_to,19706,2359,13,Extreme
332510,Kongiganak,2018-01-01,2018,1,total_kwh_purchased,25362,0,NA,Strong
332510,Kongiganak,2018-02-01,2018,2,total_kwh_purchased,22721,0,NA,Strong
332510,Kongiganak,2018-03-01,2018,3,total_kwh_purchased,16018,0,NA,Strong
332510,Kongiganak,2018-04-01,2018,4,total_kwh_purchased,19818,0,NA,Strong
332510,Kongiganak,2018-05-01,2018,5,total_kwh_purchased,15819,0,NA,Strong
332510,Kongiganak,2018-07-01,2018,7,total_kwh_purchased,12113,0,NA,Strong
332510,Kongiganak,2025-07-01,2025,7,fuel_used_gallons,13388,5996,6,Strong
332510,Kongiganak,2025-12-01,2025,12,fuel_used_gallons,19986,5996,12,Extreme
332510,Kongiganak,2026-01-01,2026,1,fuel_used_gallons,11491,5996,5,Strong
332510,Kongiganak,2026-01-01,2026,1,govt_facil_sold_to,5698,465.5,13,Extreme
332120,Kotlik,2015-11-01,2015,11,commercial_sold_to,40143,25569,5,Strong
332120,Kotlik,2015-12-01,2015,12,commercial_sold_to,42680,25569,6,Strong
332120,Kotlik,2016-01-01,2016,1,commercial_sold_to,42383,25569,6,Strong
332120,Kotlik,2025-11-01,2025,11,fuel_used_gallons,0,12275,6,Strong
332120,Kotlik,2025-12-01,2025,12,fuel_used_gallons,0,12275,6,Strong
332120,Kotlik,2026-01-01,2026,1,fuel_used_gallons,0,12275,6,Strong
332120,Kotlik,2026-02-01,2026,2,fuel_used_gallons,0,12275,6,Strong
332120,Kotlik,2026-03-01,2026,3,fuel_used_gallons,0,12275,6,Strong
332130,Kotzebue,2019-01-01,2019,1,govt_facil_sold_to,184866,74411,10,Extreme
332130,Kotzebue,2023-06-01,2023,6,peak_consumption_kw,1620,3039,5,Strong
332130,Kotzebue,2023-09-01,2023,9,com_facil_sold_to,226662,137780.5,5,Strong
332130,Kotzebue,2023-10-01,2023,10,solar_kwh_generated,913987,60302,13,Extreme
332130,Kotzebue,2024-05-01,2024,5,solar_kwh_generated,387843,60302,5,Strong
332130,Kotzebue,2024-06-01,2024,6,peak_consumption_kw,1608,3039,5,Strong
332130,Kotzebue,2025-12-01,2025,12,peak_consumption_kw,1323,3039,6,Strong
331420,Koyuk,2023-11-01,2023,11,residential_customers,21,87,15,Extreme
331420,Koyuk,2023-11-01,2023,11,govt_facil_customers,135,18,12,Extreme
331420,Koyuk,2025-11-01,2025,11,fuel_used_gallons,0,7740.5,5,Strong
331420,Koyuk,2025-11-01,2025,11,commercial_sold_to,31245,13417,8,Strong
331420,Koyuk,2025-12-01,2025,12,fuel_used_gallons,0,7740.5,5,Strong
331420,Koyuk,2025-12-01,2025,12,commercial_sold_to,33960,13417,9,Strong
331420,Koyuk,2026-01-01,2026,1,pce_eligible_residential_kwh,49807,33486,5,Strong
331420,Koyuk,2026-01-01,2026,1,fuel_used_gallons,0,7740.5,5,Strong
331420,Koyuk,2026-01-01,2026,1,commercial_sold_to,37318,13417,10,Extreme
331420,Koyuk,2026-02-01,2026,2,fuel_used_gallons,0,7740.5,5,Strong
331420,Koyuk,2026-02-01,2026,2,commercial_sold_to,29381,13417,7,Strong
331420,Koyuk,2026-03-01,2026,3,fuel_used_gallons,0,7740.5,5,Strong
331420,Koyuk,2026-03-01,2026,3,commercial_sold_to,33282,13417,8,Strong
332140,Koyukuk,2016-01-01,2016,1,fuel_used_gallons,7920,2912,5,Strong
332140,Koyukuk,2020-11-01,2020,11,commercial_sold_to,16984,4882,5,Strong
332140,Koyukuk,2021-11-01,2021,11,fuel_used_gallons,11751,2912,8,Strong
332140,Koyukuk,2021-11-01,2021,11,diesel_kwh_generated,115431,27568,17,Extreme
332140,Koyukuk,2021-11-01,2021,11,powerhouse_consumption_kwh,7038,2167.5,6,Strong
332140,Koyukuk,2021-11-01,2021,11,residential_sold_to,37356,9328,9,Extreme
332140,Koyukuk,2021-11-01,2021,11,commercial_sold_to,19273,4882,6,Strong
332140,Koyukuk,2021-11-01,2021,11,com_facil_sold_to,12323,2043,7,Strong
332140,Koyukuk,2022-04-01,2022,4,fuel_used_gallons,16983,2912,13,Extreme
332140,Koyukuk,2022-04-01,2022,4,diesel_kwh_generated,169866,27568,27,Extreme
332140,Koyukuk,2022-04-01,2022,4,powerhouse_consumption_kwh,7294,2167.5,7,Strong
332140,Koyukuk,2022-04-01,2022,4,residential_sold_to,57000,9328,16,Extreme
332140,Koyukuk,2022-04-01,2022,4,commercial_sold_to,23152,4882,8,Strong
332140,Koyukuk,2022-04-01,2022,4,com_facil_sold_to,18551,2043,11,Extreme
332140,Koyukuk,2022-04-01,2022,4,govt_facil_sold_to,11869,2237,5,Strong
332140,Koyukuk,2022-10-01,2022,10,diesel_kwh_generated,63569,27568,7,Strong
332140,Koyukuk,2022-10-01,2022,10,residential_sold_to,29596,9328,7,Strong
332140,Koyukuk,2022-11-01,2022,11,diesel_kwh_generated,75281,27568,9,Strong
332140,Koyukuk,2022-11-01,2022,11,residential_sold_to,24471,9328,5,Strong
332140,Koyukuk,2022-12-01,2022,12,residential_sold_to,26154,9328,6,Strong
332140,Koyukuk,2023-07-01,2023,7,powerhouse_consumption_kwh,6161,2167.5,5,Strong
332140,Koyukuk,2024-12-01,2024,12,fuel_used_gallons,9768,2912,6,Strong
332140,Koyukuk,2025-12-01,2025,12,govt_facil_sold_to,12137,2237,5,Strong
332140,Koyukuk,2026-01-01,2026,1,diesel_kwh_generated,55364,27568,5,Strong
332140,Koyukuk,2026-01-01,2026,1,govt_facil_sold_to,16928,2237,8,Strong
332150,Kwethluk,2022-11-01,2022,11,powerhouse_consumption_kwh,8799,3143,9,Extreme
332150,Kwethluk,2023-08-01,2023,8,powerhouse_consumption_kwh,91,3143,5,Strong
332150,Kwethluk,2024-08-01,2024,8,peak_consumption_kw,678,315,6,Strong
332150,Kwethluk,2024-09-01,2024,9,peak_consumption_kw,611,315,5,Strong
332150,Kwethluk,2024-10-01,2024,10,peak_consumption_kw,618,315,5,Strong
332150,Kwethluk,2024-11-01,2024,11,peak_consumption_kw,598,315,5,Strong
332150,Kwethluk,2025-10-01,2025,10,unbilled_sold_to,45906,10092,7,Strong
332160,Kwigillingok,2015-10-01,2015,10,pce_eligible_community_kwh,13121,3206,8,Strong
332160,Kwigillingok,2015-10-01,2015,10,wind_kwh_generated,116614,16967,5,Strong
332160,Kwigillingok,2015-10-01,2015,10,powerhouse_consumption_kwh,9271,3588.5,5,Strong
332160,Kwigillingok,2015-10-01,2015,10,residential_sold_to,99632,45337,8,Strong
332160,Kwigillingok,2015-10-01,2015,10,commercial_sold_to,142773,45488.5,5,Strong
332160,Kwigillingok,2015-10-01,2015,10,com_facil_sold_to,13121,3206,8,Strong
332160,Kwigillingok,2015-10-01,2015,10,govt_facil_sold_to,1766,308,9,Extreme
332160,Kwigillingok,2016-01-01,2016,1,pce_eligible_community_kwh,12352,3206,7,Strong
332160,Kwigillingok,2016-01-01,2016,1,com_facil_sold_to,12352,3206,7,Strong
332160,Kwigillingok,2016-01-01,2016,1,govt_facil_sold_to,1391,308,7,Strong
332160,Kwigillingok,2016-02-01,2016,2,pce_eligible_community_kwh,10636,3206,6,Strong
332160,Kwigillingok,2016-02-01,2016,2,com_facil_sold_to,10636,3206,6,Strong
332160,Kwigillingok,2016-02-01,2016,2,govt_facil_sold_to,1306,308,6,Strong
332160,Kwigillingok,2016-03-01,2016,3,pce_eligible_community_kwh,11635,3206,7,Strong
332160,Kwigillingok,2016-03-01,2016,3,com_facil_sold_to,11635,3206,7,Strong
332160,Kwigillingok,2016-03-01,2016,3,govt_facil_sold_to,1340,308,7,Strong
332160,Kwigillingok,2016-04-01,2016,4,powerhouse_consumption_kwh,10184,3588.5,5,Strong
332160,Kwigillingok,2016-04-01,2016,4,govt_facil_sold_to,1375,308,7,Strong
332160,Kwigillingok,2016-12-01,2016,12,govt_facil_sold_to,1150,308,5,Strong
332160,Kwigillingok,2017-01-01,2017,1,pce_eligible_community_kwh,11327,3206,6,Strong
332160,Kwigillingok,2017-01-01,2017,1,residential_sold_to,87180,45337,6,Strong
332160,Kwigillingok,2017-01-01,2017,1,com_facil_sold_to,11327,3206,6,Strong
332160,Kwigillingok,2017-01-01,2017,1,govt_facil_sold_to,1139,308,5,Strong
332160,Kwigillingok,2017-02-01,2017,2,pce_eligible_community_kwh,11093,3206,6,Strong
332160,Kwigillingok,2017-02-01,2017,2,com_facil_sold_to,11093,3206,6,Strong
332160,Kwigillingok,2017-02-01,2017,2,govt_facil_sold_to,1060,308,5,Strong
332160,Kwigillingok,2017-03-01,2017,3,pce_eligible_community_kwh,11909,3206,7,Strong
332160,Kwigillingok,2017-03-01,2017,3,com_facil_sold_to,11909,3206,7,Strong
332160,Kwigillingok,2017-03-01,2017,3,govt_facil_sold_to,1173,308,6,Strong
332160,Kwigillingok,2017-12-01,2017,12,govt_facil_sold_to,1103,308,5,Strong
332160,Kwigillingok,2018-01-01,2018,1,pce_eligible_community_kwh,9374,3206,5,Strong
332160,Kwigillingok,2018-01-01,2018,1,com_facil_sold_to,9374,3206,5,Strong
332160,Kwigillingok,2018-01-01,2018,1,govt_facil_sold_to,1608,308,8,Strong
332160,Kwigillingok,2018-02-01,2018,2,wind_kwh_generated,122432,16967,5,Strong
332160,Kwigillingok,2018-03-01,2018,3,pce_eligible_community_kwh,9223,3206,5,Strong
332160,Kwigillingok,2018-03-01,2018,3,com_facil_sold_to,9223,3206,5,Strong
332160,Kwigillingok,2018-07-01,2018,7,powerhouse_consumption_kwh,9890,3588.5,5,Strong
332160,Kwigillingok,2018-08-01,2018,8,powerhouse_consumption_kwh,10199,3588.5,5,Strong
332160,Kwigillingok,2018-12-01,2018,12,govt_facil_sold_to,1075,308,5,Strong
332160,Kwigillingok,2019-01-01,2019,1,powerhouse_consumption_kwh,9504,3588.5,5,Strong
332160,Kwigillingok,2019-01-01,2019,1,govt_facil_sold_to,1016,308,5,Strong
332160,Kwigillingok,2019-01-01,2019,1,unbilled_sold_to,8514,1576.5,5,Strong
332160,Kwigillingok,2019-12-01,2019,12,govt_facil_sold_to,1304,308,6,Strong
332160,Kwigillingok,2020-01-01,2020,1,govt_facil_sold_to,1849,308,10,Extreme
332160,Kwigillingok,2020-01-01,2020,1,unbilled_sold_to,10791,1576.5,7,Strong
332160,Kwigillingok,2020-02-01,2020,2,govt_facil_sold_to,2458,308,14,Extreme
332160,Kwigillingok,2020-02-01,2020,2,unbilled_sold_to,9496,1576.5,6,Strong
332160,Kwigillingok,2020-03-01,2020,3,govt_facil_sold_to,1479,308,8,Strong
332160,Kwigillingok,2021-01-01,2021,1,powerhouse_consumption_kwh,12326,3588.5,7,Strong
332160,Kwigillingok,2021-09-01,2021,9,fuel_used_gallons,28051,7510,14,Extreme
332160,Kwigillingok,2022-01-01,2022,1,fuel_used_gallons,34740,7510,18,Extreme
332160,Kwigillingok,2024-01-01,2024,1,residential_customers,16,101,11,Extreme
332160,Kwigillingok,2024-12-01,2024,12,govt_facil_sold_to,1276,308,6,Strong
332160,Kwigillingok,2025-01-01,2025,1,govt_facil_sold_to,1194,308,6,Strong
332160,Kwigillingok,2025-03-01,2025,3,govt_facil_sold_to,1207,308,6,Strong
332160,Kwigillingok,2025-09-01,2025,9,powerhouse_consumption_kwh,9709,3588.5,5,Strong
332160,Kwigillingok,2025-10-01,2025,10,pce_eligible_residential_kwh,14964,36399,5,Strong
332160,Kwigillingok,2025-11-01,2025,11,govt_facil_sold_to,1088,308,5,Strong
332160,Kwigillingok,2025-12-01,2025,12,pce_eligible_residential_kwh,8328,36399,6,Strong
332160,Kwigillingok,2025-12-01,2025,12,residential_sold_to,8648,45337,5,Strong
332160,Kwigillingok,2026-01-01,2026,1,pce_eligible_residential_kwh,14788,36399,5,Strong
332160,Kwigillingok,2026-01-01,2026,1,govt_facil_sold_to,1924,308,10,Extreme
332160,Kwigillingok,2026-02-01,2026,2,pce_eligible_residential_kwh,13295,36399,5,Strong
332160,Kwigillingok,2026-02-01,2026,2,residential_sold_to,13770,45337,5,Strong
332160,Kwigillingok,2026-02-01,2026,2,govt_facil_sold_to,1601,308,8,Strong
332160,Kwigillingok,2026-03-01,2026,3,govt_facil_sold_to,2285,308,13,Extreme
332160,Kwigillingok,2026-04-01,2026,4,pce_eligible_residential_kwh,14900,36399,5,Strong
332170,Larsen Bay,2016-04-01,2016,4,pce_eligible_community_kwh,0,5600,11,Extreme
332170,Larsen Bay,2016-05-01,2016,5,pce_eligible_community_kwh,0,5600,11,Extreme
332170,Larsen Bay,2016-06-01,2016,6,pce_eligible_community_kwh,766,5600,9,Extreme
332170,Larsen Bay,2017-02-01,2017,2,fuel_used_gallons,2146,38,37,Extreme
332170,Larsen Bay,2017-03-01,2017,3,fuel_used_gallons,2895,38,51,Extreme
332170,Larsen Bay,2017-04-01,2017,4,fuel_used_gallons,855,38,15,Extreme
332170,Larsen Bay,2017-06-01,2017,6,govt_facil_sold_to,8942,1399,21,Extreme
332170,Larsen Bay,2017-08-01,2017,8,peak_consumption_kw,275,207,5,Strong
332170,Larsen Bay,2017-09-01,2017,9,fuel_used_gallons,725,38,12,Extreme
332170,Larsen Bay,2017-09-01,2017,9,peak_consumption_kw,275,207,5,Strong
332170,Larsen Bay,2017-10-01,2017,10,fuel_used_gallons,1205,38,21,Extreme
332170,Larsen Bay,2017-11-01,2017,11,peak_consumption_kw,100,207,8,Strong
332170,Larsen Bay,2018-09-01,2018,9,fuel_used_gallons,1186,38,20,Extreme
332170,Larsen Bay,2018-10-01,2018,10,fuel_used_gallons,639,38,11,Extreme
332170,Larsen Bay,2018-11-01,2018,11,fuel_used_gallons,613,38,10,Extreme
332170,Larsen Bay,2019-08-01,2019,8,fuel_used_gallons,1110,38,19,Extreme
332170,Larsen Bay,2019-09-01,2019,9,fuel_used_gallons,1185,38,20,Extreme
332170,Larsen Bay,2019-10-01,2019,10,fuel_used_gallons,1196,38,21,Extreme
332170,Larsen Bay,2020-03-01,2020,3,fuel_used_gallons,1337,38,23,Extreme
332180,Levelock,2017-02-01,2017,2,com_facil_sold_to,8757,3221,8,Strong
332180,Levelock,2020-03-01,2020,3,fuel_used_gallons,6320,3185.5,6,Strong
332180,Levelock,2021-01-01,2021,1,fuel_used_gallons,0,3185.5,7,Strong
332180,Levelock,2021-02-01,2021,2,fuel_used_gallons,5963,3185.5,6,Strong
332180,Levelock,2021-02-01,2021,2,diesel_kwh_generated,77087,36644,7,Strong
332180,Levelock,2021-11-01,2021,11,diesel_kwh_generated,100338,36644,11,Extreme
332180,Levelock,2021-11-01,2021,11,govt_facil_sold_to,12999,3121,6,Strong
332180,Levelock,2022-12-01,2022,12,peak_consumption_kw,28,96,5,Strong
332180,Levelock,2024-08-01,2024,8,peak_consumption_kw,200,96,8,Strong
332180,Levelock,2026-01-01,2026,1,com_facil_sold_to,6563,3221,5,Strong
332180,Levelock,2026-02-01,2026,2,com_facil_sold_to,6561,3221,5,Strong
332180,Levelock,2026-03-01,2026,3,com_facil_sold_to,8596,3221,7,Strong
332180,Levelock,2026-04-01,2026,4,com_facil_sold_to,8067,3221,7,Strong
332190,Lime Village,2016-12-01,2016,12,commercial_sold_to,3724,1186,5,Strong
332190,Lime Village,2017-11-01,2017,11,govt_facil_sold_to,330,38,6,Strong
332190,Lime Village,2017-12-01,2017,12,govt_facil_sold_to,614,38,12,Extreme
332190,Lime Village,2018-02-01,2018,2,pce_eligible_community_kwh,2520,630,6,Strong
332190,Lime Village,2018-02-01,2018,2,fuel_used_gallons,1814,727,7,Strong
332190,Lime Village,2018-02-01,2018,2,diesel_kwh_generated,16121,5280,7,Strong
332190,Lime Village,2018-02-01,2018,2,powerhouse_consumption_kwh,1193,308,5,Strong
332190,Lime Village,2018-02-01,2018,2,govt_facil_sold_to,577,38,11,Extreme
332190,Lime Village,2018-12-01,2018,12,fuel_used_gallons,1803,727,7,Strong
332190,Lime Village,2018-12-01,2018,12,diesel_kwh_generated,15562,5280,7,Strong
332190,Lime Village,2018-12-01,2018,12,govt_facil_sold_to,390,38,7,Strong
332190,Lime Village,2019-02-01,2019,2,powerhouse_consumption_kwh,1492,308,7,Strong
332190,Lime Village,2019-03-01,2019,3,govt_facil_sold_to,1261,38,25,Extreme
332190,Lime Village,2019-11-01,2019,11,govt_facil_sold_to,397,38,7,Strong
332190,Lime Village,2020-01-01,2020,1,fuel_used_gallons,1472,727,5,Strong
332190,Lime Village,2020-01-01,2020,1,diesel_kwh_generated,13979,5280,6,Strong
332190,Lime Village,2020-01-01,2020,1,commercial_sold_to,4278,1186,7,Strong
332190,Lime Village,2020-01-01,2020,1,govt_facil_sold_to,1621,38,32,Extreme
332190,Lime Village,2021-01-01,2021,1,govt_facil_sold_to,969,38,19,Extreme
332190,Lime Village,2023-04-01,2023,4,pce_eligible_residential_kwh,5473,1400,5,Strong
332190,Lime Village,2023-04-01,2023,4,fuel_used_gallons,6438,727,35,Extreme
332190,Lime Village,2023-04-01,2023,4,diesel_kwh_generated,59134,5280,37,Extreme
332190,Lime Village,2023-04-01,2023,4,residential_sold_to,9042,1758,10,Extreme
332190,Lime Village,2023-04-01,2023,4,commercial_sold_to,10468,1186,20,Extreme
332190,Lime Village,2023-04-01,2023,4,com_facil_sold_to,11294,1040,17,Extreme
332190,Lime Village,2023-04-01,2023,4,govt_facil_sold_to,6923,38,141,Extreme
332190,Lime Village,2023-08-01,2023,8,pce_eligible_residential_kwh,5599,1400,5,Strong
332190,Lime Village,2023-08-01,2023,8,fuel_used_gallons,1768,727,6,Strong
332190,Lime Village,2023-08-01,2023,8,diesel_kwh_generated,22829,5280,12,Extreme
332190,Lime Village,2023-08-01,2023,8,residential_sold_to,6413,1758,7,Strong
332190,Lime Village,2023-08-01,2023,8,commercial_sold_to,5746,1186,10,Extreme
332190,Lime Village,2023-08-01,2023,8,com_facil_sold_to,4811,1040,6,Strong
332190,Lime Village,2023-10-01,2023,10,com_facil_sold_to,8078,1040,11,Extreme
332190,Lime Village,2023-10-01,2023,10,govt_facil_sold_to,702,38,14,Extreme
332190,Lime Village,2023-11-01,2023,11,com_facil_sold_to,8078,1040,11,Extreme
332190,Lime Village,2023-11-01,2023,11,govt_facil_sold_to,702,38,14,Extreme
332190,Lime Village,2023-12-01,2023,12,com_facil_sold_to,8078,1040,11,Extreme
332190,Lime Village,2023-12-01,2023,12,govt_facil_sold_to,702,38,14,Extreme
332190,Lime Village,2024-01-01,2024,1,com_facil_sold_to,8078,1040,11,Extreme
332190,Lime Village,2024-01-01,2024,1,govt_facil_sold_to,702,38,14,Extreme
332190,Lime Village,2024-02-01,2024,2,com_facil_sold_to,8078,1040,11,Extreme
332190,Lime Village,2024-02-01,2024,2,govt_facil_sold_to,702,38,14,Extreme
332190,Lime Village,2024-03-01,2024,3,com_facil_sold_to,8078,1040,11,Extreme
332190,Lime Village,2024-03-01,2024,3,govt_facil_sold_to,702,38,14,Extreme
332190,Lime Village,2024-04-01,2024,4,fuel_used_gallons,10863,727,63,Extreme
332190,Lime Village,2024-04-01,2024,4,diesel_kwh_generated,100015,5280,64,Extreme
332190,Lime Village,2024-04-01,2024,4,com_facil_sold_to,8094,1040,11,Extreme
332190,Lime Village,2024-04-01,2024,4,govt_facil_sold_to,706,38,14,Extreme
332190,Lime Village,2024-05-01,2024,5,residential_sold_to,5182,1758,5,Strong
332190,Lime Village,2024-09-01,2024,9,pce_eligible_residential_kwh,5327,1400,5,Strong
332190,Lime Village,2024-09-01,2024,9,residential_sold_to,9113,1758,10,Extreme
332190,Lime Village,2024-09-01,2024,9,commercial_sold_to,5443,1186,9,Extreme
332190,Lime Village,2024-09-01,2024,9,com_facil_sold_to,4824,1040,6,Strong
332190,Lime Village,2025-02-01,2025,2,powerhouse_consumption_kwh,1098,308,5,Strong
332190,Lime Village,2025-03-01,2025,3,powerhouse_consumption_kwh,1161,308,5,Strong
332190,Lime Village,2025-03-01,2025,3,commercial_sold_to,8620,1186,16,Extreme
332190,Lime Village,2025-03-01,2025,3,govt_facil_sold_to,309,38,6,Strong
332190,Lime Village,2025-04-01,2025,4,powerhouse_consumption_kwh,1124,308,5,Strong
332190,Lime Village,2025-07-01,2025,7,residential_sold_to,6379,1758,7,Strong
332190,Lime Village,2025-07-01,2025,7,commercial_sold_to,3798,1186,6,Strong
331430,Lower Kalskag,2015-11-01,2015,11,commercial_sold_to,11740,5201,8,Strong
331430,Lower Kalskag,2015-12-01,2015,12,commercial_sold_to,11264,5201,8,Strong
331430,Lower Kalskag,2016-01-01,2016,1,commercial_sold_to,11083,5201,7,Strong
332200,Manley Hot Springs,2024-08-01,2024,8,powerhouse_consumption_kwh,9317,2088.5,5,Strong
332200,Manley Hot Springs,2024-09-01,2024,9,powerhouse_consumption_kwh,10283,2088.5,6,Strong
332200,Manley Hot Springs,2024-10-01,2024,10,powerhouse_consumption_kwh,9174,2088.5,5,Strong
332200,Manley Hot Springs,2025-04-01,2025,4,powerhouse_consumption_kwh,8466,2088.5,5,Strong
332200,Manley Hot Springs,2025-05-01,2025,5,powerhouse_consumption_kwh,8466,2088.5,5,Strong
332200,Manley Hot Springs,2025-12-01,2025,12,pce_eligible_residential_kwh,18613,12635.5,5,Strong
332200,Manley Hot Springs,2026-01-01,2026,1,pce_eligible_residential_kwh,19819,12635.5,6,Strong
332200,Manley Hot Springs,2026-01-01,2026,1,fuel_used_gallons,6513,3687,5,Strong
332200,Manley Hot Springs,2026-01-01,2026,1,diesel_kwh_generated,82563,45450,5,Strong
332200,Manley Hot Springs,2026-01-01,2026,1,residential_sold_to,24925,14161,5,Strong
332210,Manokotak,2018-02-01,2018,2,unbilled_sold_to,12274,3795.5,6,Strong
332210,Manokotak,2019-04-01,2019,4,unbilled_sold_to,16663,3795.5,9,Extreme
332210,Manokotak,2019-05-01,2019,5,unbilled_sold_to,16663,3795.5,9,Extreme
332210,Manokotak,2021-01-01,2021,1,pce_eligible_community_kwh,15931,5196,7,Strong
332210,Manokotak,2021-01-01,2021,1,com_facil_sold_to,15931,5398.5,8,Strong
332210,Manokotak,2021-11-01,2021,11,residential_sold_to,90188,51248.5,5,Strong
332210,Manokotak,2022-01-01,2022,1,govt_facil_sold_to,60963,23758.5,5,Strong
332210,Manokotak,2023-02-01,2023,2,commercial_sold_to,34535,14976.5,7,Strong
332210,Manokotak,2023-07-01,2023,7,commercial_sold_to,34117,14976.5,6,Strong
332210,Manokotak,2024-11-01,2024,11,pce_eligible_community_kwh,12334,5196,5,Strong
332210,Manokotak,2024-11-01,2024,11,com_facil_sold_to,12334,5398.5,5,Strong
332210,Manokotak,2024-12-01,2024,12,unbilled_sold_to,10303,3795.5,5,Strong
331440,Marshall,2015-07-01,2015,7,commercial_sold_to,18994,8002,9,Extreme
331440,Marshall,2015-08-01,2015,8,commercial_sold_to,19343,8002,10,Extreme
331440,Marshall,2015-09-01,2015,9,commercial_sold_to,21643,8002,12,Extreme
331440,Marshall,2015-10-01,2015,10,commercial_sold_to,23396,8002,13,Extreme
331440,Marshall,2015-11-01,2015,11,commercial_sold_to,22206,8002,12,Extreme
331440,Marshall,2015-12-01,2015,12,commercial_sold_to,22199,8002,12,Extreme
331440,Marshall,2016-01-01,2016,1,commercial_sold_to,23447,8002,13,Extreme
331440,Marshall,2016-08-01,2016,8,residential_customers,161,108,36,Extreme
331440,Marshall,2016-10-01,2016,10,powerhouse_consumption_kwh,6555,2664,5,Strong
331440,Marshall,2017-12-01,2017,12,fuel_used_gallons,16927,8904,6,Strong
331440,Marshall,2019-12-01,2019,12,fuel_used_gallons,24038,8904,11,Extreme
331440,Marshall,2024-05-01,2024,5,commercial_sold_to,18251,8002,9,Strong
331440,Marshall,2024-06-01,2024,6,commercial_sold_to,17337,8002,8,Strong
331440,Marshall,2024-07-01,2024,7,commercial_sold_to,17374,8002,8,Strong
331440,Marshall,2024-08-01,2024,8,commercial_sold_to,19945,8002,10,Extreme
331440,Marshall,2024-09-01,2024,9,commercial_sold_to,19756,8002,10,Extreme
331440,Marshall,2024-10-01,2024,10,commercial_sold_to,17527,8002,8,Strong
331440,Marshall,2025-05-01,2025,5,commercial_sold_to,16377,8002,7,Strong
331440,Marshall,2025-06-01,2025,6,commercial_sold_to,15785,8002,7,Strong
331440,Marshall,2025-11-01,2025,11,fuel_used_gallons,0,8904,6,Strong
331440,Marshall,2025-11-01,2025,11,commercial_sold_to,21900,8002,12,Extreme
331440,Marshall,2025-12-01,2025,12,fuel_used_gallons,0,8904,6,Strong
331440,Marshall,2025-12-01,2025,12,commercial_sold_to,23267,8002,13,Extreme
331440,Marshall,2026-01-01,2026,1,fuel_used_gallons,0,8904,6,Strong
331440,Marshall,2026-01-01,2026,1,commercial_sold_to,26083,8002,16,Extreme
331440,Marshall,2026-02-01,2026,2,fuel_used_gallons,0,8904,6,Strong
331440,Marshall,2026-02-01,2026,2,commercial_sold_to,25130,8002,15,Extreme
331440,Marshall,2026-03-01,2026,3,fuel_used_gallons,0,8904,6,Strong
331440,Marshall,2026-03-01,2026,3,commercial_sold_to,26594,8002,16,Extreme
332220,McGrath,2016-07-01,2016,7,peak_consumption_kw,734,399,5,Strong
332220,McGrath,2017-08-01,2017,8,peak_consumption_kw,704,399,5,Strong
332220,McGrath,2018-07-01,2018,7,peak_consumption_kw,1218,399,13,Extreme
332220,McGrath,2021-04-01,2021,4,peak_consumption_kw,686,399,5,Strong
332220,McGrath,2021-08-01,2021,8,peak_consumption_kw,799,399,6,Strong
332220,McGrath,2021-12-01,2021,12,peak_consumption_kw,1000,399,9,Extreme
332220,McGrath,2022-07-01,2022,7,peak_consumption_kw,1000,399,9,Extreme
332220,McGrath,2022-10-01,2022,10,peak_consumption_kw,768,399,6,Strong
332220,McGrath,2023-01-01,2023,1,peak_consumption_kw,1000,399,9,Extreme
332220,McGrath,2023-06-01,2023,6,peak_consumption_kw,726,399,5,Strong
332220,McGrath,2024-08-01,2024,8,peak_consumption_kw,694,399,5,Strong
332220,McGrath,2025-08-01,2025,8,peak_consumption_kw,726,399,5,Strong
331450,Mekoryuk,2015-10-01,2015,10,commercial_sold_to,13815,8674,5,Strong
331450,Mekoryuk,2015-11-01,2015,11,commercial_sold_to,15075,8674,6,Strong
331450,Mekoryuk,2015-12-01,2015,12,commercial_sold_to,16367,8674,7,Strong
331450,Mekoryuk,2016-01-01,2016,1,commercial_sold_to,16310,8674,7,Strong
331450,Mekoryuk,2018-07-01,2018,7,powerhouse_consumption_kwh,13366,3707,7,Strong
331450,Mekoryuk,2018-12-01,2018,12,fuel_used_gallons,10387,4836,5,Strong
331450,Mekoryuk,2019-12-01,2019,12,fuel_used_gallons,11369,4836,5,Strong
331450,Mekoryuk,2022-12-01,2022,12,fuel_used_gallons,21316,4836,14,Extreme
331450,Mekoryuk,2026-01-01,2026,1,commercial_sold_to,14614,8674,6,Strong
331450,Mekoryuk,2026-03-01,2026,3,commercial_sold_to,13812,8674,5,Strong
331160,Mentasta Lake,2021-11-01,2021,11,commercial_sold_to,30616,11863,8,Strong
331160,Mentasta Lake,2021-12-01,2021,12,commercial_sold_to,36841,11863,10,Extreme
331160,Mentasta Lake,2022-01-01,2022,1,commercial_sold_to,27192,11863,6,Strong
331160,Mentasta Lake,2022-02-01,2022,2,commercial_sold_to,32739,11863,9,Strong
331160,Mentasta Lake,2022-03-01,2022,3,commercial_sold_to,27723,11863,7,Strong
331160,Mentasta Lake,2024-02-01,2024,2,pce_eligible_community_kwh,5925,1806,5,Strong
331160,Mentasta Lake,2024-02-01,2024,2,com_facil_sold_to,5925,1806,5,Strong
331160,Mentasta Lake,2025-11-01,2025,11,pce_eligible_community_kwh,5732,1806,5,Strong
331160,Mentasta Lake,2025-11-01,2025,11,com_facil_sold_to,5732,1806,5,Strong
331160,Mentasta Lake,2025-12-01,2025,12,pce_eligible_community_kwh,6696,1806,6,Strong
331160,Mentasta Lake,2025-12-01,2025,12,com_facil_sold_to,6696,1806,6,Strong
331160,Mentasta Lake,2026-01-01,2026,1,pce_eligible_residential_kwh,19375,11747,5,Strong
331160,Mentasta Lake,2026-01-01,2026,1,pce_eligible_community_kwh,6873,1806,6,Strong
331160,Mentasta Lake,2026-01-01,2026,1,residential_sold_to,21789,12341,5,Strong
331160,Mentasta Lake,2026-01-01,2026,1,com_facil_sold_to,6873,1806,6,Strong
331160,Mentasta Lake,2026-02-01,2026,2,pce_eligible_community_kwh,6490,1806,6,Strong
331160,Mentasta Lake,2026-02-01,2026,2,com_facil_sold_to,6490,1806,6,Strong
331160,Mentasta Lake,2026-03-01,2026,3,pce_eligible_community_kwh,5997,1806,5,Strong
331160,Mentasta Lake,2026-03-01,2026,3,com_facil_sold_to,5997,1806,5,Strong
331160,Mentasta Lake,2026-04-01,2026,4,pce_eligible_community_kwh,5607,1806,5,Strong
331160,Mentasta Lake,2026-04-01,2026,4,com_facil_sold_to,5607,1806,5,Strong
331460,Minto,2016-06-01,2016,6,pce_eligible_community_kwh,6037,11480,6,Strong
331460,Minto,2016-07-01,2016,7,pce_eligible_community_kwh,6415,11480,5,Strong
331460,Minto,2016-08-01,2016,8,pce_eligible_community_kwh,6632,11480,5,Strong
331460,Minto,2018-06-01,2018,6,pce_eligible_community_kwh,6807,11480,5,Strong
331460,Minto,2024-01-01,2024,1,fuel_used_gallons,10568,4722,5,Strong
331460,Minto,2024-01-01,2024,1,diesel_kwh_generated,126996,60095,5,Strong
331460,Minto,2024-01-01,2024,1,govt_facil_sold_to,32869,7862,8,Strong
331460,Minto,2024-02-01,2024,2,govt_facil_sold_to,22434,7862,5,Strong
331460,Minto,2024-12-01,2024,12,govt_facil_sold_to,78961,7862,22,Extreme
331460,Minto,2025-01-01,2025,1,govt_facil_sold_to,22690,7862,5,Strong
331460,Minto,2025-11-01,2025,11,commercial_sold_to,26128,0,NA,Strong
331460,Minto,2025-11-01,2025,11,govt_facil_sold_to,36013,7862,9,Strong
331460,Minto,2025-12-01,2025,12,commercial_sold_to,17286,0,NA,Strong
331460,Minto,2025-12-01,2025,12,govt_facil_sold_to,23518,7862,5,Strong
331460,Minto,2026-01-01,2026,1,commercial_sold_to,14614,0,NA,Strong
331460,Minto,2026-01-01,2026,1,govt_facil_sold_to,25339,7862,5,Strong
331460,Minto,2026-02-01,2026,2,commercial_sold_to,16553,0,NA,Strong
331460,Minto,2026-02-01,2026,2,govt_facil_sold_to,24838,7862,5,Strong
331460,Minto,2026-03-01,2026,3,commercial_sold_to,18964,0,NA,Strong
331460,Minto,2026-03-01,2026,3,govt_facil_sold_to,25185,7862,5,Strong
331470,Mountain Village,2015-09-01,2015,9,commercial_sold_to,42779,30058,5,Strong
331470,Mountain Village,2015-10-01,2015,10,commercial_sold_to,42800,30058,5,Strong
331470,Mountain Village,2015-11-01,2015,11,commercial_sold_to,44493,30058,5,Strong
331470,Mountain Village,2015-12-01,2015,12,powerhouse_consumption_kwh,7934,4498,5,Strong
331470,Mountain Village,2016-01-01,2016,1,powerhouse_consumption_kwh,8012,4498,5,Strong
331470,Mountain Village,2016-01-01,2016,1,commercial_sold_to,45911,30058,6,Strong
331470,Mountain Village,2016-08-01,2016,8,residential_customers,71,172,8,Strong
331470,Mountain Village,2025-12-01,2025,12,commercial_sold_to,46215,30058,6,Strong
331470,Mountain Village,2026-01-01,2026,1,commercial_sold_to,47786,30058,6,Strong
331470,Mountain Village,2026-02-01,2026,2,commercial_sold_to,46869,30058,6,Strong
331470,Mountain Village,2026-03-01,2026,3,residential_sold_to,126874,72540,5,Strong
331470,Mountain Village,2026-03-01,2026,3,commercial_sold_to,54778,30058,9,Strong
332280,"Naknek, South Naknek, King Salmon",2016-04-01,2016,4,peak_consumption_kw,6645,2186,9,Strong
332280,"Naknek, South Naknek, King Salmon",2016-06-01,2016,6,peak_consumption_kw,7200,2186,10,Extreme
332280,"Naknek, South Naknek, King Salmon",2016-06-01,2016,6,commercial_sold_to,1558228,456514.5,5,Strong
332280,"Naknek, South Naknek, King Salmon",2016-07-01,2016,7,fuel_used_gallons,432464,88135,17,Extreme
332280,"Naknek, South Naknek, King Salmon",2016-07-01,2016,7,diesel_kwh_generated,6588791,1252601.5,19,Extreme
332280,"Naknek, South Naknek, King Salmon",2016-07-01,2016,7,powerhouse_consumption_kwh,108860,43113,6,Strong
332280,"Naknek, South Naknek, King Salmon",2016-07-01,2016,7,peak_consumption_kw,13200,2186,21,Extreme
332280,"Naknek, South Naknek, King Salmon",2016-07-01,2016,7,commercial_sold_to,5156780,456514.5,21,Extreme
332280,"Naknek, South Naknek, King Salmon",2017-04-01,2017,4,peak_consumption_kw,6050,2186,7,Strong
332280,"Naknek, South Naknek, King Salmon",2017-05-01,2017,5,fuel_used_gallons,181332,88135,5,Strong
332280,"Naknek, South Naknek, King Salmon",2017-05-01,2017,5,commercial_sold_to,1673035,456514.5,5,Strong
332280,"Naknek, South Naknek, King Salmon",2017-06-01,2017,6,fuel_used_gallons,237010,88135,7,Strong
332280,"Naknek, South Naknek, King Salmon",2017-06-01,2017,6,diesel_kwh_generated,2885697,1252601.5,6,Strong
332280,"Naknek, South Naknek, King Salmon",2017-06-01,2017,6,peak_consumption_kw,10200,2186,15,Extreme
332280,"Naknek, South Naknek, King Salmon",2017-06-01,2017,6,commercial_sold_to,2094632,456514.5,7,Strong
332280,"Naknek, South Naknek, King Salmon",2017-07-01,2017,7,fuel_used_gallons,435405,88135,17,Extreme
332280,"Naknek, South Naknek, King Salmon",2017-07-01,2017,7,diesel_kwh_generated,6238533,1252601.5,18,Extreme
332280,"Naknek, South Naknek, King Salmon",2017-07-01,2017,7,powerhouse_consumption_kwh,97764,43113,5,Strong
332280,"Naknek, South Naknek, King Salmon",2017-07-01,2017,7,peak_consumption_kw,13400,2186,22,Extreme
332280,"Naknek, South Naknek, King Salmon",2017-07-01,2017,7,commercial_sold_to,5380356,456514.5,22,Extreme
332280,"Naknek, South Naknek, King Salmon",2018-04-01,2018,4,peak_consumption_kw,7300,2186,10,Extreme
332280,"Naknek, South Naknek, King Salmon",2018-05-01,2018,5,diesel_kwh_generated,2668584,1252601.5,5,Strong
332280,"Naknek, South Naknek, King Salmon",2018-05-01,2018,5,peak_consumption_kw,7255,2186,10,Extreme
332280,"Naknek, South Naknek, King Salmon",2018-05-01,2018,5,commercial_sold_to,1910958,456514.5,7,Strong
332280,"Naknek, South Naknek, King Salmon",2018-06-01,2018,6,fuel_used_gallons,206365,88135,6,Strong
332280,"Naknek, South Naknek, King Salmon",2018-06-01,2018,6,diesel_kwh_generated,2912771,1252601.5,6,Strong
332280,"Naknek, South Naknek, King Salmon",2018-06-01,2018,6,peak_consumption_kw,10800,2186,17,Extreme
332280,"Naknek, South Naknek, King Salmon",2018-06-01,2018,6,commercial_sold_to,2045269,456514.5,7,Strong
332280,"Naknek, South Naknek, King Salmon",2018-07-01,2018,7,fuel_used_gallons,492928,88135,20,Extreme
332280,"Naknek, South Naknek, King Salmon",2018-07-01,2018,7,diesel_kwh_generated,7262232,1252601.5,22,Extreme
332280,"Naknek, South Naknek, King Salmon",2018-07-01,2018,7,peak_consumption_kw,13335,2186,22,Extreme
332280,"Naknek, South Naknek, King Salmon",2018-07-01,2018,7,commercial_sold_to,6490660,456514.5,27,Extreme
332280,"Naknek, South Naknek, King Salmon",2018-08-01,2018,8,peak_consumption_kw,5040,2186,6,Strong
332280,"Naknek, South Naknek, King Salmon",2019-04-01,2019,4,diesel_kwh_generated,2727741,1252601.5,5,Strong
332280,"Naknek, South Naknek, King Salmon",2019-04-01,2019,4,peak_consumption_kw,7161,2186,10,Extreme
332280,"Naknek, South Naknek, King Salmon",2019-04-01,2019,4,commercial_sold_to,2012193,456514.5,7,Strong
332280,"Naknek, South Naknek, King Salmon",2019-06-01,2019,6,fuel_used_gallons,257699,88135,8,Strong
332280,"Naknek, South Naknek, King Salmon",2019-06-01,2019,6,diesel_kwh_generated,3819828,1252601.5,9,Extreme
332280,"Naknek, South Naknek, King Salmon",2019-06-01,2019,6,commercial_sold_to,2902947,456514.5,11,Extreme
332280,"Naknek, South Naknek, King Salmon",2019-07-01,2019,7,fuel_used_gallons,459564,88135,19,Extreme
332280,"Naknek, South Naknek, King Salmon",2019-07-01,2019,7,diesel_kwh_generated,6864486,1252601.5,20,Extreme
332280,"Naknek, South Naknek, King Salmon",2019-07-01,2019,7,peak_consumption_kw,14700,2186,24,Extreme
332280,"Naknek, South Naknek, King Salmon",2019-07-01,2019,7,commercial_sold_to,5833245,456514.5,24,Extreme
332280,"Naknek, South Naknek, King Salmon",2020-06-01,2020,6,commercial_sold_to,1538080,456514.5,5,Strong
332280,"Naknek, South Naknek, King Salmon",2020-07-01,2020,7,fuel_used_gallons,441369,88135,18,Extreme
332280,"Naknek, South Naknek, King Salmon",2020-07-01,2020,7,diesel_kwh_generated,6636216,1252601.5,19,Extreme
332280,"Naknek, South Naknek, King Salmon",2020-07-01,2020,7,peak_consumption_kw,13316,2186,22,Extreme
332280,"Naknek, South Naknek, King Salmon",2020-07-01,2020,7,commercial_sold_to,5758701,456514.5,24,Extreme
332280,"Naknek, South Naknek, King Salmon",2020-08-01,2020,8,peak_consumption_kw,4683,2186,5,Strong
332280,"Naknek, South Naknek, King Salmon",2021-05-01,2021,5,fuel_used_gallons,198364,88135,5,Strong
332280,"Naknek, South Naknek, King Salmon",2021-05-01,2021,5,diesel_kwh_generated,3042663,1252601.5,6,Strong
332280,"Naknek, South Naknek, King Salmon",2021-05-01,2021,5,peak_consumption_kw,7230,2186,10,Extreme
332280,"Naknek, South Naknek, King Salmon",2021-05-01,2021,5,commercial_sold_to,2083113,456514.5,7,Strong
332280,"Naknek, South Naknek, King Salmon",2021-06-01,2021,6,fuel_used_gallons,187598,88135,5,Strong
332280,"Naknek, South Naknek, King Salmon",2021-06-01,2021,6,diesel_kwh_generated,2938526,1252601.5,6,Strong
332280,"Naknek, South Naknek, King Salmon",2021-06-01,2021,6,peak_consumption_kw,8590,2186,12,Extreme
332280,"Naknek, South Naknek, King Salmon",2021-06-01,2021,6,commercial_sold_to,2137414,456514.5,8,Strong
332280,"Naknek, South Naknek, King Salmon",2021-07-01,2021,7,fuel_used_gallons,428071,88135,17,Extreme
332280,"Naknek, South Naknek, King Salmon",2021-07-01,2021,7,diesel_kwh_generated,6887477,1252601.5,20,Extreme
332280,"Naknek, South Naknek, King Salmon",2021-07-01,2021,7,peak_consumption_kw,13969,2186,23,Extreme
332280,"Naknek, South Naknek, King Salmon",2021-07-01,2021,7,commercial_sold_to,5332894,456514.5,22,Extreme
332280,"Naknek, South Naknek, King Salmon",2022-04-01,2022,4,peak_consumption_kw,5635,2186,7,Strong
332280,"Naknek, South Naknek, King Salmon",2022-05-01,2022,5,fuel_used_gallons,187008,88135,5,Strong
332280,"Naknek, South Naknek, King Salmon",2022-05-01,2022,5,diesel_kwh_generated,2694528,1252601.5,5,Strong
332280,"Naknek, South Naknek, King Salmon",2022-05-01,2022,5,peak_consumption_kw,7866,2186,11,Extreme
332280,"Naknek, South Naknek, King Salmon",2022-05-01,2022,5,commercial_sold_to,2010209,456514.5,7,Strong
332280,"Naknek, South Naknek, King Salmon",2022-06-01,2022,6,fuel_used_gallons,231084,88135,7,Strong
332280,"Naknek, South Naknek, King Salmon",2022-06-01,2022,6,diesel_kwh_generated,3621456,1252601.5,9,Strong
332280,"Naknek, South Naknek, King Salmon",2022-06-01,2022,6,peak_consumption_kw,12600,2186,20,Extreme
332280,"Naknek, South Naknek, King Salmon",2022-06-01,2022,6,commercial_sold_to,2473571,456514.5,9,Extreme
332280,"Naknek, South Naknek, King Salmon",2022-07-01,2022,7,fuel_used_gallons,417269,88135,16,Extreme
332280,"Naknek, South Naknek, King Salmon",2022-07-01,2022,7,diesel_kwh_generated,6230067,1252601.5,18,Extreme
332280,"Naknek, South Naknek, King Salmon",2022-07-01,2022,7,peak_consumption_kw,12300,2186,20,Extreme
332280,"Naknek, South Naknek, King Salmon",2022-07-01,2022,7,commercial_sold_to,5459371,456514.5,22,Extreme
332280,"Naknek, South Naknek, King Salmon",2023-06-01,2023,6,fuel_used_gallons,227885,88135,7,Strong
332280,"Naknek, South Naknek, King Salmon",2023-06-01,2023,6,diesel_kwh_generated,2951793,1252601.5,6,Strong
332280,"Naknek, South Naknek, King Salmon",2023-06-01,2023,6,peak_consumption_kw,11926,2186,19,Extreme
332280,"Naknek, South Naknek, King Salmon",2023-06-01,2023,6,commercial_sold_to,2222391,456514.5,8,Strong
332280,"Naknek, South Naknek, King Salmon",2023-07-01,2023,7,fuel_used_gallons,485362,88135,20,Extreme
332280,"Naknek, South Naknek, King Salmon",2023-07-01,2023,7,diesel_kwh_generated,7159281,1252601.5,21,Extreme
332280,"Naknek, South Naknek, King Salmon",2023-07-01,2023,7,peak_consumption_kw,15568,2186,26,Extreme
332280,"Naknek, South Naknek, King Salmon",2023-07-01,2023,7,commercial_sold_to,6403933,456514.5,27,Extreme
332280,"Naknek, South Naknek, King Salmon",2023-11-01,2023,11,unbilled_sold_to,25423,0,NA,Strong
332280,"Naknek, South Naknek, King Salmon",2023-12-01,2023,12,unbilled_sold_to,32643,0,NA,Strong
332280,"Naknek, South Naknek, King Salmon",2024-02-01,2024,2,unbilled_sold_to,13460,0,NA,Strong
332280,"Naknek, South Naknek, King Salmon",2024-03-01,2024,3,unbilled_sold_to,13799,0,NA,Strong
332280,"Naknek, South Naknek, King Salmon",2024-05-01,2024,5,peak_consumption_kw,4990,2186,5,Strong
332280,"Naknek, South Naknek, King Salmon",2024-06-01,2024,6,fuel_used_gallons,188878,88135,5,Strong
332280,"Naknek, South Naknek, King Salmon",2024-06-01,2024,6,diesel_kwh_generated,2893997,1252601.5,6,Strong
332280,"Naknek, South Naknek, King Salmon",2024-06-01,2024,6,peak_consumption_kw,10800,2186,17,Extreme
332280,"Naknek, South Naknek, King Salmon",2024-06-01,2024,6,commercial_sold_to,2030681,456514.5,7,Strong
332280,"Naknek, South Naknek, King Salmon",2024-07-01,2024,7,fuel_used_gallons,419418,88135,17,Extreme
332280,"Naknek, South Naknek, King Salmon",2024-07-01,2024,7,diesel_kwh_generated,6264146,1252601.5,18,Extreme
332280,"Naknek, South Naknek, King Salmon",2024-07-01,2024,7,peak_consumption_kw,14200,2186,23,Extreme
332280,"Naknek, South Naknek, King Salmon",2024-07-01,2024,7,commercial_sold_to,5283943,456514.5,22,Extreme
332280,"Naknek, South Naknek, King Salmon",2025-01-01,2025,1,powerhouse_consumption_kwh,96216,43113,5,Strong
332280,"Naknek, South Naknek, King Salmon",2025-01-01,2025,1,unbilled_sold_to,67046,0,NA,Strong
332280,"Naknek, South Naknek, King Salmon",2025-06-01,2025,6,fuel_used_gallons,248517,88135,8,Strong
332280,"Naknek, South Naknek, King Salmon",2025-06-01,2025,6,diesel_kwh_generated,3570295,1252601.5,8,Strong
332280,"Naknek, South Naknek, King Salmon",2025-06-01,2025,6,peak_consumption_kw,14400,2186,24,Extreme
332280,"Naknek, South Naknek, King Salmon",2025-06-01,2025,6,commercial_sold_to,2630055,456514.5,10,Extreme
332280,"Naknek, South Naknek, King Salmon",2025-07-01,2025,7,fuel_used_gallons,405896,88135,16,Extreme
332280,"Naknek, South Naknek, King Salmon",2025-07-01,2025,7,diesel_kwh_generated,6207739,1252601.5,18,Extreme
332280,"Naknek, South Naknek, King Salmon",2025-07-01,2025,7,peak_consumption_kw,15207,2186,25,Extreme
332280,"Naknek, South Naknek, King Salmon",2025-07-01,2025,7,commercial_sold_to,5203692,456514.5,21,Extreme
332280,"Naknek, South Naknek, King Salmon",2026-03-01,2026,3,unbilled_sold_to,10430,0,NA,Strong
332290,Napakiak,2015-12-01,2015,12,unbilled_sold_to,0,5117.5,5,Strong
332290,Napakiak,2016-01-01,2016,1,unbilled_sold_to,0,5117.5,5,Strong
332290,Napakiak,2016-02-01,2016,2,unbilled_sold_to,0,5117.5,5,Strong
332290,Napakiak,2016-03-01,2016,3,unbilled_sold_to,0,5117.5,5,Strong
332290,Napakiak,2016-04-01,2016,4,unbilled_sold_to,0,5117.5,5,Strong
332290,Napakiak,2016-05-01,2016,5,unbilled_sold_to,0,5117.5,5,Strong
332290,Napakiak,2016-06-01,2016,6,unbilled_sold_to,0,5117.5,5,Strong
332290,Napakiak,2016-07-01,2016,7,unbilled_sold_to,0,5117.5,5,Strong
332290,Napakiak,2016-08-01,2016,8,unbilled_sold_to,0,5117.5,5,Strong
332290,Napakiak,2016-09-01,2016,9,unbilled_sold_to,0,5117.5,5,Strong
332290,Napakiak,2016-10-01,2016,10,unbilled_sold_to,0,5117.5,5,Strong
332290,Napakiak,2016-11-01,2016,11,unbilled_sold_to,0,5117.5,5,Strong
332290,Napakiak,2016-12-01,2016,12,unbilled_sold_to,0,5117.5,5,Strong
332290,Napakiak,2017-01-01,2017,1,unbilled_sold_to,0,5117.5,5,Strong
332290,Napakiak,2017-02-01,2017,2,unbilled_sold_to,0,5117.5,5,Strong
332290,Napakiak,2017-03-01,2017,3,unbilled_sold_to,0,5117.5,5,Strong
332290,Napakiak,2017-04-01,2017,4,unbilled_sold_to,0,5117.5,5,Strong
332290,Napakiak,2017-05-01,2017,5,unbilled_sold_to,0,5117.5,5,Strong
332290,Napakiak,2017-06-01,2017,6,unbilled_sold_to,0,5117.5,5,Strong
332290,Napakiak,2017-07-01,2017,7,unbilled_sold_to,0,5117.5,5,Strong
332290,Napakiak,2017-08-01,2017,8,unbilled_sold_to,0,5117.5,5,Strong
332290,Napakiak,2017-09-01,2017,9,unbilled_sold_to,0,5117.5,5,Strong
332290,Napakiak,2017-10-01,2017,10,unbilled_sold_to,0,5117.5,5,Strong
332290,Napakiak,2017-11-01,2017,11,unbilled_sold_to,0,5117.5,5,Strong
332290,Napakiak,2018-03-01,2018,3,unbilled_sold_to,10553,5117.5,5,Strong
332300,Napaskiak,2016-04-01,2016,4,commercial_sold_to,47889,15092,6,Strong
332300,Napaskiak,2016-04-01,2016,4,residential_customers,0,110,74,Extreme
332300,Napaskiak,2016-07-01,2016,7,commercial_sold_to,43650,15092,5,Strong
332300,Napaskiak,2016-07-01,2016,7,com_facil_sold_to,25915,3285.5,19,Extreme
332300,Napaskiak,2016-08-01,2016,8,com_facil_sold_to,25865,3285.5,19,Extreme
332300,Napaskiak,2016-09-01,2016,9,com_facil_sold_to,10301,3285.5,6,Strong
332300,Napaskiak,2017-02-01,2017,2,commercial_sold_to,72453,15092,10,Extreme
332300,Napaskiak,2017-02-01,2017,2,unbilled_sold_to,12680,3676.5,5,Strong
332300,Napaskiak,2017-04-01,2017,4,unbilled_sold_to,21919,3676.5,9,Extreme
332300,Napaskiak,2017-07-01,2017,7,pce_eligible_community_kwh,9044,3247,5,Strong
332300,Napaskiak,2017-07-01,2017,7,com_facil_sold_to,9044,3285.5,5,Strong
332300,Napaskiak,2023-10-01,2023,10,powerhouse_consumption_kwh,34108,2945,18,Extreme
332300,Napaskiak,2023-11-01,2023,11,powerhouse_consumption_kwh,38097,2945,20,Extreme
332300,Napaskiak,2023-12-01,2023,12,pce_eligible_residential_kwh,5660,32753.5,7,Strong
332300,Napaskiak,2023-12-01,2023,12,powerhouse_consumption_kwh,13010,2945,6,Strong
332300,Napaskiak,2024-01-01,2024,1,powerhouse_consumption_kwh,43082,2945,23,Extreme
332300,Napaskiak,2024-01-01,2024,1,residential_sold_to,92204,34168,11,Extreme
332300,Napaskiak,2024-07-01,2024,7,unbilled_sold_to,35325,3676.5,16,Extreme
332300,Napaskiak,2024-09-01,2024,9,powerhouse_consumption_kwh,62691,2945,34,Extreme
332300,Napaskiak,2025-03-01,2025,3,unbilled_sold_to,33686,3676.5,15,Extreme
332300,Napaskiak,2025-11-01,2025,11,commercial_sold_to,50456,15092,6,Strong
332300,Napaskiak,2025-12-01,2025,12,commercial_sold_to,41292,15092,5,Strong
332300,Napaskiak,2026-01-01,2026,1,commercial_sold_to,54210,15092,7,Strong
332300,Napaskiak,2026-02-01,2026,2,commercial_sold_to,48721,15092,6,Strong
332300,Napaskiak,2026-03-01,2026,3,commercial_sold_to,47799,15092,6,Strong
332300,Napaskiak,2026-04-01,2026,4,commercial_sold_to,45362,15092,5,Strong
331170,Naukati Bay,2026-01-01,2026,1,residential_sold_to,61259,36005,6,Strong
332320,Nelson Lagoon,2015-12-01,2015,12,peak_consumption_kw,720,7202,9,Extreme
332320,Nelson Lagoon,2016-01-01,2016,1,peak_consumption_kw,720,7202,9,Extreme
332320,Nelson Lagoon,2016-02-01,2016,2,powerhouse_consumption_kwh,5229,1212.5,8,Strong
332320,Nelson Lagoon,2016-02-01,2016,2,peak_consumption_kw,720,7202,9,Extreme
332320,Nelson Lagoon,2016-03-01,2016,3,peak_consumption_kw,720,7202,9,Extreme
332320,Nelson Lagoon,2016-04-01,2016,4,peak_consumption_kw,720,7202,9,Extreme
332320,Nelson Lagoon,2016-05-01,2016,5,peak_consumption_kw,720,7202,9,Extreme
332320,Nelson Lagoon,2016-06-01,2016,6,peak_consumption_kw,720,7202,9,Extreme
332320,Nelson Lagoon,2016-07-01,2016,7,peak_consumption_kw,720,7202,9,Extreme
332320,Nelson Lagoon,2016-08-01,2016,8,peak_consumption_kw,720,7202,9,Extreme
332320,Nelson Lagoon,2016-09-01,2016,9,peak_consumption_kw,720,7202,9,Extreme
332320,Nelson Lagoon,2016-10-01,2016,10,peak_consumption_kw,720,7202,9,Extreme
332320,Nelson Lagoon,2016-11-01,2016,11,peak_consumption_kw,720,7202,9,Extreme
332320,Nelson Lagoon,2016-12-01,2016,12,peak_consumption_kw,720,7202,9,Extreme
332320,Nelson Lagoon,2017-01-01,2017,1,peak_consumption_kw,720,7202,9,Extreme
332320,Nelson Lagoon,2017-02-01,2017,2,peak_consumption_kw,720,7202,9,Extreme
332320,Nelson Lagoon,2017-03-01,2017,3,peak_consumption_kw,720,7202,9,Extreme
332320,Nelson Lagoon,2017-04-01,2017,4,peak_consumption_kw,720,7202,9,Extreme
332320,Nelson Lagoon,2017-05-01,2017,5,peak_consumption_kw,720,7202,9,Extreme
332320,Nelson Lagoon,2017-06-01,2017,6,peak_consumption_kw,720,7202,9,Extreme
332320,Nelson Lagoon,2017-12-01,2017,12,fuel_used_gallons,4253,2268,6,Strong
332320,Nelson Lagoon,2020-03-01,2020,3,fuel_used_gallons,6690,2268,14,Extreme
332320,Nelson Lagoon,2020-04-01,2020,4,fuel_used_gallons,8677,2268,20,Extreme
332320,Nelson Lagoon,2022-04-01,2022,4,fuel_used_gallons,6092,2268,12,Extreme
332320,Nelson Lagoon,2023-01-01,2023,1,com_facil_sold_to,8649,2385.5,10,Extreme
332320,Nelson Lagoon,2024-04-01,2024,4,fuel_used_gallons,8261,2268,19,Extreme
332320,Nelson Lagoon,2024-06-01,2024,6,commercial_sold_to,16305,7096.5,7,Strong
332320,Nelson Lagoon,2024-07-01,2024,7,commercial_sold_to,16132,7096.5,7,Strong
332320,Nelson Lagoon,2024-08-01,2024,8,pce_eligible_residential_kwh,12739,8623,5,Strong
332320,Nelson Lagoon,2025-06-01,2025,6,commercial_sold_to,22278,7096.5,11,Extreme
332320,Nelson Lagoon,2025-07-01,2025,7,commercial_sold_to,14285,7096.5,5,Strong
332320,Nelson Lagoon,2025-08-01,2025,8,fuel_used_gallons,4860,2268,8,Strong
332320,Nelson Lagoon,2025-09-01,2025,9,fuel_used_gallons,5628,2268,11,Extreme
332320,Nelson Lagoon,2025-09-01,2025,9,peak_consumption_kw,70,7202,10,Extreme
332320,Nelson Lagoon,2025-10-01,2025,10,fuel_used_gallons,5425,2268,10,Extreme
332320,Nelson Lagoon,2025-10-01,2025,10,peak_consumption_kw,65,7202,10,Extreme
332320,Nelson Lagoon,2025-11-01,2025,11,peak_consumption_kw,63,7202,10,Extreme
332320,Nelson Lagoon,2025-12-01,2025,12,peak_consumption_kw,67,7202,10,Extreme
332320,Nelson Lagoon,2026-01-01,2026,1,peak_consumption_kw,72,7202,10,Extreme
332320,Nelson Lagoon,2026-02-01,2026,2,total_kwh_purchased,25279,0,NA,Strong
332320,Nelson Lagoon,2026-02-01,2026,2,peak_consumption_kw,57,7202,10,Extreme
332320,Nelson Lagoon,2026-03-01,2026,3,peak_consumption_kw,40,7202,10,Extreme
332320,Nelson Lagoon,2026-04-01,2026,4,fuel_used_gallons,9551,2268,23,Extreme
332320,Nelson Lagoon,2026-04-01,2026,4,peak_consumption_kw,42,7202,10,Extreme
332320,Nelson Lagoon,2026-05-01,2026,5,peak_consumption_kw,61,7202,10,Extreme
331480,New Stuyahok,2015-07-01,2015,7,commercial_sold_to,19107,7489,9,Strong
331480,New Stuyahok,2015-08-01,2015,8,commercial_sold_to,18882,7489,9,Strong
331480,New Stuyahok,2015-09-01,2015,9,commercial_sold_to,21639,7489,11,Extreme
331480,New Stuyahok,2015-10-01,2015,10,commercial_sold_to,20657,7489,10,Extreme
331480,New Stuyahok,2015-11-01,2015,11,commercial_sold_to,20037,7489,9,Extreme
331480,New Stuyahok,2015-12-01,2015,12,commercial_sold_to,19954,7489,9,Extreme
331480,New Stuyahok,2016-01-01,2016,1,commercial_sold_to,21334,7489,10,Extreme
331480,New Stuyahok,2024-03-01,2024,3,powerhouse_consumption_kwh,14957,3330,14,Extreme
331480,New Stuyahok,2024-07-01,2024,7,powerhouse_consumption_kwh,7159,3330,5,Strong
331480,New Stuyahok,2024-08-01,2024,8,powerhouse_consumption_kwh,7738,3330,5,Strong
331480,New Stuyahok,2024-09-01,2024,9,powerhouse_consumption_kwh,7730,3330,5,Strong
331480,New Stuyahok,2024-10-01,2024,10,powerhouse_consumption_kwh,7534,3330,5,Strong
331480,New Stuyahok,2024-11-01,2024,11,powerhouse_consumption_kwh,7220,3330,5,Strong
331480,New Stuyahok,2025-11-01,2025,11,fuel_used_gallons,0,11153,5,Strong
331480,New Stuyahok,2025-12-01,2025,12,fuel_used_gallons,0,11153,5,Strong
331480,New Stuyahok,2025-12-01,2025,12,commercial_sold_to,47865,7489,30,Extreme
331480,New Stuyahok,2026-01-01,2026,1,fuel_used_gallons,0,11153,5,Strong
331480,New Stuyahok,2026-01-01,2026,1,commercial_sold_to,26393,7489,14,Extreme
331480,New Stuyahok,2026-02-01,2026,2,fuel_used_gallons,0,11153,5,Strong
331480,New Stuyahok,2026-02-01,2026,2,commercial_sold_to,24144,7489,12,Extreme
331480,New Stuyahok,2026-03-01,2026,3,fuel_used_gallons,0,11153,5,Strong
331480,New Stuyahok,2026-03-01,2026,3,commercial_sold_to,26907,7489,15,Extreme
332870,Newtok,2016-03-01,2016,3,unbilled_sold_to,1505,181,6,Strong
332870,Newtok,2017-02-01,2017,2,govt_facil_sold_to,1193,159,5,Strong
332870,Newtok,2018-11-01,2018,11,govt_facil_sold_to,1171,159,5,Strong
332870,Newtok,2018-12-01,2018,12,govt_facil_sold_to,1191,159,5,Strong
332870,Newtok,2021-08-01,2021,8,commercial_sold_to,38198,9400,10,Extreme
332870,Newtok,2021-09-01,2021,9,fuel_used_gallons,7096,3345,5,Strong
332870,Newtok,2021-11-01,2021,11,commercial_sold_to,30152,9400,7,Strong
332870,Newtok,2021-12-01,2021,12,fuel_used_gallons,9552,3345,8,Strong
332870,Newtok,2022-01-01,2022,1,fuel_used_gallons,9037,3345,7,Strong
332870,Newtok,2022-04-01,2022,4,commercial_sold_to,22783,9400,5,Strong
332870,Newtok,2022-06-01,2022,6,fuel_used_gallons,12958,3345,12,Extreme
332870,Newtok,2022-06-01,2022,6,powerhouse_consumption_kwh,3964,586,5,Strong
332870,Newtok,2022-08-01,2022,8,commercial_sold_to,23759,9400,5,Strong
332870,Newtok,2022-09-01,2022,9,commercial_sold_to,28047,9400,7,Strong
332870,Newtok,2023-02-01,2023,2,com_facil_sold_to,6908,1931,5,Strong
332870,Newtok,2023-05-01,2023,5,commercial_sold_to,23904,9400,5,Strong
332870,Newtok,2023-09-01,2023,9,fuel_used_gallons,7156,3345,5,Strong
332870,Newtok,2023-11-01,2023,11,fuel_used_gallons,7800,3345,6,Strong
332870,Newtok,2023-12-01,2023,12,fuel_used_gallons,7074,3345,5,Strong
332870,Newtok,2023-12-01,2023,12,commercial_sold_to,24221,9400,5,Strong
332870,Newtok,2024-01-01,2024,1,fuel_used_gallons,7074,3345,5,Strong
332870,Newtok,2024-02-01,2024,2,fuel_used_gallons,11736,3345,10,Extreme
332870,Newtok,2024-02-01,2024,2,powerhouse_consumption_kwh,4570,586,6,Strong
332870,Newtok,2024-03-01,2024,3,pce_eligible_community_kwh,7429,1931,5,Strong
332870,Newtok,2024-03-01,2024,3,fuel_used_gallons,7372,3345,5,Strong
332870,Newtok,2024-03-01,2024,3,diesel_kwh_generated,96205,39088,6,Strong
332870,Newtok,2024-03-01,2024,3,com_facil_sold_to,7429,1931,5,Strong
332870,Newtok,2024-04-01,2024,4,fuel_used_gallons,7372,3345,5,Strong
332870,Newtok,2024-04-01,2024,4,diesel_kwh_generated,96205,39088,6,Strong
332870,Newtok,2024-05-01,2024,5,fuel_used_gallons,11907,3345,11,Extreme
332870,Newtok,2024-05-01,2024,5,diesel_kwh_generated,110339,39088,8,Strong
332870,Newtok,2024-05-01,2024,5,govt_facil_sold_to,1435,159,6,Strong
332870,Newtok,2024-06-01,2024,6,govt_facil_sold_to,1502,159,6,Strong
332870,Newtok,2024-07-01,2024,7,commercial_sold_to,24896,9400,6,Strong
332870,Newtok,2024-07-01,2024,7,govt_facil_sold_to,1879,159,8,Strong
332870,Newtok,2024-08-01,2024,8,fuel_used_gallons,10205,3345,9,Strong
332870,Newtok,2024-08-01,2024,8,diesel_kwh_generated,83731,39088,5,Strong
332870,Newtok,2024-10-01,2024,10,fuel_used_gallons,11062,3345,10,Extreme
332870,Newtok,2024-10-01,2024,10,diesel_kwh_generated,98768,39088,6,Strong
332870,Newtok,2024-11-01,2024,11,govt_facil_sold_to,2092,159,9,Strong
332870,Newtok,2024-12-01,2024,12,govt_facil_sold_to,1324,159,5,Strong
332870,Newtok,2025-01-01,2025,1,govt_facil_sold_to,1326,159,5,Strong
332870,Newtok,2025-02-01,2025,2,powerhouse_consumption_kwh,6287,586,9,Strong
332870,Newtok,2025-03-01,2025,3,powerhouse_consumption_kwh,6287,586,9,Strong
332870,Newtok,2025-04-01,2025,4,fuel_used_gallons,13414,3345,13,Extreme
332870,Newtok,2025-04-01,2025,4,powerhouse_consumption_kwh,8954,586,13,Extreme
332870,Newtok,2025-05-01,2025,5,fuel_used_gallons,13764,3345,13,Extreme
332870,Newtok,2025-05-01,2025,5,powerhouse_consumption_kwh,3815,586,5,Strong
332870,Newtok,2025-05-01,2025,5,govt_facil_sold_to,3720,159,16,Extreme
332870,Newtok,2025-06-01,2025,6,govt_facil_sold_to,1395,159,6,Strong
332870,Newtok,2025-07-01,2025,7,govt_facil_sold_to,1396,159,6,Strong
332870,Newtok,2025-08-01,2025,8,govt_facil_sold_to,1498,159,6,Strong
332870,Newtok,2025-10-01,2025,10,fuel_used_gallons,10024,3345,8,Strong
332870,Newtok,2025-10-01,2025,10,diesel_kwh_generated,110100,39088,8,Strong
332870,Newtok,2025-10-01,2025,10,powerhouse_consumption_kwh,3696,586,5,Strong
332870,Newtok,2025-10-01,2025,10,commercial_sold_to,22389,9400,5,Strong
332870,Newtok,2025-12-01,2025,12,fuel_used_gallons,10781,3345,9,Extreme
332870,Newtok,2025-12-01,2025,12,diesel_kwh_generated,127928,39088,10,Extreme
332870,Newtok,2025-12-01,2025,12,residential_sold_to,53739,21875,5,Strong
332870,Newtok,2025-12-01,2025,12,commercial_sold_to,34830,9400,9,Extreme
332870,Newtok,2025-12-01,2025,12,govt_facil_sold_to,1776,159,7,Strong
332870,Newtok,2026-01-01,2026,1,fuel_used_gallons,10781,3345,9,Extreme
332870,Newtok,2026-01-01,2026,1,diesel_kwh_generated,127928,39088,10,Extreme
332870,Newtok,2026-01-01,2026,1,govt_facil_sold_to,1710,159,7,Strong
332870,Newtok,2026-02-01,2026,2,powerhouse_consumption_kwh,5954,586,8,Strong
332870,Newtok,2026-02-01,2026,2,peak_consumption_kw,198,93,7,Strong
332870,Newtok,2026-03-01,2026,3,fuel_used_gallons,12648,3345,12,Extreme
332870,Newtok,2026-03-01,2026,3,diesel_kwh_generated,123496,39088,9,Extreme
332870,Newtok,2026-03-01,2026,3,powerhouse_consumption_kwh,3653,586,5,Strong
332870,Newtok,2026-03-01,2026,3,peak_consumption_kw,240,93,10,Extreme
332870,Newtok,2026-03-01,2026,3,commercial_sold_to,25894,9400,6,Strong
332870,Newtok,2026-03-01,2026,3,govt_facil_sold_to,1576,159,7,Strong
332870,Newtok,2026-04-01,2026,4,fuel_used_gallons,12648,3345,12,Extreme
332870,Newtok,2026-04-01,2026,4,diesel_kwh_generated,123496,39088,9,Extreme
332870,Newtok,2026-04-01,2026,4,powerhouse_consumption_kwh,3653,586,5,Strong
332870,Newtok,2026-04-01,2026,4,peak_consumption_kw,240,93,10,Extreme
332870,Newtok,2026-04-01,2026,4,govt_facil_sold_to,1277,159,5,Strong
331490,Nightmute,2015-11-01,2015,11,commercial_sold_to,8688,2892,7,Strong
331490,Nightmute,2015-12-01,2015,12,commercial_sold_to,9718,2892,8,Strong
331490,Nightmute,2016-01-01,2016,1,commercial_sold_to,11219,2892,10,Extreme
331490,Nightmute,2016-08-01,2016,8,residential_customers,262,54,70,Extreme
331490,Nightmute,2016-10-01,2016,10,residential_customers,259,54,69,Extreme
331490,Nightmute,2016-11-01,2016,11,residential_customers,262,54,70,Extreme
331490,Nightmute,2017-01-01,2017,1,residential_customers,265,54,71,Extreme
331490,Nightmute,2017-02-01,2017,2,residential_customers,265,54,71,Extreme
331490,Nightmute,2017-11-01,2017,11,com_facil_sold_to,31507,9855,5,Strong
331490,Nightmute,2017-12-01,2017,12,com_facil_sold_to,34862,9855,6,Strong
331490,Nightmute,2018-01-01,2018,1,com_facil_sold_to,37490,9855,7,Strong
331490,Nightmute,2018-02-01,2018,2,com_facil_sold_to,36081,9855,6,Strong
331490,Nightmute,2018-03-01,2018,3,com_facil_sold_to,33736,9855,6,Strong
331490,Nightmute,2018-04-01,2018,4,com_facil_sold_to,35541,9855,6,Strong
331490,Nightmute,2018-05-01,2018,5,com_facil_sold_to,29415,9855,5,Strong
331490,Nightmute,2018-11-01,2018,11,com_facil_sold_to,30985,9855,5,Strong
331490,Nightmute,2018-12-01,2018,12,com_facil_sold_to,37626,9855,7,Strong
331490,Nightmute,2019-01-01,2019,1,com_facil_sold_to,35301,9855,6,Strong
331490,Nightmute,2019-03-01,2019,3,com_facil_sold_to,29270,9855,5,Strong
331490,Nightmute,2026-01-01,2026,1,residential_sold_to,66990,24062,10,Extreme
331490,Nightmute,2026-01-01,2026,1,commercial_sold_to,26393,2892,29,Extreme
331490,Nightmute,2026-01-01,2026,1,residential_customers,106,54,18,Extreme
332330,Nikolai,2017-09-01,2017,9,powerhouse_consumption_kwh,4356,1303.5,5,Strong
332330,Nikolai,2019-01-01,2019,1,fuel_used_gallons,7597,3436,6,Strong
332330,Nikolai,2019-01-01,2019,1,residential_sold_to,27661,12542,7,Strong
332330,Nikolai,2019-08-01,2019,8,commercial_sold_to,26314,9368,5,Strong
332330,Nikolai,2019-11-01,2019,11,residential_sold_to,23612,12542,5,Strong
332330,Nikolai,2020-11-01,2020,11,fuel_used_gallons,8000,3436,7,Strong
332330,Nikolai,2020-11-01,2020,11,residential_sold_to,35853,12542,11,Extreme
332330,Nikolai,2021-04-01,2021,4,fuel_used_gallons,6644,3436,5,Strong
332330,Nikolai,2021-04-01,2021,4,residential_sold_to,28337,12542,7,Strong
332330,Nikolai,2021-07-01,2021,7,fuel_used_gallons,9079,3436,8,Strong
332330,Nikolai,2021-07-01,2021,7,powerhouse_consumption_kwh,5872,1303.5,8,Strong
332330,Nikolai,2021-08-01,2021,8,fuel_used_gallons,8457,3436,7,Strong
332330,Nikolai,2021-08-01,2021,8,residential_sold_to,22821,12542,5,Strong
332330,Nikolai,2021-11-01,2021,11,govt_facil_sold_to,14439,2122,8,Strong
332330,Nikolai,2021-12-01,2021,12,residential_sold_to,26049,12542,6,Strong
332330,Nikolai,2022-02-01,2022,2,unbilled_sold_to,12526,1932,6,Strong
332330,Nikolai,2023-02-01,2023,2,powerhouse_consumption_kwh,4274,1303.5,5,Strong
332330,Nikolai,2025-10-01,2025,10,residential_sold_to,23734,12542,5,Strong
332330,Nikolai,2026-01-01,2026,1,residential_sold_to,25097,12542,6,Strong
332330,Nikolai,2026-01-01,2026,1,govt_facil_sold_to,12108,2122,6,Strong
332330,Nikolai,2026-01-01,2026,1,unbilled_sold_to,10917,1932,5,Strong
332740,Nikolski,2020-08-01,2020,8,fuel_used_gallons,3072,1561.5,5,Strong
332740,Nikolski,2021-10-01,2021,10,fuel_used_gallons,0,1561.5,5,Strong
332740,Nikolski,2023-05-01,2023,5,fuel_used_gallons,3630,1561.5,7,Strong
332740,Nikolski,2023-12-01,2023,12,pce_eligible_community_kwh,2870,1190,5,Strong
332740,Nikolski,2024-01-01,2024,1,pce_eligible_community_kwh,2870,1190,5,Strong
332740,Nikolski,2024-02-01,2024,2,pce_eligible_community_kwh,2870,1190,5,Strong
332740,Nikolski,2024-03-01,2024,3,pce_eligible_community_kwh,2870,1190,5,Strong
332740,Nikolski,2024-04-01,2024,4,pce_eligible_community_kwh,2870,1190,5,Strong
332740,Nikolski,2024-05-01,2024,5,pce_eligible_community_kwh,2870,1190,5,Strong
332740,Nikolski,2024-06-01,2024,6,pce_eligible_community_kwh,2801,1190,5,Strong
332740,Nikolski,2024-06-01,2024,6,fuel_used_gallons,4610,1561.5,11,Extreme
332740,Nikolski,2024-06-01,2024,6,diesel_kwh_generated,44654,16711.5,11,Extreme
332740,Nikolski,2024-07-01,2024,7,powerhouse_consumption_kwh,4984,1910,6,Strong
332740,Nikolski,2025-01-01,2025,1,fuel_used_gallons,3042,1561.5,5,Strong
332740,Nikolski,2025-02-01,2025,2,fuel_used_gallons,2885,1561.5,5,Strong
332740,Nikolski,2025-03-01,2025,3,fuel_used_gallons,3170,1561.5,6,Strong
332740,Nikolski,2025-03-01,2025,3,com_facil_sold_to,9925,2764.5,8,Strong
332740,Nikolski,2025-07-01,2025,7,pce_eligible_community_kwh,2745,1190,5,Strong
332740,Nikolski,2025-08-01,2025,8,pce_eligible_community_kwh,2728,1190,5,Strong
332740,Nikolski,2025-09-01,2025,9,pce_eligible_community_kwh,2744,1190,5,Strong
332740,Nikolski,2025-10-01,2025,10,pce_eligible_community_kwh,2739,1190,5,Strong
332740,Nikolski,2025-11-01,2025,11,pce_eligible_community_kwh,2749,1190,5,Strong
332740,Nikolski,2025-12-01,2025,12,pce_eligible_community_kwh,2735,1190,5,Strong
332740,Nikolski,2025-12-01,2025,12,powerhouse_consumption_kwh,4878,1910,6,Strong
332740,Nikolski,2026-01-01,2026,1,pce_eligible_community_kwh,2756,1190,5,Strong
332740,Nikolski,2026-02-01,2026,2,pce_eligible_community_kwh,2788,1190,5,Strong
332740,Nikolski,2026-03-01,2026,3,fuel_used_gallons,4100,1561.5,9,Strong
332740,Nikolski,2026-03-01,2026,3,com_facil_sold_to,7247,2764.5,5,Strong
332740,Nikolski,2026-04-01,2026,4,fuel_used_gallons,3493,1561.5,7,Strong
332740,Nikolski,2026-05-01,2026,5,fuel_used_gallons,2962,1561.5,5,Strong
331500,Noatak,2015-07-01,2015,7,commercial_sold_to,18522,10922,7,Strong
331500,Noatak,2015-08-01,2015,8,commercial_sold_to,17564,10922,6,Strong
331500,Noatak,2015-10-01,2015,10,commercial_sold_to,18443,10922,7,Strong
331500,Noatak,2015-11-01,2015,11,commercial_sold_to,17508,10922,6,Strong
331500,Noatak,2015-12-01,2015,12,commercial_sold_to,18494,10922,7,Strong
331500,Noatak,2016-01-01,2016,1,commercial_sold_to,19623,10922,8,Strong
331500,Noatak,2022-01-01,2022,1,powerhouse_consumption_kwh,12428,3930,8,Strong
331500,Noatak,2023-01-01,2023,1,pce_eligible_residential_kwh,74857,52919,5,Strong
331500,Noatak,2023-09-01,2023,9,powerhouse_consumption_kwh,16994,3930,13,Extreme
331500,Noatak,2023-10-01,2023,10,powerhouse_consumption_kwh,8869,3930,5,Strong
331500,Noatak,2024-01-01,2024,1,powerhouse_consumption_kwh,9203,3930,5,Strong
331500,Noatak,2024-04-01,2024,4,solar_kwh_generated,35382,2520,11,Extreme
331500,Noatak,2024-05-01,2024,5,solar_kwh_generated,45141,2520,15,Extreme
331500,Noatak,2024-06-01,2024,6,solar_kwh_generated,36308,2520,12,Extreme
331500,Noatak,2024-11-01,2024,11,powerhouse_consumption_kwh,9126,3930,5,Strong
331500,Noatak,2025-05-01,2025,5,solar_kwh_generated,17578,2520,5,Strong
331500,Noatak,2025-07-01,2025,7,powerhouse_consumption_kwh,9593,3930,6,Strong
331500,Noatak,2025-08-01,2025,8,powerhouse_consumption_kwh,10100,3930,6,Strong
331500,Noatak,2025-11-01,2025,11,fuel_used_gallons,0,11442,5,Strong
331500,Noatak,2025-11-01,2025,11,commercial_sold_to,20925,10922,9,Extreme
331500,Noatak,2025-12-01,2025,12,fuel_used_gallons,0,11442,5,Strong
331500,Noatak,2025-12-01,2025,12,commercial_sold_to,24044,10922,12,Extreme
331500,Noatak,2026-01-01,2026,1,fuel_used_gallons,0,11442,5,Strong
331500,Noatak,2026-01-01,2026,1,commercial_sold_to,5640,10922,5,Strong
331500,Noatak,2026-01-01,2026,1,residential_customers,55,118,21,Extreme
331500,Noatak,2026-02-01,2026,2,fuel_used_gallons,0,11442,5,Strong
331500,Noatak,2026-02-01,2026,2,commercial_sold_to,21336,10922,10,Extreme
331500,Noatak,2026-03-01,2026,3,fuel_used_gallons,0,11442,5,Strong
331500,Noatak,2026-03-01,2026,3,commercial_sold_to,26907,10922,15,Extreme
332340,Nome,2020-07-01,2020,7,powerhouse_consumption_kwh,195374,107791,8,Strong
332340,Nome,2023-09-01,2023,9,peak_consumption_kw,8169,4391,7,Strong
332340,Nome,2024-09-01,2024,9,residential_customers,1315,1751,11,Extreme
332340,Nome,2025-02-01,2025,2,powerhouse_consumption_kwh,159368,107791,5,Strong
331510,Noorvik,2016-08-01,2016,8,residential_customers,85,135,17,Extreme
331510,Noorvik,2016-10-01,2016,10,residential_customers,84,135,17,Extreme
331510,Noorvik,2016-11-01,2016,11,residential_customers,85,135,17,Extreme
331510,Noorvik,2017-01-01,2017,1,residential_customers,83,135,18,Extreme
331510,Noorvik,2017-02-01,2017,2,residential_customers,85,135,17,Extreme
331510,Noorvik,2025-11-01,2025,11,commercial_sold_to,25886,12693,6,Strong
331510,Noorvik,2025-12-01,2025,12,commercial_sold_to,24490,12693,5,Strong
331510,Noorvik,2026-01-01,2026,1,commercial_sold_to,25527,12693,6,Strong
331510,Noorvik,2026-02-01,2026,2,commercial_sold_to,24947,12693,5,Strong
331510,Noorvik,2026-03-01,2026,3,commercial_sold_to,26843,12693,6,Strong
331180,"Northway, Northway Village, Northway Junction",2019-03-01,2019,3,peak_consumption_kw,412,183,5,Strong
331180,"Northway, Northway Village, Northway Junction",2020-12-01,2020,12,govt_facil_sold_to,0,22776,5,Strong
331180,"Northway, Northway Village, Northway Junction",2020-12-01,2020,12,unbilled_sold_to,25680,0,NA,Strong
331180,"Northway, Northway Village, Northway Junction",2025-05-01,2025,5,powerhouse_consumption_kwh,5040,1392,7,Strong
331180,"Northway, Northway Village, Northway Junction",2025-12-01,2025,12,pce_eligible_residential_kwh,44434,24045.5,7,Strong
331180,"Northway, Northway Village, Northway Junction",2025-12-01,2025,12,powerhouse_consumption_kwh,3936,1392,5,Strong
331180,"Northway, Northway Village, Northway Junction",2025-12-01,2025,12,residential_sold_to,54557,27381.5,5,Strong
331180,"Northway, Northway Village, Northway Junction",2026-01-01,2026,1,pce_eligible_residential_kwh,47117,24045.5,7,Strong
331180,"Northway, Northway Village, Northway Junction",2026-01-01,2026,1,powerhouse_consumption_kwh,4248,1392,5,Strong
331180,"Northway, Northway Village, Northway Junction",2026-01-01,2026,1,residential_sold_to,59563,27381.5,6,Strong
331180,"Northway, Northway Village, Northway Junction",2026-02-01,2026,2,pce_eligible_residential_kwh,39567,24045.5,5,Strong
331180,"Northway, Northway Village, Northway Junction",2026-03-01,2026,3,pce_eligible_residential_kwh,38339,24045.5,5,Strong
331180,"Northway, Northway Village, Northway Junction",2026-04-01,2026,4,powerhouse_consumption_kwh,3960,1392,5,Strong
332380,Nuiqsut,2015-08-01,2015,8,pce_eligible_residential_kwh,0,39830.5,5,Strong
332380,Nuiqsut,2015-09-01,2015,9,pce_eligible_residential_kwh,0,39830.5,5,Strong
332380,Nuiqsut,2015-10-01,2015,10,pce_eligible_residential_kwh,0,39830.5,5,Strong
332380,Nuiqsut,2015-11-01,2015,11,pce_eligible_residential_kwh,0,39830.5,5,Strong
332380,Nuiqsut,2015-12-01,2015,12,pce_eligible_residential_kwh,0,39830.5,5,Strong
332380,Nuiqsut,2016-01-01,2016,1,pce_eligible_residential_kwh,0,39830.5,5,Strong
332380,Nuiqsut,2016-02-01,2016,2,pce_eligible_residential_kwh,0,39830.5,5,Strong
332380,Nuiqsut,2016-03-01,2016,3,pce_eligible_residential_kwh,0,39830.5,5,Strong
332380,Nuiqsut,2016-04-01,2016,4,pce_eligible_residential_kwh,0,39830.5,5,Strong
332380,Nuiqsut,2016-05-01,2016,5,pce_eligible_residential_kwh,0,39830.5,5,Strong
332380,Nuiqsut,2016-06-01,2016,6,pce_eligible_residential_kwh,0,39830.5,5,Strong
332380,Nuiqsut,2017-07-01,2017,7,pce_eligible_residential_kwh,0,39830.5,5,Strong
332380,Nuiqsut,2019-04-01,2019,4,peak_consumption_kw,5077,1126.5,14,Extreme
332380,Nuiqsut,2021-02-01,2021,2,peak_consumption_kw,2522,1126.5,5,Strong
332380,Nuiqsut,2023-07-01,2023,7,pce_eligible_residential_kwh,88093,39830.5,6,Strong
332380,Nuiqsut,2024-10-01,2024,10,pce_eligible_residential_kwh,1,39830.5,5,Strong
332380,Nuiqsut,2024-10-01,2024,10,powerhouse_consumption_kwh,57674,31813.5,6,Strong
332380,Nuiqsut,2024-11-01,2024,11,pce_eligible_residential_kwh,1,39830.5,5,Strong
332380,Nuiqsut,2024-12-01,2024,12,pce_eligible_residential_kwh,1,39830.5,5,Strong
332380,Nuiqsut,2025-01-01,2025,1,pce_eligible_residential_kwh,1,39830.5,5,Strong
332380,Nuiqsut,2025-02-01,2025,2,pce_eligible_residential_kwh,1,39830.5,5,Strong
332380,Nuiqsut,2025-03-01,2025,3,pce_eligible_residential_kwh,1,39830.5,5,Strong
332380,Nuiqsut,2025-04-01,2025,4,pce_eligible_residential_kwh,1,39830.5,5,Strong
332380,Nuiqsut,2025-05-01,2025,5,pce_eligible_residential_kwh,1,39830.5,5,Strong
332380,Nuiqsut,2025-06-01,2025,6,pce_eligible_residential_kwh,1,39830.5,5,Strong
332380,Nuiqsut,2025-07-01,2025,7,pce_eligible_residential_kwh,1,39830.5,5,Strong
332380,Nuiqsut,2025-08-01,2025,8,pce_eligible_residential_kwh,1,39830.5,5,Strong
332380,Nuiqsut,2025-09-01,2025,9,pce_eligible_residential_kwh,1,39830.5,5,Strong
332380,Nuiqsut,2025-10-01,2025,10,pce_eligible_residential_kwh,1,39830.5,5,Strong
332380,Nuiqsut,2025-11-01,2025,11,pce_eligible_residential_kwh,1,39830.5,5,Strong
332380,Nuiqsut,2025-12-01,2025,12,pce_eligible_residential_kwh,1,39830.5,5,Strong
332380,Nuiqsut,2026-01-01,2026,1,pce_eligible_residential_kwh,1,39830.5,5,Strong
332380,Nuiqsut,2026-02-01,2026,2,pce_eligible_residential_kwh,1,39830.5,5,Strong
332380,Nuiqsut,2026-03-01,2026,3,pce_eligible_residential_kwh,1,39830.5,5,Strong
332380,Nuiqsut,2026-03-01,2026,3,peak_consumption_kw,3802,1126.5,9,Extreme
331520,Nulato,2015-12-01,2015,12,commercial_sold_to,11969,0,NA,Strong
331520,Nulato,2016-01-01,2016,1,commercial_sold_to,12488,0,NA,Strong
331520,Nulato,2016-08-01,2016,8,residential_customers,1859,108,1181,Extreme
331520,Nulato,2016-10-01,2016,10,residential_customers,1893,108,1204,Extreme
331520,Nulato,2016-11-01,2016,11,residential_customers,1880,108,1195,Extreme
331520,Nulato,2017-01-01,2017,1,residential_customers,1864,108,1184,Extreme
331520,Nulato,2017-02-01,2017,2,residential_customers,1861,108,1182,Extreme
331520,Nulato,2023-05-01,2023,5,powerhouse_consumption_kwh,3000,1355.5,5,Strong
331520,Nulato,2025-11-01,2025,11,fuel_used_gallons,0,7012.5,5,Strong
331520,Nulato,2025-12-01,2025,12,fuel_used_gallons,0,7012.5,5,Strong
331520,Nulato,2025-12-01,2025,12,commercial_sold_to,10015,0,NA,Strong
331520,Nulato,2026-01-01,2026,1,fuel_used_gallons,0,7012.5,5,Strong
331520,Nulato,2026-01-01,2026,1,commercial_sold_to,11763,0,NA,Strong
331520,Nulato,2026-02-01,2026,2,fuel_used_gallons,0,7012.5,5,Strong
331520,Nulato,2026-03-01,2026,3,fuel_used_gallons,0,7012.5,5,Strong
331520,Nulato,2026-03-01,2026,3,commercial_sold_to,11849,0,NA,Strong
332420,Nunam Iqua,2016-03-01,2016,3,unbilled_sold_to,1873,530,5,Strong
332420,Nunam Iqua,2019-04-01,2019,4,residential_customers,476,47,145,Extreme
331530,Nunapitchuk,2015-12-01,2015,12,commercial_sold_to,15451,9268.5,5,Strong
331530,Nunapitchuk,2016-01-01,2016,1,commercial_sold_to,16111,9268.5,5,Strong
331530,Nunapitchuk,2016-08-01,2016,8,residential_customers,50,124,17,Extreme
331530,Nunapitchuk,2016-10-01,2016,10,residential_customers,50,124,17,Extreme
331530,Nunapitchuk,2016-11-01,2016,11,residential_customers,49,124,17,Extreme
331530,Nunapitchuk,2017-01-01,2017,1,residential_customers,50,124,17,Extreme
331530,Nunapitchuk,2017-02-01,2017,2,residential_customers,50,124,17,Extreme
331530,Nunapitchuk,2023-11-01,2023,11,commercial_sold_to,15805,9268.5,5,Strong
331530,Nunapitchuk,2023-12-01,2023,12,commercial_sold_to,15389,9268.5,5,Strong
331530,Nunapitchuk,2024-01-01,2024,1,commercial_sold_to,17360,9268.5,6,Strong
331530,Nunapitchuk,2024-02-01,2024,2,commercial_sold_to,15858,9268.5,5,Strong
331530,Nunapitchuk,2024-03-01,2024,3,commercial_sold_to,16798,9268.5,6,Strong
331530,Nunapitchuk,2024-04-01,2024,4,commercial_sold_to,17171,9268.5,6,Strong
331530,Nunapitchuk,2024-10-01,2024,10,com_facil_sold_to,74476,14846,15,Extreme
331530,Nunapitchuk,2026-01-01,2026,1,commercial_sold_to,15894,9268.5,5,Strong
331530,Nunapitchuk,2026-03-01,2026,3,commercial_sold_to,15706,9268.5,5,Strong
331540,Old Harbor,2015-07-01,2015,7,commercial_sold_to,10037,0,NA,Strong
331540,Old Harbor,2015-08-01,2015,8,commercial_sold_to,11869,0,NA,Strong
331540,Old Harbor,2015-09-01,2015,9,commercial_sold_to,10124,0,NA,Strong
331540,Old Harbor,2016-08-01,2016,8,residential_customers,203,92,15,Extreme
331540,Old Harbor,2016-10-01,2016,10,residential_customers,208,92,16,Extreme
331540,Old Harbor,2016-11-01,2016,11,residential_customers,207,92,16,Extreme
331540,Old Harbor,2016-12-01,2016,12,fuel_used_gallons,7148,4757,5,Strong
331540,Old Harbor,2017-01-01,2017,1,residential_customers,207,92,16,Extreme
331540,Old Harbor,2017-02-01,2017,2,residential_customers,207,92,16,Extreme
331540,Old Harbor,2020-09-01,2020,9,pce_eligible_residential_kwh,15225,26433,5,Strong
331540,Old Harbor,2022-01-01,2022,1,fuel_used_gallons,7347,4757,5,Strong
331540,Old Harbor,2025-11-01,2025,11,fuel_used_gallons,0,4757,10,Extreme
331540,Old Harbor,2025-12-01,2025,12,fuel_used_gallons,0,4757,10,Extreme
331540,Old Harbor,2026-01-01,2026,1,fuel_used_gallons,0,4757,10,Extreme
331540,Old Harbor,2026-02-01,2026,2,fuel_used_gallons,0,4757,10,Extreme
331540,Old Harbor,2026-03-01,2026,3,fuel_used_gallons,0,4757,10,Extreme
332440,Ouzinkie,2015-12-01,2015,12,pce_eligible_community_kwh,18712,7980,6,Strong
332440,Ouzinkie,2016-01-01,2016,1,pce_eligible_community_kwh,19380,7980,6,Strong
332440,Ouzinkie,2019-02-01,2019,2,govt_facil_sold_to,2025,768,6,Strong
332450,Pedro Bay,2022-06-01,2022,6,powerhouse_consumption_kwh,3083,1071.5,11,Extreme
332450,Pedro Bay,2022-07-01,2022,7,powerhouse_consumption_kwh,3075,1071.5,11,Extreme
332450,Pedro Bay,2022-08-01,2022,8,powerhouse_consumption_kwh,2049,1071.5,5,Strong
332450,Pedro Bay,2024-02-01,2024,2,com_facil_sold_to,3801,1733,5,Strong
332450,Pedro Bay,2024-10-01,2024,10,peak_consumption_kw,123,63,7,Strong
332460,Pelican,2016-11-01,2016,11,powerhouse_consumption_kwh,13667,5245.5,8,Strong
332460,Pelican,2016-12-01,2016,12,powerhouse_consumption_kwh,115654,5245.5,101,Extreme
332460,Pelican,2021-07-01,2021,7,fuel_used_gallons,350,44,5,Strong
332460,Pelican,2021-09-01,2021,9,pce_eligible_community_kwh,0,5906,7,Strong
332460,Pelican,2021-10-01,2021,10,fuel_used_gallons,856,44,12,Extreme
332460,Pelican,2021-11-01,2021,11,pce_eligible_community_kwh,0,5906,7,Strong
332460,Pelican,2021-12-01,2021,12,fuel_used_gallons,5027,44,76,Extreme
332460,Pelican,2022-01-01,2022,1,fuel_used_gallons,3461,44,52,Extreme
332460,Pelican,2022-03-01,2022,3,pce_eligible_community_kwh,0,5906,7,Strong
332460,Pelican,2022-03-01,2022,3,residential_customers,25971,72,17469,Extreme
332460,Pelican,2022-03-01,2022,3,commercial_customers,24989,27.5,4810,Extreme
332460,Pelican,2022-03-01,2022,3,com_facil_customers,24789,15.5,16709,Extreme
332460,Pelican,2022-03-01,2022,3,govt_facil_customers,297,1,30,Extreme
332460,Pelican,2022-03-01,2022,3,unbilled_customers,24436,2,2443,Extreme
332460,Pelican,2022-04-01,2022,4,fuel_used_gallons,727,44,10,Extreme
332460,Pelican,2022-09-01,2022,9,fuel_used_gallons,697,44,10,Extreme
332460,Pelican,2022-10-01,2022,10,fuel_used_gallons,3186,44,48,Extreme
332460,Pelican,2022-11-01,2022,11,fuel_used_gallons,8054,44,123,Extreme
332460,Pelican,2022-12-01,2022,12,fuel_used_gallons,7847,44,120,Extreme
332460,Pelican,2023-01-01,2023,1,fuel_used_gallons,7552,44,115,Extreme
332460,Pelican,2023-02-01,2023,2,fuel_used_gallons,2738,44,41,Extreme
332460,Pelican,2023-03-01,2023,3,fuel_used_gallons,3920,44,59,Extreme
332460,Pelican,2024-01-01,2024,1,fuel_used_gallons,3461,44,52,Extreme
332460,Pelican,2024-02-01,2024,2,fuel_used_gallons,592,44,8,Strong
332460,Pelican,2024-03-01,2024,3,fuel_used_gallons,1871,44,28,Extreme
332460,Pelican,2024-08-01,2024,8,fuel_used_gallons,1769,44,26,Extreme
332460,Pelican,2024-09-01,2024,9,govt_facil_sold_to,860,313,7,Strong
332460,Pelican,2024-10-01,2024,10,fuel_used_gallons,682,44,10,Extreme
332460,Pelican,2024-10-01,2024,10,govt_facil_sold_to,1191,313,11,Extreme
332460,Pelican,2024-11-01,2024,11,govt_facil_sold_to,2172,313,23,Extreme
332460,Pelican,2024-12-01,2024,12,fuel_used_gallons,1436,44,21,Extreme
332460,Pelican,2024-12-01,2024,12,govt_facil_sold_to,2408,313,26,Extreme
332460,Pelican,2025-01-01,2025,1,fuel_used_gallons,2789,44,42,Extreme
332460,Pelican,2025-01-01,2025,1,govt_facil_sold_to,1869,313,19,Extreme
332460,Pelican,2025-02-01,2025,2,fuel_used_gallons,4122,44,63,Extreme
332460,Pelican,2025-02-01,2025,2,govt_facil_sold_to,2415,313,26,Extreme
332460,Pelican,2025-03-01,2025,3,fuel_used_gallons,1553,44,23,Extreme
332460,Pelican,2025-03-01,2025,3,govt_facil_sold_to,1775,313,18,Extreme
332460,Pelican,2025-04-01,2025,4,govt_facil_sold_to,1613,313,16,Extreme
332460,Pelican,2025-05-01,2025,5,govt_facil_sold_to,1095,313,10,Extreme
332460,Pelican,2025-06-01,2025,6,govt_facil_sold_to,699,313,5,Strong
332470,Perryville,2016-01-01,2016,1,com_facil_sold_to,10352,0,NA,Strong
332470,Perryville,2018-11-01,2018,11,diesel_kwh_generated,116640,39731,10,Extreme
332470,Perryville,2018-12-01,2018,12,commercial_sold_to,83046,16425.5,10,Extreme
332470,Perryville,2019-01-01,2019,1,diesel_kwh_generated,107040,39731,9,Strong
332470,Perryville,2019-02-01,2019,2,diesel_kwh_generated,112560,39731,10,Extreme
332470,Perryville,2019-03-01,2019,3,diesel_kwh_generated,102880,39731,8,Strong
332470,Perryville,2019-12-01,2019,12,peak_consumption_kw,101,1,10,Extreme
332470,Perryville,2020-01-01,2020,1,peak_consumption_kw,99,1,10,Extreme
332480,Pilot Point,2017-01-01,2017,1,peak_consumption_kw,191,96,5,Strong
332480,Pilot Point,2020-10-01,2020,10,pce_eligible_residential_kwh,0,9199,7,Strong
332480,Pilot Point,2020-11-01,2020,11,pce_eligible_residential_kwh,0,9199,7,Strong
332480,Pilot Point,2021-07-01,2021,7,residential_sold_to,20436,10823,5,Strong
332480,Pilot Point,2022-07-01,2022,7,residential_sold_to,20036,10823,5,Strong
332480,Pilot Point,2023-06-01,2023,6,pce_eligible_residential_kwh,15692,9199,5,Strong
332480,Pilot Point,2023-07-01,2023,7,pce_eligible_residential_kwh,16856,9199,6,Strong
332480,Pilot Point,2023-07-01,2023,7,residential_sold_to,19326,10823,5,Strong
332480,Pilot Point,2024-01-01,2024,1,powerhouse_consumption_kwh,9848,2027.5,20,Extreme
332480,Pilot Point,2024-07-01,2024,7,pce_eligible_residential_kwh,15825,9199,5,Strong
332480,Pilot Point,2025-07-01,2025,7,pce_eligible_residential_kwh,15485,9199,5,Strong
331550,Pilot Station,2016-08-01,2016,8,residential_customers,36,132,16,Extreme
331550,Pilot Station,2016-10-01,2016,10,residential_customers,37,132,16,Extreme
331550,Pilot Station,2016-11-01,2016,11,residential_customers,36,132,16,Extreme
331550,Pilot Station,2017-01-01,2017,1,residential_customers,38,132,16,Extreme
331550,Pilot Station,2017-02-01,2017,2,residential_customers,38,132,16,Extreme
331550,Pilot Station,2018-03-01,2018,3,residential_sold_to,1061401,53910,103,Extreme
331550,Pilot Station,2021-12-01,2021,12,fuel_used_gallons,29783,12220,9,Strong
331550,Pilot Station,2023-06-01,2023,6,commercial_sold_to,8471,19726,6,Strong
331550,Pilot Station,2023-07-01,2023,7,commercial_sold_to,30201,19726,6,Strong
331550,Pilot Station,2025-11-01,2025,11,fuel_used_gallons,0,12220,6,Strong
331550,Pilot Station,2025-12-01,2025,12,fuel_used_gallons,0,12220,6,Strong
331550,Pilot Station,2026-01-01,2026,1,fuel_used_gallons,0,12220,6,Strong
331550,Pilot Station,2026-02-01,2026,2,fuel_used_gallons,0,12220,6,Strong
331550,Pilot Station,2026-03-01,2026,3,fuel_used_gallons,0,12220,6,Strong
331560,Pitkas Point,2016-06-01,2016,6,pce_eligible_community_kwh,5225,8190,5,Strong
331560,Pitkas Point,2016-07-01,2016,7,pce_eligible_community_kwh,3667,8190,7,Strong
331560,Pitkas Point,2016-08-01,2016,8,pce_eligible_community_kwh,3335,8190,8,Strong
331560,Pitkas Point,2016-08-01,2016,8,residential_customers,90,28,21,Extreme
331560,Pitkas Point,2016-09-01,2016,9,pce_eligible_community_kwh,3131,8190,8,Strong
331560,Pitkas Point,2016-10-01,2016,10,residential_customers,141,28,38,Extreme
331560,Pitkas Point,2016-11-01,2016,11,residential_customers,141,28,38,Extreme
331560,Pitkas Point,2017-01-01,2017,1,residential_customers,142,28,38,Extreme
331560,Pitkas Point,2017-02-01,2017,2,residential_customers,142,28,38,Extreme
331560,Pitkas Point,2017-06-01,2017,6,pce_eligible_community_kwh,3215,8190,8,Strong
331560,Pitkas Point,2017-07-01,2017,7,pce_eligible_community_kwh,2951,8190,8,Strong
331560,Pitkas Point,2017-08-01,2017,8,pce_eligible_community_kwh,3320,8190,8,Strong
331560,Pitkas Point,2017-09-01,2017,9,pce_eligible_community_kwh,3107,8190,8,Strong
331560,Pitkas Point,2020-11-01,2020,11,pce_eligible_community_kwh,4286,8190,6,Strong
331560,Pitkas Point,2022-06-01,2022,6,pce_eligible_community_kwh,4449,8190,6,Strong
331560,Pitkas Point,2023-06-01,2023,6,pce_eligible_community_kwh,3859,8190,7,Strong
331560,Pitkas Point,2023-07-01,2023,7,pce_eligible_community_kwh,4620,8190,6,Strong
331560,Pitkas Point,2023-08-01,2023,8,pce_eligible_community_kwh,4937,8190,5,Strong
331560,Pitkas Point,2026-01-01,2026,1,residential_sold_to,66768,11557,27,Extreme
331560,Pitkas Point,2026-01-01,2026,1,commercial_sold_to,23198,0,NA,Strong
331560,Pitkas Point,2026-01-01,2026,1,govt_facil_sold_to,65702,0,NA,Strong
331560,Pitkas Point,2026-01-01,2026,1,residential_customers,131,28,35,Extreme
332490,Platinum,2017-10-01,2017,10,pce_eligible_community_kwh,2221,907,19,Extreme
332490,Platinum,2017-10-01,2017,10,diesel_kwh_generated,29341,17006,10,Extreme
332490,Platinum,2017-10-01,2017,10,com_facil_sold_to,2221,907,19,Extreme
332390,Point Hope,2016-03-01,2016,3,powerhouse_consumption_kwh,39162,23173,6,Strong
332390,Point Hope,2020-09-01,2020,9,powerhouse_consumption_kwh,37860,23173,6,Strong
332400,Point Lay,2015-08-01,2015,8,pce_eligible_residential_kwh,0,11489,5,Strong
332400,Point Lay,2015-09-01,2015,9,pce_eligible_residential_kwh,0,11489,5,Strong
332400,Point Lay,2015-10-01,2015,10,pce_eligible_residential_kwh,0,11489,5,Strong
332400,Point Lay,2015-11-01,2015,11,pce_eligible_residential_kwh,0,11489,5,Strong
332400,Point Lay,2015-12-01,2015,12,pce_eligible_residential_kwh,0,11489,5,Strong
332400,Point Lay,2016-01-01,2016,1,pce_eligible_residential_kwh,0,11489,5,Strong
332400,Point Lay,2016-02-01,2016,2,pce_eligible_residential_kwh,0,11489,5,Strong
332400,Point Lay,2016-03-01,2016,3,pce_eligible_residential_kwh,0,11489,5,Strong
332400,Point Lay,2016-04-01,2016,4,pce_eligible_residential_kwh,0,11489,5,Strong
332400,Point Lay,2016-05-01,2016,5,pce_eligible_residential_kwh,0,11489,5,Strong
332400,Point Lay,2016-06-01,2016,6,pce_eligible_residential_kwh,0,11489,5,Strong
332400,Point Lay,2023-04-01,2023,4,pce_eligible_residential_kwh,61292,11489,21,Extreme
332590,Port Alsworth,2017-03-01,2017,3,govt_facil_sold_to,10814,6253,5,Strong
332590,Port Alsworth,2018-02-01,2018,2,powerhouse_consumption_kwh,2890,1750,5,Strong
332590,Port Alsworth,2022-07-01,2022,7,peak_consumption_kw,418,198,5,Strong
332590,Port Alsworth,2023-07-01,2023,7,pce_eligible_residential_kwh,31691,22967,5,Strong
332590,Port Alsworth,2024-02-01,2024,2,peak_consumption_kw,395,198,5,Strong
332590,Port Alsworth,2025-12-01,2025,12,diesel_kwh_generated,120579,78288,5,Strong
332590,Port Alsworth,2026-01-01,2026,1,diesel_kwh_generated,120470,78288,5,Strong
332590,Port Alsworth,2026-03-01,2026,3,peak_consumption_kw,600,198,9,Extreme
332590,Port Alsworth,2026-04-01,2026,4,peak_consumption_kw,600,198,9,Extreme
332500,Port Heiden,2016-07-01,2016,7,peak_consumption_kw,301,88.5,5,Strong
332500,Port Heiden,2016-08-01,2016,8,peak_consumption_kw,301,88.5,5,Strong
332500,Port Heiden,2016-09-01,2016,9,peak_consumption_kw,301,88.5,5,Strong
332500,Port Heiden,2016-10-01,2016,10,peak_consumption_kw,301,88.5,5,Strong
332500,Port Heiden,2016-11-01,2016,11,peak_consumption_kw,301,88.5,5,Strong
332500,Port Heiden,2016-12-01,2016,12,peak_consumption_kw,301,88.5,5,Strong
332500,Port Heiden,2017-01-01,2017,1,peak_consumption_kw,301,88.5,5,Strong
332500,Port Heiden,2017-02-01,2017,2,peak_consumption_kw,301,88.5,5,Strong
332500,Port Heiden,2017-03-01,2017,3,peak_consumption_kw,301,88.5,5,Strong
332500,Port Heiden,2017-07-01,2017,7,peak_consumption_kw,718,88.5,14,Extreme
332500,Port Heiden,2017-08-01,2017,8,peak_consumption_kw,718,88.5,14,Extreme
332500,Port Heiden,2017-09-01,2017,9,peak_consumption_kw,718,88.5,14,Extreme
332500,Port Heiden,2017-10-01,2017,10,peak_consumption_kw,718,88.5,14,Extreme
332500,Port Heiden,2019-04-01,2019,4,peak_consumption_kw,470,88.5,9,Strong
332500,Port Heiden,2019-12-01,2019,12,com_facil_sold_to,10131,4202,5,Strong
332500,Port Heiden,2020-11-01,2020,11,com_facil_sold_to,13415,4202,8,Strong
332500,Port Heiden,2023-01-01,2023,1,commercial_sold_to,39511,8925,15,Extreme
332500,Port Heiden,2023-03-01,2023,3,pce_eligible_residential_kwh,20618,12999,5,Strong
332500,Port Heiden,2023-03-01,2023,3,commercial_sold_to,19475,8925,5,Strong
332500,Port Heiden,2023-03-01,2023,3,govt_facil_sold_to,47323,10962,8,Strong
332500,Port Heiden,2023-04-01,2023,4,fuel_used_gallons,27720,4156,25,Extreme
332500,Port Heiden,2023-04-01,2023,4,diesel_kwh_generated,347100,49818,28,Extreme
332500,Port Heiden,2023-04-01,2023,4,powerhouse_consumption_kwh,9656,2604,8,Strong
332500,Port Heiden,2023-07-01,2023,7,fuel_used_gallons,10910,4156,7,Strong
332500,Port Heiden,2023-07-01,2023,7,diesel_kwh_generated,127213,49818,7,Strong
332500,Port Heiden,2023-08-01,2023,8,fuel_used_gallons,12134,4156,8,Strong
332500,Port Heiden,2023-08-01,2023,8,diesel_kwh_generated,137712,49818,8,Strong
332500,Port Heiden,2024-02-01,2024,2,pce_eligible_residential_kwh,22617,12999,6,Strong
332500,Port Heiden,2024-02-01,2024,2,residential_sold_to,38156,15442,9,Strong
332500,Port Heiden,2024-02-01,2024,2,commercial_sold_to,22729,8925,7,Strong
332500,Port Heiden,2024-02-01,2024,2,govt_facil_sold_to,42180,10962,7,Strong
332500,Port Heiden,2024-11-01,2024,11,commercial_sold_to,23902,8925,7,Strong
332500,Port Heiden,2026-01-01,2026,1,com_facil_sold_to,9572,4202,5,Strong
331570,Quinhagak,2015-07-01,2015,7,commercial_sold_to,40715,24320,6,Strong
331570,Quinhagak,2015-08-01,2015,8,commercial_sold_to,42107,24320,7,Strong
331570,Quinhagak,2015-09-01,2015,9,powerhouse_consumption_kwh,37430,2674.5,23,Extreme
331570,Quinhagak,2015-09-01,2015,9,commercial_sold_to,36465,24320,5,Strong
331570,Quinhagak,2015-10-01,2015,10,powerhouse_consumption_kwh,23244,2674.5,14,Extreme
331570,Quinhagak,2015-12-01,2015,12,commercial_sold_to,38180,24320,5,Strong
331570,Quinhagak,2016-01-01,2016,1,commercial_sold_to,39865,24320,6,Strong
331570,Quinhagak,2016-05-01,2016,5,powerhouse_consumption_kwh,9544,2674.5,5,Strong
331570,Quinhagak,2016-08-01,2016,8,residential_customers,87,184,16,Extreme
331570,Quinhagak,2016-10-01,2016,10,powerhouse_consumption_kwh,11622,2674.5,6,Strong
331570,Quinhagak,2016-10-01,2016,10,residential_customers,87,184,16,Extreme
331570,Quinhagak,2016-11-01,2016,11,residential_customers,86,184,17,Extreme
331570,Quinhagak,2016-12-01,2016,12,fuel_used_gallons,33510,9497,9,Strong
331570,Quinhagak,2017-01-01,2017,1,residential_customers,88,184,16,Extreme
331570,Quinhagak,2017-02-01,2017,2,residential_customers,89,184,16,Extreme
331570,Quinhagak,2019-09-01,2019,9,powerhouse_consumption_kwh,12448,2674.5,7,Strong
331570,Quinhagak,2020-12-01,2020,12,fuel_used_gallons,23881,9497,5,Strong
331570,Quinhagak,2021-07-01,2021,7,powerhouse_consumption_kwh,10007,2674.5,5,Strong
331570,Quinhagak,2021-08-01,2021,8,powerhouse_consumption_kwh,9420,2674.5,5,Strong
331570,Quinhagak,2023-02-01,2023,2,commercial_sold_to,8014,24320,6,Strong
331570,Quinhagak,2023-05-01,2023,5,commercial_sold_to,46053,24320,8,Strong
331570,Quinhagak,2025-11-01,2025,11,commercial_sold_to,36510,24320,5,Strong
331570,Quinhagak,2025-12-01,2025,12,commercial_sold_to,36782,24320,5,Strong
331570,Quinhagak,2026-01-01,2026,1,commercial_sold_to,43129,24320,7,Strong
331570,Quinhagak,2026-02-01,2026,2,commercial_sold_to,38212,24320,5,Strong
331570,Quinhagak,2026-03-01,2026,3,commercial_sold_to,45651,24320,8,Strong
332520,Rampart,2015-10-01,2015,10,pce_eligible_community_kwh,0,3780,5,Strong
332520,Rampart,2015-11-01,2015,11,pce_eligible_community_kwh,0,3780,5,Strong
332520,Rampart,2015-12-01,2015,12,pce_eligible_community_kwh,0,3780,5,Strong
332520,Rampart,2018-12-01,2018,12,fuel_used_gallons,3987,1931,5,Strong
332520,Rampart,2020-03-01,2020,3,fuel_used_gallons,5320,1931,9,Strong
332520,Rampart,2020-09-01,2020,9,pce_eligible_community_kwh,0,3780,5,Strong
332520,Rampart,2021-11-01,2021,11,fuel_used_gallons,3828,1931,5,Strong
332520,Rampart,2024-02-01,2024,2,powerhouse_consumption_kwh,9137,2267,9,Strong
332520,Rampart,2024-02-01,2024,2,peak_consumption_kw,7358,51,493,Extreme
332520,Rampart,2024-03-01,2024,3,peak_consumption_kw,7368,51,494,Extreme
332520,Rampart,2024-03-01,2024,3,commercial_sold_to,37895,2583.5,16,Extreme
332520,Rampart,2024-04-01,2024,4,peak_consumption_kw,7368,51,494,Extreme
332520,Rampart,2024-04-01,2024,4,commercial_sold_to,75569,2583.5,32,Extreme
332520,Rampart,2024-05-01,2024,5,powerhouse_consumption_kwh,7196,2267,6,Strong
332520,Rampart,2024-05-01,2024,5,peak_consumption_kw,7368,51,494,Extreme
332520,Rampart,2024-06-01,2024,6,fuel_used_gallons,7253,1931,14,Extreme
332520,Rampart,2024-06-01,2024,6,diesel_kwh_generated,233609,21917,30,Extreme
332520,Rampart,2024-06-01,2024,6,peak_consumption_kw,7368,51,494,Extreme
332520,Rampart,2024-07-01,2024,7,peak_consumption_kw,7368,51,494,Extreme
332520,Rampart,2024-08-01,2024,8,peak_consumption_kw,7368,51,494,Extreme
332520,Rampart,2024-09-01,2024,9,peak_consumption_kw,7368,51,494,Extreme
332520,Rampart,2024-10-01,2024,10,residential_sold_to,17438,6217,6,Strong
332520,Rampart,2024-11-01,2024,11,residential_sold_to,15898,6217,5,Strong
332520,Rampart,2024-12-01,2024,12,fuel_used_gallons,3816,1931,5,Strong
332520,Rampart,2024-12-01,2024,12,residential_sold_to,17922,6217,7,Strong
332520,Rampart,2025-01-01,2025,1,residential_sold_to,18160,6217,7,Strong
332520,Rampart,2025-02-01,2025,2,residential_sold_to,17704,6217,6,Strong
332520,Rampart,2025-10-01,2025,10,residential_sold_to,15352,6217,5,Strong
332520,Rampart,2025-10-01,2025,10,commercial_sold_to,14798,2583.5,5,Strong
332520,Rampart,2025-11-01,2025,11,residential_sold_to,16466,6217,6,Strong
332520,Rampart,2025-11-01,2025,11,commercial_sold_to,14029,2583.5,5,Strong
332520,Rampart,2025-12-01,2025,12,fuel_used_gallons,4476,1931,7,Strong
332520,Rampart,2025-12-01,2025,12,diesel_kwh_generated,57937,21917,5,Strong
332520,Rampart,2025-12-01,2025,12,residential_sold_to,22507,6217,9,Extreme
332520,Rampart,2025-12-01,2025,12,commercial_sold_to,18025,2583.5,7,Strong
332520,Rampart,2026-01-01,2026,1,residential_sold_to,21398,6217,9,Strong
332520,Rampart,2026-01-01,2026,1,commercial_sold_to,17888,2583.5,7,Strong
332520,Rampart,2026-01-01,2026,1,govt_facil_sold_to,4408,1047,5,Strong
332520,Rampart,2026-02-01,2026,2,residential_sold_to,18688,6217,7,Strong
332520,Rampart,2026-02-01,2026,2,commercial_sold_to,12777,2583.5,5,Strong
332520,Rampart,2026-03-01,2026,3,residential_sold_to,18774,6217,7,Strong
332520,Rampart,2026-03-01,2026,3,commercial_sold_to,32739,2583.5,13,Extreme
332250,Red Devil,2016-10-01,2016,10,govt_facil_sold_to,1015,304,5,Strong
332250,Red Devil,2016-11-01,2016,11,govt_facil_sold_to,1918,304,11,Extreme
332250,Red Devil,2016-12-01,2016,12,govt_facil_sold_to,2921,304,18,Extreme
332250,Red Devil,2017-01-01,2017,1,govt_facil_sold_to,2552,304,16,Extreme
332250,Red Devil,2017-02-01,2017,2,govt_facil_sold_to,2415,304,15,Extreme
332250,Red Devil,2017-03-01,2017,3,govt_facil_sold_to,2209,304,13,Extreme
332250,Red Devil,2017-04-01,2017,4,govt_facil_sold_to,2326,304,14,Extreme
332250,Red Devil,2017-11-01,2017,11,govt_facil_sold_to,1533,304,9,Strong
332250,Red Devil,2017-12-01,2017,12,govt_facil_sold_to,1956,304,12,Extreme
332250,Red Devil,2018-01-01,2018,1,govt_facil_sold_to,2225,304,13,Extreme
332250,Red Devil,2018-02-01,2018,2,govt_facil_sold_to,1741,304,10,Extreme
332250,Red Devil,2018-03-01,2018,3,govt_facil_sold_to,1017,304,5,Strong
332250,Red Devil,2020-02-01,2020,2,govt_facil_sold_to,987,304,5,Strong
332250,Red Devil,2020-12-01,2020,12,govt_facil_sold_to,1629,304,9,Extreme
332250,Red Devil,2021-01-01,2021,1,govt_facil_sold_to,1636,304,9,Extreme
332250,Red Devil,2021-02-01,2021,2,govt_facil_sold_to,1008,304,5,Strong
332250,Red Devil,2021-03-01,2021,3,govt_facil_sold_to,1109,304,6,Strong
332250,Red Devil,2021-08-01,2021,8,fuel_used_gallons,1644,745.5,8,Strong
332250,Red Devil,2021-08-01,2021,8,diesel_kwh_generated,11502,4763,5,Strong
332250,Red Devil,2022-02-01,2022,2,govt_facil_sold_to,1028,304,5,Strong
332530,Ruby,2021-06-01,2021,6,fuel_used_gallons,7895,4370,5,Strong
332530,Ruby,2022-05-01,2022,5,fuel_used_gallons,8068,4370,6,Strong
332530,Ruby,2022-05-01,2022,5,powerhouse_consumption_kwh,4365,1991,6,Strong
332530,Ruby,2023-09-01,2023,9,fuel_used_gallons,7949,4370,5,Strong
332530,Ruby,2025-11-01,2025,11,powerhouse_consumption_kwh,17400,1991,40,Extreme
331580,Russian Mission,2015-07-01,2015,7,commercial_sold_to,8044,3055,8,Strong
331580,Russian Mission,2015-08-01,2015,8,commercial_sold_to,8432,3055,9,Strong
331580,Russian Mission,2015-09-01,2015,9,commercial_sold_to,8482,3055,9,Strong
331580,Russian Mission,2015-10-01,2015,10,commercial_sold_to,8488,3055,9,Strong
331580,Russian Mission,2015-11-01,2015,11,commercial_sold_to,9018,3055,10,Extreme
331580,Russian Mission,2015-12-01,2015,12,commercial_sold_to,9796,3055,11,Extreme
331580,Russian Mission,2016-01-01,2016,1,commercial_sold_to,10700,3055,13,Extreme
331580,Russian Mission,2016-10-01,2016,10,residential_customers,176,78,66,Extreme
331580,Russian Mission,2016-11-01,2016,11,residential_customers,176,78,66,Extreme
331580,Russian Mission,2017-01-01,2017,1,residential_customers,175,78,65,Extreme
331580,Russian Mission,2017-02-01,2017,2,residential_customers,175,78,65,Extreme
331580,Russian Mission,2025-01-01,2025,1,pce_eligible_residential_kwh,41148,29729,5,Strong
331580,Russian Mission,2025-01-01,2025,1,residential_sold_to,48929,33864,5,Strong
331580,Russian Mission,2025-11-01,2025,11,fuel_used_gallons,0,6094.5,6,Strong
331580,Russian Mission,2025-11-01,2025,11,commercial_sold_to,6692,3055,6,Strong
331580,Russian Mission,2025-12-01,2025,12,fuel_used_gallons,0,6094.5,6,Strong
331580,Russian Mission,2025-12-01,2025,12,commercial_sold_to,6606,3055,6,Strong
331580,Russian Mission,2026-01-01,2026,1,fuel_used_gallons,0,6094.5,6,Strong
331580,Russian Mission,2026-01-01,2026,1,commercial_sold_to,7796,3055,8,Strong
331580,Russian Mission,2026-02-01,2026,2,fuel_used_gallons,0,6094.5,6,Strong
331580,Russian Mission,2026-02-01,2026,2,commercial_sold_to,8115,3055,8,Strong
331580,Russian Mission,2026-03-01,2026,3,fuel_used_gallons,0,6094.5,6,Strong
331580,Russian Mission,2026-03-01,2026,3,commercial_sold_to,8803,3055,9,Extreme
332550,Saint George,2015-08-01,2015,8,fuel_used_gallons,6757,3721,6,Strong
332550,Saint George,2015-09-01,2015,9,powerhouse_consumption_kwh,4656,2704,5,Strong
332550,Saint George,2016-04-01,2016,4,powerhouse_consumption_kwh,4485,2704,5,Strong
332550,Saint George,2016-08-01,2016,8,wind_kwh_generated,26488,0,NA,Strong
332550,Saint George,2016-09-01,2016,9,wind_kwh_generated,20849,0,NA,Strong
332550,Saint George,2017-06-01,2017,6,powerhouse_consumption_kwh,5841,2704,8,Strong
332550,Saint George,2017-12-01,2017,12,powerhouse_consumption_kwh,6642,2704,10,Extreme
332550,Saint George,2018-04-01,2018,4,powerhouse_consumption_kwh,5305,2704,7,Strong
332550,Saint George,2018-05-01,2018,5,fuel_used_gallons,6787,3721,6,Strong
332550,Saint George,2018-11-01,2018,11,peak_consumption_kw,869,75,36,Extreme
332550,Saint George,2021-05-01,2021,5,powerhouse_consumption_kwh,4608,2704,5,Strong
332550,Saint George,2022-06-01,2022,6,powerhouse_consumption_kwh,12769,2704,26,Extreme
332550,Saint George,2024-01-01,2024,1,fuel_used_gallons,8045,3721,8,Strong
332550,Saint George,2024-01-01,2024,1,powerhouse_consumption_kwh,5542,2704,7,Strong
332550,Saint George,2024-04-01,2024,4,powerhouse_consumption_kwh,223,2704,6,Strong
332550,Saint George,2024-05-01,2024,5,powerhouse_consumption_kwh,5183,2704,6,Strong
332550,Saint George,2024-06-01,2024,6,com_facil_sold_to,20737,6868,6,Strong
332550,Saint George,2024-11-01,2024,11,fuel_used_gallons,7765,3721,8,Strong
332550,Saint George,2024-11-01,2024,11,diesel_kwh_generated,92959,45478.5,6,Strong
332550,Saint George,2024-11-01,2024,11,powerhouse_consumption_kwh,5437,2704,7,Strong
332550,Saint George,2024-11-01,2024,11,unbilled_sold_to,17904,2732,5,Strong
331660,"Saint Mary's, Andreafsky",2015-07-01,2015,7,commercial_sold_to,53114,34036,5,Strong
331660,"Saint Mary's, Andreafsky",2015-08-01,2015,8,commercial_sold_to,56835,34036,6,Strong
331660,"Saint Mary's, Andreafsky",2015-09-01,2015,9,commercial_sold_to,62055,34036,7,Strong
331660,"Saint Mary's, Andreafsky",2015-10-01,2015,10,commercial_sold_to,62582,34036,7,Strong
331660,"Saint Mary's, Andreafsky",2015-11-01,2015,11,commercial_sold_to,66232,34036,8,Strong
331660,"Saint Mary's, Andreafsky",2015-12-01,2015,12,commercial_sold_to,66680,34036,8,Strong
331660,"Saint Mary's, Andreafsky",2016-01-01,2016,1,commercial_sold_to,68967,34036,9,Strong
331660,"Saint Mary's, Andreafsky",2019-11-01,2019,11,powerhouse_consumption_kwh,55456,9459,5,Strong
331660,"Saint Mary's, Andreafsky",2020-03-01,2020,3,powerhouse_consumption_kwh,53226,9459,5,Strong
331660,"Saint Mary's, Andreafsky",2020-09-01,2020,9,powerhouse_consumption_kwh,52358,9459,5,Strong
331660,"Saint Mary's, Andreafsky",2023-01-01,2023,1,powerhouse_consumption_kwh,91390,9459,9,Strong
331660,"Saint Mary's, Andreafsky",2024-01-01,2024,1,powerhouse_consumption_kwh,73444,9459,7,Strong
331660,"Saint Mary's, Andreafsky",2024-03-01,2024,3,diesel_kwh_generated,605330,274212,5,Strong
331660,"Saint Mary's, Andreafsky",2024-03-01,2024,3,powerhouse_consumption_kwh,57222,9459,5,Strong
331660,"Saint Mary's, Andreafsky",2024-10-01,2024,10,powerhouse_consumption_kwh,54226,9459,5,Strong
331660,"Saint Mary's, Andreafsky",2024-12-01,2024,12,diesel_kwh_generated,632354,274212,5,Strong
331660,"Saint Mary's, Andreafsky",2024-12-01,2024,12,powerhouse_consumption_kwh,79623,9459,7,Strong
331660,"Saint Mary's, Andreafsky",2025-01-01,2025,1,diesel_kwh_generated,682368,274212,6,Strong
331660,"Saint Mary's, Andreafsky",2025-01-01,2025,1,powerhouse_consumption_kwh,75635,9459,7,Strong
331660,"Saint Mary's, Andreafsky",2025-03-01,2025,3,diesel_kwh_generated,605179,274212,5,Strong
331660,"Saint Mary's, Andreafsky",2025-11-01,2025,11,commercial_sold_to,55219,34036,5,Strong
331660,"Saint Mary's, Andreafsky",2025-12-01,2025,12,commercial_sold_to,55705,34036,5,Strong
331660,"Saint Mary's, Andreafsky",2026-01-01,2026,1,commercial_sold_to,15610,34036,5,Strong
331660,"Saint Mary's, Andreafsky",2026-01-01,2026,1,residential_customers,60,174,19,Extreme
331660,"Saint Mary's, Andreafsky",2026-02-01,2026,2,commercial_sold_to,61086,34036,7,Strong
331660,"Saint Mary's, Andreafsky",2026-03-01,2026,3,commercial_sold_to,66306,34036,8,Strong
331670,Saint Michael,2015-07-01,2015,7,commercial_sold_to,33885,17955,5,Strong
331670,Saint Michael,2015-08-01,2015,8,commercial_sold_to,35567,17955,5,Strong
331670,Saint Michael,2015-11-01,2015,11,commercial_sold_to,37138,17955,6,Strong
331670,Saint Michael,2015-12-01,2015,12,commercial_sold_to,40715,17955,7,Strong
331670,Saint Michael,2016-01-01,2016,1,commercial_sold_to,41145,17955,7,Strong
331670,Saint Michael,2025-11-01,2025,11,commercial_sold_to,43033,17955,7,Strong
331670,Saint Michael,2025-12-01,2025,12,commercial_sold_to,40304,17955,7,Strong
331670,Saint Michael,2026-01-01,2026,1,commercial_sold_to,47751,17955,9,Strong
331670,Saint Michael,2026-02-01,2026,2,commercial_sold_to,37886,17955,6,Strong
331670,Saint Michael,2026-03-01,2026,3,commercial_sold_to,45833,17955,8,Strong
332560,Saint Paul,2015-11-01,2015,11,total_kwh_purchased,50009,2998,11,Extreme
332560,Saint Paul,2015-12-01,2015,12,total_kwh_purchased,63245,2998,14,Extreme
332560,Saint Paul,2016-01-01,2016,1,total_kwh_purchased,76541,2998,17,Extreme
332560,Saint Paul,2016-02-01,2016,2,total_kwh_purchased,89259,2998,19,Extreme
332560,Saint Paul,2016-03-01,2016,3,total_kwh_purchased,37995,2998,8,Strong
332560,Saint Paul,2016-04-01,2016,4,total_kwh_purchased,64763,2998,14,Extreme
332560,Saint Paul,2016-05-01,2016,5,total_kwh_purchased,36595,2998,8,Strong
332560,Saint Paul,2016-06-01,2016,6,total_kwh_purchased,33416,2998,7,Strong
332560,Saint Paul,2016-07-01,2016,7,total_kwh_purchased,25709,2998,5,Strong
332560,Saint Paul,2016-08-01,2016,8,total_kwh_purchased,40002,2998,8,Strong
332560,Saint Paul,2016-09-01,2016,9,total_kwh_purchased,44136,2998,9,Extreme
332560,Saint Paul,2016-10-01,2016,10,total_kwh_purchased,46126,2998,10,Extreme
332560,Saint Paul,2016-11-01,2016,11,total_kwh_purchased,52450,2998,11,Extreme
332560,Saint Paul,2016-12-01,2016,12,total_kwh_purchased,45977,2998,10,Extreme
332560,Saint Paul,2017-01-01,2017,1,total_kwh_purchased,56729,2998,12,Extreme
332560,Saint Paul,2017-02-01,2017,2,total_kwh_purchased,77972,2998,17,Extreme
332560,Saint Paul,2017-03-01,2017,3,total_kwh_purchased,60614,2998,13,Extreme
332560,Saint Paul,2017-04-01,2017,4,total_kwh_purchased,47840,2998,10,Extreme
332560,Saint Paul,2017-05-01,2017,5,total_kwh_purchased,44357,2998,9,Extreme
332560,Saint Paul,2017-07-01,2017,7,total_kwh_purchased,26005,2998,5,Strong
332560,Saint Paul,2017-11-01,2017,11,total_kwh_purchased,47095,2998,10,Extreme
332560,Saint Paul,2017-12-01,2017,12,total_kwh_purchased,54964,2998,12,Extreme
332560,Saint Paul,2018-01-01,2018,1,total_kwh_purchased,59369,2998,13,Extreme
332560,Saint Paul,2018-02-01,2018,2,total_kwh_purchased,61072,2998,13,Extreme
332560,Saint Paul,2018-04-01,2018,4,total_kwh_purchased,32998,2998,7,Strong
332560,Saint Paul,2018-05-01,2018,5,total_kwh_purchased,42038,2998,9,Strong
332560,Saint Paul,2018-08-01,2018,8,total_kwh_purchased,26980,2998,5,Strong
332560,Saint Paul,2018-09-01,2018,9,pce_eligible_community_kwh,22298,27090,5,Strong
332560,Saint Paul,2018-12-01,2018,12,total_kwh_purchased,27016,2998,5,Strong
332560,Saint Paul,2019-01-01,2019,1,total_kwh_purchased,28325,2998,6,Strong
332560,Saint Paul,2019-02-01,2019,2,total_kwh_purchased,24166,2998,5,Strong
332560,Saint Paul,2020-01-01,2020,1,total_kwh_purchased,57206,2998,12,Extreme
332560,Saint Paul,2020-02-01,2020,2,total_kwh_purchased,40428,2998,8,Strong
332560,Saint Paul,2020-03-01,2020,3,total_kwh_purchased,26977,2998,5,Strong
332560,Saint Paul,2020-11-01,2020,11,total_kwh_purchased,25398,2998,5,Strong
332560,Saint Paul,2021-01-01,2021,1,total_kwh_purchased,27543,2998,6,Strong
332560,Saint Paul,2021-03-01,2021,3,pce_eligible_community_kwh,9913,27090,17,Extreme
332560,Saint Paul,2021-07-01,2021,7,pce_eligible_community_kwh,21605,27090,5,Strong
332560,Saint Paul,2024-12-01,2024,12,fuel_used_gallons,28791,19456,5,Strong
332560,Saint Paul,2025-01-01,2025,1,fuel_used_gallons,29672,19456,5,Strong
332560,Saint Paul,2025-01-01,2025,1,diesel_kwh_generated,424495,265877,6,Strong
332560,Saint Paul,2025-06-01,2025,6,pce_eligible_community_kwh,20589,27090,6,Strong
332560,Saint Paul,2025-06-01,2025,6,wind_kwh_generated,36665,0,NA,Strong
332560,Saint Paul,2025-07-01,2025,7,wind_kwh_generated,21365,0,NA,Strong
332560,Saint Paul,2025-08-01,2025,8,wind_kwh_generated,15221,0,NA,Strong
332560,Saint Paul,2025-09-01,2025,9,wind_kwh_generated,13257,0,NA,Strong
332560,Saint Paul,2025-10-01,2025,10,wind_kwh_generated,37679,0,NA,Strong
332560,Saint Paul,2025-11-01,2025,11,wind_kwh_generated,37679,0,NA,Strong
332560,Saint Paul,2025-11-01,2025,11,total_kwh_purchased,61591,2998,13,Extreme
332560,Saint Paul,2025-12-01,2025,12,total_kwh_purchased,50305,2998,11,Extreme
332560,Saint Paul,2025-12-01,2025,12,residential_sold_to,123700,55733,12,Extreme
332560,Saint Paul,2026-01-01,2026,1,total_kwh_purchased,46811,2998,10,Extreme
332560,Saint Paul,2026-01-01,2026,1,commercial_sold_to,179588,101914,5,Strong
332560,Saint Paul,2026-03-01,2026,3,fuel_used_gallons,29608,19456,5,Strong
332540,Sand Point,2017-05-01,2017,5,wind_kwh_generated,52248,0,NA,Strong
332540,Sand Point,2017-06-01,2017,6,wind_kwh_generated,40099,0,NA,Strong
332540,Sand Point,2018-11-01,2018,11,unbilled_sold_to,20807,61,229,Extreme
332540,Sand Point,2018-12-01,2018,12,unbilled_sold_to,62726,61,693,Extreme
332540,Sand Point,2019-01-01,2019,1,unbilled_sold_to,43461,61,480,Extreme
332540,Sand Point,2019-02-01,2019,2,unbilled_sold_to,33464,61,369,Extreme
332540,Sand Point,2019-03-01,2019,3,unbilled_sold_to,45111,61,498,Extreme
332540,Sand Point,2019-04-01,2019,4,unbilled_sold_to,23922,61,264,Extreme
332540,Sand Point,2019-05-01,2019,5,unbilled_sold_to,9381,61,103,Extreme
332540,Sand Point,2019-07-01,2019,7,unbilled_sold_to,763,61,8,Strong
332540,Sand Point,2019-09-01,2019,9,unbilled_sold_to,9854,61,108,Extreme
332540,Sand Point,2019-10-01,2019,10,unbilled_sold_to,10780,61,119,Extreme
332540,Sand Point,2019-11-01,2019,11,unbilled_sold_to,4567,61,50,Extreme
332540,Sand Point,2019-12-01,2019,12,unbilled_sold_to,6307,61,69,Extreme
332540,Sand Point,2020-12-01,2020,12,fuel_used_gallons,38672,19638.5,6,Strong
332540,Sand Point,2021-06-01,2021,6,wind_kwh_generated,29770,0,NA,Strong
332540,Sand Point,2022-10-01,2022,10,powerhouse_consumption_kwh,25537,6720,12,Extreme
331590,Savoonga,2015-07-01,2015,7,commercial_sold_to,28118,3284,14,Extreme
331590,Savoonga,2015-07-01,2015,7,com_facil_sold_to,11565,52268,5,Strong
331590,Savoonga,2015-08-01,2015,8,commercial_sold_to,29118,3284,15,Extreme
331590,Savoonga,2015-08-01,2015,8,com_facil_sold_to,12519,52268,5,Strong
331590,Savoonga,2015-09-01,2015,9,commercial_sold_to,31740,3284,16,Extreme
331590,Savoonga,2015-09-01,2015,9,com_facil_sold_to,13422,52268,5,Strong
331590,Savoonga,2015-10-01,2015,10,commercial_sold_to,39208,3284,20,Extreme
331590,Savoonga,2015-10-01,2015,10,com_facil_sold_to,17090,52268,5,Strong
331590,Savoonga,2015-11-01,2015,11,commercial_sold_to,42913,3284,23,Extreme
331590,Savoonga,2015-12-01,2015,12,powerhouse_consumption_kwh,5532,2771,5,Strong
331590,Savoonga,2015-12-01,2015,12,commercial_sold_to,42702,3284,22,Extreme
331590,Savoonga,2016-01-01,2016,1,powerhouse_consumption_kwh,6092,2771,6,Strong
331590,Savoonga,2016-01-01,2016,1,commercial_sold_to,46701,3284,25,Extreme
331590,Savoonga,2016-02-01,2016,2,commercial_sold_to,13279,3284,6,Strong
331590,Savoonga,2016-04-01,2016,4,commercial_sold_to,12853,3284,5,Strong
331590,Savoonga,2016-05-01,2016,5,commercial_sold_to,11783,3284,5,Strong
331590,Savoonga,2016-08-01,2016,8,residential_customers,82,161,53,Extreme
331590,Savoonga,2016-10-01,2016,10,residential_customers,83,161,53,Extreme
331590,Savoonga,2016-11-01,2016,11,residential_customers,83,161,53,Extreme
331590,Savoonga,2016-12-01,2016,12,commercial_sold_to,15196,3284,7,Strong
331590,Savoonga,2017-01-01,2017,1,residential_customers,86,161,51,Extreme
331590,Savoonga,2017-02-01,2017,2,residential_customers,85,161,51,Extreme
331590,Savoonga,2021-05-01,2021,5,powerhouse_consumption_kwh,5667,2771,5,Strong
331590,Savoonga,2022-09-01,2022,9,commercial_sold_to,12246,3284,5,Strong
331590,Savoonga,2022-12-01,2022,12,fuel_used_gallons,39691,13483,10,Extreme
331590,Savoonga,2023-07-01,2023,7,powerhouse_consumption_kwh,10465,2771,13,Extreme
331590,Savoonga,2024-08-01,2024,8,powerhouse_consumption_kwh,5533,2771,5,Strong
331590,Savoonga,2025-11-01,2025,11,fuel_used_gallons,0,13483,5,Strong
331590,Savoonga,2025-11-01,2025,11,commercial_sold_to,43840,3284,23,Extreme
331590,Savoonga,2025-12-01,2025,12,fuel_used_gallons,0,13483,5,Strong
331590,Savoonga,2025-12-01,2025,12,commercial_sold_to,43765,3284,23,Extreme
331590,Savoonga,2026-01-01,2026,1,fuel_used_gallons,0,13483,5,Strong
331590,Savoonga,2026-01-01,2026,1,commercial_sold_to,46549,3284,25,Extreme
331590,Savoonga,2026-02-01,2026,2,fuel_used_gallons,0,13483,5,Strong
331590,Savoonga,2026-02-01,2026,2,commercial_sold_to,42288,3284,22,Extreme
331590,Savoonga,2026-03-01,2026,3,fuel_used_gallons,0,13483,5,Strong
331590,Savoonga,2026-03-01,2026,3,commercial_sold_to,43983,3284,23,Extreme
331600,Scammon Bay,2015-07-01,2015,7,commercial_sold_to,13355,6310,8,Strong
331600,Scammon Bay,2015-08-01,2015,8,commercial_sold_to,13256,6310,8,Strong
331600,Scammon Bay,2015-09-01,2015,9,commercial_sold_to,14352,6310,9,Strong
331600,Scammon Bay,2015-10-01,2015,10,commercial_sold_to,16433,6310,11,Extreme
331600,Scammon Bay,2015-11-01,2015,11,commercial_sold_to,13599,6310,8,Strong
331600,Scammon Bay,2015-12-01,2015,12,commercial_sold_to,13788,6310,8,Strong
331600,Scammon Bay,2016-01-01,2016,1,commercial_sold_to,16670,6310,12,Extreme
331600,Scammon Bay,2022-05-01,2022,5,powerhouse_consumption_kwh,5871,2955.5,5,Strong
331600,Scammon Bay,2022-08-01,2022,8,powerhouse_consumption_kwh,6428,2955.5,5,Strong
331600,Scammon Bay,2022-09-01,2022,9,powerhouse_consumption_kwh,6027,2955.5,5,Strong
331600,Scammon Bay,2022-10-01,2022,10,powerhouse_consumption_kwh,5974,2955.5,5,Strong
331600,Scammon Bay,2023-01-01,2023,1,pce_eligible_residential_kwh,63991,45289,5,Strong
331600,Scammon Bay,2023-01-01,2023,1,powerhouse_consumption_kwh,7532,2955.5,7,Strong
331600,Scammon Bay,2023-02-01,2023,2,powerhouse_consumption_kwh,5834,2955.5,5,Strong
331600,Scammon Bay,2023-04-01,2023,4,powerhouse_consumption_kwh,6528,2955.5,6,Strong
331600,Scammon Bay,2024-01-01,2024,1,pce_eligible_residential_kwh,65927,45289,5,Strong
331600,Scammon Bay,2025-01-01,2025,1,pce_eligible_residential_kwh,65847,45289,5,Strong
331600,Scammon Bay,2025-08-01,2025,8,powerhouse_consumption_kwh,6402,2955.5,5,Strong
331600,Scammon Bay,2025-11-01,2025,11,fuel_used_gallons,0,10496,6,Strong
331600,Scammon Bay,2025-11-01,2025,11,commercial_sold_to,14356,6310,9,Strong
331600,Scammon Bay,2025-12-01,2025,12,fuel_used_gallons,0,10496,6,Strong
331600,Scammon Bay,2025-12-01,2025,12,commercial_sold_to,13980,6310,9,Strong
331600,Scammon Bay,2026-01-01,2026,1,pce_eligible_residential_kwh,64946,45289,5,Strong
331600,Scammon Bay,2026-01-01,2026,1,fuel_used_gallons,0,10496,6,Strong
331600,Scammon Bay,2026-01-01,2026,1,commercial_sold_to,15948,6310,11,Extreme
331600,Scammon Bay,2026-02-01,2026,2,fuel_used_gallons,0,10496,6,Strong
331600,Scammon Bay,2026-02-01,2026,2,commercial_sold_to,13935,6310,9,Strong
331600,Scammon Bay,2026-03-01,2026,3,fuel_used_gallons,0,10496,6,Strong
331600,Scammon Bay,2026-03-01,2026,3,commercial_sold_to,15146,6310,10,Extreme
331610,Selawik,2015-08-01,2015,8,wind_kwh_generated,7872,613,8,Strong
331610,Selawik,2015-09-01,2015,9,wind_kwh_generated,6153,613,6,Strong
331610,Selawik,2015-11-01,2015,11,wind_kwh_generated,18994,613,20,Extreme
331610,Selawik,2015-11-01,2015,11,commercial_sold_to,32418,21065,5,Strong
331610,Selawik,2015-12-01,2015,12,wind_kwh_generated,16429,613,17,Extreme
331610,Selawik,2015-12-01,2015,12,commercial_sold_to,62937,21065,18,Extreme
331610,Selawik,2016-01-01,2016,1,wind_kwh_generated,34826,613,38,Extreme
331610,Selawik,2016-01-01,2016,1,commercial_sold_to,63290,21065,18,Extreme
331610,Selawik,2016-02-01,2016,2,wind_kwh_generated,8388,613,9,Strong
331610,Selawik,2016-04-01,2016,4,wind_kwh_generated,8659,613,9,Strong
331610,Selawik,2016-08-01,2016,8,residential_customers,30,167,23,Extreme
331610,Selawik,2016-10-01,2016,10,residential_customers,31,167,23,Extreme
331610,Selawik,2016-11-01,2016,11,residential_customers,30,167,23,Extreme
331610,Selawik,2017-01-01,2017,1,residential_customers,29,167,23,Extreme
331610,Selawik,2017-02-01,2017,2,residential_customers,29,167,23,Extreme
331610,Selawik,2017-11-01,2017,11,wind_kwh_generated,4887,613,5,Strong
331610,Selawik,2025-11-01,2025,11,commercial_sold_to,32402,21065,5,Strong
331610,Selawik,2025-12-01,2025,12,commercial_sold_to,34464,21065,6,Strong
331610,Selawik,2026-01-01,2026,1,commercial_sold_to,37206,21065,7,Strong
331610,Selawik,2026-02-01,2026,2,commercial_sold_to,33667,21065,5,Strong
331610,Selawik,2026-03-01,2026,3,commercial_sold_to,37546,21065,7,Strong
331620,Shageluk,2016-08-01,2016,8,residential_customers,137,37,67,Extreme
331620,Shageluk,2023-10-01,2023,10,com_facil_sold_to,20856,7287,7,Strong
331620,Shageluk,2025-06-01,2025,6,powerhouse_consumption_kwh,2522,976.5,5,Strong
331620,Shageluk,2025-07-01,2025,7,powerhouse_consumption_kwh,3091,976.5,7,Strong
331620,Shageluk,2025-09-01,2025,9,powerhouse_consumption_kwh,2277,976.5,5,Strong
331620,Shageluk,2025-10-01,2025,10,powerhouse_consumption_kwh,2277,976.5,5,Strong
331620,Shageluk,2025-11-01,2025,11,fuel_used_gallons,0,2986,7,Strong
331620,Shageluk,2025-12-01,2025,12,fuel_used_gallons,0,2986,7,Strong
331620,Shageluk,2026-01-01,2026,1,pce_eligible_residential_kwh,18962,9499,5,Strong
331620,Shageluk,2026-01-01,2026,1,fuel_used_gallons,0,2986,7,Strong
331620,Shageluk,2026-01-01,2026,1,residential_sold_to,23749,11120,5,Strong
331620,Shageluk,2026-01-01,2026,1,commercial_sold_to,13738,8512,5,Strong
331620,Shageluk,2026-02-01,2026,2,fuel_used_gallons,0,2986,7,Strong
331620,Shageluk,2026-03-01,2026,3,fuel_used_gallons,0,2986,7,Strong
331630,Shaktoolik,2015-07-01,2015,7,commercial_sold_to,22820,13144,7,Strong
331630,Shaktoolik,2015-08-01,2015,8,commercial_sold_to,21374,13144,6,Strong
331630,Shaktoolik,2016-04-01,2016,4,powerhouse_consumption_kwh,24528,5784.5,5,Strong
331630,Shaktoolik,2016-10-01,2016,10,residential_customers,137,63,50,Extreme
331630,Shaktoolik,2016-11-01,2016,11,residential_customers,138,63,51,Extreme
331630,Shaktoolik,2017-01-01,2017,1,residential_customers,141,63,53,Extreme
331630,Shaktoolik,2017-02-01,2017,2,residential_customers,139,63,51,Extreme
331630,Shaktoolik,2017-12-01,2017,12,fuel_used_gallons,8088,5086,5,Strong
331630,Shaktoolik,2023-01-01,2023,1,pce_eligible_residential_kwh,39181,27032,5,Strong
331630,Shaktoolik,2024-01-01,2024,1,pce_eligible_residential_kwh,39162,27032,5,Strong
331630,Shaktoolik,2024-04-01,2024,4,pce_eligible_residential_kwh,37320,27032,5,Strong
331630,Shaktoolik,2025-01-01,2025,1,pce_eligible_residential_kwh,38803,27032,5,Strong
331630,Shaktoolik,2025-01-01,2025,1,fuel_used_gallons,8121,5086,5,Strong
331630,Shaktoolik,2025-01-01,2025,1,diesel_kwh_generated,120421,68396,5,Strong
331630,Shaktoolik,2025-11-01,2025,11,fuel_used_gallons,0,5086,8,Strong
331630,Shaktoolik,2025-11-01,2025,11,commercial_sold_to,27197,13144,10,Extreme
331630,Shaktoolik,2025-12-01,2025,12,pce_eligible_residential_kwh,38275,27032,5,Strong
331630,Shaktoolik,2025-12-01,2025,12,fuel_used_gallons,0,5086,8,Strong
331630,Shaktoolik,2025-12-01,2025,12,commercial_sold_to,30834,13144,13,Extreme
331630,Shaktoolik,2026-01-01,2026,1,pce_eligible_residential_kwh,40464,27032,6,Strong
331630,Shaktoolik,2026-01-01,2026,1,fuel_used_gallons,0,5086,8,Strong
331630,Shaktoolik,2026-01-01,2026,1,commercial_sold_to,34338,13144,16,Extreme
331630,Shaktoolik,2026-02-01,2026,2,fuel_used_gallons,0,5086,8,Strong
331630,Shaktoolik,2026-02-01,2026,2,commercial_sold_to,30990,13144,13,Extreme
331630,Shaktoolik,2026-03-01,2026,3,pce_eligible_residential_kwh,37981,27032,5,Strong
331630,Shaktoolik,2026-03-01,2026,3,fuel_used_gallons,0,5086,8,Strong
331630,Shaktoolik,2026-03-01,2026,3,commercial_sold_to,35335,13144,16,Extreme
331640,Shishmaref,2016-08-01,2016,8,residential_customers,89,150,14,Extreme
331640,Shishmaref,2016-10-01,2016,10,residential_customers,91,150,13,Extreme
331640,Shishmaref,2016-11-01,2016,11,residential_customers,90,150,13,Extreme
331640,Shishmaref,2017-01-01,2017,1,residential_customers,92,150,13,Extreme
331640,Shishmaref,2017-02-01,2017,2,residential_customers,92,150,13,Extreme
331640,Shishmaref,2018-12-01,2018,12,pce_eligible_community_kwh,17870,9524,5,Strong
331640,Shishmaref,2018-12-01,2018,12,fuel_used_gallons,18063,10618,5,Strong
331640,Shishmaref,2020-01-01,2020,1,pce_eligible_community_kwh,18272,9524,5,Strong
331640,Shishmaref,2020-02-01,2020,2,pce_eligible_community_kwh,17943,9524,5,Strong
331640,Shishmaref,2020-03-01,2020,3,pce_eligible_community_kwh,19099,9524,5,Strong
331640,Shishmaref,2023-02-01,2023,2,fuel_used_gallons,33823,10618,15,Extreme
331640,Shishmaref,2025-11-01,2025,11,fuel_used_gallons,0,10618,7,Strong
331640,Shishmaref,2025-12-01,2025,12,fuel_used_gallons,0,10618,7,Strong
331640,Shishmaref,2026-01-01,2026,1,fuel_used_gallons,0,10618,7,Strong
331640,Shishmaref,2026-02-01,2026,2,fuel_used_gallons,0,10618,7,Strong
331640,Shishmaref,2026-03-01,2026,3,fuel_used_gallons,0,10618,7,Strong
331650,Shungnak,2015-07-01,2015,7,commercial_sold_to,14820,7708.5,8,Strong
331650,Shungnak,2015-08-01,2015,8,commercial_sold_to,13140,7708.5,6,Strong
331650,Shungnak,2015-09-01,2015,9,commercial_sold_to,14426,7708.5,7,Strong
331650,Shungnak,2015-10-01,2015,10,commercial_sold_to,14635,7708.5,7,Strong
331650,Shungnak,2015-11-01,2015,11,commercial_sold_to,13729,7708.5,6,Strong
331650,Shungnak,2015-12-01,2015,12,commercial_sold_to,13848,7708.5,7,Strong
331650,Shungnak,2016-01-01,2016,1,commercial_sold_to,14277,7708.5,7,Strong
331650,Shungnak,2016-08-01,2016,8,residential_customers,185,61,42,Extreme
331650,Shungnak,2021-11-01,2021,11,commercial_sold_to,13672,7708.5,6,Strong
331650,Shungnak,2021-12-01,2021,12,fuel_used_gallons,27862,9595,8,Strong
331650,Shungnak,2021-12-01,2021,12,commercial_sold_to,12933,7708.5,6,Strong
331650,Shungnak,2022-12-01,2022,12,fuel_used_gallons,23885,9595,6,Strong
331650,Shungnak,2023-08-01,2023,8,commercial_sold_to,3527,7708.5,5,Strong
331650,Shungnak,2023-09-01,2023,9,commercial_sold_to,3084,7708.5,5,Strong
331650,Shungnak,2023-10-01,2023,10,commercial_sold_to,3401,7708.5,5,Strong
331650,Shungnak,2023-11-01,2023,11,commercial_sold_to,3245,7708.5,5,Strong
331650,Shungnak,2023-12-01,2023,12,commercial_sold_to,23163,7708.5,17,Extreme
331650,Shungnak,2025-11-01,2025,11,commercial_sold_to,13217,7708.5,6,Strong
331650,Shungnak,2025-12-01,2025,12,commercial_sold_to,15975,7708.5,9,Strong
331650,Shungnak,2026-01-01,2026,1,residential_sold_to,75133,31212,6,Strong
331650,Shungnak,2026-01-01,2026,1,commercial_sold_to,41080,7708.5,36,Extreme
331650,Shungnak,2026-01-01,2026,1,govt_facil_sold_to,48562,19868,6,Strong
331650,Shungnak,2026-01-01,2026,1,residential_customers,149,61,30,Extreme
331650,Shungnak,2026-02-01,2026,2,commercial_sold_to,13564,7708.5,6,Strong
331650,Shungnak,2026-03-01,2026,3,commercial_sold_to,14417,7708.5,7,Strong
331190,Skagway,2017-02-01,2017,2,govt_facil_customers,0,60,40,Extreme
331190,Skagway,2017-05-01,2017,5,fuel_used_gallons,20729,2224,6,Strong
331190,Skagway,2017-05-01,2017,5,diesel_kwh_generated,308000,32666,6,Strong
331190,Skagway,2020-02-01,2020,2,fuel_used_gallons,18557,2224,5,Strong
331190,Skagway,2020-04-01,2020,4,fuel_used_gallons,31913,2224,9,Extreme
331190,Skagway,2020-04-01,2020,4,diesel_kwh_generated,467772,32666,9,Extreme
331190,Skagway,2021-02-01,2021,2,fuel_used_gallons,20675,2224,6,Strong
331190,Skagway,2021-02-01,2021,2,diesel_kwh_generated,301625,32666,6,Strong
331190,Skagway,2021-04-01,2021,4,fuel_used_gallons,30573,2224,9,Strong
331190,Skagway,2021-04-01,2021,4,diesel_kwh_generated,444461,32666,9,Strong
331190,Skagway,2021-05-01,2021,5,fuel_used_gallons,33941,2224,10,Extreme
331190,Skagway,2021-05-01,2021,5,diesel_kwh_generated,494196,32666,10,Extreme
331190,Skagway,2022-05-01,2022,5,fuel_used_gallons,26909,2224,8,Strong
331190,Skagway,2022-05-01,2022,5,diesel_kwh_generated,394990,32666,8,Strong
331190,Skagway,2023-01-01,2023,1,fuel_used_gallons,21367,2224,6,Strong
331190,Skagway,2023-01-01,2023,1,diesel_kwh_generated,311055,32666,6,Strong
331190,Skagway,2023-01-01,2023,1,peak_consumption_kw,22920,2270,41,Extreme
331190,Skagway,2023-02-01,2023,2,fuel_used_gallons,18996,2224,5,Strong
331190,Skagway,2023-02-01,2023,2,diesel_kwh_generated,266406,32666,5,Strong
331190,Skagway,2023-03-01,2023,3,fuel_used_gallons,37095,2224,11,Extreme
331190,Skagway,2023-03-01,2023,3,diesel_kwh_generated,518983,32666,10,Extreme
331190,Skagway,2023-04-01,2023,4,fuel_used_gallons,23871,2224,7,Strong
331190,Skagway,2023-04-01,2023,4,diesel_kwh_generated,332757,32666,6,Strong
331190,Skagway,2023-08-01,2023,8,fuel_used_gallons,29954,2224,9,Strong
331190,Skagway,2023-08-01,2023,8,diesel_kwh_generated,441333,32666,9,Strong
331190,Skagway,2024-02-01,2024,2,fuel_used_gallons,42863,2224,13,Extreme
331190,Skagway,2024-02-01,2024,2,diesel_kwh_generated,599435,32666,12,Extreme
331190,Skagway,2024-03-01,2024,3,fuel_used_gallons,33416,2224,10,Extreme
331190,Skagway,2024-03-01,2024,3,diesel_kwh_generated,468860,32666,9,Extreme
331190,Skagway,2024-04-01,2024,4,fuel_used_gallons,17267,2224,5,Strong
331190,Skagway,2025-01-01,2025,1,fuel_used_gallons,19129,2224,5,Strong
331190,Skagway,2025-01-01,2025,1,diesel_kwh_generated,270477,32666,5,Strong
331190,Skagway,2025-02-01,2025,2,fuel_used_gallons,34432,2224,10,Extreme
331190,Skagway,2025-02-01,2025,2,diesel_kwh_generated,479727,32666,9,Extreme
331190,Skagway,2025-03-01,2025,3,fuel_used_gallons,24290,2224,7,Strong
331190,Skagway,2025-03-01,2025,3,diesel_kwh_generated,347162,32666,7,Strong
331190,Skagway,2025-04-01,2025,4,fuel_used_gallons,28738,2224,8,Strong
331190,Skagway,2025-04-01,2025,4,diesel_kwh_generated,405969,32666,8,Strong
331190,Skagway,2026-01-01,2026,1,fuel_used_gallons,59068,2224,18,Extreme
331190,Skagway,2026-01-01,2026,1,diesel_kwh_generated,838883,32666,17,Extreme
331190,Skagway,2026-01-01,2026,1,residential_sold_to,423601,274613,5,Strong
331190,Skagway,2026-01-01,2026,1,residential_customers,438,629,8,Strong
331190,Skagway,2026-02-01,2026,2,fuel_used_gallons,19376,2224,5,Strong
331190,Skagway,2026-02-01,2026,2,diesel_kwh_generated,281950,32666,5,Strong
331190,Skagway,2026-02-01,2026,2,residential_customers,435,629,8,Strong
331190,Skagway,2026-03-01,2026,3,fuel_used_gallons,44322,2224,13,Extreme
331190,Skagway,2026-03-01,2026,3,diesel_kwh_generated,620548,32666,12,Extreme
331190,Skagway,2026-04-01,2026,4,fuel_used_gallons,54294,2224,16,Extreme
331190,Skagway,2026-04-01,2026,4,diesel_kwh_generated,765086,32666,15,Extreme
331195,Slana,2015-12-01,2015,12,pce_eligible_community_kwh,607,95,6,Strong
331195,Slana,2015-12-01,2015,12,com_facil_sold_to,607,95,6,Strong
331195,Slana,2019-12-01,2019,12,pce_eligible_community_kwh,498,95,5,Strong
331195,Slana,2019-12-01,2019,12,com_facil_sold_to,498,95,5,Strong
331195,Slana,2020-01-01,2020,1,pce_eligible_community_kwh,578,95,6,Strong
331195,Slana,2020-01-01,2020,1,com_facil_sold_to,578,95,6,Strong
331195,Slana,2020-02-01,2020,2,pce_eligible_community_kwh,500,95,5,Strong
331195,Slana,2020-02-01,2020,2,com_facil_sold_to,500,95,5,Strong
331195,Slana,2021-12-01,2021,12,fuel_used_gallons,13609,7968,5,Strong
331195,Slana,2022-11-01,2022,11,pce_eligible_community_kwh,573,95,6,Strong
331195,Slana,2022-11-01,2022,11,com_facil_sold_to,573,95,6,Strong
331195,Slana,2023-03-01,2023,3,pce_eligible_community_kwh,494,95,5,Strong
331195,Slana,2023-03-01,2023,3,com_facil_sold_to,494,95,5,Strong
331195,Slana,2026-01-01,2026,1,fuel_used_gallons,13515,7968,5,Strong
332260,Sleetmute,2019-04-01,2019,4,peak_consumption_kw,12,66,5,Strong
332260,Sleetmute,2021-12-01,2021,12,residential_sold_to,13963,7244,6,Strong
332260,Sleetmute,2022-04-01,2022,4,residential_sold_to,13108,7244,5,Strong
332260,Sleetmute,2023-03-01,2023,3,residential_sold_to,13824,7244,6,Strong
332260,Sleetmute,2023-08-01,2023,8,com_facil_sold_to,16393,4631,7,Strong
332260,Sleetmute,2024-01-01,2024,1,powerhouse_consumption_kwh,2252,1232,6,Strong
332260,Sleetmute,2024-03-01,2024,3,powerhouse_consumption_kwh,2146,1232,5,Strong
332260,Sleetmute,2024-08-01,2024,8,commercial_sold_to,12385,5980,6,Strong
332260,Sleetmute,2026-01-01,2026,1,powerhouse_consumption_kwh,2751,1232,8,Strong
332260,Sleetmute,2026-03-01,2026,3,powerhouse_consumption_kwh,2237,1232,6,Strong
331680,Stebbins,2016-10-01,2016,10,residential_customers,228,138,20,Extreme
331680,Stebbins,2016-11-01,2016,11,residential_customers,225,138,20,Extreme
331680,Stebbins,2016-12-01,2016,12,fuel_used_gallons,48247,19126.5,7,Strong
331680,Stebbins,2017-01-01,2017,1,residential_customers,227,138,20,Extreme
331680,Stebbins,2017-02-01,2017,2,residential_customers,227,138,20,Extreme
331680,Stebbins,2024-11-01,2024,11,com_facil_sold_to,65868,21781,5,Strong
331680,Stebbins,2024-12-01,2024,12,com_facil_sold_to,75981,21781,6,Strong
331680,Stebbins,2025-01-01,2025,1,pce_eligible_community_kwh,19169,8846,6,Strong
331680,Stebbins,2025-01-01,2025,1,com_facil_sold_to,81638,21781,6,Strong
331680,Stebbins,2025-02-01,2025,2,pce_eligible_community_kwh,17468,8846,5,Strong
331680,Stebbins,2025-03-01,2025,3,pce_eligible_community_kwh,18115,8846,6,Strong
331680,Stebbins,2025-08-01,2025,8,commercial_sold_to,1403,16423,5,Strong
331680,Stebbins,2025-09-01,2025,9,commercial_sold_to,1465,16423,5,Strong
331680,Stebbins,2025-10-01,2025,10,commercial_sold_to,1465,16423,5,Strong
331680,Stebbins,2025-11-01,2025,11,commercial_sold_to,36475,16423,6,Strong
331680,Stebbins,2025-12-01,2025,12,commercial_sold_to,40142,16423,7,Strong
331680,Stebbins,2026-01-01,2026,1,commercial_sold_to,43510,16423,8,Strong
331680,Stebbins,2026-02-01,2026,2,commercial_sold_to,38913,16423,7,Strong
331680,Stebbins,2026-03-01,2026,3,commercial_sold_to,43481,16423,8,Strong
332570,Stevens Village,2016-03-01,2016,3,com_facil_sold_to,9877,2233,5,Strong
332570,Stevens Village,2018-01-01,2018,1,com_facil_sold_to,13257,2233,7,Strong
332270,Stony River,2015-12-01,2015,12,govt_facil_sold_to,1212,83,9,Extreme
332270,Stony River,2016-01-01,2016,1,govt_facil_sold_to,1212,83,9,Extreme
332270,Stony River,2016-02-01,2016,2,govt_facil_sold_to,760,83,6,Strong
332270,Stony River,2016-03-01,2016,3,govt_facil_sold_to,752,83,5,Strong
332270,Stony River,2016-06-01,2016,6,fuel_used_gallons,0,1274,5,Strong
332270,Stony River,2016-11-01,2016,11,govt_facil_sold_to,1117,83,8,Strong
332270,Stony River,2016-12-01,2016,12,govt_facil_sold_to,1481,83,11,Extreme
332270,Stony River,2017-01-01,2017,1,govt_facil_sold_to,1236,83,9,Extreme
332270,Stony River,2017-02-01,2017,2,govt_facil_sold_to,1193,83,9,Extreme
332270,Stony River,2017-03-01,2017,3,govt_facil_sold_to,1410,83,11,Extreme
332270,Stony River,2017-04-01,2017,4,govt_facil_sold_to,1358,83,10,Extreme
332270,Stony River,2017-11-01,2017,11,govt_facil_sold_to,1093,83,8,Strong
332270,Stony River,2017-12-01,2017,12,govt_facil_sold_to,1022,83,8,Strong
332270,Stony River,2018-01-01,2018,1,govt_facil_sold_to,1362,83,10,Extreme
332270,Stony River,2018-02-01,2018,2,govt_facil_sold_to,687,83,5,Strong
332270,Stony River,2018-11-01,2018,11,govt_facil_sold_to,1457,83,11,Extreme
332270,Stony River,2019-04-01,2019,4,govt_facil_sold_to,1079,83,8,Strong
332270,Stony River,2019-11-01,2019,11,govt_facil_sold_to,822,83,6,Strong
332270,Stony River,2019-12-01,2019,12,govt_facil_sold_to,786,83,6,Strong
332270,Stony River,2020-01-01,2020,1,govt_facil_sold_to,1258,83,10,Extreme
332270,Stony River,2020-02-01,2020,2,govt_facil_sold_to,1283,83,10,Extreme
332270,Stony River,2020-03-01,2020,3,govt_facil_sold_to,1366,83,10,Extreme
332270,Stony River,2020-04-01,2020,4,govt_facil_sold_to,1318,83,10,Extreme
332270,Stony River,2020-11-01,2020,11,govt_facil_sold_to,1001,83,7,Strong
332270,Stony River,2020-12-01,2020,12,govt_facil_sold_to,1031,83,8,Strong
332270,Stony River,2021-03-01,2021,3,govt_facil_sold_to,666,83,5,Strong
332270,Stony River,2022-11-01,2022,11,fuel_used_gallons,3481,1274,8,Strong
332270,Stony River,2023-01-01,2023,1,fuel_used_gallons,2631,1274,5,Strong
332270,Stony River,2023-01-01,2023,1,powerhouse_consumption_kwh,2831,977,8,Strong
332270,Stony River,2023-01-01,2023,1,govt_facil_sold_to,735,83,5,Strong
332270,Stony River,2023-03-01,2023,3,govt_facil_sold_to,1236,83,9,Extreme
332270,Stony River,2023-04-01,2023,4,govt_facil_sold_to,1027,83,8,Strong
332270,Stony River,2024-01-01,2024,1,govt_facil_sold_to,1671,83,13,Extreme
332270,Stony River,2024-02-01,2024,2,powerhouse_consumption_kwh,2163,977,5,Strong
332270,Stony River,2024-02-01,2024,2,govt_facil_sold_to,1128,83,8,Strong
332270,Stony River,2024-03-01,2024,3,govt_facil_sold_to,1027,83,8,Strong
332270,Stony River,2024-04-01,2024,4,govt_facil_sold_to,707,83,5,Strong
332270,Stony River,2024-07-01,2024,7,powerhouse_consumption_kwh,2585,977,7,Strong
332270,Stony River,2024-08-01,2024,8,powerhouse_consumption_kwh,3425,977,10,Extreme
332270,Stony River,2024-09-01,2024,9,powerhouse_consumption_kwh,2326,977,6,Strong
332270,Stony River,2024-11-01,2024,11,govt_facil_sold_to,1069,83,8,Strong
332270,Stony River,2025-01-01,2025,1,powerhouse_consumption_kwh,2984,977,8,Strong
332270,Stony River,2025-02-01,2025,2,govt_facil_sold_to,664,83,5,Strong
332270,Stony River,2025-03-01,2025,3,powerhouse_consumption_kwh,2295,977,5,Strong
332270,Stony River,2025-03-01,2025,3,govt_facil_sold_to,1076,83,8,Strong
332270,Stony River,2025-06-01,2025,6,powerhouse_consumption_kwh,2656,977,7,Strong
332270,Stony River,2025-08-01,2025,8,govt_facil_sold_to,2000,83,16,Extreme
332270,Stony River,2025-10-01,2025,10,powerhouse_consumption_kwh,3174,977,9,Extreme
332270,Stony River,2025-11-01,2025,11,powerhouse_consumption_kwh,3816,977,12,Extreme
332270,Stony River,2025-12-01,2025,12,diesel_kwh_generated,24272,10714,5,Strong
332270,Stony River,2025-12-01,2025,12,powerhouse_consumption_kwh,5382,977,18,Extreme
332270,Stony River,2025-12-01,2025,12,commercial_sold_to,10323,3909,5,Strong
332270,Stony River,2025-12-01,2025,12,govt_facil_sold_to,729,83,5,Strong
332270,Stony River,2026-01-01,2026,1,govt_facil_sold_to,855,83,6,Strong
332270,Stony River,2026-02-01,2026,2,govt_facil_sold_to,651,83,5,Strong
332270,Stony River,2026-03-01,2026,3,govt_facil_sold_to,1270,83,10,Extreme
332580,Takotna,2022-05-01,2022,5,fuel_used_gallons,4145,1968,5,Strong
332580,Takotna,2024-03-01,2024,3,com_facil_sold_to,8228,1868,9,Extreme
332600,Tanana,2024-11-01,2024,11,peak_consumption_kw,372,220,5,Strong
332600,Tanana,2025-12-01,2025,12,pce_eligible_residential_kwh,41463,24615.5,6,Strong
332600,Tanana,2025-12-01,2025,12,residential_sold_to,51471,26291.5,7,Strong
332610,Tatitlek,2017-08-01,2017,8,commercial_sold_to,9496,4022,5,Strong
332610,Tatitlek,2018-05-01,2018,5,com_facil_sold_to,12524,3672,7,Strong
332610,Tatitlek,2020-03-01,2020,3,residential_sold_to,17841,10311,5,Strong
332610,Tatitlek,2021-06-01,2021,6,powerhouse_consumption_kwh,5463,2739,5,Strong
332610,Tatitlek,2021-07-01,2021,7,powerhouse_consumption_kwh,7699,2739,9,Extreme
332610,Tatitlek,2022-02-01,2022,2,peak_consumption_kw,158,80,5,Strong
332610,Tatitlek,2022-11-01,2022,11,powerhouse_consumption_kwh,5351,2739,5,Strong
332610,Tatitlek,2023-12-01,2023,12,residential_sold_to,21024,10311,7,Strong
332610,Tatitlek,2024-08-01,2024,8,powerhouse_consumption_kwh,100,2739,5,Strong
332610,Tatitlek,2024-08-01,2024,8,peak_consumption_kw,4005,80,265,Extreme
332610,Tatitlek,2025-08-01,2025,8,powerhouse_consumption_kwh,77,2739,5,Strong
332610,Tatitlek,2025-08-01,2025,8,peak_consumption_kw,1806,80,116,Extreme
331685,Teller,2015-07-01,2015,7,commercial_sold_to,11535,3668,25,Extreme
331685,Teller,2015-07-01,2015,7,com_facil_sold_to,3024,14977,6,Strong
331685,Teller,2015-08-01,2015,8,commercial_sold_to,11397,3668,24,Extreme
331685,Teller,2015-08-01,2015,8,com_facil_sold_to,2773,14977,6,Strong
331685,Teller,2015-09-01,2015,9,commercial_sold_to,13003,3668,29,Extreme
331685,Teller,2015-09-01,2015,9,com_facil_sold_to,3202,14977,6,Strong
331685,Teller,2015-10-01,2015,10,commercial_sold_to,14936,3668,35,Extreme
331685,Teller,2015-10-01,2015,10,com_facil_sold_to,3373,14977,6,Strong
331685,Teller,2015-11-01,2015,11,commercial_sold_to,16859,3668,41,Extreme
331685,Teller,2015-11-01,2015,11,com_facil_sold_to,3208,14977,6,Strong
331685,Teller,2015-12-01,2015,12,commercial_sold_to,17923,3668,45,Extreme
331685,Teller,2015-12-01,2015,12,com_facil_sold_to,3967,14977,5,Strong
331685,Teller,2016-01-01,2016,1,commercial_sold_to,17370,3668,43,Extreme
331685,Teller,2016-01-01,2016,1,com_facil_sold_to,4066,14977,5,Strong
331685,Teller,2017-09-01,2017,9,powerhouse_consumption_kwh,8666,3557,7,Strong
331685,Teller,2019-09-01,2019,9,powerhouse_consumption_kwh,7825,3557,6,Strong
331685,Teller,2022-02-01,2022,2,pce_eligible_community_kwh,5880,3208,5,Strong
331685,Teller,2022-03-01,2022,3,pce_eligible_community_kwh,5589,3208,5,Strong
331685,Teller,2022-12-01,2022,12,fuel_used_gallons,11673,5345,7,Strong
331685,Teller,2025-11-01,2025,11,fuel_used_gallons,0,5345,6,Strong
331685,Teller,2025-11-01,2025,11,commercial_sold_to,16099,3668,39,Extreme
331685,Teller,2025-11-01,2025,11,com_facil_sold_to,3168,14977,6,Strong
331685,Teller,2025-12-01,2025,12,fuel_used_gallons,0,5345,6,Strong
331685,Teller,2025-12-01,2025,12,commercial_sold_to,16430,3668,40,Extreme
331685,Teller,2025-12-01,2025,12,com_facil_sold_to,3042,14977,6,Strong
331685,Teller,2026-01-01,2026,1,fuel_used_gallons,0,5345,6,Strong
331685,Teller,2026-01-01,2026,1,commercial_sold_to,18424,3668,46,Extreme
331685,Teller,2026-01-01,2026,1,com_facil_sold_to,3345,14977,6,Strong
331685,Teller,2026-02-01,2026,2,fuel_used_gallons,0,5345,6,Strong
331685,Teller,2026-02-01,2026,2,commercial_sold_to,17006,3668,42,Extreme
331685,Teller,2026-02-01,2026,2,com_facil_sold_to,3746,14977,6,Strong
331685,Teller,2026-03-01,2026,3,fuel_used_gallons,0,5345,6,Strong
331685,Teller,2026-03-01,2026,3,commercial_sold_to,21673,3668,56,Extreme
331685,Teller,2026-03-01,2026,3,com_facil_sold_to,4830,14977,5,Strong
332630,Tenakee Springs,2016-08-01,2016,8,govt_facil_sold_to,58,160,6,Strong
332630,Tenakee Springs,2016-09-01,2016,9,govt_facil_sold_to,43,160,7,Strong
332630,Tenakee Springs,2022-11-01,2022,11,fuel_used_gallons,3942,2744,5,Strong
332630,Tenakee Springs,2022-12-01,2022,12,fuel_used_gallons,4060,2744,5,Strong
332630,Tenakee Springs,2023-02-01,2023,2,peak_consumption_kw,185,94,5,Strong
332630,Tenakee Springs,2024-07-01,2024,7,peak_consumption_kw,219,94,7,Strong
332630,Tenakee Springs,2024-08-01,2024,8,peak_consumption_kw,217,94,7,Strong
332630,Tenakee Springs,2024-10-01,2024,10,peak_consumption_kw,232,94,8,Strong
331200,Tetlin,2020-12-01,2020,12,commercial_sold_to,13893,3197.5,5,Strong
331200,Tetlin,2022-11-01,2022,11,commercial_sold_to,14731,3197.5,5,Strong
331210,"Thorne Bay, City of",2025-05-01,2025,5,powerhouse_consumption_kwh,2077,5826.5,9,Extreme
331210,"Thorne Bay, City of",2026-01-01,2026,1,pce_eligible_residential_kwh,134364,92041,5,Strong
331690,Togiak,2015-07-01,2015,7,commercial_sold_to,149671,29698,13,Extreme
331690,Togiak,2015-08-01,2015,8,commercial_sold_to,124035,29698,10,Extreme
331690,Togiak,2016-06-01,2016,6,commercial_sold_to,74746,29698,5,Strong
331690,Togiak,2016-07-01,2016,7,commercial_sold_to,163557,29698,15,Extreme
331690,Togiak,2016-08-01,2016,8,commercial_sold_to,111241,29698,9,Strong
331690,Togiak,2016-08-01,2016,8,residential_customers,89,214,8,Strong
331690,Togiak,2016-10-01,2016,10,residential_customers,92,214,8,Strong
331690,Togiak,2016-11-01,2016,11,residential_customers,90,214,8,Strong
331690,Togiak,2017-01-01,2017,1,residential_customers,90,214,8,Strong
331690,Togiak,2017-02-01,2017,2,residential_customers,90,214,8,Strong
331690,Togiak,2017-06-01,2017,6,commercial_sold_to,74615,29698,5,Strong
331690,Togiak,2017-07-01,2017,7,commercial_sold_to,158919,29698,14,Extreme
331690,Togiak,2017-08-01,2017,8,commercial_sold_to,88855,29698,6,Strong
331690,Togiak,2018-07-01,2018,7,commercial_sold_to,136229,29698,12,Extreme
331690,Togiak,2018-08-01,2018,8,commercial_sold_to,109518,29698,9,Strong
331690,Togiak,2018-09-01,2018,9,powerhouse_consumption_kwh,10287,4438,6,Strong
331690,Togiak,2018-10-01,2018,10,powerhouse_consumption_kwh,9378,4438,5,Strong
331690,Togiak,2018-12-01,2018,12,fuel_used_gallons,37434,17419,9,Extreme
331690,Togiak,2019-07-01,2019,7,commercial_sold_to,141921,29698,12,Extreme
331690,Togiak,2019-08-01,2019,8,commercial_sold_to,100206,29698,8,Strong
331690,Togiak,2020-07-01,2020,7,commercial_sold_to,98256,29698,7,Strong
331690,Togiak,2020-08-01,2020,8,commercial_sold_to,92450,29698,7,Strong
331690,Togiak,2021-07-01,2021,7,commercial_sold_to,118514,29698,10,Extreme
331690,Togiak,2021-08-01,2021,8,commercial_sold_to,92957,29698,7,Strong
331690,Togiak,2022-07-01,2022,7,commercial_sold_to,102953,29698,8,Strong
331690,Togiak,2022-08-01,2022,8,commercial_sold_to,100730,29698,8,Strong
331690,Togiak,2023-07-01,2023,7,commercial_sold_to,100089,29698,8,Strong
331690,Togiak,2024-03-01,2024,3,powerhouse_consumption_kwh,14403,4438,10,Extreme
331690,Togiak,2025-11-01,2025,11,fuel_used_gallons,0,17419,8,Strong
331690,Togiak,2025-12-01,2025,12,fuel_used_gallons,0,17419,8,Strong
331690,Togiak,2026-01-01,2026,1,fuel_used_gallons,0,17419,8,Strong
331690,Togiak,2026-02-01,2026,2,fuel_used_gallons,0,17419,8,Strong
331690,Togiak,2026-03-01,2026,3,fuel_used_gallons,0,17419,8,Strong
331220,"Tok, Tanacross",2022-12-01,2022,12,pce_eligible_community_kwh,67083,21579.5,5,Strong
331220,"Tok, Tanacross",2022-12-01,2022,12,com_facil_sold_to,67083,21579.5,5,Strong
331220,"Tok, Tanacross",2023-01-01,2023,1,pce_eligible_community_kwh,74674,21579.5,5,Strong
331220,"Tok, Tanacross",2023-01-01,2023,1,com_facil_sold_to,74674,21579.5,6,Strong
331220,"Tok, Tanacross",2023-02-01,2023,2,pce_eligible_community_kwh,68039,21579.5,5,Strong
331220,"Tok, Tanacross",2023-02-01,2023,2,com_facil_sold_to,68039,21579.5,5,Strong
331220,"Tok, Tanacross",2024-01-01,2024,1,pce_eligible_community_kwh,66776,21579.5,5,Strong
331220,"Tok, Tanacross",2024-01-01,2024,1,com_facil_sold_to,66776,21579.5,5,Strong
331220,"Tok, Tanacross",2025-01-01,2025,1,pce_eligible_community_kwh,65151,21579.5,5,Strong
331220,"Tok, Tanacross",2025-01-01,2025,1,com_facil_sold_to,65151,21579.5,5,Strong
331220,"Tok, Tanacross",2025-12-01,2025,12,pce_eligible_community_kwh,73362,21579.5,5,Strong
331220,"Tok, Tanacross",2025-12-01,2025,12,com_facil_sold_to,73362,21579.5,5,Strong
331220,"Tok, Tanacross",2026-01-01,2026,1,pce_eligible_community_kwh,73981,21579.5,5,Strong
331220,"Tok, Tanacross",2026-01-01,2026,1,com_facil_sold_to,73981,21579.5,5,Strong
331220,"Tok, Tanacross",2026-02-01,2026,2,pce_eligible_community_kwh,70576,21579.5,5,Strong
331220,"Tok, Tanacross",2026-02-01,2026,2,com_facil_sold_to,70576,21579.5,5,Strong
331220,"Tok, Tanacross",2026-03-01,2026,3,pce_eligible_community_kwh,66053,21579.5,5,Strong
331220,"Tok, Tanacross",2026-03-01,2026,3,com_facil_sold_to,66053,21579.5,5,Strong
331700,Toksook Bay,2015-07-01,2015,7,commercial_sold_to,23532,4720,25,Extreme
331700,Toksook Bay,2015-08-01,2015,8,commercial_sold_to,22887,4720,24,Extreme
331700,Toksook Bay,2015-09-01,2015,9,commercial_sold_to,24497,4720,26,Extreme
331700,Toksook Bay,2015-10-01,2015,10,commercial_sold_to,27116,4720,29,Extreme
331700,Toksook Bay,2015-11-01,2015,11,commercial_sold_to,31362,4720,35,Extreme
331700,Toksook Bay,2015-12-01,2015,12,commercial_sold_to,33943,4720,38,Extreme
331700,Toksook Bay,2016-01-01,2016,1,commercial_sold_to,36402,4720,41,Extreme
331700,Toksook Bay,2017-12-01,2017,12,fuel_used_gallons,59395,18727.5,10,Extreme
331700,Toksook Bay,2024-01-01,2024,1,wind_kwh_generated,327102,45962,9,Strong
331700,Toksook Bay,2025-01-01,2025,1,pce_eligible_residential_kwh,75449,53389,5,Strong
331700,Toksook Bay,2025-11-01,2025,11,commercial_sold_to,24287,4720,26,Extreme
331700,Toksook Bay,2025-12-01,2025,12,commercial_sold_to,24946,4720,26,Extreme
331700,Toksook Bay,2026-01-01,2026,1,commercial_sold_to,24195,4720,26,Extreme
331700,Toksook Bay,2026-02-01,2026,2,commercial_sold_to,29318,4720,32,Extreme
331700,Toksook Bay,2026-03-01,2026,3,commercial_sold_to,28699,4720,31,Extreme
332710,Tuluksak,2023-07-01,2023,7,residential_sold_to,66235,23162.5,6,Strong
332710,Tuluksak,2023-07-01,2023,7,unbilled_sold_to,5229,1605.5,6,Strong
332710,Tuluksak,2023-08-01,2023,8,commercial_sold_to,67036,14225.5,9,Extreme
332710,Tuluksak,2023-09-01,2023,9,govt_facil_sold_to,5874,1136,6,Strong
332710,Tuluksak,2024-01-01,2024,1,commercial_sold_to,46117,14225.5,6,Strong
332710,Tuluksak,2024-03-01,2024,3,residential_sold_to,60962,23162.5,5,Strong
332710,Tuluksak,2024-06-01,2024,6,pce_eligible_community_kwh,29400,3215.5,17,Extreme
332710,Tuluksak,2024-06-01,2024,6,diesel_kwh_generated,144464,53282,6,Strong
332710,Tuluksak,2024-06-01,2024,6,residential_sold_to,57936,23162.5,5,Strong
332710,Tuluksak,2024-06-01,2024,6,com_facil_sold_to,47673,3316,35,Extreme
332710,Tuluksak,2026-01-01,2026,1,total_kwh_purchased,93710,0,NA,Strong
332710,Tuluksak,2026-03-01,2026,3,pce_eligible_community_kwh,12141,3215.5,6,Strong
332710,Tuluksak,2026-03-01,2026,3,com_facil_sold_to,12142,3316,7,Strong
332720,Tuntutuliak,2016-01-01,2016,1,wind_kwh_generated,55057,7880,5,Strong
332720,Tuntutuliak,2016-01-01,2016,1,total_kwh_purchased,18477,0,NA,Strong
332720,Tuntutuliak,2016-03-01,2016,3,total_kwh_purchased,11420,0,NA,Strong
332720,Tuntutuliak,2016-07-01,2016,7,powerhouse_consumption_kwh,5060,2425,6,Strong
332720,Tuntutuliak,2016-10-01,2016,10,total_kwh_purchased,14426,0,NA,Strong
332720,Tuntutuliak,2016-11-01,2016,11,total_kwh_purchased,10579,0,NA,Strong
332720,Tuntutuliak,2016-12-01,2016,12,total_kwh_purchased,13611,0,NA,Strong
332720,Tuntutuliak,2017-01-01,2017,1,total_kwh_purchased,10062,0,NA,Strong
332720,Tuntutuliak,2017-12-01,2017,12,total_kwh_purchased,10941,0,NA,Strong
332720,Tuntutuliak,2018-03-01,2018,3,powerhouse_consumption_kwh,4700,2425,5,Strong
332720,Tuntutuliak,2018-04-01,2018,4,total_kwh_purchased,11572,0,NA,Strong
332720,Tuntutuliak,2021-03-01,2021,3,powerhouse_consumption_kwh,4963,2425,6,Strong
332720,Tuntutuliak,2025-07-01,2025,7,powerhouse_consumption_kwh,10647,2425,19,Extreme
332720,Tuntutuliak,2025-10-01,2025,10,powerhouse_consumption_kwh,5379,2425,7,Strong
332720,Tuntutuliak,2025-11-01,2025,11,powerhouse_consumption_kwh,8238,2425,13,Extreme
332720,Tuntutuliak,2025-12-01,2025,12,powerhouse_consumption_kwh,6152,2425,9,Strong
332720,Tuntutuliak,2026-01-01,2026,1,powerhouse_consumption_kwh,6924,2425,10,Extreme
332720,Tuntutuliak,2026-04-01,2026,4,powerhouse_consumption_kwh,6258,2425,9,Strong
332720,Tuntutuliak,2026-05-01,2026,5,powerhouse_consumption_kwh,4820,2425,6,Strong
331710,Tununak,2015-11-01,2015,11,commercial_sold_to,15502,0,NA,Strong
331710,Tununak,2015-12-01,2015,12,commercial_sold_to,17061,0,NA,Strong
331710,Tununak,2016-01-01,2016,1,commercial_sold_to,17482,0,NA,Strong
331710,Tununak,2025-11-01,2025,11,commercial_sold_to,18389,0,NA,Strong
331710,Tununak,2025-12-01,2025,12,commercial_sold_to,18328,0,NA,Strong
331710,Tununak,2026-01-01,2026,1,commercial_sold_to,19043,0,NA,Strong
331710,Tununak,2026-02-01,2026,2,commercial_sold_to,17793,0,NA,Strong
331710,Tununak,2026-03-01,2026,3,commercial_sold_to,21998,0,NA,Strong
332730,Twin Hills,2021-07-01,2021,7,total_kwh_purchased,20269,0,NA,Strong
332730,Twin Hills,2021-08-01,2021,8,total_kwh_purchased,22010,0,NA,Strong
332730,Twin Hills,2021-09-01,2021,9,total_kwh_purchased,22216,0,NA,Strong
332730,Twin Hills,2021-10-01,2021,10,total_kwh_purchased,24213,0,NA,Strong
332730,Twin Hills,2021-11-01,2021,11,total_kwh_purchased,32914,0,NA,Strong
332730,Twin Hills,2021-12-01,2021,12,total_kwh_purchased,35189,0,NA,Strong
332730,Twin Hills,2022-01-01,2022,1,total_kwh_purchased,38064,0,NA,Strong
332730,Twin Hills,2022-02-01,2022,2,total_kwh_purchased,34474,0,NA,Strong
332730,Twin Hills,2022-03-01,2022,3,total_kwh_purchased,33926,0,NA,Strong
332730,Twin Hills,2022-03-01,2022,3,residential_sold_to,20548,10360,6,Strong
332730,Twin Hills,2022-04-01,2022,4,total_kwh_purchased,27760,0,NA,Strong
332730,Twin Hills,2022-05-01,2022,5,total_kwh_purchased,28431,0,NA,Strong
332730,Twin Hills,2022-06-01,2022,6,total_kwh_purchased,21717,0,NA,Strong
332730,Twin Hills,2022-07-01,2022,7,total_kwh_purchased,23101,0,NA,Strong
332730,Twin Hills,2022-08-01,2022,8,total_kwh_purchased,25188,0,NA,Strong
332730,Twin Hills,2022-09-01,2022,9,total_kwh_purchased,22662,0,NA,Strong
332730,Twin Hills,2022-10-01,2022,10,total_kwh_purchased,23467,0,NA,Strong
332730,Twin Hills,2022-11-01,2022,11,total_kwh_purchased,21960,0,NA,Strong
332730,Twin Hills,2022-12-01,2022,12,total_kwh_purchased,26786,0,NA,Strong
332730,Twin Hills,2023-01-01,2023,1,total_kwh_purchased,29009,0,NA,Strong
332730,Twin Hills,2023-02-01,2023,2,total_kwh_purchased,26548,0,NA,Strong
332730,Twin Hills,2023-03-01,2023,3,total_kwh_purchased,27801,0,NA,Strong
332730,Twin Hills,2023-04-01,2023,4,total_kwh_purchased,25457,0,NA,Strong
332730,Twin Hills,2023-05-01,2023,5,total_kwh_purchased,27177,0,NA,Strong
332730,Twin Hills,2023-06-01,2023,6,total_kwh_purchased,21012,0,NA,Strong
332730,Twin Hills,2023-10-01,2023,10,govt_facil_sold_to,7487,801,9,Extreme
332730,Twin Hills,2023-12-01,2023,12,pce_eligible_residential_kwh,18278,8820,5,Strong
332730,Twin Hills,2023-12-01,2023,12,residential_sold_to,21479,10360,6,Strong
332730,Twin Hills,2023-12-01,2023,12,com_facil_sold_to,10256,2820,7,Strong
332730,Twin Hills,2023-12-01,2023,12,govt_facil_sold_to,11764,801,15,Extreme
332730,Twin Hills,2024-01-01,2024,1,pce_eligible_residential_kwh,116076,8820,58,Extreme
332730,Twin Hills,2024-01-01,2024,1,pce_eligible_community_kwh,41623,2777,40,Extreme
332730,Twin Hills,2024-01-01,2024,1,com_facil_sold_to,9000,2820,6,Strong
332730,Twin Hills,2024-01-01,2024,1,govt_facil_sold_to,7597,801,9,Extreme
332730,Twin Hills,2024-02-01,2024,2,govt_facil_sold_to,9166,801,11,Extreme
332730,Twin Hills,2024-03-01,2024,3,govt_facil_sold_to,7796,801,9,Extreme
332730,Twin Hills,2024-04-01,2024,4,govt_facil_sold_to,8855,801,11,Extreme
332730,Twin Hills,2024-05-01,2024,5,govt_facil_sold_to,6688,801,8,Strong
332730,Twin Hills,2024-08-01,2024,8,govt_facil_sold_to,4404,801,5,Strong
332730,Twin Hills,2024-09-01,2024,9,govt_facil_sold_to,5494,801,6,Strong
332730,Twin Hills,2024-10-01,2024,10,govt_facil_sold_to,6465,801,8,Strong
332730,Twin Hills,2024-11-01,2024,11,govt_facil_sold_to,6751,801,8,Strong
332730,Twin Hills,2024-12-01,2024,12,govt_facil_sold_to,7098,801,9,Strong
332730,Twin Hills,2025-01-01,2025,1,com_facil_sold_to,8615,2820,5,Strong
332730,Twin Hills,2025-01-01,2025,1,govt_facil_sold_to,7221,801,9,Strong
332730,Twin Hills,2025-02-01,2025,2,govt_facil_sold_to,6574,801,8,Strong
332730,Twin Hills,2025-03-01,2025,3,govt_facil_sold_to,7313,801,9,Strong
332730,Twin Hills,2025-04-01,2025,4,govt_facil_sold_to,7270,801,9,Strong
332730,Twin Hills,2025-05-01,2025,5,govt_facil_sold_to,5713,801,7,Strong
332730,Twin Hills,2025-06-01,2025,6,govt_facil_sold_to,4539,801,5,Strong
332730,Twin Hills,2025-07-01,2025,7,govt_facil_sold_to,5201,801,6,Strong
332730,Twin Hills,2025-08-01,2025,8,govt_facil_sold_to,5234,801,6,Strong
332730,Twin Hills,2025-09-01,2025,9,govt_facil_sold_to,6430,801,8,Strong
332730,Twin Hills,2025-10-01,2025,10,govt_facil_sold_to,6430,801,8,Strong
332730,Twin Hills,2025-11-01,2025,11,govt_facil_sold_to,7864,801,10,Extreme
332730,Twin Hills,2025-12-01,2025,12,govt_facil_sold_to,7754,801,9,Extreme
332730,Twin Hills,2026-01-01,2026,1,residential_sold_to,53782,10360,24,Extreme
332730,Twin Hills,2026-01-01,2026,1,govt_facil_sold_to,36884,801,49,Extreme
332730,Twin Hills,2026-01-01,2026,1,residential_customers,92,33,40,Extreme
332730,Twin Hills,2026-02-01,2026,2,govt_facil_sold_to,8535,801,10,Extreme
332730,Twin Hills,2026-03-01,2026,3,pce_eligible_community_kwh,10815,2777,8,Strong
332730,Twin Hills,2026-03-01,2026,3,govt_facil_sold_to,10145,801,13,Extreme
332850,Unalakleet,2018-08-01,2018,8,unbilled_sold_to,1818,207,6,Strong
332850,Unalakleet,2018-09-01,2018,9,unbilled_sold_to,1818,207,6,Strong
332850,Unalakleet,2018-12-01,2018,12,unbilled_sold_to,1944,207,7,Strong
332850,Unalakleet,2019-02-01,2019,2,unbilled_sold_to,1548,207,5,Strong
332850,Unalakleet,2023-04-01,2023,4,unbilled_sold_to,1440,207,5,Strong
332850,Unalakleet,2024-12-01,2024,12,com_facil_sold_to,113903,40753.5,6,Strong
332850,Unalakleet,2025-01-01,2025,1,com_facil_sold_to,101276,40753.5,5,Strong
332850,Unalakleet,2025-02-01,2025,2,powerhouse_consumption_kwh,41714,13736.5,5,Strong
332850,Unalakleet,2026-01-01,2026,1,unbilled_sold_to,2268,207,8,Strong
332850,Unalakleet,2026-02-01,2026,2,com_facil_sold_to,125281,40753.5,6,Strong
332850,Unalakleet,2026-02-01,2026,2,unbilled_sold_to,2106,207,7,Strong
332850,Unalakleet,2026-03-01,2026,3,unbilled_sold_to,2106,207,7,Strong
332860,Unalaska,2018-06-01,2018,6,govt_facil_sold_to,45039,27085.5,5,Strong
332860,Unalaska,2019-07-01,2019,7,powerhouse_consumption_kwh,127369,72099,5,Strong
332860,Unalaska,2019-08-01,2019,8,powerhouse_consumption_kwh,156709,72099,7,Strong
332880,Venetie,2015-10-01,2015,10,govt_facil_sold_to,2291,579,8,Strong
332880,Venetie,2017-12-01,2017,12,diesel_kwh_generated,143300,59700,6,Strong
332880,Venetie,2017-12-01,2017,12,commercial_sold_to,40550,11563,5,Strong
332880,Venetie,2020-01-01,2020,1,commercial_sold_to,48852,11563,6,Strong
332880,Venetie,2020-05-01,2020,5,commercial_sold_to,56894,11563,8,Strong
332880,Venetie,2020-06-01,2020,6,commercial_sold_to,48734,11563,6,Strong
332880,Venetie,2023-09-01,2023,9,pce_eligible_residential_kwh,36449,17493,5,Strong
332880,Venetie,2024-02-01,2024,2,residential_sold_to,56211,19929,5,Strong
332880,Venetie,2025-02-01,2025,2,govt_facil_sold_to,3334,579,13,Extreme
332410,Wainwright,2015-08-01,2015,8,pce_eligible_residential_kwh,0,37324,5,Strong
332410,Wainwright,2015-08-01,2015,8,peak_consumption_kw,1724,1049,5,Strong
332410,Wainwright,2015-09-01,2015,9,pce_eligible_residential_kwh,0,37324,5,Strong
332410,Wainwright,2015-10-01,2015,10,pce_eligible_residential_kwh,0,37324,5,Strong
332410,Wainwright,2015-11-01,2015,11,pce_eligible_residential_kwh,0,37324,5,Strong
332410,Wainwright,2015-12-01,2015,12,pce_eligible_residential_kwh,0,37324,5,Strong
332410,Wainwright,2016-01-01,2016,1,pce_eligible_residential_kwh,0,37324,5,Strong
332410,Wainwright,2016-02-01,2016,2,pce_eligible_residential_kwh,0,37324,5,Strong
332410,Wainwright,2016-03-01,2016,3,pce_eligible_residential_kwh,0,37324,5,Strong
332410,Wainwright,2016-04-01,2016,4,pce_eligible_residential_kwh,0,37324,5,Strong
332410,Wainwright,2016-05-01,2016,5,pce_eligible_residential_kwh,0,37324,5,Strong
332410,Wainwright,2016-06-01,2016,6,pce_eligible_residential_kwh,0,37324,5,Strong
332410,Wainwright,2017-07-01,2017,7,pce_eligible_residential_kwh,0,37324,5,Strong
332410,Wainwright,2017-08-01,2017,8,peak_consumption_kw,4272,1049,22,Extreme
332410,Wainwright,2018-01-01,2018,1,peak_consumption_kw,7847,1049,47,Extreme
331730,Wales,2015-07-01,2015,7,commercial_sold_to,10225,3875,5,Strong
331730,Wales,2015-08-01,2015,8,commercial_sold_to,11040,3875,6,Strong
331730,Wales,2015-09-01,2015,9,commercial_sold_to,12591,3875,7,Strong
331730,Wales,2015-10-01,2015,10,commercial_sold_to,12241,3875,7,Strong
331730,Wales,2015-11-01,2015,11,commercial_sold_to,12089,3875,6,Strong
331730,Wales,2015-12-01,2015,12,commercial_sold_to,13596,3875,8,Strong
331730,Wales,2016-01-01,2016,1,commercial_sold_to,15498,3875,9,Extreme
331730,Wales,2016-08-01,2016,8,residential_customers,145,40,12,Extreme
331730,Wales,2022-10-01,2022,10,com_facil_sold_to,33983,12432,8,Strong
331730,Wales,2022-11-01,2022,11,com_facil_sold_to,39621,12432,11,Extreme
331730,Wales,2022-12-01,2022,12,com_facil_sold_to,27159,12432,6,Strong
331730,Wales,2023-01-01,2023,1,com_facil_sold_to,28653,12432,6,Strong
331730,Wales,2023-03-01,2023,3,fuel_used_gallons,0,4459,5,Strong
331730,Wales,2023-03-01,2023,3,residential_sold_to,41445,16192,6,Strong
331730,Wales,2023-03-01,2023,3,residential_customers,93,40,6,Strong
331730,Wales,2023-04-01,2023,4,com_facil_sold_to,35269,12432,9,Strong
331730,Wales,2023-05-01,2023,5,com_facil_sold_to,40363,12432,11,Extreme
331730,Wales,2023-06-01,2023,6,com_facil_sold_to,29125,12432,7,Strong
331730,Wales,2023-07-01,2023,7,com_facil_sold_to,24356,12432,5,Strong
331730,Wales,2023-08-01,2023,8,com_facil_sold_to,27088,12432,6,Strong
331730,Wales,2023-09-01,2023,9,com_facil_sold_to,34280,12432,9,Strong
331730,Wales,2023-10-01,2023,10,com_facil_sold_to,41267,12432,11,Extreme
331730,Wales,2023-11-01,2023,11,com_facil_sold_to,41492,12432,11,Extreme
331730,Wales,2023-12-01,2023,12,com_facil_sold_to,45279,12432,13,Extreme
331730,Wales,2024-01-01,2024,1,pce_eligible_residential_kwh,29823,13223,9,Strong
331730,Wales,2024-01-01,2024,1,fuel_used_gallons,8575,4459,5,Strong
331730,Wales,2024-01-01,2024,1,diesel_kwh_generated,111401,58220,5,Strong
331730,Wales,2024-01-01,2024,1,com_facil_sold_to,53341,12432,16,Extreme
331730,Wales,2024-02-01,2024,2,powerhouse_consumption_kwh,5707,2310,5,Strong
331730,Wales,2024-02-01,2024,2,com_facil_sold_to,45691,12432,13,Extreme
331730,Wales,2024-03-01,2024,3,fuel_used_gallons,8400,4459,5,Strong
331730,Wales,2024-03-01,2024,3,powerhouse_consumption_kwh,7927,2310,8,Strong
331730,Wales,2024-03-01,2024,3,commercial_sold_to,9614,3875,5,Strong
331730,Wales,2024-03-01,2024,3,com_facil_sold_to,46709,12432,13,Extreme
331730,Wales,2024-04-01,2024,4,com_facil_sold_to,46954,12432,14,Extreme
331730,Wales,2024-05-01,2024,5,com_facil_sold_to,44917,12432,13,Extreme
331730,Wales,2024-10-01,2024,10,commercial_sold_to,9764,3875,5,Strong
331730,Wales,2024-12-01,2024,12,commercial_sold_to,10708,3875,5,Strong
331730,Wales,2025-01-01,2025,1,commercial_sold_to,11658,3875,6,Strong
331730,Wales,2025-02-01,2025,2,commercial_sold_to,10926,3875,6,Strong
331730,Wales,2025-03-01,2025,3,commercial_sold_to,12559,3875,7,Strong
331730,Wales,2025-04-01,2025,4,commercial_sold_to,10533,3875,5,Strong
331730,Wales,2025-08-01,2025,8,commercial_sold_to,11646,3875,6,Strong
331730,Wales,2025-09-01,2025,9,powerhouse_consumption_kwh,6434,2310,6,Strong
331730,Wales,2025-09-01,2025,9,commercial_sold_to,11474,3875,6,Strong
331730,Wales,2025-10-01,2025,10,powerhouse_consumption_kwh,6434,2310,6,Strong
331730,Wales,2025-10-01,2025,10,commercial_sold_to,11474,3875,6,Strong
331730,Wales,2025-11-01,2025,11,fuel_used_gallons,0,4459,5,Strong
331730,Wales,2025-11-01,2025,11,commercial_sold_to,22698,3875,15,Extreme
331730,Wales,2025-12-01,2025,12,fuel_used_gallons,0,4459,5,Strong
331730,Wales,2025-12-01,2025,12,commercial_sold_to,25179,3875,17,Extreme
331730,Wales,2026-01-01,2026,1,fuel_used_gallons,0,4459,5,Strong
331730,Wales,2026-01-01,2026,1,commercial_sold_to,33496,3875,23,Extreme
331730,Wales,2026-02-01,2026,2,fuel_used_gallons,0,4459,5,Strong
331730,Wales,2026-02-01,2026,2,commercial_sold_to,29382,3875,20,Extreme
331730,Wales,2026-03-01,2026,3,fuel_used_gallons,0,4459,5,Strong
331730,Wales,2026-03-01,2026,3,commercial_sold_to,31022,3875,21,Extreme
331230,Whale Pass,2015-12-01,2015,12,peak_consumption_kw,219,100,5,Strong
331230,Whale Pass,2016-01-01,2016,1,peak_consumption_kw,219,100,5,Strong
331230,Whale Pass,2016-02-01,2016,2,peak_consumption_kw,219,100,5,Strong
331230,Whale Pass,2016-03-01,2016,3,peak_consumption_kw,219,100,5,Strong
331230,Whale Pass,2016-04-01,2016,4,peak_consumption_kw,219,100,5,Strong
331230,Whale Pass,2016-05-01,2016,5,peak_consumption_kw,219,100,5,Strong
331230,Whale Pass,2016-06-01,2016,6,peak_consumption_kw,219,100,5,Strong
331230,Whale Pass,2016-07-01,2016,7,peak_consumption_kw,219,100,5,Strong
331230,Whale Pass,2016-08-01,2016,8,peak_consumption_kw,219,100,5,Strong
331230,Whale Pass,2016-09-01,2016,9,peak_consumption_kw,219,100,5,Strong
331230,Whale Pass,2016-10-01,2016,10,peak_consumption_kw,219,100,5,Strong
331230,Whale Pass,2016-11-01,2016,11,peak_consumption_kw,219,100,5,Strong
331230,Whale Pass,2016-12-01,2016,12,peak_consumption_kw,219,100,5,Strong
331230,Whale Pass,2017-01-01,2017,1,peak_consumption_kw,219,100,5,Strong
331230,Whale Pass,2017-02-01,2017,2,peak_consumption_kw,219,100,5,Strong
331230,Whale Pass,2017-03-01,2017,3,peak_consumption_kw,219,100,5,Strong
331230,Whale Pass,2017-04-01,2017,4,peak_consumption_kw,219,100,5,Strong
331230,Whale Pass,2017-05-01,2017,5,peak_consumption_kw,219,100,5,Strong
331230,Whale Pass,2017-06-01,2017,6,peak_consumption_kw,219,100,5,Strong
331230,Whale Pass,2017-07-01,2017,7,peak_consumption_kw,219,100,5,Strong
331230,Whale Pass,2017-08-01,2017,8,peak_consumption_kw,219,100,5,Strong
331230,Whale Pass,2017-09-01,2017,9,peak_consumption_kw,219,100,5,Strong
331230,Whale Pass,2017-10-01,2017,10,peak_consumption_kw,219,100,5,Strong
331230,Whale Pass,2017-11-01,2017,11,peak_consumption_kw,219,100,5,Strong
331230,Whale Pass,2017-12-01,2017,12,peak_consumption_kw,219,100,5,Strong
331230,Whale Pass,2018-01-01,2018,1,peak_consumption_kw,219,100,5,Strong
331230,Whale Pass,2018-02-01,2018,2,peak_consumption_kw,219,100,5,Strong
331230,Whale Pass,2018-03-01,2018,3,peak_consumption_kw,219,100,5,Strong
331230,Whale Pass,2023-02-01,2023,2,pce_eligible_community_kwh,1709,539,6,Strong
331230,Whale Pass,2023-02-01,2023,2,com_facil_sold_to,1709,539,6,Strong
331230,Whale Pass,2023-03-01,2023,3,pce_eligible_community_kwh,1689,539,6,Strong
331230,Whale Pass,2023-03-01,2023,3,com_facil_sold_to,1689,539,6,Strong
331230,Whale Pass,2024-03-01,2024,3,pce_eligible_community_kwh,1569,539,5,Strong
331230,Whale Pass,2024-03-01,2024,3,com_facil_sold_to,1569,539,5,Strong
331230,Whale Pass,2024-04-01,2024,4,pce_eligible_community_kwh,1843,539,7,Strong
331230,Whale Pass,2024-04-01,2024,4,com_facil_sold_to,1843,539,7,Strong
331230,Whale Pass,2024-05-01,2024,5,pce_eligible_community_kwh,1641,539,6,Strong
331230,Whale Pass,2024-05-01,2024,5,com_facil_sold_to,1641,539,6,Strong
331230,Whale Pass,2025-01-01,2025,1,pce_eligible_community_kwh,1803,539,6,Strong
331230,Whale Pass,2025-01-01,2025,1,com_facil_sold_to,1803,539,6,Strong
331230,Whale Pass,2025-02-01,2025,2,pce_eligible_community_kwh,1841,539,7,Strong
331230,Whale Pass,2025-02-01,2025,2,com_facil_sold_to,1841,539,7,Strong
332890,White Mountain,2021-01-01,2021,1,com_facil_sold_to,18046,9411.5,5,Strong
332890,White Mountain,2025-12-01,2025,12,govt_facil_sold_to,7459,1336,9,Strong
332900,Yakutat,2016-10-01,2016,10,peak_consumption_kw,2101,1169,6,Strong
332900,Yakutat,2024-01-01,2024,1,pce_eligible_residential_kwh,11562,91951,8,Strong
332900,Yakutat,2024-01-01,2024,1,pce_eligible_community_kwh,4285,33642.5,5,Strong
332900,Yakutat,2025-11-01,2025,11,fuel_used_gallons,0,34238,7,Strong
332900,Yakutat,2025-12-01,2025,12,fuel_used_gallons,0,34238,7,Strong
332900,Yakutat,2026-01-01,2026,1,fuel_used_gallons,0,34238,7,Strong
332900,Yakutat,2026-02-01,2026,2,fuel_used_gallons,0,34238,7,Strong
332900,Yakutat,2026-03-01,2026,3,fuel_used_gallons,0,34238,7,Strong
332900,Yakutat,2026-03-01,2026,3,govt_facil_sold_to,120924,64628,5,Strong
