id,identifier,project_code,sales_reporting_name,date,calendar_year,calendar_month,column,raw_value,source,carry_forward,annual_average,avg_preceding_proceeding,avg_same_month_other_years,manual_override,decision,comment,cleaned_during_energy_statistics
"A3310050127225003_peak_consumption_kw","A3310050127225003","331005","Adak","2026-07-01","2026","7","peak_consumption_kw","0","outlier_check","150","176","150","241","","avg_preceding_proceeding","","FALSE"
"A3310050526225003_peak_consumption_kw","A3310050526225003","331005","Adak","2025-11-01","2025","11","peak_consumption_kw","0","outlier_check","180","218","185","256","","avg_preceding_proceeding","","FALSE"
"A3310100123225003_diesel_kwh_generated","A3310100123225003","331010","Akhiok","2022-07-01","2022","7","diesel_kwh_generated","20200","quality_check","22001","23620","21894","23028","","avg_same_month_other_years","","FALSE"
"A3310100123225003_fuel_cost","A3310100123225003","331010","Akhiok","2022-07-01","2022","7","fuel_cost","0","outlier_check","7673.85","9387","8544","8165","","avg_preceding_proceeding","","FALSE"
"A3310100123225003_fuel_used_gallons","A3310100123225003","331010","Akhiok","2022-07-01","2022","7","fuel_used_gallons","0","outlier_check","2250","2692","2505","2364","","avg_same_month_other_years","","FALSE"
"A3310100222225003_pce_eligible_residential_kwh","A3310100222225003","331010","Akhiok","2021-08-01","2021","8","pce_eligible_residential_kwh","621","outlier_check","5033","6008","5866","7394","","avg_same_month_other_years","","FALSE"
"A3310100226225003_diesel_kwh_generated","A3310100226225003","331010","Akhiok","2025-08-01","2025","8","diesel_kwh_generated","0","outlier_check","23081","25818","28375","21809","","avg_same_month_other_years","","FALSE"
"A3310100226225003_fuel_cost","A3310100226225003","331010","Akhiok","2025-08-01","2025","8","fuel_cost","0","outlier_check","9413.26","9471","9413","8429","","avg_same_month_other_years","","FALSE"
"A3310100226225003_fuel_used_gallons","A3310100226225003","331010","Akhiok","2025-08-01","2025","8","fuel_used_gallons","0","outlier_check","2760","2777","2760","2441","","avg_same_month_other_years","","TRUE"
"A3310100524225003_diesel_kwh_generated","A3310100524225003","331010","Akhiok","2023-11-01","2023","11","diesel_kwh_generated","24002","quality_check","24669","24403","24669","24954","","avg_same_month_other_years","","FALSE"
"A3310100524225003_fuel_cost","A3310100524225003","331010","Akhiok","2023-11-01","2023","11","fuel_cost","0","outlier_check","9413.26","9413","9413","10000","","avg_same_month_other_years","","FALSE"
"A3310100524225003_fuel_used_gallons","A3310100524225003","331010","Akhiok","2023-11-01","2023","11","fuel_used_gallons","0","outlier_check","2760","2760","2760","2622","","avg_same_month_other_years","","FALSE"
"A3310100724225003_powerhouse_consumption_kwh","A3310100724225003","331010","Akhiok","2024-01-01","2024","1","powerhouse_consumption_kwh","3852","outlier_check","","1481","2160","769","","avg_preceding_proceeding","","FALSE"
"A3310100821225003_diesel_kwh_generated","A3310100821225003","331010","Akhiok","2021-02-01","2021","2","diesel_kwh_generated","20233","quality_check","20348","24236","20595","24985","","avg_same_month_other_years","","FALSE"
"A3310100821225003_fuel_cost","A3310100821225003","331010","Akhiok","2021-02-01","2021","2","fuel_cost","0","outlier_check","8580.39","8470","12876","9729","","avg_same_month_other_years","","FALSE"
"A3310100821225003_fuel_used_gallons","A3310100821225003","331010","Akhiok","2021-02-01","2021","2","fuel_used_gallons","0","outlier_check","2235","2183","2235","2591","","avg_same_month_other_years","","FALSE"
"A3310100922225003_powerhouse_consumption_kwh","A3310100922225003","331010","Akhiok","2022-03-01","2022","3","powerhouse_consumption_kwh","3787","outlier_check","","842","869","880","","avg_preceding_proceeding","","FALSE"
"A3310101224225003_diesel_kwh_generated","A3310101224225003","331010","Akhiok","2024-06-01","2024","6","diesel_kwh_generated","18136","quality_check","33999","29050","38157","22598","","avg_same_month_other_years","","FALSE"
"A3310101224225003_fuel_cost","A3310101224225003","331010","Akhiok","2024-06-01","2024","6","fuel_cost","0","outlier_check","9413.26","9552","9413","9343","","avg_same_month_other_years","","FALSE"
"A3310101224225003_fuel_used_gallons","A3310101224225003","331010","Akhiok","2024-06-01","2024","6","fuel_used_gallons","0","outlier_check","2760","2801","2760","2369","","avg_same_month_other_years","","FALSE"
"A3310200123225003_peak_consumption_kw","A3310200123225003","331020","Akiachak","2022-07-01","2022","7","peak_consumption_kw","0","outlier_check","","449","420","357","","avg_same_month_other_years","","FALSE"
"A3310200320225003_diesel_kwh_generated","A3310200320225003","331020","Akiachak","2019-09-01","2019","9","diesel_kwh_generated","0","outlier_check","149198","157619","154616","159011","","avg_same_month_other_years","","FALSE"
"A3310200524225003_fuel_cost","A3310200524225003","331020","Akiachak","2023-11-01","2023","11","fuel_cost","85175.41","outlier_check","64889.23","54083","64889","45033","","raw_value","","FALSE"
"A3310200624225003_fuel_cost","A3310200624225003","331020","Akiachak","2023-12-01","2023","12","fuel_cost","79589.86","outlier_check","","54083","70672","46762","","raw_value","","FALSE"
"A3310201122225003_diesel_kwh_generated","A3310201122225003","331020","Akiachak","2022-05-01","2022","5","diesel_kwh_generated","0","outlier_check","199654","180599","199654","147810","","avg_same_month_other_years","","FALSE"
"A3310201122225003_peak_consumption_kw","A3310201122225003","331020","Akiachak","2022-05-01","2022","5","peak_consumption_kw","0","outlier_check","383","449","383","398","","avg_same_month_other_years","","FALSE"
"A3310201222225003_diesel_kwh_generated","A3310201222225003","331020","Akiachak","2022-06-01","2022","6","diesel_kwh_generated","0","outlier_check","","180599","128521","126902","","avg_same_month_other_years","","FALSE"
"A3310201222225003_peak_consumption_kw","A3310201222225003","331020","Akiachak","2022-06-01","2022","6","peak_consumption_kw","0","outlier_check","","449","","368","","avg_same_month_other_years","","FALSE"
"A3310300123225003_powerhouse_consumption_kwh","A3310300123225003","331030","Akiak","2022-07-01","2022","7","powerhouse_consumption_kwh","0","outlier_check","","","","3050","","avg_same_month_other_years","","FALSE"
"A3310300124225003_powerhouse_consumption_kwh","A3310300124225003","331030","Akiak","2023-07-01","2023","7","powerhouse_consumption_kwh","0","outlier_check","","","","3050","","avg_same_month_other_years","","FALSE"
"A3310300126225003_amount","A3310300126225003","331030","Akiak","2025-07-01","2025","7","amount","28297.55","outlier_check","","17184","","7222","","raw_value","","FALSE"
"A3310300126225003_fuel_cost","A3310300126225003","331030","Akiak","2025-07-01","2025","7","fuel_cost","143298","outlier_check","","62168","66130","22848","","raw_value","","FALSE"
"A3310300126225003_pce_eligible_community_kwh","A3310300126225003","331030","Akiak","2025-07-01","2025","7","pce_eligible_community_kwh","15876","outlier_check","","","","1413","","raw_value","","FALSE"
"A3310300126225003_pce_eligible_residential_kwh","A3310300126225003","331030","Akiak","2025-07-01","2025","7","pce_eligible_residential_kwh","50519","outlier_check","","35554","27959","26988","","raw_value","","FALSE"
"A3310300223225003_diesel_kwh_generated","A3310300223225003","331030","Akiak","2022-08-01","2022","8","diesel_kwh_generated","314056","outlier_check","122632","102944","108514","101280","","avg_same_month_other_years","","FALSE"
"A3310300223225003_fuel_used_gallons","A3310300223225003","331030","Akiak","2022-08-01","2022","8","fuel_used_gallons","7169","quality_check","4537","9010","6400","7212","","raw_value","","FALSE"
"A3310300223225003_powerhouse_consumption_kwh","A3310300223225003","331030","Akiak","2022-08-01","2022","8","powerhouse_consumption_kwh","0","outlier_check","","","","2725","","avg_same_month_other_years","","FALSE"
"A3310300224225003_amount","A3310300224225003","331030","Akiak","2023-08-01","2023","8","amount","19035.54","outlier_check","12526.93","11601","10288","7752","","raw_value","","FALSE"
"A3310300224225003_fuel_cost","A3310300224225003","331030","Akiak","2023-08-01","2023","8","fuel_cost","100415.93","outlier_check","33316.5","44498","37017","28618","","raw_value","","FALSE"
"A3310300224225003_pce_eligible_residential_kwh","A3310300224225003","331030","Akiak","2023-08-01","2023","8","pce_eligible_residential_kwh","54686","outlier_check","36762","33204","29930","30440","","raw_value","","FALSE"
"A3310300224225003_powerhouse_consumption_kwh","A3310300224225003","331030","Akiak","2023-08-01","2023","8","powerhouse_consumption_kwh","0","outlier_check","","","","2725","","avg_same_month_other_years","","FALSE"
"A3310300225225003_amount","A3310300225225003","331030","Akiak","2024-08-01","2024","8","amount","18548.75","outlier_check","","14608","13600","7752","","raw_value","","FALSE"
"A3310300225225003_fuel_cost","A3310300225225003","331030","Akiak","2024-08-01","2024","8","fuel_cost","123397.69","outlier_check","","47973","32119","28618","","raw_value","","FALSE"
"A3310300225225003_pce_eligible_residential_kwh","A3310300225225003","331030","Akiak","2024-08-01","2024","8","pce_eligible_residential_kwh","51632","outlier_check","","37206","39186","30440","","raw_value","","FALSE"
"A3310300226225003_amount","A3310300226225003","331030","Akiak","2025-08-01","2025","8","amount","19904.82","outlier_check","","17184","","7752","","raw_value","","FALSE"
"A3310300226225003_pce_eligible_community_kwh","A3310300226225003","331030","Akiak","2025-08-01","2025","8","pce_eligible_community_kwh","18744","outlier_check","","","","2488","","raw_value","","FALSE"
"A3310300323225003_powerhouse_consumption_kwh","A3310300323225003","331030","Akiak","2022-09-01","2022","9","powerhouse_consumption_kwh","0","outlier_check","","","","2610","","avg_same_month_other_years","","FALSE"
"A3310300324225003_powerhouse_consumption_kwh","A3310300324225003","331030","Akiak","2023-09-01","2023","9","powerhouse_consumption_kwh","0","outlier_check","","","","2610","","avg_same_month_other_years","","FALSE"
"A3310300423225003_powerhouse_consumption_kwh","A3310300423225003","331030","Akiak","2022-10-01","2022","10","powerhouse_consumption_kwh","0","outlier_check","","","","2653","","avg_same_month_other_years","","FALSE"
"A3310300521225003_diesel_kwh_generated","A3310300521225003","331030","Akiak","2020-11-01","2020","11","diesel_kwh_generated","0","outlier_check","108495","99752","104335","116848","","avg_same_month_other_years","","FALSE"
"A3310300521225003_powerhouse_consumption_kwh","A3310300521225003","331030","Akiak","2020-11-01","2020","11","powerhouse_consumption_kwh","0","outlier_check","2744","2710","2990","2626","","avg_preceding_proceeding","","FALSE"
"A3310300523225003_powerhouse_consumption_kwh","A3310300523225003","331030","Akiak","2022-11-01","2022","11","powerhouse_consumption_kwh","0","outlier_check","","","","2626","","avg_same_month_other_years","","FALSE"
"A3310300525225003_fuel_cost","A3310300525225003","331030","Akiak","2024-11-01","2024","11","fuel_cost","75525","outlier_check","68742","47973","68742","34086","","raw_value","","FALSE"
"A3310300525225003_pce_eligible_community_kwh","A3310300525225003","331030","Akiak","2024-11-01","2024","11","pce_eligible_community_kwh","12370","outlier_check","843","2680","843","3114","","raw_value","","FALSE"
"A3310300526225003_amount","A3310300526225003","331030","Akiak","2025-11-01","2025","11","amount","20335.28","outlier_check","","17184","","10685","","raw_value","","FALSE"
"A3310300526225003_fuel_cost","A3310300526225003","331030","Akiak","2025-11-01","2025","11","fuel_cost","116090","outlier_check","","62168","","34086","","raw_value","","FALSE"
"A3310300526225003_pce_eligible_community_kwh","A3310300526225003","331030","Akiak","2025-11-01","2025","11","pce_eligible_community_kwh","11293","outlier_check","","","","3114","","raw_value","","FALSE"
"A3310300620225003_diesel_kwh_generated","A3310300620225003","331030","Akiak","2019-12-01","2019","12","diesel_kwh_generated","147574","quality_check","107670","97895","102502","103444","","avg_same_month_other_years","","FALSE"
"A3310300620225003_fuel_used_gallons","A3310300620225003","331030","Akiak","2019-12-01","2019","12","fuel_used_gallons","0","outlier_check","8311","7696","9008","8675","","avg_preceding_proceeding","","FALSE"
"A3310300623225003_powerhouse_consumption_kwh","A3310300623225003","331030","Akiak","2022-12-01","2022","12","powerhouse_consumption_kwh","0","outlier_check","","","","2680","","avg_same_month_other_years","","FALSE"
"A3310300625225003_amount","A3310300625225003","331030","Akiak","2024-12-01","2024","12","amount","18652.3","outlier_check","16671.29","14608","16671","9498","","raw_value","","FALSE"
"A3310300625225003_fuel_cost","A3310300625225003","331030","Akiak","2024-12-01","2024","12","fuel_cost","78394","outlier_check","","47973","","25716","","raw_value","","FALSE"
"A3310300625225003_pce_eligible_community_kwh","A3310300625225003","331030","Akiak","2024-12-01","2024","12","pce_eligible_community_kwh","14446","outlier_check","","2680","","2848","","raw_value","","FALSE"
"A3310300723225003_powerhouse_consumption_kwh","A3310300723225003","331030","Akiak","2023-01-01","2023","1","powerhouse_consumption_kwh","0","outlier_check","","","","2550","","avg_same_month_other_years","","FALSE"
"A3310300725225003_amount","A3310300725225003","331030","Akiak","2025-01-01","2025","1","amount","23196.72","outlier_check","","17184","16597","9719","","raw_value","","FALSE"
"A3310300725225003_fuel_cost","A3310300725225003","331030","Akiak","2025-01-01","2025","1","fuel_cost","79762","outlier_check","","62168","","34010","","raw_value","","FALSE"
"A3310300725225003_pce_eligible_community_kwh","A3310300725225003","331030","Akiak","2025-01-01","2025","1","pce_eligible_community_kwh","20343","outlier_check","","","","3056","","raw_value","","FALSE"
"A3310300726225003_amount","A3310300726225003","331030","Akiak","2026-01-01","2026","1","amount","37101.56","outlier_check","","15809","","9719","","raw_value","","FALSE"
"A3310300726225003_fuel_cost","A3310300726225003","331030","Akiak","2026-01-01","2026","1","fuel_cost","162535.5","outlier_check","","68258","64134","34010","","raw_value","","FALSE"
"A3310300726225003_pce_eligible_community_kwh","A3310300726225003","331030","Akiak","2026-01-01","2026","1","pce_eligible_community_kwh","35039","outlier_check","","3633","","3056","","raw_value","","FALSE"
"A3310300726225003_pce_eligible_residential_kwh","A3310300726225003","331030","Akiak","2026-01-01","2026","1","pce_eligible_residential_kwh","52013","outlier_check","","34886","49374","34912","","raw_value","","FALSE"
"A3310300819225003_diesel_kwh_generated","A3310300819225003","331030","Akiak","2019-02-01","2019","2","diesel_kwh_generated","0","outlier_check","117042","97895","114581","98484","","avg_same_month_other_years","","FALSE"
"A3310300819225003_powerhouse_consumption_kwh","A3310300819225003","331030","Akiak","2019-02-01","2019","2","powerhouse_consumption_kwh","0","outlier_check","2562","2679","2556","2425","","avg_preceding_proceeding","","FALSE"
"A3310300823225003_powerhouse_consumption_kwh","A3310300823225003","331030","Akiak","2023-02-01","2023","2","powerhouse_consumption_kwh","0","outlier_check","","","","2425","","avg_same_month_other_years","","FALSE"
"A3310300825225003_fuel_cost","A3310300825225003","331030","Akiak","2025-02-01","2025","2","fuel_cost","73349.5","outlier_check","","62168","","37376","","raw_value","","FALSE"
"A3310300825225003_pce_eligible_community_kwh","A3310300825225003","331030","Akiak","2025-02-01","2025","2","pce_eligible_community_kwh","8915","outlier_check","","","","2634","","raw_value","","FALSE"
"A3310300826225003_amount","A3310300826225003","331030","Akiak","2026-02-01","2026","2","amount","33798.51","outlier_check","","15809","18069","8831","","raw_value","","FALSE"
"A3310300826225003_pce_eligible_community_kwh","A3310300826225003","331030","Akiak","2026-02-01","2026","2","pce_eligible_community_kwh","29928","outlier_check","","3633","","2634","","raw_value","","FALSE"
"A3310300924225003_amount","A3310300924225003","331030","Akiak","2024-03-01","2024","3","amount","25015.59","outlier_check","","14608","","9267","","raw_value","","FALSE"
"A3310300924225003_diesel_kwh_generated","A3310300924225003","331030","Akiak","2024-03-01","2024","3","diesel_kwh_generated","799823","outlier_check","","101460","","112011","","avg_same_month_other_years","","FALSE"
"A3310300924225003_fuel_used_gallons","A3310300924225003","331030","Akiak","2024-03-01","2024","3","fuel_used_gallons","8923","quality_check","","7524","","8668","","raw_value","","FALSE"
"A3310300924225003_pce_eligible_community_kwh","A3310300924225003","331030","Akiak","2024-03-01","2024","3","pce_eligible_community_kwh","14927","outlier_check","","2680","","3056","","raw_value","","FALSE"
"A3310300924225003_pce_eligible_residential_kwh","A3310300924225003","331030","Akiak","2024-03-01","2024","3","pce_eligible_residential_kwh","62686","outlier_check","","37206","","30038","","raw_value","","FALSE"
"A3310300924225003_powerhouse_consumption_kwh","A3310300924225003","331030","Akiak","2024-03-01","2024","3","powerhouse_consumption_kwh","0","outlier_check","","2536","","2577","","avg_same_month_other_years","","FALSE"
"A3310300925225003_amount","A3310300925225003","331030","Akiak","2025-03-01","2025","3","amount","25128.99","outlier_check","16597.35","17184","17184","9267","","raw_value","","FALSE"
"A3310300925225003_fuel_cost","A3310300925225003","331030","Akiak","2025-03-01","2025","3","fuel_cost","83847","outlier_check","","62168","58206","29680","","raw_value","","FALSE"
"A3310300925225003_pce_eligible_community_kwh","A3310300925225003","331030","Akiak","2025-03-01","2025","3","pce_eligible_community_kwh","19939","outlier_check","","","","3056","","raw_value","","FALSE"
"A3310300926225003_fuel_cost","A3310300926225003","331030","Akiak","2026-03-01","2026","3","fuel_cost","87219.5","outlier_check","64134.5","68258","66818","29680","","raw_value","","FALSE"
"A3310300926225003_pce_eligible_community_kwh","A3310300926225003","331030","Akiak","2026-03-01","2026","3","pce_eligible_community_kwh","9972","outlier_check","","3633","3633","3056","","raw_value","","FALSE"
"A3310301018225003_pce_eligible_community_kwh","A3310301018225003","331030","Akiak","2018-04-01","2018","4","pce_eligible_community_kwh","13983","outlier_check","3502","2388","3502","2978","","avg_same_month_other_years","","FALSE"
"A3310301025225003_pce_eligible_community_kwh","A3310301025225003","331030","Akiak","2025-04-01","2025","4","pce_eligible_community_kwh","11077","outlier_check","","","","2978","","raw_value","","FALSE"
"A3310301118225003_pce_eligible_community_kwh","A3310301118225003","331030","Akiak","2018-05-01","2018","5","pce_eligible_community_kwh","11698","outlier_check","","2388","2069","2762","","avg_same_month_other_years","","FALSE"
"A3310301119225003_diesel_kwh_generated","A3310301119225003","331030","Akiak","2019-05-01","2019","5","diesel_kwh_generated","0","outlier_check","103661","97895","90170","89281","","avg_same_month_other_years","","FALSE"
"A3310301119225003_powerhouse_consumption_kwh","A3310301119225003","331030","Akiak","2019-05-01","2019","5","powerhouse_consumption_kwh","0","outlier_check","2515","2679","2644","2566","","avg_preceding_proceeding","","FALSE"
"A3310301125225003_amount","A3310301125225003","331030","Akiak","2025-05-01","2025","5","amount","20852.87","outlier_check","17771.36","17184","17771","8603","","raw_value","","FALSE"
"A3310301125225003_fuel_cost","A3310301125225003","331030","Akiak","2025-05-01","2025","5","fuel_cost","97403.5","outlier_check","58206.5","62168","58206","30133","","raw_value","","FALSE"
"A3310301125225003_pce_eligible_community_kwh","A3310301125225003","331030","Akiak","2025-05-01","2025","5","pce_eligible_community_kwh","11443","outlier_check","","","","2762","","raw_value","","FALSE"
"A3310301126225003_pce_eligible_community_kwh","A3310301126225003","331030","Akiak","2026-05-01","2026","5","pce_eligible_community_kwh","19389","outlier_check","3633","3633","3633","2762","","raw_value","","FALSE"
"A3310600124225003_pce_eligible_community_kwh","A3310600124225003","331060","Bettles, Evansville","2023-07-01","2023","7","pce_eligible_community_kwh","2380","outlier_check","","","","1436","","raw_value","","FALSE"
"A3310600220225003_peak_consumption_kw","A3310600220225003","331060","Bettles, Evansville","2019-08-01","2019","8","peak_consumption_kw","0","outlier_check","104","105","102","99","","avg_same_month_other_years","","FALSE"
"A3310600224225003_pce_eligible_community_kwh","A3310600224225003","331060","Bettles, Evansville","2023-08-01","2023","8","pce_eligible_community_kwh","2380","outlier_check","","","","1431","","raw_value","","FALSE"
"A3310600323225003_pce_eligible_community_kwh","A3310600323225003","331060","Bettles, Evansville","2022-09-01","2022","9","pce_eligible_community_kwh","1876","outlier_check","1676","1422","1676","1400","","raw_value","","FALSE"
"A3310600324225003_pce_eligible_community_kwh","A3310600324225003","331060","Bettles, Evansville","2023-09-01","2023","9","pce_eligible_community_kwh","2380","outlier_check","","","","1400","","raw_value","","FALSE"
"A3310600420225003_amount","A3310600420225003","331060","Bettles, Evansville","2019-10-01","2019","10","amount","7595.57","outlier_check","3530.64","2916","3580","3506","","avg_preceding_proceeding","","FALSE"
"A3310600423225003_pce_eligible_community_kwh","A3310600423225003","331060","Bettles, Evansville","2022-10-01","2022","10","pce_eligible_community_kwh","2112","outlier_check","","1422","","1400","","raw_value","","FALSE"
"A3310600424225003_pce_eligible_community_kwh","A3310600424225003","331060","Bettles, Evansville","2023-10-01","2023","10","pce_eligible_community_kwh","2380","outlier_check","","","","1400","","raw_value","","FALSE"
"A3310600523225003_pce_eligible_community_kwh","A3310600523225003","331060","Bettles, Evansville","2022-11-01","2022","11","pce_eligible_community_kwh","2380","outlier_check","","1422","","1408","","raw_value","","FALSE"
"A3310600524225003_pce_eligible_community_kwh","A3310600524225003","331060","Bettles, Evansville","2023-11-01","2023","11","pce_eligible_community_kwh","2380","outlier_check","","","","1408","","raw_value","","FALSE"
"A3310600623225003_pce_eligible_community_kwh","A3310600623225003","331060","Bettles, Evansville","2022-12-01","2022","12","pce_eligible_community_kwh","2380","outlier_check","","1422","","1408","","raw_value","","FALSE"
"A3310600624225003_pce_eligible_community_kwh","A3310600624225003","331060","Bettles, Evansville","2023-12-01","2023","12","pce_eligible_community_kwh","2380","outlier_check","","","","1408","","raw_value","","FALSE"
"A3310600723225003_pce_eligible_community_kwh","A3310600723225003","331060","Bettles, Evansville","2023-01-01","2023","1","pce_eligible_community_kwh","2380","outlier_check","","","","1408","","raw_value","","FALSE"
"A3310600724225003_pce_eligible_community_kwh","A3310600724225003","331060","Bettles, Evansville","2024-01-01","2024","1","pce_eligible_community_kwh","2380","outlier_check","","1820","","1408","","raw_value","","FALSE"
"A3310600823225003_pce_eligible_community_kwh","A3310600823225003","331060","Bettles, Evansville","2023-02-01","2023","2","pce_eligible_community_kwh","2380","outlier_check","","","","1408","","raw_value","","FALSE"
"A3310600824225003_pce_eligible_community_kwh","A3310600824225003","331060","Bettles, Evansville","2024-02-01","2024","2","pce_eligible_community_kwh","2380","outlier_check","","1820","","1408","","raw_value","","FALSE"
"A3310600923225003_pce_eligible_community_kwh","A3310600923225003","331060","Bettles, Evansville","2023-03-01","2023","3","pce_eligible_community_kwh","2380","outlier_check","","","","1408","","raw_value","","FALSE"
"A3310600924225003_pce_eligible_community_kwh","A3310600924225003","331060","Bettles, Evansville","2024-03-01","2024","3","pce_eligible_community_kwh","2380","outlier_check","","1820","","1408","","raw_value","","FALSE"
"A3310601023225003_pce_eligible_community_kwh","A3310601023225003","331060","Bettles, Evansville","2023-04-01","2023","4","pce_eligible_community_kwh","2380","outlier_check","","","","1408","","raw_value","","FALSE"
"A3310601024225003_pce_eligible_community_kwh","A3310601024225003","331060","Bettles, Evansville","2024-04-01","2024","4","pce_eligible_community_kwh","2380","outlier_check","","1820","","1408","","raw_value","","FALSE"
"A3310601123225003_pce_eligible_community_kwh","A3310601123225003","331060","Bettles, Evansville","2023-05-01","2023","5","pce_eligible_community_kwh","2380","outlier_check","","","","1408","","raw_value","","FALSE"
"A3310601124225003_pce_eligible_community_kwh","A3310601124225003","331060","Bettles, Evansville","2024-05-01","2024","5","pce_eligible_community_kwh","2380","outlier_check","","1820","","1408","","raw_value","","FALSE"
"A3310601223225003_pce_eligible_community_kwh","A3310601223225003","331060","Bettles, Evansville","2023-06-01","2023","6","pce_eligible_community_kwh","2380","outlier_check","","","","1408","","raw_value","","FALSE"
"A3310601224225003_pce_eligible_community_kwh","A3310601224225003","331060","Bettles, Evansville","2024-06-01","2024","6","pce_eligible_community_kwh","2296","outlier_check","","1820","1820","1408","","raw_value","","FALSE"
"A3310700117225003_powerhouse_consumption_kwh","A3310700117225003","331070","Chistochina","2016-07-01","2016","7","powerhouse_consumption_kwh","0","outlier_check","","202","175","121","","avg_preceding_proceeding","","FALSE"
"A3310700516225003_diesel_kwh_generated","A3310700516225003","331070","Chistochina","2015-11-01","2015","11","diesel_kwh_generated","28200","outlier_check","","0","","0","","raw_value","","FALSE"
"A3310700616225003_diesel_kwh_generated","A3310700616225003","331070","Chistochina","2015-12-01","2015","12","diesel_kwh_generated","31740","outlier_check","","0","","0","","raw_value","","FALSE"
"A3310700716225003_diesel_kwh_generated","A3310700716225003","331070","Chistochina","2016-01-01","2016","1","diesel_kwh_generated","33420","outlier_check","","807","8880","0","","raw_value","","FALSE"
"A3310800623225003_powerhouse_consumption_kwh","A3310800623225003","331080","Coffman Cove","2022-12-01","2022","12","powerhouse_consumption_kwh","0","outlier_check","4236","3629","4326","4174","","avg_preceding_proceeding","","FALSE"
"A3310800824225003_amount","A3310800824225003","331080","Coffman Cove","2024-02-01","2024","2","amount","8822.48","outlier_check","4866.52","3961","4867","1303","","raw_value","","FALSE"
"A3310800825225003_amount","A3310800825225003","331080","Coffman Cove","2025-02-01","2025","2","amount","8369.7","outlier_check","3653.05","5927","5449","1303","","raw_value","","FALSE"
"A3310800924225003_amount","A3310800924225003","331080","Coffman Cove","2024-03-01","2024","3","amount","8456.31","outlier_check","","3961","","1855","","raw_value","","FALSE"
"A3310801024225003_amount","A3310801024225003","331080","Coffman Cove","2024-04-01","2024","4","amount","8126.22","outlier_check","","3961","7504","2421","","raw_value","","FALSE"
"A3310801125225003_amount","A3310801125225003","331080","Coffman Cove","2025-05-01","2025","5","amount","7779.06","outlier_check","7522.67","5927","7196","2344","","raw_value","","FALSE"
"A3310900116225003_fuel_cost","A3310900116225003","331090","Craig","2015-07-01","2015","7","fuel_cost","145515.72","outlier_check","","11748","","12081","","raw_value","","FALSE"
"A3310900121225003_diesel_kwh_generated","A3310900121225003","331090","Craig","2020-07-01","2020","7","diesel_kwh_generated","300698","quality_check","1024","90259","1386","70536","","raw_value","","FALSE"
"A3310900121225003_fuel_used_gallons","A3310900121225003","331090","Craig","2020-07-01","2020","7","fuel_used_gallons","783","quality_check","144","6638","116","4440","","raw_value","","FALSE"
"A3310900122225003_diesel_kwh_generated","A3310900122225003","331090","Craig","2021-07-01","2021","7","diesel_kwh_generated","447","quality_check","42229","115235","42229","70536","","raw_value","","FALSE"
"A3310900125225003_fuel_cost","A3310900125225003","331090","Craig","2024-07-01","2024","7","fuel_cost","185668.68","outlier_check","17414.29","40002","17414","12081","","raw_value","","FALSE"
"A3310900216225003_fuel_cost","A3310900216225003","331090","Craig","2015-08-01","2015","8","fuel_cost","179014","outlier_check","","11748","","22369","","raw_value","","FALSE"
"A3310900219225003_fuel_cost","A3310900219225003","331090","Craig","2018-08-01","2018","8","fuel_cost","169349.92","outlier_check","4715","33881","44505","22369","","raw_value","","FALSE"
"A3310900220225003_fuel_cost","A3310900220225003","331090","Craig","2019-08-01","2019","8","fuel_cost","249928.39","outlier_check","42793.14","30666","58486","22369","","raw_value","","FALSE"
"A3310900222225003_diesel_kwh_generated","A3310900222225003","331090","Craig","2021-08-01","2021","8","diesel_kwh_generated","3344","quality_check","","115235","9970","157840","","raw_value","","FALSE"
"A3310900222225003_fuel_used_gallons","A3310900222225003","331090","Craig","2021-08-01","2021","8","fuel_used_gallons","51","quality_check","0","7938","382","10962","","raw_value","","FALSE"
"A3310900223225003_fuel_cost","A3310900223225003","331090","Craig","2022-08-01","2022","8","fuel_cost","197484.54","outlier_check","5958.48","23475","20667","22369","","raw_value","","FALSE"
"A3310900224225003_fuel_cost","A3310900224225003","331090","Craig","2023-08-01","2023","8","fuel_cost","339500.22","outlier_check","46326.26","15248","30190","22369","","raw_value","","FALSE"
"A3310900225225003_fuel_cost","A3310900225225003","331090","Craig","2024-08-01","2024","8","fuel_cost","454920.28","outlier_check","","40002","","22369","","raw_value","","FALSE"
"A3310900325225003_fuel_cost","A3310900325225003","331090","Craig","2024-09-01","2024","9","fuel_cost","151079.6","outlier_check","","40002","8150","27378","","raw_value","","FALSE"
"A3310900423225003_diesel_kwh_generated","A3310900423225003","331090","Craig","2022-10-01","2022","10","diesel_kwh_generated","37","quality_check","115889","103429","60840","119259","","raw_value","","FALSE"
"A3310900423225003_fuel_used_gallons","A3310900423225003","331090","Craig","2022-10-01","2022","10","fuel_used_gallons","40","quality_check","8692","8154","4657","8845","","raw_value","","FALSE"
"A3310900624225003_fuel_cost","A3310900624225003","331090","Craig","2023-12-01","2023","12","fuel_cost","136454.4","outlier_check","21189.6","15248","47043","29062","","raw_value","","FALSE"
"A3310900818225003_fuel_cost","A3310900818225003","331090","Craig","2018-02-01","2018","2","fuel_cost","154320","outlier_check","23587.6","33881","23588","28676","","raw_value","","FALSE"
"A3310900822225003_diesel_kwh_generated","A3310900822225003","331090","Craig","2022-02-01","2022","2","diesel_kwh_generated","243","quality_check","538650","103429","270523","103083","","raw_value","","FALSE"
"A3310900822225003_fuel_used_gallons","A3310900822225003","331090","Craig","2022-02-01","2022","2","fuel_used_gallons","379","quality_check","41005","8154","20596","10825","","raw_value","","FALSE"
"A3310900825225003_diesel_kwh_generated","A3310900825225003","331090","Craig","2025-02-01","2025","2","diesel_kwh_generated","561899","outlier_check","20433","111511","26206","103083","","raw_value","","FALSE"
"A3310900917225003_fuel_cost","A3310900917225003","331090","Craig","2017-03-01","2017","3","fuel_cost","154982","outlier_check","32338","21142","32338","31046","","raw_value","","FALSE"
"A3310900918225003_fuel_cost","A3310900918225003","331090","Craig","2018-03-01","2018","3","fuel_cost","224815.2","outlier_check","","33881","","31046","","raw_value","","FALSE"
"A3310900919225003_fuel_cost","A3310900919225003","331090","Craig","2019-03-01","2019","3","fuel_cost","185613","outlier_check","30327","30666","30327","31046","","raw_value","","FALSE"
"A3310900923225003_fuel_cost","A3310900923225003","331090","Craig","2023-03-01","2023","3","fuel_cost","274452","outlier_check","5601.86","15248","5602","31046","","raw_value","","FALSE"
"A3310901017225003_fuel_cost","A3310901017225003","331090","Craig","2017-04-01","2017","4","fuel_cost","136627.68","outlier_check","","21142","8372","33544","","raw_value","","FALSE"
"A3310901018225003_fuel_cost","A3310901018225003","331090","Craig","2018-04-01","2018","4","fuel_cost","212017.5","outlier_check","","33881","30962","33544","","raw_value","","FALSE"
"A3310901019225003_fuel_cost","A3310901019225003","331090","Craig","2019-04-01","2019","4","fuel_cost","150363.72","outlier_check","","30666","48185","33544","","raw_value","","FALSE"
"A3310901020225003_fuel_cost","A3310901020225003","331090","Craig","2020-04-01","2020","4","fuel_cost","163625","outlier_check","56702.7","15388","28851","33544","","raw_value","","FALSE"
"A3310901021225003_fuel_cost","A3310901021225003","331090","Craig","2021-04-01","2021","4","fuel_cost","158305","outlier_check","58642.5","19216","30632","33544","","raw_value","","FALSE"
"A3310901023225003_fuel_cost","A3310901023225003","331090","Craig","2023-04-01","2023","4","fuel_cost","145981.99","outlier_check","","15248","82","33544","","raw_value","","FALSE"
"A3310901116225003_diesel_kwh_generated","A3310901116225003","331090","Craig","2016-05-01","2016","5","diesel_kwh_generated","3429","quality_check","20271","139223","20271","65784","","raw_value","","FALSE"
"A3310901216225003_diesel_kwh_generated","A3310901216225003","331090","Craig","2016-06-01","2016","6","diesel_kwh_generated","4911","quality_check","","139223","17999","47257","","raw_value","","FALSE"
"A3311100626225003_pce_eligible_residential_kwh","A3311100626225003","331110","Eagle, Eagle Village","2025-12-01","2025","12","pce_eligible_residential_kwh","30890","outlier_check","23292","23919","23292","23146","","raw_value","","FALSE"
"A3311100726225003_pce_eligible_residential_kwh","A3311100726225003","331110","Eagle, Eagle Village","2026-01-01","2026","1","pce_eligible_residential_kwh","31508","outlier_check","","23544","25822","24035","","raw_value","","FALSE"
"A3311200119225003_fuel_cost","A3311200119225003","331120","Haines, Covenant Life","2018-07-01","2018","7","fuel_cost","19897.5","outlier_check","0","1483","514","2249","","raw_value","","FALSE"
"A3311200122225003_diesel_kwh_generated","A3311200122225003","331120","Haines, Covenant Life","2021-07-01","2021","7","diesel_kwh_generated","480","quality_check","1417","8536","9708","8910","","raw_value","","FALSE"
"A3311200122225003_fuel_used_gallons","A3311200122225003","331120","Haines, Covenant Life","2021-07-01","2021","7","fuel_used_gallons","5","quality_check","72","665","696","753","","raw_value","","FALSE"
"A3311200324225003_fuel_cost","A3311200324225003","331120","Haines, Covenant Life","2023-09-01","2023","9","fuel_cost","23263.2","outlier_check","5680.8","3397","4000","2127","","raw_value","","FALSE"
"A3311200520225003_fuel_cost","A3311200520225003","331120","Haines, Covenant Life","2019-11-01","2019","11","fuel_cost","25101","outlier_check","6297","2478","4062","4094","","raw_value","","FALSE"
"A3311200618225003_fuel_cost","A3311200618225003","331120","Haines, Covenant Life","2017-12-01","2017","12","fuel_cost","25332.5","outlier_check","1692.5","2723","1692","4716","","raw_value","","FALSE"
"A3311200621225003_fuel_cost","A3311200621225003","331120","Haines, Covenant Life","2020-12-01","2020","12","fuel_cost","51774.34","outlier_check","5871.48","2186","5871","4716","","raw_value","","FALSE"
"A3311200622225003_fuel_cost","A3311200622225003","331120","Haines, Covenant Life","2021-12-01","2021","12","fuel_cost","45128.61","outlier_check","1562.23","1457","1562","4716","","raw_value","","FALSE"
"A3311200718225003_fuel_cost","A3311200718225003","331120","Haines, Covenant Life","2018-01-01","2018","1","fuel_cost","28882.5","outlier_check","","1483","","4970","","raw_value","","FALSE"
"A3311200721225003_fuel_cost","A3311200721225003","331120","Haines, Covenant Life","2021-01-01","2021","1","fuel_cost","61664.1","outlier_check","","1457","","4970","","raw_value","","FALSE"
"A3311200722225003_fuel_cost","A3311200722225003","331120","Haines, Covenant Life","2022-01-01","2022","1","fuel_cost","150325.82","outlier_check","","2796","","4970","","raw_value","","FALSE"
"A3311200723225003_fuel_cost","A3311200723225003","331120","Haines, Covenant Life","2023-01-01","2023","1","fuel_cost","55354.07","outlier_check","7247.1","3397","4560","4970","","raw_value","","FALSE"
"A3311200726225003_amount","A3311200726225003","331120","Haines, Covenant Life","2026-01-01","2026","1","amount","60825.82","outlier_check","54982.8","47771","52992","9402","","raw_value","","FALSE"
"A3311200818225003_fuel_cost","A3311200818225003","331120","Haines, Covenant Life","2018-02-01","2018","2","fuel_cost","44740.8","outlier_check","","1483","","2982","","raw_value","","FALSE"
"A3311200821225003_fuel_cost","A3311200821225003","331120","Haines, Covenant Life","2021-02-01","2021","2","fuel_cost","53072.5","outlier_check","","1457","","2982","","raw_value","","FALSE"
"A3311200822225003_fuel_cost","A3311200822225003","331120","Haines, Covenant Life","2022-02-01","2022","2","fuel_cost","41336.57","outlier_check","","2796","1447","2982","","raw_value","","FALSE"
"A3311200918225003_fuel_cost","A3311200918225003","331120","Haines, Covenant Life","2018-03-01","2018","3","fuel_cost","37338.6","outlier_check","","1483","","3030","","raw_value","","FALSE"
"A3311200921225003_fuel_cost","A3311200921225003","331120","Haines, Covenant Life","2021-03-01","2021","3","fuel_cost","45030","outlier_check","","1457","","3030","","raw_value","","FALSE"
"A3311201018225003_fuel_cost","A3311201018225003","331120","Haines, Covenant Life","2018-04-01","2018","4","fuel_cost","37720","outlier_check","","1483","","4501","","raw_value","","FALSE"
"A3311201021225003_fuel_cost","A3311201021225003","331120","Haines, Covenant Life","2021-04-01","2021","4","fuel_cost","62092.5","outlier_check","","1457","","4501","","raw_value","","FALSE"
"A3311201022225003_fuel_cost","A3311201022225003","331120","Haines, Covenant Life","2022-04-01","2022","4","fuel_cost","34338.56","outlier_check","1447.2","2796","1447","4501","","raw_value","","FALSE"
"A3311201025225003_diesel_kwh_generated","A3311201025225003","331120","Haines, Covenant Life","2025-04-01","2025","4","diesel_kwh_generated","66559","outlier_check","297","16509","7435","18841","","raw_value","","FALSE"
"A3311201025225003_fuel_cost","A3311201025225003","331120","Haines, Covenant Life","2025-04-01","2025","4","fuel_cost","20593.58","outlier_check","288.74","5173","3980","4501","","raw_value","","FALSE"
"A3311201118225003_fuel_cost","A3311201118225003","331120","Haines, Covenant Life","2018-05-01","2018","5","fuel_cost","99470","outlier_check","","1483","0","1712","","raw_value","","FALSE"
"A3311201121225003_fuel_cost","A3311201121225003","331120","Haines, Covenant Life","2021-05-01","2021","5","fuel_cost","21547.5","outlier_check","","1457","180","1712","","raw_value","","FALSE"
"A3311201122225003_fuel_cost","A3311201122225003","331120","Haines, Covenant Life","2022-05-01","2022","5","fuel_cost","84221.34","outlier_check","","2796","1891","1712","","raw_value","","FALSE"
"A3311201123225003_fuel_cost","A3311201123225003","331120","Haines, Covenant Life","2023-05-01","2023","5","fuel_cost","44092.5","outlier_check","2968.72","3397","4122","1712","","raw_value","","FALSE"
"A3311400824225003_amount","A3311400824225003","331140","Hollis","2024-02-01","2024","2","amount","6270.53","outlier_check","3397.46","2418","3397","938","","raw_value","","FALSE"
"A3311400825225003_amount","A3311400825225003","331140","Hollis","2025-02-01","2025","2","amount","6364.85","outlier_check","2609.25","3751","2609","938","","raw_value","","FALSE"
"A3311400924225003_amount","A3311400924225003","331140","Hollis","2024-03-01","2024","3","amount","5989.6","outlier_check","","2418","","969","","raw_value","","FALSE"
"A3311400925225003_amount","A3311400925225003","331140","Hollis","2025-03-01","2025","3","amount","5594.98","outlier_check","","3751","","969","","raw_value","","FALSE"
"A3311401024225003_amount","A3311401024225003","331140","Hollis","2024-04-01","2024","4","amount","5618.27","outlier_check","","2418","","1328","","raw_value","","FALSE"
"A3311401025225003_amount","A3311401025225003","331140","Hollis","2025-04-01","2025","4","amount","5423.33","outlier_check","","3751","","1328","","raw_value","","FALSE"
"A3311401124225003_amount","A3311401124225003","331140","Hollis","2024-05-01","2024","5","amount","5267.09","outlier_check","","2418","3106","1235","","raw_value","","FALSE"
"A3311401125225003_amount","A3311401125225003","331140","Hollis","2025-05-01","2025","5","amount","5108.13","outlier_check","","3751","4495","1235","","raw_value","","FALSE"
"A3311550726225003_powerhouse_consumption_kwh","A3311550726225003","331155","Klawock","2026-01-01","2026","1","powerhouse_consumption_kwh","19524","outlier_check","17143","16265","17886","8028","","raw_value","","FALSE"
"A3311550823225003_powerhouse_consumption_kwh","A3311550823225003","331155","Klawock","2023-02-01","2023","2","powerhouse_consumption_kwh","19977","outlier_check","16792","14676","16468","7778","","raw_value","","FALSE"
"A3311550824225003_amount","A3311550824225003","331155","Klawock","2024-02-01","2024","2","amount","26810.48","outlier_check","14548.78","14710","20379","6640","","raw_value","","FALSE"
"A3311551026225003_powerhouse_consumption_kwh","A3311551026225003","331155","Klawock","2026-04-01","2026","4","powerhouse_consumption_kwh","19420","outlier_check","19134","16265","16719","7894","","raw_value","","FALSE"
"A3311600626225003_pce_eligible_community_kwh","A3311600626225003","331160","Mentasta Lake","2025-12-01","2025","12","pce_eligible_community_kwh","6696","outlier_check","5732","4492","5732","2420","","raw_value","","FALSE"
"A3311600726225003_amount","A3311600726225003","331160","Mentasta Lake","2026-01-01","2026","1","amount","14449.52","outlier_check","13848.93","12559","13849","5925","","raw_value","","FALSE"
"A3311600726225003_pce_eligible_community_kwh","A3311600726225003","331160","Mentasta Lake","2026-01-01","2026","1","pce_eligible_community_kwh","6873","outlier_check","","4859","","2694","","raw_value","","FALSE"
"A3311600726225003_pce_eligible_residential_kwh","A3311600726225003","331160","Mentasta Lake","2026-01-01","2026","1","pce_eligible_residential_kwh","19375","outlier_check","18461","15628","17831","14026","","raw_value","","FALSE"
"A3311600824225003_pce_eligible_community_kwh","A3311600824225003","331160","Mentasta Lake","2024-02-01","2024","2","pce_eligible_community_kwh","5925","outlier_check","5266","4665","4997","2212","","raw_value","","FALSE"
"A3311600826225003_amount","A3311600826225003","331160","Mentasta Lake","2026-02-01","2026","2","amount","15103","outlier_check","","12559","13935","5550","","raw_value","","FALSE"
"A3311600826225003_pce_eligible_community_kwh","A3311600826225003","331160","Mentasta Lake","2026-02-01","2026","2","pce_eligible_community_kwh","6490","outlier_check","","4859","","2212","","raw_value","","FALSE"
"A3311600926225003_pce_eligible_community_kwh","A3311600926225003","331160","Mentasta Lake","2026-03-01","2026","3","pce_eligible_community_kwh","5997","outlier_check","","4859","5607","2365","","raw_value","","FALSE"
"A3311601123225003_amount","A3311601123225003","331160","Mentasta Lake","2023-05-01","2023","5","amount","16473.62","outlier_check","5421.26","6369","5405","5355","","raw_value","","FALSE"
"A3311800626225003_amount","A3311800626225003","331180","Northway, Northway Village, Northway Junction","2025-12-01","2025","12","amount","32950.47","outlier_check","24539.13","21715","24539","14316","","raw_value","","FALSE"
"A3311800626225003_pce_eligible_residential_kwh","A3311800626225003","331180","Northway, Northway Village, Northway Junction","2025-12-01","2025","12","pce_eligible_residential_kwh","44434","outlier_check","32980","29046","32980","28018","","raw_value","","FALSE"
"A3311800726225003_amount","A3311800726225003","331180","Northway, Northway Village, Northway Junction","2026-01-01","2026","1","amount","34746.46","outlier_check","","24039","28801","15236","","raw_value","","FALSE"
"A3311800726225003_pce_eligible_residential_kwh","A3311800726225003","331180","Northway, Northway Village, Northway Junction","2026-01-01","2026","1","pce_eligible_residential_kwh","47117","outlier_check","","33556","","29064","","raw_value","","FALSE"
"A3311800826225003_pce_eligible_residential_kwh","A3311800826225003","331180","Northway, Northway Village, Northway Junction","2026-02-01","2026","2","pce_eligible_residential_kwh","39567","outlier_check","","33556","38339","26942","","raw_value","","FALSE"
"A3311900125225003_diesel_kwh_generated","A3311900125225003","331190","Skagway","2024-07-01","2024","7","diesel_kwh_generated","2200","quality_check","13635","69550","10016","8856","","raw_value","","FALSE"
"A3311900224225003_fuel_cost","A3311900224225003","331190","Skagway","2023-08-01","2023","8","fuel_cost","107834.4","outlier_check","12363.75","5009","10177","4968","","raw_value","","FALSE"
"A3311900324225003_diesel_kwh_generated","A3311900324225003","331190","Skagway","2023-09-01","2023","9","diesel_kwh_generated","7365","quality_check","","15658","6634","29037","","raw_value","","FALSE"
"A3311900324225003_fuel_used_gallons","A3311900324225003","331190","Skagway","2023-09-01","2023","9","fuel_used_gallons","2315","quality_check","","3931","1105","2167","","raw_value","","FALSE"
"A3311900421225003_diesel_kwh_generated","A3311900421225003","331190","Skagway","2020-10-01","2020","10","diesel_kwh_generated","1286","quality_check","15276","80199","23971","20399","","raw_value","","FALSE"
"A3311900421225003_fuel_used_gallons","A3311900421225003","331190","Skagway","2020-10-01","2020","10","fuel_used_gallons","569","quality_check","1230","5895","2130","1529","","raw_value","","FALSE"
"A3311900524225003_diesel_kwh_generated","A3311900524225003","331190","Skagway","2023-11-01","2023","11","diesel_kwh_generated","2429","quality_check","6634","15658","7074","24166","","raw_value","","FALSE"
"A3311900524225003_fuel_used_gallons","A3311900524225003","331190","Skagway","2023-11-01","2023","11","fuel_used_gallons","929","quality_check","1105","3931","850","1813","","raw_value","","FALSE"
"A3311900623225003_fuel_cost","A3311900623225003","331190","Skagway","2022-12-01","2022","12","fuel_cost","56330.4","outlier_check","18179","14982","18179","7963","","raw_value","","FALSE"
"A3311900625225003_diesel_kwh_generated","A3311900625225003","331190","Skagway","2024-12-01","2024","12","diesel_kwh_generated","201871","outlier_check","2451","69550","2451","65173","","raw_value","","FALSE"
"A3311900625225003_fuel_cost","A3311900625225003","331190","Skagway","2024-12-01","2024","12","fuel_cost","50423.44","outlier_check","1252.34","10508","1252","7963","","raw_value","","FALSE"
"A3311900626225003_fuel_cost","A3311900626225003","331190","Skagway","2025-12-01","2025","12","fuel_cost","55338.98","outlier_check","23618.29","9168","23618","7963","","raw_value","","FALSE"
"A3311900723225003_fuel_cost","A3311900723225003","331190","Skagway","2023-01-01","2023","1","fuel_cost","104698.3","outlier_check","","5009","","14187","","raw_value","","FALSE"
"A3311900724225003_fuel_cost","A3311900724225003","331190","Skagway","2024-01-01","2024","1","fuel_cost","46327.28","outlier_check","2103.53","10508","2104","14187","","raw_value","","FALSE"
"A3311900725225003_fuel_cost","A3311900725225003","331190","Skagway","2025-01-01","2025","1","fuel_cost","70044.66","outlier_check","","9168","","14187","","raw_value","","FALSE"
"A3311900726225003_fuel_cost","A3311900726225003","331190","Skagway","2026-01-01","2026","1","fuel_cost","254358.62","outlier_check","","176","","14187","","raw_value","","FALSE"
"A3311900820225003_diesel_kwh_generated","A3311900820225003","331190","Skagway","2020-02-01","2020","2","diesel_kwh_generated","239294","outlier_check","199114","80199","189384","83148","","raw_value","","FALSE"
"A3311900820225003_fuel_cost","A3311900820225003","331190","Skagway","2020-02-01","2020","2","fuel_cost","58825.69","outlier_check","42105","14336","43269","16939","","raw_value","","FALSE"
"A3311900821225003_fuel_cost","A3311900821225003","331190","Skagway","2021-02-01","2021","2","fuel_cost","51687.5","outlier_check","6709.94","4914","12741","16939","","raw_value","","FALSE"
"A3311900823225003_fuel_cost","A3311900823225003","331190","Skagway","2023-02-01","2023","2","fuel_cost","92905.64","outlier_check","","5009","","16939","","raw_value","","FALSE"
"A3311900824225003_fuel_cost","A3311900824225003","331190","Skagway","2024-02-01","2024","2","fuel_cost","158593.1","outlier_check","","10508","","16939","","raw_value","","FALSE"
"A3311900825225003_fuel_cost","A3311900825225003","331190","Skagway","2025-02-01","2025","2","fuel_cost","152950.39","outlier_check","","9168","","16939","","raw_value","","FALSE"
"A3311900826225003_fuel_cost","A3311900826225003","331190","Skagway","2026-02-01","2026","2","fuel_cost","83436.93","outlier_check","","176","","16939","","raw_value","","FALSE"
"A3311900919225003_diesel_kwh_generated","A3311900919225003","331190","Skagway","2019-03-01","2019","3","diesel_kwh_generated","202518","outlier_check","197352","43543","113812","90977","","raw_value","","FALSE"
"A3311900922225003_diesel_kwh_generated","A3311900922225003","331190","Skagway","2022-03-01","2022","3","diesel_kwh_generated","218921","outlier_check","146013","54885","146013","90977","","raw_value","","FALSE"
"A3311900923225003_fuel_cost","A3311900923225003","331190","Skagway","2023-03-01","2023","3","fuel_cost","163218","outlier_check","","5009","","25783","","raw_value","","FALSE"
"A3311900924225003_fuel_cost","A3311900924225003","331190","Skagway","2024-03-01","2024","3","fuel_cost","123639.2","outlier_check","","10508","","25783","","raw_value","","FALSE"
"A3311900925225003_fuel_cost","A3311900925225003","331190","Skagway","2025-03-01","2025","3","fuel_cost","107898.61","outlier_check","","9168","","25783","","raw_value","","FALSE"
"A3311900926225003_fuel_cost","A3311900926225003","331190","Skagway","2026-03-01","2026","3","fuel_cost","190859.4","outlier_check","","176","","25783","","raw_value","","FALSE"
"A3311901020225003_fuel_cost","A3311901020225003","331190","Skagway","2020-04-01","2020","4","fuel_cost","101164.21","outlier_check","44433.89","14336","28908","10214","","raw_value","","FALSE"
"A3311901021225003_fuel_cost","A3311901021225003","331190","Skagway","2021-04-01","2021","4","fuel_cost","76432.5","outlier_check","18772.45","4914","18772","10214","","raw_value","","FALSE"
"A3311901022225003_diesel_kwh_generated","A3311901022225003","331190","Skagway","2022-04-01","2022","4","diesel_kwh_generated","211285","outlier_check","","54885","","57853","","raw_value","","FALSE"
"A3311901022225003_fuel_cost","A3311901022225003","331190","Skagway","2022-04-01","2022","4","fuel_cost","59003.96","outlier_check","42955.19","14982","42955","10214","","raw_value","","FALSE"
"A3311901023225003_fuel_cost","A3311901023225003","331190","Skagway","2023-04-01","2023","4","fuel_cost","105032.4","outlier_check","","5009","","10214","","raw_value","","FALSE"
"A3311901024225003_diesel_kwh_generated","A3311901024225003","331190","Skagway","2024-04-01","2024","4","diesel_kwh_generated","240476","outlier_check","","69550","134203","57853","","raw_value","","FALSE"
"A3311901024225003_fuel_cost","A3311901024225003","331190","Skagway","2024-04-01","2024","4","fuel_cost","63887.9","outlier_check","","10508","33903","10214","","raw_value","","FALSE"
"A3311901025225003_fuel_cost","A3311901025225003","331190","Skagway","2025-04-01","2025","4","fuel_cost","127657.07","outlier_check","","9168","","10214","","raw_value","","FALSE"
"A3311901026225003_fuel_cost","A3311901026225003","331190","Skagway","2026-04-01","2026","4","fuel_cost","233800.82","outlier_check","","176","","10214","","raw_value","","FALSE"
"A3311901117225003_fuel_cost","A3311901117225003","331190","Skagway","2017-05-01","2017","5","fuel_cost","51822.5","outlier_check","31200","7749","15659","12512","","raw_value","","FALSE"
"A3311901121225003_fuel_cost","A3311901121225003","331190","Skagway","2021-05-01","2021","5","fuel_cost","84852.5","outlier_check","","4914","5","12512","","raw_value","","FALSE"
"A3311901122225003_fuel_cost","A3311901122225003","331190","Skagway","2022-05-01","2022","5","fuel_cost","103868.74","outlier_check","","14982","7095","12512","","raw_value","","FALSE"
"A3311901123225003_diesel_kwh_generated","A3311901123225003","331190","Skagway","2023-05-01","2023","5","diesel_kwh_generated","206153","outlier_check","","15658","1747","60588","","raw_value","","FALSE"
"A3311901123225003_fuel_cost","A3311901123225003","331190","Skagway","2023-05-01","2023","5","fuel_cost","71063.32","outlier_check","","5009","491","12512","","raw_value","","FALSE"
"A3311901125225003_diesel_kwh_generated","A3311901125225003","331190","Skagway","2025-05-01","2025","5","diesel_kwh_generated","224612","outlier_check","","60665","0","60588","","raw_value","","FALSE"
"A3311901125225003_fuel_cost","A3311901125225003","331190","Skagway","2025-05-01","2025","5","fuel_cost","71020.29","outlier_check","","9168","0","12512","","raw_value","","FALSE"
"A3311901125225003_fuel_used_gallons","A3311901125225003","331190","Skagway","2025-05-01","2025","5","fuel_used_gallons","15988","outlier_check","","4390","0","5808","","raw_value","","FALSE"
"A3311901126225003_fuel_cost","A3311901126225003","331190","Skagway","2026-05-01","2026","5","fuel_cost","108744.47","outlier_check","","176","176","12512","","raw_value","","FALSE"
"A3311950523225003_pce_eligible_community_kwh","A3311950523225003","331195","Slana","2022-11-01","2022","11","pce_eligible_community_kwh","573","outlier_check","176","127","264","168","","raw_value","","FALSE"
"A3311950616225003_pce_eligible_community_kwh","A3311950616225003","331195","Slana","2015-12-01","2015","12","pce_eligible_community_kwh","607","outlier_check","261","261","256","211","","raw_value","","FALSE"
"A3311950720225003_pce_eligible_community_kwh","A3311950720225003","331195","Slana","2020-01-01","2020","1","pce_eligible_community_kwh","578","outlier_check","498","179","499","206","","raw_value","","FALSE"
"A3311950816225003_peak_consumption_kw","A3311950816225003","331195","Slana","2016-02-01","2016","2","peak_consumption_kw","0","outlier_check","175","196","175","219","","avg_preceding_proceeding","","FALSE"
"A3311950916225003_peak_consumption_kw","A3311950916225003","331195","Slana","2016-03-01","2016","3","peak_consumption_kw","0","outlier_check","","196","","199","","avg_same_month_other_years","","FALSE"
"A3311951016225003_peak_consumption_kw","A3311951016225003","331195","Slana","2016-04-01","2016","4","peak_consumption_kw","0","outlier_check","","196","203","193","","avg_preceding_proceeding","","FALSE"
"A3312100726225003_pce_eligible_residential_kwh","A3312100726225003","331210","Thorne Bay, City of","2026-01-01","2026","1","pce_eligible_residential_kwh","134364","outlier_check","127304","119175","126620","102728","","raw_value","","FALSE"
"A3312200623225003_pce_eligible_community_kwh","A3312200623225003","331220","Tok, Tanacross","2022-12-01","2022","12","pce_eligible_community_kwh","67083","outlier_check","27503","22804","27503","30716","","raw_value","","FALSE"
"A3312200626225003_pce_eligible_community_kwh","A3312200626225003","331220","Tok, Tanacross","2025-12-01","2025","12","pce_eligible_community_kwh","73362","outlier_check","53322","52632","53322","30716","","raw_value","","FALSE"
"A3312200723225003_pce_eligible_community_kwh","A3312200723225003","331220","Tok, Tanacross","2023-01-01","2023","1","pce_eligible_community_kwh","74674","outlier_check","","58059","","28193","","raw_value","","FALSE"
"A3312200724225003_pce_eligible_community_kwh","A3312200724225003","331220","Tok, Tanacross","2024-01-01","2024","1","pce_eligible_community_kwh","66776","outlier_check","63740","51914","63212","28193","","raw_value","","FALSE"
"A3312200726225003_pce_eligible_community_kwh","A3312200726225003","331220","Tok, Tanacross","2026-01-01","2026","1","pce_eligible_community_kwh","73981","outlier_check","","57881","","28193","","raw_value","","FALSE"
"A3312200823225003_pce_eligible_community_kwh","A3312200823225003","331220","Tok, Tanacross","2023-02-01","2023","2","pce_eligible_community_kwh","68039","outlier_check","","58059","57297","31577","","raw_value","","FALSE"
"A3312200826225003_pce_eligible_community_kwh","A3312200826225003","331220","Tok, Tanacross","2026-02-01","2026","2","pce_eligible_community_kwh","70576","outlier_check","","57881","66053","31577","","raw_value","","FALSE"
"A3312300725225003_pce_eligible_community_kwh","A3312300725225003","331230","Whale Pass","2025-01-01","2025","1","pce_eligible_community_kwh","1803","outlier_check","1278","707","1278","824","","raw_value","","FALSE"
"A3312300823225003_pce_eligible_community_kwh","A3312300823225003","331230","Whale Pass","2023-02-01","2023","2","pce_eligible_community_kwh","1709","outlier_check","1164","622","1164","810","","raw_value","","FALSE"
"A3312300825225003_pce_eligible_community_kwh","A3312300825225003","331230","Whale Pass","2025-02-01","2025","2","pce_eligible_community_kwh","1841","outlier_check","","707","1034","810","","raw_value","","FALSE"
"A3312300923225003_pce_eligible_community_kwh","A3312300923225003","331230","Whale Pass","2023-03-01","2023","3","pce_eligible_community_kwh","1689","outlier_check","","622","1218","744","","raw_value","","FALSE"
"A3312300924225003_pce_eligible_community_kwh","A3312300924225003","331230","Whale Pass","2024-03-01","2024","3","pce_eligible_community_kwh","1569","outlier_check","1009","1026","1009","744","","raw_value","","FALSE"
"A3312301024225003_pce_eligible_community_kwh","A3312301024225003","331230","Whale Pass","2024-04-01","2024","4","pce_eligible_community_kwh","1843","outlier_check","","1026","","709","","raw_value","","FALSE"
"A3312301124225003_pce_eligible_community_kwh","A3312301124225003","331230","Whale Pass","2024-05-01","2024","5","pce_eligible_community_kwh","1641","outlier_check","","1026","1193","531","","raw_value","","FALSE"
"A3312400116225003_diesel_kwh_generated","A3312400116225003","331240","Alakanuk","2015-07-01","2015","7","diesel_kwh_generated","151179","outlier_check","","","","0","","raw_value","","FALSE"
"A3312400116225003_fuel_cost","A3312400116225003","331240","Alakanuk","2015-07-01","2015","7","fuel_cost","36011.62","outlier_check","","","","0","","raw_value","","FALSE"
"A3312400117225003_diesel_kwh_generated","A3312400117225003","331240","Alakanuk","2016-07-01","2016","7","diesel_kwh_generated","148807","outlier_check","","0","","0","","raw_value","","FALSE"
"A3312400117225003_fuel_cost","A3312400117225003","331240","Alakanuk","2016-07-01","2016","7","fuel_cost","33580.23","outlier_check","","0","","0","","raw_value","","FALSE"
"A3312400216225003_diesel_kwh_generated","A3312400216225003","331240","Alakanuk","2015-08-01","2015","8","diesel_kwh_generated","164377","outlier_check","","","","0","","raw_value","","FALSE"
"A3312400216225003_fuel_cost","A3312400216225003","331240","Alakanuk","2015-08-01","2015","8","fuel_cost","39746.67","outlier_check","","","","0","","raw_value","","FALSE"
"A3312400217225003_fuel_cost","A3312400217225003","331240","Alakanuk","2016-08-01","2016","8","fuel_cost","13885.79","outlier_check","","0","0","0","","raw_value","","FALSE"
"A3312400316225003_diesel_kwh_generated","A3312400316225003","331240","Alakanuk","2015-09-01","2015","9","diesel_kwh_generated","178856","outlier_check","","","","0","","raw_value","","FALSE"
"A3312400316225003_fuel_cost","A3312400316225003","331240","Alakanuk","2015-09-01","2015","9","fuel_cost","51970.44","outlier_check","","","","0","","raw_value","","FALSE"
"A3312400416225003_diesel_kwh_generated","A3312400416225003","331240","Alakanuk","2015-10-01","2015","10","diesel_kwh_generated","181913","outlier_check","","","","0","","raw_value","","FALSE"
"A3312400416225003_fuel_cost","A3312400416225003","331240","Alakanuk","2015-10-01","2015","10","fuel_cost","52419.59","outlier_check","","","","0","","raw_value","","FALSE"
"A3312400516225003_diesel_kwh_generated","A3312400516225003","331240","Alakanuk","2015-11-01","2015","11","diesel_kwh_generated","196564","outlier_check","","","","0","","raw_value","","FALSE"
"A3312400516225003_fuel_cost","A3312400516225003","331240","Alakanuk","2015-11-01","2015","11","fuel_cost","42968.72","outlier_check","","","","0","","raw_value","","FALSE"
"A3312400616225003_diesel_kwh_generated","A3312400616225003","331240","Alakanuk","2015-12-01","2015","12","diesel_kwh_generated","214630","outlier_check","","","","0","","raw_value","","FALSE"
"A3312400616225003_fuel_cost","A3312400616225003","331240","Alakanuk","2015-12-01","2015","12","fuel_cost","14223.1","outlier_check","","","","0","","raw_value","","FALSE"
"A3312400616225003_fuel_used_gallons","A3312400616225003","331240","Alakanuk","2015-12-01","2015","12","fuel_used_gallons","4560","quality_check","","","","0","","raw_value","","FALSE"
"A3312400716225003_diesel_kwh_generated","A3312400716225003","331240","Alakanuk","2016-01-01","2016","1","diesel_kwh_generated","211743","outlier_check","","0","","0","","raw_value","","FALSE"
"A3312400716225003_fuel_cost","A3312400716225003","331240","Alakanuk","2016-01-01","2016","1","fuel_cost","49032.25","outlier_check","","0","","0","","raw_value","","FALSE"
"A3312400816225003_diesel_kwh_generated","A3312400816225003","331240","Alakanuk","2016-02-01","2016","2","diesel_kwh_generated","187287","outlier_check","","0","","0","","raw_value","","FALSE"
"A3312400816225003_fuel_cost","A3312400816225003","331240","Alakanuk","2016-02-01","2016","2","fuel_cost","42986.06","outlier_check","","0","","0","","raw_value","","FALSE"
"A3312400916225003_diesel_kwh_generated","A3312400916225003","331240","Alakanuk","2016-03-01","2016","3","diesel_kwh_generated","188692","outlier_check","","0","","0","","raw_value","","FALSE"
"A3312400916225003_fuel_cost","A3312400916225003","331240","Alakanuk","2016-03-01","2016","3","fuel_cost","44278.74","outlier_check","","0","","0","","raw_value","","FALSE"
"A3312401016225003_diesel_kwh_generated","A3312401016225003","331240","Alakanuk","2016-04-01","2016","4","diesel_kwh_generated","182367","outlier_check","","0","","0","","raw_value","","FALSE"
"A3312401016225003_fuel_cost","A3312401016225003","331240","Alakanuk","2016-04-01","2016","4","fuel_cost","41510.77","outlier_check","","0","","0","","raw_value","","FALSE"
"A3312401016225003_powerhouse_consumption_kwh","A3312401016225003","331240","Alakanuk","2016-04-01","2016","4","powerhouse_consumption_kwh","13266","outlier_check","8739","3986","8739","0","","raw_value","","FALSE"
"A3312401116225003_diesel_kwh_generated","A3312401116225003","331240","Alakanuk","2016-05-01","2016","5","diesel_kwh_generated","167393","outlier_check","","0","","0","","raw_value","","FALSE"
"A3312401116225003_fuel_cost","A3312401116225003","331240","Alakanuk","2016-05-01","2016","5","fuel_cost","40329.96","outlier_check","","0","","0","","raw_value","","FALSE"
"A3312401116225003_powerhouse_consumption_kwh","A3312401116225003","331240","Alakanuk","2016-05-01","2016","5","powerhouse_consumption_kwh","10162","outlier_check","","3986","","0","","raw_value","","FALSE"
"A3312401126225003_residential_sold_to","A3312401126225003","331240","Alakanuk","2026-05-01","2026","5","residential_sold_to","0","outlier_check","69320","81152","69320","60982","","avg_same_month_other_years","","FALSE"
"A3312401216225003_diesel_kwh_generated","A3312401216225003","331240","Alakanuk","2016-06-01","2016","6","diesel_kwh_generated","143681","outlier_check","","0","","0","","raw_value","","FALSE"
"A3312401216225003_fuel_cost","A3312401216225003","331240","Alakanuk","2016-06-01","2016","6","fuel_cost","33569.8","outlier_check","","0","","0","","raw_value","","FALSE"
"A3312401216225003_powerhouse_consumption_kwh","A3312401216225003","331240","Alakanuk","2016-06-01","2016","6","powerhouse_consumption_kwh","10245","outlier_check","","3986","7925","0","","raw_value","","FALSE"
"A3312500626225003_pce_eligible_residential_kwh","A3312500626225003","331250","Ambler","2025-12-01","2025","12","pce_eligible_residential_kwh","44405","outlier_check","42119","36176","42119","32679","","raw_value","","FALSE"
"A3312500726225003_pce_eligible_residential_kwh","A3312500726225003","331250","Ambler","2026-01-01","2026","1","pce_eligible_residential_kwh","46154","outlier_check","","32732","","33072","","raw_value","","FALSE"
"A3312500823225003_diesel_kwh_generated","A3312500823225003","331250","Ambler","2023-02-01","2023","2","diesel_kwh_generated","118438","quality_check","142214","111521","134261","127259","","raw_value","","FALSE"
"A3312500823225003_fuel_used_gallons","A3312500823225003","331250","Ambler","2023-02-01","2023","2","fuel_used_gallons","170","quality_check","9963","8805","9812","9204","","avg_same_month_other_years","","FALSE"
"A3312500826225003_pce_eligible_residential_kwh","A3312500826225003","331250","Ambler","2026-02-01","2026","2","pce_eligible_residential_kwh","44178","outlier_check","","32732","","30982","","raw_value","","FALSE"
"A3312500926225003_pce_eligible_residential_kwh","A3312500926225003","331250","Ambler","2026-03-01","2026","3","pce_eligible_residential_kwh","43635","outlier_check","","32732","36424","30046","","raw_value","","FALSE"
"A3312501125225003_diesel_kwh_generated","A3312501125225003","331250","Ambler","2025-05-01","2025","5","diesel_kwh_generated","98641","quality_check","113198","121077","96978","94433","","raw_value","","FALSE"
"A3312501125225003_fuel_used_gallons","A3312501125225003","331250","Ambler","2025-05-01","2025","5","fuel_used_gallons","0","outlier_check","8233","8626","7130","6929","","avg_same_month_other_years","","FALSE"
"A3312501126225003_residential_sold_to","A3312501126225003","331250","Ambler","2026-05-01","2026","5","residential_sold_to","0","outlier_check","39834","58256","39834","32874","","avg_same_month_other_years","","FALSE"
"A3312501223225003_diesel_kwh_generated","A3312501223225003","331250","Ambler","2023-06-01","2023","6","diesel_kwh_generated","79758","quality_check","107394","111521","93454","77942","","raw_value","","FALSE"
"A3312501223225003_fuel_used_gallons","A3312501223225003","331250","Ambler","2023-06-01","2023","6","fuel_used_gallons","0","outlier_check","8425","8805","7826","6131","","avg_same_month_other_years","","FALSE"
"A3312600526225003_pce_eligible_community_kwh","A3312600526225003","331260","Anvik","2025-11-01","2025","11","pce_eligible_community_kwh","26110","outlier_check","3757","3851","3943","4484","","avg_preceding_proceeding","","FALSE"
"A3312600616225003_diesel_kwh_generated","A3312600616225003","331260","Anvik","2015-12-01","2015","12","diesel_kwh_generated","44222","quality_check","42176","33888","42973","37524","","raw_value","","FALSE"
"A3312600616225003_fuel_used_gallons","A3312600616225003","331260","Anvik","2015-12-01","2015","12","fuel_used_gallons","1194","outlier_check","3448","2927","3594","3057","","avg_preceding_proceeding","","FALSE"
"A3312600617225003_diesel_kwh_generated","A3312600617225003","331260","Anvik","2016-12-01","2016","12","diesel_kwh_generated","45120","quality_check","38367","34605","40143","37524","","raw_value","","FALSE"
"A3312600617225003_fuel_cost","A3312600617225003","331260","Anvik","2016-12-01","2016","12","fuel_cost","-9773.37","outlier_check","7709.65","7238","7934","4113","","avg_preceding_proceeding","","FALSE"
"A3312600617225003_fuel_used_gallons","A3312600617225003","331260","Anvik","2016-12-01","2016","12","fuel_used_gallons","-4248","outlier_check","3351","2976","3448","3057","","avg_preceding_proceeding","","FALSE"
"A3312600618225003_diesel_kwh_generated","A3312600618225003","331260","Anvik","2017-12-01","2017","12","diesel_kwh_generated","37266","quality_check","35881","33166","36796","37524","","raw_value","","FALSE"
"A3312600618225003_fuel_used_gallons","A3312600618225003","331260","Anvik","2017-12-01","2017","12","fuel_used_gallons","872","outlier_check","3045","2883","3158","3057","","avg_preceding_proceeding","","FALSE"
"A3312600620225003_diesel_kwh_generated","A3312600620225003","331260","Anvik","2019-12-01","2019","12","diesel_kwh_generated","43778","quality_check","38105","33653","40428","37524","","raw_value","","FALSE"
"A3312600620225003_fuel_used_gallons","A3312600620225003","331260","Anvik","2019-12-01","2019","12","fuel_used_gallons","614","outlier_check","3142","2960","3080","3057","","avg_preceding_proceeding","","FALSE"
"A3312600621225003_diesel_kwh_generated","A3312600621225003","331260","Anvik","2020-12-01","2020","12","diesel_kwh_generated","39508","quality_check","37068","32595","36115","37524","","raw_value","","FALSE"
"A3312600621225003_fuel_used_gallons","A3312600621225003","331260","Anvik","2020-12-01","2020","12","fuel_used_gallons","429","outlier_check","3097","2822","3020","3057","","avg_preceding_proceeding","","FALSE"
"A3312600623225003_diesel_kwh_generated","A3312600623225003","331260","Anvik","2022-12-01","2022","12","diesel_kwh_generated","37095","quality_check","32698","31678","37101","37524","","raw_value","","FALSE"
"A3312600623225003_fuel_cost","A3312600623225003","331260","Anvik","2022-12-01","2022","12","fuel_cost","-13229.96","outlier_check","11975.82","9340","13300","4113","","avg_preceding_proceeding","","FALSE"
"A3312600623225003_fuel_used_gallons","A3312600623225003","331260","Anvik","2022-12-01","2022","12","fuel_used_gallons","-3228","outlier_check","2922","2840","3245","3057","","avg_preceding_proceeding","","FALSE"
"A3312601125225003_diesel_kwh_generated","A3312601125225003","331260","Anvik","2025-05-01","2025","5","diesel_kwh_generated","28184","quality_check","30236","33136","28826","29457","","raw_value","","FALSE"
"A3312601125225003_fuel_used_gallons","A3312601125225003","331260","Anvik","2025-05-01","2025","5","fuel_used_gallons","0","outlier_check","2736","2860","2610","2675","","avg_preceding_proceeding","","FALSE"
"A3312601126225003_com_facil_sold_to","A3312601126225003","331260","Anvik","2026-05-01","2026","5","com_facil_sold_to","0","outlier_check","","","","10535","4000","manual_override","","TRUE"
"A3312601126225003_residential_sold_to","A3312601126225003","331260","Anvik","2026-05-01","2026","5","residential_sold_to","0","outlier_check","10072","11620","10072","10487","","avg_same_month_other_years","","FALSE"
"A3312601223225003_diesel_kwh_generated","A3312601223225003","331260","Anvik","2023-06-01","2023","6","diesel_kwh_generated","26830","quality_check","33064","32608","31216","27475","","raw_value","","FALSE"
"A3312601223225003_fuel_used_gallons","A3312601223225003","331260","Anvik","2023-06-01","2023","6","fuel_used_gallons","0","outlier_check","2928","2956","2814","2472","","avg_preceding_proceeding","","FALSE"
"A3312700621225003_diesel_kwh_generated","A3312700621225003","331270","Brevig Mission","2020-12-01","2020","12","diesel_kwh_generated","126669","quality_check","113009","105980","117239","123436","","raw_value","","FALSE"
"A3312700621225003_fuel_used_gallons","A3312700621225003","331270","Brevig Mission","2020-12-01","2020","12","fuel_used_gallons","1816","quality_check","7740","7404","8228","9546","","avg_preceding_proceeding","","FALSE"
"A3312700724225003_amount","A3312700724225003","331270","Brevig Mission","2024-01-01","2024","1","amount","30426.78","outlier_check","16099.81","21556","16100","16204","","raw_value","","FALSE"
"A3312700724225003_fuel_cost","A3312700724225003","331270","Brevig Mission","2024-01-01","2024","1","fuel_cost","53436.76","outlier_check","48699.57","35963","47949","24920","","raw_value","","FALSE"
"A3312700725225003_amount","A3312700725225003","331270","Brevig Mission","2025-01-01","2025","1","amount","25613.95","outlier_check","22622.95","20574","22821","16204","","raw_value","","FALSE"
"A3312700823225003_diesel_kwh_generated","A3312700823225003","331270","Brevig Mission","2023-02-01","2023","2","diesel_kwh_generated","125904","quality_check","156377","120372","141339","123592","","raw_value","","FALSE"
"A3312700823225003_fuel_used_gallons","A3312700823225003","331270","Brevig Mission","2023-02-01","2023","2","fuel_used_gallons","393","quality_check","10478","8320","9690","8875","","avg_preceding_proceeding","","FALSE"
"A3312700824225003_amount","A3312700824225003","331270","Brevig Mission","2024-02-01","2024","2","amount","29856.51","outlier_check","","21556","","16011","","raw_value","","FALSE"
"A3312700924225003_amount","A3312700924225003","331270","Brevig Mission","2024-03-01","2024","3","amount","26976.6","outlier_check","","21556","","16037","","raw_value","","FALSE"
"A3312700924225003_fuel_cost","A3312700924225003","331270","Brevig Mission","2024-03-01","2024","3","fuel_cost","57652.08","outlier_check","47198.89","35963","47410","23207","","raw_value","","FALSE"
"A3312701024225003_amount","A3312701024225003","331270","Brevig Mission","2024-04-01","2024","4","amount","29173.74","outlier_check","","21556","","14927","","raw_value","","FALSE"
"A3312701124225003_amount","A3312701124225003","331270","Brevig Mission","2024-05-01","2024","5","amount","26340.82","outlier_check","","21556","24097","14365","","raw_value","","FALSE"
"A3312701125225003_diesel_kwh_generated","A3312701125225003","331270","Brevig Mission","2025-05-01","2025","5","diesel_kwh_generated","108720","quality_check","124949","123641","109174","102559","","raw_value","","FALSE"
"A3312701125225003_fuel_used_gallons","A3312701125225003","331270","Brevig Mission","2025-05-01","2025","5","fuel_used_gallons","0","outlier_check","9143","9226","7753","7259","","avg_preceding_proceeding","","FALSE"
"A3312701126225003_residential_sold_to","A3312701126225003","331270","Brevig Mission","2026-05-01","2026","5","residential_sold_to","0","outlier_check","48790","54209","48790","42724","","avg_same_month_other_years","","FALSE"
"A3312701223225003_diesel_kwh_generated","A3312701223225003","331270","Brevig Mission","2023-06-01","2023","6","diesel_kwh_generated","90813","quality_check","122280","120372","108699","84128","","raw_value","","FALSE"
"A3312701223225003_fuel_used_gallons","A3312701223225003","331270","Brevig Mission","2023-06-01","2023","6","fuel_used_gallons","0","outlier_check","8391","8320","7512","5954","","avg_preceding_proceeding","","FALSE"
"A3312800618225003_diesel_kwh_generated","A3312800618225003","331280","Chevak","2017-12-01","2017","12","diesel_kwh_generated","174386","quality_check","164571","166610","165695","191299","","raw_value","","FALSE"
"A3312800618225003_fuel_used_gallons","A3312800618225003","331280","Chevak","2017-12-01","2017","12","fuel_used_gallons","2591","quality_check","13511","13762","13584","10218","","avg_preceding_proceeding","","FALSE"
"A3312800620225003_diesel_kwh_generated","A3312800620225003","331280","Chevak","2019-12-01","2019","12","diesel_kwh_generated","187047","quality_check","148363","142156","182324","191299","","raw_value","","FALSE"
"A3312800620225003_fuel_used_gallons","A3312800620225003","331280","Chevak","2019-12-01","2019","12","fuel_used_gallons","3046","quality_check","11462","11317","14334","10218","","avg_preceding_proceeding","","FALSE"
"A3312800622225003_fuel_cost","A3312800622225003","331280","Chevak","2021-12-01","2021","12","fuel_cost","100551.35","outlier_check","47428.71","32916","41557","15158","","avg_preceding_proceeding","","FALSE"
"A3312800622225003_fuel_used_gallons","A3312800622225003","331280","Chevak","2021-12-01","2021","12","fuel_used_gallons","37891","outlier_check","17872","12262","15660","10218","","avg_preceding_proceeding","","TRUE"
"A3312800623225003_diesel_kwh_generated","A3312800623225003","331280","Chevak","2022-12-01","2022","12","diesel_kwh_generated","219211","quality_check","191692","182433","227888","191299","","raw_value","","FALSE"
"A3312800623225003_fuel_cost","A3312800623225003","331280","Chevak","2022-12-01","2022","12","fuel_cost","-144890.33","outlier_check","56393.93","41252","69961","15158","","avg_preceding_proceeding","","FALSE"
"A3312800623225003_fuel_used_gallons","A3312800623225003","331280","Chevak","2022-12-01","2022","12","fuel_used_gallons","-35982","outlier_check","14005","14196","16756","10218","","avg_preceding_proceeding","","FALSE"
"A3312800724225003_fuel_cost","A3312800724225003","331280","Chevak","2024-01-01","2024","1","fuel_cost","88252.25","outlier_check","7894.93","48249","35311","43827","","avg_preceding_proceeding","","FALSE"
"A3312800823225003_diesel_kwh_generated","A3312800823225003","331280","Chevak","2023-02-01","2023","2","diesel_kwh_generated","219590","quality_check","264083","182930","237143","182088","","raw_value","","FALSE"
"A3312800823225003_fuel_used_gallons","A3312800823225003","331280","Chevak","2023-02-01","2023","2","fuel_used_gallons","1751","quality_check","19507","12736","17768","13355","","avg_preceding_proceeding","","FALSE"
"A3312801125225003_diesel_kwh_generated","A3312801125225003","331280","Chevak","2025-05-01","2025","5","diesel_kwh_generated","124403","quality_check","241140","208134","202805","157796","","raw_value","","FALSE"
"A3312801223225003_diesel_kwh_generated","A3312801223225003","331280","Chevak","2023-06-01","2023","6","diesel_kwh_generated","146414","quality_check","209739","182930","177164","129592","","raw_value","","FALSE"
"A3312900516225003_pce_eligible_community_kwh","A3312900516225003","331290","Eek","2015-11-01","2015","11","pce_eligible_community_kwh","10934","outlier_check","9624","7850","9938","4873","","raw_value","","FALSE"
"A3312900616225003_diesel_kwh_generated","A3312900616225003","331290","Eek","2015-12-01","2015","12","diesel_kwh_generated","81185","quality_check","92423","71532","96468","116830","","raw_value","","FALSE"
"A3312900616225003_fuel_used_gallons","A3312900616225003","331290","Eek","2015-12-01","2015","12","fuel_used_gallons","-231","quality_check","6139","5358","6783","8676","","avg_preceding_proceeding","","FALSE"
"A3312900617225003_pce_eligible_community_kwh","A3312900617225003","331290","Eek","2016-12-01","2016","12","pce_eligible_community_kwh","11943","outlier_check","10186","7482","10186","5277","","raw_value","","FALSE"
"A3312900618225003_diesel_kwh_generated","A3312900618225003","331290","Eek","2017-12-01","2017","12","diesel_kwh_generated","85361","quality_check","81217","76204","84506","116830","","raw_value","","FALSE"
"A3312900618225003_fuel_used_gallons","A3312900618225003","331290","Eek","2017-12-01","2017","12","fuel_used_gallons","2261","quality_check","5915","5619","6144","8676","","avg_preceding_proceeding","","FALSE"
"A3312900620225003_diesel_kwh_generated","A3312900620225003","331290","Eek","2019-12-01","2019","12","diesel_kwh_generated","104812","quality_check","88467","80131","100713","116830","","raw_value","","FALSE"
"A3312900620225003_fuel_used_gallons","A3312900620225003","331290","Eek","2019-12-01","2019","12","fuel_used_gallons","2785","quality_check","6623","6084","7482","8676","","avg_preceding_proceeding","","FALSE"
"A3312900623225003_diesel_kwh_generated","A3312900623225003","331290","Eek","2022-12-01","2022","12","diesel_kwh_generated","131737","quality_check","114242","111100","128728","116830","","raw_value","","FALSE"
"A3312900623225003_fuel_used_gallons","A3312900623225003","331290","Eek","2022-12-01","2022","12","fuel_used_gallons","726","quality_check","8824","8341","9656","8676","","avg_preceding_proceeding","","FALSE"
"A3312900716225003_pce_eligible_community_kwh","A3312900716225003","331290","Eek","2016-01-01","2016","1","pce_eligible_community_kwh","12098","outlier_check","10252","7482","10252","4907","","raw_value","","FALSE"
"A3312900717225003_pce_eligible_community_kwh","A3312900717225003","331290","Eek","2017-01-01","2017","1","pce_eligible_community_kwh","12719","outlier_check","","7162","","4907","","raw_value","","FALSE"
"A3312900816225003_pce_eligible_community_kwh","A3312900816225003","331290","Eek","2016-02-01","2016","2","pce_eligible_community_kwh","11980","outlier_check","","7482","","4343","","raw_value","","FALSE"
"A3312900817225003_pce_eligible_community_kwh","A3312900817225003","331290","Eek","2017-02-01","2017","2","pce_eligible_community_kwh","14204","outlier_check","","7162","","4343","","raw_value","","FALSE"
"A3312900823225003_diesel_kwh_generated","A3312900823225003","331290","Eek","2023-02-01","2023","2","diesel_kwh_generated","116660","quality_check","143214","113883","141522","107516","","raw_value","","FALSE"
"A3312900823225003_fuel_used_gallons","A3312900823225003","331290","Eek","2023-02-01","2023","2","fuel_used_gallons","51","quality_check","10488","7841","10393","7974","","avg_preceding_proceeding","","FALSE"
"A3312900916225003_pce_eligible_community_kwh","A3312900916225003","331290","Eek","2016-03-01","2016","3","pce_eligible_community_kwh","11383","outlier_check","","7482","9006","4408","","raw_value","","FALSE"
"A3312900917225003_pce_eligible_community_kwh","A3312900917225003","331290","Eek","2017-03-01","2017","3","pce_eligible_community_kwh","16501","outlier_check","","7162","10142","4408","","raw_value","","FALSE"
"A3312901125225003_diesel_kwh_generated","A3312901125225003","331290","Eek","2025-05-01","2025","5","diesel_kwh_generated","91571","quality_check","111341","112003","98946","87972","","raw_value","","FALSE"
"A3312901223225003_diesel_kwh_generated","A3312901223225003","331290","Eek","2023-06-01","2023","6","diesel_kwh_generated","93419","quality_check","120255","113883","111464","72974","","raw_value","","FALSE"
"A3313000623225003_diesel_kwh_generated","A3313000623225003","331300","Elim","2022-12-01","2022","12","diesel_kwh_generated","127739","quality_check","113960","114005","126606","124694","","raw_value","","FALSE"
"A3313000623225003_fuel_used_gallons","A3313000623225003","331300","Elim","2022-12-01","2022","12","fuel_used_gallons","-1094","outlier_check","9542","8447","10408","8045","","avg_preceding_proceeding","","FALSE"
"A3313000624225003_fuel_cost","A3313000624225003","331300","Elim","2023-12-01","2023","12","fuel_cost","62534.06","outlier_check","45034.55","32479","49955","23987","","raw_value","","FALSE"
"A3313000724225003_amount","A3313000724225003","331300","Elim","2024-01-01","2024","1","amount","32199.83","outlier_check","25424.63","24892","26664","16649","","raw_value","","FALSE"
"A3313000725225003_amount","A3313000725225003","331300","Elim","2025-01-01","2025","1","amount","32005.24","outlier_check","28365.59","20910","28448","16649","","raw_value","","FALSE"
"A3313000823225003_diesel_kwh_generated","A3313000823225003","331300","Elim","2023-02-01","2023","2","diesel_kwh_generated","111540","quality_check","139252","111785","128758","119521","","raw_value","","FALSE"
"A3313000823225003_fuel_used_gallons","A3313000823225003","331300","Elim","2023-02-01","2023","2","fuel_used_gallons","1302","outlier_check","11274","8617","9972","8591","","annual_average","","FALSE"
"A3313001125225003_diesel_kwh_generated","A3313001125225003","331300","Elim","2025-05-01","2025","5","diesel_kwh_generated","91982","quality_check","110414","104741","93602","97984","","raw_value","","FALSE"
"A3313001125225003_fuel_used_gallons","A3313001125225003","331300","Elim","2025-05-01","2025","5","fuel_used_gallons","0","outlier_check","7109","5290","5706","7038","","avg_preceding_proceeding","","FALSE"
"A3313001126225003_residential_sold_to","A3313001126225003","331300","Elim","2026-05-01","2026","5","residential_sold_to","0","outlier_check","44239","52511","44239","39164","","avg_same_month_other_years","","FALSE"
"A3313001223225003_diesel_kwh_generated","A3313001223225003","331300","Elim","2023-06-01","2023","6","diesel_kwh_generated","81506","quality_check","109630","111785","100793","88993","","raw_value","","FALSE"
"A3313001223225003_fuel_used_gallons","A3313001223225003","331300","Elim","2023-06-01","2023","6","fuel_used_gallons","0","outlier_check","8115","8617","7962","6258","","avg_preceding_proceeding","","FALSE"
"A3313100616225003_diesel_kwh_generated","A3313100616225003","331310","Emmonak","2015-12-01","2015","12","diesel_kwh_generated","228589","quality_check","212108","304129","213886","511095","","raw_value","","FALSE"
"A3313100616225003_fuel_used_gallons","A3313100616225003","331310","Emmonak","2015-12-01","2015","12","fuel_used_gallons","4249","outlier_check","17884","23565","17080","34546","","raw_value","","FALSE"
"A3313100624225003_fuel_cost","A3313100624225003","331310","Emmonak","2023-12-01","2023","12","fuel_cost","213995.87","outlier_check","171352.16","116508","187620","87177","","raw_value","","FALSE"
"A3313100724225003_amount","A3313100724225003","331310","Emmonak","2024-01-01","2024","1","amount","79642.55","outlier_check","58198.13","62452","64427","42444","","raw_value","","FALSE"
"A3313100823225003_diesel_kwh_generated","A3313100823225003","331310","Emmonak","2023-02-01","2023","2","diesel_kwh_generated","493600","quality_check","614340","455691","537800","455874","","raw_value","","FALSE"
"A3313100823225003_fuel_used_gallons","A3313100823225003","331310","Emmonak","2023-02-01","2023","2","fuel_used_gallons","9152","outlier_check","43313","33490","38705","31290","","raw_value","","FALSE"
"A3313101125225003_diesel_kwh_generated","A3313101125225003","331310","Emmonak","2025-05-01","2025","5","diesel_kwh_generated","362511","quality_check","491405","481886","447488","384763","","raw_value","","FALSE"
"A3313101125225003_fuel_used_gallons","A3313101125225003","331310","Emmonak","2025-05-01","2025","5","fuel_used_gallons","0","outlier_check","33183","32935","29190","27897","","avg_preceding_proceeding","","FALSE"
"A3313101126225003_residential_sold_to","A3313101126225003","331310","Emmonak","2026-05-01","2026","5","residential_sold_to","0","outlier_check","95739","116404","95739","83809","","avg_same_month_other_years","","FALSE"
"A3313101223225003_diesel_kwh_generated","A3313101223225003","331310","Emmonak","2023-06-01","2023","6","diesel_kwh_generated","368723","quality_check","441550","455691","420874","380477","","raw_value","","FALSE"
"A3313101223225003_fuel_used_gallons","A3313101223225003","331310","Emmonak","2023-06-01","2023","6","fuel_used_gallons","0","outlier_check","34113","33490","32464","26431","","avg_preceding_proceeding","","FALSE"
"A3313200425225003_amount","A3313200425225003","331320","Gambell","2024-10-01","2024","10","amount","50096.16","outlier_check","42345.64","43503","43489","23097","","raw_value","","FALSE"
"A3313200623225003_diesel_kwh_generated","A3313200623225003","331320","Gambell","2022-12-01","2022","12","diesel_kwh_generated","206603","quality_check","167862","174328","225898","171787","","raw_value","","FALSE"
"A3313200623225003_fuel_cost","A3313200623225003","331320","Gambell","2022-12-01","2022","12","fuel_cost","-38807.78","outlier_check","51491.95","39034","51492","28762","","avg_preceding_proceeding","","FALSE"
"A3313200623225003_fuel_used_gallons","A3313200623225003","331320","Gambell","2022-12-01","2022","12","fuel_used_gallons","-9658","outlier_check","12815","12803","16544","11735","","avg_preceding_proceeding","","FALSE"
"A3313200625225003_amount","A3313200625225003","331320","Gambell","2024-12-01","2024","12","amount","53333.3","outlier_check","44632.38","43503","44632","24489","","raw_value","","FALSE"
"A3313200626225003_amount","A3313200626225003","331320","Gambell","2025-12-01","2025","12","amount","49630.7","outlier_check","46890.59","43494","46891","24489","","raw_value","","FALSE"
"A3313200723225003_fuel_cost","A3313200723225003","331320","Gambell","2023-01-01","2023","1","fuel_cost","87340.39","outlier_check","","54726","1","32107","","annual_average","","FALSE"
"A3313200724225003_amount","A3313200724225003","331320","Gambell","2024-01-01","2024","1","amount","54272.03","outlier_check","38604.19","43503","38604","25615","","raw_value","","FALSE"
"A3313200724225003_fuel_cost","A3313200724225003","331320","Gambell","2024-01-01","2024","1","fuel_cost","95343.86","outlier_check","43438.34","63650","43438","32107","","raw_value","","FALSE"
"A3313200725225003_amount","A3313200725225003","331320","Gambell","2025-01-01","2025","1","amount","61139.34","outlier_check","","43494","","25615","","raw_value","","FALSE"
"A3313200725225003_fuel_cost","A3313200725225003","331320","Gambell","2025-01-01","2025","1","fuel_cost","91477.34","outlier_check","29169.56","47899","53492","32107","","raw_value","","FALSE"
"A3313200726225003_amount","A3313200726225003","331320","Gambell","2026-01-01","2026","1","amount","57434.15","outlier_check","","44150","","25615","","raw_value","","FALSE"
"A3313200823225003_diesel_kwh_generated","A3313200823225003","331320","Gambell","2023-02-01","2023","2","diesel_kwh_generated","199102","quality_check","283935","207714","250378","186702","","raw_value","","FALSE"
"A3313200823225003_fuel_used_gallons","A3313200823225003","331320","Gambell","2023-02-01","2023","2","fuel_used_gallons","1294","quality_check","20274","13914","17919","13560","","avg_preceding_proceeding","","FALSE"
"A3313200824225003_amount","A3313200824225003","331320","Gambell","2024-02-01","2024","2","amount","51851.71","outlier_check","","43503","","24381","","raw_value","","FALSE"
"A3313200824225003_fuel_cost","A3313200824225003","331320","Gambell","2024-02-01","2024","2","fuel_cost","85530.75","outlier_check","","63650","84773","34290","","raw_value","","FALSE"
"A3313200825225003_amount","A3313200825225003","331320","Gambell","2025-02-01","2025","2","amount","56151.27","outlier_check","","43494","","24381","","raw_value","","FALSE"
"A3313200826225003_amount","A3313200826225003","331320","Gambell","2026-02-01","2026","2","amount","55087.09","outlier_check","","44150","","24381","","raw_value","","FALSE"
"A3313200924225003_amount","A3313200924225003","331320","Gambell","2024-03-01","2024","3","amount","52129.47","outlier_check","","43503","","24137","","raw_value","","FALSE"
"A3313200925225003_amount","A3313200925225003","331320","Gambell","2025-03-01","2025","3","amount","55441.82","outlier_check","","43494","","24137","","raw_value","","FALSE"
"A3313200926225003_amount","A3313200926225003","331320","Gambell","2026-03-01","2026","3","amount","53657.25","outlier_check","","44150","44012","24137","","raw_value","","FALSE"
"A3313201024225003_amount","A3313201024225003","331320","Gambell","2024-04-01","2024","4","amount","50240.43","outlier_check","","43503","46615","26194","","raw_value","","FALSE"
"A3313201024225003_fuel_cost","A3313201024225003","331320","Gambell","2024-04-01","2024","4","fuel_cost","85614.89","outlier_check","84773.47","63650","80427","36980","","raw_value","","FALSE"
"A3313201025225003_amount","A3313201025225003","331320","Gambell","2025-04-01","2025","4","amount","50532.09","outlier_check","","43494","48510","26194","","raw_value","","FALSE"
"A3313201125225003_diesel_kwh_generated","A3313201125225003","331320","Gambell","2025-05-01","2025","5","diesel_kwh_generated","187333","quality_check","207321","193909","185150","157074","","raw_value","","FALSE"
"A3313201223225003_diesel_kwh_generated","A3313201223225003","331320","Gambell","2023-06-01","2023","6","diesel_kwh_generated","164420","quality_check","223300","207714","195082","125793","","raw_value","","FALSE"
"A3313300621225003_diesel_kwh_generated","A3313300621225003","331330","Goodnews Bay","2020-12-01","2020","12","diesel_kwh_generated","75602","quality_check","65512","61496","68577","76127","","raw_value","","FALSE"
"A3313300621225003_fuel_used_gallons","A3313300621225003","331330","Goodnews Bay","2020-12-01","2020","12","fuel_used_gallons","-146","outlier_check","5401","4523","5248","5336","","avg_preceding_proceeding","","FALSE"
"A3313300622225003_diesel_kwh_generated","A3313300622225003","331330","Goodnews Bay","2021-12-01","2021","12","diesel_kwh_generated","82311","quality_check","84397","63415","83989","76127","","raw_value","","FALSE"
"A3313300622225003_fuel_used_gallons","A3313300622225003","331330","Goodnews Bay","2021-12-01","2021","12","fuel_used_gallons","-236","outlier_check","6089","4650","6009","5336","","avg_preceding_proceeding","","FALSE"
"A3313300623225003_fuel_cost","A3313300623225003","331330","Goodnews Bay","2022-12-01","2022","12","fuel_cost","49392.54","outlier_check","16684.94","14249","19413","11140","","avg_preceding_proceeding","","FALSE"
"A3313300623225003_fuel_used_gallons","A3313300623225003","331330","Goodnews Bay","2022-12-01","2022","12","fuel_used_gallons","14511","outlier_check","4902","4791","5443","5336","","avg_preceding_proceeding","","TRUE"
"A3313300624225003_fuel_cost","A3313300624225003","331330","Goodnews Bay","2023-12-01","2023","12","fuel_cost","36527.33","outlier_check","24265.17","16765","26949","11140","","raw_value","","FALSE"
"A3313300823225003_diesel_kwh_generated","A3313300823225003","331330","Goodnews Bay","2023-02-01","2023","2","diesel_kwh_generated","75573","quality_check","88182","71011","84762","72970","","raw_value","","FALSE"
"A3313300823225003_fuel_used_gallons","A3313300823225003","331330","Goodnews Bay","2023-02-01","2023","2","fuel_used_gallons","124","quality_check","5984","4638","5812","5406","","avg_preceding_proceeding","","FALSE"
"A3313301125225003_diesel_kwh_generated","A3313301125225003","331330","Goodnews Bay","2025-05-01","2025","5","diesel_kwh_generated","60387","quality_check","74217","69237","63680","58905","","raw_value","","FALSE"
"A3313301126225003_residential_sold_to","A3313301126225003","331330","Goodnews Bay","2026-05-01","2026","5","residential_sold_to","0","outlier_check","36373","43322","36373","32044","","avg_same_month_other_years","","FALSE"
"A3313301223225003_diesel_kwh_generated","A3313301223225003","331330","Goodnews Bay","2023-06-01","2023","6","diesel_kwh_generated","51415","quality_check","69900","71011","62144","50173","","raw_value","","FALSE"
"A3313400124225003_fuel_cost","A3313400124225003","331340","Grayling","2023-07-01","2023","7","fuel_cost","34093.45","outlier_check","3554","16104","9626","10329","","raw_value","","FALSE"
"A3313400623225003_fuel_cost","A3313400623225003","331340","Grayling","2022-12-01","2022","12","fuel_cost","34093.45","outlier_check","20287.05","14440","21808","13957","","raw_value","","FALSE"
"A3313400823225003_diesel_kwh_generated","A3313400823225003","331340","Grayling","2023-02-01","2023","2","diesel_kwh_generated","51310","quality_check","67754","56166","60530","58197","","raw_value","","FALSE"
"A3313400823225003_fuel_used_gallons","A3313400823225003","331340","Grayling","2023-02-01","2023","2","fuel_used_gallons","756","outlier_check","4831","4370","4412","4295","","avg_preceding_proceeding","","FALSE"
"A3313401125225003_diesel_kwh_generated","A3313401125225003","331340","Grayling","2025-05-01","2025","5","diesel_kwh_generated","49092","quality_check","55406","55439","50170","49908","","raw_value","","FALSE"
"A3313401125225003_fuel_used_gallons","A3313401125225003","331340","Grayling","2025-05-01","2025","5","fuel_used_gallons","0","outlier_check","4097","4177","3742","3799","","avg_preceding_proceeding","","FALSE"
"A3313401126225003_residential_sold_to","A3313401126225003","331340","Grayling","2026-05-01","2026","5","residential_sold_to","0","outlier_check","26735","30396","26735","20875","","avg_same_month_other_years","","FALSE"
"A3313401223225003_diesel_kwh_generated","A3313401223225003","331340","Grayling","2023-06-01","2023","6","diesel_kwh_generated","41229","quality_check","49509","56166","53800","43943","","raw_value","","FALSE"
"A3313401223225003_fuel_used_gallons","A3313401223225003","331340","Grayling","2023-06-01","2023","6","fuel_used_gallons","0","outlier_check","4030","4370","4030","3417","","avg_preceding_proceeding","","FALSE"
"A3313500616225003_fuel_used_gallons","A3313500616225003","331350","Holy Cross","2015-12-01","2015","12","fuel_used_gallons","6581","outlier_check","3822","3638","4001","4185","","avg_preceding_proceeding","","TRUE"
"A3313500617225003_fuel_cost","A3313500617225003","331350","Holy Cross","2016-12-01","2016","12","fuel_cost","35324.72","outlier_check","10547.82","10106","11519","9335","","avg_preceding_proceeding","","FALSE"
"A3313500617225003_fuel_used_gallons","A3313500617225003","331350","Holy Cross","2016-12-01","2016","12","fuel_used_gallons","13564","outlier_check","4050","3604","4423","4185","","avg_preceding_proceeding","","TRUE"
"A3313500618225003_diesel_kwh_generated","A3313500618225003","331350","Holy Cross","2017-12-01","2017","12","diesel_kwh_generated","61560","quality_check","54358","51922","57748","61306","","raw_value","","FALSE"
"A3313500618225003_fuel_used_gallons","A3313500618225003","331350","Holy Cross","2017-12-01","2017","12","fuel_used_gallons","-236","outlier_check","4094","4010","4328","4185","","avg_preceding_proceeding","","FALSE"
"A3313500620225003_fuel_cost","A3313500620225003","331350","Holy Cross","2019-12-01","2019","12","fuel_cost","27210.44","outlier_check","11483.73","10574","13087","9335","","avg_preceding_proceeding","","FALSE"
"A3313500620225003_fuel_used_gallons","A3313500620225003","331350","Holy Cross","2019-12-01","2019","12","fuel_used_gallons","9198","outlier_check","3882","3571","4424","4185","","avg_preceding_proceeding","","TRUE"
"A3313500624225003_fuel_cost","A3313500624225003","331350","Holy Cross","2023-12-01","2023","12","fuel_cost","23870.01","outlier_check","18722.27","15004","18722","9335","","avg_preceding_proceeding","","FALSE"
"A3313500625225003_fuel_cost","A3313500625225003","331350","Holy Cross","2024-12-01","2024","12","fuel_cost","24765.04","outlier_check","15743.76","15672","18478","9335","","avg_preceding_proceeding","","FALSE"
"A3313500724225003_fuel_cost","A3313500724225003","331350","Holy Cross","2024-01-01","2024","1","fuel_cost","23877.73","outlier_check","","15672","18735","12824","","avg_preceding_proceeding","","FALSE"
"A3313500726225003_pce_eligible_residential_kwh","A3313500726225003","331350","Holy Cross","2026-01-01","2026","1","pce_eligible_residential_kwh","32507","outlier_check","27290","26708","27456","23994","","raw_value","","FALSE"
"A3313501125225003_diesel_kwh_generated","A3313501125225003","331350","Holy Cross","2025-05-01","2025","5","diesel_kwh_generated","43845","quality_check","53890","55874","46692","45439","","raw_value","","FALSE"
"A3313501125225003_fuel_used_gallons","A3313501125225003","331350","Holy Cross","2025-05-01","2025","5","fuel_used_gallons","0","outlier_check","4101","4349","3724","3526","","avg_preceding_proceeding","","FALSE"
"A3313501126225003_residential_sold_to","A3313501126225003","331350","Holy Cross","2026-05-01","2026","5","residential_sold_to","0","outlier_check","28443","31928","28443","22260","","avg_same_month_other_years","","FALSE"
"A3313501223225003_diesel_kwh_generated","A3313501223225003","331350","Holy Cross","2023-06-01","2023","6","diesel_kwh_generated","41542","quality_check","53861","56083","49763","41006","","raw_value","","FALSE"
"A3313501223225003_fuel_used_gallons","A3313501223225003","331350","Holy Cross","2023-06-01","2023","6","fuel_used_gallons","0","outlier_check","4124","4116","3921","3300","","avg_preceding_proceeding","","FALSE"
"A3313600426225003_amount","A3313600426225003","331360","Hooper Bay","2025-10-01","2025","10","amount","72698.14","outlier_check","69525.6","62980","69526","35019","","raw_value","","FALSE"
"A3313600525225003_amount","A3313600525225003","331360","Hooper Bay","2024-11-01","2024","11","amount","126111.54","outlier_check","47070.36","49491","53678","36677","","raw_value","","FALSE"
"A3313600526225003_amount","A3313600526225003","331360","Hooper Bay","2025-11-01","2025","11","amount","72698.28","outlier_check","","62980","","36677","","raw_value","","FALSE"
"A3313600624225003_fuel_cost","A3313600624225003","331360","Hooper Bay","2023-12-01","2023","12","fuel_cost","232652.27","outlier_check","80065.77","68813","95010","51227","","avg_preceding_proceeding","","FALSE"
"A3313600626225003_amount","A3313600626225003","331360","Hooper Bay","2025-12-01","2025","12","amount","75623.79","outlier_check","","62980","","41099","","raw_value","","FALSE"
"A3313600726225003_amount","A3313600726225003","331360","Hooper Bay","2026-01-01","2026","1","amount","94538.41","outlier_check","","63765","","42559","","raw_value","","FALSE"
"A3313600823225003_diesel_kwh_generated","A3313600823225003","331360","Hooper Bay","2023-02-01","2023","2","diesel_kwh_generated","319903","quality_check","371692","270550","349834","310762","","raw_value","","FALSE"
"A3313600823225003_fuel_used_gallons","A3313600823225003","331360","Hooper Bay","2023-02-01","2023","2","fuel_used_gallons","4419","quality_check","23018","19174","23222","22349","","avg_preceding_proceeding","","FALSE"
"A3313600826225003_amount","A3313600826225003","331360","Hooper Bay","2026-02-01","2026","2","amount","84622.93","outlier_check","","63765","","39259","","raw_value","","FALSE"
"A3313600925225003_amount","A3313600925225003","331360","Hooper Bay","2025-03-01","2025","3","amount","201647.27","outlier_check","57378.03","62980","64001","37028","","raw_value","","FALSE"
"A3313600926225003_amount","A3313600926225003","331360","Hooper Bay","2026-03-01","2026","3","amount","93266.66","outlier_check","","63765","56852","37028","","raw_value","","FALSE"
"A3313600926225003_pce_eligible_community_kwh","A3313600926225003","331360","Hooper Bay","2026-03-01","2026","3","pce_eligible_community_kwh","75974","outlier_check","65945","64604","63592","35887","","raw_value","","FALSE"
"A3313601125225003_diesel_kwh_generated","A3313601125225003","331360","Hooper Bay","2025-05-01","2025","5","diesel_kwh_generated","268533","quality_check","317810","304931","283214","258362","","raw_value","","FALSE"
"A3313601125225003_fuel_used_gallons","A3313601125225003","331360","Hooper Bay","2025-05-01","2025","5","fuel_used_gallons","0","outlier_check","19751","21733","18395","18497","","avg_same_month_other_years","","FALSE"
"A3313601223225003_diesel_kwh_generated","A3313601223225003","331360","Hooper Bay","2023-06-01","2023","6","diesel_kwh_generated","219761","quality_check","310088","270550","251929","223296","","raw_value","","FALSE"
"A3313601223225003_fuel_used_gallons","A3313601223225003","331360","Hooper Bay","2023-06-01","2023","6","fuel_used_gallons","0","outlier_check","23707","19174","19568","15972","","avg_preceding_proceeding","","FALSE"
"A3313700625225003_fuel_cost","A3313700625225003","331370","Huslia","2024-12-01","2024","12","fuel_cost","65760.75","outlier_check","30103.38","30312","35534","23434","","raw_value","","FALSE"
"A3313700725225003_pce_eligible_residential_kwh","A3313700725225003","331370","Huslia","2025-01-01","2025","1","pce_eligible_residential_kwh","59066","outlier_check","52029","49401","51780","42066","","raw_value","","FALSE"
"A3313700823225003_diesel_kwh_generated","A3313700823225003","331370","Huslia","2023-02-01","2023","2","diesel_kwh_generated","100556","quality_check","135493","103218","120784","103958","","raw_value","","FALSE"
"A3313700823225003_fuel_used_gallons","A3313700823225003","331370","Huslia","2023-02-01","2023","2","fuel_used_gallons","1764","quality_check","8839","7373","8348","7795","","avg_preceding_proceeding","","FALSE"
"A3313701125225003_diesel_kwh_generated","A3313701125225003","331370","Huslia","2025-05-01","2025","5","diesel_kwh_generated","91845","quality_check","96374","108048","93602","90301","","raw_value","","FALSE"
"A3313701125225003_fuel_used_gallons","A3313701125225003","331370","Huslia","2025-05-01","2025","5","fuel_used_gallons","0","outlier_check","7196","8136","6836","6498","","avg_preceding_proceeding","","FALSE"
"A3313701126225003_residential_sold_to","A3313701126225003","331370","Huslia","2026-05-01","2026","5","residential_sold_to","0","outlier_check","53242","57082","53242","44559","","avg_same_month_other_years","","FALSE"
"A3313701223225003_diesel_kwh_generated","A3313701223225003","331370","Huslia","2023-06-01","2023","6","diesel_kwh_generated","79453","quality_check","98822","103218","94026","76262","","raw_value","","FALSE"
"A3313701223225003_fuel_used_gallons","A3313701223225003","331370","Huslia","2023-06-01","2023","6","fuel_used_gallons","0","outlier_check","7320","7373","6463","5568","","avg_preceding_proceeding","","FALSE"
"A3313800318225003_commercial_sold_to","A3313800318225003","331380","Kaltag","2017-09-01","2017","9","commercial_sold_to","-3288","quality_check","","0","0","584","","avg_preceding_proceeding","","FALSE"
"A3313800616225003_diesel_kwh_generated","A3313800616225003","331380","Kaltag","2015-12-01","2015","12","diesel_kwh_generated","57274","quality_check","53902","50054","56192","63222","","raw_value","","FALSE"
"A3313800616225003_fuel_used_gallons","A3313800616225003","331380","Kaltag","2015-12-01","2015","12","fuel_used_gallons","1239","outlier_check","4043","3918","4280","4761","","avg_preceding_proceeding","","FALSE"
"A3313800617225003_diesel_kwh_generated","A3313800617225003","331380","Kaltag","2016-12-01","2016","12","diesel_kwh_generated","63360","quality_check","52775","48104","56084","63222","","raw_value","","FALSE"
"A3313800617225003_fuel_used_gallons","A3313800617225003","331380","Kaltag","2016-12-01","2016","12","fuel_used_gallons","1790","outlier_check","4127","3829","4454","4761","","avg_preceding_proceeding","","FALSE"
"A3313800618225003_diesel_kwh_generated","A3313800618225003","331380","Kaltag","2017-12-01","2017","12","diesel_kwh_generated","59366","quality_check","55827","57455","59395","63222","","raw_value","","FALSE"
"A3313800618225003_fuel_cost","A3313800618225003","331380","Kaltag","2017-12-01","2017","12","fuel_cost","-1881.49","outlier_check","11027.16","11682","11396","6835","","avg_preceding_proceeding","","FALSE"
"A3313800618225003_fuel_used_gallons","A3313800618225003","331380","Kaltag","2017-12-01","2017","12","fuel_used_gallons","-739","outlier_check","4331","4220","4476","4761","","avg_preceding_proceeding","","FALSE"
"A3313800620225003_diesel_kwh_generated","A3313800620225003","331380","Kaltag","2019-12-01","2019","12","diesel_kwh_generated","65181","quality_check","55495","50925","60638","63222","","raw_value","","FALSE"
"A3313800620225003_fuel_used_gallons","A3313800620225003","331380","Kaltag","2019-12-01","2019","12","fuel_used_gallons","318","outlier_check","4356","4023","4682","4761","","avg_preceding_proceeding","","FALSE"
"A3313800621225003_diesel_kwh_generated","A3313800621225003","331380","Kaltag","2020-12-01","2020","12","diesel_kwh_generated","64718","quality_check","58384","53248","58698","63222","","raw_value","","FALSE"
"A3313800621225003_fuel_used_gallons","A3313800621225003","331380","Kaltag","2020-12-01","2020","12","fuel_used_gallons","1312","outlier_check","4561","4217","4554","4761","","avg_preceding_proceeding","","FALSE"
"A3313800623225003_diesel_kwh_generated","A3313800623225003","331380","Kaltag","2022-12-01","2022","12","diesel_kwh_generated","69739","quality_check","75040","63903","78560","63222","","raw_value","","FALSE"
"A3313800623225003_fuel_cost","A3313800623225003","331380","Kaltag","2022-12-01","2022","12","fuel_cost","-13170.61","outlier_check","24106.82","16708","24405","6835","","avg_preceding_proceeding","","FALSE"
"A3313800623225003_fuel_used_gallons","A3313800623225003","331380","Kaltag","2022-12-01","2022","12","fuel_used_gallons","-3183","outlier_check","5826","4934","5898","4761","","avg_preceding_proceeding","","FALSE"
"A3313800823225003_fuel_used_gallons","A3313800823225003","331380","Kaltag","2023-02-01","2023","2","fuel_used_gallons","1907","outlier_check","5970","4587","5506","4481","","avg_preceding_proceeding","","TRUE"
"A3313801125225003_diesel_kwh_generated","A3313801125225003","331380","Kaltag","2025-05-01","2025","5","diesel_kwh_generated","53090","quality_check","59908","61505","55423","51707","","raw_value","","FALSE"
"A3313801125225003_fuel_used_gallons","A3313801125225003","331380","Kaltag","2025-05-01","2025","5","fuel_used_gallons","0","outlier_check","5065","4756","4556","4051","","avg_preceding_proceeding","","FALSE"
"A3313801126225003_residential_sold_to","A3313801126225003","331380","Kaltag","2026-05-01","2026","5","residential_sold_to","0","outlier_check","20764","25052","20764","20073","","avg_same_month_other_years","","FALSE"
"A3313801216225003_pce_eligible_community_kwh","A3313801216225003","331380","Kaltag","2016-06-01","2016","6","pce_eligible_community_kwh","1788","outlier_check","2672","2985","2900","7084","","raw_value","","FALSE"
"A3313801223225003_diesel_kwh_generated","A3313801223225003","331380","Kaltag","2023-06-01","2023","6","diesel_kwh_generated","47228","quality_check","59839","59501","53778","46038","","raw_value","","FALSE"
"A3313801223225003_fuel_used_gallons","A3313801223225003","331380","Kaltag","2023-06-01","2023","6","fuel_used_gallons","0","outlier_check","4718","4587","4290","3749","","avg_preceding_proceeding","","FALSE"
"A3313900123225003_govt_facil_sold_to","A3313900123225003","331390","Kasigluk","2022-07-01","2022","7","govt_facil_sold_to","-8781","quality_check","32268","30519","30456","18171","","avg_preceding_proceeding","","FALSE"
"A3313900426225003_diesel_kwh_generated","A3313900426225003","331390","Kasigluk","2025-10-01","2025","10","diesel_kwh_generated","27338","outlier_check","237043","249215","237333","214650","","avg_preceding_proceeding","","FALSE"
"A3313900426225003_fuel_used_gallons","A3313900426225003","331390","Kasigluk","2025-10-01","2025","10","fuel_used_gallons","15441","quality_check","15398","17204","16585","15860","","raw_value","","FALSE"
"A3313900623225003_diesel_kwh_generated","A3313900623225003","331390","Kasigluk","2022-12-01","2022","12","diesel_kwh_generated","249864","quality_check","197687","211977","260155","268659","","raw_value","","FALSE"
"A3313900623225003_fuel_used_gallons","A3313900623225003","331390","Kasigluk","2022-12-01","2022","12","fuel_used_gallons","1407","outlier_check","15767","15198","19585","17937","","avg_preceding_proceeding","","FALSE"
"A3313900724225003_fuel_cost","A3313900724225003","331390","Kasigluk","2024-01-01","2024","1","fuel_cost","106203.14","outlier_check","95994.21","76491","92515","55235","","raw_value","","FALSE"
"A3313900726225003_amount","A3313900726225003","331390","Kasigluk","2026-01-01","2026","1","amount","46210.15","outlier_check","41201.35","36996","40950","25514","","raw_value","","FALSE"
"A3313901125225003_diesel_kwh_generated","A3313901125225003","331390","Kasigluk","2025-05-01","2025","5","diesel_kwh_generated","200337","quality_check","256272","249215","225511","208413","","raw_value","","FALSE"
"A3313901125225003_fuel_used_gallons","A3313901125225003","331390","Kasigluk","2025-05-01","2025","5","fuel_used_gallons","0","outlier_check","17373","17204","14606","15351","","avg_preceding_proceeding","","FALSE"
"A3313901126225003_residential_sold_to","A3313901126225003","331390","Kasigluk","2026-05-01","2026","5","residential_sold_to","0","outlier_check","60952","70893","60952","57922","","avg_same_month_other_years","","FALSE"
"A3314000617225003_diesel_kwh_generated","A3314000617225003","331400","Kiana","2016-12-01","2016","12","diesel_kwh_generated","181107","quality_check","151295","127060","162137","175472","","raw_value","","FALSE"
"A3314000617225003_fuel_used_gallons","A3314000617225003","331400","Kiana","2016-12-01","2016","12","fuel_used_gallons","949","quality_check","12046","9860","14132","11613","","avg_preceding_proceeding","","FALSE"
"A3314000618225003_diesel_kwh_generated","A3314000618225003","331400","Kiana","2017-12-01","2017","12","diesel_kwh_generated","158891","quality_check","150263","132450","161993","175472","","raw_value","","FALSE"
"A3314000618225003_fuel_used_gallons","A3314000618225003","331400","Kiana","2017-12-01","2017","12","fuel_used_gallons","-2304","outlier_check","12011","10585","12900","11613","","avg_preceding_proceeding","","FALSE"
"A3314000619225003_diesel_kwh_generated","A3314000619225003","331400","Kiana","2018-12-01","2018","12","diesel_kwh_generated","187301","quality_check","156170","134655","167458","175472","","raw_value","","FALSE"
"A3314000619225003_fuel_used_gallons","A3314000619225003","331400","Kiana","2018-12-01","2018","12","fuel_used_gallons","2266","quality_check","12120","10788","12327","11613","","avg_preceding_proceeding","","FALSE"
"A3314000620225003_diesel_kwh_generated","A3314000620225003","331400","Kiana","2019-12-01","2019","12","diesel_kwh_generated","183656","quality_check","149845","134916","169670","175472","","raw_value","","FALSE"
"A3314000620225003_fuel_used_gallons","A3314000620225003","331400","Kiana","2019-12-01","2019","12","fuel_used_gallons","3138","quality_check","10539","9997","12396","11613","","avg_preceding_proceeding","","FALSE"
"A3314000622225003_fuel_used_gallons","A3314000622225003","331400","Kiana","2021-12-01","2021","12","fuel_used_gallons","28079","outlier_check","13070","10133","13154","11613","","avg_preceding_proceeding","","TRUE"
"A3314000623225003_diesel_kwh_generated","A3314000623225003","331400","Kiana","2022-12-01","2022","12","diesel_kwh_generated","190724","quality_check","164594","149435","188588","175472","","raw_value","","FALSE"
"A3314000623225003_fuel_cost","A3314000623225003","331400","Kiana","2022-12-01","2022","12","fuel_cost","-55943.54","outlier_check","52681.95","39051","61796","27550","","avg_preceding_proceeding","","FALSE"
"A3314000623225003_fuel_used_gallons","A3314000623225003","331400","Kiana","2022-12-01","2022","12","fuel_used_gallons","-12847","outlier_check","12098","10957","13327","11613","","avg_preceding_proceeding","","FALSE"
"A3314000823225003_diesel_kwh_generated","A3314000823225003","331400","Kiana","2023-02-01","2023","2","diesel_kwh_generated","170718","quality_check","212581","155918","195586","170051","","raw_value","","FALSE"
"A3314000823225003_fuel_used_gallons","A3314000823225003","331400","Kiana","2023-02-01","2023","2","fuel_used_gallons","1281","quality_check","14556","10274","13850","12702","","avg_preceding_proceeding","","FALSE"
"A3314001125225003_diesel_kwh_generated","A3314001125225003","331400","Kiana","2025-05-01","2025","5","diesel_kwh_generated","118696","quality_check","153938","156771","130388","123375","","raw_value","","FALSE"
"A3314001223225003_diesel_kwh_generated","A3314001223225003","331400","Kiana","2023-06-01","2023","6","diesel_kwh_generated","109464","quality_check","141100","155918","129339","102531","","raw_value","","FALSE"
"A3314100616225003_diesel_kwh_generated","A3314100616225003","331410","Kivalina","2015-12-01","2015","12","diesel_kwh_generated","126832","quality_check","115887","103121","122630","161278","","raw_value","","FALSE"
"A3314100616225003_fuel_used_gallons","A3314100616225003","331410","Kivalina","2015-12-01","2015","12","fuel_used_gallons","-2083","outlier_check","9219","7925","9586","9832","","avg_preceding_proceeding","","FALSE"
"A3314100617225003_diesel_kwh_generated","A3314100617225003","331410","Kivalina","2016-12-01","2016","12","diesel_kwh_generated","138923","quality_check","124874","107577","132494","161278","","raw_value","","FALSE"
"A3314100617225003_fuel_used_gallons","A3314100617225003","331410","Kivalina","2016-12-01","2016","12","fuel_used_gallons","-1138","outlier_check","9632","8209","10314","9832","","avg_preceding_proceeding","","FALSE"
"A3314100618225003_diesel_kwh_generated","A3314100618225003","331410","Kivalina","2017-12-01","2017","12","diesel_kwh_generated","122013","quality_check","116094","109473","122230","161278","","raw_value","","FALSE"
"A3314100618225003_fuel_used_gallons","A3314100618225003","331410","Kivalina","2017-12-01","2017","12","fuel_used_gallons","-494","quality_check","9270","8534","9532","9832","","avg_preceding_proceeding","","FALSE"
"A3314100619225003_diesel_kwh_generated","A3314100619225003","331410","Kivalina","2018-12-01","2018","12","diesel_kwh_generated","138583","quality_check","116428","105152","126515","161278","","raw_value","","FALSE"
"A3314100619225003_fuel_used_gallons","A3314100619225003","331410","Kivalina","2018-12-01","2018","12","fuel_used_gallons","2962","quality_check","8623","8270","8524","9832","","avg_preceding_proceeding","","FALSE"
"A3314100624225003_fuel_cost","A3314100624225003","331410","Kivalina","2023-12-01","2023","12","fuel_cost","113946.43","outlier_check","50112.44","40654","58018","13257","","raw_value","","FALSE"
"A3314100823225003_diesel_kwh_generated","A3314100823225003","331410","Kivalina","2023-02-01","2023","2","diesel_kwh_generated","166559","quality_check","236771","144554","191816","162808","","raw_value","","FALSE"
"A3314100823225003_fuel_used_gallons","A3314100823225003","331410","Kivalina","2023-02-01","2023","2","fuel_used_gallons","404","quality_check","16430","9349","12921","11882","","avg_preceding_proceeding","","FALSE"
"A3314101125225003_diesel_kwh_generated","A3314101125225003","331410","Kivalina","2025-05-01","2025","5","diesel_kwh_generated","115482","quality_check","134665","137164","119007","122592","","raw_value","","FALSE"
"A3314101126225003_residential_sold_to","A3314101126225003","331410","Kivalina","2026-05-01","2026","5","residential_sold_to","0","outlier_check","52377","60732","52377","43029","","avg_same_month_other_years","","FALSE"
"A3314101223225003_diesel_kwh_generated","A3314101223225003","331410","Kivalina","2023-06-01","2023","6","diesel_kwh_generated","115714","quality_check","146455","144554","132176","102828","","raw_value","","FALSE"
"A3314200724225003_amount","A3314200724225003","331420","Koyuk","2024-01-01","2024","1","amount","33672.33","outlier_check","22818.4","23771","26782","17200","","raw_value","","FALSE"
"A3314200726225003_pce_eligible_residential_kwh","A3314200726225003","331420","Koyuk","2026-01-01","2026","1","pce_eligible_residential_kwh","49807","outlier_check","46075","41808","45550","38342","","raw_value","","FALSE"
"A3314200823225003_diesel_kwh_generated","A3314200823225003","331420","Koyuk","2023-02-01","2023","2","diesel_kwh_generated","113816","quality_check","147646","114250","132292","123466","","raw_value","","FALSE"
"A3314200823225003_fuel_used_gallons","A3314200823225003","331420","Koyuk","2023-02-01","2023","2","fuel_used_gallons","658","quality_check","10465","8611","9570","8938","","avg_preceding_proceeding","","FALSE"
"A3314201125225003_diesel_kwh_generated","A3314201125225003","331420","Koyuk","2025-05-01","2025","5","diesel_kwh_generated","89926","quality_check","117075","113823","98750","96996","","raw_value","","FALSE"
"A3314201125225003_fuel_used_gallons","A3314201125225003","331420","Koyuk","2025-05-01","2025","5","fuel_used_gallons","0","outlier_check","8734","8591","7402","6937","","avg_preceding_proceeding","","FALSE"
"A3314201126225003_residential_sold_to","A3314201126225003","331420","Koyuk","2026-05-01","2026","5","residential_sold_to","0","outlier_check","44812","57750","44812","36581","","avg_same_month_other_years","","FALSE"
"A3314201223225003_diesel_kwh_generated","A3314201223225003","331420","Koyuk","2023-06-01","2023","6","diesel_kwh_generated","83920","quality_check","104603","114250","98810","81346","","raw_value","","FALSE"
"A3314201223225003_fuel_used_gallons","A3314201223225003","331420","Koyuk","2023-06-01","2023","6","fuel_used_gallons","0","outlier_check","8093","8611","7018","5873","","avg_preceding_proceeding","","FALSE"
"A3314300323225003_amount","A3314300323225003","331430","Lower Kalskag","2022-09-01","2022","9","amount","24049.85","outlier_check","8590.9","8531","9242","9660","","avg_preceding_proceeding","","FALSE"
"A3314300626225003_diesel_kwh_generated","A3314300626225003","331430","Lower Kalskag","2025-12-01","2025","12","diesel_kwh_generated","266501","outlier_check","0","0","0","0","","avg_preceding_proceeding","","FALSE"
"A3314300724225003_amount","A3314300724225003","331430","Lower Kalskag","2024-01-01","2024","1","amount","24266.27","outlier_check","16619.01","17655","18606","12818","","raw_value","","FALSE"
"A3314400620225003_fuel_cost","A3314400620225003","331440","Marshall","2019-12-01","2019","12","fuel_cost","69690.97","outlier_check","25105.04","25032","28623","28078","","avg_preceding_proceeding","","FALSE"
"A3314400624225003_fuel_cost","A3314400624225003","331440","Marshall","2023-12-01","2023","12","fuel_cost","99132.87","outlier_check","40870.68","33100","46958","28078","","avg_preceding_proceeding","","FALSE"
"A3314400823225003_diesel_kwh_generated","A3314400823225003","331440","Marshall","2023-02-01","2023","2","diesel_kwh_generated","136172","quality_check","175500","137042","160206","145143","","raw_value","","FALSE"
"A3314400823225003_fuel_used_gallons","A3314400823225003","331440","Marshall","2023-02-01","2023","2","fuel_used_gallons","964","outlier_check","11895","9598","10896","10030","","avg_preceding_proceeding","","FALSE"
"A3314401125225003_diesel_kwh_generated","A3314401125225003","331440","Marshall","2025-05-01","2025","5","diesel_kwh_generated","132335","quality_check","142261","144809","132718","118328","","raw_value","","FALSE"
"A3314401125225003_fuel_used_gallons","A3314401125225003","331440","Marshall","2025-05-01","2025","5","fuel_used_gallons","0","outlier_check","9785","10314","9144","8428","","avg_preceding_proceeding","","FALSE"
"A3314401126225003_residential_sold_to","A3314401126225003","331440","Marshall","2026-05-01","2026","5","residential_sold_to","0","outlier_check","50274","66261","50274","44581","","avg_same_month_other_years","","FALSE"
"A3314401223225003_diesel_kwh_generated","A3314401223225003","331440","Marshall","2023-06-01","2023","6","diesel_kwh_generated","110887","quality_check","136841","137042","129651","107406","","raw_value","","FALSE"
"A3314401223225003_fuel_used_gallons","A3314401223225003","331440","Marshall","2023-06-01","2023","6","fuel_used_gallons","0","outlier_check","9722","9598","9324","7764","","avg_preceding_proceeding","","FALSE"
"A3314500622225003_diesel_kwh_generated","A3314500622225003","331450","Mekoryuk","2021-12-01","2021","12","diesel_kwh_generated","91727","quality_check","89878","75327","93224","86472","","raw_value","","FALSE"
"A3314500622225003_fuel_used_gallons","A3314500622225003","331450","Mekoryuk","2021-12-01","2021","12","fuel_used_gallons","1184","quality_check","6119","5121","6302","6041","","raw_value","","FALSE"
"A3314500623225003_fuel_cost","A3314500623225003","331450","Mekoryuk","2022-12-01","2022","12","fuel_cost","80314.42","outlier_check","20429.01","14926","24574","21485","","raw_value","","FALSE"
"A3314500823225003_diesel_kwh_generated","A3314500823225003","331450","Mekoryuk","2023-02-01","2023","2","diesel_kwh_generated","84116","quality_check","102247","78104","96065","85672","","raw_value","","FALSE"
"A3314500823225003_fuel_used_gallons","A3314500823225003","331450","Mekoryuk","2023-02-01","2023","2","fuel_used_gallons","1103","quality_check","7008","5047","6560","5970","","raw_value","","FALSE"
"A3314501125225003_diesel_kwh_generated","A3314501125225003","331450","Mekoryuk","2025-05-01","2025","5","diesel_kwh_generated","72422","quality_check","84484","77768","75934","64393","","raw_value","","FALSE"
"A3314501126225003_residential_sold_to","A3314501126225003","331450","Mekoryuk","2026-05-01","2026","5","residential_sold_to","0","outlier_check","25632","28744","25632","24098","","avg_same_month_other_years","","FALSE"
"A3314501223225003_diesel_kwh_generated","A3314501223225003","331450","Mekoryuk","2023-06-01","2023","6","diesel_kwh_generated","60103","quality_check","79071","78104","70545","53275","","raw_value","","FALSE"
"A3314600116225003_pce_eligible_community_kwh","A3314600116225003","331460","Minto","2015-07-01","2015","7","pce_eligible_community_kwh","7562","outlier_check","","10688","8661","10479","","raw_value","","FALSE"
"A3314600117225003_pce_eligible_community_kwh","A3314600117225003","331460","Minto","2016-07-01","2016","7","pce_eligible_community_kwh","6415","outlier_check","","11297","","10479","","raw_value","","FALSE"
"A3314600217225003_pce_eligible_community_kwh","A3314600217225003","331460","Minto","2016-08-01","2016","8","pce_eligible_community_kwh","6632","outlier_check","","11297","8838","10378","","raw_value","","FALSE"
"A3314600218225003_pce_eligible_community_kwh","A3314600218225003","331460","Minto","2017-08-01","2017","8","pce_eligible_community_kwh","7649","outlier_check","9065","11522","8781","10378","","raw_value","","FALSE"
"A3314600616225003_diesel_kwh_generated","A3314600616225003","331460","Minto","2015-12-01","2015","12","diesel_kwh_generated","64526","quality_check","57267","51444","64454","91943","","raw_value","","FALSE"
"A3314600616225003_fuel_used_gallons","A3314600616225003","331460","Minto","2015-12-01","2015","12","fuel_used_gallons","265","quality_check","4648","4113","5107","6846","","avg_preceding_proceeding","","FALSE"
"A3314600617225003_diesel_kwh_generated","A3314600617225003","331460","Minto","2016-12-01","2016","12","diesel_kwh_generated","70501","quality_check","60002","54083","64068","91943","","raw_value","","FALSE"
"A3314600617225003_fuel_used_gallons","A3314600617225003","331460","Minto","2016-12-01","2016","12","fuel_used_gallons","2092","quality_check","5309","4476","5545","6846","","avg_preceding_proceeding","","FALSE"
"A3314600618225003_diesel_kwh_generated","A3314600618225003","331460","Minto","2017-12-01","2017","12","diesel_kwh_generated","63502","quality_check","58929","51728","62938","91943","","raw_value","","FALSE"
"A3314600618225003_fuel_used_gallons","A3314600618225003","331460","Minto","2017-12-01","2017","12","fuel_used_gallons","1067","quality_check","5250","4157","5144","6846","","avg_preceding_proceeding","","FALSE"
"A3314600620225003_diesel_kwh_generated","A3314600620225003","331460","Minto","2019-12-01","2019","12","diesel_kwh_generated","69043","quality_check","56765","53232","65026","91943","","raw_value","","FALSE"
"A3314600620225003_fuel_cost","A3314600620225003","331460","Minto","2019-12-01","2019","12","fuel_cost","-16221.51","outlier_check","10792.3","11076","12396","3224","","avg_preceding_proceeding","","FALSE"
"A3314600620225003_fuel_used_gallons","A3314600620225003","331460","Minto","2019-12-01","2019","12","fuel_used_gallons","-6624","outlier_check","4407","4280","5062","6846","","avg_preceding_proceeding","","FALSE"
"A3314600623225003_diesel_kwh_generated","A3314600623225003","331460","Minto","2022-12-01","2022","12","diesel_kwh_generated","84774","quality_check","63783","65671","80097","91943","","raw_value","","FALSE"
"A3314600623225003_fuel_used_gallons","A3314600623225003","331460","Minto","2022-12-01","2022","12","fuel_used_gallons","-3082","outlier_check","5074","5156","6724","6846","","avg_preceding_proceeding","","FALSE"
"A3314600724225003_fuel_cost","A3314600724225003","331460","Minto","2024-01-01","2024","1","fuel_cost","35407.03","outlier_check","-5554.96","19122","12268","14157","","raw_value","","FALSE"
"A3314600823225003_diesel_kwh_generated","A3314600823225003","331460","Minto","2023-02-01","2023","2","diesel_kwh_generated","75292","quality_check","96411","80218","86075","76778","","raw_value","","FALSE"
"A3314600823225003_fuel_used_gallons","A3314600823225003","331460","Minto","2023-02-01","2023","2","fuel_used_gallons","140","quality_check","8374","5844","7081","6002","","avg_preceding_proceeding","","FALSE"
"A3314601125225003_diesel_kwh_generated","A3314601125225003","331460","Minto","2025-05-01","2025","5","diesel_kwh_generated","77209","quality_check","86674","95236","77992","58209","","raw_value","","FALSE"
"A3314601216225003_pce_eligible_community_kwh","A3314601216225003","331460","Minto","2016-06-01","2016","6","pce_eligible_community_kwh","6037","outlier_check","8862","11297","8862","11246","","raw_value","","FALSE"
"A3314601218225003_pce_eligible_community_kwh","A3314601218225003","331460","Minto","2018-06-01","2018","6","pce_eligible_community_kwh","6807","outlier_check","9475","11041","9068","11246","","raw_value","","FALSE"
"A3314601223225003_diesel_kwh_generated","A3314601223225003","331460","Minto","2023-06-01","2023","6","diesel_kwh_generated","58043","quality_check","73730","80218","70660","51404","","raw_value","","FALSE"
"A3314700616225003_diesel_kwh_generated","A3314700616225003","331470","Mountain Village","2015-12-01","2015","12","diesel_kwh_generated","282529","quality_check","259288","215435","273253","119396","","raw_value","","FALSE"
"A3314700616225003_fuel_used_gallons","A3314700616225003","331470","Mountain Village","2015-12-01","2015","12","fuel_used_gallons","5913","quality_check","19154","16327","19760","9007","","avg_preceding_proceeding","","FALSE"
"A3314701126225003_residential_sold_to","A3314701126225003","331470","Mountain Village","2026-05-01","2026","5","residential_sold_to","0","outlier_check","65059","70710","65059","65252","","avg_same_month_other_years","","FALSE"
"A3314701224225003_fuel_cost","A3314701224225003","331470","Mountain Village","2024-06-01","2024","6","fuel_cost","624656.77","outlier_check","0","0","0","21644","","avg_preceding_proceeding","","FALSE"
"A3314800526225003_commercial_sold_to","A3314800526225003","331480","New Stuyahok","2025-11-01","2025","11","commercial_sold_to","-5399","outlier_check","3465","3695","3465","6004","","raw_value","","FALSE"
"A3314800617225003_diesel_kwh_generated","A3314800617225003","331480","New Stuyahok","2016-12-01","2016","12","diesel_kwh_generated","141327","quality_check","123530","112390","127169","174252","","raw_value","","FALSE"
"A3314800617225003_fuel_used_gallons","A3314800617225003","331480","New Stuyahok","2016-12-01","2016","12","fuel_used_gallons","1914","quality_check","9392","8444","9642","13504","","avg_preceding_proceeding","","FALSE"
"A3314800618225003_diesel_kwh_generated","A3314800618225003","331480","New Stuyahok","2017-12-01","2017","12","diesel_kwh_generated","167035","quality_check","159427","141572","163047","174252","","raw_value","","FALSE"
"A3314800618225003_fuel_cost","A3314800618225003","331480","New Stuyahok","2017-12-01","2017","12","fuel_cost","-31091.94","outlier_check","37395.33","35736","37767","26396","","avg_preceding_proceeding","","FALSE"
"A3314800618225003_fuel_used_gallons","A3314800618225003","331480","New Stuyahok","2017-12-01","2017","12","fuel_used_gallons","-9920","outlier_check","11931","10623","12050","13504","","avg_preceding_proceeding","","FALSE"
"A3314800623225003_diesel_kwh_generated","A3314800623225003","331480","New Stuyahok","2022-12-01","2022","12","diesel_kwh_generated","173730","quality_check","150818","154740","175366","174252","","raw_value","","FALSE"
"A3314800623225003_fuel_used_gallons","A3314800623225003","331480","New Stuyahok","2022-12-01","2022","12","fuel_used_gallons","1875","quality_check","12122","11504","13218","13504","","avg_preceding_proceeding","","FALSE"
"A3314800823225003_diesel_kwh_generated","A3314800823225003","331480","New Stuyahok","2023-02-01","2023","2","diesel_kwh_generated","149320","quality_check","199915","164257","184400","160079","","raw_value","","FALSE"
"A3314800823225003_fuel_used_gallons","A3314800823225003","331480","New Stuyahok","2023-02-01","2023","2","fuel_used_gallons","879","outlier_check","14314","12626","13784","11561","","avg_preceding_proceeding","","FALSE"
"A3314801125225003_diesel_kwh_generated","A3314801125225003","331480","New Stuyahok","2025-05-01","2025","5","diesel_kwh_generated","146507","quality_check","160930","163318","143815","147203","","raw_value","","FALSE"
"A3314801125225003_fuel_used_gallons","A3314801125225003","331480","New Stuyahok","2025-05-01","2025","5","fuel_used_gallons","0","outlier_check","12108","12287","10912","10913","","avg_preceding_proceeding","","FALSE"
"A3314801126225003_residential_sold_to","A3314801126225003","331480","New Stuyahok","2026-05-01","2026","5","residential_sold_to","0","outlier_check","48415","57362","48415","44342","","avg_same_month_other_years","","FALSE"
"A3314801223225003_diesel_kwh_generated","A3314801223225003","331480","New Stuyahok","2023-06-01","2023","6","diesel_kwh_generated","125477","quality_check","166048","164257","150866","122175","","raw_value","","FALSE"
"A3314801223225003_fuel_used_gallons","A3314801223225003","331480","New Stuyahok","2023-06-01","2023","6","fuel_used_gallons","0","outlier_check","12510","12626","11572","9193","","avg_preceding_proceeding","","FALSE"
"A3314901026225003_pce_eligible_community_kwh","A3314901026225003","331490","Nightmute","2026-04-01","2026","4","pce_eligible_community_kwh","15085","outlier_check","3764","5377","5495","5488","","avg_preceding_proceeding","","FALSE"
"A3314901126225003_residential_sold_to","A3314901126225003","331490","Nightmute","2026-05-01","2026","5","residential_sold_to","0","outlier_check","39098","29810","39098","21533","","avg_same_month_other_years","","FALSE"
"A3315000622225003_fuel_cost","A3315000622225003","331500","Noatak","2021-12-01","2021","12","fuel_cost","217784.03","outlier_check","83332.3","79770","101276","50355","","avg_preceding_proceeding","","FALSE"
"A3315000623225003_diesel_kwh_generated","A3315000623225003","331500","Noatak","2022-12-01","2022","12","diesel_kwh_generated","191301","quality_check","174374","157715","195580","190670","","raw_value","","FALSE"
"A3315000623225003_fuel_cost","A3315000623225003","331500","Noatak","2022-12-01","2022","12","fuel_cost","-33356.85","outlier_check","139574.75","113607","154154","50355","","avg_preceding_proceeding","","FALSE"
"A3315000623225003_fuel_used_gallons","A3315000623225003","331500","Noatak","2022-12-01","2022","12","fuel_used_gallons","-3114","outlier_check","13030","11699","14360","12001","","avg_preceding_proceeding","","FALSE"
"A3315000624225003_fuel_cost","A3315000624225003","331500","Noatak","2023-12-01","2023","12","fuel_cost","-302346.2","outlier_check","144890.17","108368","160997","50355","","avg_preceding_proceeding","","FALSE"
"A3315000723225003_pce_eligible_residential_kwh","A3315000723225003","331500","Noatak","2023-01-01","2023","1","pce_eligible_residential_kwh","74857","outlier_check","69780","61628","67926","58752","","raw_value","","FALSE"
"A3315000823225003_diesel_kwh_generated","A3315000823225003","331500","Noatak","2023-02-01","2023","2","diesel_kwh_generated","180761","quality_check","216787","167832","195660","184253","","raw_value","","FALSE"
"A3315000823225003_fuel_used_gallons","A3315000823225003","331500","Noatak","2023-02-01","2023","2","fuel_used_gallons","954","outlier_check","15691","12555","14200","13380","","avg_preceding_proceeding","","FALSE"
"A3315000926225003_diesel_kwh_generated","A3315000926225003","331500","Noatak","2026-03-01","2026","3","diesel_kwh_generated","200417","quality_check","198158","190414","192078","176618","","raw_value","","FALSE"
"A3315000926225003_fuel_used_gallons","A3315000926225003","331500","Noatak","2026-03-01","2026","3","fuel_used_gallons","2716","quality_check","15332","14184","14264","12704","","avg_preceding_proceeding","","FALSE"
"A3315001125225003_diesel_kwh_generated","A3315001125225003","331500","Noatak","2025-05-01","2025","5","diesel_kwh_generated","134754","quality_check","177827","178745","154844","142614","","raw_value","","FALSE"
"A3315001125225003_fuel_used_gallons","A3315001125225003","331500","Noatak","2025-05-01","2025","5","fuel_used_gallons","0","outlier_check","12894","12914","10704","10482","","avg_preceding_proceeding","","FALSE"
"A3315001126225003_residential_sold_to","A3315001126225003","331500","Noatak","2026-05-01","2026","5","residential_sold_to","0","outlier_check","64288","61923","64288","59924","","avg_same_month_other_years","","FALSE"
"A3315001223225003_diesel_kwh_generated","A3315001223225003","331500","Noatak","2023-06-01","2023","6","diesel_kwh_generated","116881","quality_check","159593","167832","142023","118411","","raw_value","","FALSE"
"A3315001223225003_fuel_used_gallons","A3315001223225003","331500","Noatak","2023-06-01","2023","6","fuel_used_gallons","0","outlier_check","11756","12555","10848","8752","","avg_preceding_proceeding","","FALSE"
"A3315100616225003_diesel_kwh_generated","A3315100616225003","331510","Noorvik","2015-12-01","2015","12","diesel_kwh_generated","205727","quality_check","195004","149303","194232","211524","","raw_value","","FALSE"
"A3315100616225003_fuel_used_gallons","A3315100616225003","331510","Noorvik","2015-12-01","2015","12","fuel_used_gallons","-270","quality_check","16069","11803","15770","15293","","avg_preceding_proceeding","","FALSE"
"A3315100823225003_diesel_kwh_generated","A3315100823225003","331510","Noorvik","2023-02-01","2023","2","diesel_kwh_generated","196026","quality_check","239055","187905","221250","202402","","raw_value","","FALSE"
"A3315100823225003_fuel_used_gallons","A3315100823225003","331510","Noorvik","2023-02-01","2023","2","fuel_used_gallons","3799","quality_check","16894","12420","15840","14628","","avg_preceding_proceeding","","FALSE"
"A3315101125225003_diesel_kwh_generated","A3315101125225003","331510","Noorvik","2025-05-01","2025","5","diesel_kwh_generated","163053","quality_check","192225","180597","162679","154927","","raw_value","","FALSE"
"A3315101223225003_diesel_kwh_generated","A3315101223225003","331510","Noorvik","2023-06-01","2023","6","diesel_kwh_generated","129004","quality_check","178477","187905","154334","116638","","raw_value","","FALSE"
"A3315200616225003_diesel_kwh_generated","A3315200616225003","331520","Nulato","2015-12-01","2015","12","diesel_kwh_generated","103281","quality_check","97591","78003","101780","109322","","raw_value","","FALSE"
"A3315200616225003_fuel_used_gallons","A3315200616225003","331520","Nulato","2015-12-01","2015","12","fuel_used_gallons","-200","outlier_check","8206","6197","8285","8837","","avg_preceding_proceeding","","FALSE"
"A3315200617225003_diesel_kwh_generated","A3315200617225003","331520","Nulato","2016-12-01","2016","12","diesel_kwh_generated","110343","quality_check","98807","85099","102542","109322","","raw_value","","FALSE"
"A3315200617225003_fuel_used_gallons","A3315200617225003","331520","Nulato","2016-12-01","2016","12","fuel_used_gallons","2363","quality_check","7869","6905","8364","8837","","avg_preceding_proceeding","","FALSE"
"A3315200618225003_diesel_kwh_generated","A3315200618225003","331520","Nulato","2017-12-01","2017","12","diesel_kwh_generated","97074","quality_check","89401","85514","93114","109322","","raw_value","","FALSE"
"A3315200618225003_fuel_cost","A3315200618225003","331520","Nulato","2017-12-01","2017","12","fuel_cost","-13185.18","outlier_check","17029.95","16205","17681","4855","","avg_preceding_proceeding","","FALSE"
"A3315200618225003_fuel_used_gallons","A3315200618225003","331520","Nulato","2017-12-01","2017","12","fuel_used_gallons","-5464","outlier_check","7057","6767","7327","8837","","avg_preceding_proceeding","","FALSE"
"A3315200620225003_diesel_kwh_generated","A3315200620225003","331520","Nulato","2019-12-01","2019","12","diesel_kwh_generated","102865","quality_check","86375","81603","96627","109322","","raw_value","","FALSE"
"A3315200620225003_fuel_used_gallons","A3315200620225003","331520","Nulato","2019-12-01","2019","12","fuel_used_gallons","-2619","outlier_check","7243","6620","8010","8837","","avg_preceding_proceeding","","FALSE"
"A3315200621225003_diesel_kwh_generated","A3315200621225003","331520","Nulato","2020-12-01","2020","12","diesel_kwh_generated","109726","quality_check","100571","85912","98268","109322","","raw_value","","FALSE"
"A3315200621225003_fuel_used_gallons","A3315200621225003","331520","Nulato","2020-12-01","2020","12","fuel_used_gallons","2544","quality_check","7696","6743","7776","8837","","avg_preceding_proceeding","","FALSE"
"A3315200623225003_diesel_kwh_generated","A3315200623225003","331520","Nulato","2022-12-01","2022","12","diesel_kwh_generated","104504","quality_check","91015","86802","105422","109322","","raw_value","","FALSE"
"A3315200623225003_fuel_cost","A3315200623225003","331520","Nulato","2022-12-01","2022","12","fuel_cost","-64912.81","outlier_check","39030.18","26958","43521","4855","","avg_preceding_proceeding","","FALSE"
"A3315200623225003_fuel_used_gallons","A3315200623225003","331520","Nulato","2022-12-01","2022","12","fuel_used_gallons","-12748","outlier_check","7665","6868","8547","8837","","avg_preceding_proceeding","","FALSE"
"A3315200823225003_diesel_kwh_generated","A3315200823225003","331520","Nulato","2023-02-01","2023","2","diesel_kwh_generated","92356","quality_check","119828","98555","109572","100626","","raw_value","","FALSE"
"A3315200823225003_fuel_used_gallons","A3315200823225003","331520","Nulato","2023-02-01","2023","2","fuel_used_gallons","583","outlier_check","9429","7848","8740","8156","","avg_preceding_proceeding","","FALSE"
"A3315201125225003_diesel_kwh_generated","A3315201125225003","331520","Nulato","2025-05-01","2025","5","diesel_kwh_generated","89184","quality_check","98293","102407","89336","84408","","raw_value","","FALSE"
"A3315201125225003_fuel_used_gallons","A3315201125225003","331520","Nulato","2025-05-01","2025","5","fuel_used_gallons","0","outlier_check","8349","8490","7670","6684","","avg_preceding_proceeding","","FALSE"
"A3315201126225003_residential_sold_to","A3315201126225003","331520","Nulato","2026-05-01","2026","5","residential_sold_to","0","outlier_check","40220","50006","40220","36915","","avg_same_month_other_years","","FALSE"
"A3315201223225003_diesel_kwh_generated","A3315201223225003","331520","Nulato","2023-06-01","2023","6","diesel_kwh_generated","69790","quality_check","96333","98555","87590","71211","","raw_value","","FALSE"
"A3315201223225003_fuel_used_gallons","A3315201223225003","331520","Nulato","2023-06-01","2023","6","fuel_used_gallons","0","outlier_check","7600","7848","6896","5886","","avg_preceding_proceeding","","FALSE"
"A3315300425225003_amount","A3315300425225003","331530","Nunapitchuk","2024-10-01","2024","10","amount","54748.83","outlier_check","24199.5","27260","27168","17680","","raw_value","","FALSE"
"A3315300425225003_commercial_sold_to","A3315300425225003","331530","Nunapitchuk","2024-10-01","2024","10","commercial_sold_to","-50916","outlier_check","13082","11234","10616","9362","","avg_preceding_proceeding","","FALSE"
"A3315300625225003_amount","A3315300625225003","331530","Nunapitchuk","2024-12-01","2024","12","amount","35091.91","outlier_check","30137.35","27260","30137","17974","","raw_value","","FALSE"
"A3315300626225003_amount","A3315300626225003","331530","Nunapitchuk","2025-12-01","2025","12","amount","35461.19","outlier_check","32880.97","30268","32881","17974","","raw_value","","FALSE"
"A3315300725225003_amount","A3315300725225003","331530","Nunapitchuk","2025-01-01","2025","1","amount","38003.99","outlier_check","","30268","32474","18961","","raw_value","","FALSE"
"A3315300726225003_amount","A3315300726225003","331530","Nunapitchuk","2026-01-01","2026","1","amount","39854.23","outlier_check","","26216","","18961","","raw_value","","FALSE"
"A3315300826225003_amount","A3315300826225003","331530","Nunapitchuk","2026-02-01","2026","2","amount","36462.03","outlier_check","","26216","","18891","","raw_value","","FALSE"
"A3315300925225003_amount","A3315300925225003","331530","Nunapitchuk","2025-03-01","2025","3","amount","34774.69","outlier_check","32473.81","30268","32326","17362","","raw_value","","FALSE"
"A3315300926225003_amount","A3315300926225003","331530","Nunapitchuk","2026-03-01","2026","3","amount","38065.81","outlier_check","","26216","21857","17362","","raw_value","","FALSE"
"A3315301126225003_commercial_sold_to","A3315301126225003","331530","Nunapitchuk","2026-05-01","2026","5","commercial_sold_to","0","outlier_check","11994","12866","11994","9297","","raw_value","","TRUE"
"A3315301126225003_residential_sold_to","A3315301126225003","331530","Nunapitchuk","2026-05-01","2026","5","residential_sold_to","0","outlier_check","59826","71756","59826","49335","","avg_same_month_other_years","","FALSE"
"A3315400321225003_pce_eligible_residential_kwh","A3315400321225003","331540","Old Harbor","2020-09-01","2020","9","pce_eligible_residential_kwh","15225","outlier_check","23151","25775","26968","25594","","raw_value","","FALSE"
"A3315400526225003_fuel_cost","A3315400526225003","331540","Old Harbor","2025-11-01","2025","11","fuel_cost","0","outlier_check","15520.16","13863","15520","16368","","raw_value","","FALSE"
"A3315400616225003_diesel_kwh_generated","A3315400616225003","331540","Old Harbor","2015-12-01","2015","12","diesel_kwh_generated","74224","quality_check","73362","66961","75717","77528","","raw_value","","FALSE"
"A3315400616225003_fuel_used_gallons","A3315400616225003","331540","Old Harbor","2015-12-01","2015","12","fuel_used_gallons","823","outlier_check","4963","4706","5209","4536","","avg_preceding_proceeding","","FALSE"
"A3315400617225003_fuel_used_gallons","A3315400617225003","331540","Old Harbor","2016-12-01","2016","12","fuel_used_gallons","7148","outlier_check","5165","5001","5285","4536","","avg_preceding_proceeding","","TRUE"
"A3315400618225003_diesel_kwh_generated","A3315400618225003","331540","Old Harbor","2017-12-01","2017","12","diesel_kwh_generated","77414","quality_check","71560","71362","73106","77528","","raw_value","","FALSE"
"A3315400618225003_fuel_used_gallons","A3315400618225003","331540","Old Harbor","2017-12-01","2017","12","fuel_used_gallons","1183","outlier_check","5108","5095","5218","4536","","avg_preceding_proceeding","","FALSE"
"A3315400619225003_diesel_kwh_generated","A3315400619225003","331540","Old Harbor","2018-12-01","2018","12","diesel_kwh_generated","77578","quality_check","67711","66582","71133","77528","","raw_value","","FALSE"
"A3315400619225003_fuel_used_gallons","A3315400619225003","331540","Old Harbor","2018-12-01","2018","12","fuel_used_gallons","1928","outlier_check","4833","4801","4850","4536","","avg_preceding_proceeding","","FALSE"
"A3315400620225003_diesel_kwh_generated","A3315400620225003","331540","Old Harbor","2019-12-01","2019","12","diesel_kwh_generated","76706","quality_check","64196","62103","71228","77528","","raw_value","","FALSE"
"A3315400620225003_fuel_cost","A3315400620225003","331540","Old Harbor","2019-12-01","2019","12","fuel_cost","-8345.87","outlier_check","15728.03","14414","18429","10032","","avg_preceding_proceeding","","FALSE"
"A3315400620225003_fuel_used_gallons","A3315400620225003","331540","Old Harbor","2019-12-01","2019","12","fuel_used_gallons","-2467","outlier_check","4649","4530","5602","4536","","avg_preceding_proceeding","","FALSE"
"A3315400623225003_diesel_kwh_generated","A3315400623225003","331540","Old Harbor","2022-12-01","2022","12","diesel_kwh_generated","67121","quality_check","62085","66960","69231","77528","","raw_value","","FALSE"
"A3315400623225003_fuel_used_gallons","A3315400623225003","331540","Old Harbor","2022-12-01","2022","12","fuel_used_gallons","1824","outlier_check","4895","4781","4988","4536","","avg_preceding_proceeding","","FALSE"
"A3315400625225003_fuel_cost","A3315400625225003","331540","Old Harbor","2024-12-01","2024","12","fuel_cost","35002.34","outlier_check","16100.27","18123","17156","10032","","avg_preceding_proceeding","","FALSE"
"A3315400626225003_fuel_cost","A3315400626225003","331540","Old Harbor","2025-12-01","2025","12","fuel_cost","0","outlier_check","","13863","","10032","","raw_value","","FALSE"
"A3315400626225003_fuel_used_gallons","A3315400626225003","331540","Old Harbor","2025-12-01","2025","12","fuel_used_gallons","7076","outlier_check","6441","4308","6210","4536","","raw_value","","TRUE"
"A3315400722225003_fuel_used_gallons","A3315400722225003","331540","Old Harbor","2022-01-01","2022","1","fuel_used_gallons","7347","outlier_check","4444","4781","4864","5550","","avg_preceding_proceeding","","TRUE"
"A3315400726225003_fuel_cost","A3315400726225003","331540","Old Harbor","2026-01-01","2026","1","fuel_cost","0","outlier_check","","","","18947","","raw_value","","FALSE"
"A3315400823225003_diesel_kwh_generated","A3315400823225003","331540","Old Harbor","2023-02-01","2023","2","diesel_kwh_generated","59571","quality_check","76377","69629","71190","70010","","raw_value","","FALSE"
"A3315400823225003_fuel_cost","A3315400823225003","331540","Old Harbor","2023-02-01","2023","2","fuel_cost","0.34","outlier_check","26043.64","19574","23558","15275","","avg_preceding_proceeding","","FALSE"
"A3315400823225003_fuel_used_gallons","A3315400823225003","331540","Old Harbor","2023-02-01","2023","2","fuel_used_gallons","195","outlier_check","5080","4899","4805","4861","","avg_preceding_proceeding","","FALSE"
"A3315400826225003_fuel_cost","A3315400826225003","331540","Old Harbor","2026-02-01","2026","2","fuel_cost","0","outlier_check","","","","15275","","raw_value","","FALSE"
"A3315400926225003_fuel_cost","A3315400926225003","331540","Old Harbor","2026-03-01","2026","3","fuel_cost","0","outlier_check","","","","15803","","raw_value","","FALSE"
"A3315401026225003_fuel_cost","A3315401026225003","331540","Old Harbor","2026-04-01","2026","4","fuel_cost","0","outlier_check","","","","15685","","raw_value","","FALSE"
"A3315401125225003_diesel_kwh_generated","A3315401125225003","331540","Old Harbor","2025-05-01","2025","5","diesel_kwh_generated","65622","quality_check","67118","72119","65452","70177","","raw_value","","FALSE"
"A3315401125225003_fuel_used_gallons","A3315401125225003","331540","Old Harbor","2025-05-01","2025","5","fuel_used_gallons","0","outlier_check","3972","4308","3772","4924","","avg_preceding_proceeding","","FALSE"
"A3315401126225003_fuel_cost","A3315401126225003","331540","Old Harbor","2026-05-01","2026","5","fuel_cost","0","outlier_check","","","","14269","","raw_value","","FALSE"
"A3315401126225003_residential_sold_to","A3315401126225003","331540","Old Harbor","2026-05-01","2026","5","residential_sold_to","0","outlier_check","29732","32124","29732","29518","","avg_same_month_other_years","","FALSE"
"A3315401223225003_diesel_kwh_generated","A3315401223225003","331540","Old Harbor","2023-06-01","2023","6","diesel_kwh_generated","61758","quality_check","74889","69629","72416","62368","","raw_value","","FALSE"
"A3315401223225003_fuel_used_gallons","A3315401223225003","331540","Old Harbor","2023-06-01","2023","6","fuel_used_gallons","0","outlier_check","5088","4899","5182","4269","","avg_preceding_proceeding","","FALSE"
"A3315500618225003_diesel_kwh_generated","A3315500618225003","331550","Pilot Station","2017-12-01","2017","12","diesel_kwh_generated","176189","quality_check","161123","167470","172176","195784","","raw_value","","FALSE"
"A3315500618225003_fuel_used_gallons","A3315500618225003","331550","Pilot Station","2017-12-01","2017","12","fuel_used_gallons","4771","quality_check","13270","13390","13880","13962","","avg_preceding_proceeding","","FALSE"
"A3315500619225003_diesel_kwh_generated","A3315500619225003","331550","Pilot Station","2018-12-01","2018","12","diesel_kwh_generated","185387","quality_check","159684","149052","169788","195784","","raw_value","","FALSE"
"A3315500619225003_fuel_used_gallons","A3315500619225003","331550","Pilot Station","2018-12-01","2018","12","fuel_used_gallons","-313","outlier_check","12395","11806","13560","13962","","avg_preceding_proceeding","","FALSE"
"A3315500620225003_diesel_kwh_generated","A3315500620225003","331550","Pilot Station","2019-12-01","2019","12","diesel_kwh_generated","188230","quality_check","161389","146755","181555","195784","","raw_value","","FALSE"
"A3315500620225003_fuel_used_gallons","A3315500620225003","331550","Pilot Station","2019-12-01","2019","12","fuel_used_gallons","500","outlier_check","12976","11822","14270","13962","","avg_preceding_proceeding","","FALSE"
"A3315500621225003_diesel_kwh_generated","A3315500621225003","331550","Pilot Station","2020-12-01","2020","12","diesel_kwh_generated","173833","quality_check","157053","150037","160317","195784","","raw_value","","FALSE"
"A3315500621225003_fuel_used_gallons","A3315500621225003","331550","Pilot Station","2020-12-01","2020","12","fuel_used_gallons","1117","outlier_check","12680","11972","12986","13962","","avg_preceding_proceeding","","FALSE"
"A3315500622225003_fuel_used_gallons","A3315500622225003","331550","Pilot Station","2021-12-01","2021","12","fuel_used_gallons","29783","outlier_check","17628","12419","16414","13962","","avg_preceding_proceeding","","TRUE"
"A3315500623225003_diesel_kwh_generated","A3315500623225003","331550","Pilot Station","2022-12-01","2022","12","diesel_kwh_generated","183606","quality_check","151507","156966","185830","195784","","raw_value","","FALSE"
"A3315500623225003_fuel_cost","A3315500623225003","331550","Pilot Station","2022-12-01","2022","12","fuel_cost","-117179.29","outlier_check","51893.37","42418","58464","17858","","avg_preceding_proceeding","","FALSE"
"A3315500623225003_fuel_used_gallons","A3315500623225003","331550","Pilot Station","2022-12-01","2022","12","fuel_used_gallons","-26625","outlier_check","11791","12462","13284","13962","","avg_preceding_proceeding","","FALSE"
"A3315500624225003_fuel_cost","A3315500624225003","331550","Pilot Station","2023-12-01","2023","12","fuel_cost","-23107.26","outlier_check","46922.89","43698","57125","17858","","avg_preceding_proceeding","","FALSE"
"A3315500823225003_diesel_kwh_generated","A3315500823225003","331550","Pilot Station","2023-02-01","2023","2","diesel_kwh_generated","165536","quality_check","220153","163878","201628","183920","","raw_value","","FALSE"
"A3315500823225003_fuel_used_gallons","A3315500823225003","331550","Pilot Station","2023-02-01","2023","2","fuel_used_gallons","3505","quality_check","14777","12608","14511","14004","","avg_preceding_proceeding","","FALSE"
"A3315501018225003_residential_sold_to","A3315501018225003","331550","Pilot Station","2018-04-01","2018","4","residential_sold_to","-940682","outlier_check","","52841","50715","58117","","avg_preceding_proceeding","","FALSE"
"A3315501125225003_diesel_kwh_generated","A3315501125225003","331550","Pilot Station","2025-05-01","2025","5","diesel_kwh_generated","162139","quality_check","177410","177003","161708","143848","","raw_value","","FALSE"
"A3315501125225003_fuel_used_gallons","A3315501125225003","331550","Pilot Station","2025-05-01","2025","5","fuel_used_gallons","0","outlier_check","14053","13739","12588","11584","","avg_preceding_proceeding","","FALSE"
"A3315501126225003_residential_sold_to","A3315501126225003","331550","Pilot Station","2026-05-01","2026","5","residential_sold_to","0","outlier_check","59806","73651","59806","50622","","raw_value","","FALSE"
"A3315501223225003_diesel_kwh_generated","A3315501223225003","331550","Pilot Station","2023-06-01","2023","6","diesel_kwh_generated","123424","quality_check","162855","163878","151649","128751","","raw_value","","FALSE"
"A3315501223225003_fuel_used_gallons","A3315501223225003","331550","Pilot Station","2023-06-01","2023","6","fuel_used_gallons","0","outlier_check","13200","12608","12074","10311","","avg_preceding_proceeding","","FALSE"
"A3315600117225003_pce_eligible_community_kwh","A3315600117225003","331560","Pitkas Point","2016-07-01","2016","7","pce_eligible_community_kwh","3667","outlier_check","","7910","","7024","","raw_value","","FALSE"
"A3315600118225003_pce_eligible_community_kwh","A3315600118225003","331560","Pitkas Point","2017-07-01","2017","7","pce_eligible_community_kwh","2951","outlier_check","","8365","","7024","","raw_value","","FALSE"
"A3315600124225003_pce_eligible_community_kwh","A3315600124225003","331560","Pitkas Point","2023-07-01","2023","7","pce_eligible_community_kwh","4620","outlier_check","","8175","","7024","","raw_value","","FALSE"
"A3315600217225003_pce_eligible_community_kwh","A3315600217225003","331560","Pitkas Point","2016-08-01","2016","8","pce_eligible_community_kwh","3335","outlier_check","","7910","","7098","","raw_value","","FALSE"
"A3315600218225003_pce_eligible_community_kwh","A3315600218225003","331560","Pitkas Point","2017-08-01","2017","8","pce_eligible_community_kwh","3320","outlier_check","","8365","","7098","","raw_value","","FALSE"
"A3315600224225003_pce_eligible_community_kwh","A3315600224225003","331560","Pitkas Point","2023-08-01","2023","8","pce_eligible_community_kwh","4937","outlier_check","","8175","5429","7098","","raw_value","","FALSE"
"A3315600317225003_pce_eligible_community_kwh","A3315600317225003","331560","Pitkas Point","2016-09-01","2016","9","pce_eligible_community_kwh","3131","outlier_check","","7910","7531","7527","","raw_value","","FALSE"
"A3315600318225003_pce_eligible_community_kwh","A3315600318225003","331560","Pitkas Point","2017-09-01","2017","9","pce_eligible_community_kwh","3107","outlier_check","","8365","8190","7527","","raw_value","","FALSE"
"A3315600521225003_pce_eligible_community_kwh","A3315600521225003","331560","Pitkas Point","2020-11-01","2020","11","pce_eligible_community_kwh","4286","outlier_check","8100","7924","8110","8372","","raw_value","","FALSE"
"A3315601126225003_residential_sold_to","A3315601126225003","331560","Pitkas Point","2026-05-01","2026","5","residential_sold_to","0","outlier_check","11734","14978","11734","10270","","avg_same_month_other_years","","FALSE"
"A3315601216225003_pce_eligible_community_kwh","A3315601216225003","331560","Pitkas Point","2016-06-01","2016","6","pce_eligible_community_kwh","5225","outlier_check","6052","7910","6052","7397","","raw_value","","FALSE"
"A3315601217225003_pce_eligible_community_kwh","A3315601217225003","331560","Pitkas Point","2017-06-01","2017","6","pce_eligible_community_kwh","3215","outlier_check","8470","8365","8470","7397","","raw_value","","FALSE"
"A3315601222225003_pce_eligible_community_kwh","A3315601222225003","331560","Pitkas Point","2022-06-01","2022","6","pce_eligible_community_kwh","4449","outlier_check","7572","7875","6530","7397","","raw_value","","FALSE"
"A3315601223225003_pce_eligible_community_kwh","A3315601223225003","331560","Pitkas Point","2023-06-01","2023","6","pce_eligible_community_kwh","3859","outlier_check","8680","8175","8680","7397","","raw_value","","FALSE"
"A3315700617225003_fuel_cost","A3315700617225003","331570","Quinhagak","2016-12-01","2016","12","fuel_cost","95493.45","outlier_check","34836.36","27496","39095","45115","","raw_value","","FALSE"
"A3315700624225003_fuel_cost","A3315700624225003","331570","Quinhagak","2023-12-01","2023","12","fuel_cost","84890.48","outlier_check","51770.46","40366","58108","45115","","raw_value","","FALSE"
"A3315701125225003_diesel_kwh_generated","A3315701125225003","331570","Quinhagak","2025-05-01","2025","5","diesel_kwh_generated","122784","quality_check","193615","189078","170008","127849","","raw_value","","FALSE"
"A3315701223225003_diesel_kwh_generated","A3315701223225003","331570","Quinhagak","2023-06-01","2023","6","diesel_kwh_generated","90943","quality_check","119249","162235","111986","109826","","raw_value","","FALSE"
"A3315800616225003_diesel_kwh_generated","A3315800616225003","331580","Russian Mission","2015-12-01","2015","12","diesel_kwh_generated","93038","quality_check","84805","76745","91643","87980","","raw_value","","FALSE"
"A3315800616225003_fuel_used_gallons","A3315800616225003","331580","Russian Mission","2015-12-01","2015","12","fuel_used_gallons","87","outlier_check","6834","5832","7324","6935","","avg_preceding_proceeding","","FALSE"
"A3315800617225003_diesel_kwh_generated","A3315800617225003","331580","Russian Mission","2016-12-01","2016","12","diesel_kwh_generated","102848","quality_check","93461","83661","94818","87980","","raw_value","","FALSE"
"A3315800617225003_fuel_used_gallons","A3315800617225003","331580","Russian Mission","2016-12-01","2016","12","fuel_used_gallons","1250","outlier_check","7328","6510","7522","6935","","avg_preceding_proceeding","","FALSE"
"A3315800618225003_diesel_kwh_generated","A3315800618225003","331580","Russian Mission","2017-12-01","2017","12","diesel_kwh_generated","91611","quality_check","85756","82095","89480","87980","","raw_value","","FALSE"
"A3315800618225003_fuel_used_gallons","A3315800618225003","331580","Russian Mission","2017-12-01","2017","12","fuel_used_gallons","2412","quality_check","6496","6256","7036","6935","","avg_preceding_proceeding","","FALSE"
"A3315800619225003_diesel_kwh_generated","A3315800619225003","331580","Russian Mission","2018-12-01","2018","12","diesel_kwh_generated","99135","quality_check","91236","82872","94376","87980","","raw_value","","FALSE"
"A3315800619225003_fuel_used_gallons","A3315800619225003","331580","Russian Mission","2018-12-01","2018","12","fuel_used_gallons","1506","outlier_check","6812","6231","7208","6935","","avg_preceding_proceeding","","FALSE"
"A3315800621225003_diesel_kwh_generated","A3315800621225003","331580","Russian Mission","2020-12-01","2020","12","diesel_kwh_generated","85655","quality_check","82778","78155","81404","87980","","raw_value","","FALSE"
"A3315800621225003_fuel_used_gallons","A3315800621225003","331580","Russian Mission","2020-12-01","2020","12","fuel_used_gallons","-1362","outlier_check","6371","6144","6115","6935","","avg_preceding_proceeding","","FALSE"
"A3315800623225003_diesel_kwh_generated","A3315800623225003","331580","Russian Mission","2022-12-01","2022","12","diesel_kwh_generated","90116","quality_check","82416","80843","92710","87980","","raw_value","","FALSE"
"A3315800623225003_fuel_cost","A3315800623225003","331580","Russian Mission","2022-12-01","2022","12","fuel_cost","-9999.45","outlier_check","27206.29","20395","28894","7478","","avg_preceding_proceeding","","FALSE"
"A3315800623225003_fuel_used_gallons","A3315800623225003","331580","Russian Mission","2022-12-01","2022","12","fuel_used_gallons","-2421","outlier_check","6587","6224","6996","6935","","avg_preceding_proceeding","","FALSE"
"A3315800725225003_pce_eligible_residential_kwh","A3315800725225003","331580","Russian Mission","2025-01-01","2025","1","pce_eligible_residential_kwh","41148","outlier_check","33811","33146","33294","33053","","raw_value","","FALSE"
"A3315800823225003_diesel_kwh_generated","A3315800823225003","331580","Russian Mission","2023-02-01","2023","2","diesel_kwh_generated","80218","quality_check","103004","82572","94444","86741","","raw_value","","FALSE"
"A3315800823225003_fuel_used_gallons","A3315800823225003","331580","Russian Mission","2023-02-01","2023","2","fuel_used_gallons","71","outlier_check","7404","6312","7138","6775","","avg_preceding_proceeding","","FALSE"
"A3315801125225003_diesel_kwh_generated","A3315801125225003","331580","Russian Mission","2025-05-01","2025","5","diesel_kwh_generated","69937","quality_check","77530","81462","72628","78325","","raw_value","","FALSE"
"A3315801125225003_fuel_used_gallons","A3315801125225003","331580","Russian Mission","2025-05-01","2025","5","fuel_used_gallons","0","outlier_check","5784","6203","5410","5860","","avg_preceding_proceeding","","FALSE"
"A3315801126225003_residential_sold_to","A3315801126225003","331580","Russian Mission","2026-05-01","2026","5","residential_sold_to","0","outlier_check","32062","38268","32062","32272","","avg_same_month_other_years","","FALSE"
"A3315801223225003_diesel_kwh_generated","A3315801223225003","331580","Russian Mission","2023-06-01","2023","6","diesel_kwh_generated","62723","quality_check","84468","82572","78019","66852","","raw_value","","FALSE"
"A3315801223225003_fuel_used_gallons","A3315801223225003","331580","Russian Mission","2023-06-01","2023","6","fuel_used_gallons","0","outlier_check","6338","6312","6198","4961","","avg_preceding_proceeding","","FALSE"
"A3315900623225003_fuel_cost","A3315900623225003","331590","Savoonga","2022-12-01","2022","12","fuel_cost","160509.68","outlier_check","59104.52","47239","69459","52751","","avg_preceding_proceeding","","FALSE"
"A3315900623225003_fuel_used_gallons","A3315900623225003","331590","Savoonga","2022-12-01","2022","12","fuel_used_gallons","39691","outlier_check","14615","14724","16111","16493","","avg_preceding_proceeding","","TRUE"
"A3315900625225003_amount","A3315900625225003","331590","Savoonga","2024-12-01","2024","12","amount","50947.57","outlier_check","45651.4","45167","45651","28428","","raw_value","","FALSE"
"A3315900724225003_amount","A3315900724225003","331590","Savoonga","2024-01-01","2024","1","amount","54012.52","outlier_check","41064.98","45167","45007","28678","","raw_value","","FALSE"
"A3315900725225003_amount","A3315900725225003","331590","Savoonga","2025-01-01","2025","1","amount","56329.23","outlier_check","","41680","","28678","","raw_value","","FALSE"
"A3315900817225003_commercial_sold_to","A3315900817225003","331590","Savoonga","2017-02-01","2017","2","commercial_sold_to","-37595","outlier_check","9350","3128","5820","2906","","avg_preceding_proceeding","","FALSE"
"A3315900825225003_amount","A3315900825225003","331590","Savoonga","2025-02-01","2025","2","amount","51987.99","outlier_check","","41680","","29791","","raw_value","","FALSE"
"A3315900925225003_amount","A3315900925225003","331590","Savoonga","2025-03-01","2025","3","amount","51001.1","outlier_check","","41680","47906","29314","","raw_value","","FALSE"
"A3315900926225003_fuel_used_gallons","A3315900926225003","331590","Savoonga","2026-03-01","2026","3","fuel_used_gallons","46206","outlier_check","15786","15467","15348","14375","","avg_preceding_proceeding","","TRUE"
"A3315901024225003_amount","A3315901024225003","331590","Savoonga","2024-04-01","2024","4","amount","50230.71","outlier_check","49638.96","45167","49700","27347","","raw_value","","FALSE"
"A3315901125225003_diesel_kwh_generated","A3315901125225003","331590","Savoonga","2025-05-01","2025","5","diesel_kwh_generated","191255","quality_check","209502","209598","189713","190517","","raw_value","","FALSE"
"A3315901125225003_fuel_used_gallons","A3315901125225003","331590","Savoonga","2025-05-01","2025","5","fuel_used_gallons","0","outlier_check","14272","14821","13188","13495","","avg_preceding_proceeding","","FALSE"
"A3315901126225003_residential_sold_to","A3315901126225003","331590","Savoonga","2026-05-01","2026","5","residential_sold_to","0","outlier_check","88528","100468","88528","79222","","avg_same_month_other_years","","FALSE"
"A3315901223225003_diesel_kwh_generated","A3315901223225003","331590","Savoonga","2023-06-01","2023","6","diesel_kwh_generated","167579","quality_check","218727","206536","198938","161251","","raw_value","","FALSE"
"A3315901223225003_fuel_used_gallons","A3315901223225003","331590","Savoonga","2023-06-01","2023","6","fuel_used_gallons","0","outlier_check","15753","14575","14622","11658","","avg_preceding_proceeding","","FALSE"
"A3316000716225003_amount","A3316000716225003","331600","Scammon Bay","2016-01-01","2016","1","amount","51760.7","outlier_check","21853.57","16637","20604","25826","","raw_value","","FALSE"
"A3316000724225003_pce_eligible_residential_kwh","A3316000724225003","331600","Scammon Bay","2024-01-01","2024","1","pce_eligible_residential_kwh","65927","outlier_check","61253","55799","59093","48506","","raw_value","","FALSE"
"A3316000725225003_pce_eligible_residential_kwh","A3316000725225003","331600","Scammon Bay","2025-01-01","2025","1","pce_eligible_residential_kwh","65847","outlier_check","59295","57073","57979","48506","","raw_value","","FALSE"
"A3316000726225003_diesel_kwh_generated","A3316000726225003","331600","Scammon Bay","2026-01-01","2026","1","diesel_kwh_generated","190759","quality_check","164589","162498","163950","174406","","raw_value","","FALSE"
"A3316000726225003_fuel_used_gallons","A3316000726225003","331600","Scammon Bay","2026-01-01","2026","1","fuel_used_gallons","0","outlier_check","12051","11882","12096","13005","","avg_preceding_proceeding","","FALSE"
"A3316000726225003_pce_eligible_residential_kwh","A3316000726225003","331600","Scammon Bay","2026-01-01","2026","1","pce_eligible_residential_kwh","64946","outlier_check","61274","59960","60696","48506","","raw_value","","FALSE"
"A3316000823225003_diesel_kwh_generated","A3316000823225003","331600","Scammon Bay","2023-02-01","2023","2","diesel_kwh_generated","161373","quality_check","207893","161335","191846","156377","","raw_value","","FALSE"
"A3316000823225003_fuel_used_gallons","A3316000823225003","331600","Scammon Bay","2023-02-01","2023","2","fuel_used_gallons","1628","outlier_check","15037","11844","14172","11460","","avg_preceding_proceeding","","FALSE"
"A3316001125225003_diesel_kwh_generated","A3316001125225003","331600","Scammon Bay","2025-05-01","2025","5","diesel_kwh_generated","138947","quality_check","156052","154970","140243","140113","","raw_value","","FALSE"
"A3316001125225003_fuel_used_gallons","A3316001125225003","331600","Scammon Bay","2025-05-01","2025","5","fuel_used_gallons","0","outlier_check","11310","11489","10366","10452","","avg_preceding_proceeding","","FALSE"
"A3316001126225003_residential_sold_to","A3316001126225003","331600","Scammon Bay","2026-05-01","2026","5","residential_sold_to","0","outlier_check","64903","69754","64903","52302","","avg_same_month_other_years","","FALSE"
"A3316001223225003_diesel_kwh_generated","A3316001223225003","331600","Scammon Bay","2023-06-01","2023","6","diesel_kwh_generated","122626","quality_check","165949","161335","148614","118027","","raw_value","","FALSE"
"A3316001223225003_fuel_used_gallons","A3316001223225003","331600","Scammon Bay","2023-06-01","2023","6","fuel_used_gallons","0","outlier_check","12303","11844","10952","8807","","avg_preceding_proceeding","","FALSE"
"A3316100823225003_diesel_kwh_generated","A3316100823225003","331610","Selawik","2023-02-01","2023","2","diesel_kwh_generated","260226","quality_check","327931","241715","307340","296013","","raw_value","","FALSE"
"A3316100823225003_fuel_used_gallons","A3316100823225003","331610","Selawik","2023-02-01","2023","2","fuel_used_gallons","1002","quality_check","22119","15724","20938","20401","","avg_preceding_proceeding","","FALSE"
"A3316100826225003_diesel_kwh_generated","A3316100826225003","331610","Selawik","2026-02-01","2026","2","diesel_kwh_generated","290774","quality_check","294509","241054","267584","296013","","raw_value","","FALSE"
"A3316100826225003_fuel_used_gallons","A3316100826225003","331610","Selawik","2026-02-01","2026","2","fuel_used_gallons","4092","quality_check","21514","18697","20753","20401","","avg_preceding_proceeding","","FALSE"
"A3316101125225003_diesel_kwh_generated","A3316101125225003","331610","Selawik","2025-05-01","2025","5","diesel_kwh_generated","187874","quality_check","233194","225511","193387","200521","","raw_value","","FALSE"
"A3316101223225003_diesel_kwh_generated","A3316101223225003","331610","Selawik","2023-06-01","2023","6","diesel_kwh_generated","146764","quality_check","236820","241715","199439","157395","","raw_value","","FALSE"
"A3316200616225003_diesel_kwh_generated","A3316200616225003","331620","Shageluk","2015-12-01","2015","12","diesel_kwh_generated","36628","quality_check","35377","31516","36516","45736","","raw_value","","FALSE"
"A3316200616225003_fuel_used_gallons","A3316200616225003","331620","Shageluk","2015-12-01","2015","12","fuel_used_gallons","479","outlier_check","2936","2789","3106","3034","","avg_preceding_proceeding","","FALSE"
"A3316200619225003_diesel_kwh_generated","A3316200619225003","331620","Shageluk","2018-12-01","2018","12","diesel_kwh_generated","40026","quality_check","32951","33023","36953","45736","","raw_value","","FALSE"
"A3316200619225003_fuel_used_gallons","A3316200619225003","331620","Shageluk","2018-12-01","2018","12","fuel_used_gallons","-569","outlier_check","2822","2876","3067","3034","","avg_preceding_proceeding","","FALSE"
"A3316200621225003_diesel_kwh_generated","A3316200621225003","331620","Shageluk","2020-12-01","2020","12","diesel_kwh_generated","41017","quality_check","38282","35037","38060","45736","","raw_value","","FALSE"
"A3316200621225003_fuel_used_gallons","A3316200621225003","331620","Shageluk","2020-12-01","2020","12","fuel_used_gallons","510","outlier_check","2828","2991","3154","3034","","avg_preceding_proceeding","","FALSE"
"A3316200624225003_fuel_cost","A3316200624225003","331620","Shageluk","2023-12-01","2023","12","fuel_cost","18881.03","outlier_check","13577.68","11880","14738","4544","","avg_preceding_proceeding","","FALSE"
"A3316200625225003_fuel_cost","A3316200625225003","331620","Shageluk","2024-12-01","2024","12","fuel_cost","24235.76","outlier_check","12328.27","12308","13345","4544","","avg_preceding_proceeding","","FALSE"
"A3316200726225003_pce_eligible_residential_kwh","A3316200726225003","331620","Shageluk","2026-01-01","2026","1","pce_eligible_residential_kwh","18962","outlier_check","17690","13989","17128","11356","","raw_value","","FALSE"
"A3316200823225003_diesel_kwh_generated","A3316200823225003","331620","Shageluk","2023-02-01","2023","2","diesel_kwh_generated","41513","quality_check","48503","45754","46150","41783","","raw_value","","FALSE"
"A3316200823225003_fuel_used_gallons","A3316200823225003","331620","Shageluk","2023-02-01","2023","2","fuel_used_gallons","356","outlier_check","3634","3424","3498","3317","","avg_preceding_proceeding","","FALSE"
"A3316201125225003_diesel_kwh_generated","A3316201125225003","331620","Shageluk","2025-05-01","2025","5","diesel_kwh_generated","36679","quality_check","43462","46100","39610","34142","","raw_value","","FALSE"
"A3316201125225003_fuel_used_gallons","A3316201125225003","331620","Shageluk","2025-05-01","2025","5","fuel_used_gallons","0","outlier_check","3434","3447","3105","2799","","avg_preceding_proceeding","","FALSE"
"A3316201223225003_diesel_kwh_generated","A3316201223225003","331620","Shageluk","2023-06-01","2023","6","diesel_kwh_generated","39630","quality_check","42963","45754","41064","34117","","raw_value","","FALSE"
"A3316201223225003_fuel_used_gallons","A3316201223225003","331620","Shageluk","2023-06-01","2023","6","fuel_used_gallons","0","outlier_check","3212","3424","3122","2585","","avg_preceding_proceeding","","FALSE"
"A3316300624225003_fuel_cost","A3316300624225003","331630","Shaktoolik","2023-12-01","2023","12","fuel_cost","50437.02","outlier_check","25236.14","20643","28091","19082","","avg_preceding_proceeding","","FALSE"
"A3316300626225003_pce_eligible_residential_kwh","A3316300626225003","331630","Shaktoolik","2025-12-01","2025","12","pce_eligible_residential_kwh","38275","outlier_check","35803","33854","35803","29907","","raw_value","","FALSE"
"A3316300723225003_pce_eligible_residential_kwh","A3316300723225003","331630","Shaktoolik","2023-01-01","2023","1","pce_eligible_residential_kwh","39181","outlier_check","36896","34501","36280","27251","","raw_value","","FALSE"
"A3316300724225003_pce_eligible_residential_kwh","A3316300724225003","331630","Shaktoolik","2024-01-01","2024","1","pce_eligible_residential_kwh","39162","outlier_check","34948","34502","35140","27251","","raw_value","","FALSE"
"A3316300725225003_pce_eligible_residential_kwh","A3316300725225003","331630","Shaktoolik","2025-01-01","2025","1","pce_eligible_residential_kwh","38803","outlier_check","36335","33854","35791","27251","","raw_value","","FALSE"
"A3316300726225003_pce_eligible_residential_kwh","A3316300726225003","331630","Shaktoolik","2026-01-01","2026","1","pce_eligible_residential_kwh","40464","outlier_check","","33944","36369","27251","","raw_value","","FALSE"
"A3316300823225003_diesel_kwh_generated","A3316300823225003","331630","Shaktoolik","2023-02-01","2023","2","diesel_kwh_generated","70416","quality_check","93749","70547","85047","73846","","raw_value","","FALSE"
"A3316300823225003_fuel_used_gallons","A3316300823225003","331630","Shaktoolik","2023-02-01","2023","2","fuel_used_gallons","34","outlier_check","7024","5585","6224","5229","","avg_preceding_proceeding","","FALSE"
"A3316300926225003_pce_eligible_residential_kwh","A3316300926225003","331630","Shaktoolik","2026-03-01","2026","3","pce_eligible_residential_kwh","37981","outlier_check","36369","33944","34657","29598","","raw_value","","FALSE"
"A3316301125225003_diesel_kwh_generated","A3316301125225003","331630","Shaktoolik","2025-05-01","2025","5","diesel_kwh_generated","42816","quality_check","102185","97006","94385","67920","","raw_value","","FALSE"
"A3316301125225003_fuel_used_gallons","A3316301125225003","331630","Shaktoolik","2025-05-01","2025","5","fuel_used_gallons","0","outlier_check","5534","5321","5108","5009","","avg_preceding_proceeding","","FALSE"
"A3316301126225003_commercial_sold_to","A3316301126225003","331630","Shaktoolik","2026-05-01","2026","5","commercial_sold_to","0","outlier_check","","","","12956","","avg_same_month_other_years","","TRUE"
"A3316301126225003_residential_sold_to","A3316301126225003","331630","Shaktoolik","2026-05-01","2026","5","residential_sold_to","0","outlier_check","38347","45038","38347","35735","","avg_same_month_other_years","","FALSE"
"A3316301223225003_diesel_kwh_generated","A3316301223225003","331630","Shaktoolik","2023-06-01","2023","6","diesel_kwh_generated","66114","quality_check","74110","70547","73204","63994","","raw_value","","FALSE"
"A3316301223225003_fuel_used_gallons","A3316301223225003","331630","Shaktoolik","2023-06-01","2023","6","fuel_used_gallons","0","outlier_check","5689","5585","5762","4694","","avg_preceding_proceeding","","FALSE"
"A3316400616225003_diesel_kwh_generated","A3316400616225003","331640","Shishmaref","2015-12-01","2015","12","diesel_kwh_generated","159894","quality_check","140421","131973","155920","165832","","raw_value","","FALSE"
"A3316400616225003_fuel_used_gallons","A3316400616225003","331640","Shishmaref","2015-12-01","2015","12","fuel_used_gallons","1026","outlier_check","11988","10065","12528","12792","","avg_preceding_proceeding","","FALSE"
"A3316400617225003_diesel_kwh_generated","A3316400617225003","331640","Shishmaref","2016-12-01","2016","12","diesel_kwh_generated","164042","quality_check","145797","138219","150162","165832","","raw_value","","FALSE"
"A3316400617225003_fuel_used_gallons","A3316400617225003","331640","Shishmaref","2016-12-01","2016","12","fuel_used_gallons","3326","outlier_check","10433","10169","10742","12792","","avg_preceding_proceeding","","FALSE"
"A3316400619225003_fuel_used_gallons","A3316400619225003","331640","Shishmaref","2018-12-01","2018","12","fuel_used_gallons","18063","outlier_check","10719","10015","11163","12792","","avg_preceding_proceeding","","TRUE"
"A3316400619225003_pce_eligible_community_kwh","A3316400619225003","331640","Shishmaref","2018-12-01","2018","12","pce_eligible_community_kwh","17870","outlier_check","10017","10053","13263","10368","","raw_value","","FALSE"
"A3316400624225003_fuel_cost","A3316400624225003","331640","Shishmaref","2023-12-01","2023","12","fuel_cost","91469.58","outlier_check","53111.96","43850","63450","35631","","avg_preceding_proceeding","","FALSE"
"A3316400720225003_pce_eligible_community_kwh","A3316400720225003","331640","Shishmaref","2020-01-01","2020","1","pce_eligible_community_kwh","18272","outlier_check","15937","10570","15937","11033","","raw_value","","FALSE"
"A3316400820225003_pce_eligible_community_kwh","A3316400820225003","331640","Shishmaref","2020-02-01","2020","2","pce_eligible_community_kwh","17943","outlier_check","","10570","","10596","","raw_value","","FALSE"
"A3316400823225003_fuel_used_gallons","A3316400823225003","331640","Shishmaref","2023-02-01","2023","2","fuel_used_gallons","33823","outlier_check","13213","11546","12788","12009","","avg_preceding_proceeding","","TRUE"
"A3316400920225003_pce_eligible_community_kwh","A3316400920225003","331640","Shishmaref","2020-03-01","2020","3","pce_eligible_community_kwh","19099","outlier_check","","10570","13821","10613","","raw_value","","FALSE"
"A3316401125225003_diesel_kwh_generated","A3316401125225003","331640","Shishmaref","2025-05-01","2025","5","diesel_kwh_generated","137592","quality_check","163899","155340","144100","138024","","raw_value","","FALSE"
"A3316401125225003_fuel_used_gallons","A3316401125225003","331640","Shishmaref","2025-05-01","2025","5","fuel_used_gallons","0","outlier_check","11744","11726","10544","10153","","avg_preceding_proceeding","","FALSE"
"A3316401126225003_residential_sold_to","A3316401126225003","331640","Shishmaref","2026-05-01","2026","5","residential_sold_to","0","outlier_check","60916","69462","60916","56566","","avg_same_month_other_years","","FALSE"
"A3316401223225003_diesel_kwh_generated","A3316401223225003","331640","Shishmaref","2023-06-01","2023","6","diesel_kwh_generated","123868","quality_check","158667","155300","147648","120815","","raw_value","","FALSE"
"A3316401223225003_fuel_used_gallons","A3316401223225003","331640","Shishmaref","2023-06-01","2023","6","fuel_used_gallons","0","outlier_check","12182","11546","11363","9054","","avg_preceding_proceeding","","FALSE"
"A3316500623225003_fuel_cost","A3316500623225003","331650","Shungnak","2022-12-01","2022","12","fuel_cost","240297.96","outlier_check","117729.93","70741","129751","53713","","avg_preceding_proceeding","","FALSE"
"A3316500624225003_fuel_cost","A3316500624225003","331650","Shungnak","2023-12-01","2023","12","fuel_cost","463826.58","outlier_check","100082.06","74150","114421","53713","","avg_preceding_proceeding","","FALSE"
"A3316500722225003_commercial_sold_to","A3316500722225003","331650","Shungnak","2022-01-01","2022","1","commercial_sold_to","-9040","outlier_check","","7192","7008","7939","","avg_same_month_other_years","","FALSE"
"A3316501125225003_diesel_kwh_generated","A3316501125225003","331650","Shungnak","2025-05-01","2025","5","diesel_kwh_generated","82606","quality_check","143010","145234","123847","110962","","raw_value","","FALSE"
"A3316501126225003_commercial_sold_to","A3316501126225003","331650","Shungnak","2026-05-01","2026","5","commercial_sold_to","0","outlier_check","","","","7541","","avg_same_month_other_years","","TRUE"
"A3316501223225003_diesel_kwh_generated","A3316501223225003","331650","Shungnak","2023-06-01","2023","6","diesel_kwh_generated","65454","quality_check","94197","127463","79732","91971","","raw_value","","FALSE"
"A3316600622225003_diesel_kwh_generated","A3316600622225003","331660","Saint Mary's, Andreafsky","2021-12-01","2021","12","diesel_kwh_generated","304153","quality_check","239518","304150","321927","350121","","raw_value","","FALSE"
"A3316600622225003_fuel_cost","A3316600622225003","331660","Saint Mary's, Andreafsky","2021-12-01","2021","12","fuel_cost","-218719.12","outlier_check","79401.28","61963","82391","60136","","avg_preceding_proceeding","","FALSE"
"A3316600622225003_fuel_used_gallons","A3316600622225003","331660","Saint Mary's, Andreafsky","2021-12-01","2021","12","fuel_used_gallons","-84503","outlier_check","30677","25677","31832","24319","","avg_preceding_proceeding","","FALSE"
"A3316600623225003_diesel_kwh_generated","A3316600623225003","331660","Saint Mary's, Andreafsky","2022-12-01","2022","12","diesel_kwh_generated","359314","quality_check","261135","313364","346344","350121","","raw_value","","FALSE"
"A3316600623225003_fuel_cost","A3316600623225003","331660","Saint Mary's, Andreafsky","2022-12-01","2022","12","fuel_cost","1034316.19","outlier_check","83380.67","77958","102526","60136","","avg_preceding_proceeding","","FALSE"
"A3316600623225003_fuel_used_gallons","A3316600623225003","331660","Saint Mary's, Andreafsky","2022-12-01","2022","12","fuel_used_gallons","280308","outlier_check","22597","25188","27455","24319","","avg_preceding_proceeding","","FALSE"
"A3316600726225003_diesel_kwh_generated","A3316600726225003","331660","Saint Mary's, Andreafsky","2026-01-01","2026","1","diesel_kwh_generated","664153","outlier_check","545550","536328","561309","326713","","raw_value","","FALSE"
"A3316600823225003_diesel_kwh_generated","A3316600823225003","331660","Saint Mary's, Andreafsky","2023-02-01","2023","2","diesel_kwh_generated","341933","quality_check","431554","318724","401416","343634","","raw_value","","FALSE"
"A3316600823225003_fuel_used_gallons","A3316600823225003","331660","Saint Mary's, Andreafsky","2023-02-01","2023","2","fuel_used_gallons","6459","quality_check","32313","23603","31184","25399","","avg_same_month_other_years","","FALSE"
"A3316601125225003_diesel_kwh_generated","A3316601125225003","331660","Saint Mary's, Andreafsky","2025-05-01","2025","5","diesel_kwh_generated","300116","quality_check","530794","488224","463046","278310","","raw_value","","FALSE"
"A3316601126225003_residential_sold_to","A3316601126225003","331660","Saint Mary's, Andreafsky","2026-05-01","2026","5","residential_sold_to","0","outlier_check","67690","70096","67690","63943","","avg_same_month_other_years","","FALSE"
"A3316601223225003_diesel_kwh_generated","A3316601223225003","331660","Saint Mary's, Andreafsky","2023-06-01","2023","6","diesel_kwh_generated","256385","quality_check","353341","318724","324602","238092","","raw_value","","FALSE"
"A3316700116225003_diesel_kwh_generated","A3316700116225003","331670","Saint Michael","2015-07-01","2015","7","diesel_kwh_generated","117828","outlier_check","","0","","0","","raw_value","","FALSE"
"A3316700116225003_fuel_cost","A3316700116225003","331670","Saint Michael","2015-07-01","2015","7","fuel_cost","34605.69","outlier_check","","0","","0","","raw_value","","FALSE"
"A3316700216225003_diesel_kwh_generated","A3316700216225003","331670","Saint Michael","2015-08-01","2015","8","diesel_kwh_generated","118421","outlier_check","","0","","0","","raw_value","","FALSE"
"A3316700216225003_fuel_cost","A3316700216225003","331670","Saint Michael","2015-08-01","2015","8","fuel_cost","33941.46","outlier_check","","0","","0","","raw_value","","FALSE"
"A3316700525225003_amount","A3316700525225003","331670","Saint Michael","2024-11-01","2024","11","amount","52641.84","outlier_check","26314.8","25482","22224","18538","","raw_value","","FALSE"
"A3316800426225003_diesel_kwh_generated","A3316800426225003","331680","Stebbins","2025-10-01","2025","10","diesel_kwh_generated","281512","quality_check","281512","289663","225928","293650","","raw_value","","FALSE"
"A3316800426225003_fuel_used_gallons","A3316800426225003","331680","Stebbins","2025-10-01","2025","10","fuel_used_gallons","6789","quality_check","17383","14327","14622","19250","","raw_value","","FALSE"
"A3316800724225003_amount","A3316800724225003","331680","Stebbins","2024-01-01","2024","1","amount","34643.76","outlier_check","32167.21","26053","30629","19434","","raw_value","","FALSE"
"A3316800725225003_pce_eligible_community_kwh","A3316800725225003","331680","Stebbins","2025-01-01","2025","1","pce_eligible_community_kwh","19169","outlier_check","16150","10057","16150","10568","","raw_value","","FALSE"
"A3316800823225003_diesel_kwh_generated","A3316800823225003","331680","Stebbins","2023-02-01","2023","2","diesel_kwh_generated","319415","quality_check","413316","305384","384572","326351","","raw_value","","FALSE"
"A3316800823225003_fuel_used_gallons","A3316800823225003","331680","Stebbins","2023-02-01","2023","2","fuel_used_gallons","956","quality_check","27474","18700","25956","21572","","avg_preceding_proceeding","","FALSE"
"A3316800825225003_pce_eligible_community_kwh","A3316800825225003","331680","Stebbins","2025-02-01","2025","2","pce_eligible_community_kwh","17468","outlier_check","","10057","","9941","","raw_value","","FALSE"
"A3316800925225003_pce_eligible_community_kwh","A3316800925225003","331680","Stebbins","2025-03-01","2025","3","pce_eligible_community_kwh","18115","outlier_check","","10057","16192","9823","","raw_value","","FALSE"
"A3316801125225003_diesel_kwh_generated","A3316801125225003","331680","Stebbins","2025-05-01","2025","5","diesel_kwh_generated","251589","quality_check","328939","289663","281738","259805","","raw_value","","FALSE"
"A3316801126225003_residential_sold_to","A3316801126225003","331680","Stebbins","2026-05-01","2026","5","residential_sold_to","0","outlier_check","67322","77846","67322","57613","","avg_same_month_other_years","","FALSE"
"A3316801223225003_diesel_kwh_generated","A3316801223225003","331680","Stebbins","2023-06-01","2023","6","diesel_kwh_generated","215425","quality_check","294885","305384","263046","220661","","raw_value","","FALSE"
"A3316850617225003_diesel_kwh_generated","A3316850617225003","331685","Teller","2016-12-01","2016","12","diesel_kwh_generated","81834","quality_check","78851","71293","83535","81377","","raw_value","","FALSE"
"A3316850617225003_fuel_cost","A3316850617225003","331685","Teller","2016-12-01","2016","12","fuel_cost","-18661.34","outlier_check","20091.74","19526","21313","16647","","avg_preceding_proceeding","","FALSE"
"A3316850617225003_fuel_used_gallons","A3316850617225003","331685","Teller","2016-12-01","2016","12","fuel_used_gallons","-6497","outlier_check","6995","5996","7476","5959","","avg_preceding_proceeding","","FALSE"
"A3316850618225003_diesel_kwh_generated","A3316850618225003","331685","Teller","2017-12-01","2017","12","diesel_kwh_generated","83395","quality_check","86225","68011","87384","81377","","raw_value","","FALSE"
"A3316850618225003_fuel_used_gallons","A3316850618225003","331685","Teller","2017-12-01","2017","12","fuel_used_gallons","-705","outlier_check","5394","6242","5744","5959","","avg_preceding_proceeding","","FALSE"
"A3316850623225003_fuel_cost","A3316850623225003","331685","Teller","2022-12-01","2022","12","fuel_cost","46003.3","outlier_check","22416.41","15869","25673","16647","","avg_preceding_proceeding","","FALSE"
"A3316850623225003_fuel_used_gallons","A3316850623225003","331685","Teller","2022-12-01","2022","12","fuel_used_gallons","11673","outlier_check","5688","5213","6239","5959","","avg_preceding_proceeding","","TRUE"
"A3316850822225003_pce_eligible_community_kwh","A3316850822225003","331685","Teller","2022-02-01","2022","2","pce_eligible_community_kwh","5880","outlier_check","5466","4416","5466","3678","","raw_value","","FALSE"
"A3316850922225003_pce_eligible_community_kwh","A3316850922225003","331685","Teller","2022-03-01","2022","3","pce_eligible_community_kwh","5589","outlier_check","","4416","4678","3761","","raw_value","","FALSE"
"A3316851125225003_diesel_kwh_generated","A3316851125225003","331685","Teller","2025-05-01","2025","5","diesel_kwh_generated","63914","quality_check","72227","74039","63968","66885","","raw_value","","FALSE"
"A3316851125225003_fuel_used_gallons","A3316851125225003","331685","Teller","2025-05-01","2025","5","fuel_used_gallons","0","outlier_check","5210","5452","4496","5009","","avg_preceding_proceeding","","FALSE"
"A3316851126225003_com_facil_sold_to","A3316851126225003","331685","Teller","2026-05-01","2026","5","com_facil_sold_to","0","outlier_check","","","","14047","4000","manual_override","","TRUE"
"A3316851126225003_commercial_sold_to","A3316851126225003","331685","Teller","2026-05-01","2026","5","commercial_sold_to","0","outlier_check","","","","3641","","avg_same_month_other_years","","TRUE"
"A3316851126225003_residential_sold_to","A3316851126225003","331685","Teller","2026-05-01","2026","5","residential_sold_to","0","outlier_check","28043","31048","28043","22367","","avg_same_month_other_years","","FALSE"
"A3316851223225003_diesel_kwh_generated","A3316851223225003","331685","Teller","2023-06-01","2023","6","diesel_kwh_generated","51121","quality_check","70638","73262","62800","55632","","raw_value","","FALSE"
"A3316851223225003_fuel_used_gallons","A3316851223225003","331685","Teller","2023-06-01","2023","6","fuel_used_gallons","0","outlier_check","5223","5046","4748","4223","","avg_preceding_proceeding","","FALSE"
"A3316900619225003_fuel_cost","A3316900619225003","331690","Togiak","2018-12-01","2018","12","fuel_cost","125924.8","outlier_check","56476.52","55602","59099","63460","","avg_preceding_proceeding","","FALSE"
"A3316900619225003_fuel_used_gallons","A3316900619225003","331690","Togiak","2018-12-01","2018","12","fuel_used_gallons","37434","outlier_check","16789","18520","17569","19590","","avg_preceding_proceeding","","TRUE"
"A3316900926225003_diesel_kwh_generated","A3316900926225003","331690","Togiak","2026-03-01","2026","3","diesel_kwh_generated","302884","quality_check","267485","270126","262714","261553","","raw_value","","FALSE"
"A3316900926225003_fuel_used_gallons","A3316900926225003","331690","Togiak","2026-03-01","2026","3","fuel_used_gallons","7066","outlier_check","18836","18873","18466","18022","","avg_same_month_other_years","","FALSE"
"A3316901125225003_diesel_kwh_generated","A3316901125225003","331690","Togiak","2025-05-01","2025","5","diesel_kwh_generated","210562","quality_check","241558","240846","219922","241952","","raw_value","","FALSE"
"A3316901125225003_fuel_used_gallons","A3316901125225003","331690","Togiak","2025-05-01","2025","5","fuel_used_gallons","0","outlier_check","17395","17631","16208","16744","","avg_preceding_proceeding","","FALSE"
"A3316901126225003_residential_sold_to","A3316901126225003","331690","Togiak","2026-05-01","2026","5","residential_sold_to","0","outlier_check","89372","106411","89372","88065","","avg_same_month_other_years","","FALSE"
"A3316901223225003_diesel_kwh_generated","A3316901223225003","331690","Togiak","2023-06-01","2023","6","diesel_kwh_generated","240016","quality_check","275962","271206","289890","232921","","raw_value","","FALSE"
"A3316901223225003_fuel_used_gallons","A3316901223225003","331690","Togiak","2023-06-01","2023","6","fuel_used_gallons","0","outlier_check","18882","17854","20448","16677","","avg_preceding_proceeding","","FALSE"
"A3317000618225003_fuel_cost","A3317000618225003","331700","Toksook Bay","2017-12-01","2017","12","fuel_cost","167358.42","outlier_check","50340.11","48236","53864","82188","","avg_preceding_proceeding","","FALSE"
"A3317000618225003_fuel_used_gallons","A3317000618225003","331700","Toksook Bay","2017-12-01","2017","12","fuel_used_gallons","59395","outlier_check","17879","16626","19123","25312","","avg_preceding_proceeding","","TRUE"
"A3317000625225003_fuel_cost","A3317000625225003","331700","Toksook Bay","2024-12-01","2024","12","fuel_cost","183974.06","outlier_check","80917.48","89638","93408","82188","","avg_preceding_proceeding","","FALSE"
"A3317000823225003_diesel_kwh_generated","A3317000823225003","331700","Toksook Bay","2023-02-01","2023","2","diesel_kwh_generated","323880","quality_check","412996","325027","371836","296478","","raw_value","","FALSE"
"A3317000823225003_fuel_used_gallons","A3317000823225003","331700","Toksook Bay","2023-02-01","2023","2","fuel_used_gallons","4589","quality_check","27245","22046","25118","21153","","avg_preceding_proceeding","","FALSE"
"A3317001125225003_diesel_kwh_generated","A3317001125225003","331700","Toksook Bay","2025-05-01","2025","5","diesel_kwh_generated","257108","quality_check","338554","331419","304136","260142","","raw_value","","FALSE"
"A3317001125225003_fuel_used_gallons","A3317001125225003","331700","Toksook Bay","2025-05-01","2025","5","fuel_used_gallons","0","outlier_check","22200","22031","19124","17994","","avg_preceding_proceeding","","FALSE"
"A3317001126225003_commercial_sold_to","A3317001126225003","331700","Toksook Bay","2026-05-01","2026","5","commercial_sold_to","0","outlier_check","","","","4354","","avg_same_month_other_years","","TRUE"
"A3317001126225003_residential_sold_to","A3317001126225003","331700","Toksook Bay","2026-05-01","2026","5","residential_sold_to","0","outlier_check","74659","85264","74659","65485","","avg_preceding_proceeding","","FALSE"
"A3317001223225003_diesel_kwh_generated","A3317001223225003","331700","Toksook Bay","2023-06-01","2023","6","diesel_kwh_generated","256487","quality_check","327513","325027","301456","212845","","raw_value","","FALSE"
"A3317001223225003_fuel_used_gallons","A3317001223225003","331700","Toksook Bay","2023-06-01","2023","6","fuel_used_gallons","0","outlier_check","22002","22046","20848","15372","","avg_preceding_proceeding","","FALSE"
"A3317101126225003_residential_sold_to","A3317101126225003","331710","Tununak","2026-05-01","2026","5","residential_sold_to","0","outlier_check","40880","48635","40880","33323","","avg_same_month_other_years","","FALSE"
"A3317200725225003_amount","A3317200725225003","331720","Kalskag","2025-01-01","2025","1","amount","15772.17","outlier_check","13838.71","11283","13839","8892","","raw_value","","FALSE"
"A3317200825225003_amount","A3317200825225003","331720","Kalskag","2025-02-01","2025","2","amount","15861.49","outlier_check","","11283","","8831","","raw_value","","FALSE"
"A3317200923225003_diesel_kwh_generated","A3317200923225003","331720","Kalskag","2023-03-01","2023","3","diesel_kwh_generated","0","outlier_check","144563","130557","144750","146200","","avg_preceding_proceeding","","FALSE"
"A3317200923225003_fuel_used_gallons","A3317200923225003","331720","Kalskag","2023-03-01","2023","3","fuel_used_gallons","0","outlier_check","5868","8977","8222","10426","","avg_preceding_proceeding","","TRUE"
"A3317200923225003_powerhouse_consumption_kwh","A3317200923225003","331720","Kalskag","2023-03-01","2023","3","powerhouse_consumption_kwh","0","outlier_check","3071","3119","3482","3350","","avg_preceding_proceeding","","FALSE"
"A3317200925225003_amount","A3317200925225003","331720","Kalskag","2025-03-01","2025","3","amount","16910.16","outlier_check","","11283","14538","9052","","raw_value","","FALSE"
"A3317201125225003_diesel_kwh_generated","A3317201125225003","331720","Kalskag","2025-05-01","2025","5","diesel_kwh_generated","105940","quality_check","132352","128434","113086","114520","","raw_value","","FALSE"
"A3317201125225003_fuel_used_gallons","A3317201125225003","331720","Kalskag","2025-05-01","2025","5","fuel_used_gallons","0","outlier_check","9124","9089","7983","8277","","avg_preceding_proceeding","","FALSE"
"A3317201126225003_residential_sold_to","A3317201126225003","331720","Kalskag","2026-05-01","2026","5","residential_sold_to","0","outlier_check","25315","29485","25315","25351","","avg_same_month_other_years","","FALSE"
"A3317201223225003_diesel_kwh_generated","A3317201223225003","331720","Kalskag","2023-06-01","2023","6","diesel_kwh_generated","94930","quality_check","125987","130557","112082","96727","","raw_value","","FALSE"
"A3317201223225003_fuel_used_gallons","A3317201223225003","331720","Kalskag","2023-06-01","2023","6","fuel_used_gallons","0","outlier_check","9252","8977","8158","7076","","avg_preceding_proceeding","","FALSE"
"A3317300524225003_fuel_cost","A3317300524225003","331730","Wales","2023-11-01","2023","11","fuel_cost","37878.77","outlier_check","29271.13","19160","22286","14392","","raw_value","","FALSE"
"A3317300616225003_diesel_kwh_generated","A3317300616225003","331730","Wales","2015-12-01","2015","12","diesel_kwh_generated","60545","quality_check","54172","48309","59374","70458","","raw_value","","FALSE"
"A3317300616225003_fuel_used_gallons","A3317300616225003","331730","Wales","2015-12-01","2015","12","fuel_used_gallons","1328","quality_check","4292","4019","4628","6475","","avg_preceding_proceeding","","FALSE"
"A3317300617225003_diesel_kwh_generated","A3317300617225003","331730","Wales","2016-12-01","2016","12","diesel_kwh_generated","69457","quality_check","57021","53328","58148","70458","","raw_value","","FALSE"
"A3317300617225003_fuel_used_gallons","A3317300617225003","331730","Wales","2016-12-01","2016","12","fuel_used_gallons","-85","outlier_check","4267","4169","4454","6475","","avg_preceding_proceeding","","FALSE"
"A3317300618225003_diesel_kwh_generated","A3317300618225003","331730","Wales","2017-12-01","2017","12","diesel_kwh_generated","59003","quality_check","61101","53362","60298","70458","","raw_value","","FALSE"
"A3317300618225003_fuel_used_gallons","A3317300618225003","331730","Wales","2017-12-01","2017","12","fuel_used_gallons","1267","quality_check","4372","4250","4400","6475","","avg_preceding_proceeding","","FALSE"
"A3317300620225003_diesel_kwh_generated","A3317300620225003","331730","Wales","2019-12-01","2019","12","diesel_kwh_generated","64219","quality_check","54208","52241","62538","70458","","raw_value","","FALSE"
"A3317300620225003_fuel_used_gallons","A3317300620225003","331730","Wales","2019-12-01","2019","12","fuel_used_gallons","-1464","outlier_check","4411","4207","4940","6475","","avg_preceding_proceeding","","FALSE"
"A3317300621225003_diesel_kwh_generated","A3317300621225003","331730","Wales","2020-12-01","2020","12","diesel_kwh_generated","63111","quality_check","57311","54087","58854","70458","","raw_value","","FALSE"
"A3317300621225003_fuel_used_gallons","A3317300621225003","331730","Wales","2020-12-01","2020","12","fuel_used_gallons","207","quality_check","4716","4279","4866","6475","","avg_preceding_proceeding","","FALSE"
"A3317300623225003_diesel_kwh_generated","A3317300623225003","331730","Wales","2022-12-01","2022","12","diesel_kwh_generated","72282","quality_check","80666","65241","83700","70458","","raw_value","","FALSE"
"A3317300623225003_fuel_cost","A3317300623225003","331730","Wales","2022-12-01","2022","12","fuel_cost","-25989.15","outlier_check","24301.76","16817","26622","5529","","avg_preceding_proceeding","","FALSE"
"A3317300623225003_fuel_used_gallons","A3317300623225003","331730","Wales","2022-12-01","2022","12","fuel_used_gallons","-6502","outlier_check","6080","5019","6356","6475","","avg_preceding_proceeding","","FALSE"
"A3317300724225003_amount","A3317300724225003","331730","Wales","2024-01-01","2024","1","amount","17081.05","outlier_check","6328.22","7158","6988","7277","","avg_preceding_proceeding","","FALSE"
"A3317300724225003_fuel_cost","A3317300724225003","331730","Wales","2024-01-01","2024","1","fuel_cost","43711.06","outlier_check","15301.02","19942","15301","16319","","raw_value","","FALSE"
"A3317300724225003_pce_eligible_residential_kwh","A3317300724225003","331730","Wales","2024-01-01","2024","1","pce_eligible_residential_kwh","29823","outlier_check","10638","11188","10770","15429","","avg_preceding_proceeding","","FALSE"
"A3317300824225003_fuel_cost","A3317300824225003","331730","Wales","2024-02-01","2024","2","fuel_cost","38424.96","outlier_check","","19942","","12824","","raw_value","","FALSE"
"A3317300923225003_diesel_kwh_generated","A3317300923225003","331730","Wales","2023-03-01","2023","3","diesel_kwh_generated","0","outlier_check","65311","76338","69542","71503","","avg_preceding_proceeding","","FALSE"
"A3317300923225003_fuel_used_gallons","A3317300923225003","331730","Wales","2023-03-01","2023","3","fuel_used_gallons","0","outlier_check","2456","5782","4282","5635","","avg_same_month_other_years","","TRUE"
"A3317300924225003_fuel_cost","A3317300924225003","331730","Wales","2024-03-01","2024","3","fuel_cost","42819","outlier_check","","19942","","13256","","raw_value","","FALSE"
"A3317301024225003_fuel_cost","A3317301024225003","331730","Wales","2024-04-01","2024","4","fuel_cost","39531.11","outlier_check","","19942","","15224","","raw_value","","FALSE"
"A3317301124225003_fuel_cost","A3317301124225003","331730","Wales","2024-05-01","2024","5","fuel_cost","35967.96","outlier_check","","19942","31798","12340","","raw_value","","FALSE"
"A3317301125225003_diesel_kwh_generated","A3317301125225003","331730","Wales","2025-05-01","2025","5","diesel_kwh_generated","55280","quality_check","64498","65788","56556","60132","","raw_value","","FALSE"
"A3317301125225003_fuel_used_gallons","A3317301125225003","331730","Wales","2025-05-01","2025","5","fuel_used_gallons","0","outlier_check","5302","5071","4662","4802","","avg_preceding_proceeding","","FALSE"
"A3317301223225003_diesel_kwh_generated","A3317301223225003","331730","Wales","2023-06-01","2023","6","diesel_kwh_generated","61425","quality_check","82890","76338","70640","48374","","raw_value","","FALSE"
"A3317301223225003_fuel_used_gallons","A3317301223225003","331730","Wales","2023-06-01","2023","6","fuel_used_gallons","0","outlier_check","6343","5782","5498","3959","","avg_preceding_proceeding","","FALSE"
"A3317400424225003_fuel_cost","A3317400424225003","331740","Karluk","2023-10-01","2023","10","fuel_cost","13758.35","outlier_check","10902.84","8768","12066","7150","","raw_value","","FALSE"
"A3317400724225003_fuel_cost","A3317400724225003","331740","Karluk","2024-01-01","2024","1","fuel_cost","13739.35","outlier_check","11219.42","10774","10349","6904","","raw_value","","FALSE"
"A3317500118225003_diesel_kwh_generated","A3317500118225003","331750","Atka","2017-07-01","2017","7","diesel_kwh_generated","181","quality_check","","5987","0","6605","","raw_value","","FALSE"
"A3317500217225003_diesel_kwh_generated","A3317500217225003","331750","Atka","2016-08-01","2016","8","diesel_kwh_generated","33921","outlier_check","9332","7831","4666","8535","","raw_value","","FALSE"
"A3317500421225003_peak_consumption_kw","A3317500421225003","331750","Atka","2020-10-01","2020","10","peak_consumption_kw","0","outlier_check","37","43","40","57","","avg_preceding_proceeding","","FALSE"
"A3317500519225003_diesel_kwh_generated","A3317500519225003","331750","Atka","2018-11-01","2018","11","diesel_kwh_generated","72","quality_check","23027","5110","12560","5843","","raw_value","","FALSE"
"A3317500616225003_amount","A3317500616225003","331750","Atka","2015-12-01","2015","12","amount","5761.87","outlier_check","","","5059","2895","","raw_value","","FALSE"
"A3317500624225003_amount","A3317500624225003","331750","Atka","2023-12-01","2023","12","amount","6125.36","outlier_check","4452.2","3069","4138","2895","","raw_value","","FALSE"
"A3317500717225003_amount","A3317500717225003","331750","Atka","2017-01-01","2017","1","amount","5498.81","outlier_check","5365.55","2795","3844","2953","","raw_value","","FALSE"
"A3317500720225003_diesel_kwh_generated","A3317500720225003","331750","Atka","2020-01-01","2020","1","diesel_kwh_generated","4474","quality_check","4663","6636","4663","11330","","raw_value","","FALSE"
"A3317500820225003_diesel_kwh_generated","A3317500820225003","331750","Atka","2020-02-01","2020","2","diesel_kwh_generated","1593","quality_check","","6636","2125","11143","","raw_value","","FALSE"
"A3317500820225003_fuel_used_gallons","A3317500820225003","331750","Atka","2020-02-01","2020","2","fuel_used_gallons","997","quality_check","0","645","120","1296","","raw_value","","FALSE"
"A3317500922225003_diesel_kwh_generated","A3317500922225003","331750","Atka","2022-03-01","2022","3","diesel_kwh_generated","52","quality_check","0","7197","0","5943","","raw_value","","FALSE"
"A3317501019225003_diesel_kwh_generated","A3317501019225003","331750","Atka","2019-04-01","2019","4","diesel_kwh_generated","45","quality_check","12129","8024","6854","2326","","raw_value","","FALSE"
"A3317501120225003_diesel_kwh_generated","A3317501120225003","331750","Atka","2020-05-01","2020","5","diesel_kwh_generated","1824","quality_check","0","6636","0","4767","","raw_value","","FALSE"
"A3317501217225003_diesel_kwh_generated","A3317501217225003","331750","Atka","2017-06-01","2017","6","diesel_kwh_generated","1027","quality_check","0","5987","0","6149","","raw_value","","FALSE"
"A3317501217225003_fuel_used_gallons","A3317501217225003","331750","Atka","2017-06-01","2017","6","fuel_used_gallons","370","quality_check","0","626","0","767","","raw_value","","FALSE"
"A3317600624225003_amount","A3317600624225003","331760","Aniak","2023-12-01","2023","12","amount","54110.23","outlier_check","51661.8","37327","50150","24996","","raw_value","","FALSE"
"A3317600626225003_pce_eligible_community_kwh","A3317600626225003","331760","Aniak","2025-12-01","2025","12","pce_eligible_community_kwh","12923","outlier_check","8443","7575","8443","6099","","raw_value","","FALSE"
"A3317600726225003_amount","A3317600726225003","331760","Aniak","2026-01-01","2026","1","amount","78364.07","outlier_check","35507.38","31756","35056","27946","","raw_value","","FALSE"
"A3317600726225003_pce_eligible_community_kwh","A3317600726225003","331760","Aniak","2026-01-01","2026","1","pce_eligible_community_kwh","16366","outlier_check","","10538","12478","7298","","raw_value","","FALSE"
"A3317600926225003_pce_eligible_community_kwh","A3317600926225003","331760","Aniak","2026-03-01","2026","3","pce_eligible_community_kwh","14992","outlier_check","12478","10538","11388","6879","","raw_value","","FALSE"
"A3317700117225003_diesel_kwh_generated","A3317700117225003","331770","Arctic Village","2016-07-01","2016","7","diesel_kwh_generated","28373","quality_check","28088","37309","14044","32544","","raw_value","","FALSE"
"A3317700118225003_diesel_kwh_generated","A3317700118225003","331770","Arctic Village","2017-07-01","2017","7","diesel_kwh_generated","32376","quality_check","","46891","","32544","","raw_value","","FALSE"
"A3317700123225003_diesel_kwh_generated","A3317700123225003","331770","Arctic Village","2022-07-01","2022","7","diesel_kwh_generated","44278","quality_check","","0","","32544","","raw_value","","FALSE"
"A3317700124225003_diesel_kwh_generated","A3317700124225003","331770","Arctic Village","2023-07-01","2023","7","diesel_kwh_generated","120536","quality_check","","","","32544","","raw_value","","FALSE"
"A3317700124225003_pce_eligible_residential_kwh","A3317700124225003","331770","Arctic Village","2023-07-01","2023","7","pce_eligible_residential_kwh","43111","outlier_check","","24719","26611","14856","","raw_value","","FALSE"
"A3317700125225003_diesel_kwh_generated","A3317700125225003","331770","Arctic Village","2024-07-01","2024","7","diesel_kwh_generated","99266","quality_check","","","","32544","","raw_value","","FALSE"
"A3317700218225003_diesel_kwh_generated","A3317700218225003","331770","Arctic Village","2017-08-01","2017","8","diesel_kwh_generated","35624","quality_check","","46891","","32657","","raw_value","","FALSE"
"A3317700223225003_diesel_kwh_generated","A3317700223225003","331770","Arctic Village","2022-08-01","2022","8","diesel_kwh_generated","1","quality_check","","0","","32657","","raw_value","","FALSE"
"A3317700224225003_diesel_kwh_generated","A3317700224225003","331770","Arctic Village","2023-08-01","2023","8","diesel_kwh_generated","77776","quality_check","","","","32657","","raw_value","","FALSE"
"A3317700225225003_diesel_kwh_generated","A3317700225225003","331770","Arctic Village","2024-08-01","2024","8","diesel_kwh_generated","68788","quality_check","","","","32657","","raw_value","","FALSE"
"A3317700317225003_diesel_kwh_generated","A3317700317225003","331770","Arctic Village","2016-09-01","2016","9","diesel_kwh_generated","80396","quality_check","0","37309","0","25972","","raw_value","","FALSE"
"A3317700318225003_diesel_kwh_generated","A3317700318225003","331770","Arctic Village","2017-09-01","2017","9","diesel_kwh_generated","39924","quality_check","","46891","","25972","","raw_value","","FALSE"
"A3317700323225003_diesel_kwh_generated","A3317700323225003","331770","Arctic Village","2022-09-01","2022","9","diesel_kwh_generated","95015","quality_check","","0","","25972","","raw_value","","FALSE"
"A3317700324225003_diesel_kwh_generated","A3317700324225003","331770","Arctic Village","2023-09-01","2023","9","diesel_kwh_generated","78008","quality_check","","","","25972","","raw_value","","FALSE"
"A3317700417225003_diesel_kwh_generated","A3317700417225003","331770","Arctic Village","2016-10-01","2016","10","diesel_kwh_generated","42942","quality_check","","37309","","62696","","raw_value","","FALSE"
"A3317700418225003_diesel_kwh_generated","A3317700418225003","331770","Arctic Village","2017-10-01","2017","10","diesel_kwh_generated","56429","quality_check","","46891","43546","62696","","raw_value","","FALSE"
"A3317700420225003_diesel_kwh_generated","A3317700420225003","331770","Arctic Village","2019-10-01","2019","10","diesel_kwh_generated","66602","quality_check","30686","47487","50346","62696","","raw_value","","FALSE"
"A3317700422225003_fuel_cost","A3317700422225003","331770","Arctic Village","2021-10-01","2021","10","fuel_cost","78970.85","outlier_check","","18641","0","6258","","raw_value","","FALSE"
"A3317700423225003_diesel_kwh_generated","A3317700423225003","331770","Arctic Village","2022-10-01","2022","10","diesel_kwh_generated","1","quality_check","","0","","62696","","raw_value","","FALSE"
"A3317700424225003_diesel_kwh_generated","A3317700424225003","331770","Arctic Village","2023-10-01","2023","10","diesel_kwh_generated","77540","quality_check","","","","62696","","raw_value","","FALSE"
"A3317700425225003_diesel_kwh_generated","A3317700425225003","331770","Arctic Village","2024-10-01","2024","10","diesel_kwh_generated","82609","quality_check","","","","62696","","raw_value","","FALSE"
"A3317700517225003_diesel_kwh_generated","A3317700517225003","331770","Arctic Village","2016-11-01","2016","11","diesel_kwh_generated","58376","quality_check","","37309","","25558","","raw_value","","FALSE"
"A3317700523225003_diesel_kwh_generated","A3317700523225003","331770","Arctic Village","2022-11-01","2022","11","diesel_kwh_generated","131095","quality_check","","0","","25558","","raw_value","","FALSE"
"A3317700524225003_diesel_kwh_generated","A3317700524225003","331770","Arctic Village","2023-11-01","2023","11","diesel_kwh_generated","78012","quality_check","","","","25558","","raw_value","","FALSE"
"A3317700525225003_diesel_kwh_generated","A3317700525225003","331770","Arctic Village","2024-11-01","2024","11","diesel_kwh_generated","65489","quality_check","","","","25558","","raw_value","","FALSE"
"A3317700617225003_diesel_kwh_generated","A3317700617225003","331770","Arctic Village","2016-12-01","2016","12","diesel_kwh_generated","57904","quality_check","","37309","","61679","","raw_value","","FALSE"
"A3317700623225003_diesel_kwh_generated","A3317700623225003","331770","Arctic Village","2022-12-01","2022","12","diesel_kwh_generated","1","quality_check","","0","","61679","","raw_value","","FALSE"
"A3317700624225003_diesel_kwh_generated","A3317700624225003","331770","Arctic Village","2023-12-01","2023","12","diesel_kwh_generated","77776","quality_check","","","","61679","","raw_value","","FALSE"
"A3317700625225003_diesel_kwh_generated","A3317700625225003","331770","Arctic Village","2024-12-01","2024","12","diesel_kwh_generated","60802","quality_check","","","","61679","","raw_value","","FALSE"
"A3317700626225003_diesel_kwh_generated","A3317700626225003","331770","Arctic Village","2025-12-01","2025","12","diesel_kwh_generated","2903112","outlier_check","0","0","36386","61679","","avg_same_month_other_years","","FALSE"
"A3317700626225003_fuel_cost","A3317700626225003","331770","Arctic Village","2025-12-01","2025","12","fuel_cost","180980.98","outlier_check","0","0","20688","14615","","raw_value","","FALSE"
"A3317700626225003_fuel_used_gallons","A3317700626225003","331770","Arctic Village","2025-12-01","2025","12","fuel_used_gallons","26187","outlier_check","0","0","2994","2882","","raw_value","","FALSE"
"A3317700717225003_diesel_kwh_generated","A3317700717225003","331770","Arctic Village","2017-01-01","2017","1","diesel_kwh_generated","56064","quality_check","","46891","","58242","","raw_value","","FALSE"
"A3317700723225003_diesel_kwh_generated","A3317700723225003","331770","Arctic Village","2023-01-01","2023","1","diesel_kwh_generated","124685","quality_check","","","","58242","","raw_value","","FALSE"
"A3317700723225003_fuel_used_gallons","A3317700723225003","331770","Arctic Village","2023-01-01","2023","1","fuel_used_gallons","2092","quality_check","0","0","0","3448","","raw_value","","FALSE"
"A3317700724225003_diesel_kwh_generated","A3317700724225003","331770","Arctic Village","2024-01-01","2024","1","diesel_kwh_generated","77821","quality_check","","","","58242","","raw_value","","FALSE"
"A3317700725225003_diesel_kwh_generated","A3317700725225003","331770","Arctic Village","2025-01-01","2025","1","diesel_kwh_generated","57537","quality_check","","0","","58242","","raw_value","","FALSE"
"A3317700817225003_diesel_kwh_generated","A3317700817225003","331770","Arctic Village","2017-02-01","2017","2","diesel_kwh_generated","49897","quality_check","","46891","","39106","","raw_value","","FALSE"
"A3317700822225003_fuel_cost","A3317700822225003","331770","Arctic Village","2022-02-01","2022","2","fuel_cost","164651.54","outlier_check","0","0","0","13027","","raw_value","","FALSE"
"A3317700823225003_diesel_kwh_generated","A3317700823225003","331770","Arctic Village","2023-02-01","2023","2","diesel_kwh_generated","1","quality_check","","","","39106","","raw_value","","FALSE"
"A3317700824225003_diesel_kwh_generated","A3317700824225003","331770","Arctic Village","2024-02-01","2024","2","diesel_kwh_generated","85300","quality_check","","","","39106","","raw_value","","FALSE"
"A3317700825225003_diesel_kwh_generated","A3317700825225003","331770","Arctic Village","2025-02-01","2025","2","diesel_kwh_generated","78268","quality_check","","0","","39106","","raw_value","","FALSE"
"A3317700917225003_diesel_kwh_generated","A3317700917225003","331770","Arctic Village","2017-03-01","2017","3","diesel_kwh_generated","65062","quality_check","","46891","","65106","","raw_value","","FALSE"
"A3317700923225003_diesel_kwh_generated","A3317700923225003","331770","Arctic Village","2023-03-01","2023","3","diesel_kwh_generated","129387","quality_check","","","","65106","","raw_value","","FALSE"
"A3317700924225003_diesel_kwh_generated","A3317700924225003","331770","Arctic Village","2024-03-01","2024","3","diesel_kwh_generated","85300","quality_check","","","","65106","","raw_value","","FALSE"
"A3317700925225003_diesel_kwh_generated","A3317700925225003","331770","Arctic Village","2025-03-01","2025","3","diesel_kwh_generated","60168","quality_check","","0","","65106","","raw_value","","FALSE"
"A3317701017225003_diesel_kwh_generated","A3317701017225003","331770","Arctic Village","2017-04-01","2017","4","diesel_kwh_generated","35780","quality_check","","46891","","39108","","raw_value","","FALSE"
"A3317701022225003_fuel_cost","A3317701022225003","331770","Arctic Village","2022-04-01","2022","4","fuel_cost","62166.18","outlier_check","","0","0","17110","","raw_value","","FALSE"
"A3317701023225003_diesel_kwh_generated","A3317701023225003","331770","Arctic Village","2023-04-01","2023","4","diesel_kwh_generated","41769","quality_check","","","","39108","","raw_value","","FALSE"
"A3317701024225003_diesel_kwh_generated","A3317701024225003","331770","Arctic Village","2024-04-01","2024","4","diesel_kwh_generated","85300","quality_check","","","","39108","","raw_value","","FALSE"
"A3317701025225003_diesel_kwh_generated","A3317701025225003","331770","Arctic Village","2025-04-01","2025","4","diesel_kwh_generated","63935","quality_check","","0","","39108","","raw_value","","FALSE"
"A3317701026225003_powerhouse_consumption_kwh","A3317701026225003","331770","Arctic Village","2026-04-01","2026","4","powerhouse_consumption_kwh","16508","outlier_check","","0","0","0","","avg_same_month_other_years","","FALSE"
"A3317701117225003_diesel_kwh_generated","A3317701117225003","331770","Arctic Village","2017-05-01","2017","5","diesel_kwh_generated","44374","quality_check","","46891","","43628","","raw_value","","FALSE"
"A3317701124225003_diesel_kwh_generated","A3317701124225003","331770","Arctic Village","2024-05-01","2024","5","diesel_kwh_generated","85300","quality_check","","","","43628","","raw_value","","FALSE"
"A3317701125225003_diesel_kwh_generated","A3317701125225003","331770","Arctic Village","2025-05-01","2025","5","diesel_kwh_generated","49024","quality_check","","0","","43628","","raw_value","","FALSE"
"A3317701126225003_fuel_cost","A3317701126225003","331770","Arctic Village","2026-05-01","2026","5","fuel_cost","73871.4","outlier_check","50340.45","39696","43685","8004","","raw_value","","FALSE"
"A3317701217225003_diesel_kwh_generated","A3317701217225003","331770","Arctic Village","2017-06-01","2017","6","diesel_kwh_generated","31126","quality_check","","46891","","38100","","raw_value","","FALSE"
"A3317701224225003_diesel_kwh_generated","A3317701224225003","331770","Arctic Village","2024-06-01","2024","6","diesel_kwh_generated","85800","quality_check","","","","38100","","raw_value","","FALSE"
"A3317701225225003_diesel_kwh_generated","A3317701225225003","331770","Arctic Village","2025-06-01","2025","6","diesel_kwh_generated","45852","quality_check","","0","","38100","","raw_value","","FALSE"
"A3317800120225003_powerhouse_consumption_kwh","A3317800120225003","331780","Atmautluak","2019-07-01","2019","7","powerhouse_consumption_kwh","0","outlier_check","","3936","","3375","","avg_same_month_other_years","","FALSE"
"A3317800220225003_powerhouse_consumption_kwh","A3317800220225003","331780","Atmautluak","2019-08-01","2019","8","powerhouse_consumption_kwh","0","outlier_check","","3936","","3178","","avg_same_month_other_years","","FALSE"
"A3317800320225003_powerhouse_consumption_kwh","A3317800320225003","331780","Atmautluak","2019-09-01","2019","9","powerhouse_consumption_kwh","0","outlier_check","","3936","","2993","","avg_same_month_other_years","","FALSE"
"A3317800419225003_powerhouse_consumption_kwh","A3317800419225003","331780","Atmautluak","2018-10-01","2018","10","powerhouse_consumption_kwh","0","outlier_check","2726","3410","2726","3001","","avg_same_month_other_years","","FALSE"
"A3317800420225003_powerhouse_consumption_kwh","A3317800420225003","331780","Atmautluak","2019-10-01","2019","10","powerhouse_consumption_kwh","0","outlier_check","","3936","3255","3001","","avg_same_month_other_years","","FALSE"
"A3317800519225003_powerhouse_consumption_kwh","A3317800519225003","331780","Atmautluak","2018-11-01","2018","11","powerhouse_consumption_kwh","0","outlier_check","","3410","4150","3265","","avg_same_month_other_years","","FALSE"
"A3317800616225003_powerhouse_consumption_kwh","A3317800616225003","331780","Atmautluak","2015-12-01","2015","12","powerhouse_consumption_kwh","0","outlier_check","3010","3010","3010","3473","","avg_same_month_other_years","","FALSE"
"A3317800620225003_powerhouse_consumption_kwh","A3317800620225003","331780","Atmautluak","2019-12-01","2019","12","powerhouse_consumption_kwh","0","outlier_check","3255","3936","3564","3473","","avg_same_month_other_years","","FALSE"
"A3317800716225003_powerhouse_consumption_kwh","A3317800716225003","331780","Atmautluak","2016-01-01","2016","1","powerhouse_consumption_kwh","0","outlier_check","","3014","","3694","","avg_same_month_other_years","","FALSE"
"A3317800816225003_powerhouse_consumption_kwh","A3317800816225003","331780","Atmautluak","2016-02-01","2016","2","powerhouse_consumption_kwh","0","outlier_check","","3014","","3396","","avg_same_month_other_years","","FALSE"
"A3317800818225003_powerhouse_consumption_kwh","A3317800818225003","331780","Atmautluak","2018-02-01","2018","2","powerhouse_consumption_kwh","0","outlier_check","4440","3410","4440","3396","","avg_same_month_other_years","","FALSE"
"A3317800819225003_powerhouse_consumption_kwh","A3317800819225003","331780","Atmautluak","2019-02-01","2019","2","powerhouse_consumption_kwh","0","outlier_check","4340","3936","4340","3396","","avg_same_month_other_years","","FALSE"
"A3317800916225003_powerhouse_consumption_kwh","A3317800916225003","331780","Atmautluak","2016-03-01","2016","3","powerhouse_consumption_kwh","0","outlier_check","","3014","3019","3230","","avg_same_month_other_years","","FALSE"
"A3317800918225003_powerhouse_consumption_kwh","A3317800918225003","331780","Atmautluak","2018-03-01","2018","3","powerhouse_consumption_kwh","0","outlier_check","","3410","","3230","","avg_same_month_other_years","","FALSE"
"A3317800919225003_powerhouse_consumption_kwh","A3317800919225003","331780","Atmautluak","2019-03-01","2019","3","powerhouse_consumption_kwh","0","outlier_check","","3936","4212","3230","","avg_same_month_other_years","","FALSE"
"A3317801018225003_powerhouse_consumption_kwh","A3317801018225003","331780","Atmautluak","2018-04-01","2018","4","powerhouse_consumption_kwh","0","outlier_check","","3410","","3100","","avg_same_month_other_years","","FALSE"
"A3317801118225003_powerhouse_consumption_kwh","A3317801118225003","331780","Atmautluak","2018-05-01","2018","5","powerhouse_consumption_kwh","0","outlier_check","","3410","","3076","","avg_same_month_other_years","","FALSE"
"A3317801119225003_powerhouse_consumption_kwh","A3317801119225003","331780","Atmautluak","2019-05-01","2019","5","powerhouse_consumption_kwh","0","outlier_check","4212","3936","4212","3076","","avg_same_month_other_years","","FALSE"
"A3317801218225003_powerhouse_consumption_kwh","A3317801218225003","331780","Atmautluak","2018-06-01","2018","6","powerhouse_consumption_kwh","0","outlier_check","","3410","2928","3283","","avg_same_month_other_years","","FALSE"
"A3317801219225003_powerhouse_consumption_kwh","A3317801219225003","331780","Atmautluak","2019-06-01","2019","6","powerhouse_consumption_kwh","0","outlier_check","","3936","","3283","","avg_same_month_other_years","","FALSE"
"A3317900517225003_diesel_kwh_generated","A3317900517225003","331790","Beaver","2016-11-01","2016","11","diesel_kwh_generated","167557","outlier_check","10008","21958","21946","19325","","avg_same_month_other_years","","FALSE"
"A3317900517225003_fuel_used_gallons","A3317900517225003","331790","Beaver","2016-11-01","2016","11","fuel_used_gallons","2962","quality_check","2611","2116","2874","2145","","raw_value","","FALSE"
"A3318000726225003_pce_eligible_residential_kwh","A3318000726225003","331800","Bethel, Oscarville","2026-01-01","2026","1","pce_eligible_residential_kwh","971507","outlier_check","894485","818653","877975","772650","","raw_value","","FALSE"
"A3318001026225003_amount","A3318001026225003","331800","Bethel, Oscarville","2026-04-01","2026","4","amount","478520.26","outlier_check","208743.22","183925","180247","148036","","annual_average","","FALSE"
"A3318001125225003_diesel_kwh_generated","A3318001125225003","331800","Bethel, Oscarville","2025-05-01","2025","5","diesel_kwh_generated","3229840","quality_check","3745365","3893913","3497139","3342673","","raw_value","","FALSE"
"A3318001125225003_fuel_used_gallons","A3318001125225003","331800","Bethel, Oscarville","2025-05-01","2025","5","fuel_used_gallons","0","outlier_check","259415","266838","240714","237961","","avg_preceding_proceeding","","FALSE"
"A3318001126225003_residential_sold_to","A3318001126225003","331800","Bethel, Oscarville","2026-05-01","2026","5","residential_sold_to","0","outlier_check","1013569","1221180","1013569","758785","","avg_same_month_other_years","","FALSE"
"A3318001223225003_diesel_kwh_generated","A3318001223225003","331800","Bethel, Oscarville","2023-06-01","2023","6","diesel_kwh_generated","3104384","quality_check","3777382","3723802","3540431","3125216","","raw_value","","FALSE"
"A3318001223225003_fuel_used_gallons","A3318001223225003","331800","Bethel, Oscarville","2023-06-01","2023","6","fuel_used_gallons","0","outlier_check","257850","253668","248735","224353","","avg_preceding_proceeding","","FALSE"
"A3318100418225003_diesel_kwh_generated","A3318100418225003","331810","Birch Creek","2017-10-01","2017","10","diesel_kwh_generated","8129","quality_check","0","0","0","7885","","raw_value","","FALSE"
"A3318100518225003_diesel_kwh_generated","A3318100518225003","331810","Birch Creek","2017-11-01","2017","11","diesel_kwh_generated","9530","quality_check","","0","0","8977","","raw_value","","FALSE"
"A3318101121225003_pce_eligible_residential_kwh","A3318101121225003","331810","Birch Creek","2021-05-01","2021","5","pce_eligible_residential_kwh","5139","outlier_check","1581","2289","1507","2456","","avg_preceding_proceeding","","FALSE"
"A3318200125225003_peak_consumption_kw","A3318200125225003","331820","Buckland","2024-07-01","2024","7","peak_consumption_kw","0","outlier_check","","362","300","248","","avg_same_month_other_years","","FALSE"
"A3318200418225003_peak_consumption_kw","A3318200418225003","331820","Buckland","2017-10-01","2017","10","peak_consumption_kw","0","outlier_check","294","306","324","322","","avg_preceding_proceeding","","FALSE"
"A3318200624225003_fuel_cost","A3318200624225003","331820","Buckland","2023-12-01","2023","12","fuel_cost","113741.38","outlier_check","85374.84","61949","42687","46704","","raw_value","","FALSE"
"A3318200717225003_diesel_kwh_generated","A3318200717225003","331820","Buckland","2017-01-01","2017","1","diesel_kwh_generated","168000","quality_check","170000","124177","173000","152745","","raw_value","","FALSE"
"A3318200717225003_fuel_used_gallons","A3318200717225003","331820","Buckland","2017-01-01","2017","1","fuel_used_gallons","4713","quality_check","10348","11594","14558","12194","","avg_preceding_proceeding","","FALSE"
"A3318200824225003_peak_consumption_kw","A3318200824225003","331820","Buckland","2024-02-01","2024","2","peak_consumption_kw","0","outlier_check","390","362","390","398","","avg_same_month_other_years","","FALSE"
"A3318200923225003_fuel_cost","A3318200923225003","331820","Buckland","2023-03-01","2023","3","fuel_cost","124316.9","outlier_check","53094.19","61949","53094","42706","","raw_value","","FALSE"
"A3318200924225003_peak_consumption_kw","A3318200924225003","331820","Buckland","2024-03-01","2024","3","peak_consumption_kw","0","outlier_check","","362","","361","","avg_same_month_other_years","","FALSE"
"A3318201022225003_pce_eligible_community_kwh","A3318201022225003","331820","Buckland","2022-04-01","2022","4","pce_eligible_community_kwh","31984","outlier_check","11134","10784","11134","9885","","avg_preceding_proceeding","","FALSE"
"A3318201023225003_fuel_cost","A3318201023225003","331820","Buckland","2023-04-01","2023","4","fuel_cost","128042.5","outlier_check","","61949","65805","45764","","raw_value","","FALSE"
"A3318201024225003_peak_consumption_kw","A3318201024225003","331820","Buckland","2024-04-01","2024","4","peak_consumption_kw","0","outlier_check","","362","","335","","avg_same_month_other_years","","FALSE"
"A3318201026225003_pce_eligible_community_kwh","A3318201026225003","331820","Buckland","2026-04-01","2026","4","pce_eligible_community_kwh","23558","outlier_check","12309","11977","10620","9885","","avg_preceding_proceeding","","FALSE"
"A3318201124225003_peak_consumption_kw","A3318201124225003","331820","Buckland","2024-05-01","2024","5","peak_consumption_kw","0","outlier_check","","362","","295","","avg_same_month_other_years","","FALSE"
"A3318201224225003_peak_consumption_kw","A3318201224225003","331820","Buckland","2024-06-01","2024","6","peak_consumption_kw","0","outlier_check","","362","","242","","avg_same_month_other_years","","FALSE"
"A3318400121225003_fuel_cost","A3318400121225003","331840","Chalkyitsik","2020-07-01","2020","7","fuel_cost","16227.07","outlier_check","8210.21","9758","8286","8141","","raw_value","","FALSE"
"A3318400320225003_fuel_cost","A3318400320225003","331840","Chalkyitsik","2019-09-01","2019","9","fuel_cost","20448.04","outlier_check","9134.29","9740","8931","9833","","raw_value","","FALSE"
"A3318400617225003_diesel_kwh_generated","A3318400617225003","331840","Chalkyitsik","2016-12-01","2016","12","diesel_kwh_generated","35250","quality_check","27890","25732","27995","27510","","raw_value","","FALSE"
"A3318400617225003_fuel_cost","A3318400617225003","331840","Chalkyitsik","2016-12-01","2016","12","fuel_cost","52353.66","outlier_check","9883.79","10066","9728","9849","","raw_value","","FALSE"
"A3318400617225003_fuel_used_gallons","A3318400617225003","331840","Chalkyitsik","2016-12-01","2016","12","fuel_used_gallons","13237","outlier_check","2499","2489","2460","2370","","raw_value","","FALSE"
"A3318400619225003_fuel_cost","A3318400619225003","331840","Chalkyitsik","2018-12-01","2018","12","fuel_cost","23170.58","outlier_check","","9862","12437","9849","","raw_value","","FALSE"
"A3318400621225003_diesel_kwh_generated","A3318400621225003","331840","Chalkyitsik","2020-12-01","2020","12","diesel_kwh_generated","29880","quality_check","25420","23015","25420","27510","","raw_value","","FALSE"
"A3318400621225003_fuel_cost","A3318400621225003","331840","Chalkyitsik","2020-12-01","2020","12","fuel_cost","0","outlier_check","9359.07","9758","9359","9849","","avg_same_month_other_years","","FALSE"
"A3318400621225003_fuel_used_gallons","A3318400621225003","331840","Chalkyitsik","2020-12-01","2020","12","fuel_used_gallons","0","outlier_check","2204","2222","2204","2370","","avg_same_month_other_years","","FALSE"
"A3318400721225003_diesel_kwh_generated","A3318400721225003","331840","Chalkyitsik","2021-01-01","2021","1","diesel_kwh_generated","24390","quality_check","","","","31075","","raw_value","","FALSE"
"A3318400721225003_fuel_cost","A3318400721225003","331840","Chalkyitsik","2021-01-01","2021","1","fuel_cost","0","outlier_check","","","","10923","","avg_same_month_other_years","","FALSE"
"A3318400721225003_fuel_used_gallons","A3318400721225003","331840","Chalkyitsik","2021-01-01","2021","1","fuel_used_gallons","0","outlier_check","","","","2546","","avg_same_month_other_years","","FALSE"
"A3318400821225003_diesel_kwh_generated","A3318400821225003","331840","Chalkyitsik","2021-02-01","2021","2","diesel_kwh_generated","26280","quality_check","","","","28772","","raw_value","","FALSE"
"A3318400821225003_fuel_cost","A3318400821225003","331840","Chalkyitsik","2021-02-01","2021","2","fuel_cost","0","outlier_check","","","","10780","","avg_same_month_other_years","","FALSE"
"A3318400821225003_fuel_used_gallons","A3318400821225003","331840","Chalkyitsik","2021-02-01","2021","2","fuel_used_gallons","0","outlier_check","","","","2518","","avg_same_month_other_years","","FALSE"
"A3318500121225003_diesel_kwh_generated","A3318500121225003","331850","Chenega Bay","2020-07-01","2020","7","diesel_kwh_generated","0","outlier_check","","23015","","19262","","avg_same_month_other_years","","FALSE"
"A3318500121225003_peak_consumption_kw","A3318500121225003","331850","Chenega Bay","2020-07-01","2020","7","peak_consumption_kw","0","outlier_check","58","54","58","57","","avg_preceding_proceeding","","FALSE"
"A3318500217225003_pce_eligible_community_kwh","A3318500217225003","331850","Chenega Bay","2016-08-01","2016","8","pce_eligible_community_kwh","1605","outlier_check","2337","2242","2337","3521","","raw_value","","FALSE"
"A3318500221225003_diesel_kwh_generated","A3318500221225003","331850","Chenega Bay","2020-08-01","2020","8","diesel_kwh_generated","0","outlier_check","","23015","","21067","","avg_same_month_other_years","","FALSE"
"A3318500221225003_fuel_cost","A3318500221225003","331850","Chenega Bay","2020-08-01","2020","8","fuel_cost","30983.26","outlier_check","0","5146","4776","9895","","avg_same_month_other_years","","FALSE"
"A3318500317225003_pce_eligible_community_kwh","A3318500317225003","331850","Chenega Bay","2016-09-01","2016","9","pce_eligible_community_kwh","1718","outlier_check","","2242","1861","3368","","raw_value","","FALSE"
"A3318500320225003_diesel_kwh_generated","A3318500320225003","331850","Chenega Bay","2019-09-01","2019","9","diesel_kwh_generated","0","outlier_check","17017","20545","17017","20682","","avg_same_month_other_years","","FALSE"
"A3318500321225003_diesel_kwh_generated","A3318500321225003","331850","Chenega Bay","2020-09-01","2020","9","diesel_kwh_generated","0","outlier_check","","23015","23713","20682","","avg_same_month_other_years","","FALSE"
"A3318500420225003_diesel_kwh_generated","A3318500420225003","331850","Chenega Bay","2019-10-01","2019","10","diesel_kwh_generated","0","outlier_check","","20545","","24017","","avg_same_month_other_years","","FALSE"
"A3318500519225003_diesel_kwh_generated","A3318500519225003","331850","Chenega Bay","2018-11-01","2018","11","diesel_kwh_generated","20688","quality_check","23341","20526","24037","26242","","raw_value","","FALSE"
"A3318500519225003_fuel_used_gallons","A3318500519225003","331850","Chenega Bay","2018-11-01","2018","11","fuel_used_gallons","0","outlier_check","2927","2504","2932","2004","","avg_preceding_proceeding","","FALSE"
"A3318500520225003_diesel_kwh_generated","A3318500520225003","331850","Chenega Bay","2019-11-01","2019","11","diesel_kwh_generated","0","outlier_check","","20545","","26242","","avg_same_month_other_years","","FALSE"
"A3318500522225003_diesel_kwh_generated","A3318500522225003","331850","Chenega Bay","2021-11-01","2021","11","diesel_kwh_generated","0","outlier_check","25534","21608","25868","26242","","avg_same_month_other_years","","FALSE"
"A3318500620225003_diesel_kwh_generated","A3318500620225003","331850","Chenega Bay","2019-12-01","2019","12","diesel_kwh_generated","0","outlier_check","","20545","20005","27306","","avg_same_month_other_years","","FALSE"
"A3318500626225003_amount","A3318500626225003","331850","Chenega Bay","2025-12-01","2025","12","amount","8570.01","outlier_check","7731.52","6682","7606","4382","","raw_value","","FALSE"
"A3318500822225003_diesel_kwh_generated","A3318500822225003","331850","Chenega Bay","2022-02-01","2022","2","diesel_kwh_generated","0","outlier_check","19362","20755","19234","23577","","avg_preceding_proceeding","","FALSE"
"A3318500822225003_peak_consumption_kw","A3318500822225003","331850","Chenega Bay","2022-02-01","2022","2","peak_consumption_kw","0","outlier_check","53","66","57","57","","avg_preceding_proceeding","","FALSE"
"A3318500920225003_diesel_kwh_generated","A3318500920225003","331850","Chenega Bay","2020-03-01","2020","3","diesel_kwh_generated","0","outlier_check","21794","23015","21794","24038","","avg_same_month_other_years","","FALSE"
"A3318500921225003_diesel_kwh_generated","A3318500921225003","331850","Chenega Bay","2021-03-01","2021","3","diesel_kwh_generated","24414","quality_check","19776","21608","19716","24038","","raw_value","","FALSE"
"A3318500921225003_fuel_used_gallons","A3318500921225003","331850","Chenega Bay","2021-03-01","2021","3","fuel_used_gallons","0","outlier_check","1661","1876","1688","2087","","avg_preceding_proceeding","","FALSE"
"A3318501020225003_diesel_kwh_generated","A3318501020225003","331850","Chenega Bay","2020-04-01","2020","4","diesel_kwh_generated","0","outlier_check","","23015","","21900","","avg_same_month_other_years","","FALSE"
"A3318501020225003_peak_consumption_kw","A3318501020225003","331850","Chenega Bay","2020-04-01","2020","4","peak_consumption_kw","0","outlier_check","58","54","58","58","","avg_preceding_proceeding","","FALSE"
"A3318501022225003_diesel_kwh_generated","A3318501022225003","331850","Chenega Bay","2022-04-01","2022","4","diesel_kwh_generated","0","outlier_check","19106","20755","19106","21900","","avg_preceding_proceeding","","FALSE"
"A3318501120225003_diesel_kwh_generated","A3318501120225003","331850","Chenega Bay","2020-05-01","2020","5","diesel_kwh_generated","0","outlier_check","","23015","","22122","","avg_same_month_other_years","","FALSE"
"A3318501122225003_diesel_kwh_generated","A3318501122225003","331850","Chenega Bay","2022-05-01","2022","5","diesel_kwh_generated","0","outlier_check","","20755","24450","22122","","avg_same_month_other_years","","FALSE"
"A3318501220225003_diesel_kwh_generated","A3318501220225003","331850","Chenega Bay","2020-06-01","2020","6","diesel_kwh_generated","0","outlier_check","","23015","","21884","","avg_same_month_other_years","","FALSE"
"A3318501221225003_diesel_kwh_generated","A3318501221225003","331850","Chenega Bay","2021-06-01","2021","6","diesel_kwh_generated","0","outlier_check","20894","21608","21193","21884","","avg_same_month_other_years","","FALSE"
"A3318600317225003_pce_eligible_community_kwh","A3318600317225003","331860","Chignik","2016-09-01","2016","9","pce_eligible_community_kwh","0","outlier_check","6650","6702","6650","5930","","annual_average","","FALSE"
"A3318600417225003_pce_eligible_community_kwh","A3318600417225003","331860","Chignik","2016-10-01","2016","10","pce_eligible_community_kwh","0","outlier_check","","6702","","6048","","annual_average","","FALSE"
"A3318600517225003_pce_eligible_community_kwh","A3318600517225003","331860","Chignik","2016-11-01","2016","11","pce_eligible_community_kwh","0","outlier_check","","6702","","6048","","annual_average","","FALSE"
"A3318600617225003_pce_eligible_community_kwh","A3318600617225003","331860","Chignik","2016-12-01","2016","12","pce_eligible_community_kwh","0","outlier_check","","6702","","6048","","annual_average","","FALSE"
"A3318600717225003_pce_eligible_community_kwh","A3318600717225003","331860","Chignik","2017-01-01","2017","1","pce_eligible_community_kwh","0","outlier_check","","6664","","6009","","annual_average","","FALSE"
"A3318600817225003_pce_eligible_community_kwh","A3318600817225003","331860","Chignik","2017-02-01","2017","2","pce_eligible_community_kwh","0","outlier_check","","6664","6552","5958","","annual_average","","FALSE"
"A3318600820225003_pce_eligible_community_kwh","A3318600820225003","331860","Chignik","2020-02-01","2020","2","pce_eligible_community_kwh","0","outlier_check","6860","6410","6860","5958","","annual_average","","FALSE"
"A3318600920225003_pce_eligible_community_kwh","A3318600920225003","331860","Chignik","2020-03-01","2020","3","pce_eligible_community_kwh","500","outlier_check","","6410","","6017","","annual_average","","FALSE"
"A3318601017225003_amount","A3318601017225003","331860","Chignik","2017-04-01","2017","4","amount","14421.01","outlier_check","4466.71","4431","4592","3044","","avg_preceding_proceeding","","FALSE"
"A3318601020225003_pce_eligible_community_kwh","A3318601020225003","331860","Chignik","2020-04-01","2020","4","pce_eligible_community_kwh","1837","outlier_check","","6410","6860","6027","","annual_average","","FALSE"
"A3318601117225003_diesel_kwh_generated","A3318601117225003","331860","Chignik","2017-05-01","2017","5","diesel_kwh_generated","0","outlier_check","55780","61534","76362","61536","","avg_preceding_proceeding","","FALSE"
"A3318601120225003_diesel_kwh_generated","A3318601120225003","331860","Chignik","2020-05-01","2020","5","diesel_kwh_generated","321967","outlier_check","90171","61028","90171","61536","","raw_value","","FALSE"
"A3318601120225003_fuel_used_gallons","A3318601120225003","331860","Chignik","2020-05-01","2020","5","fuel_used_gallons","3326","quality_check","3510","4321","3510","4553","","raw_value","","FALSE"
"A3318601219225003_diesel_kwh_generated","A3318601219225003","331860","Chignik","2019-06-01","2019","6","diesel_kwh_generated","0","outlier_check","87475","60499","90806","77425","","avg_preceding_proceeding","","FALSE"
"A3318700117225003_peak_consumption_kw","A3318700117225003","331870","Chignik Lagoon","2016-07-01","2016","7","peak_consumption_kw","119","outlier_check","","","","4","","raw_value","","FALSE"
"A3318700118225003_diesel_kwh_generated","A3318700118225003","331870","Chignik Lagoon","2017-07-01","2017","7","diesel_kwh_generated","3944","quality_check","10679","24250","17360","21162","","raw_value","","FALSE"
"A3318700118225003_fuel_used_gallons","A3318700118225003","331870","Chignik Lagoon","2017-07-01","2017","7","fuel_used_gallons","3847","quality_check","890","2813","1454","1958","","raw_value","","FALSE"
"A3318700118225003_peak_consumption_kw","A3318700118225003","331870","Chignik Lagoon","2017-07-01","2017","7","peak_consumption_kw","94","outlier_check","","46","","4","","raw_value","","FALSE"
"A3318700121225003_peak_consumption_kw","A3318700121225003","331870","Chignik Lagoon","2020-07-01","2020","7","peak_consumption_kw","57","outlier_check","0","0","0","4","","raw_value","","FALSE"
"A3318700217225003_diesel_kwh_generated","A3318700217225003","331870","Chignik Lagoon","2016-08-01","2016","8","diesel_kwh_generated","507","quality_check","0","0","0","32472","","raw_value","","FALSE"
"A3318700217225003_fuel_used_gallons","A3318700217225003","331870","Chignik Lagoon","2016-08-01","2016","8","fuel_used_gallons","621","quality_check","0","0","0","2757","","raw_value","","FALSE"
"A3318700217225003_peak_consumption_kw","A3318700217225003","331870","Chignik Lagoon","2016-08-01","2016","8","peak_consumption_kw","89","outlier_check","","","","5","","raw_value","","FALSE"
"A3318700218225003_peak_consumption_kw","A3318700218225003","331870","Chignik Lagoon","2017-08-01","2017","8","peak_consumption_kw","87","outlier_check","","46","","5","","raw_value","","FALSE"
"A3318700220225003_diesel_kwh_generated","A3318700220225003","331870","Chignik Lagoon","2019-08-01","2019","8","diesel_kwh_generated","2689","quality_check","12197","6038","6098","32472","","raw_value","","FALSE"
"A3318700220225003_fuel_used_gallons","A3318700220225003","331870","Chignik Lagoon","2019-08-01","2019","8","fuel_used_gallons","3196","quality_check","1193","691","1678","2757","","raw_value","","FALSE"
"A3318700221225003_peak_consumption_kw","A3318700221225003","331870","Chignik Lagoon","2020-08-01","2020","8","peak_consumption_kw","57","outlier_check","","0","","5","","raw_value","","FALSE"
"A3318700222225003_peak_consumption_kw","A3318700222225003","331870","Chignik Lagoon","2021-08-01","2021","8","peak_consumption_kw","71","outlier_check","3","1","3","5","","raw_value","","FALSE"
"A3318700317225003_diesel_kwh_generated","A3318700317225003","331870","Chignik Lagoon","2016-09-01","2016","9","diesel_kwh_generated","953","quality_check","","0","","27656","","raw_value","","FALSE"
"A3318700317225003_fuel_used_gallons","A3318700317225003","331870","Chignik Lagoon","2016-09-01","2016","9","fuel_used_gallons","1080","quality_check","","0","","2767","","raw_value","","FALSE"
"A3318700317225003_peak_consumption_kw","A3318700317225003","331870","Chignik Lagoon","2016-09-01","2016","9","peak_consumption_kw","89","outlier_check","","","","7","","raw_value","","FALSE"
"A3318700318225003_peak_consumption_kw","A3318700318225003","331870","Chignik Lagoon","2017-09-01","2017","9","peak_consumption_kw","98","outlier_check","","46","","7","","raw_value","","FALSE"
"A3318700321225003_peak_consumption_kw","A3318700321225003","331870","Chignik Lagoon","2020-09-01","2020","9","peak_consumption_kw","67","outlier_check","","0","0","7","","raw_value","","FALSE"
"A3318700322225003_peak_consumption_kw","A3318700322225003","331870","Chignik Lagoon","2021-09-01","2021","9","peak_consumption_kw","71","outlier_check","","1","","7","","raw_value","","FALSE"
"A3318700417225003_diesel_kwh_generated","A3318700417225003","331870","Chignik Lagoon","2016-10-01","2016","10","diesel_kwh_generated","1383","quality_check","","0","","17803","","raw_value","","FALSE"
"A3318700417225003_fuel_used_gallons","A3318700417225003","331870","Chignik Lagoon","2016-10-01","2016","10","fuel_used_gallons","1350","quality_check","","0","","1609","","raw_value","","FALSE"
"A3318700417225003_peak_consumption_kw","A3318700417225003","331870","Chignik Lagoon","2016-10-01","2016","10","peak_consumption_kw","89","outlier_check","","","","6","","raw_value","","FALSE"
"A3318700418225003_peak_consumption_kw","A3318700418225003","331870","Chignik Lagoon","2017-10-01","2017","10","peak_consumption_kw","85","outlier_check","","46","","6","","raw_value","","FALSE"
"A3318700419225003_diesel_kwh_generated","A3318700419225003","331870","Chignik Lagoon","2018-10-01","2018","10","diesel_kwh_generated","4704","quality_check","32000","16959","16384","17803","","raw_value","","FALSE"
"A3318700419225003_fuel_used_gallons","A3318700419225003","331870","Chignik Lagoon","2018-10-01","2018","10","fuel_used_gallons","20","quality_check","3976","1422","2016","1609","","raw_value","","FALSE"
"A3318700422225003_peak_consumption_kw","A3318700422225003","331870","Chignik Lagoon","2021-10-01","2021","10","peak_consumption_kw","71","outlier_check","","1","","6","","raw_value","","FALSE"
"A3318700516225003_diesel_kwh_generated","A3318700516225003","331870","Chignik Lagoon","2015-11-01","2015","11","diesel_kwh_generated","14","quality_check","","","","16691","","raw_value","","FALSE"
"A3318700516225003_fuel_used_gallons","A3318700516225003","331870","Chignik Lagoon","2015-11-01","2015","11","fuel_used_gallons","14","quality_check","","","","1567","","raw_value","","FALSE"
"A3318700516225003_peak_consumption_kw","A3318700516225003","331870","Chignik Lagoon","2015-11-01","2015","11","peak_consumption_kw","78","outlier_check","","","","10","","raw_value","","FALSE"
"A3318700517225003_diesel_kwh_generated","A3318700517225003","331870","Chignik Lagoon","2016-11-01","2016","11","diesel_kwh_generated","879","quality_check","","0","","16691","","raw_value","","FALSE"
"A3318700517225003_fuel_used_gallons","A3318700517225003","331870","Chignik Lagoon","2016-11-01","2016","11","fuel_used_gallons","943","quality_check","","0","","1567","","raw_value","","FALSE"
"A3318700517225003_peak_consumption_kw","A3318700517225003","331870","Chignik Lagoon","2016-11-01","2016","11","peak_consumption_kw","89","outlier_check","","","","10","","raw_value","","FALSE"
"A3318700518225003_peak_consumption_kw","A3318700518225003","331870","Chignik Lagoon","2017-11-01","2017","11","peak_consumption_kw","82","outlier_check","","46","","10","","raw_value","","FALSE"
"A3318700519225003_peak_consumption_kw","A3318700519225003","331870","Chignik Lagoon","2018-11-01","2018","11","peak_consumption_kw","75","outlier_check","10","2","10","10","","raw_value","","FALSE"
"A3318700521225003_peak_consumption_kw","A3318700521225003","331870","Chignik Lagoon","2020-11-01","2020","11","peak_consumption_kw","83","outlier_check","0","0","0","10","","raw_value","","FALSE"
"A3318700522225003_peak_consumption_kw","A3318700522225003","331870","Chignik Lagoon","2021-11-01","2021","11","peak_consumption_kw","71","outlier_check","","1","3","10","","raw_value","","FALSE"
"A3318700616225003_diesel_kwh_generated","A3318700616225003","331870","Chignik Lagoon","2015-12-01","2015","12","diesel_kwh_generated","43","quality_check","","","","22143","","raw_value","","FALSE"
"A3318700616225003_fuel_used_gallons","A3318700616225003","331870","Chignik Lagoon","2015-12-01","2015","12","fuel_used_gallons","45","quality_check","","","","1697","","raw_value","","FALSE"
"A3318700616225003_peak_consumption_kw","A3318700616225003","331870","Chignik Lagoon","2015-12-01","2015","12","peak_consumption_kw","78","outlier_check","","","","2","","raw_value","","FALSE"
"A3318700617225003_diesel_kwh_generated","A3318700617225003","331870","Chignik Lagoon","2016-12-01","2016","12","diesel_kwh_generated","2506","quality_check","","0","","22143","","raw_value","","FALSE"
"A3318700617225003_fuel_used_gallons","A3318700617225003","331870","Chignik Lagoon","2016-12-01","2016","12","fuel_used_gallons","2841","quality_check","","0","","1697","","raw_value","","FALSE"
"A3318700617225003_peak_consumption_kw","A3318700617225003","331870","Chignik Lagoon","2016-12-01","2016","12","peak_consumption_kw","89","outlier_check","","","","2","","raw_value","","FALSE"
"A3318700619225003_peak_consumption_kw","A3318700619225003","331870","Chignik Lagoon","2018-12-01","2018","12","peak_consumption_kw","80","outlier_check","","2","","2","","raw_value","","FALSE"
"A3318700621225003_peak_consumption_kw","A3318700621225003","331870","Chignik Lagoon","2020-12-01","2020","12","peak_consumption_kw","83","outlier_check","","0","0","2","","raw_value","","FALSE"
"A3318700716225003_diesel_kwh_generated","A3318700716225003","331870","Chignik Lagoon","2016-01-01","2016","1","diesel_kwh_generated","1582","quality_check","","0","","35763","","raw_value","","FALSE"
"A3318700716225003_fuel_used_gallons","A3318700716225003","331870","Chignik Lagoon","2016-01-01","2016","1","fuel_used_gallons","1495","quality_check","","0","","2648","","raw_value","","FALSE"
"A3318700716225003_peak_consumption_kw","A3318700716225003","331870","Chignik Lagoon","2016-01-01","2016","1","peak_consumption_kw","79","outlier_check","","","","7","","raw_value","","FALSE"
"A3318700717225003_diesel_kwh_generated","A3318700717225003","331870","Chignik Lagoon","2017-01-01","2017","1","diesel_kwh_generated","3687","quality_check","","24250","0","35763","","raw_value","","FALSE"
"A3318700717225003_fuel_used_gallons","A3318700717225003","331870","Chignik Lagoon","2017-01-01","2017","1","fuel_used_gallons","3480","quality_check","","2813","4260","2648","","raw_value","","FALSE"
"A3318700717225003_peak_consumption_kw","A3318700717225003","331870","Chignik Lagoon","2017-01-01","2017","1","peak_consumption_kw","89","outlier_check","","46","","7","","raw_value","","FALSE"
"A3318700718225003_peak_consumption_kw","A3318700718225003","331870","Chignik Lagoon","2018-01-01","2018","1","peak_consumption_kw","115","outlier_check","","2","0","7","","raw_value","","FALSE"
"A3318700719225003_peak_consumption_kw","A3318700719225003","331870","Chignik Lagoon","2019-01-01","2019","1","peak_consumption_kw","86","outlier_check","","0","","7","","raw_value","","FALSE"
"A3318700720225003_peak_consumption_kw","A3318700720225003","331870","Chignik Lagoon","2020-01-01","2020","1","peak_consumption_kw","95","outlier_check","0","0","0","7","","raw_value","","FALSE"
"A3318700725225003_diesel_kwh_generated","A3318700725225003","331870","Chignik Lagoon","2025-01-01","2025","1","diesel_kwh_generated","1288","quality_check","4452","17604","4452","35763","","raw_value","","FALSE"
"A3318700725225003_fuel_used_gallons","A3318700725225003","331870","Chignik Lagoon","2025-01-01","2025","1","fuel_used_gallons","923","quality_check","813","1777","813","2648","","raw_value","","FALSE"
"A3318700816225003_diesel_kwh_generated","A3318700816225003","331870","Chignik Lagoon","2016-02-01","2016","2","diesel_kwh_generated","14","quality_check","","0","","27384","","raw_value","","FALSE"
"A3318700816225003_fuel_used_gallons","A3318700816225003","331870","Chignik Lagoon","2016-02-01","2016","2","fuel_used_gallons","19","quality_check","","0","","2718","","raw_value","","FALSE"
"A3318700816225003_peak_consumption_kw","A3318700816225003","331870","Chignik Lagoon","2016-02-01","2016","2","peak_consumption_kw","79","outlier_check","","","","5","","raw_value","","FALSE"
"A3318700817225003_peak_consumption_kw","A3318700817225003","331870","Chignik Lagoon","2017-02-01","2017","2","peak_consumption_kw","89","outlier_check","","46","","5","","raw_value","","FALSE"
"A3318700819225003_peak_consumption_kw","A3318700819225003","331870","Chignik Lagoon","2019-02-01","2019","2","peak_consumption_kw","87","outlier_check","","0","0","5","","raw_value","","FALSE"
"A3318700825225003_diesel_kwh_generated","A3318700825225003","331870","Chignik Lagoon","2025-02-01","2025","2","diesel_kwh_generated","13320","quality_check","","17604","15127","27384","","raw_value","","FALSE"
"A3318700825225003_fuel_used_gallons","A3318700825225003","331870","Chignik Lagoon","2025-02-01","2025","2","fuel_used_gallons","119","quality_check","","1777","1639","2718","","raw_value","","FALSE"
"A3318700916225003_diesel_kwh_generated","A3318700916225003","331870","Chignik Lagoon","2016-03-01","2016","3","diesel_kwh_generated","632","quality_check","","0","0","34895","","raw_value","","FALSE"
"A3318700916225003_fuel_used_gallons","A3318700916225003","331870","Chignik Lagoon","2016-03-01","2016","3","fuel_used_gallons","1053","quality_check","","0","0","2791","","raw_value","","FALSE"
"A3318700916225003_peak_consumption_kw","A3318700916225003","331870","Chignik Lagoon","2016-03-01","2016","3","peak_consumption_kw","75","outlier_check","","","","4","","raw_value","","FALSE"
"A3318700917225003_peak_consumption_kw","A3318700917225003","331870","Chignik Lagoon","2017-03-01","2017","3","peak_consumption_kw","89","outlier_check","","46","","4","","raw_value","","FALSE"
"A3318700921225003_peak_consumption_kw","A3318700921225003","331870","Chignik Lagoon","2021-03-01","2021","3","peak_consumption_kw","83","outlier_check","0","1","0","4","","raw_value","","FALSE"
"A3318701016225003_peak_consumption_kw","A3318701016225003","331870","Chignik Lagoon","2016-04-01","2016","4","peak_consumption_kw","75","outlier_check","","","","3","","raw_value","","FALSE"
"A3318701017225003_peak_consumption_kw","A3318701017225003","331870","Chignik Lagoon","2017-04-01","2017","4","peak_consumption_kw","89","outlier_check","","46","46","3","","raw_value","","FALSE"
"A3318701116225003_diesel_kwh_generated","A3318701116225003","331870","Chignik Lagoon","2016-05-01","2016","5","diesel_kwh_generated","1","quality_check","0","0","0","10528","","raw_value","","FALSE"
"A3318701116225003_peak_consumption_kw","A3318701116225003","331870","Chignik Lagoon","2016-05-01","2016","5","peak_consumption_kw","75","outlier_check","","","","8","","raw_value","","FALSE"
"A3318701117225003_diesel_kwh_generated","A3318701117225003","331870","Chignik Lagoon","2017-05-01","2017","5","diesel_kwh_generated","2","quality_check","0","24250","5340","10528","","raw_value","","FALSE"
"A3318701117225003_fuel_used_gallons","A3318701117225003","331870","Chignik Lagoon","2017-05-01","2017","5","fuel_used_gallons","17","quality_check","2613","2813","1752","808","","raw_value","","FALSE"
"A3318701118225003_diesel_kwh_generated","A3318701118225003","331870","Chignik Lagoon","2018-05-01","2018","5","diesel_kwh_generated","3929","quality_check","9823","16959","9823","10528","","raw_value","","FALSE"
"A3318701118225003_fuel_used_gallons","A3318701118225003","331870","Chignik Lagoon","2018-05-01","2018","5","fuel_used_gallons","108","quality_check","890","1422","445","808","","raw_value","","FALSE"
"A3318701118225003_peak_consumption_kw","A3318701118225003","331870","Chignik Lagoon","2018-05-01","2018","5","peak_consumption_kw","71","outlier_check","0","2","0","8","","raw_value","","FALSE"
"A3318701216225003_diesel_kwh_generated","A3318701216225003","331870","Chignik Lagoon","2016-06-01","2016","6","diesel_kwh_generated","91","quality_check","","0","0","15360","","raw_value","","FALSE"
"A3318701216225003_fuel_used_gallons","A3318701216225003","331870","Chignik Lagoon","2016-06-01","2016","6","fuel_used_gallons","75","quality_check","0","0","0","1276","","raw_value","","FALSE"
"A3318701217225003_peak_consumption_kw","A3318701217225003","331870","Chignik Lagoon","2017-06-01","2017","6","peak_consumption_kw","94","outlier_check","46","46","46","3","","raw_value","","FALSE"
"A3318701218225003_diesel_kwh_generated","A3318701218225003","331870","Chignik Lagoon","2018-06-01","2018","6","diesel_kwh_generated","3314","quality_check","","16959","0","15360","","raw_value","","FALSE"
"A3318800126225003_fuel_cost","A3318800126225003","331880","Chignik Lake","2025-07-01","2025","7","fuel_cost","30707.7","outlier_check","0","8991","2524","8210","","raw_value","","FALSE"
"A3318800126225003_peak_consumption_kw","A3318800126225003","331880","Chignik Lake","2025-07-01","2025","7","peak_consumption_kw","120","outlier_check","","58","70","57","","avg_preceding_proceeding","","TRUE"
"A3318800222225003_diesel_kwh_generated","A3318800222225003","331880","Chignik Lake","2021-08-01","2021","8","diesel_kwh_generated","16815","quality_check","23479","19257","20161","27366","","raw_value","","FALSE"
"A3318800222225003_fuel_used_gallons","A3318800222225003","331880","Chignik Lake","2021-08-01","2021","8","fuel_used_gallons","0","outlier_check","2021","2011","1854","2546","","raw_value","","FALSE"
"A3318801125225003_diesel_kwh_generated","A3318801125225003","331880","Chignik Lake","2025-05-01","2025","5","diesel_kwh_generated","20842","quality_check","24978","30214","24978","24717","","avg_same_month_other_years","","FALSE"
"A3318801125225003_fuel_used_gallons","A3318801125225003","331880","Chignik Lake","2025-05-01","2025","5","fuel_used_gallons","0","outlier_check","2684","2659","2684","2488","","raw_value","","FALSE"
"A3318801125225003_peak_consumption_kw","A3318801125225003","331880","Chignik Lake","2025-05-01","2025","5","peak_consumption_kw","0","outlier_check","60","58","60","60","","avg_same_month_other_years","","FALSE"
"A3318801225225003_diesel_kwh_generated","A3318801225225003","331880","Chignik Lake","2025-06-01","2025","6","diesel_kwh_generated","20842","quality_check","","30214","","24084","","annual_average","","FALSE"
"A3318801225225003_fuel_used_gallons","A3318801225225003","331880","Chignik Lake","2025-06-01","2025","6","fuel_used_gallons","0","outlier_check","","2659","","2144","","raw_value","","FALSE"
"A3318801225225003_peak_consumption_kw","A3318801225225003","331880","Chignik Lake","2025-06-01","2025","6","peak_consumption_kw","0","outlier_check","","58","","63","","avg_same_month_other_years","","FALSE"
"A3318900123225003_fuel_cost","A3318900123225003","331890","Chitina","2022-07-01","2022","7","fuel_cost","20377.44","outlier_check","19052.2","14680","19168","10275","","raw_value","","FALSE"
"A3318900127225003_fuel_cost","A3318900127225003","331890","Chitina","2026-07-01","2026","7","fuel_cost","34468.97","outlier_check","13371.97","10863","13372","10275","","raw_value","","FALSE"
"A3318900127225003_fuel_used_gallons","A3318900127225003","331890","Chitina","2026-07-01","2026","7","fuel_used_gallons","6495","outlier_check","3156","2916","3156","3507","","raw_value","","TRUE"
"A3318900127225003_pce_eligible_community_kwh","A3318900127225003","331890","Chitina","2026-07-01","2026","7","pce_eligible_community_kwh","3593","outlier_check","","2391","","1125","","raw_value","","FALSE"
"A3318900323225003_fuel_cost","A3318900323225003","331890","Chitina","2022-09-01","2022","9","fuel_cost","37903.47","outlier_check","19283.73","14680","17843","8707","","raw_value","","FALSE"
"A3318900626225003_pce_eligible_community_kwh","A3318900626225003","331890","Chitina","2025-12-01","2025","12","pce_eligible_community_kwh","3703","outlier_check","2308","2110","2308","1351","","raw_value","","FALSE"
"A3318900726225003_pce_eligible_community_kwh","A3318900726225003","331890","Chitina","2026-01-01","2026","1","pce_eligible_community_kwh","3235","outlier_check","","2391","2184","1414","","raw_value","","FALSE"
"A3318901226225003_pce_eligible_community_kwh","A3318901226225003","331890","Chitina","2026-06-01","2026","6","pce_eligible_community_kwh","2738","outlier_check","2528","2391","2528","1097","","raw_value","","FALSE"
"A3319000516225003_amount","A3319000516225003","331900","Circle","2015-11-01","2015","11","amount","39388.93","outlier_check","","8405","8405","8380","","raw_value","","FALSE"
"A3319000623225003_amount","A3319000623225003","331900","Circle","2022-12-01","2022","12","amount","15672.56","outlier_check","12294.4","9577","12918","8648","","raw_value","","FALSE"
"A3319000623225003_pce_eligible_residential_kwh","A3319000623225003","331900","Circle","2022-12-01","2022","12","pce_eligible_residential_kwh","16615","outlier_check","11887","8991","11887","9765","","raw_value","","FALSE"
"A3319000723225003_pce_eligible_residential_kwh","A3319000723225003","331900","Circle","2023-01-01","2023","1","pce_eligible_residential_kwh","13632","outlier_check","","9082","11792","9829","","raw_value","","FALSE"
"A3319100117225003_pce_eligible_community_kwh","A3319100117225003","331910","Clark's Point","2016-07-01","2016","7","pce_eligible_community_kwh","3640","outlier_check","0","599","439","1109","","raw_value","","FALSE"
"A3319100318225003_pce_eligible_community_kwh","A3319100318225003","331910","Clark's Point","2017-09-01","2017","9","pce_eligible_community_kwh","3368","outlier_check","2094","1966","2016","941","","raw_value","","FALSE"
"A3319100425225003_pce_eligible_community_kwh","A3319100425225003","331910","Clark's Point","2024-10-01","2024","10","pce_eligible_community_kwh","3556","outlier_check","1815","1684","1638","1213","","raw_value","","FALSE"
"A3319100526225003_pce_eligible_community_kwh","A3319100526225003","331910","Clark's Point","2025-11-01","2025","11","pce_eligible_community_kwh","3351","outlier_check","2175","1701","2411","1259","","raw_value","","FALSE"
"A3319100618225003_pce_eligible_community_kwh","A3319100618225003","331910","Clark's Point","2017-12-01","2017","12","pce_eligible_community_kwh","3830","outlier_check","2548","1966","2548","1413","","raw_value","","FALSE"
"A3319100625225003_diesel_kwh_generated","A3319100625225003","331910","Clark's Point","2024-12-01","2024","12","diesel_kwh_generated","43008","quality_check","16944","36327","37276","30895","","raw_value","","FALSE"
"A3319100625225003_fuel_used_gallons","A3319100625225003","331910","Clark's Point","2024-12-01","2024","12","fuel_used_gallons","1038","quality_check","951","3033","2878","2954","","raw_value","","FALSE"
"A3319100718225003_pce_eligible_community_kwh","A3319100718225003","331910","Clark's Point","2018-01-01","2018","1","pce_eligible_community_kwh","3547","outlier_check","","1360","2678","1156","","raw_value","","FALSE"
"A3319100725225003_fuel_cost","A3319100725225003","331910","Clark's Point","2025-01-01","2025","1","fuel_cost","24023.36","outlier_check","5190.73","12492","4983","10851","","raw_value","","FALSE"
"A3319100725225003_pce_eligible_community_kwh","A3319100725225003","331910","Clark's Point","2025-01-01","2025","1","pce_eligible_community_kwh","4060","outlier_check","2609","1701","1770","1156","","raw_value","","FALSE"
"A3319100824225003_fuel_cost","A3319100824225003","331910","Clark's Point","2024-02-01","2024","2","fuel_cost","24219.65","outlier_check","","13091","23458","8662","","raw_value","","FALSE"
"A3319100917225003_pce_eligible_community_kwh","A3319100917225003","331910","Clark's Point","2017-03-01","2017","3","pce_eligible_community_kwh","7774","outlier_check","1745","1966","1620","1437","","raw_value","","FALSE"
"A3319100926225003_diesel_kwh_generated","A3319100926225003","331910","Clark's Point","2026-03-01","2026","3","diesel_kwh_generated","53805","quality_check","","7315","","32526","","raw_value","","FALSE"
"A3319100926225003_pce_eligible_community_kwh","A3319100926225003","331910","Clark's Point","2026-03-01","2026","3","pce_eligible_community_kwh","3673","outlier_check","2804","1647","2804","1437","","raw_value","","FALSE"
"A3319101026225003_diesel_kwh_generated","A3319101026225003","331910","Clark's Point","2026-04-01","2026","4","diesel_kwh_generated","53805","quality_check","","7315","0","26422","","raw_value","","FALSE"
"A3319101026225003_pce_eligible_community_kwh","A3319101026225003","331910","Clark's Point","2026-04-01","2026","4","pce_eligible_community_kwh","3674","outlier_check","","1647","1142","1067","","raw_value","","FALSE"
"A3319200823225003_amount","A3319200823225003","331920","Cordova, Eyak","2023-02-01","2023","2","amount","87436.16","outlier_check","60550.04","45052","53121","36067","","raw_value","","FALSE"
"A3319201224225003_diesel_kwh_generated","A3319201224225003","331920","Cordova, Eyak","2024-06-01","2024","6","diesel_kwh_generated","13895","quality_check","9057","428926","21892","80771","","raw_value","","FALSE"
"A3319300119225003_diesel_kwh_generated","A3319300119225003","331930","Diomede","2018-07-01","2018","7","diesel_kwh_generated","0","outlier_check","","51220","","33317","","avg_same_month_other_years","","FALSE"
"A3319300219225003_diesel_kwh_generated","A3319300219225003","331930","Diomede","2018-08-01","2018","8","diesel_kwh_generated","0","outlier_check","","51220","","36147","","avg_same_month_other_years","","FALSE"
"A3319300220225003_diesel_kwh_generated","A3319300220225003","331930","Diomede","2019-08-01","2019","8","diesel_kwh_generated","19587","quality_check","56898","43239","47798","36147","","avg_preceding_proceeding","","FALSE"
"A3319300220225003_fuel_used_gallons","A3319300220225003","331930","Diomede","2019-08-01","2019","8","fuel_used_gallons","6167","quality_check","3275","3628","4721","3418","","raw_value","","FALSE"
"A3319300222225003_diesel_kwh_generated","A3319300222225003","331930","Diomede","2021-08-01","2021","8","diesel_kwh_generated","19879","quality_check","31562","35067","31562","36147","","raw_value","","FALSE"
"A3319300222225003_fuel_used_gallons","A3319300222225003","331930","Diomede","2021-08-01","2021","8","fuel_used_gallons","0","outlier_check","3052","3824","3052","3418","","avg_same_month_other_years","","FALSE"
"A3319300322225003_diesel_kwh_generated","A3319300322225003","331930","Diomede","2021-09-01","2021","9","diesel_kwh_generated","27883","quality_check","","35067","43696","33294","","raw_value","","FALSE"
"A3319300322225003_fuel_used_gallons","A3319300322225003","331930","Diomede","2021-09-01","2021","9","fuel_used_gallons","0","outlier_check","","3824","4339","3639","","avg_same_month_other_years","","FALSE"
"A3319300418225003_amount","A3319300418225003","331930","Diomede","2017-10-01","2017","10","amount","6345.68","outlier_check","3521.6","3028","3381","2104","","raw_value","","FALSE"
"A3319300418225003_pce_eligible_community_kwh","A3319300418225003","331930","Diomede","2017-10-01","2017","10","pce_eligible_community_kwh","14810","outlier_check","1755","686","1462","1049","","avg_preceding_proceeding","","FALSE"
"A3319300523225003_diesel_kwh_generated","A3319300523225003","331930","Diomede","2022-11-01","2022","11","diesel_kwh_generated","0","outlier_check","34592","37159","34592","37715","","avg_same_month_other_years","","FALSE"
"A3319300523225003_fuel_used_gallons","A3319300523225003","331930","Diomede","2022-11-01","2022","11","fuel_used_gallons","0","outlier_check","3687","3896","5035","3633","","avg_same_month_other_years","","TRUE"
"A3319300623225003_amount","A3319300623225003","331930","Diomede","2022-12-01","2022","12","amount","6326.12","outlier_check","0.37","1574","1626","2528","","raw_value","Assume two months' value","FALSE"
"A3319300623225003_diesel_kwh_generated","A3319300623225003","331930","Diomede","2022-12-01","2022","12","diesel_kwh_generated","78953","outlier_check","","37159","39706","40942","","avg_same_month_other_years","","TRUE"
"A3319300623225003_fuel_cost","A3319300623225003","331930","Diomede","2022-12-01","2022","12","fuel_cost","27826.69","outlier_check","0","7918","7025","10152","","raw_value","","FALSE"
"A3319300720225003_diesel_kwh_generated","A3319300720225003","331930","Diomede","2020-01-01","2020","1","diesel_kwh_generated","0","outlier_check","41356","34038","41356","42102","","avg_same_month_other_years","","FALSE"
"A3319300820225003_diesel_kwh_generated","A3319300820225003","331930","Diomede","2020-02-01","2020","2","diesel_kwh_generated","0","outlier_check","","34038","","38599","40000","manual_override","","FALSE"
"A3319300918225003_diesel_kwh_generated","A3319300918225003","331930","Diomede","2018-03-01","2018","3","diesel_kwh_generated","0","outlier_check","50830","51220","50830","39201","","avg_same_month_other_years","","FALSE"
"A3319300920225003_diesel_kwh_generated","A3319300920225003","331930","Diomede","2020-03-01","2020","3","diesel_kwh_generated","0","outlier_check","","34038","39563","39201","","avg_preceding_proceeding","","FALSE"
"A3319300922225003_diesel_kwh_generated","A3319300922225003","331930","Diomede","2022-03-01","2022","3","diesel_kwh_generated","33088","quality_check","39901","37159","42889","39201","","raw_value","","FALSE"
"A3319300922225003_fuel_used_gallons","A3319300922225003","331930","Diomede","2022-03-01","2022","3","fuel_used_gallons","0","outlier_check","3850","3896","3761","3352","","avg_preceding_proceeding","","FALSE"
"A3319301018225003_diesel_kwh_generated","A3319301018225003","331930","Diomede","2018-04-01","2018","4","diesel_kwh_generated","0","outlier_check","","51220","","40768","","avg_same_month_other_years","","FALSE"
"A3319301118225003_diesel_kwh_generated","A3319301118225003","331930","Diomede","2018-05-01","2018","5","diesel_kwh_generated","0","outlier_check","","51220","","36896","","avg_same_month_other_years","","FALSE"
"A3319301218225003_diesel_kwh_generated","A3319301218225003","331930","Diomede","2018-06-01","2018","6","diesel_kwh_generated","0","outlier_check","","51220","","30056","","avg_same_month_other_years","","FALSE"
"A3319301223225003_fuel_cost","A3319301223225003","331930","Diomede","2023-06-01","2023","6","fuel_cost","27364.58","outlier_check","15096.95","13870","13392","9393","","raw_value","","FALSE"
"A3319400120225003_pce_eligible_residential_kwh","A3319400120225003","331940","Egegik","2019-07-01","2019","7","pce_eligible_residential_kwh","19997","outlier_check","19601","11182","16181","17653","","raw_value","","FALSE"
"A3319400121225003_pce_eligible_residential_kwh","A3319400121225003","331940","Egegik","2020-07-01","2020","7","pce_eligible_residential_kwh","20718","outlier_check","","10358","12588","17653","","raw_value","","FALSE"
"A3319400122225003_pce_eligible_residential_kwh","A3319400122225003","331940","Egegik","2021-07-01","2021","7","pce_eligible_residential_kwh","19726","outlier_check","","9954","11510","17653","","raw_value","","FALSE"
"A3319400123225003_amount","A3319400123225003","331940","Egegik","2022-07-01","2022","7","amount","12278.12","outlier_check","","6658","8104","10535","","raw_value","","FALSE"
"A3319400123225003_pce_eligible_residential_kwh","A3319400123225003","331940","Egegik","2022-07-01","2022","7","pce_eligible_residential_kwh","24446","outlier_check","","10696","15208","17653","","raw_value","","FALSE"
"A3319400124225003_amount","A3319400124225003","331940","Egegik","2023-07-01","2023","7","amount","12794.33","outlier_check","","5846","6885","10535","","raw_value","","FALSE"
"A3319400124225003_pce_eligible_residential_kwh","A3319400124225003","331940","Egegik","2023-07-01","2023","7","pce_eligible_residential_kwh","25927","outlier_check","","10425","12983","17653","","raw_value","","FALSE"
"A3319400125225003_fuel_cost","A3319400125225003","331940","Egegik","2024-07-01","2024","7","fuel_cost","40606.75","outlier_check","","16683","23581","23978","","raw_value","","FALSE"
"A3319400125225003_pce_eligible_residential_kwh","A3319400125225003","331940","Egegik","2024-07-01","2024","7","pce_eligible_residential_kwh","22330","outlier_check","","10195","12645","17653","","raw_value","","FALSE"
"A3319400126225003_amount","A3319400126225003","331940","Egegik","2025-07-01","2025","7","amount","12368.22","outlier_check","","5695","","10535","","raw_value","","FALSE"
"A3319400126225003_fuel_cost","A3319400126225003","331940","Egegik","2025-07-01","2025","7","fuel_cost","53785.73","outlier_check","","17220","","23978","","raw_value","","FALSE"
"A3319400126225003_pce_eligible_residential_kwh","A3319400126225003","331940","Egegik","2025-07-01","2025","7","pce_eligible_residential_kwh","25689","outlier_check","","10604","","17653","","raw_value","","FALSE"
"A3319401125225003_fuel_cost","A3319401125225003","331940","Egegik","2025-05-01","2025","5","fuel_cost","52046.85","outlier_check","18654.92","17220","18655","20646","","raw_value","","FALSE"
"A3319401218225003_amount","A3319401218225003","331940","Egegik","2018-06-01","2018","6","amount","12282.39","outlier_check","8326.3","7328","9656","10538","","raw_value","","FALSE"
"A3319401218225003_pce_eligible_residential_kwh","A3319401218225003","331940","Egegik","2018-06-01","2018","6","pce_eligible_residential_kwh","20061","outlier_check","11683","10166","15162","17295","","raw_value","","FALSE"
"A3319401220225003_pce_eligible_residential_kwh","A3319401220225003","331940","Egegik","2020-06-01","2020","6","pce_eligible_residential_kwh","19848","outlier_check","12494","10358","12494","17295","","raw_value","","FALSE"
"A3319401221225003_pce_eligible_residential_kwh","A3319401221225003","331940","Egegik","2021-06-01","2021","6","pce_eligible_residential_kwh","20245","outlier_check","13502","9954","13502","17295","","raw_value","","FALSE"
"A3319401222225003_amount","A3319401222225003","331940","Egegik","2022-06-01","2022","6","amount","12105.32","outlier_check","8060.82","6658","8061","10538","","raw_value","","FALSE"
"A3319401222225003_pce_eligible_residential_kwh","A3319401222225003","331940","Egegik","2022-06-01","2022","6","pce_eligible_residential_kwh","21591","outlier_check","12553","10696","12553","17295","","raw_value","","FALSE"
"A3319401223225003_amount","A3319401223225003","331940","Egegik","2023-06-01","2023","6","amount","12436.45","outlier_check","7439.8","5846","7440","10538","","raw_value","","FALSE"
"A3319401223225003_pce_eligible_residential_kwh","A3319401223225003","331940","Egegik","2023-06-01","2023","6","pce_eligible_residential_kwh","24651","outlier_check","13650","10425","13650","17295","","raw_value","","FALSE"
"A3319401223225003_peak_consumption_kw","A3319401223225003","331940","Egegik","2023-06-01","2023","6","peak_consumption_kw","308","outlier_check","243","142","256","249","","raw_value","","FALSE"
"A3319401224225003_fuel_cost","A3319401224225003","331940","Egegik","2024-06-01","2024","6","fuel_cost","38201.49","outlier_check","22670.41","16683","22670","23137","","raw_value","","FALSE"
"A3319401224225003_pce_eligible_residential_kwh","A3319401224225003","331940","Egegik","2024-06-01","2024","6","pce_eligible_residential_kwh","23541","outlier_check","12504","10195","12504","17295","","raw_value","","FALSE"
"A3319401225225003_amount","A3319401225225003","331940","Egegik","2025-06-01","2025","6","amount","11969.76","outlier_check","7549.55","5695","7550","10538","","raw_value","","FALSE"
"A3319401225225003_fuel_cost","A3319401225225003","331940","Egegik","2025-06-01","2025","6","fuel_cost","39896.43","outlier_check","","17220","","23137","","raw_value","","FALSE"
"A3319401225225003_pce_eligible_residential_kwh","A3319401225225003","331940","Egegik","2025-06-01","2025","6","pce_eligible_residential_kwh","24796","outlier_check","14717","10604","14717","17295","","raw_value","","FALSE"
"A3319500116225003_diesel_kwh_generated","A3319500116225003","331950","Ekwok","2015-07-01","2015","7","diesel_kwh_generated","35562","outlier_check","","","","0","","raw_value","","FALSE"
"A3319500116225003_fuel_cost","A3319500116225003","331950","Ekwok","2015-07-01","2015","7","fuel_cost","10881.09","outlier_check","","","","0","","raw_value","","FALSE"
"A3319500117225003_diesel_kwh_generated","A3319500117225003","331950","Ekwok","2016-07-01","2016","7","diesel_kwh_generated","36040","outlier_check","","","","0","","raw_value","","FALSE"
"A3319500117225003_fuel_cost","A3319500117225003","331950","Ekwok","2016-07-01","2016","7","fuel_cost","12377.81","outlier_check","","5870","","0","","raw_value","","FALSE"
"A3319500216225003_diesel_kwh_generated","A3319500216225003","331950","Ekwok","2015-08-01","2015","8","diesel_kwh_generated","35727","outlier_check","","","","0","","raw_value","","FALSE"
"A3319500216225003_fuel_cost","A3319500216225003","331950","Ekwok","2015-08-01","2015","8","fuel_cost","10850.77","outlier_check","","","","0","","raw_value","","FALSE"
"A3319500217225003_diesel_kwh_generated","A3319500217225003","331950","Ekwok","2016-08-01","2016","8","diesel_kwh_generated","41632","outlier_check","","","","0","","raw_value","","FALSE"
"A3319500217225003_fuel_cost","A3319500217225003","331950","Ekwok","2016-08-01","2016","8","fuel_cost","14288.3","outlier_check","","5870","","0","","raw_value","","FALSE"
"A3319500316225003_diesel_kwh_generated","A3319500316225003","331950","Ekwok","2015-09-01","2015","9","diesel_kwh_generated","39799","outlier_check","","","","0","","raw_value","","FALSE"
"A3319500316225003_fuel_cost","A3319500316225003","331950","Ekwok","2015-09-01","2015","9","fuel_cost","12904.95","outlier_check","","","","0","","raw_value","","FALSE"
"A3319500317225003_diesel_kwh_generated","A3319500317225003","331950","Ekwok","2016-09-01","2016","9","diesel_kwh_generated","40855","outlier_check","","","","0","","raw_value","","FALSE"
"A3319500317225003_fuel_cost","A3319500317225003","331950","Ekwok","2016-09-01","2016","9","fuel_cost","12050.27","outlier_check","","5870","","0","","raw_value","","FALSE"
"A3319500416225003_diesel_kwh_generated","A3319500416225003","331950","Ekwok","2015-10-01","2015","10","diesel_kwh_generated","39584","outlier_check","","","","0","","raw_value","","FALSE"
"A3319500416225003_fuel_cost","A3319500416225003","331950","Ekwok","2015-10-01","2015","10","fuel_cost","13060.34","outlier_check","","","","0","","raw_value","","FALSE"
"A3319500417225003_diesel_kwh_generated","A3319500417225003","331950","Ekwok","2016-10-01","2016","10","diesel_kwh_generated","40380","outlier_check","","","","0","","raw_value","","FALSE"
"A3319500417225003_fuel_cost","A3319500417225003","331950","Ekwok","2016-10-01","2016","10","fuel_cost","12438.53","outlier_check","","5870","","0","","raw_value","","FALSE"
"A3319500516225003_diesel_kwh_generated","A3319500516225003","331950","Ekwok","2015-11-01","2015","11","diesel_kwh_generated","41470","outlier_check","","","","0","","raw_value","","FALSE"
"A3319500516225003_fuel_cost","A3319500516225003","331950","Ekwok","2015-11-01","2015","11","fuel_cost","12939.06","outlier_check","","","","0","","raw_value","","FALSE"
"A3319500517225003_diesel_kwh_generated","A3319500517225003","331950","Ekwok","2016-11-01","2016","11","diesel_kwh_generated","41162","outlier_check","","","","0","","raw_value","","FALSE"
"A3319500517225003_fuel_cost","A3319500517225003","331950","Ekwok","2016-11-01","2016","11","fuel_cost","13050.29","outlier_check","","5870","5870","0","","raw_value","","FALSE"
"A3319500616225003_diesel_kwh_generated","A3319500616225003","331950","Ekwok","2015-12-01","2015","12","diesel_kwh_generated","41520","outlier_check","","","","0","","raw_value","","FALSE"
"A3319500616225003_fuel_cost","A3319500616225003","331950","Ekwok","2015-12-01","2015","12","fuel_cost","15524.22","outlier_check","","","","587","","raw_value","","FALSE"
"A3319500617225003_diesel_kwh_generated","A3319500617225003","331950","Ekwok","2016-12-01","2016","12","diesel_kwh_generated","45659","outlier_check","","","","0","","raw_value","","FALSE"
"A3319500716225003_amount","A3319500716225003","331950","Ekwok","2016-01-01","2016","1","amount","21780.23","outlier_check","7703.08","7840","7588","7561","","raw_value","","FALSE"
"A3319500716225003_diesel_kwh_generated","A3319500716225003","331950","Ekwok","2016-01-01","2016","1","diesel_kwh_generated","44194","outlier_check","","","","0","","raw_value","","FALSE"
"A3319500716225003_fuel_cost","A3319500716225003","331950","Ekwok","2016-01-01","2016","1","fuel_cost","14303.46","outlier_check","","5870","","0","","raw_value","","FALSE"
"A3319500717225003_diesel_kwh_generated","A3319500717225003","331950","Ekwok","2017-01-01","2017","1","diesel_kwh_generated","43839","outlier_check","","0","","0","","raw_value","","FALSE"
"A3319500717225003_fuel_cost","A3319500717225003","331950","Ekwok","2017-01-01","2017","1","fuel_cost","13449.04","outlier_check","5869.68","0","5870","0","","raw_value","","FALSE"
"A3319500720225003_pce_eligible_community_kwh","A3319500720225003","331950","Ekwok","2020-01-01","2020","1","pce_eligible_community_kwh","4585","outlier_check","3010","2214","3142","1988","","raw_value","","FALSE"
"A3319500816225003_diesel_kwh_generated","A3319500816225003","331950","Ekwok","2016-02-01","2016","2","diesel_kwh_generated","38884","outlier_check","","","","0","","raw_value","","FALSE"
"A3319500816225003_fuel_cost","A3319500816225003","331950","Ekwok","2016-02-01","2016","2","fuel_cost","12571.43","outlier_check","","5870","","0","","raw_value","","FALSE"
"A3319500817225003_diesel_kwh_generated","A3319500817225003","331950","Ekwok","2017-02-01","2017","2","diesel_kwh_generated","37559","outlier_check","","0","0","0","","raw_value","","FALSE"
"A3319500817225003_fuel_cost","A3319500817225003","331950","Ekwok","2017-02-01","2017","2","fuel_cost","10559.86","outlier_check","","0","0","0","","raw_value","","FALSE"
"A3319500916225003_diesel_kwh_generated","A3319500916225003","331950","Ekwok","2016-03-01","2016","3","diesel_kwh_generated","39960","outlier_check","","","","0","","raw_value","","FALSE"
"A3319500916225003_fuel_cost","A3319500916225003","331950","Ekwok","2016-03-01","2016","3","fuel_cost","13556.83","outlier_check","","5870","","0","","raw_value","","FALSE"
"A3319501016225003_diesel_kwh_generated","A3319501016225003","331950","Ekwok","2016-04-01","2016","4","diesel_kwh_generated","40723","outlier_check","","","","0","","raw_value","","FALSE"
"A3319501016225003_fuel_cost","A3319501016225003","331950","Ekwok","2016-04-01","2016","4","fuel_cost","12954.22","outlier_check","","5870","","0","","raw_value","","FALSE"
"A3319501026225003_pce_eligible_community_kwh","A3319501026225003","331950","Ekwok","2026-04-01","2026","4","pce_eligible_community_kwh","4811","outlier_check","1391","1466","1510","1924","","raw_value","","FALSE"
"A3319501116225003_diesel_kwh_generated","A3319501116225003","331950","Ekwok","2016-05-01","2016","5","diesel_kwh_generated","40535","outlier_check","","","","0","","raw_value","","FALSE"
"A3319501116225003_fuel_cost","A3319501116225003","331950","Ekwok","2016-05-01","2016","5","fuel_cost","12794.7","outlier_check","","5870","","0","","raw_value","","FALSE"
"A3319501126225003_residential_sold_to","A3319501126225003","331950","Ekwok","2026-05-01","2026","5","residential_sold_to","0","outlier_check","22491","19739","22491","17262","","avg_same_month_other_years","","FALSE"
"A3319501216225003_diesel_kwh_generated","A3319501216225003","331950","Ekwok","2016-06-01","2016","6","diesel_kwh_generated","36592","outlier_check","","","","0","","raw_value","","FALSE"
"A3319501216225003_fuel_cost","A3319501216225003","331950","Ekwok","2016-06-01","2016","6","fuel_cost","11282.83","outlier_check","","5870","","0","","raw_value","","FALSE"
"A3319501218225003_pce_eligible_community_kwh","A3319501218225003","331950","Ekwok","2018-06-01","2018","6","pce_eligible_community_kwh","5006","outlier_check","2080","2161","1984","1610","","raw_value","","FALSE"
"A3319600124225003_fuel_cost","A3319600124225003","331960","Elfin Cove","2023-07-01","2023","7","fuel_cost","32194.43","outlier_check","","9240","","19071","","raw_value","","FALSE"
"A3319600126225003_fuel_cost","A3319600126225003","331960","Elfin Cove","2025-07-01","2025","7","fuel_cost","32830.92","outlier_check","","9379","","19071","","raw_value","","FALSE"
"A3319600223225003_fuel_cost","A3319600223225003","331960","Elfin Cove","2022-08-01","2022","8","fuel_cost","26000.15","outlier_check","23533.18","10341","18225","17537","","raw_value","","FALSE"
"A3319600224225003_fuel_cost","A3319600224225003","331960","Elfin Cove","2023-08-01","2023","8","fuel_cost","27649.53","outlier_check","","9240","17712","17537","","raw_value","","FALSE"
"A3319600225225003_fuel_cost","A3319600225225003","331960","Elfin Cove","2024-08-01","2024","8","fuel_cost","28634.36","outlier_check","25288.87","10658","21738","17537","","raw_value","","FALSE"
"A3319600226225003_fuel_cost","A3319600226225003","331960","Elfin Cove","2025-08-01","2025","8","fuel_cost","37224.76","outlier_check","","9379","16695","17537","","raw_value","","FALSE"
"A3319601223225003_fuel_cost","A3319601223225003","331960","Elfin Cove","2023-06-01","2023","6","fuel_cost","35088.72","outlier_check","18728.11","9240","18728","17407","","raw_value","","FALSE"
"A3319601224225003_fuel_cost","A3319601224225003","331960","Elfin Cove","2024-06-01","2024","6","fuel_cost","30114.29","outlier_check","20448.99","10658","22869","17407","","raw_value","","FALSE"
"A3319601225225003_fuel_cost","A3319601225225003","331960","Elfin Cove","2025-06-01","2025","6","fuel_cost","33499.42","outlier_check","22580.54","9379","22581","17407","","raw_value","","FALSE"
"A3319601226225003_fuel_cost","A3319601226225003","331960","Elfin Cove","2026-06-01","2026","6","fuel_cost","31529.81","outlier_check","24366.37","10672","24366","17407","","raw_value","","FALSE"
"A3319700117225003_peak_consumption_kw","A3319700117225003","331970","False Pass","2016-07-01","2016","7","peak_consumption_kw","0","outlier_check","","105","115","110","","avg_preceding_proceeding","","FALSE"
"A3319700119225003_peak_consumption_kw","A3319700119225003","331970","False Pass","2018-07-01","2018","7","peak_consumption_kw","0","outlier_check","118","121","118","110","","avg_preceding_proceeding","","FALSE"
"A3319700219225003_peak_consumption_kw","A3319700219225003","331970","False Pass","2018-08-01","2018","8","peak_consumption_kw","0","outlier_check","","121","","107","","avg_preceding_proceeding","","FALSE"
"A3319700225225003_diesel_kwh_generated","A3319700225225003","331970","False Pass","2024-08-01","2024","8","diesel_kwh_generated","39822","quality_check","35310","49168","37038","49301","","raw_value","","FALSE"
"A3319700225225003_fuel_used_gallons","A3319700225225003","331970","False Pass","2024-08-01","2024","8","fuel_used_gallons","1087","quality_check","1087","2719","2178","3354","","raw_value","","FALSE"
"A3319700319225003_peak_consumption_kw","A3319700319225003","331970","False Pass","2018-09-01","2018","9","peak_consumption_kw","0","outlier_check","","121","","118","","avg_preceding_proceeding","","FALSE"
"A3319700419225003_peak_consumption_kw","A3319700419225003","331970","False Pass","2018-10-01","2018","10","peak_consumption_kw","0","outlier_check","","121","117","119","","avg_preceding_proceeding","","FALSE"
"A3319700526225003_diesel_kwh_generated","A3319700526225003","331970","False Pass","2025-11-01","2025","11","diesel_kwh_generated","58959","quality_check","51792","54296","57360","58666","","raw_value","","FALSE"
"A3319700526225003_fuel_used_gallons","A3319700526225003","331970","False Pass","2025-11-01","2025","11","fuel_used_gallons","1761","quality_check","1761","3611","2978","3991","","raw_value","","FALSE"
"A3319700716225003_peak_consumption_kw","A3319700716225003","331970","False Pass","2016-01-01","2016","1","peak_consumption_kw","0","outlier_check","120","105","120","122","","avg_preceding_proceeding","","FALSE"
"A3319700724225003_diesel_kwh_generated","A3319700724225003","331970","False Pass","2024-01-01","2024","1","diesel_kwh_generated","47525","quality_check","51193","49168","50832","62719","","raw_value","","FALSE"
"A3319700724225003_fuel_used_gallons","A3319700724225003","331970","False Pass","2024-01-01","2024","1","fuel_used_gallons","1288","quality_check","2654","2719","2894","4273","","raw_value","","FALSE"
"A3319700725225003_amount","A3319700725225003","331970","False Pass","2025-01-01","2025","1","amount","10644.82","outlier_check","7644.56","7628","8001","3268","","raw_value","","FALSE"
"A3319700725225003_pce_eligible_community_kwh","A3319700725225003","331970","False Pass","2025-01-01","2025","1","pce_eligible_community_kwh","13668","outlier_check","7296","9052","8095","4542","","raw_value","","FALSE"
"A3319700918225003_peak_consumption_kw","A3319700918225003","331970","False Pass","2018-03-01","2018","3","peak_consumption_kw","0","outlier_check","104","121","108","120","","avg_preceding_proceeding","","FALSE"
"A3319700926225003_amount","A3319700926225003","331970","False Pass","2026-03-01","2026","3","amount","11008.79","outlier_check","7120.04","7748","7120","3467","","raw_value","","FALSE"
"A3319700926225003_diesel_kwh_generated","A3319700926225003","331970","False Pass","2026-03-01","2026","3","diesel_kwh_generated","75301","quality_check","53605","54918","55982","58004","","raw_value","","FALSE"
"A3319700926225003_fuel_used_gallons","A3319700926225003","331970","False Pass","2026-03-01","2026","3","fuel_used_gallons","2175","quality_check","2175","2415","2175","3928","","raw_value","","FALSE"
"A3319700926225003_pce_eligible_community_kwh","A3319700926225003","331970","False Pass","2026-03-01","2026","3","pce_eligible_community_kwh","11893","outlier_check","8022","9545","9474","4613","","raw_value","","FALSE"
"A3319701019225003_peak_consumption_kw","A3319701019225003","331970","False Pass","2019-04-01","2019","4","peak_consumption_kw","0","outlier_check","190","177","190","109","","avg_preceding_proceeding","","FALSE"
"A3319701025225003_amount","A3319701025225003","331970","False Pass","2025-04-01","2025","4","amount","9389.58","outlier_check","8474.6","7628","8679","2768","","raw_value","","FALSE"
"A3319701026225003_amount","A3319701026225003","331970","False Pass","2026-04-01","2026","4","amount","10173.14","outlier_check","","7748","","2768","","raw_value","","FALSE"
"A3319701119225003_peak_consumption_kw","A3319701119225003","331970","False Pass","2019-05-01","2019","5","peak_consumption_kw","0","outlier_check","","177","","111","","avg_preceding_proceeding","","FALSE"
"A3319701126225003_amount","A3319701126225003","331970","False Pass","2026-05-01","2026","5","amount","9211.78","outlier_check","","7748","8097","3505","","raw_value","","FALSE"
"A3319701219225003_peak_consumption_kw","A3319701219225003","331970","False Pass","2019-06-01","2019","6","peak_consumption_kw","0","outlier_check","","177","175","111","","avg_preceding_proceeding","","FALSE"
"A3319801121225003_pce_eligible_community_kwh","A3319801121225003","331980","Cold Bay","2021-05-01","2021","5","pce_eligible_community_kwh","0","outlier_check","4200","4811","4200","4347","","avg_preceding_proceeding","","FALSE"
"A3319900221225003_pce_eligible_community_kwh","A3319900221225003","331990","Galena","2020-08-01","2020","8","pce_eligible_community_kwh","22525","outlier_check","28202","30755","29068","31720","","raw_value","","FALSE"
"A3319900322225003_pce_eligible_community_kwh","A3319900322225003","331990","Galena","2021-09-01","2021","9","pce_eligible_community_kwh","22335","outlier_check","28873","30508","29836","32023","","raw_value","","FALSE"
"A3319900624225003_pce_eligible_community_kwh","A3319900624225003","331990","Galena","2023-12-01","2023","12","pce_eligible_community_kwh","3340","outlier_check","30450","32015","30450","32088","","carry_forward","","FALSE"
"A3319901122225003_pce_eligible_community_kwh","A3319901122225003","331990","Galena","2022-05-01","2022","5","pce_eligible_community_kwh","23953","outlier_check","27651","32002","27651","31912","","raw_value","","FALSE"
"A3319901221225003_pce_eligible_community_kwh","A3319901221225003","331990","Galena","2021-06-01","2021","6","pce_eligible_community_kwh","24687","outlier_check","28405","30508","29602","31258","","raw_value","","FALSE"
"A3319901222225003_pce_eligible_community_kwh","A3319901222225003","331990","Galena","2022-06-01","2022","6","pce_eligible_community_kwh","24338","outlier_check","","32002","33320","31258","","raw_value","","FALSE"
"A3320000324225003_fuel_cost","A3320000324225003","332000","Golovin","2023-09-01","2023","9","fuel_cost","51127.03","outlier_check","22222.55","20109","13867","16876","","raw_value","","FALSE"
"A3320000424225003_diesel_kwh_generated","A3320000424225003","332000","Golovin","2023-10-01","2023","10","diesel_kwh_generated","81243","quality_check","73484","80956","80602","78777","","raw_value","","FALSE"
"A3320000424225003_fuel_used_gallons","A3320000424225003","332000","Golovin","2023-10-01","2023","10","fuel_used_gallons","1418","quality_check","","5828","5090","6400","","avg_preceding_proceeding","","FALSE"
"A3320000519225003_diesel_kwh_generated","A3320000519225003","332000","Golovin","2018-11-01","2018","11","diesel_kwh_generated","0","outlier_check","78124","85034","86768","85899","","avg_preceding_proceeding","","FALSE"
"A3320000822225003_diesel_kwh_generated","A3320000822225003","332000","Golovin","2022-02-01","2022","2","diesel_kwh_generated","92573","quality_check","96038","75524","94519","86253","","raw_value","","FALSE"
"A3320000822225003_fuel_used_gallons","A3320000822225003","332000","Golovin","2022-02-01","2022","2","fuel_used_gallons","2267","quality_check","6759","5855","6755","6805","","avg_preceding_proceeding","","FALSE"
"A3320000823225003_fuel_cost","A3320000823225003","332000","Golovin","2023-02-01","2023","2","fuel_cost","62251.91","outlier_check","25678.18","20109","23807","18553","","raw_value","","FALSE"
"A3320000918225003_diesel_kwh_generated","A3320000918225003","332000","Golovin","2018-03-01","2018","3","diesel_kwh_generated","0","outlier_check","81420","85034","81420","90231","","avg_preceding_proceeding","","FALSE"
"A3320001018225003_diesel_kwh_generated","A3320001018225003","332000","Golovin","2018-04-01","2018","4","diesel_kwh_generated","0","outlier_check","","85034","91604","82100","","avg_preceding_proceeding","","FALSE"
"A3320100124225003_diesel_kwh_generated","A3320100124225003","332010","Gustavus","2023-07-01","2023","7","diesel_kwh_generated","123033","outlier_check","18393","14268","17016","13053","","raw_value","","FALSE"
"A3320100124225003_fuel_cost","A3320100124225003","332010","Gustavus","2023-07-01","2023","7","fuel_cost","52618.28","outlier_check","7436.55","5714","7314","3589","","raw_value","","FALSE"
"A3320100526225003_amount","A3320100526225003","332010","Gustavus","2025-11-01","2025","11","amount","41661.88","outlier_check","33830.96","27149","33831","10265","","raw_value","","FALSE"
"A3320100626225003_amount","A3320100626225003","332010","Gustavus","2025-12-01","2025","12","amount","49113.02","outlier_check","","27149","","10210","","raw_value","","FALSE"
"A3320100626225003_pce_eligible_community_kwh","A3320100626225003","332010","Gustavus","2025-12-01","2025","12","pce_eligible_community_kwh","6262","outlier_check","4791","4310","4791","3404","","raw_value","","FALSE"
"A3320100723225003_diesel_kwh_generated","A3320100723225003","332010","Gustavus","2023-01-01","2023","1","diesel_kwh_generated","79642","outlier_check","33821","14268","17120","26557","","raw_value","","FALSE"
"A3320100723225003_fuel_cost","A3320100723225003","332010","Gustavus","2023-01-01","2023","1","fuel_cost","30400.23","outlier_check","12559.6","5714","6351","6398","","raw_value","","FALSE"
"A3320100724225003_fuel_cost","A3320100724225003","332010","Gustavus","2024-01-01","2024","1","fuel_cost","24862.95","outlier_check","168.99","4352","169","6398","","raw_value","","FALSE"
"A3320100726225003_amount","A3320100726225003","332010","Gustavus","2026-01-01","2026","1","amount","50392.55","outlier_check","","29712","","9672","","raw_value","","FALSE"
"A3320100726225003_fuel_cost","A3320100726225003","332010","Gustavus","2026-01-01","2026","1","fuel_cost","76270.94","outlier_check","15593.66","4203","14004","6398","","raw_value","","FALSE"
"A3320100726225003_pce_eligible_community_kwh","A3320100726225003","332010","Gustavus","2026-01-01","2026","1","pce_eligible_community_kwh","5945","outlier_check","","5040","5606","3481","","raw_value","","FALSE"
"A3320100821225003_fuel_cost","A3320100821225003","332010","Gustavus","2021-02-01","2021","2","fuel_cost","30863.16","outlier_check","131.24","6924","10615","6251","","raw_value","","FALSE"
"A3320100824225003_fuel_cost","A3320100824225003","332010","Gustavus","2024-02-01","2024","2","fuel_cost","23606.78","outlier_check","","4352","","6251","","raw_value","","FALSE"
"A3320100825225003_fuel_cost","A3320100825225003","332010","Gustavus","2025-02-01","2025","2","fuel_cost","43883","outlier_check","5264.71","7710","11517","6251","","raw_value","","FALSE"
"A3320100825225003_pce_eligible_community_kwh","A3320100825225003","332010","Gustavus","2025-02-01","2025","2","pce_eligible_community_kwh","5791","outlier_check","3941","4310","3989","3711","","raw_value","","FALSE"
"A3320100826225003_amount","A3320100826225003","332010","Gustavus","2026-02-01","2026","2","amount","41222.82","outlier_check","","29712","","9732","","raw_value","","FALSE"
"A3320100919225003_diesel_kwh_generated","A3320100919225003","332010","Gustavus","2019-03-01","2019","3","diesel_kwh_generated","87922","outlier_check","20035","13825","10018","33183","","raw_value","","FALSE"
"A3320100919225003_fuel_cost","A3320100919225003","332010","Gustavus","2019-03-01","2019","3","fuel_cost","24628.25","outlier_check","6027.7","3975","3014","11119","","raw_value","","FALSE"
"A3320100921225003_diesel_kwh_generated","A3320100921225003","332010","Gustavus","2021-03-01","2021","3","diesel_kwh_generated","87662","outlier_check","","20988","","33183","","raw_value","","FALSE"
"A3320100923225003_diesel_kwh_generated","A3320100923225003","332010","Gustavus","2023-03-01","2023","3","diesel_kwh_generated","73413","outlier_check","420","14268","22394","33183","","raw_value","","FALSE"
"A3320100923225003_fuel_cost","A3320100923225003","332010","Gustavus","2023-03-01","2023","3","fuel_cost","27884.24","outlier_check","142.32","5714","9088","11119","","raw_value","","FALSE"
"A3320100924225003_diesel_kwh_generated","A3320100924225003","332010","Gustavus","2024-03-01","2024","3","diesel_kwh_generated","88104","outlier_check","67109","22201","33672","33183","","raw_value","","FALSE"
"A3320100924225003_fuel_cost","A3320100924225003","332010","Gustavus","2024-03-01","2024","3","fuel_cost","30559.64","outlier_check","","4352","85","11119","","raw_value","","FALSE"
"A3320100926225003_amount","A3320100926225003","332010","Gustavus","2026-03-01","2026","3","amount","38907.64","outlier_check","","29712","","8798","","raw_value","","FALSE"
"A3320100926225003_fuel_cost","A3320100926225003","332010","Gustavus","2026-03-01","2026","3","fuel_cost","43367.86","outlier_check","12415.13","4203","12415","11119","","raw_value","","FALSE"
"A3320101021225003_fuel_cost","A3320101021225003","332010","Gustavus","2021-04-01","2021","4","fuel_cost","28409.37","outlier_check","21099.26","6924","12677","6890","","raw_value","","FALSE"
"A3320101026225003_amount","A3320101026225003","332010","Gustavus","2026-04-01","2026","4","amount","38882.16","outlier_check","","29712","","11552","","raw_value","","FALSE"
"A3320101026225003_fuel_cost","A3320101026225003","332010","Gustavus","2026-04-01","2026","4","fuel_cost","43312.66","outlier_check","","4203","60","6890","","raw_value","","FALSE"
"A3320101126225003_amount","A3320101126225003","332010","Gustavus","2026-05-01","2026","5","amount","37690.33","outlier_check","","29712","29712","11606","","raw_value","","FALSE"
"A3320101225225003_amount","A3320101225225003","332010","Gustavus","2025-06-01","2025","6","amount","35736.56","outlier_check","21919.49","27149","28460","13619","","raw_value","","FALSE"
"A3320101225225003_fuel_cost","A3320101225225003","332010","Gustavus","2025-06-01","2025","6","fuel_cost","52722.25","outlier_check","140.98","7710","1675","3212","","raw_value","","FALSE"
"A3320200122225003_peak_consumption_kw","A3320200122225003","332020","Fort Yukon","2021-07-01","2021","7","peak_consumption_kw","0","outlier_check","432","528","440","442","","avg_preceding_proceeding","","FALSE"
"A3320200421225003_peak_consumption_kw","A3320200421225003","332020","Fort Yukon","2020-10-01","2020","10","peak_consumption_kw","0","outlier_check","459","530","508","497","","avg_preceding_proceeding","","FALSE"
"A3320200516225003_amount","A3320200516225003","332020","Fort Yukon","2015-11-01","2015","11","amount","135363.89","outlier_check","","44910","44910","51448","","raw_value","","FALSE"
"A3320200617225003_fuel_cost","A3320200617225003","332020","Fort Yukon","2016-12-01","2016","12","fuel_cost","389275.78","outlier_check","133189.03","125954","96519","150564","194637","manual_override","Assume two months' value, divide in half.","FALSE"
"A3320200626225003_amount","A3320200626225003","332020","Fort Yukon","2025-12-01","2025","12","amount","95549.96","outlier_check","86268.17","81482","86268","51399","","raw_value","","FALSE"
"A3320200717225003_diesel_kwh_generated","A3320200717225003","332020","Fort Yukon","2017-01-01","2017","1","diesel_kwh_generated","371761","quality_check","318709","262469","321160","337481","","raw_value","","FALSE"
"A3320200717225003_fuel_used_gallons","A3320200717225003","332020","Fort Yukon","2017-01-01","2017","1","fuel_used_gallons","10206","quality_check","","18879","21775","23229","","raw_value","","FALSE"
"A3320200725225003_amount","A3320200725225003","332020","Fort Yukon","2025-01-01","2025","1","amount","92457.9","outlier_check","91622.7","81482","89892","47521","","raw_value","","FALSE"
"A3320200726225003_amount","A3320200726225003","332020","Fort Yukon","2026-01-01","2026","1","amount","91817.88","outlier_check","","77096","88413","47521","","raw_value","","FALSE"
"A3320300425225003_diesel_kwh_generated","A3320300425225003","332030","Hughes","2024-10-01","2024","10","diesel_kwh_generated","45325","quality_check","38531","48728","47676","39587","","raw_value","","FALSE"
"A3320300425225003_fuel_used_gallons","A3320300425225003","332030","Hughes","2024-10-01","2024","10","fuel_used_gallons","0","outlier_check","4390","4680","5357","4373","","avg_preceding_proceeding","","FALSE"
"A3320300524225003_amount","A3320300524225003","332030","Hughes","2023-11-01","2023","11","amount","17504","outlier_check","15812.29","14849","15812","10517","","raw_value","","FALSE"
"A3320300623225003_amount","A3320300623225003","332030","Hughes","2022-12-01","2022","12","amount","17505.28","outlier_check","12201.19","9836","12201","11207","","raw_value","","FALSE"
"A3320300623225003_fuel_cost","A3320300623225003","332030","Hughes","2022-12-01","2022","12","fuel_cost","43740.87","outlier_check","27924.28","20338","31171","22765","","raw_value","","FALSE"
"A3320300624225003_amount","A3320300624225003","332030","Hughes","2023-12-01","2023","12","amount","19056.98","outlier_check","","14849","","11207","","raw_value","","FALSE"
"A3320300624225003_fuel_cost","A3320300624225003","332030","Hughes","2023-12-01","2023","12","fuel_cost","41379.63","outlier_check","37304.46","28901","37304","22765","","raw_value","","FALSE"
"A3320300723225003_amount","A3320300723225003","332030","Hughes","2023-01-01","2023","1","amount","17834.19","outlier_check","","14849","15822","11182","","raw_value","","FALSE"
"A3320300724225003_amount","A3320300724225003","332030","Hughes","2024-01-01","2024","1","amount","18851.39","outlier_check","","12403","","11182","","raw_value","","FALSE"
"A3320300724225003_fuel_cost","A3320300724225003","332030","Hughes","2024-01-01","2024","1","fuel_cost","41020.81","outlier_check","","21168","","22263","","raw_value","","FALSE"
"A3320300820225003_diesel_kwh_generated","A3320300820225003","332030","Hughes","2020-02-01","2020","2","diesel_kwh_generated","0","outlier_check","49798","42356","52198","45909","","avg_preceding_proceeding","","FALSE"
"A3320300824225003_amount","A3320300824225003","332030","Hughes","2024-02-01","2024","2","amount","17965.7","outlier_check","","12403","","10901","","raw_value","","FALSE"
"A3320300824225003_fuel_cost","A3320300824225003","332030","Hughes","2024-02-01","2024","2","fuel_cost","40412.1","outlier_check","","21168","29321","19583","","raw_value","","FALSE"
"A3320300919225003_diesel_kwh_generated","A3320300919225003","332030","Hughes","2019-03-01","2019","3","diesel_kwh_generated","0","outlier_check","42907","39095","40150","49507","","avg_preceding_proceeding","","FALSE"
"A3320300923225003_amount","A3320300923225003","332030","Hughes","2023-03-01","2023","3","amount","17489.55","outlier_check","15822.45","14849","16218","10703","","raw_value","","FALSE"
"A3320300923225003_fuel_cost","A3320300923225003","332030","Hughes","2023-03-01","2023","3","fuel_cost","45939.02","outlier_check","31669.52","28901","30005","20930","","raw_value","","FALSE"
"A3320300924225003_amount","A3320300924225003","332030","Hughes","2024-03-01","2024","3","amount","17907.36","outlier_check","","12403","","10703","","raw_value","","FALSE"
"A3320301022225003_diesel_kwh_generated","A3320301022225003","332030","Hughes","2022-04-01","2022","4","diesel_kwh_generated","36548","quality_check","50550","43877","41205","39462","","raw_value","","FALSE"
"A3320301022225003_fuel_used_gallons","A3320301022225003","332030","Hughes","2022-04-01","2022","4","fuel_used_gallons","660","quality_check","4440","4708","4158","3796","","avg_preceding_proceeding","","FALSE"
"A3320301024225003_amount","A3320301024225003","332030","Hughes","2024-04-01","2024","4","amount","17701.05","outlier_check","","12403","15735","10709","","raw_value","","FALSE"
"A3320301219225003_diesel_kwh_generated","A3320301219225003","332030","Hughes","2019-06-01","2019","6","diesel_kwh_generated","0","outlier_check","37359","39095","38221","34437","","avg_preceding_proceeding","","FALSE"
"A3320500118225003_diesel_kwh_generated","A3320500118225003","332050","Iliamna, Newhalen, Nondalton","2017-07-01","2017","7","diesel_kwh_generated","13910","outlier_check","0","1411","0","1165","","raw_value","","FALSE"
"A3320500118225003_fuel_cost","A3320500118225003","332050","Iliamna, Newhalen, Nondalton","2017-07-01","2017","7","fuel_cost","4965.91","outlier_check","0","502","0","411","","raw_value","","FALSE"
"A3320500218225003_diesel_kwh_generated","A3320500218225003","332050","Iliamna, Newhalen, Nondalton","2017-08-01","2017","8","diesel_kwh_generated","12150","outlier_check","","1411","1490","1302","","raw_value","","FALSE"
"A3320500218225003_fuel_cost","A3320500218225003","332050","Iliamna, Newhalen, Nondalton","2017-08-01","2017","8","fuel_cost","4302.54","outlier_check","","502","547","463","","raw_value","","FALSE"
"A3320500224225003_diesel_kwh_generated","A3320500224225003","332050","Iliamna, Newhalen, Nondalton","2023-08-01","2023","8","diesel_kwh_generated","4050","quality_check","2690","4295","5685","1302","","raw_value","","FALSE"
"A3320500224225003_fuel_used_gallons","A3320500224225003","332050","Iliamna, Newhalen, Nondalton","2023-08-01","2023","8","fuel_used_gallons","113","quality_check","259","356","463","102","","raw_value","","FALSE"
"A3320500316225003_fuel_cost","A3320500316225003","332050","Iliamna, Newhalen, Nondalton","2015-09-01","2015","9","fuel_cost","3489.69","outlier_check","0","894","1352","954","","raw_value","","FALSE"
"A3320500320225003_fuel_cost","A3320500320225003","332050","Iliamna, Newhalen, Nondalton","2019-09-01","2019","9","fuel_cost","9783.6","outlier_check","1161.16","963","1385","954","","raw_value","","FALSE"
"A3320500417225003_fuel_cost","A3320500417225003","332050","Iliamna, Newhalen, Nondalton","2016-10-01","2016","10","fuel_cost","3531.73","outlier_check","864.25","136","864","906","","raw_value","","FALSE"
"A3320500422225003_fuel_cost","A3320500422225003","332050","Iliamna, Newhalen, Nondalton","2021-10-01","2021","10","fuel_cost","20861.47","outlier_check","383.95","748","384","906","","raw_value","","FALSE"
"A3320500426225003_fuel_cost","A3320500426225003","332050","Iliamna, Newhalen, Nondalton","2025-10-01","2025","10","fuel_cost","41947.28","outlier_check","407.92","404","408","906","","raw_value","","FALSE"
"A3320500517225003_fuel_cost","A3320500517225003","332050","Iliamna, Newhalen, Nondalton","2016-11-01","2016","11","fuel_cost","6563.6","outlier_check","","136","","1047","","raw_value","","FALSE"
"A3320500522225003_fuel_cost","A3320500522225003","332050","Iliamna, Newhalen, Nondalton","2021-11-01","2021","11","fuel_cost","8871.15","outlier_check","","748","","1047","","raw_value","","FALSE"
"A3320500523225003_diesel_kwh_generated","A3320500523225003","332050","Iliamna, Newhalen, Nondalton","2022-11-01","2022","11","diesel_kwh_generated","3290","quality_check","820","2916","2405","3353","","raw_value","","FALSE"
"A3320500523225003_fuel_used_gallons","A3320500523225003","332050","Iliamna, Newhalen, Nondalton","2022-11-01","2022","11","fuel_used_gallons","12","quality_check","67","229","187","263","","raw_value","","FALSE"
"A3320500526225003_fuel_cost","A3320500526225003","332050","Iliamna, Newhalen, Nondalton","2025-11-01","2025","11","fuel_cost","41411.02","outlier_check","","404","","1047","","raw_value","","FALSE"
"A3320500617225003_fuel_cost","A3320500617225003","332050","Iliamna, Newhalen, Nondalton","2016-12-01","2016","12","fuel_cost","6536.72","outlier_check","","136","1738","448","","raw_value","","FALSE"
"A3320500622225003_fuel_cost","A3320500622225003","332050","Iliamna, Newhalen, Nondalton","2021-12-01","2021","12","fuel_cost","5335.13","outlier_check","","748","815","448","","raw_value","","FALSE"
"A3320500625225003_fuel_cost","A3320500625225003","332050","Iliamna, Newhalen, Nondalton","2024-12-01","2024","12","fuel_cost","6435.09","outlier_check","302.5","407","330","448","","raw_value","","FALSE"
"A3320500626225003_fuel_cost","A3320500626225003","332050","Iliamna, Newhalen, Nondalton","2025-12-01","2025","12","fuel_cost","9996.4","outlier_check","","404","3020","448","","raw_value","","FALSE"
"A3320500716225003_fuel_cost","A3320500716225003","332050","Iliamna, Newhalen, Nondalton","2016-01-01","2016","1","fuel_cost","9875.76","outlier_check","1219.29","136","610","1631","","raw_value","","FALSE"
"A3320500721225003_diesel_kwh_generated","A3320500721225003","332050","Iliamna, Newhalen, Nondalton","2021-01-01","2021","1","diesel_kwh_generated","13340","outlier_check","660","1314","2435","5705","","raw_value","","FALSE"
"A3320500721225003_fuel_cost","A3320500721225003","332050","Iliamna, Newhalen, Nondalton","2021-01-01","2021","1","fuel_cost","3678.64","outlier_check","193.81","748","691","1631","","raw_value","","FALSE"
"A3320500722225003_diesel_kwh_generated","A3320500722225003","332050","Iliamna, Newhalen, Nondalton","2022-01-01","2022","1","diesel_kwh_generated","440","quality_check","","2916","5930","5705","","raw_value","","FALSE"
"A3320500722225003_fuel_used_gallons","A3320500722225003","332050","Iliamna, Newhalen, Nondalton","2022-01-01","2022","1","fuel_used_gallons","223","quality_check","","229","452","440","","raw_value","","FALSE"
"A3320500724225003_diesel_kwh_generated","A3320500724225003","332050","Iliamna, Newhalen, Nondalton","2024-01-01","2024","1","diesel_kwh_generated","10","quality_check","0","1094","1195","5705","","raw_value","","FALSE"
"A3320500724225003_fuel_used_gallons","A3320500724225003","332050","Iliamna, Newhalen, Nondalton","2024-01-01","2024","1","fuel_used_gallons","15","quality_check","0","96","141","440","","raw_value","","FALSE"
"A3320500823225003_diesel_kwh_generated","A3320500823225003","332050","Iliamna, Newhalen, Nondalton","2023-02-01","2023","2","diesel_kwh_generated","2820","quality_check","6440","4295","7055","2725","","raw_value","","FALSE"
"A3320500823225003_fuel_used_gallons","A3320500823225003","332050","Iliamna, Newhalen, Nondalton","2023-02-01","2023","2","fuel_used_gallons","11","quality_check","497","356","546","220","","raw_value","","FALSE"
"A3320500825225003_fuel_cost","A3320500825225003","332050","Iliamna, Newhalen, Nondalton","2025-02-01","2025","2","fuel_cost","15152.72","outlier_check","357.51","404","179","829","","raw_value","","FALSE"
"A3320500826225003_diesel_kwh_generated","A3320500826225003","332050","Iliamna, Newhalen, Nondalton","2026-02-01","2026","2","diesel_kwh_generated","14687","outlier_check","8495","2461","4248","2725","","raw_value","","FALSE"
"A3320500826225003_fuel_cost","A3320500826225003","332050","Iliamna, Newhalen, Nondalton","2026-02-01","2026","2","fuel_cost","5247.99","outlier_check","3020.46","882","1510","829","","raw_value","","FALSE"
"A3320500918225003_fuel_cost","A3320500918225003","332050","Iliamna, Newhalen, Nondalton","2018-03-01","2018","3","fuel_cost","14052.17","outlier_check","700.74","735","350","853","","raw_value","","FALSE"
"A3320500919225003_fuel_cost","A3320500919225003","332050","Iliamna, Newhalen, Nondalton","2019-03-01","2019","3","fuel_cost","7207.89","outlier_check","1866.12","963","933","853","","raw_value","","FALSE"
"A3320500921225003_diesel_kwh_generated","A3320500921225003","332050","Iliamna, Newhalen, Nondalton","2021-03-01","2021","3","diesel_kwh_generated","11730","outlier_check","4210","1314","2180","1871","","raw_value","","FALSE"
"A3320501122225003_diesel_kwh_generated","A3320501122225003","332050","Iliamna, Newhalen, Nondalton","2022-05-01","2022","5","diesel_kwh_generated","70","quality_check","850","2916","890","379","","raw_value","","FALSE"
"A3320501122225003_fuel_used_gallons","A3320501122225003","332050","Iliamna, Newhalen, Nondalton","2022-05-01","2022","5","fuel_used_gallons","24","quality_check","66","229","92","40","","raw_value","","FALSE"
"A3320501218225003_fuel_cost","A3320501218225003","332050","Iliamna, Newhalen, Nondalton","2018-06-01","2018","6","fuel_cost","7403.85","outlier_check","0","735","42","499","","raw_value","","FALSE"
"A3320600220225003_powerhouse_consumption_kwh","A3320600220225003","332060","Deering","2019-08-01","2019","8","powerhouse_consumption_kwh","0","outlier_check","3043","2481","2858","2700","","avg_preceding_proceeding","","FALSE"
"A3320600221225003_powerhouse_consumption_kwh","A3320600221225003","332060","Deering","2020-08-01","2020","8","powerhouse_consumption_kwh","0","outlier_check","1211","2462","1536","2700","","avg_preceding_proceeding","","FALSE"
"A3320600322225003_powerhouse_consumption_kwh","A3320600322225003","332060","Deering","2021-09-01","2021","9","powerhouse_consumption_kwh","16","outlier_check","","2501","","2316","","avg_preceding_proceeding","","TRUE"
"A3320600420225003_powerhouse_consumption_kwh","A3320600420225003","332060","Deering","2019-10-01","2019","10","powerhouse_consumption_kwh","0","outlier_check","2674","2481","2674","2551","","avg_same_month_other_years","","FALSE"
"A3320600520225003_powerhouse_consumption_kwh","A3320600520225003","332060","Deering","2019-11-01","2019","11","powerhouse_consumption_kwh","0","outlier_check","","2481","","2596","","avg_same_month_other_years","","FALSE"
"A3320600620225003_powerhouse_consumption_kwh","A3320600620225003","332060","Deering","2019-12-01","2019","12","powerhouse_consumption_kwh","0","outlier_check","","2481","","2558","","avg_same_month_other_years","","FALSE"
"A3320600720225003_powerhouse_consumption_kwh","A3320600720225003","332060","Deering","2020-01-01","2020","1","powerhouse_consumption_kwh","0","outlier_check","","2462","","2609","","avg_same_month_other_years","","FALSE"
"A3320600916225003_diesel_kwh_generated","A3320600916225003","332060","Deering","2016-03-01","2016","3","diesel_kwh_generated","67442","quality_check","62063","52930","62063","67880","","raw_value","","FALSE"
"A3320601016225003_diesel_kwh_generated","A3320601016225003","332060","Deering","2016-04-01","2016","4","diesel_kwh_generated","59488","quality_check","","52930","50328","52079","","raw_value","","FALSE"
"A3320601119225003_powerhouse_consumption_kwh","A3320601119225003","332060","Deering","2019-05-01","2019","5","powerhouse_consumption_kwh","0","outlier_check","2206","2481","2502","2431","","avg_preceding_proceeding","","FALSE"
"A3320700116225003_amount","A3320700116225003","332070","King Cove","2015-07-01","2015","7","amount","6486.19","outlier_check","","4206","","255","","raw_value","","FALSE"
"A3320700126225003_pce_eligible_community_kwh","A3320700126225003","332070","King Cove","2025-07-01","2025","7","pce_eligible_community_kwh","60620","outlier_check","","","","63770","","raw_value","","FALSE"
"A3320700216225003_amount","A3320700216225003","332070","King Cove","2015-08-01","2015","8","amount","6545.58","outlier_check","","4206","","261","","raw_value","","FALSE"
"A3320700226225003_pce_eligible_community_kwh","A3320700226225003","332070","King Cove","2025-08-01","2025","8","pce_eligible_community_kwh","60620","outlier_check","","","","63770","","raw_value","","FALSE"
"A3320700316225003_amount","A3320700316225003","332070","King Cove","2015-09-01","2015","9","amount","6498.79","outlier_check","","4206","","260","","raw_value","","FALSE"
"A3320700326225003_pce_eligible_community_kwh","A3320700326225003","332070","King Cove","2025-09-01","2025","9","pce_eligible_community_kwh","60620","outlier_check","","","","63653","","raw_value","","FALSE"
"A3320700416225003_amount","A3320700416225003","332070","King Cove","2015-10-01","2015","10","amount","6612.47","outlier_check","","4206","4169","256","","raw_value","","FALSE"
"A3320700417225003_fuel_cost","A3320700417225003","332070","King Cove","2016-10-01","2016","10","fuel_cost","51446.01","outlier_check","28547.01","26557","30614","13542","","raw_value","","FALSE"
"A3320700418225003_pce_eligible_community_kwh","A3320700418225003","332070","King Cove","2017-10-01","2017","10","pce_eligible_community_kwh","56623","outlier_check","64610","63537","64610","63175","","carry_forward","","FALSE"
"A3320700426225003_pce_eligible_community_kwh","A3320700426225003","332070","King Cove","2025-10-01","2025","10","pce_eligible_community_kwh","60620","outlier_check","","","","63175","","raw_value","","FALSE"
"A3320700526225003_pce_eligible_community_kwh","A3320700526225003","332070","King Cove","2025-11-01","2025","11","pce_eligible_community_kwh","60620","outlier_check","","","","63175","","raw_value","","FALSE"
"A3320700526225003_pce_eligible_residential_kwh","A3320700526225003","332070","King Cove","2025-11-01","2025","11","pce_eligible_residential_kwh","79877","outlier_check","67449","64175","67449","58528","","raw_value","","FALSE"
"A3320700626225003_pce_eligible_community_kwh","A3320700626225003","332070","King Cove","2025-12-01","2025","12","pce_eligible_community_kwh","60620","outlier_check","","","","63175","","raw_value","","FALSE"
"A3320700626225003_pce_eligible_residential_kwh","A3320700626225003","332070","King Cove","2025-12-01","2025","12","pce_eligible_residential_kwh","81222","outlier_check","","64175","","60990","","raw_value","","FALSE"
"A3320700726225003_pce_eligible_community_kwh","A3320700726225003","332070","King Cove","2026-01-01","2026","1","pce_eligible_community_kwh","60620","outlier_check","","","","63175","","raw_value","","FALSE"
"A3320700726225003_pce_eligible_residential_kwh","A3320700726225003","332070","King Cove","2026-01-01","2026","1","pce_eligible_residential_kwh","85042","outlier_check","","69174","","61861","","raw_value","","FALSE"
"A3320700826225003_pce_eligible_community_kwh","A3320700826225003","332070","King Cove","2026-02-01","2026","2","pce_eligible_community_kwh","60620","outlier_check","","","","63175","","raw_value","","FALSE"
"A3320700826225003_pce_eligible_residential_kwh","A3320700826225003","332070","King Cove","2026-02-01","2026","2","pce_eligible_residential_kwh","86078","outlier_check","","69174","","57877","","raw_value","","FALSE"
"A3320700926225003_pce_eligible_community_kwh","A3320700926225003","332070","King Cove","2026-03-01","2026","3","pce_eligible_community_kwh","60620","outlier_check","","","","63175","","raw_value","","FALSE"
"A3320700926225003_pce_eligible_residential_kwh","A3320700926225003","332070","King Cove","2026-03-01","2026","3","pce_eligible_residential_kwh","92662","outlier_check","","69174","","59780","","raw_value","","FALSE"
"A3320701026225003_pce_eligible_community_kwh","A3320701026225003","332070","King Cove","2026-04-01","2026","4","pce_eligible_community_kwh","60620","outlier_check","","","","63175","","raw_value","","FALSE"
"A3320701026225003_pce_eligible_residential_kwh","A3320701026225003","332070","King Cove","2026-04-01","2026","4","pce_eligible_residential_kwh","78103","outlier_check","","69174","71488","61419","","raw_value","","FALSE"
"A3320701126225003_pce_eligible_community_kwh","A3320701126225003","332070","King Cove","2026-05-01","2026","5","pce_eligible_community_kwh","60620","outlier_check","","","","63175","","raw_value","","FALSE"
"A3320701217225003_diesel_kwh_generated","A3320701217225003","332070","King Cove","2017-06-01","2017","6","diesel_kwh_generated","600","quality_check","225117","178885","121098","0","","raw_value","","FALSE"
"A3320701217225003_fuel_used_gallons","A3320701217225003","332070","King Cove","2017-06-01","2017","6","fuel_used_gallons","415","quality_check","15184","12261","8150","0","","raw_value","","FALSE"
"A3320701226225003_pce_eligible_community_kwh","A3320701226225003","332070","King Cove","2026-06-01","2026","6","pce_eligible_community_kwh","60620","outlier_check","","","","63175","","raw_value","","FALSE"
"A3320800120225003_diesel_kwh_generated","A3320800120225003","332080","Kipnuk","2019-07-01","2019","7","diesel_kwh_generated","0","outlier_check","123571","147723","123571","120266","","avg_preceding_proceeding","","FALSE"
"A3320800219225003_diesel_kwh_generated","A3320800219225003","332080","Kipnuk","2018-08-01","2018","8","diesel_kwh_generated","0","outlier_check","147972","166695","147972","122278","","avg_same_month_other_years","","FALSE"
"A3320800220225003_diesel_kwh_generated","A3320800220225003","332080","Kipnuk","2019-08-01","2019","8","diesel_kwh_generated","0","outlier_check","","147723","125257","122278","","avg_preceding_proceeding","","FALSE"
"A3320800319225003_diesel_kwh_generated","A3320800319225003","332080","Kipnuk","2018-09-01","2018","9","diesel_kwh_generated","0","outlier_check","","166695","","123248","","avg_same_month_other_years","","FALSE"
"A3320800326225003_fuel_cost","A3320800326225003","332080","Kipnuk","2025-09-01","2025","9","fuel_cost","95029.28","outlier_check","52384.44","48203","52384","25157","","raw_value","","FALSE"
"A3320800326225003_fuel_used_gallons","A3320800326225003","332080","Kipnuk","2025-09-01","2025","9","fuel_used_gallons","19514","outlier_check","10757","10090","10757","9271","","raw_value","","TRUE"
"A3320800419225003_diesel_kwh_generated","A3320800419225003","332080","Kipnuk","2018-10-01","2018","10","diesel_kwh_generated","165612","quality_check","","166695","","126375","","raw_value","","FALSE"
"A3320800419225003_fuel_used_gallons","A3320800419225003","332080","Kipnuk","2018-10-01","2018","10","fuel_used_gallons","0","outlier_check","","13471","","10795","","avg_same_month_other_years","","FALSE"
"A3320800423225003_powerhouse_consumption_kwh","A3320800423225003","332080","Kipnuk","2022-10-01","2022","10","powerhouse_consumption_kwh","18982","outlier_check","2677","4675","2751","4969","","raw_value","","TRUE"
"A3320800425225003_fuel_cost","A3320800425225003","332080","Kipnuk","2024-10-01","2024","10","fuel_cost","81637.82","outlier_check","39366.19","34915","45477","26718","","raw_value","","FALSE"
"A3320800519225003_diesel_kwh_generated","A3320800519225003","332080","Kipnuk","2018-11-01","2018","11","diesel_kwh_generated","177480","quality_check","","166695","","137685","","raw_value","","FALSE"
"A3320800519225003_fuel_used_gallons","A3320800519225003","332080","Kipnuk","2018-11-01","2018","11","fuel_used_gallons","0","outlier_check","","13471","","10398","","avg_same_month_other_years","","FALSE"
"A3320800521225003_powerhouse_consumption_kwh","A3320800521225003","332080","Kipnuk","2020-11-01","2020","11","powerhouse_consumption_kwh","17158","outlier_check","5557","5076","5557","3595","","raw_value","","FALSE"
"A3320800619225003_diesel_kwh_generated","A3320800619225003","332080","Kipnuk","2018-12-01","2018","12","diesel_kwh_generated","220000","quality_check","","166695","189392","152334","","raw_value","","FALSE"
"A3320800619225003_fuel_used_gallons","A3320800619225003","332080","Kipnuk","2018-12-01","2018","12","fuel_used_gallons","0","outlier_check","","13471","14233","10759","","avg_same_month_other_years","","FALSE"
"A3320800621225003_powerhouse_consumption_kwh","A3320800621225003","332080","Kipnuk","2020-12-01","2020","12","powerhouse_consumption_kwh","17501","outlier_check","","5076","10230","3342","","raw_value","","FALSE"
"A3320800624225003_pce_eligible_community_kwh","A3320800624225003","332080","Kipnuk","2023-12-01","2023","12","pce_eligible_community_kwh","27068","outlier_check","15358","11237","17693","7762","","raw_value","","FALSE"
"A3320800625225003_pce_eligible_community_kwh","A3320800625225003","332080","Kipnuk","2024-12-01","2024","12","pce_eligible_community_kwh","48849","outlier_check","15157","13560","15157","7762","","raw_value","","FALSE"
"A3320800725225003_pce_eligible_community_kwh","A3320800725225003","332080","Kipnuk","2025-01-01","2025","1","pce_eligible_community_kwh","26718","outlier_check","","9778","6943","9362","","raw_value","","FALSE"
"A3320800725225003_pce_eligible_residential_kwh","A3320800725225003","332080","Kipnuk","2025-01-01","2025","1","pce_eligible_residential_kwh","104656","outlier_check","82738","70298","72266","70485","","raw_value","","FALSE"
"A3320800824225003_pce_eligible_community_kwh","A3320800824225003","332080","Kipnuk","2024-02-01","2024","2","pce_eligible_community_kwh","24123","outlier_check","20028","13560","19295","7375","","raw_value","","FALSE"
"A3320800925225003_pce_eligible_community_kwh","A3320800925225003","332080","Kipnuk","2025-03-01","2025","3","pce_eligible_community_kwh","21787","outlier_check","6943","9778","9304","9900","","raw_value","","FALSE"
"A3320900526225003_diesel_kwh_generated","A3320900526225003","332090","Kobuk","2025-11-01","2025","11","diesel_kwh_generated","159295","outlier_check","0","0","0","0","","avg_preceding_proceeding","","FALSE"
"A3320900716225003_amount","A3320900716225003","332090","Kobuk","2016-01-01","2016","1","amount","103758.07","outlier_check","7105.94","9037","8583","14568","","avg_preceding_proceeding","","FALSE"
"A3320900726225003_pce_eligible_community_kwh","A3320900726225003","332090","Kobuk","2026-01-01","2026","1","pce_eligible_community_kwh","32779","outlier_check","10858","8634","10017","9884","","avg_preceding_proceeding","","FALSE"
"A3321000125225003_diesel_kwh_generated","A3321000125225003","332100","Kokhanok","2024-07-01","2024","7","diesel_kwh_generated","34400","quality_check","31400","41025","34830","30133","","raw_value","","FALSE"
"A3321000125225003_fuel_used_gallons","A3321000125225003","332100","Kokhanok","2024-07-01","2024","7","fuel_used_gallons","192","outlier_check","3040","3488","3152","2739","","avg_same_month_other_years","","FALSE"
"A3321000524225003_fuel_cost","A3321000524225003","332100","Kokhanok","2023-11-01","2023","11","fuel_cost","45553.69","outlier_check","21901.43","17447","11403","18008","","avg_same_month_other_years","","FALSE"
"A3321000624225003_diesel_kwh_generated","A3321000624225003","332100","Kokhanok","2023-12-01","2023","12","diesel_kwh_generated","44990","quality_check","42700","34931","42700","44825","","raw_value","","FALSE"
"A3321000624225003_fuel_used_gallons","A3321000624225003","332100","Kokhanok","2023-12-01","2023","12","fuel_used_gallons","140","outlier_check","","3304","","3846","","avg_same_month_other_years","","FALSE"
"A3321000724225003_diesel_kwh_generated","A3321000724225003","332100","Kokhanok","2024-01-01","2024","1","diesel_kwh_generated","51700","quality_check","","41025","","48447","","raw_value","","FALSE"
"A3321000724225003_fuel_cost","A3321000724225003","332100","Kokhanok","2024-01-01","2024","1","fuel_cost","366186.81","outlier_check","904.48","17962","904","18575","","avg_same_month_other_years","","FALSE"
"A3321000724225003_fuel_used_gallons","A3321000724225003","332100","Kokhanok","2024-01-01","2024","1","fuel_used_gallons","56680","outlier_check","","3488","","3878","","avg_same_month_other_years","","FALSE"
"A3321000824225003_diesel_kwh_generated","A3321000824225003","332100","Kokhanok","2024-02-01","2024","2","diesel_kwh_generated","45510","quality_check","","41025","44560","43353","","raw_value","","FALSE"
"A3321000824225003_fuel_cost","A3321000824225003","332100","Kokhanok","2024-02-01","2024","2","fuel_cost","330052.67","outlier_check","","17962","24518","17356","","avg_same_month_other_years","","FALSE"
"A3321000824225003_fuel_used_gallons","A3321000824225003","332100","Kokhanok","2024-02-01","2024","2","fuel_used_gallons","51087","outlier_check","","3488","3795","3628","","avg_same_month_other_years","","FALSE"
"A3321001024225003_diesel_kwh_generated","A3321001024225003","332100","Kokhanok","2024-04-01","2024","4","diesel_kwh_generated","37800","quality_check","44560","41025","39925","38460","","raw_value","","FALSE"
"A3321001024225003_fuel_used_gallons","A3321001024225003","332100","Kokhanok","2024-04-01","2024","4","fuel_used_gallons","322","outlier_check","3795","3488","3552","3420","","avg_same_month_other_years","","FALSE"
"A3321100122225003_amount","A3321100122225003","332110","Koliganek","2021-07-01","2021","7","amount","0","outlier_check","5828.84","5868","5822","6593","","avg_preceding_proceeding","","FALSE"
"A3321100417225003_peak_consumption_kw","A3321100417225003","332110","Koliganek","2016-10-01","2016","10","peak_consumption_kw","0","outlier_check","60","88","60","101","","raw_value","","FALSE"
"A3321100419225003_diesel_kwh_generated","A3321100419225003","332110","Koliganek","2018-10-01","2018","10","diesel_kwh_generated","0","outlier_check","59050","63884","59050","59171","","avg_same_month_other_years","","FALSE"
"A3321100516225003_peak_consumption_kw","A3321100516225003","332110","Koliganek","2015-11-01","2015","11","peak_consumption_kw","0","outlier_check","","140","","96","","raw_value","","FALSE"
"A3321100519225003_diesel_kwh_generated","A3321100519225003","332110","Koliganek","2018-11-01","2018","11","diesel_kwh_generated","0","outlier_check","","63884","75071","61270","","avg_same_month_other_years","","FALSE"
"A3321100519225003_powerhouse_consumption_kwh","A3321100519225003","332110","Koliganek","2018-11-01","2018","11","powerhouse_consumption_kwh","0","outlier_check","1661","1924","1662","1591","","avg_preceding_proceeding","","FALSE"
"A3321100616225003_peak_consumption_kw","A3321100616225003","332110","Koliganek","2015-12-01","2015","12","peak_consumption_kw","0","outlier_check","","140","","102","","raw_value","","FALSE"
"A3321100617225003_peak_consumption_kw","A3321100617225003","332110","Koliganek","2016-12-01","2016","12","peak_consumption_kw","0","outlier_check","60","88","104","102","","raw_value","","FALSE"
"A3321100716225003_peak_consumption_kw","A3321100716225003","332110","Koliganek","2016-01-01","2016","1","peak_consumption_kw","0","outlier_check","","88","","110","","raw_value","","FALSE"
"A3321100725225003_fuel_cost","A3321100725225003","332110","Koliganek","2025-01-01","2025","1","fuel_cost","32273.51","outlier_check","29134.74","26308","27227","18239","","raw_value","","FALSE"
"A3321100726225003_fuel_cost","A3321100726225003","332110","Koliganek","2026-01-01","2026","1","fuel_cost","33350.25","outlier_check","30716.91","27633","28818","18239","","raw_value","","FALSE"
"A3321100726225003_pce_eligible_community_kwh","A3321100726225003","332110","Koliganek","2026-01-01","2026","1","pce_eligible_community_kwh","11830","outlier_check","9934","7391","9465","7545","","raw_value","","FALSE"
"A3321100816225003_peak_consumption_kw","A3321100816225003","332110","Koliganek","2016-02-01","2016","2","peak_consumption_kw","0","outlier_check","","88","","104","","raw_value","","FALSE"
"A3321100916225003_peak_consumption_kw","A3321100916225003","332110","Koliganek","2016-03-01","2016","3","peak_consumption_kw","0","outlier_check","","88","","108","","raw_value","","FALSE"
"A3321100926225003_fuel_cost","A3321100926225003","332110","Koliganek","2026-03-01","2026","3","fuel_cost","32671.82","outlier_check","26918.61","27633","28445","17997","","raw_value","","FALSE"
"A3321101016225003_peak_consumption_kw","A3321101016225003","332110","Koliganek","2016-04-01","2016","4","peak_consumption_kw","0","outlier_check","","88","","102","","raw_value","","FALSE"
"A3321101116225003_peak_consumption_kw","A3321101116225003","332110","Koliganek","2016-05-01","2016","5","peak_consumption_kw","0","outlier_check","","88","107","98","","raw_value","","FALSE"
"A3321101117225003_powerhouse_consumption_kwh","A3321101117225003","332110","Koliganek","2017-05-01","2017","5","powerhouse_consumption_kwh","2717","outlier_check","2020","2008","2020","1648","","raw_value","","FALSE"
"A3321200621225003_diesel_kwh_generated","A3321200621225003","332120","Kotlik","2020-12-01","2020","12","diesel_kwh_generated","202209","quality_check","176364","169220","178334","197252","","raw_value","","FALSE"
"A3321200621225003_fuel_used_gallons","A3321200621225003","332120","Kotlik","2020-12-01","2020","12","fuel_used_gallons","1863","quality_check","13460","12608","13945","14871","","avg_preceding_proceeding","","FALSE"
"A3321201125225003_diesel_kwh_generated","A3321201125225003","332120","Kotlik","2025-05-01","2025","5","diesel_kwh_generated","143509","quality_check","177053","168601","154298","157729","","raw_value","","FALSE"
"A3321201125225003_fuel_used_gallons","A3321201125225003","332120","Kotlik","2025-05-01","2025","5","fuel_used_gallons","0","outlier_check","14800","13915","12625","12225","","avg_preceding_proceeding","","FALSE"
"A3321201126225003_residential_sold_to","A3321201126225003","332120","Kotlik","2026-05-01","2026","5","residential_sold_to","0","outlier_check","68809","82079","68809","53626","","avg_same_month_other_years","","FALSE"
"A3321201223225003_diesel_kwh_generated","A3321201223225003","332120","Kotlik","2023-06-01","2023","6","diesel_kwh_generated","128853","quality_check","183862","178550","162980","138587","","raw_value","","FALSE"
"A3321201223225003_fuel_used_gallons","A3321201223225003","332120","Kotlik","2023-06-01","2023","6","fuel_used_gallons","0","outlier_check","14710","13698","13325","10430","","avg_preceding_proceeding","","FALSE"
"A3321300123225003_diesel_kwh_generated","A3321300123225003","332130","Kotzebue","2022-07-01","2022","7","diesel_kwh_generated","0","outlier_check","1258376","1399426","1248878","1257837","","avg_preceding_proceeding","","FALSE"
"A3321300419225003_diesel_kwh_generated","A3321300419225003","332130","Kotzebue","2018-10-01","2018","10","diesel_kwh_generated","0","outlier_check","1390976","1417295","1305405","1349810","","avg_preceding_proceeding","","FALSE"
"A3321300419225003_powerhouse_consumption_kwh","A3321300419225003","332130","Kotzebue","2018-10-01","2018","10","powerhouse_consumption_kwh","0","outlier_check","35149","37160","34667","35974","","avg_preceding_proceeding","","FALSE"
"A3321300819225003_diesel_kwh_generated","A3321300819225003","332130","Kotzebue","2019-02-01","2019","2","diesel_kwh_generated","0","outlier_check","2104878","1574570","1840714","1732578","","avg_preceding_proceeding","","FALSE"
"A3321300819225003_powerhouse_consumption_kwh","A3321300819225003","332130","Kotzebue","2019-02-01","2019","2","powerhouse_consumption_kwh","0","outlier_check","42118","37642","41804","47079","","avg_preceding_proceeding","","FALSE"
"A3321301219225003_diesel_kwh_generated","A3321301219225003","332130","Kotzebue","2019-06-01","2019","6","diesel_kwh_generated","0","outlier_check","1450864","1574570","1468126","1289016","","avg_preceding_proceeding","","FALSE"
"A3321301219225003_powerhouse_consumption_kwh","A3321301219225003","332130","Kotzebue","2019-06-01","2019","6","powerhouse_consumption_kwh","0","outlier_check","32694","37642","36666","37996","","avg_preceding_proceeding","","FALSE"
"A3321301226225003_peak_consumption_kw","A3321301226225003","332130","Kotzebue","2026-06-01","2026","6","peak_consumption_kw","0","outlier_check","2885","3102","2885","2600","","avg_same_month_other_years","","FALSE"
"A3321400522225003_fuel_cost","A3321400522225003","332140","Koyukuk","2021-11-01","2021","11","fuel_cost","39337.65","outlier_check","","11559","","12038","","raw_value","","FALSE"
"A3321400625225003_fuel_cost","A3321400625225003","332140","Koyukuk","2024-12-01","2024","12","fuel_cost","35766.51","outlier_check","13262.32","15496","15435","12935","","raw_value","","FALSE"
"A3321401022225003_fuel_cost","A3321401022225003","332140","Koyukuk","2022-04-01","2022","4","fuel_cost","56852.29","outlier_check","","12757","8828","12430","","raw_value","","FALSE"
"A3321500224225003_diesel_kwh_generated","A3321500224225003","332150","Kwethluk","2023-08-01","2023","8","diesel_kwh_generated","109656","quality_check","135478","168381","135478","141338","","raw_value","","FALSE"
"A3321500224225003_fuel_used_gallons","A3321500224225003","332150","Kwethluk","2023-08-01","2023","8","fuel_used_gallons","0","outlier_check","10039","16337","10039","12288","","avg_same_month_other_years","","FALSE"
"A3321500323225003_diesel_kwh_generated","A3321500323225003","332150","Kwethluk","2022-09-01","2022","9","diesel_kwh_generated","111790","quality_check","127925","155124","127925","147849","","raw_value","","FALSE"
"A3321500323225003_fuel_used_gallons","A3321500323225003","332150","Kwethluk","2022-09-01","2022","9","fuel_used_gallons","0","outlier_check","14025","16580","14025","12031","18204","manual_override","Assume three months' value, divide.","FALSE"
"A3321500324225003_diesel_kwh_generated","A3321500324225003","332150","Kwethluk","2023-09-01","2023","9","diesel_kwh_generated","117123","quality_check","","168381","","147849","","raw_value","","FALSE"
"A3321500324225003_fuel_used_gallons","A3321500324225003","332150","Kwethluk","2023-09-01","2023","9","fuel_used_gallons","0","outlier_check","","16337","","12031","","avg_same_month_other_years","","FALSE"
"A3321500423225003_diesel_kwh_generated","A3321500423225003","332150","Kwethluk","2022-10-01","2022","10","diesel_kwh_generated","137282","quality_check","","155124","","168500","","raw_value","","FALSE"
"A3321500423225003_fuel_used_gallons","A3321500423225003","332150","Kwethluk","2022-10-01","2022","10","fuel_used_gallons","0","outlier_check","","16580","","14208","18204","manual_override","Assume three months' value, divide.","FALSE"
"A3321500424225003_diesel_kwh_generated","A3321500424225003","332150","Kwethluk","2023-10-01","2023","10","diesel_kwh_generated","140421","quality_check","","168381","","168500","","raw_value","","FALSE"
"A3321500424225003_fuel_used_gallons","A3321500424225003","332150","Kwethluk","2023-10-01","2023","10","fuel_used_gallons","0","outlier_check","","16337","","14208","","avg_same_month_other_years","","FALSE"
"A3321500523225003_diesel_kwh_generated","A3321500523225003","332150","Kwethluk","2022-11-01","2022","11","diesel_kwh_generated","170698","quality_check","","155124","194201","185898","","raw_value","","FALSE"
"A3321500523225003_fuel_cost","A3321500523225003","332150","Kwethluk","2022-11-01","2022","11","fuel_cost","214458.26","outlier_check","0","45408","39941","51436","","raw_value","Assume three months' value.","FALSE"
"A3321500523225003_fuel_used_gallons","A3321500523225003","332150","Kwethluk","2022-11-01","2022","11","fuel_used_gallons","54614","outlier_check","","16580","20343","14760","18204","manual_override","Assume three months' value, divide.","FALSE"
"A3321500524225003_diesel_kwh_generated","A3321500524225003","332150","Kwethluk","2023-11-01","2023","11","diesel_kwh_generated","142826","quality_check","","168381","","185898","","raw_value","","FALSE"
"A3321500524225003_fuel_used_gallons","A3321500524225003","332150","Kwethluk","2023-11-01","2023","11","fuel_used_gallons","0","outlier_check","","16337","","14760","","avg_same_month_other_years","","FALSE"
"A3321500624225003_diesel_kwh_generated","A3321500624225003","332150","Kwethluk","2023-12-01","2023","12","diesel_kwh_generated","185720","quality_check","","168381","","191246","","raw_value","","FALSE"
"A3321500624225003_fuel_used_gallons","A3321500624225003","332150","Kwethluk","2023-12-01","2023","12","fuel_used_gallons","0","outlier_check","","16337","","15785","","avg_same_month_other_years","","FALSE"
"A3321500724225003_diesel_kwh_generated","A3321500724225003","332150","Kwethluk","2024-01-01","2024","1","diesel_kwh_generated","178170","quality_check","","187093","","195698","","raw_value","","FALSE"
"A3321500724225003_fuel_used_gallons","A3321500724225003","332150","Kwethluk","2024-01-01","2024","1","fuel_used_gallons","0","outlier_check","","13386","","15839","","avg_same_month_other_years","","FALSE"
"A3321500824225003_diesel_kwh_generated","A3321500824225003","332150","Kwethluk","2024-02-01","2024","2","diesel_kwh_generated","158138","quality_check","","187093","","167782","","raw_value","","FALSE"
"A3321500824225003_fuel_used_gallons","A3321500824225003","332150","Kwethluk","2024-02-01","2024","2","fuel_used_gallons","0","outlier_check","","13386","","14090","","avg_same_month_other_years","","FALSE"
"A3321500924225003_diesel_kwh_generated","A3321500924225003","332150","Kwethluk","2024-03-01","2024","3","diesel_kwh_generated","188092","quality_check","","187093","","178965","","raw_value","","FALSE"
"A3321500924225003_fuel_used_gallons","A3321500924225003","332150","Kwethluk","2024-03-01","2024","3","fuel_used_gallons","0","outlier_check","","13386","","15079","","avg_same_month_other_years","","FALSE"
"A3321501024225003_diesel_kwh_generated","A3321501024225003","332150","Kwethluk","2024-04-01","2024","4","diesel_kwh_generated","466729","outlier_check","","187093","","159623","","annual_average","","FALSE"
"A3321501024225003_fuel_used_gallons","A3321501024225003","332150","Kwethluk","2024-04-01","2024","4","fuel_used_gallons","0","outlier_check","","13386","","13367","","avg_same_month_other_years","","FALSE"
"A3321501124225003_diesel_kwh_generated","A3321501124225003","332150","Kwethluk","2024-05-01","2024","5","diesel_kwh_generated","152588","quality_check","","187093","148375","152528","","raw_value","","FALSE"
"A3321501124225003_fuel_used_gallons","A3321501124225003","332150","Kwethluk","2024-05-01","2024","5","fuel_used_gallons","0","outlier_check","","13386","11270","12500","","avg_same_month_other_years","","FALSE"
"A3321600122225003_amount","A3321600122225003","332160","Kwigillingok","2021-07-01","2021","7","amount","0","outlier_check","12980.72","14431","13233","13358","","avg_preceding_proceeding","","FALSE"
"A3321600322225003_fuel_cost","A3321600322225003","332160","Kwigillingok","2021-09-01","2021","9","fuel_cost","90195.19","outlier_check","24797.17","25895","25577","25231","","avg_preceding_proceeding","","FALSE"
"A3321600416225003_pce_eligible_community_kwh","A3321600416225003","332160","Kwigillingok","2015-10-01","2015","10","pce_eligible_community_kwh","13121","outlier_check","","8319","","3121","","raw_value","","FALSE"
"A3321600420225003_diesel_kwh_generated","A3321600420225003","332160","Kwigillingok","2019-10-01","2019","10","diesel_kwh_generated","108290","quality_check","88150","71609","89425","109762","","raw_value","","FALSE"
"A3321600420225003_fuel_used_gallons","A3321600420225003","332160","Kwigillingok","2019-10-01","2019","10","fuel_used_gallons","0","outlier_check","7379","6787","7744","8955","","avg_preceding_proceeding","","FALSE"
"A3321600426225003_pce_eligible_residential_kwh","A3321600426225003","332160","Kwigillingok","2025-10-01","2025","10","pce_eligible_residential_kwh","14964","outlier_check","43112","42343","29609","39649","","raw_value","","FALSE"
"A3321600626225003_pce_eligible_residential_kwh","A3321600626225003","332160","Kwigillingok","2025-12-01","2025","12","pce_eligible_residential_kwh","8328","outlier_check","16106","42343","16106","40828","","raw_value","","FALSE"
"A3321600716225003_pce_eligible_community_kwh","A3321600716225003","332160","Kwigillingok","2016-01-01","2016","1","pce_eligible_community_kwh","12352","outlier_check","8319","2862","8319","4051","","raw_value","","FALSE"
"A3321600717225003_pce_eligible_community_kwh","A3321600717225003","332160","Kwigillingok","2017-01-01","2017","1","pce_eligible_community_kwh","11327","outlier_check","2890","3550","2890","4051","","raw_value","","FALSE"
"A3321600718225003_pce_eligible_community_kwh","A3321600718225003","332160","Kwigillingok","2018-01-01","2018","1","pce_eligible_community_kwh","9374","outlier_check","5722","3696","4118","4051","","raw_value","","FALSE"
"A3321600722225003_fuel_cost","A3321600722225003","332160","Kwigillingok","2022-01-01","2022","1","fuel_cost","111703","outlier_check","31533.43","26930","30021","25462","","avg_preceding_proceeding","","FALSE"
"A3321600726225003_pce_eligible_residential_kwh","A3321600726225003","332160","Kwigillingok","2026-01-01","2026","1","pce_eligible_residential_kwh","14788","outlier_check","","17043","","42770","","raw_value","","FALSE"
"A3321600816225003_pce_eligible_community_kwh","A3321600816225003","332160","Kwigillingok","2016-02-01","2016","2","pce_eligible_community_kwh","10636","outlier_check","","2862","","3724","","raw_value","","FALSE"
"A3321600817225003_pce_eligible_community_kwh","A3321600817225003","332160","Kwigillingok","2017-02-01","2017","2","pce_eligible_community_kwh","11093","outlier_check","","3550","","3724","","raw_value","","FALSE"
"A3321600826225003_pce_eligible_residential_kwh","A3321600826225003","332160","Kwigillingok","2026-02-01","2026","2","pce_eligible_residential_kwh","13295","outlier_check","","17043","17466","38106","","raw_value","","FALSE"
"A3321600916225003_pce_eligible_community_kwh","A3321600916225003","332160","Kwigillingok","2016-03-01","2016","3","pce_eligible_community_kwh","11635","outlier_check","","2862","4816","4123","","raw_value","","FALSE"
"A3321600917225003_pce_eligible_community_kwh","A3321600917225003","332160","Kwigillingok","2017-03-01","2017","3","pce_eligible_community_kwh","11909","outlier_check","","3550","5459","4123","","raw_value","","FALSE"
"A3321600918225003_pce_eligible_community_kwh","A3321600918225003","332160","Kwigillingok","2018-03-01","2018","3","pce_eligible_community_kwh","9223","outlier_check","2513","3696","4120","4123","","raw_value","","FALSE"
"A3321601026225003_pce_eligible_residential_kwh","A3321601026225003","332160","Kwigillingok","2026-04-01","2026","4","pce_eligible_residential_kwh","14900","outlier_check","17466","17043","17992","39204","","raw_value","","FALSE"
"A3321700217225003_diesel_kwh_generated","A3321700217225003","332170","Larsen Bay","2016-08-01","2016","8","diesel_kwh_generated","34086","outlier_check","0","0","0","","","raw_value","","FALSE"
"A3321700218225003_diesel_kwh_generated","A3321700218225003","332170","Larsen Bay","2017-08-01","2017","8","diesel_kwh_generated","149","quality_check","0","55","0","","","raw_value","","FALSE"
"A3321700219225003_diesel_kwh_generated","A3321700219225003","332170","Larsen Bay","2018-08-01","2018","8","diesel_kwh_generated","1572","quality_check","0","154","0","","","raw_value","","FALSE"
"A3321700219225003_fuel_used_gallons","A3321700219225003","332170","Larsen Bay","2018-08-01","2018","8","fuel_used_gallons","935","quality_check","0","229","593","370","","raw_value","","FALSE"
"A3321700220225003_diesel_kwh_generated","A3321700220225003","332170","Larsen Bay","2019-08-01","2019","8","diesel_kwh_generated","12798","outlier_check","1320","723","1320","","","raw_value","","FALSE"
"A3321700317225003_diesel_kwh_generated","A3321700317225003","332170","Larsen Bay","2016-09-01","2016","9","diesel_kwh_generated","21966","outlier_check","","0","","","","raw_value","","FALSE"
"A3321700318225003_diesel_kwh_generated","A3321700318225003","332170","Larsen Bay","2017-09-01","2017","9","diesel_kwh_generated","8890","outlier_check","","55","","","","raw_value","","FALSE"
"A3321700319225003_diesel_kwh_generated","A3321700319225003","332170","Larsen Bay","2018-09-01","2018","9","diesel_kwh_generated","12618","outlier_check","","154","","","","raw_value","","FALSE"
"A3321700320225003_diesel_kwh_generated","A3321700320225003","332170","Larsen Bay","2019-09-01","2019","9","diesel_kwh_generated","14204","outlier_check","","723","","","","raw_value","","FALSE"
"A3321700417225003_diesel_kwh_generated","A3321700417225003","332170","Larsen Bay","2016-10-01","2016","10","diesel_kwh_generated","280","quality_check","","0","0","","","raw_value","","FALSE"
"A3321700418225003_diesel_kwh_generated","A3321700418225003","332170","Larsen Bay","2017-10-01","2017","10","diesel_kwh_generated","15743","outlier_check","","55","220","","","raw_value","","FALSE"
"A3321700419225003_diesel_kwh_generated","A3321700419225003","332170","Larsen Bay","2018-10-01","2018","10","diesel_kwh_generated","7831","outlier_check","","154","","","","raw_value","","FALSE"
"A3321700420225003_diesel_kwh_generated","A3321700420225003","332170","Larsen Bay","2019-10-01","2019","10","diesel_kwh_generated","14597","outlier_check","","723","1242","","","raw_value","","FALSE"
"A3321700519225003_diesel_kwh_generated","A3321700519225003","332170","Larsen Bay","2018-11-01","2018","11","diesel_kwh_generated","7947","outlier_check","","154","0","487","","raw_value","","FALSE"
"A3321700617225003_diesel_kwh_generated","A3321700617225003","332170","Larsen Bay","2016-12-01","2016","12","diesel_kwh_generated","114","quality_check","0","0","0","515","","raw_value","","FALSE"
"A3321700717225003_diesel_kwh_generated","A3321700717225003","332170","Larsen Bay","2017-01-01","2017","1","diesel_kwh_generated","159","quality_check","","55","","0","","raw_value","","FALSE"
"A3321700718225003_diesel_kwh_generated","A3321700718225003","332170","Larsen Bay","2018-01-01","2018","1","diesel_kwh_generated","2938","outlier_check","0","154","0","0","","raw_value","","FALSE"
"A3321700720225003_diesel_kwh_generated","A3321700720225003","332170","Larsen Bay","2020-01-01","2020","1","diesel_kwh_generated","1546","quality_check","1546","489","1506","0","","raw_value","","FALSE"
"A3321700720225003_fuel_used_gallons","A3321700720225003","332170","Larsen Bay","2020-01-01","2020","1","fuel_used_gallons","2","quality_check","112","241","112","0","","raw_value","","FALSE"
"A3321700817225003_diesel_kwh_generated","A3321700817225003","332170","Larsen Bay","2017-02-01","2017","2","diesel_kwh_generated","32190","outlier_check","","55","","489","","raw_value","","FALSE"
"A3321700917225003_diesel_kwh_generated","A3321700917225003","332170","Larsen Bay","2017-03-01","2017","3","diesel_kwh_generated","36914","outlier_check","","55","","0","","raw_value","","FALSE"
"A3321700917225003_fuel_cost","A3321700917225003","332170","Larsen Bay","2017-03-01","2017","3","fuel_cost","11139.09","outlier_check","8257.16","1678","5773","1173","","raw_value","","FALSE"
"A3321700918225003_diesel_kwh_generated","A3321700918225003","332170","Larsen Bay","2018-03-01","2018","3","diesel_kwh_generated","72","quality_check","0","154","328","0","","raw_value","","FALSE"
"A3321700920225003_diesel_kwh_generated","A3321700920225003","332170","Larsen Bay","2020-03-01","2020","3","diesel_kwh_generated","14723","outlier_check","1467","489","1467","0","","raw_value","","FALSE"
"A3321701016225003_pce_eligible_community_kwh","A3321701016225003","332170","Larsen Bay","2016-04-01","2016","4","pce_eligible_community_kwh","0","outlier_check","4970","5810","4970","5740","","raw_value","","FALSE"
"A3321701017225003_diesel_kwh_generated","A3321701017225003","332170","Larsen Bay","2017-04-01","2017","4","diesel_kwh_generated","10719","outlier_check","","55","0","218","","raw_value","","FALSE"
"A3321701020225003_diesel_kwh_generated","A3321701020225003","332170","Larsen Bay","2020-04-01","2020","4","diesel_kwh_generated","71","quality_check","","489","","218","","raw_value","","FALSE"
"A3321701116225003_pce_eligible_community_kwh","A3321701116225003","332170","Larsen Bay","2016-05-01","2016","5","pce_eligible_community_kwh","0","outlier_check","","5810","","5740","","raw_value","","FALSE"
"A3321701120225003_diesel_kwh_generated","A3321701120225003","332170","Larsen Bay","2020-05-01","2020","5","diesel_kwh_generated","93","quality_check","","489","0","420","","raw_value","","FALSE"
"A3321701216225003_pce_eligible_community_kwh","A3321701216225003","332170","Larsen Bay","2016-06-01","2016","6","pce_eligible_community_kwh","766","outlier_check","","5810","5950","5740","","raw_value","","FALSE"
"A3321701217225003_diesel_kwh_generated","A3321701217225003","332170","Larsen Bay","2017-06-01","2017","6","diesel_kwh_generated","1832","quality_check","0","55","0","89","","raw_value","","FALSE"
"A3321701219225003_diesel_kwh_generated","A3321701219225003","332170","Larsen Bay","2019-06-01","2019","6","diesel_kwh_generated","64708","outlier_check","1678","723","1499","89","","raw_value","","FALSE"
"A3321800721225003_diesel_kwh_generated","A3321800721225003","332180","Levelock","2021-01-01","2021","1","diesel_kwh_generated","0","outlier_check","45714","31254","45714","44181","","avg_same_month_other_years","","FALSE"
"A3321800721225003_peak_consumption_kw","A3321800721225003","332180","Levelock","2021-01-01","2021","1","peak_consumption_kw","0","outlier_check","73","92","94","105","","avg_same_month_other_years","","FALSE"
"A3321900224225003_pce_eligible_residential_kwh","A3321900224225003","332190","Lime Village","2023-08-01","2023","8","pce_eligible_residential_kwh","5599","outlier_check","","2222","1456","1478","","raw_value","","FALSE"
"A3321900324225003_diesel_kwh_generated","A3321900324225003","332190","Lime Village","2023-09-01","2023","9","diesel_kwh_generated","4289","quality_check","","","","4340","","raw_value","","FALSE"
"A3321900324225003_fuel_used_gallons","A3321900324225003","332190","Lime Village","2023-09-01","2023","9","fuel_used_gallons","1768","quality_check","1768","442","884","542","","raw_value","","FALSE"
"A3321900325225003_diesel_kwh_generated","A3321900325225003","332190","Lime Village","2024-09-01","2024","9","diesel_kwh_generated","19565","outlier_check","","","","4340","","raw_value","","FALSE"
"A3321900325225003_pce_eligible_residential_kwh","A3321900325225003","332190","Lime Village","2024-09-01","2024","9","pce_eligible_residential_kwh","5327","outlier_check","","2123","1616","1424","","raw_value","","FALSE"
"A3321900424225003_diesel_kwh_generated","A3321900424225003","332190","Lime Village","2023-10-01","2023","10","diesel_kwh_generated","13746","quality_check","","","","6421","","raw_value","","FALSE"
"A3321900425225003_diesel_kwh_generated","A3321900425225003","332190","Lime Village","2024-10-01","2024","10","diesel_kwh_generated","2996","quality_check","","","","6421","","raw_value","","FALSE"
"A3321900426225003_diesel_kwh_generated","A3321900426225003","332190","Lime Village","2025-10-01","2025","10","diesel_kwh_generated","6470","quality_check","0","0","0","6421","","raw_value","","FALSE"
"A3321900524225003_diesel_kwh_generated","A3321900524225003","332190","Lime Village","2023-11-01","2023","11","diesel_kwh_generated","13746","quality_check","","","","5482","","raw_value","","FALSE"
"A3321900525225003_diesel_kwh_generated","A3321900525225003","332190","Lime Village","2024-11-01","2024","11","diesel_kwh_generated","2466","quality_check","","","","5482","","raw_value","","FALSE"
"A3321900526225003_diesel_kwh_generated","A3321900526225003","332190","Lime Village","2025-11-01","2025","11","diesel_kwh_generated","5911","quality_check","","0","","5482","","raw_value","","FALSE"
"A3321900624225003_diesel_kwh_generated","A3321900624225003","332190","Lime Village","2023-12-01","2023","12","diesel_kwh_generated","13746","quality_check","","","","7538","","raw_value","","FALSE"
"A3321900625225003_diesel_kwh_generated","A3321900625225003","332190","Lime Village","2024-12-01","2024","12","diesel_kwh_generated","3521","quality_check","","","","7538","","raw_value","","FALSE"
"A3321900626225003_diesel_kwh_generated","A3321900626225003","332190","Lime Village","2025-12-01","2025","12","diesel_kwh_generated","6825","quality_check","","0","","7538","","raw_value","","FALSE"
"A3321900724225003_diesel_kwh_generated","A3321900724225003","332190","Lime Village","2024-01-01","2024","1","diesel_kwh_generated","13746","quality_check","","","","7012","","raw_value","","FALSE"
"A3321900725225003_diesel_kwh_generated","A3321900725225003","332190","Lime Village","2025-01-01","2025","1","diesel_kwh_generated","4527","quality_check","","0","","7012","","raw_value","","FALSE"
"A3321900726225003_diesel_kwh_generated","A3321900726225003","332190","Lime Village","2026-01-01","2026","1","diesel_kwh_generated","6825","quality_check","","","","7012","","raw_value","","FALSE"
"A3321900818225003_pce_eligible_community_kwh","A3321900818225003","332190","Lime Village","2018-02-01","2018","2","pce_eligible_community_kwh","2520","outlier_check","","674","","789","","raw_value","","FALSE"
"A3321900824225003_diesel_kwh_generated","A3321900824225003","332190","Lime Village","2024-02-01","2024","2","diesel_kwh_generated","13746","quality_check","","","","5768","","raw_value","","FALSE"
"A3321900825225003_diesel_kwh_generated","A3321900825225003","332190","Lime Village","2025-02-01","2025","2","diesel_kwh_generated","6242","quality_check","","0","","5768","","raw_value","","FALSE"
"A3321900826225003_diesel_kwh_generated","A3321900826225003","332190","Lime Village","2026-02-01","2026","2","diesel_kwh_generated","6825","quality_check","","","","5768","","raw_value","","FALSE"
"A3321900924225003_diesel_kwh_generated","A3321900924225003","332190","Lime Village","2024-03-01","2024","3","diesel_kwh_generated","13746","quality_check","","","","5576","","raw_value","","FALSE"
"A3321900925225003_diesel_kwh_generated","A3321900925225003","332190","Lime Village","2025-03-01","2025","3","diesel_kwh_generated","16986","outlier_check","","0","","5576","","raw_value","","FALSE"
"A3321900926225003_diesel_kwh_generated","A3321900926225003","332190","Lime Village","2026-03-01","2026","3","diesel_kwh_generated","7494","quality_check","","","","5576","","raw_value","","FALSE"
"A3321901018225003_diesel_kwh_generated","A3321901018225003","332190","Lime Village","2018-04-01","2018","4","diesel_kwh_generated","4756","quality_check","","4525","","3739","","raw_value","","FALSE"
"A3321901023225003_fuel_cost","A3321901023225003","332190","Lime Village","2023-04-01","2023","4","fuel_cost","74873.94","outlier_check","","8225","","2130","","raw_value","","FALSE"
"A3321901023225003_pce_eligible_residential_kwh","A3321901023225003","332190","Lime Village","2023-04-01","2023","4","pce_eligible_residential_kwh","5473","outlier_check","","2222","","1320","","raw_value","","FALSE"
"A3321901024225003_fuel_cost","A3321901024225003","332190","Lime Village","2024-04-01","2024","4","fuel_cost","126336.69","outlier_check","0","0","0","2130","","raw_value","","FALSE"
"A3321901025225003_diesel_kwh_generated","A3321901025225003","332190","Lime Village","2025-04-01","2025","4","diesel_kwh_generated","6212","quality_check","","0","","3739","","raw_value","","FALSE"
"A3321901026225003_diesel_kwh_generated","A3321901026225003","332190","Lime Village","2026-04-01","2026","4","diesel_kwh_generated","6069","quality_check","","","","3739","","raw_value","","FALSE"
"A3321901118225003_diesel_kwh_generated","A3321901118225003","332190","Lime Village","2018-05-01","2018","5","diesel_kwh_generated","5280","quality_check","","4525","","5054","","raw_value","","FALSE"
"A3321901124225003_diesel_kwh_generated","A3321901124225003","332190","Lime Village","2024-05-01","2024","5","diesel_kwh_generated","8221","quality_check","","","","5054","","raw_value","","FALSE"
"A3321901125225003_diesel_kwh_generated","A3321901125225003","332190","Lime Village","2025-05-01","2025","5","diesel_kwh_generated","3642","quality_check","","0","","5054","","raw_value","","FALSE"
"A3321901126225003_diesel_kwh_generated","A3321901126225003","332190","Lime Village","2026-05-01","2026","5","diesel_kwh_generated","6211","quality_check","","","","5054","","raw_value","","FALSE"
"A3321901218225003_diesel_kwh_generated","A3321901218225003","332190","Lime Village","2018-06-01","2018","6","diesel_kwh_generated","4718","quality_check","","4525","3769","5122","","raw_value","","FALSE"
"A3321901218225003_fuel_used_gallons","A3321901218225003","332190","Lime Village","2018-06-01","2018","6","fuel_used_gallons","1839","quality_check","0","851","336","419","","raw_value","","FALSE"
"A3321901225225003_diesel_kwh_generated","A3321901225225003","332190","Lime Village","2025-06-01","2025","6","diesel_kwh_generated","3732","quality_check","","0","0","5122","","raw_value","","FALSE"
"A3321901226225003_diesel_kwh_generated","A3321901226225003","332190","Lime Village","2026-06-01","2026","6","diesel_kwh_generated","5191","quality_check","","","","5122","","raw_value","","FALSE"
"A3322000523225003_fuel_cost","A3322000523225003","332200","Manley Hot Springs","2022-11-01","2022","11","fuel_cost","29670.48","outlier_check","12529.44","12907","13711","13205","","raw_value","","FALSE"
"A3322000623225003_peak_consumption_kw","A3322000623225003","332200","Manley Hot Springs","2022-12-01","2022","12","peak_consumption_kw","0","outlier_check","89","93","89","113","","avg_same_month_other_years","","FALSE"
"A3322000626225003_fuel_cost","A3322000626225003","332200","Manley Hot Springs","2025-12-01","2025","12","fuel_cost","25511.13","outlier_check","20503.26","13829","20503","13456","","raw_value","","FALSE"
"A3322000626225003_pce_eligible_residential_kwh","A3322000626225003","332200","Manley Hot Springs","2025-12-01","2025","12","pce_eligible_residential_kwh","18613","outlier_check","16427","13631","16427","13634","","raw_value","","FALSE"
"A3322000723225003_peak_consumption_kw","A3322000723225003","332200","Manley Hot Springs","2023-01-01","2023","1","peak_consumption_kw","0","outlier_check","","98","","109","","avg_same_month_other_years","","FALSE"
"A3322000726225003_fuel_cost","A3322000726225003","332200","Manley Hot Springs","2026-01-01","2026","1","fuel_cost","27549.99","outlier_check","","14106","23768","14578","","raw_value","","FALSE"
"A3322000726225003_pce_eligible_residential_kwh","A3322000726225003","332200","Manley Hot Springs","2026-01-01","2026","1","pce_eligible_residential_kwh","19819","outlier_check","","14319","17045","13246","","raw_value","","FALSE"
"A3322000816225003_peak_consumption_kw","A3322000816225003","332200","Manley Hot Springs","2016-02-01","2016","2","peak_consumption_kw","0","outlier_check","73","97","74","111","","avg_preceding_proceeding","","FALSE"
"A3322000823225003_peak_consumption_kw","A3322000823225003","332200","Manley Hot Springs","2023-02-01","2023","2","peak_consumption_kw","0","outlier_check","","98","113","111","","avg_same_month_other_years","","FALSE"
"A3322001023225003_non_fuel_expenses","A3322001023225003","332200","Manley Hot Springs","2023-04-01","2023","4","non_fuel_expenses","-2122","quality_check","38099.49","16206","35275","12894","","raw_value","","FALSE"
"A3322100217225003_powerhouse_consumption_kwh","A3322100217225003","332210","Manokotak","2016-08-01","2016","8","powerhouse_consumption_kwh","12749","outlier_check","7182","6513","4950","2964","","raw_value","","FALSE"
"A3322100320225003_powerhouse_consumption_kwh","A3322100320225003","332210","Manokotak","2019-09-01","2019","9","powerhouse_consumption_kwh","10264","outlier_check","9070","5016","9070","1868","","raw_value","","FALSE"
"A3322100420225003_powerhouse_consumption_kwh","A3322100420225003","332210","Manokotak","2019-10-01","2019","10","powerhouse_consumption_kwh","12292","outlier_check","","5016","","2915","","raw_value","","FALSE"
"A3322100520225003_powerhouse_consumption_kwh","A3322100520225003","332210","Manokotak","2019-11-01","2019","11","powerhouse_consumption_kwh","10171","outlier_check","","5016","","2663","","raw_value","","FALSE"
"A3322100525225003_pce_eligible_community_kwh","A3322100525225003","332210","Manokotak","2024-11-01","2024","11","pce_eligible_community_kwh","12334","outlier_check","4708","6235","5166","5094","","raw_value","","FALSE"
"A3322100620225003_powerhouse_consumption_kwh","A3322100620225003","332210","Manokotak","2019-12-01","2019","12","powerhouse_consumption_kwh","11112","outlier_check","","5016","","2861","","raw_value","","FALSE"
"A3322100720225003_powerhouse_consumption_kwh","A3322100720225003","332210","Manokotak","2020-01-01","2020","1","powerhouse_consumption_kwh","10759","outlier_check","","6604","9199","2608","","raw_value","","FALSE"
"A3322100721225003_pce_eligible_community_kwh","A3322100721225003","332210","Manokotak","2021-01-01","2021","1","pce_eligible_community_kwh","15931","outlier_check","6124","5049","5921","6555","","raw_value","","FALSE"
"A3322101025225003_diesel_kwh_generated","A3322101025225003","332210","Manokotak","2025-04-01","2025","4","diesel_kwh_generated","102524","quality_check","101921","36423","101921","48928","","raw_value","","FALSE"
"A3322101125225003_diesel_kwh_generated","A3322101125225003","332210","Manokotak","2025-05-01","2025","5","diesel_kwh_generated","98763","quality_check","","36423","","62267","","raw_value","","FALSE"
"A3322101220225003_powerhouse_consumption_kwh","A3322101220225003","332210","Manokotak","2020-06-01","2020","6","powerhouse_consumption_kwh","12865","outlier_check","9371","6604","8855","2185","","raw_value","","FALSE"
"A3322101225225003_diesel_kwh_generated","A3322101225225003","332210","Manokotak","2025-06-01","2025","6","diesel_kwh_generated","87420","quality_check","","36423","0","79078","","raw_value","","FALSE"
"A3322200122225003_amount","A3322200122225003","332220","McGrath","2021-07-01","2021","7","amount","0","outlier_check","15682.01","19478","17285","20199","","avg_preceding_proceeding","","FALSE"
"A3322200224225003_diesel_kwh_generated","A3322200224225003","332220","McGrath","2023-08-01","2023","8","diesel_kwh_generated","143884","quality_check","175017","195619","173009","164522","","avg_preceding_proceeding","","FALSE"
"A3322200224225003_fuel_used_gallons","A3322200224225003","332220","McGrath","2023-08-01","2023","8","fuel_used_gallons","0","outlier_check","12486","13647","12315","11831","","avg_preceding_proceeding","","FALSE"
"A3322300522225003_peak_consumption_kw","A3322300522225003","332230","Chuathbaluk","2021-11-01","2021","11","peak_consumption_kw","0","outlier_check","88","64","76","56","","avg_preceding_proceeding","","FALSE"
"A3322300716225003_peak_consumption_kw","A3322300716225003","332230","Chuathbaluk","2016-01-01","2016","1","peak_consumption_kw","0","outlier_check","68","55","66","60","","avg_preceding_proceeding","","FALSE"
"A3322300725225003_fuel_cost","A3322300725225003","332230","Chuathbaluk","2025-01-01","2025","1","fuel_cost","17305.87","outlier_check","13826.81","11726","13827","8821","","raw_value","","FALSE"
"A3322300825225003_fuel_cost","A3322300825225003","332230","Chuathbaluk","2025-02-01","2025","2","fuel_cost","19367.37","outlier_check","","11726","","7820","","raw_value","","FALSE"
"A3322300918225003_peak_consumption_kw","A3322300918225003","332230","Chuathbaluk","2018-03-01","2018","3","peak_consumption_kw","0","outlier_check","58","52","58","57","","avg_preceding_proceeding","","FALSE"
"A3322300925225003_fuel_cost","A3322300925225003","332230","Chuathbaluk","2025-03-01","2025","3","fuel_cost","18947.02","outlier_check","","11726","12892","7929","","raw_value","","FALSE"
"A3322400516225003_powerhouse_consumption_kwh","A3322400516225003","332240","Crooked Creek","2015-11-01","2015","11","powerhouse_consumption_kwh","0","outlier_check","","","","970","","raw_value","","FALSE"
"A3322400616225003_powerhouse_consumption_kwh","A3322400616225003","332240","Crooked Creek","2015-12-01","2015","12","powerhouse_consumption_kwh","0","outlier_check","","","","1100","","raw_value","","FALSE"
"A3322400716225003_powerhouse_consumption_kwh","A3322400716225003","332240","Crooked Creek","2016-01-01","2016","1","powerhouse_consumption_kwh","0","outlier_check","","832","","1138","","raw_value","","FALSE"
"A3322400724225003_amount","A3322400724225003","332240","Crooked Creek","2024-01-01","2024","1","amount","13230.74","outlier_check","8426.67","7467","7791","7549","","raw_value","","FALSE"
"A3322400724225003_fuel_cost","A3322400724225003","332240","Crooked Creek","2024-01-01","2024","1","fuel_cost","19237.68","outlier_check","12565.76","10042","9214","8087","","raw_value","","FALSE"
"A3322400724225003_pce_eligible_community_kwh","A3322400724225003","332240","Crooked Creek","2024-01-01","2024","1","pce_eligible_community_kwh","6245","outlier_check","3085","1848","2910","2420","","raw_value","","FALSE"
"A3322400724225003_pce_eligible_residential_kwh","A3322400724225003","332240","Crooked Creek","2024-01-01","2024","1","pce_eligible_residential_kwh","11023","outlier_check","7913","7934","7258","7703","","raw_value","","FALSE"
"A3322400816225003_powerhouse_consumption_kwh","A3322400816225003","332240","Crooked Creek","2016-02-01","2016","2","powerhouse_consumption_kwh","0","outlier_check","","832","251","1026","","raw_value","","FALSE"
"A3322401221225003_diesel_kwh_generated","A3322401221225003","332240","Crooked Creek","2021-06-01","2021","6","diesel_kwh_generated","0","outlier_check","22834","26430","23328","19467","","avg_preceding_proceeding","","FALSE"
"A3322501026225003_diesel_kwh_generated","A3322501026225003","332250","Red Devil","2026-04-01","2026","4","diesel_kwh_generated","2313","quality_check","2505","3004","2691","4666","","raw_value","","FALSE"
"A3322501026225003_fuel_used_gallons","A3322501026225003","332250","Red Devil","2026-04-01","2026","4","fuel_used_gallons","750","quality_check","660","634","640","732","","raw_value","","FALSE"
"A3322501219225003_diesel_kwh_generated","A3322501219225003","332250","Red Devil","2019-06-01","2019","6","diesel_kwh_generated","4546","quality_check","4081","4707","4695","4469","","raw_value","","FALSE"
"A3322501219225003_fuel_used_gallons","A3322501219225003","332250","Red Devil","2019-06-01","2019","6","fuel_used_gallons","1413","outlier_check","690","714","758","709","","raw_value","","FALSE"
"A3322501223225003_diesel_kwh_generated","A3322501223225003","332250","Red Devil","2023-06-01","2023","6","diesel_kwh_generated","3192","quality_check","2916","4028","3286","4469","","raw_value","","FALSE"
"A3322501223225003_fuel_cost","A3322501223225003","332250","Red Devil","2023-06-01","2023","6","fuel_cost","6214.93","outlier_check","1789.2","2874","2685","2660","","raw_value","","FALSE"
"A3322501223225003_fuel_used_gallons","A3322501223225003","332250","Red Devil","2023-06-01","2023","6","fuel_used_gallons","1460","outlier_check","620","687","730","709","","raw_value","","FALSE"
"A3322600516225003_peak_consumption_kw","A3322600516225003","332260","Sleetmute","2015-11-01","2015","11","peak_consumption_kw","0","outlier_check","","","","71","","avg_same_month_other_years","","FALSE"
"A3322600616225003_peak_consumption_kw","A3322600616225003","332260","Sleetmute","2015-12-01","2015","12","peak_consumption_kw","0","outlier_check","","","87","69","","avg_same_month_other_years","","FALSE"
"A3322600716225003_diesel_kwh_generated","A3322600716225003","332260","Sleetmute","2016-01-01","2016","1","diesel_kwh_generated","24795","quality_check","25781","20051","24685","28531","","raw_value","","FALSE"
"A3322600716225003_fuel_used_gallons","A3322600716225003","332260","Sleetmute","2016-01-01","2016","1","fuel_used_gallons","0","outlier_check","2445","2057","2320","2487","","avg_preceding_proceeding","","FALSE"
"A3322600920225003_diesel_kwh_generated","A3322600920225003","332260","Sleetmute","2020-03-01","2020","3","diesel_kwh_generated","0","outlier_check","34116","23152","27876","25934","","avg_preceding_proceeding","","FALSE"
"A3322600920225003_powerhouse_consumption_kwh","A3322600920225003","332260","Sleetmute","2020-03-01","2020","3","powerhouse_consumption_kwh","0","outlier_check","1056","1120","997","1206","","avg_preceding_proceeding","","FALSE"
"A3322601216225003_powerhouse_consumption_kwh","A3322601216225003","332260","Sleetmute","2016-06-01","2016","6","powerhouse_consumption_kwh","0","outlier_check","1317","1244","1338","1316","","avg_preceding_proceeding","","FALSE"
"A3322700523225003_fuel_cost","A3322700523225003","332270","Stony River","2022-11-01","2022","11","fuel_cost","14817.92","outlier_check","6646","3642","3602","4820","","avg_same_month_other_years","","FALSE"
"A3322700623225003_diesel_kwh_generated","A3322700623225003","332270","Stony River","2022-12-01","2022","12","diesel_kwh_generated","10783","quality_check","13381","10880","15356","12538","","raw_value","","FALSE"
"A3322700623225003_fuel_used_gallons","A3322700623225003","332270","Stony River","2022-12-01","2022","12","fuel_used_gallons","131","quality_check","","1503","","1476","","avg_same_month_other_years","","FALSE"
"A3322700626225003_fuel_cost","A3322700626225003","332270","Stony River","2025-12-01","2025","12","fuel_cost","11768.55","outlier_check","6552.54","6507","6719","4214","","raw_value","","FALSE"
"A3322700723225003_fuel_cost","A3322700723225003","332270","Stony River","2023-01-01","2023","1","fuel_cost","11199.64","outlier_check","557.64","5543","3063","5447","","avg_same_month_other_years","","FALSE"
"A3322700917225003_diesel_kwh_generated","A3322700917225003","332270","Stony River","2017-03-01","2017","3","diesel_kwh_generated","11336","quality_check","11336","9890","10741","12325","","raw_value","","FALSE"
"A3322700917225003_fuel_cost","A3322700917225003","332270","Stony River","2017-03-01","2017","3","fuel_cost","20834.99","outlier_check","3407.44","3262","3312","5836","","avg_preceding_proceeding","","FALSE"
"A3322700917225003_fuel_used_gallons","A3322700917225003","332270","Stony River","2017-03-01","2017","3","fuel_used_gallons","7370","outlier_check","1204","1150","1171","1614","","avg_preceding_proceeding","","FALSE"
"A3322800117225003_fuel_cost","A3322800117225003","332280","Naknek, South Naknek, King Salmon","2016-07-01","2016","7","fuel_cost","974384.64","outlier_check","379374.08","227986","334765","799166","","raw_value","","FALSE"
"A3322800118225003_fuel_cost","A3322800118225003","332280","Naknek, South Naknek, King Salmon","2017-07-01","2017","7","fuel_cost","845948.37","outlier_check","460486.73","224122","329321","799166","","raw_value","","FALSE"
"A3322800119225003_fuel_cost","A3322800119225003","332280","Naknek, South Naknek, King Salmon","2018-07-01","2018","7","fuel_cost","967617.66","outlier_check","405094.5","214834","304903","799166","","raw_value","","FALSE"
"A3322800120225003_fuel_cost","A3322800120225003","332280","Naknek, South Naknek, King Salmon","2019-07-01","2019","7","fuel_cost","1105802.9","outlier_check","585337.51","264333","427528","799166","","raw_value","","FALSE"
"A3322800121225003_fuel_cost","A3322800121225003","332280","Naknek, South Naknek, King Salmon","2020-07-01","2020","7","fuel_cost","1005615.13","outlier_check","466282.55","213194","337885","799166","","raw_value","","FALSE"
"A3322800123225003_fuel_cost","A3322800123225003","332280","Naknek, South Naknek, King Salmon","2022-07-01","2022","7","fuel_cost","874220.28","outlier_check","484144.09","256187","356340","799166","","raw_value","","FALSE"
"A3322800124225003_fuel_cost","A3322800124225003","332280","Naknek, South Naknek, King Salmon","2023-07-01","2023","7","fuel_cost","1684206.14","outlier_check","790760.95","355287","591897","799166","","raw_value","","FALSE"
"A3322800125225003_fuel_cost","A3322800125225003","332280","Naknek, South Naknek, King Salmon","2024-07-01","2024","7","fuel_cost","1337398.18","outlier_check","602275.28","373263","579212","799166","","raw_value","","FALSE"
"A3322800126225003_fuel_cost","A3322800126225003","332280","Naknek, South Naknek, King Salmon","2025-07-01","2025","7","fuel_cost","1458424.92","outlier_check","","304422","384674","799166","","raw_value","","FALSE"
"A3322801225225003_fuel_cost","A3322801225225003","332280","Naknek, South Naknek, King Salmon","2025-06-01","2025","6","fuel_cost","892946.43","outlier_check","442806.46","304422","442806","512608","","raw_value","","FALSE"
"A3322900118225003_diesel_kwh_generated","A3322900118225003","332290","Napakiak","2017-07-01","2017","7","diesel_kwh_generated","106","quality_check","0","0","0","0","","raw_value","","FALSE"
"A3322900118225003_fuel_used_gallons","A3322900118225003","332290","Napakiak","2017-07-01","2017","7","fuel_used_gallons","4637","quality_check","0","0","0","0","","raw_value","","FALSE"
"A3322900218225003_diesel_kwh_generated","A3322900218225003","332290","Napakiak","2017-08-01","2017","8","diesel_kwh_generated","111","quality_check","","0","0","0","","raw_value","","FALSE"
"A3322900218225003_fuel_used_gallons","A3322900218225003","332290","Napakiak","2017-08-01","2017","8","fuel_used_gallons","3227","quality_check","","0","0","0","","raw_value","","FALSE"
"A3323000117225003_diesel_kwh_generated","A3323000117225003","332300","Napaskiak","2016-07-01","2016","7","diesel_kwh_generated","100194","quality_check","","56806","","65526","","raw_value","","FALSE"
"A3323000117225003_fuel_used_gallons","A3323000117225003","332300","Napaskiak","2016-07-01","2016","7","fuel_used_gallons","2071","quality_check","","6816","","5891","","raw_value","","FALSE"
"A3323000118225003_pce_eligible_community_kwh","A3323000118225003","332300","Napaskiak","2017-07-01","2017","7","pce_eligible_community_kwh","9044","outlier_check","1570","3572","2587","2140","","raw_value","","FALSE"
"A3323000125225003_diesel_kwh_generated","A3323000125225003","332300","Napaskiak","2024-07-01","2024","7","diesel_kwh_generated","385793","outlier_check","","110868","76006","65526","","raw_value","","FALSE"
"A3323000125225003_fuel_used_gallons","A3323000125225003","332300","Napaskiak","2024-07-01","2024","7","fuel_used_gallons","5531","quality_check","","7399","6531","5891","","raw_value","","FALSE"
"A3323000217225003_diesel_kwh_generated","A3323000217225003","332300","Napaskiak","2016-08-01","2016","8","diesel_kwh_generated","104953","quality_check","","56806","","60368","","raw_value","","FALSE"
"A3323000217225003_fuel_used_gallons","A3323000217225003","332300","Napaskiak","2016-08-01","2016","8","fuel_used_gallons","2120","quality_check","","6816","0","6058","","raw_value","","FALSE"
"A3323000317225003_diesel_kwh_generated","A3323000317225003","332300","Napaskiak","2016-09-01","2016","9","diesel_kwh_generated","129365","quality_check","","56806","106660","72859","","raw_value","","FALSE"
"A3323000324225003_diesel_kwh_generated","A3323000324225003","332300","Napaskiak","2023-09-01","2023","9","diesel_kwh_generated","277354","outlier_check","60497","96380","77129","72859","","raw_value","","FALSE"
"A3323000324225003_fuel_used_gallons","A3323000324225003","332300","Napaskiak","2023-09-01","2023","9","fuel_used_gallons","5621","quality_check","5009","4694","5009","5534","","raw_value","","FALSE"
"A3323000325225003_diesel_kwh_generated","A3323000325225003","332300","Napaskiak","2024-09-01","2024","9","diesel_kwh_generated","106812","quality_check","76006","110868","85122","72859","","raw_value","","FALSE"
"A3323000325225003_fuel_cost","A3323000325225003","332300","Napaskiak","2024-09-01","2024","9","fuel_cost","212475.92","outlier_check","30766.23","32444","31671","21039","","avg_preceding_proceeding","","FALSE"
"A3323000325225003_fuel_used_gallons","A3323000325225003","332300","Napaskiak","2024-09-01","2024","9","fuel_used_gallons","45104","outlier_check","6531","7399","6723","5534","","avg_preceding_proceeding","","FALSE"
"A3323000624225003_diesel_kwh_generated","A3323000624225003","332300","Napaskiak","2023-12-01","2023","12","diesel_kwh_generated","164600","quality_check","151590","96380","151590","88046","","raw_value","","FALSE"
"A3323000624225003_fuel_used_gallons","A3323000624225003","332300","Napaskiak","2023-12-01","2023","12","fuel_used_gallons","3705","quality_check","11825","4694","11825","7878","","raw_value","","FALSE"
"A3323000624225003_pce_eligible_residential_kwh","A3323000624225003","332300","Napaskiak","2023-12-01","2023","12","pce_eligible_residential_kwh","5660","outlier_check","45060","34403","42516","36155","","avg_same_month_other_years","","FALSE"
"A3323000625225003_diesel_kwh_generated","A3323000625225003","332300","Napaskiak","2024-12-01","2024","12","diesel_kwh_generated","295713","outlier_check","109280","110868","111316","88046","","raw_value","","FALSE"
"A3323000625225003_fuel_used_gallons","A3323000625225003","332300","Napaskiak","2024-12-01","2024","12","fuel_used_gallons","7270","quality_check","7801","7399","7908","7878","","raw_value","","FALSE"
"A3323000724225003_diesel_kwh_generated","A3323000724225003","332300","Napaskiak","2024-01-01","2024","1","diesel_kwh_generated","681700","outlier_check","","110868","101310","82732","","raw_value","","FALSE"
"A3323000724225003_fuel_used_gallons","A3323000724225003","332300","Napaskiak","2024-01-01","2024","1","fuel_used_gallons","8009","quality_check","","7399","8463","7438","","raw_value","","FALSE"
"A3323001116225003_diesel_kwh_generated","A3323001116225003","332300","Napaskiak","2016-05-01","2016","5","diesel_kwh_generated","93742","quality_check","120565","56806","120565","59819","","raw_value","","FALSE"
"A3323001116225003_fuel_used_gallons","A3323001116225003","332300","Napaskiak","2016-05-01","2016","5","fuel_used_gallons","1821","quality_check","9131","6816","9131","5625","","raw_value","","FALSE"
"A3323001123225003_diesel_kwh_generated","A3323001123225003","332300","Napaskiak","2023-05-01","2023","5","diesel_kwh_generated","44070","quality_check","85610","96380","85610","59819","","raw_value","","FALSE"
"A3323001123225003_peak_consumption_kw","A3323001123225003","332300","Napaskiak","2023-05-01","2023","5","peak_consumption_kw","0","outlier_check","179","190","179","164","","avg_preceding_proceeding","","FALSE"
"A3323001216225003_diesel_kwh_generated","A3323001216225003","332300","Napaskiak","2016-06-01","2016","6","diesel_kwh_generated","99806","quality_check","","56806","","42963","","raw_value","","FALSE"
"A3323001216225003_fuel_used_gallons","A3323001216225003","332300","Napaskiak","2016-06-01","2016","6","fuel_used_gallons","2071","quality_check","","6816","","4895","","raw_value","","FALSE"
"A3323001216225003_peak_consumption_kw","A3323001216225003","332300","Napaskiak","2016-06-01","2016","6","peak_consumption_kw","0","outlier_check","201","241","202","161","","avg_preceding_proceeding","","FALSE"
"A3323001223225003_diesel_kwh_generated","A3323001223225003","332300","Napaskiak","2023-06-01","2023","6","diesel_kwh_generated","48498","quality_check","","96380","73069","42963","","raw_value","","FALSE"
"A3323001223225003_peak_consumption_kw","A3323001223225003","332300","Napaskiak","2023-06-01","2023","6","peak_consumption_kw","0","outlier_check","","190","156","161","","avg_preceding_proceeding","","FALSE"
"A3323001224225003_diesel_kwh_generated","A3323001224225003","332300","Napaskiak","2024-06-01","2024","6","diesel_kwh_generated","731992","outlier_check","152677","110868","152677","42963","","raw_value","","FALSE"
"A3323001224225003_fuel_used_gallons","A3323001224225003","332300","Napaskiak","2024-06-01","2024","6","fuel_used_gallons","5510","quality_check","6871","7399","6871","4895","","raw_value","","FALSE"
"A3323100226225003_diesel_kwh_generated","A3323100226225003","332310","Chefornak","2025-08-01","2025","8","diesel_kwh_generated","103204","quality_check","95418","116120","101392","111888","","raw_value","","FALSE"
"A3323100226225003_fuel_used_gallons","A3323100226225003","332310","Chefornak","2025-08-01","2025","8","fuel_used_gallons","597","outlier_check","7497","8877","7887","8856","","avg_preceding_proceeding","","FALSE"
"A3323100622225003_diesel_kwh_generated","A3323100622225003","332310","Chefornak","2021-12-01","2021","12","diesel_kwh_generated","0","outlier_check","149264","107646","131146","133719","","avg_preceding_proceeding","","FALSE"
"A3323100622225003_peak_consumption_kw","A3323100622225003","332310","Chefornak","2021-12-01","2021","12","peak_consumption_kw","0","outlier_check","321","307","313","344","","avg_preceding_proceeding","","FALSE"
"A3323200123225003_peak_consumption_kw","A3323200123225003","332320","Nelson Lagoon","2022-07-01","2022","7","peak_consumption_kw","7202","outlier_check","","0","","117","","raw_value","","FALSE"
"A3323200124225003_peak_consumption_kw","A3323200124225003","332320","Nelson Lagoon","2023-07-01","2023","7","peak_consumption_kw","7202","outlier_check","","","","117","","raw_value","","FALSE"
"A3323200125225003_peak_consumption_kw","A3323200125225003","332320","Nelson Lagoon","2024-07-01","2024","7","peak_consumption_kw","7202","outlier_check","","","","117","","raw_value","","FALSE"
"A3323200126225003_peak_consumption_kw","A3323200126225003","332320","Nelson Lagoon","2025-07-01","2025","7","peak_consumption_kw","7202","outlier_check","","66","","117","","raw_value","","FALSE"
"A3323200223225003_peak_consumption_kw","A3323200223225003","332320","Nelson Lagoon","2022-08-01","2022","8","peak_consumption_kw","7202","outlier_check","","0","","120","","raw_value","","FALSE"
"A3323200224225003_peak_consumption_kw","A3323200224225003","332320","Nelson Lagoon","2023-08-01","2023","8","peak_consumption_kw","7202","outlier_check","","","","120","","raw_value","","FALSE"
"A3323200225225003_peak_consumption_kw","A3323200225225003","332320","Nelson Lagoon","2024-08-01","2024","8","peak_consumption_kw","7202","outlier_check","","","","120","","raw_value","","FALSE"
"A3323200226225003_peak_consumption_kw","A3323200226225003","332320","Nelson Lagoon","2025-08-01","2025","8","peak_consumption_kw","7202","outlier_check","","66","70","120","","raw_value","","FALSE"
"A3323200323225003_peak_consumption_kw","A3323200323225003","332320","Nelson Lagoon","2022-09-01","2022","9","peak_consumption_kw","7202","outlier_check","","0","","113","","raw_value","","FALSE"
"A3323200324225003_peak_consumption_kw","A3323200324225003","332320","Nelson Lagoon","2023-09-01","2023","9","peak_consumption_kw","7202","outlier_check","","","","113","","raw_value","","FALSE"
"A3323200325225003_diesel_kwh_generated","A3323200325225003","332320","Nelson Lagoon","2024-09-01","2024","9","diesel_kwh_generated","21769","quality_check","33000","27081","33000","23218","","raw_value","","FALSE"
"A3323200325225003_fuel_cost","A3323200325225003","332320","Nelson Lagoon","2024-09-01","2024","9","fuel_cost","53982.24","outlier_check","12514.84","11169","12515","9103","","raw_value","","FALSE"
"A3323200325225003_fuel_used_gallons","A3323200325225003","332320","Nelson Lagoon","2024-09-01","2024","9","fuel_used_gallons","10128","outlier_check","2348","2329","2348","2094","","raw_value","","FALSE"
"A3323200325225003_peak_consumption_kw","A3323200325225003","332320","Nelson Lagoon","2024-09-01","2024","9","peak_consumption_kw","7202","outlier_check","","","","113","","raw_value","","FALSE"
"A3323200326225003_fuel_cost","A3323200326225003","332320","Nelson Lagoon","2025-09-01","2025","9","fuel_cost","29997.24","outlier_check","25903.8","12961","25904","9103","","raw_value","","FALSE"
"A3323200423225003_peak_consumption_kw","A3323200423225003","332320","Nelson Lagoon","2022-10-01","2022","10","peak_consumption_kw","7202","outlier_check","","0","","112","","raw_value","","FALSE"
"A3323200424225003_peak_consumption_kw","A3323200424225003","332320","Nelson Lagoon","2023-10-01","2023","10","peak_consumption_kw","7202","outlier_check","","","","112","","raw_value","","FALSE"
"A3323200425225003_diesel_kwh_generated","A3323200425225003","332320","Nelson Lagoon","2024-10-01","2024","10","diesel_kwh_generated","24295","quality_check","","27081","30989","25546","","raw_value","","FALSE"
"A3323200425225003_fuel_cost","A3323200425225003","332320","Nelson Lagoon","2024-10-01","2024","10","fuel_cost","57750.55","outlier_check","","11169","11630","8241","","raw_value","","FALSE"
"A3323200425225003_fuel_used_gallons","A3323200425225003","332320","Nelson Lagoon","2024-10-01","2024","10","fuel_used_gallons","10835","outlier_check","","2329","2182","1995","","raw_value","","FALSE"
"A3323200425225003_peak_consumption_kw","A3323200425225003","332320","Nelson Lagoon","2024-10-01","2024","10","peak_consumption_kw","7202","outlier_check","","","","112","","raw_value","","FALSE"
"A3323200426225003_fuel_cost","A3323200426225003","332320","Nelson Lagoon","2025-10-01","2025","10","fuel_cost","28915.25","outlier_check","","12961","11364","8241","","raw_value","","FALSE"
"A3323200523225003_peak_consumption_kw","A3323200523225003","332320","Nelson Lagoon","2022-11-01","2022","11","peak_consumption_kw","7202","outlier_check","","0","","112","","raw_value","","FALSE"
"A3323200524225003_peak_consumption_kw","A3323200524225003","332320","Nelson Lagoon","2023-11-01","2023","11","peak_consumption_kw","7202","outlier_check","","","","112","","raw_value","","FALSE"
"A3323200525225003_peak_consumption_kw","A3323200525225003","332320","Nelson Lagoon","2024-11-01","2024","11","peak_consumption_kw","7202","outlier_check","","","","112","","raw_value","","FALSE"
"A3323200623225003_peak_consumption_kw","A3323200623225003","332320","Nelson Lagoon","2022-12-01","2022","12","peak_consumption_kw","7202","outlier_check","","0","","188","","raw_value","","FALSE"
"A3323200624225003_peak_consumption_kw","A3323200624225003","332320","Nelson Lagoon","2023-12-01","2023","12","peak_consumption_kw","7202","outlier_check","","","","188","","raw_value","","FALSE"
"A3323200625225003_peak_consumption_kw","A3323200625225003","332320","Nelson Lagoon","2024-12-01","2024","12","peak_consumption_kw","7202","outlier_check","","","","188","","raw_value","","FALSE"
"A3323200716225003_diesel_kwh_generated","A3323200716225003","332320","Nelson Lagoon","2016-01-01","2016","1","diesel_kwh_generated","28271","quality_check","29810","26631","27426","25623","","raw_value","","FALSE"
"A3323200716225003_fuel_cost","A3323200716225003","332320","Nelson Lagoon","2016-01-01","2016","1","fuel_cost","39660.6","outlier_check","15010.7","12201","12298","10224","","raw_value","","FALSE"
"A3323200716225003_fuel_used_gallons","A3323200716225003","332320","Nelson Lagoon","2016-01-01","2016","1","fuel_used_gallons","8875","outlier_check","3359","2275","2752","2320","","raw_value","","FALSE"
"A3323200723225003_peak_consumption_kw","A3323200723225003","332320","Nelson Lagoon","2023-01-01","2023","1","peak_consumption_kw","7202","outlier_check","","","","189","","raw_value","","FALSE"
"A3323200724225003_peak_consumption_kw","A3323200724225003","332320","Nelson Lagoon","2024-01-01","2024","1","peak_consumption_kw","7202","outlier_check","","","","189","","raw_value","","FALSE"
"A3323200725225003_peak_consumption_kw","A3323200725225003","332320","Nelson Lagoon","2025-01-01","2025","1","peak_consumption_kw","7202","outlier_check","","66","","189","","raw_value","","FALSE"
"A3323200822225003_peak_consumption_kw","A3323200822225003","332320","Nelson Lagoon","2022-02-01","2022","2","peak_consumption_kw","7202","outlier_check","0","0","0","214","","raw_value","","FALSE"
"A3323200823225003_peak_consumption_kw","A3323200823225003","332320","Nelson Lagoon","2023-02-01","2023","2","peak_consumption_kw","7202","outlier_check","","","","214","","raw_value","","FALSE"
"A3323200824225003_peak_consumption_kw","A3323200824225003","332320","Nelson Lagoon","2024-02-01","2024","2","peak_consumption_kw","7202","outlier_check","","","","214","","raw_value","","FALSE"
"A3323200825225003_peak_consumption_kw","A3323200825225003","332320","Nelson Lagoon","2025-02-01","2025","2","peak_consumption_kw","7202","outlier_check","","66","","214","","raw_value","","FALSE"
"A3323200922225003_peak_consumption_kw","A3323200922225003","332320","Nelson Lagoon","2022-03-01","2022","3","peak_consumption_kw","7202","outlier_check","","0","","211","","raw_value","","FALSE"
"A3323200923225003_peak_consumption_kw","A3323200923225003","332320","Nelson Lagoon","2023-03-01","2023","3","peak_consumption_kw","7202","outlier_check","","","","211","","raw_value","","FALSE"
"A3323200924225003_peak_consumption_kw","A3323200924225003","332320","Nelson Lagoon","2024-03-01","2024","3","peak_consumption_kw","7202","outlier_check","","","","211","","raw_value","","FALSE"
"A3323200925225003_peak_consumption_kw","A3323200925225003","332320","Nelson Lagoon","2025-03-01","2025","3","peak_consumption_kw","7202","outlier_check","","66","","211","","raw_value","","FALSE"
"A3323201021225003_peak_consumption_kw","A3323201021225003","332320","Nelson Lagoon","2021-04-01","2021","4","peak_consumption_kw","7202","outlier_check","0","0","0","247","","raw_value","","FALSE"
"A3323201022225003_peak_consumption_kw","A3323201022225003","332320","Nelson Lagoon","2022-04-01","2022","4","peak_consumption_kw","7202","outlier_check","","0","","247","","raw_value","","FALSE"
"A3323201023225003_peak_consumption_kw","A3323201023225003","332320","Nelson Lagoon","2023-04-01","2023","4","peak_consumption_kw","7202","outlier_check","","","","247","","raw_value","","FALSE"
"A3323201024225003_fuel_cost","A3323201024225003","332320","Nelson Lagoon","2024-04-01","2024","4","fuel_cost","37202.59","outlier_check","10281.26","11169","10281","13326","","raw_value","","FALSE"
"A3323201024225003_peak_consumption_kw","A3323201024225003","332320","Nelson Lagoon","2024-04-01","2024","4","peak_consumption_kw","7202","outlier_check","","","","247","","raw_value","","FALSE"
"A3323201025225003_peak_consumption_kw","A3323201025225003","332320","Nelson Lagoon","2025-04-01","2025","4","peak_consumption_kw","7202","outlier_check","","66","","247","","raw_value","","FALSE"
"A3323201026225003_fuel_cost","A3323201026225003","332320","Nelson Lagoon","2026-04-01","2026","4","fuel_cost","50906.83","outlier_check","9881.82","13656","9677","13326","","raw_value","","FALSE"
"A3323201121225003_peak_consumption_kw","A3323201121225003","332320","Nelson Lagoon","2021-05-01","2021","5","peak_consumption_kw","7202","outlier_check","","0","","250","","raw_value","","FALSE"
"A3323201122225003_peak_consumption_kw","A3323201122225003","332320","Nelson Lagoon","2022-05-01","2022","5","peak_consumption_kw","7202","outlier_check","","0","","250","","raw_value","","FALSE"
"A3323201123225003_diesel_kwh_generated","A3323201123225003","332320","Nelson Lagoon","2023-05-01","2023","5","diesel_kwh_generated","25196","quality_check","21724","24889","22966","26069","","raw_value","","FALSE"
"A3323201123225003_fuel_cost","A3323201123225003","332320","Nelson Lagoon","2023-05-01","2023","5","fuel_cost","143050.29","outlier_check","11502.63","12321","12945","9977","","raw_value","","FALSE"
"A3323201123225003_fuel_used_gallons","A3323201123225003","332320","Nelson Lagoon","2023-05-01","2023","5","fuel_used_gallons","25196","outlier_check","2026","2305","2280","2226","","raw_value","","FALSE"
"A3323201123225003_peak_consumption_kw","A3323201123225003","332320","Nelson Lagoon","2023-05-01","2023","5","peak_consumption_kw","7202","outlier_check","","","","250","","raw_value","","FALSE"
"A3323201124225003_diesel_kwh_generated","A3323201124225003","332320","Nelson Lagoon","2024-05-01","2024","5","diesel_kwh_generated","19015","quality_check","29762","27081","31125","26069","","raw_value","","FALSE"
"A3323201124225003_fuel_cost","A3323201124225003","332320","Nelson Lagoon","2024-05-01","2024","5","fuel_cost","44442","outlier_check","","11169","11223","9977","","raw_value","","FALSE"
"A3323201124225003_fuel_used_gallons","A3323201124225003","332320","Nelson Lagoon","2024-05-01","2024","5","fuel_used_gallons","9876","outlier_check","","2329","2494","2226","","raw_value","","FALSE"
"A3323201124225003_peak_consumption_kw","A3323201124225003","332320","Nelson Lagoon","2024-05-01","2024","5","peak_consumption_kw","7202","outlier_check","","","","250","","raw_value","","FALSE"
"A3323201125225003_peak_consumption_kw","A3323201125225003","332320","Nelson Lagoon","2025-05-01","2025","5","peak_consumption_kw","7202","outlier_check","","66","","250","","raw_value","","FALSE"
"A3323201221225003_peak_consumption_kw","A3323201221225003","332320","Nelson Lagoon","2021-06-01","2021","6","peak_consumption_kw","7202","outlier_check","","0","0","256","","raw_value","","FALSE"
"A3323201222225003_peak_consumption_kw","A3323201222225003","332320","Nelson Lagoon","2022-06-01","2022","6","peak_consumption_kw","7202","outlier_check","","0","","256","","raw_value","","FALSE"
"A3323201223225003_peak_consumption_kw","A3323201223225003","332320","Nelson Lagoon","2023-06-01","2023","6","peak_consumption_kw","7202","outlier_check","","","","256","","raw_value","","FALSE"
"A3323201224225003_peak_consumption_kw","A3323201224225003","332320","Nelson Lagoon","2024-06-01","2024","6","peak_consumption_kw","7202","outlier_check","","","","256","","raw_value","","FALSE"
"A3323201225225003_peak_consumption_kw","A3323201225225003","332320","Nelson Lagoon","2025-06-01","2025","6","peak_consumption_kw","7202","outlier_check","","66","","256","","raw_value","","FALSE"
"A3323300220225003_diesel_kwh_generated","A3323300220225003","332330","Nikolai","2019-08-01","2019","8","diesel_kwh_generated","65152","quality_check","","44276","25840","33338","","raw_value","","FALSE"
"A3323300220225003_fuel_used_gallons","A3323300220225003","332330","Nikolai","2019-08-01","2019","8","fuel_used_gallons","659","quality_check","","4370","2997","3221","","raw_value","","FALSE"
"A3323300424225003_diesel_kwh_generated","A3323300424225003","332330","Nikolai","2023-10-01","2023","10","diesel_kwh_generated","57180","quality_check","26259","38459","35656","37897","","raw_value","","FALSE"
"A3323300424225003_fuel_used_gallons","A3323300424225003","332330","Nikolai","2023-10-01","2023","10","fuel_used_gallons","1425","quality_check","2867","3431","3278","3573","","raw_value","","FALSE"
"A3323300426225003_pce_eligible_residential_kwh","A3323300426225003","332330","Nikolai","2025-10-01","2025","10","pce_eligible_residential_kwh","19409","outlier_check","9706","13085","12286","11555","","raw_value","Assume two months' value.","FALSE"
"A3323300526225003_diesel_kwh_generated","A3323300526225003","332330","Nikolai","2025-11-01","2025","11","diesel_kwh_generated","73351","quality_check","54464","41799","54464","45844","","raw_value","","FALSE"
"A3323300526225003_fuel_used_gallons","A3323300526225003","332330","Nikolai","2025-11-01","2025","11","fuel_used_gallons","0","outlier_check","5801","3538","5801","4048","","avg_same_month_other_years","","FALSE"
"A3323300726225003_diesel_kwh_generated","A3323300726225003","332330","Nikolai","2026-01-01","2026","1","diesel_kwh_generated","90192","outlier_check","","41886","50369","47292","","raw_value","","FALSE"
"A3323300726225003_fuel_used_gallons","A3323300726225003","332330","Nikolai","2026-01-01","2026","1","fuel_used_gallons","2561","quality_check","","3388","3373","3693","","raw_value","","FALSE"
"A3323300918225003_diesel_kwh_generated","A3323300918225003","332330","Nikolai","2018-03-01","2018","3","diesel_kwh_generated","51817","quality_check","40441","33491","37141","37977","","raw_value","","FALSE"
"A3323300918225003_fuel_used_gallons","A3323300918225003","332330","Nikolai","2018-03-01","2018","3","fuel_used_gallons","1057","quality_check","3131","3279","3212","3882","","raw_value","","FALSE"
"A3323301123225003_diesel_kwh_generated","A3323301123225003","332330","Nikolai","2023-05-01","2023","5","diesel_kwh_generated","35314","quality_check","32710","38459","32710","34554","","raw_value","","FALSE"
"A3323301123225003_fuel_used_gallons","A3323301123225003","332330","Nikolai","2023-05-01","2023","5","fuel_used_gallons","0","outlier_check","2339","3431","2339","3388","","avg_preceding_proceeding","","FALSE"
"A3323301123225003_peak_consumption_kw","A3323301123225003","332330","Nikolai","2023-05-01","2023","5","peak_consumption_kw","0","outlier_check","59","70","59","63","","avg_preceding_proceeding","","FALSE"
"A3323301223225003_diesel_kwh_generated","A3323301223225003","332330","Nikolai","2023-06-01","2023","6","diesel_kwh_generated","28490","quality_check","","38459","29768","38113","","raw_value","","FALSE"
"A3323301223225003_fuel_used_gallons","A3323301223225003","332330","Nikolai","2023-06-01","2023","6","fuel_used_gallons","0","outlier_check","","3431","2989","3174","","avg_preceding_proceeding","","FALSE"
"A3323301223225003_peak_consumption_kw","A3323301223225003","332330","Nikolai","2023-06-01","2023","6","peak_consumption_kw","0","outlier_check","","70","59","62","","avg_preceding_proceeding","","FALSE"
"A3323600321225003_peak_consumption_kw","A3323600321225003","332360","Atqasuk","2020-09-01","2020","9","peak_consumption_kw","0","outlier_check","413","524","413","441","","avg_same_month_other_years","","FALSE"
"A3323600421225003_peak_consumption_kw","A3323600421225003","332360","Atqasuk","2020-10-01","2020","10","peak_consumption_kw","0","outlier_check","","524","503","475","","avg_same_month_other_years","","FALSE"
"A3323600422225003_peak_consumption_kw","A3323600422225003","332360","Atqasuk","2021-10-01","2021","10","peak_consumption_kw","0","outlier_check","413","488","413","475","","avg_same_month_other_years","","FALSE"
"A3323600522225003_peak_consumption_kw","A3323600522225003","332360","Atqasuk","2021-11-01","2021","11","peak_consumption_kw","0","outlier_check","","488","","522","","avg_same_month_other_years","","FALSE"
"A3323600622225003_peak_consumption_kw","A3323600622225003","332360","Atqasuk","2021-12-01","2021","12","peak_consumption_kw","0","outlier_check","","488","586","549","","avg_same_month_other_years","","FALSE"
"A3323600726225003_amount","A3323600726225003","332360","Atqasuk","2026-01-01","2026","1","amount","2911.67","outlier_check","1377.31","779","1190","955","","raw_value","","FALSE"
"A3323700219225003_powerhouse_consumption_kwh","A3323700219225003","332370","Kaktovik","2018-08-01","2018","8","powerhouse_consumption_kwh","3042","outlier_check","24054","19187","24054","19590","","avg_same_month_other_years","","TRUE"
"A3323700220225003_diesel_kwh_generated","A3323700220225003","332370","Kaktovik","2019-08-01","2019","8","diesel_kwh_generated","0","outlier_check","395708","388674","383330","373314","","avg_preceding_proceeding","","FALSE"
"A3323700220225003_powerhouse_consumption_kwh","A3323700220225003","332370","Kaktovik","2019-08-01","2019","8","powerhouse_consumption_kwh","0","outlier_check","15183","14332","13915","19590","","avg_preceding_proceeding","","FALSE"
"A3323700319225003_diesel_kwh_generated","A3323700319225003","332370","Kaktovik","2018-09-01","2018","9","diesel_kwh_generated","0","outlier_check","409761","406292","404694","382240","","avg_preceding_proceeding","","FALSE"
"A3323700319225003_powerhouse_consumption_kwh","A3323700319225003","332370","Kaktovik","2018-09-01","2018","9","powerhouse_consumption_kwh","0","outlier_check","","19187","10167","17600","","avg_same_month_other_years","","FALSE"
"A3323700421225003_diesel_kwh_generated","A3323700421225003","332370","Kaktovik","2020-10-01","2020","10","diesel_kwh_generated","0","outlier_check","386318","388443","386318","415637","","avg_preceding_proceeding","","FALSE"
"A3323700421225003_peak_consumption_kw","A3323700421225003","332370","Kaktovik","2020-10-01","2020","10","peak_consumption_kw","0","outlier_check","660","668","718","688","","avg_preceding_proceeding","","FALSE"
"A3323700421225003_powerhouse_consumption_kwh","A3323700421225003","332370","Kaktovik","2020-10-01","2020","10","powerhouse_consumption_kwh","0","outlier_check","15712","16509","15712","18626","","avg_preceding_proceeding","","FALSE"
"A3323700521225003_diesel_kwh_generated","A3323700521225003","332370","Kaktovik","2020-11-01","2020","11","diesel_kwh_generated","0","outlier_check","","388443","414341","435637","","avg_preceding_proceeding","","FALSE"
"A3323700521225003_powerhouse_consumption_kwh","A3323700521225003","332370","Kaktovik","2020-11-01","2020","11","powerhouse_consumption_kwh","0","outlier_check","","16509","17050","18640","","avg_preceding_proceeding","","FALSE"
"A3323700724225003_amount","A3323700724225003","332370","Kaktovik","2024-01-01","2024","1","amount","1867.54","outlier_check","1261.6","674","1139","967","","raw_value","","FALSE"
"A3323700821225003_diesel_kwh_generated","A3323700821225003","332370","Kaktovik","2021-02-01","2021","2","diesel_kwh_generated","0","outlier_check","445502","423266","485706","464641","","avg_preceding_proceeding","","FALSE"
"A3323700821225003_powerhouse_consumption_kwh","A3323700821225003","332370","Kaktovik","2021-02-01","2021","2","powerhouse_consumption_kwh","0","outlier_check","17349","20186","19715","19630","","avg_preceding_proceeding","","FALSE"
"A3323700919225003_diesel_kwh_generated","A3323700919225003","332370","Kaktovik","2019-03-01","2019","3","diesel_kwh_generated","0","outlier_check","390248","388674","386904","494270","","avg_preceding_proceeding","","FALSE"
"A3323700919225003_powerhouse_consumption_kwh","A3323700919225003","332370","Kaktovik","2019-03-01","2019","3","powerhouse_consumption_kwh","0","outlier_check","13101","14332","13432","21550","","avg_preceding_proceeding","","FALSE"
"A3323800119225003_powerhouse_consumption_kwh","A3323800119225003","332380","Nuiqsut","2018-07-01","2018","7","powerhouse_consumption_kwh","0","outlier_check","29384","36133","32954","34916","","avg_preceding_proceeding","","FALSE"
"A3323800121225003_powerhouse_consumption_kwh","A3323800121225003","332380","Nuiqsut","2020-07-01","2020","7","powerhouse_consumption_kwh","0","outlier_check","26443","34583","26443","34916","","avg_preceding_proceeding","","FALSE"
"A3323800122225003_powerhouse_consumption_kwh","A3323800122225003","332380","Nuiqsut","2021-07-01","2021","7","powerhouse_consumption_kwh","0","outlier_check","15448","26415","16318","34916","","avg_preceding_proceeding","","FALSE"
"A3323800123225003_diesel_kwh_generated","A3323800123225003","332380","Nuiqsut","2022-07-01","2022","7","diesel_kwh_generated","27083","quality_check","12030","80029","12030","104004","","raw_value","","FALSE"
"A3323800123225003_fuel_used_gallons","A3323800123225003","332380","Nuiqsut","2022-07-01","2022","7","fuel_used_gallons","25390","quality_check","446","5971","446","12432","","raw_value","","FALSE"
"A3323800124225003_pce_eligible_residential_kwh","A3323800124225003","332380","Nuiqsut","2023-07-01","2023","7","pce_eligible_residential_kwh","88093","outlier_check","38625","52662","35813","33157","","raw_value","","FALSE"
"A3323800220225003_powerhouse_consumption_kwh","A3323800220225003","332380","Nuiqsut","2019-08-01","2019","8","powerhouse_consumption_kwh","0","outlier_check","46006","32140","38334","31822","","avg_same_month_other_years","","FALSE"
"A3323800221225003_powerhouse_consumption_kwh","A3323800221225003","332380","Nuiqsut","2020-08-01","2020","8","powerhouse_consumption_kwh","0","outlier_check","","34583","","31822","","avg_same_month_other_years","","FALSE"
"A3323800223225003_diesel_kwh_generated","A3323800223225003","332380","Nuiqsut","2022-08-01","2022","8","diesel_kwh_generated","498809","quality_check","","80029","16787","125094","","raw_value","","FALSE"
"A3323800223225003_fuel_used_gallons","A3323800223225003","332380","Nuiqsut","2022-08-01","2022","8","fuel_used_gallons","13322","quality_check","","5971","1427","12223","","raw_value","","FALSE"
"A3323800316225003_diesel_kwh_generated","A3323800316225003","332380","Nuiqsut","2015-09-01","2015","9","diesel_kwh_generated","2110","quality_check","116611","48583","97166","82774","","raw_value","","FALSE"
"A3323800321225003_powerhouse_consumption_kwh","A3323800321225003","332380","Nuiqsut","2020-09-01","2020","9","powerhouse_consumption_kwh","0","outlier_check","","34583","","29966","","avg_same_month_other_years","","FALSE"
"A3323800322225003_diesel_kwh_generated","A3323800322225003","332380","Nuiqsut","2021-09-01","2021","9","diesel_kwh_generated","361462","quality_check","26080","81342","49649","82774","","raw_value","","FALSE"
"A3323800322225003_fuel_used_gallons","A3323800322225003","332380","Nuiqsut","2021-09-01","2021","9","fuel_used_gallons","9936","quality_check","2064","16999","3632","5757","","raw_value","","FALSE"
"A3323800421225003_powerhouse_consumption_kwh","A3323800421225003","332380","Nuiqsut","2020-10-01","2020","10","powerhouse_consumption_kwh","0","outlier_check","","34583","","32275","","avg_same_month_other_years","","FALSE"
"A3323800425225003_diesel_kwh_generated","A3323800425225003","332380","Nuiqsut","2024-10-01","2024","10","diesel_kwh_generated","21817","quality_check","201463","242592","271780","93834","","raw_value","","FALSE"
"A3323800521225003_powerhouse_consumption_kwh","A3323800521225003","332380","Nuiqsut","2020-11-01","2020","11","powerhouse_consumption_kwh","0","outlier_check","","34583","35713","34666","","avg_same_month_other_years","","FALSE"
"A3323800625225003_diesel_kwh_generated","A3323800625225003","332380","Nuiqsut","2024-12-01","2024","12","diesel_kwh_generated","645329","outlier_check","342096","242592","342096","122851","","raw_value","","FALSE"
"A3323800625225003_fuel_cost","A3323800625225003","332380","Nuiqsut","2024-12-01","2024","12","fuel_cost","240153.5","outlier_check","113182.19","81373","113182","24877","","raw_value","","FALSE"
"A3323800626225003_fuel_cost","A3323800626225003","332380","Nuiqsut","2025-12-01","2025","12","fuel_cost","259234.74","outlier_check","155568.21","135532","170886","24877","","raw_value","","FALSE"
"A3323800717225003_diesel_kwh_generated","A3323800717225003","332380","Nuiqsut","2017-01-01","2017","1","diesel_kwh_generated","214","quality_check","5720","45627","2860","118701","","raw_value","","FALSE"
"A3323800717225003_fuel_used_gallons","A3323800717225003","332380","Nuiqsut","2017-01-01","2017","1","fuel_used_gallons","3118","quality_check","635","4510","504","13075","","raw_value","","FALSE"
"A3323800719225003_powerhouse_consumption_kwh","A3323800719225003","332380","Nuiqsut","2019-01-01","2019","1","powerhouse_consumption_kwh","0","outlier_check","37647","32140","37647","35258","","avg_same_month_other_years","","FALSE"
"A3323800725225003_diesel_kwh_generated","A3323800725225003","332380","Nuiqsut","2025-01-01","2025","1","diesel_kwh_generated","729664","outlier_check","","345288","481696","118701","","raw_value","","FALSE"
"A3323800725225003_fuel_cost","A3323800725225003","332380","Nuiqsut","2025-01-01","2025","1","fuel_cost","280375.27","outlier_check","","135532","188029","41951","","raw_value","","FALSE"
"A3323800819225003_powerhouse_consumption_kwh","A3323800819225003","332380","Nuiqsut","2019-02-01","2019","2","powerhouse_consumption_kwh","0","outlier_check","","32140","","31375","","avg_same_month_other_years","","FALSE"
"A3323800821225003_diesel_kwh_generated","A3323800821225003","332380","Nuiqsut","2021-02-01","2021","2","diesel_kwh_generated","652888","outlier_check","16711","81342","8356","186295","","raw_value","","FALSE"
"A3323800919225003_powerhouse_consumption_kwh","A3323800919225003","332380","Nuiqsut","2019-03-01","2019","3","powerhouse_consumption_kwh","0","outlier_check","","32140","30617","33900","","avg_preceding_proceeding","","FALSE"
"A3323800921225003_powerhouse_consumption_kwh","A3323800921225003","332380","Nuiqsut","2021-03-01","2021","3","powerhouse_consumption_kwh","0","outlier_check","37192","26415","28542","33900","","avg_preceding_proceeding","","FALSE"
"A3323900121225003_diesel_kwh_generated","A3323900121225003","332390","Point Hope","2020-07-01","2020","7","diesel_kwh_generated","0","outlier_check","333735","527748","408685","553639","","avg_preceding_proceeding","","FALSE"
"A3323900121225003_powerhouse_consumption_kwh","A3323900121225003","332390","Point Hope","2020-07-01","2020","7","powerhouse_consumption_kwh","0","outlier_check","25030","26082","27712","26623","","avg_preceding_proceeding","","FALSE"
"A3323900617225003_diesel_kwh_generated","A3323900617225003","332390","Point Hope","2016-12-01","2016","12","diesel_kwh_generated","642351","quality_check","592915","546461","611798","650326","","raw_value","","FALSE"
"A3323900617225003_fuel_used_gallons","A3323900617225003","332390","Point Hope","2016-12-01","2016","12","fuel_used_gallons","9909","outlier_check","40125","37941","36996","49641","","avg_preceding_proceeding","","FALSE"
"A3323900620225003_diesel_kwh_generated","A3323900620225003","332390","Point Hope","2019-12-01","2019","12","diesel_kwh_generated","0","outlier_check","551518","536936","551518","650326","","avg_same_month_other_years","","FALSE"
"A3323900625225003_fuel_cost","A3323900625225003","332390","Point Hope","2024-12-01","2024","12","fuel_cost","292003.12","outlier_check","276695.54","196689","276696","154022","","raw_value","","FALSE"
"A3323900720225003_diesel_kwh_generated","A3323900720225003","332390","Point Hope","2020-01-01","2020","1","diesel_kwh_generated","0","outlier_check","","527748","","672510","","avg_same_month_other_years","","FALSE"
"A3323900725225003_fuel_cost","A3323900725225003","332390","Point Hope","2025-01-01","2025","1","fuel_cost","308890.32","outlier_check","","202172","278298","165613","","raw_value","","FALSE"
"A3323900820225003_diesel_kwh_generated","A3323900820225003","332390","Point Hope","2020-02-01","2020","2","diesel_kwh_generated","0","outlier_check","","527748","","598276","","avg_same_month_other_years","","FALSE"
"A3323900916225003_diesel_kwh_generated","A3323900916225003","332390","Point Hope","2016-03-01","2016","3","diesel_kwh_generated","711391","quality_check","444217","546461","495897","646840","","raw_value","","FALSE"
"A3323900916225003_fuel_used_gallons","A3323900916225003","332390","Point Hope","2016-03-01","2016","3","fuel_used_gallons","20994","quality_check","37574","37941","37120","49318","","avg_preceding_proceeding","","FALSE"
"A3323900920225003_diesel_kwh_generated","A3323900920225003","332390","Point Hope","2020-03-01","2020","3","diesel_kwh_generated","0","outlier_check","","527748","559316","646840","","avg_same_month_other_years","","FALSE"
"A3323900925225003_fuel_cost","A3323900925225003","332390","Point Hope","2025-03-01","2025","3","fuel_cost","304248.04","outlier_check","278297.89","202172","276102","153321","","raw_value","","FALSE"
"A3323901121225003_diesel_kwh_generated","A3323901121225003","332390","Point Hope","2021-05-01","2021","5","diesel_kwh_generated","0","outlier_check","577203","582509","577203","526260","","avg_same_month_other_years","","FALSE"
"A3323901121225003_powerhouse_consumption_kwh","A3323901121225003","332390","Point Hope","2021-05-01","2021","5","powerhouse_consumption_kwh","0","outlier_check","22661","24815","22661","24250","","avg_preceding_proceeding","","FALSE"
"A3323901221225003_diesel_kwh_generated","A3323901221225003","332390","Point Hope","2021-06-01","2021","6","diesel_kwh_generated","0","outlier_check","","582509","440504","435976","","avg_same_month_other_years","","FALSE"
"A3323901221225003_powerhouse_consumption_kwh","A3323901221225003","332390","Point Hope","2021-06-01","2021","6","powerhouse_consumption_kwh","0","outlier_check","","24815","22758","19904","","avg_preceding_proceeding","","FALSE"
"A3324000216225003_pce_eligible_residential_kwh","A3324000216225003","332400","Point Lay","2015-08-01","2015","8","pce_eligible_residential_kwh","0","outlier_check","","","","10327","","raw_value","","FALSE"
"A3324000316225003_pce_eligible_residential_kwh","A3324000316225003","332400","Point Lay","2015-09-01","2015","9","pce_eligible_residential_kwh","0","outlier_check","","","","10672","","raw_value","","FALSE"
"A3324000416225003_pce_eligible_residential_kwh","A3324000416225003","332400","Point Lay","2015-10-01","2015","10","pce_eligible_residential_kwh","0","outlier_check","","","","11138","","raw_value","","FALSE"
"A3324000421225003_diesel_kwh_generated","A3324000421225003","332400","Point Lay","2020-10-01","2020","10","diesel_kwh_generated","0","outlier_check","269728","304319","291498","304785","","avg_preceding_proceeding","","FALSE"
"A3324000421225003_peak_consumption_kw","A3324000421225003","332400","Point Lay","2020-10-01","2020","10","peak_consumption_kw","0","outlier_check","455","520","501","517","","avg_preceding_proceeding","","FALSE"
"A3324000516225003_pce_eligible_residential_kwh","A3324000516225003","332400","Point Lay","2015-11-01","2015","11","pce_eligible_residential_kwh","0","outlier_check","","","","10771","","raw_value","","FALSE"
"A3324000616225003_diesel_kwh_generated","A3324000616225003","332400","Point Lay","2015-12-01","2015","12","diesel_kwh_generated","337575","quality_check","307773","286825","327430","340553","","raw_value","","FALSE"
"A3324000616225003_fuel_used_gallons","A3324000616225003","332400","Point Lay","2015-12-01","2015","12","fuel_used_gallons","8185","outlier_check","23867","21910","24828","25775","","avg_preceding_proceeding","","FALSE"
"A3324000616225003_pce_eligible_residential_kwh","A3324000616225003","332400","Point Lay","2015-12-01","2015","12","pce_eligible_residential_kwh","0","outlier_check","","","","11142","","raw_value","","FALSE"
"A3324000625225003_fuel_cost","A3324000625225003","332400","Point Lay","2024-12-01","2024","12","fuel_cost","165737.09","outlier_check","154919.16","103365","154919","85733","","raw_value","","FALSE"
"A3324000716225003_pce_eligible_residential_kwh","A3324000716225003","332400","Point Lay","2016-01-01","2016","1","pce_eligible_residential_kwh","0","outlier_check","","10247","","10910","","raw_value","","FALSE"
"A3324000725225003_fuel_cost","A3324000725225003","332400","Point Lay","2025-01-01","2025","1","fuel_cost","174235.25","outlier_check","","138980","160317","92963","","raw_value","","FALSE"
"A3324000726225003_fuel_cost","A3324000726225003","332400","Point Lay","2026-01-01","2026","1","fuel_cost","182595.6","outlier_check","159053.4","143535","159053","92963","","raw_value","","FALSE"
"A3324000816225003_pce_eligible_residential_kwh","A3324000816225003","332400","Point Lay","2016-02-01","2016","2","pce_eligible_residential_kwh","0","outlier_check","","10247","","11182","","raw_value","","FALSE"
"A3324000821225003_diesel_kwh_generated","A3324000821225003","332400","Point Lay","2021-02-01","2021","2","diesel_kwh_generated","0","outlier_check","375312","307809","370682","339459","","avg_preceding_proceeding","","FALSE"
"A3324000826225003_fuel_cost","A3324000826225003","332400","Point Lay","2026-02-01","2026","2","fuel_cost","171570.96","outlier_check","","143535","","93337","","raw_value","","FALSE"
"A3324000916225003_pce_eligible_residential_kwh","A3324000916225003","332400","Point Lay","2016-03-01","2016","3","pce_eligible_residential_kwh","0","outlier_check","","10247","","10739","","raw_value","","FALSE"
"A3324000925225003_fuel_cost","A3324000925225003","332400","Point Lay","2025-03-01","2025","3","fuel_cost","174240.99","outlier_check","160316.64","138980","155869","87522","","raw_value","","FALSE"
"A3324000926225003_fuel_cost","A3324000926225003","332400","Point Lay","2026-03-01","2026","3","fuel_cost","171984.38","outlier_check","","143535","164175","87522","","raw_value","","FALSE"
"A3324001016225003_pce_eligible_residential_kwh","A3324001016225003","332400","Point Lay","2016-04-01","2016","4","pce_eligible_residential_kwh","0","outlier_check","","10247","","10344","","raw_value","","FALSE"
"A3324001023225003_pce_eligible_residential_kwh","A3324001023225003","332400","Point Lay","2023-04-01","2023","4","pce_eligible_residential_kwh","61292","outlier_check","16231","16672","15612","10344","","avg_preceding_proceeding","","FALSE"
"A3324001116225003_pce_eligible_residential_kwh","A3324001116225003","332400","Point Lay","2016-05-01","2016","5","pce_eligible_residential_kwh","0","outlier_check","","10247","","9284","","raw_value","","FALSE"
"A3324001216225003_pce_eligible_residential_kwh","A3324001216225003","332400","Point Lay","2016-06-01","2016","6","pce_eligible_residential_kwh","0","outlier_check","","10247","10269","8103","","raw_value","","FALSE"
"A3324100725225003_fuel_cost","A3324100725225003","332410","Wainwright","2025-01-01","2025","1","fuel_cost","304449.2","outlier_check","289690.61","214124","279134","183115","","raw_value","","FALSE"
"A3324300123225003_fuel_cost","A3324300123225003","332430","Dillingham, Aleknagik","2022-07-01","2022","7","fuel_cost","706809.88","outlier_check","233847.7","248573","325329","338708","","raw_value","","FALSE"
"A3324300124225003_fuel_cost","A3324300124225003","332430","Dillingham, Aleknagik","2023-07-01","2023","7","fuel_cost","705586.25","outlier_check","373141.04","340107","434589","338708","","raw_value","","FALSE"
"A3324300125225003_fuel_cost","A3324300125225003","332430","Dillingham, Aleknagik","2024-07-01","2024","7","fuel_cost","630945.41","outlier_check","364160.18","343802","393618","338708","","raw_value","","FALSE"
"A3324300126225003_fuel_cost","A3324300126225003","332430","Dillingham, Aleknagik","2025-07-01","2025","7","fuel_cost","758327.4","outlier_check","350685.89","340985","402171","338708","","raw_value","","FALSE"
"A3324400417225003_diesel_kwh_generated","A3324400417225003","332440","Ouzinkie","2016-10-01","2016","10","diesel_kwh_generated","5741","quality_check","26286","26255","46408","48709","","raw_value","","FALSE"
"A3324400417225003_fuel_used_gallons","A3324400417225003","332440","Ouzinkie","2016-10-01","2016","10","fuel_used_gallons","2209","quality_check","3518","2521","4388","3880","","raw_value","","FALSE"
"A3324400616225003_pce_eligible_community_kwh","A3324400616225003","332440","Ouzinkie","2015-12-01","2015","12","pce_eligible_community_kwh","18712","outlier_check","11266","11266","11266","9429","","raw_value","","FALSE"
"A3324400716225003_pce_eligible_community_kwh","A3324400716225003","332440","Ouzinkie","2016-01-01","2016","1","pce_eligible_community_kwh","19380","outlier_check","","10877","11970","9429","","raw_value","","FALSE"
"A3324401223225003_diesel_kwh_generated","A3324401223225003","332440","Ouzinkie","2023-06-01","2023","6","diesel_kwh_generated","5400","quality_check","26000","34346","26035","35152","","raw_value","","FALSE"
"A3324500121225003_diesel_kwh_generated","A3324500121225003","332450","Pedro Bay","2020-07-01","2020","7","diesel_kwh_generated","0","outlier_check","15298","16663","16902","22577","","avg_preceding_proceeding","","FALSE"
"A3324500121225003_powerhouse_consumption_kwh","A3324500121225003","332450","Pedro Bay","2020-07-01","2020","7","powerhouse_consumption_kwh","0","outlier_check","1004","950","1000","1341","","avg_preceding_proceeding","","FALSE"
"A3324500223225003_powerhouse_consumption_kwh","A3324500223225003","332450","Pedro Bay","2022-08-01","2022","8","powerhouse_consumption_kwh","2049","outlier_check","","1074","1200","1274","","raw_value","","FALSE"
"A3324500225225003_fuel_cost","A3324500225225003","332450","Pedro Bay","2024-08-01","2024","8","fuel_cost","18659.63","outlier_check","16624.66","13655","15404","8616","","raw_value","","FALSE"
"A3324600117225003_amount","A3324600117225003","332460","Pelican","2016-07-01","2016","7","amount","6421.84","outlier_check","","","","2004","","raw_value","","FALSE"
"A3324600117225003_diesel_kwh_generated","A3324600117225003","332460","Pelican","2016-07-01","2016","7","diesel_kwh_generated","25914","outlier_check","0","0","0","0","","raw_value","","FALSE"
"A3324600122225003_diesel_kwh_generated","A3324600122225003","332460","Pelican","2021-07-01","2021","7","diesel_kwh_generated","5467","outlier_check","","848","961","0","","raw_value","","FALSE"
"A3324600122225003_fuel_cost","A3324600122225003","332460","Pelican","2021-07-01","2021","7","fuel_cost","970.73","outlier_check","","126","178","0","","raw_value","","FALSE"
"A3324600217225003_amount","A3324600217225003","332460","Pelican","2016-08-01","2016","8","amount","6421.84","outlier_check","","","","2111","","raw_value","","FALSE"
"A3324600217225003_diesel_kwh_generated","A3324600217225003","332460","Pelican","2016-08-01","2016","8","diesel_kwh_generated","38172","outlier_check","","0","","504","","raw_value","","FALSE"
"A3324600225225003_diesel_kwh_generated","A3324600225225003","332460","Pelican","2024-08-01","2024","8","diesel_kwh_generated","21828","outlier_check","0","132","0","504","","raw_value","","FALSE"
"A3324600225225003_fuel_cost","A3324600225225003","332460","Pelican","2024-08-01","2024","8","fuel_cost","6279.95","outlier_check","0","40","0","106","","raw_value","","FALSE"
"A3324600316225003_amount","A3324600316225003","332460","Pelican","2015-09-01","2015","9","amount","6325.17","outlier_check","","","","2065","","raw_value","","FALSE"
"A3324600322225003_fuel_cost","A3324600322225003","332460","Pelican","2021-09-01","2021","9","fuel_cost","359.2","outlier_check","178.04","126","178","0","","raw_value","","FALSE"
"A3324600322225003_fuel_used_gallons","A3324600322225003","332460","Pelican","2021-09-01","2021","9","fuel_used_gallons","115","outlier_check","57","40","57","0","","raw_value","","FALSE"
"A3324600322225003_pce_eligible_community_kwh","A3324600322225003","332460","Pelican","2021-09-01","2021","9","pce_eligible_community_kwh","0","outlier_check","4830","4830","4830","5740","","avg_preceding_proceeding","","FALSE"
"A3324600323225003_diesel_kwh_generated","A3324600323225003","332460","Pelican","2022-09-01","2022","9","diesel_kwh_generated","9444","outlier_check","0","4","0","984","","raw_value","","FALSE"
"A3324600323225003_fuel_cost","A3324600323225003","332460","Pelican","2022-09-01","2022","9","fuel_cost","2851.78","outlier_check","0","21","0","0","","raw_value","","FALSE"
"A3324600324225003_fuel_cost","A3324600324225003","332460","Pelican","2023-09-01","2023","9","fuel_cost","723.88","outlier_check","244.1","49","122","0","","raw_value","","FALSE"
"A3324600324225003_fuel_used_gallons","A3324600324225003","332460","Pelican","2023-09-01","2023","9","fuel_used_gallons","172","outlier_check","58","12","29","0","","raw_value","","FALSE"
"A3324600416225003_amount","A3324600416225003","332460","Pelican","2015-10-01","2015","10","amount","6233.24","outlier_check","","","","2038","","raw_value","","FALSE"
"A3324600416225003_diesel_kwh_generated","A3324600416225003","332460","Pelican","2015-10-01","2015","10","diesel_kwh_generated","632","quality_check","0","0","0","0","","raw_value","","FALSE"
"A3324600417225003_amount","A3324600417225003","332460","Pelican","2016-10-01","2016","10","amount","5615.63","outlier_check","","","","2038","","raw_value","","FALSE"
"A3324600422225003_diesel_kwh_generated","A3324600422225003","332460","Pelican","2021-10-01","2021","10","diesel_kwh_generated","10548","outlier_check","1582","848","791","0","","raw_value","","FALSE"
"A3324600422225003_fuel_cost","A3324600422225003","332460","Pelican","2021-10-01","2021","10","fuel_cost","2673.72","outlier_check","","126","75","0","","raw_value","","FALSE"
"A3324600423225003_diesel_kwh_generated","A3324600423225003","332460","Pelican","2022-10-01","2022","10","diesel_kwh_generated","43590","outlier_check","","4","","0","","raw_value","","FALSE"
"A3324600423225003_fuel_cost","A3324600423225003","332460","Pelican","2022-10-01","2022","10","fuel_cost","13035.52","outlier_check","","21","","0","","raw_value","","FALSE"
"A3324600425225003_diesel_kwh_generated","A3324600425225003","332460","Pelican","2024-10-01","2024","10","diesel_kwh_generated","9603","outlier_check","0","132","0","0","","raw_value","","FALSE"
"A3324600425225003_fuel_cost","A3324600425225003","332460","Pelican","2024-10-01","2024","10","fuel_cost","2421.1","outlier_check","0","40","0","0","","raw_value","","FALSE"
"A3324600516225003_amount","A3324600516225003","332460","Pelican","2015-11-01","2015","11","amount","6260.17","outlier_check","","","","2186","","raw_value","","FALSE"
"A3324600517225003_amount","A3324600517225003","332460","Pelican","2016-11-01","2016","11","amount","5660.45","outlier_check","","","","2186","","raw_value","","FALSE"
"A3324600522225003_pce_eligible_community_kwh","A3324600522225003","332460","Pelican","2021-11-01","2021","11","pce_eligible_community_kwh","0","outlier_check","4830","4830","4830","6314","","avg_preceding_proceeding","","FALSE"
"A3324600523225003_diesel_kwh_generated","A3324600523225003","332460","Pelican","2022-11-01","2022","11","diesel_kwh_generated","110202","outlier_check","","4","","0","","raw_value","","FALSE"
"A3324600523225003_fuel_cost","A3324600523225003","332460","Pelican","2022-11-01","2022","11","fuel_cost","32952.94","outlier_check","","21","","19","","raw_value","","FALSE"
"A3324600525225003_diesel_kwh_generated","A3324600525225003","332460","Pelican","2024-11-01","2024","11","diesel_kwh_generated","5725","outlier_check","","132","","0","","raw_value","","FALSE"
"A3324600525225003_fuel_cost","A3324600525225003","332460","Pelican","2024-11-01","2024","11","fuel_cost","1068.55","outlier_check","","40","","19","","raw_value","","FALSE"
"A3324600525225003_fuel_used_gallons","A3324600525225003","332460","Pelican","2024-11-01","2024","11","fuel_used_gallons","301","outlier_check","","11","","6","","raw_value","","FALSE"
"A3324600616225003_amount","A3324600616225003","332460","Pelican","2015-12-01","2015","12","amount","5677.25","outlier_check","","","","2178","","raw_value","","FALSE"
"A3324600617225003_amount","A3324600617225003","332460","Pelican","2016-12-01","2016","12","amount","6100.57","outlier_check","","","","2178","","raw_value","","FALSE"
"A3324600617225003_diesel_kwh_generated","A3324600617225003","332460","Pelican","2016-12-01","2016","12","diesel_kwh_generated","257720","outlier_check","0","0","0","0","","raw_value","","FALSE"
"A3324600622225003_diesel_kwh_generated","A3324600622225003","332460","Pelican","2021-12-01","2021","12","diesel_kwh_generated","64395","outlier_check","0","848","0","0","","raw_value","","FALSE"
"A3324600622225003_fuel_cost","A3324600622225003","332460","Pelican","2021-12-01","2021","12","fuel_cost","15701.83","outlier_check","74.96","126","75","0","","raw_value","","FALSE"
"A3324600623225003_diesel_kwh_generated","A3324600623225003","332460","Pelican","2022-12-01","2022","12","diesel_kwh_generated","111335","outlier_check","","4","","0","","raw_value","","FALSE"
"A3324600623225003_fuel_cost","A3324600623225003","332460","Pelican","2022-12-01","2022","12","fuel_cost","32106","outlier_check","","21","","0","","raw_value","","FALSE"
"A3324600625225003_diesel_kwh_generated","A3324600625225003","332460","Pelican","2024-12-01","2024","12","diesel_kwh_generated","18983","outlier_check","","132","","0","","raw_value","","FALSE"
"A3324600625225003_fuel_cost","A3324600625225003","332460","Pelican","2024-12-01","2024","12","fuel_cost","5097.8","outlier_check","","40","","0","","raw_value","","FALSE"
"A3324600716225003_amount","A3324600716225003","332460","Pelican","2016-01-01","2016","1","amount","5979.05","outlier_check","","","","2212","","raw_value","","FALSE"
"A3324600722225003_diesel_kwh_generated","A3324600722225003","332460","Pelican","2022-01-01","2022","1","diesel_kwh_generated","48240","outlier_check","","4","0","0","","raw_value","","FALSE"
"A3324600722225003_fuel_cost","A3324600722225003","332460","Pelican","2022-01-01","2022","1","fuel_cost","10810.43","outlier_check","","21","0","0","","raw_value","","FALSE"
"A3324600723225003_diesel_kwh_generated","A3324600723225003","332460","Pelican","2023-01-01","2023","1","diesel_kwh_generated","106075","outlier_check","","484","","0","","raw_value","","FALSE"
"A3324600723225003_fuel_cost","A3324600723225003","332460","Pelican","2023-01-01","2023","1","fuel_cost","30899.01","outlier_check","","49","","0","","raw_value","","FALSE"
"A3324600724225003_diesel_kwh_generated","A3324600724225003","332460","Pelican","2024-01-01","2024","1","diesel_kwh_generated","43553","outlier_check","0","132","0","0","","raw_value","","FALSE"
"A3324600724225003_fuel_cost","A3324600724225003","332460","Pelican","2024-01-01","2024","1","fuel_cost","14565.96","outlier_check","0","40","0","0","","raw_value","","FALSE"
"A3324600725225003_diesel_kwh_generated","A3324600725225003","332460","Pelican","2025-01-01","2025","1","diesel_kwh_generated","29995","outlier_check","","0","","0","","raw_value","","FALSE"
"A3324600725225003_fuel_cost","A3324600725225003","332460","Pelican","2025-01-01","2025","1","fuel_cost","9900.95","outlier_check","","59","","0","","raw_value","","FALSE"
"A3324600816225003_amount","A3324600816225003","332460","Pelican","2016-02-01","2016","2","amount","5769.17","outlier_check","","","","2318","","raw_value","","FALSE"
"A3324600823225003_diesel_kwh_generated","A3324600823225003","332460","Pelican","2023-02-01","2023","2","diesel_kwh_generated","38170","outlier_check","","484","","0","","raw_value","","FALSE"
"A3324600823225003_fuel_cost","A3324600823225003","332460","Pelican","2023-02-01","2023","2","fuel_cost","14694.57","outlier_check","","49","","0","","raw_value","","FALSE"
"A3324600824225003_diesel_kwh_generated","A3324600824225003","332460","Pelican","2024-02-01","2024","2","diesel_kwh_generated","10713","outlier_check","","132","","0","","raw_value","","FALSE"
"A3324600824225003_fuel_cost","A3324600824225003","332460","Pelican","2024-02-01","2024","2","fuel_cost","2491.49","outlier_check","","40","","0","","raw_value","","FALSE"
"A3324600825225003_diesel_kwh_generated","A3324600825225003","332460","Pelican","2025-02-01","2025","2","diesel_kwh_generated","48733","outlier_check","","0","","0","","raw_value","","FALSE"
"A3324600825225003_fuel_cost","A3324600825225003","332460","Pelican","2025-02-01","2025","2","fuel_cost","14633.1","outlier_check","","59","","0","","raw_value","","FALSE"
"A3324600916225003_amount","A3324600916225003","332460","Pelican","2016-03-01","2016","3","amount","5423.28","outlier_check","","","","2284","","raw_value","","FALSE"
"A3324600922225003_pce_eligible_community_kwh","A3324600922225003","332460","Pelican","2022-03-01","2022","3","pce_eligible_community_kwh","0","outlier_check","4830","5269","4830","6265","","avg_preceding_proceeding","","FALSE"
"A3324600923225003_diesel_kwh_generated","A3324600923225003","332460","Pelican","2023-03-01","2023","3","diesel_kwh_generated","55610","outlier_check","","484","","0","","raw_value","","FALSE"
"A3324600923225003_fuel_cost","A3324600923225003","332460","Pelican","2023-03-01","2023","3","fuel_cost","21038.25","outlier_check","","49","","59","","raw_value","","FALSE"
"A3324600924225003_diesel_kwh_generated","A3324600924225003","332460","Pelican","2024-03-01","2024","3","diesel_kwh_generated","24541","outlier_check","","132","0","0","","raw_value","","FALSE"
"A3324600924225003_fuel_cost","A3324600924225003","332460","Pelican","2024-03-01","2024","3","fuel_cost","7874.29","outlier_check","","40","0","59","","raw_value","","FALSE"
"A3324600925225003_diesel_kwh_generated","A3324600925225003","332460","Pelican","2025-03-01","2025","3","diesel_kwh_generated","18035","outlier_check","","0","0","0","","raw_value","","FALSE"
"A3324600925225003_fuel_cost","A3324600925225003","332460","Pelican","2025-03-01","2025","3","fuel_cost","5513.15","outlier_check","","59","0","59","","raw_value","","FALSE"
"A3324601016225003_amount","A3324601016225003","332460","Pelican","2016-04-01","2016","4","amount","5865.55","outlier_check","","","","2092","","raw_value","","FALSE"
"A3324601022225003_diesel_kwh_generated","A3324601022225003","332460","Pelican","2022-04-01","2022","4","diesel_kwh_generated","8893","outlier_check","0","4","0","0","","raw_value","","FALSE"
"A3324601022225003_fuel_cost","A3324601022225003","332460","Pelican","2022-04-01","2022","4","fuel_cost","2519.42","outlier_check","118.69","21","59","0","","raw_value","","FALSE"
"A3324601116225003_amount","A3324601116225003","332460","Pelican","2016-05-01","2016","5","amount","6096.06","outlier_check","","","","2046","","raw_value","","FALSE"
"A3324601216225003_amount","A3324601216225003","332460","Pelican","2016-06-01","2016","6","amount","6383.56","outlier_check","","","","1266","","raw_value","","FALSE"
"A3324700116225003_diesel_kwh_generated","A3324700116225003","332470","Perryville","2015-07-01","2015","7","diesel_kwh_generated","39760","quality_check","","41664","40720","24315","","raw_value","","FALSE"
"A3324700116225003_fuel_used_gallons","A3324700116225003","332470","Perryville","2015-07-01","2015","7","fuel_used_gallons","1063","quality_check","","1854","1317","2363","","raw_value","","FALSE"
"A3324700119225003_diesel_kwh_generated","A3324700119225003","332470","Perryville","2018-07-01","2018","7","diesel_kwh_generated","106080","outlier_check","","0","","24315","","raw_value","","FALSE"
"A3324700119225003_fuel_used_gallons","A3324700119225003","332470","Perryville","2018-07-01","2018","7","fuel_used_gallons","2361","quality_check","","3276","","2363","","raw_value","","FALSE"
"A3324700121225003_powerhouse_consumption_kwh","A3324700121225003","332470","Perryville","2020-07-01","2020","7","powerhouse_consumption_kwh","2081","outlier_check","","1298","1140","156","","raw_value","","FALSE"
"A3324700219225003_diesel_kwh_generated","A3324700219225003","332470","Perryville","2018-08-01","2018","8","diesel_kwh_generated","123920","outlier_check","","0","","42886","","raw_value","","FALSE"
"A3324700219225003_fuel_used_gallons","A3324700219225003","332470","Perryville","2018-08-01","2018","8","fuel_used_gallons","3087","quality_check","","3276","","2421","","raw_value","","FALSE"
"A3324700220225003_powerhouse_consumption_kwh","A3324700220225003","332470","Perryville","2019-08-01","2019","8","powerhouse_consumption_kwh","2492","outlier_check","0","0","0","381","","raw_value","","FALSE"
"A3324700319225003_diesel_kwh_generated","A3324700319225003","332470","Perryville","2018-09-01","2018","9","diesel_kwh_generated","101280","outlier_check","","0","","33948","","raw_value","","FALSE"
"A3324700319225003_fuel_used_gallons","A3324700319225003","332470","Perryville","2018-09-01","2018","9","fuel_used_gallons","2721","quality_check","","3276","","2510","","raw_value","","FALSE"
"A3324700320225003_powerhouse_consumption_kwh","A3324700320225003","332470","Perryville","2019-09-01","2019","9","powerhouse_consumption_kwh","2314","outlier_check","","0","","113","","raw_value","","FALSE"
"A3324700321225003_powerhouse_consumption_kwh","A3324700321225003","332470","Perryville","2020-09-01","2020","9","powerhouse_consumption_kwh","1569","outlier_check","1140","1298","1140","113","","raw_value","","FALSE"
"A3324700419225003_diesel_kwh_generated","A3324700419225003","332470","Perryville","2018-10-01","2018","10","diesel_kwh_generated","102400","outlier_check","","0","","48243","","raw_value","","FALSE"
"A3324700419225003_fuel_used_gallons","A3324700419225003","332470","Perryville","2018-10-01","2018","10","fuel_used_gallons","2998","quality_check","","3276","3651","2813","","raw_value","","FALSE"
"A3324700420225003_powerhouse_consumption_kwh","A3324700420225003","332470","Perryville","2019-10-01","2019","10","powerhouse_consumption_kwh","1734","outlier_check","","0","","162","","raw_value","","FALSE"
"A3324700421225003_powerhouse_consumption_kwh","A3324700421225003","332470","Perryville","2020-10-01","2020","10","powerhouse_consumption_kwh","1680","outlier_check","","1298","","162","","raw_value","","FALSE"
"A3324700519225003_diesel_kwh_generated","A3324700519225003","332470","Perryville","2018-11-01","2018","11","diesel_kwh_generated","116640","outlier_check","","0","0","36826","","raw_value","","TRUE"
"A3324700520225003_powerhouse_consumption_kwh","A3324700520225003","332470","Perryville","2019-11-01","2019","11","powerhouse_consumption_kwh","1722","outlier_check","","0","","142","","raw_value","","FALSE"
"A3324700620225003_powerhouse_consumption_kwh","A3324700620225003","332470","Perryville","2019-12-01","2019","12","powerhouse_consumption_kwh","1711","outlier_check","","0","","90","","raw_value","","FALSE"
"A3324700719225003_diesel_kwh_generated","A3324700719225003","332470","Perryville","2019-01-01","2019","1","diesel_kwh_generated","107040","outlier_check","0","30680","0","40959","","raw_value","","TRUE"
"A3324700720225003_powerhouse_consumption_kwh","A3324700720225003","332470","Perryville","2020-01-01","2020","1","powerhouse_consumption_kwh","1752","outlier_check","","1298","1457","98","","raw_value","","FALSE"
"A3324700819225003_diesel_kwh_generated","A3324700819225003","332470","Perryville","2019-02-01","2019","2","diesel_kwh_generated","112560","outlier_check","","30680","","43044","","raw_value","","TRUE"
"A3324700919225003_diesel_kwh_generated","A3324700919225003","332470","Perryville","2019-03-01","2019","3","diesel_kwh_generated","102880","outlier_check","","30680","","38565","","raw_value","","TRUE"
"A3324700920225003_powerhouse_consumption_kwh","A3324700920225003","332470","Perryville","2020-03-01","2020","3","powerhouse_consumption_kwh","1678","outlier_check","1457","1298","1457","106","","raw_value","","FALSE"
"A3324701019225003_diesel_kwh_generated","A3324701019225003","332470","Perryville","2019-04-01","2019","4","diesel_kwh_generated","108320","outlier_check","","30680","","34984","","raw_value","","FALSE"
"A3324701019225003_fuel_used_gallons","A3324701019225003","332470","Perryville","2019-04-01","2019","4","fuel_used_gallons","3028","quality_check","3532","3346","3532","2330","","raw_value","","FALSE"
"A3324701020225003_powerhouse_consumption_kwh","A3324701020225003","332470","Perryville","2020-04-01","2020","4","powerhouse_consumption_kwh","1594","outlier_check","","1298","","76","","raw_value","","FALSE"
"A3324701119225003_diesel_kwh_generated","A3324701119225003","332470","Perryville","2019-05-01","2019","5","diesel_kwh_generated","128240","outlier_check","","30680","","35937","","raw_value","","FALSE"
"A3324701119225003_fuel_used_gallons","A3324701119225003","332470","Perryville","2019-05-01","2019","5","fuel_used_gallons","3086","quality_check","","3346","","2348","","raw_value","","FALSE"
"A3324701120225003_powerhouse_consumption_kwh","A3324701120225003","332470","Perryville","2020-05-01","2020","5","powerhouse_consumption_kwh","1703","outlier_check","","1298","","82","","raw_value","","FALSE"
"A3324701219225003_diesel_kwh_generated","A3324701219225003","332470","Perryville","2019-06-01","2019","6","diesel_kwh_generated","109040","outlier_check","","30680","0","37584","","raw_value","","FALSE"
"A3324701219225003_fuel_used_gallons","A3324701219225003","332470","Perryville","2019-06-01","2019","6","fuel_used_gallons","2285","quality_check","","3346","2591","2382","","raw_value","","FALSE"
"A3324701220225003_powerhouse_consumption_kwh","A3324701220225003","332470","Perryville","2020-06-01","2020","6","powerhouse_consumption_kwh","1702","outlier_check","","1298","","122","","raw_value","","FALSE"
"A3324800124225003_pce_eligible_residential_kwh","A3324800124225003","332480","Pilot Point","2023-07-01","2023","7","pce_eligible_residential_kwh","16856","outlier_check","","10166","9405","13744","","raw_value","","FALSE"
"A3324800125225003_pce_eligible_residential_kwh","A3324800125225003","332480","Pilot Point","2024-07-01","2024","7","pce_eligible_residential_kwh","15825","outlier_check","13261","9306","10773","13744","","raw_value","","FALSE"
"A3324800126225003_pce_eligible_residential_kwh","A3324800126225003","332480","Pilot Point","2025-07-01","2025","7","pce_eligible_residential_kwh","15485","outlier_check","12619","8219","10710","13744","","raw_value","","FALSE"
"A3324800220225003_diesel_kwh_generated","A3324800220225003","332480","Pilot Point","2019-08-01","2019","8","diesel_kwh_generated","0","outlier_check","42908","40393","42908","34786","","avg_same_month_other_years","","FALSE"
"A3324800220225003_powerhouse_consumption_kwh","A3324800220225003","332480","Pilot Point","2019-08-01","2019","8","powerhouse_consumption_kwh","0","outlier_check","2337","2161","2337","1946","","avg_same_month_other_years","","FALSE"
"A3324800320225003_diesel_kwh_generated","A3324800320225003","332480","Pilot Point","2019-09-01","2019","9","diesel_kwh_generated","0","outlier_check","","40393","","34302","","avg_same_month_other_years","","FALSE"
"A3324800320225003_powerhouse_consumption_kwh","A3324800320225003","332480","Pilot Point","2019-09-01","2019","9","powerhouse_consumption_kwh","0","outlier_check","","2161","","1835","","avg_same_month_other_years","","FALSE"
"A3324800420225003_diesel_kwh_generated","A3324800420225003","332480","Pilot Point","2019-10-01","2019","10","diesel_kwh_generated","0","outlier_check","","40393","","37649","","avg_same_month_other_years","","FALSE"
"A3324800420225003_powerhouse_consumption_kwh","A3324800420225003","332480","Pilot Point","2019-10-01","2019","10","powerhouse_consumption_kwh","0","outlier_check","","2161","","1918","","avg_same_month_other_years","","FALSE"
"A3324800421225003_pce_eligible_residential_kwh","A3324800421225003","332480","Pilot Point","2020-10-01","2020","10","pce_eligible_residential_kwh","0","outlier_check","8639","9514","8639","9284","","avg_same_month_other_years","","FALSE"
"A3324800520225003_diesel_kwh_generated","A3324800520225003","332480","Pilot Point","2019-11-01","2019","11","diesel_kwh_generated","0","outlier_check","","40393","45700","38169","","avg_same_month_other_years","","FALSE"
"A3324800520225003_powerhouse_consumption_kwh","A3324800520225003","332480","Pilot Point","2019-11-01","2019","11","powerhouse_consumption_kwh","0","outlier_check","","2161","2227","2102","","avg_same_month_other_years","","FALSE"
"A3324800521225003_pce_eligible_residential_kwh","A3324800521225003","332480","Pilot Point","2020-11-01","2020","11","pce_eligible_residential_kwh","0","outlier_check","","9514","9334","9557","","avg_same_month_other_years","","FALSE"
"A3324800919225003_diesel_kwh_generated","A3324800919225003","332480","Pilot Point","2019-03-01","2019","3","diesel_kwh_generated","0","outlier_check","40740","40393","39745","40460","","avg_same_month_other_years","","FALSE"
"A3324800919225003_powerhouse_consumption_kwh","A3324800919225003","332480","Pilot Point","2019-03-01","2019","3","powerhouse_consumption_kwh","0","outlier_check","1930","2161","2066","2190","","avg_same_month_other_years","","FALSE"
"A3324801223225003_pce_eligible_residential_kwh","A3324801223225003","332480","Pilot Point","2023-06-01","2023","6","pce_eligible_residential_kwh","15692","outlier_check","9892","10166","9892","12128","","raw_value","","FALSE"
"A3324900418225003_com_facil_sold_to","A3324900418225003","332490","Platinum","2017-10-01","2017","10","com_facil_sold_to","2221","outlier_check","860","884","884","","","avg_preceding_proceeding","","FALSE"
"A3324900418225003_diesel_kwh_generated","A3324900418225003","332490","Platinum","2017-10-01","2017","10","diesel_kwh_generated","29341","outlier_check","17006","16586","16586","","","avg_preceding_proceeding","","FALSE"
"A3324900418225003_pce_eligible_community_kwh","A3324900418225003","332490","Platinum","2017-10-01","2017","10","pce_eligible_community_kwh","2221","outlier_check","860","884","884","","","avg_preceding_proceeding","","FALSE"
"A3325000122225003_amount","A3325000122225003","332500","Port Heiden","2021-07-01","2021","7","amount","93.09","outlier_check","6102.26","6354","5853","5551","","avg_preceding_proceeding","","FALSE"
"A3325000124225003_diesel_kwh_generated","A3325000124225003","332500","Port Heiden","2023-07-01","2023","7","diesel_kwh_generated","127213","outlier_check","","53268","","32680","","raw_value","","TRUE"
"A3325000124225003_fuel_cost","A3325000124225003","332500","Port Heiden","2023-07-01","2023","7","fuel_cost","44621.9","outlier_check","0","8996","0","8292","","raw_value","","FALSE"
"A3325000124225003_fuel_used_gallons","A3325000124225003","332500","Port Heiden","2023-07-01","2023","7","fuel_used_gallons","10910","outlier_check","0","2200","0","2851","","raw_value","","TRUE"
"A3325000125225003_diesel_kwh_generated","A3325000125225003","332500","Port Heiden","2024-07-01","2024","7","diesel_kwh_generated","38029","quality_check","","","","32680","","raw_value","","FALSE"
"A3325000224225003_diesel_kwh_generated","A3325000224225003","332500","Port Heiden","2023-08-01","2023","8","diesel_kwh_generated","137712","outlier_check","","53268","39337","37660","","raw_value","","TRUE"
"A3325000224225003_fuel_cost","A3325000224225003","332500","Port Heiden","2023-08-01","2023","8","fuel_cost","49119.65","outlier_check","","8996","12781","8626","","raw_value","","FALSE"
"A3325000224225003_fuel_used_gallons","A3325000224225003","332500","Port Heiden","2023-08-01","2023","8","fuel_used_gallons","12134","outlier_check","","2200","3125","2998","","raw_value","","TRUE"
"A3325000225225003_diesel_kwh_generated","A3325000225225003","332500","Port Heiden","2024-08-01","2024","8","diesel_kwh_generated","37186","quality_check","","","","37660","","raw_value","","FALSE"
"A3325000325225003_diesel_kwh_generated","A3325000325225003","332500","Port Heiden","2024-09-01","2024","9","diesel_kwh_generated","34692","quality_check","","","","40292","","raw_value","","FALSE"
"A3325000423225003_diesel_kwh_generated","A3325000423225003","332500","Port Heiden","2022-10-01","2022","10","diesel_kwh_generated","39210","quality_check","47422","48622","47422","40682","","raw_value","","FALSE"
"A3325000425225003_diesel_kwh_generated","A3325000425225003","332500","Port Heiden","2024-10-01","2024","10","diesel_kwh_generated","44490","quality_check","","","","40682","","raw_value","","FALSE"
"A3325000523225003_diesel_kwh_generated","A3325000523225003","332500","Port Heiden","2022-11-01","2022","11","diesel_kwh_generated","56742","quality_check","","48622","","47871","","raw_value","","FALSE"
"A3325000525225003_commercial_sold_to","A3325000525225003","332500","Port Heiden","2024-11-01","2024","11","commercial_sold_to","23902","outlier_check","4819","9422","6056","10036","","raw_value","","TRUE"
"A3325000525225003_diesel_kwh_generated","A3325000525225003","332500","Port Heiden","2024-11-01","2024","11","diesel_kwh_generated","51839","quality_check","","","","47871","","raw_value","","FALSE"
"A3325000623225003_diesel_kwh_generated","A3325000623225003","332500","Port Heiden","2022-12-01","2022","12","diesel_kwh_generated","48884","quality_check","","48622","","51542","","raw_value","","FALSE"
"A3325000625225003_diesel_kwh_generated","A3325000625225003","332500","Port Heiden","2024-12-01","2024","12","diesel_kwh_generated","40847","quality_check","","","","51542","","raw_value","","FALSE"
"A3325000723225003_commercial_sold_to","A3325000723225003","332500","Port Heiden","2023-01-01","2023","1","commercial_sold_to","39511","outlier_check","7083","8543","7083","10724","","raw_value","","TRUE"
"A3325000723225003_diesel_kwh_generated","A3325000723225003","332500","Port Heiden","2023-01-01","2023","1","diesel_kwh_generated","61275","quality_check","","53268","","44544","","raw_value","","FALSE"
"A3325000725225003_diesel_kwh_generated","A3325000725225003","332500","Port Heiden","2025-01-01","2025","1","diesel_kwh_generated","33714","quality_check","","0","","44544","","raw_value","","FALSE"
"A3325000824225003_amount","A3325000824225003","332500","Port Heiden","2024-02-01","2024","2","amount","13258.61","outlier_check","","8670","","6395","","raw_value","","FALSE"
"A3325000824225003_commercial_sold_to","A3325000824225003","332500","Port Heiden","2024-02-01","2024","2","commercial_sold_to","22729","outlier_check","","9422","","8669","","raw_value","","TRUE"
"A3325000824225003_diesel_kwh_generated","A3325000824225003","332500","Port Heiden","2024-02-01","2024","2","diesel_kwh_generated","110977","outlier_check","","","","50496","","raw_value","","FALSE"
"A3325000824225003_govt_facil_sold_to","A3325000824225003","332500","Port Heiden","2024-02-01","2024","2","govt_facil_sold_to","42180","outlier_check","","11246","","15580","","raw_value","","TRUE"
"A3325000824225003_pce_eligible_residential_kwh","A3325000824225003","332500","Port Heiden","2024-02-01","2024","2","pce_eligible_residential_kwh","22617","outlier_check","","15415","","13408","","raw_value","","FALSE"
"A3325000824225003_residential_sold_to","A3325000824225003","332500","Port Heiden","2024-02-01","2024","2","residential_sold_to","38156","outlier_check","","17942","","15578","","raw_value","","TRUE"
"A3325000825225003_diesel_kwh_generated","A3325000825225003","332500","Port Heiden","2025-02-01","2025","2","diesel_kwh_generated","48718","quality_check","","0","","50496","","raw_value","","FALSE"
"A3325000923225003_commercial_sold_to","A3325000923225003","332500","Port Heiden","2023-03-01","2023","3","commercial_sold_to","19475","outlier_check","","8543","9166","8349","","raw_value","","TRUE"
"A3325000923225003_diesel_kwh_generated","A3325000923225003","332500","Port Heiden","2023-03-01","2023","3","diesel_kwh_generated","100294","outlier_check","","53268","","47268","","raw_value","","FALSE"
"A3325000923225003_govt_facil_sold_to","A3325000923225003","332500","Port Heiden","2023-03-01","2023","3","govt_facil_sold_to","47323","outlier_check","","7592","12592","12363","","raw_value","","TRUE"
"A3325000923225003_pce_eligible_residential_kwh","A3325000923225003","332500","Port Heiden","2023-03-01","2023","3","pce_eligible_residential_kwh","20618","outlier_check","","13309","14309","14738","","raw_value","","FALSE"
"A3325000925225003_diesel_kwh_generated","A3325000925225003","332500","Port Heiden","2025-03-01","2025","3","diesel_kwh_generated","44609","quality_check","","0","","47268","","raw_value","","FALSE"
"A3325001023225003_diesel_kwh_generated","A3325001023225003","332500","Port Heiden","2023-04-01","2023","4","diesel_kwh_generated","347100","outlier_check","","53268","","45496","","raw_value","","TRUE"
"A3325001023225003_fuel_cost","A3325001023225003","332500","Port Heiden","2023-04-01","2023","4","fuel_cost","85954.18","outlier_check","0","8996","0","8949","","raw_value","","FALSE"
"A3325001023225003_fuel_used_gallons","A3325001023225003","332500","Port Heiden","2023-04-01","2023","4","fuel_used_gallons","27720","outlier_check","0","2200","0","3104","","raw_value","","TRUE"
"A3325001023225003_powerhouse_consumption_kwh","A3325001023225003","332500","Port Heiden","2023-04-01","2023","4","powerhouse_consumption_kwh","9656","outlier_check","0","1574","0","1772","","raw_value","","TRUE"
"A3325001024225003_diesel_kwh_generated","A3325001024225003","332500","Port Heiden","2024-04-01","2024","4","diesel_kwh_generated","76742","quality_check","","","","45496","","raw_value","","FALSE"
"A3325001025225003_diesel_kwh_generated","A3325001025225003","332500","Port Heiden","2025-04-01","2025","4","diesel_kwh_generated","43973","quality_check","","0","","45496","","raw_value","","FALSE"
"A3325001120225003_diesel_kwh_generated","A3325001120225003","332500","Port Heiden","2020-05-01","2020","5","diesel_kwh_generated","41217","quality_check","49716","52206","46568","43470","","raw_value","","FALSE"
"A3325001123225003_diesel_kwh_generated","A3325001123225003","332500","Port Heiden","2023-05-01","2023","5","diesel_kwh_generated","29985","quality_check","","53268","","43470","","raw_value","","FALSE"
"A3325001124225003_diesel_kwh_generated","A3325001124225003","332500","Port Heiden","2024-05-01","2024","5","diesel_kwh_generated","33675","quality_check","","","","43470","","raw_value","","FALSE"
"A3325001125225003_diesel_kwh_generated","A3325001125225003","332500","Port Heiden","2025-05-01","2025","5","diesel_kwh_generated","44140","quality_check","","0","","43470","","raw_value","","FALSE"
"A3325001223225003_diesel_kwh_generated","A3325001223225003","332500","Port Heiden","2023-06-01","2023","6","diesel_kwh_generated","41071","quality_check","","53268","","37174","","raw_value","","FALSE"
"A3325001224225003_diesel_kwh_generated","A3325001224225003","332500","Port Heiden","2024-06-01","2024","6","diesel_kwh_generated","46896","quality_check","","","","37174","","raw_value","","FALSE"
"A3325001225225003_diesel_kwh_generated","A3325001225225003","332500","Port Heiden","2025-06-01","2025","6","diesel_kwh_generated","61224","quality_check","","0","0","37174","","raw_value","","FALSE"
"A3325100126225003_fuel_cost","A3325100126225003","332510","Kongiganak","2025-07-01","2025","7","fuel_cost","62936.99","outlier_check","28130.78","37024","34658","18019","","raw_value","","FALSE"
"A3325100127225003_diesel_kwh_generated","A3325100127225003","332510","Kongiganak","2026-07-01","2026","7","diesel_kwh_generated","91780","quality_check","90110","87193","90110","69493","","raw_value","","FALSE"
"A3325100127225003_fuel_cost","A3325100127225003","332510","Kongiganak","2026-07-01","2026","7","fuel_cost","145919.04","outlier_check","","38583","","18019","","raw_value","","FALSE"
"A3325100127225003_fuel_used_gallons","A3325100127225003","332510","Kongiganak","2026-07-01","2026","7","fuel_used_gallons","31040","outlier_check","","9028","","5709","","raw_value","","FALSE"
"A3325100426225003_diesel_kwh_generated","A3325100426225003","332510","Kongiganak","2025-10-01","2025","10","diesel_kwh_generated","0","outlier_check","95460","83739","95460","72306","","annual_average","","FALSE"
"A3325100526225003_diesel_kwh_generated","A3325100526225003","332510","Kongiganak","2025-11-01","2025","11","diesel_kwh_generated","0","outlier_check","","83739","","75561","","avg_same_month_other_years","","FALSE"
"A3325100626225003_diesel_kwh_generated","A3325100626225003","332510","Kongiganak","2025-12-01","2025","12","diesel_kwh_generated","0","outlier_check","","83739","","72915","","avg_same_month_other_years","","FALSE"
"A3325100626225003_fuel_cost","A3325100626225003","332510","Kongiganak","2025-12-01","2025","12","fuel_cost","93954.19","outlier_check","41462.82","37024","41463","20300","","raw_value","","FALSE"
"A3325100726225003_diesel_kwh_generated","A3325100726225003","332510","Kongiganak","2026-01-01","2026","1","diesel_kwh_generated","0","outlier_check","","87193","","74054","","avg_same_month_other_years","","FALSE"
"A3325100726225003_fuel_cost","A3325100726225003","332510","Kongiganak","2026-01-01","2026","1","fuel_cost","54019.19","outlier_check","","38583","43103","20922","","raw_value","","FALSE"
"A3325100826225003_diesel_kwh_generated","A3325100826225003","332510","Kongiganak","2026-02-01","2026","2","diesel_kwh_generated","0","outlier_check","","87193","","68815","","avg_same_month_other_years","","FALSE"
"A3325100926225003_diesel_kwh_generated","A3325100926225003","332510","Kongiganak","2026-03-01","2026","3","diesel_kwh_generated","0","outlier_check","","87193","80060","63652","","avg_same_month_other_years","","FALSE"
"A3325101119225003_diesel_kwh_generated","A3325101119225003","332510","Kongiganak","2019-05-01","2019","5","diesel_kwh_generated","0","outlier_check","76720","53085","60050","77459","","avg_preceding_proceeding","","FALSE"
"A3325101126225003_fuel_cost","A3325101126225003","332510","Kongiganak","2026-05-01","2026","5","fuel_cost","70411.58","outlier_check","31224.04","38583","31224","20563","","raw_value","","FALSE"
"A3325101226225003_fuel_cost","A3325101226225003","332510","Kongiganak","2026-06-01","2026","6","fuel_cost","70411.58","outlier_check","","38583","","19082","","raw_value","","FALSE"
"A3325200321225003_pce_eligible_community_kwh","A3325200321225003","332520","Rampart","2020-09-01","2020","9","pce_eligible_community_kwh","0","outlier_check","4742","6029","5766","3858","","avg_preceding_proceeding","","FALSE"
"A3325200416225003_pce_eligible_community_kwh","A3325200416225003","332520","Rampart","2015-10-01","2015","10","pce_eligible_community_kwh","0","outlier_check","","","","4320","","raw_value","","FALSE"
"A3325200426225003_fuel_cost","A3325200426225003","332520","Rampart","2025-10-01","2025","10","fuel_cost","21715.17","outlier_check","16908.36","16733","18892","8183","","raw_value","","FALSE"
"A3325200516225003_pce_eligible_community_kwh","A3325200516225003","332520","Rampart","2015-11-01","2015","11","pce_eligible_community_kwh","0","outlier_check","","","","4542","","raw_value","","FALSE"
"A3325200522225003_fuel_used_gallons","A3325200522225003","332520","Rampart","2021-11-01","2021","11","fuel_used_gallons","3828","outlier_check","1759","1893","1933","2256","","raw_value","","TRUE"
"A3325200616225003_pce_eligible_community_kwh","A3325200616225003","332520","Rampart","2015-12-01","2015","12","pce_eligible_community_kwh","0","outlier_check","","","2240","4612","","raw_value","","FALSE"
"A3325200619225003_fuel_used_gallons","A3325200619225003","332520","Rampart","2018-12-01","2018","12","fuel_used_gallons","3987","outlier_check","2165","1654","2592","2249","","raw_value","","TRUE"
"A3325200623225003_fuel_cost","A3325200623225003","332520","Rampart","2022-12-01","2022","12","fuel_cost","21801.62","outlier_check","12672.35","8980","13422","8128","","raw_value","","FALSE"
"A3325200625225003_fuel_cost","A3325200625225003","332520","Rampart","2024-12-01","2024","12","fuel_cost","23043.68","outlier_check","19106.45","13043","19106","8128","","raw_value","","FALSE"
"A3325200626225003_fuel_cost","A3325200626225003","332520","Rampart","2025-12-01","2025","12","fuel_cost","27029.22","outlier_check","20875.79","16733","12687","8128","","raw_value","","FALSE"
"A3325200725225003_fuel_cost","A3325200725225003","332520","Rampart","2025-01-01","2025","1","fuel_cost","22137.87","outlier_check","","16733","19094","8323","","raw_value","","FALSE"
"A3325200726225003_diesel_kwh_generated","A3325200726225003","332520","Rampart","2026-01-01","2026","1","diesel_kwh_generated","55184","outlier_check","","38644","49436","24655","","raw_value","","FALSE"
"A3325200726225003_fuel_used_gallons","A3325200726225003","332520","Rampart","2026-01-01","2026","1","fuel_used_gallons","745","quality_check","","2500","1599","2360","","raw_value","","FALSE"
"A3325200824225003_diesel_kwh_generated","A3325200824225003","332520","Rampart","2024-02-01","2024","2","diesel_kwh_generated","225243","outlier_check","38110","34065","38110","23602","","raw_value","","FALSE"
"A3325200824225003_fuel_used_gallons","A3325200824225003","332520","Rampart","2024-02-01","2024","2","fuel_used_gallons","2092","quality_check","2657","2576","2657","2066","","raw_value","","FALSE"
"A3325200824225003_powerhouse_consumption_kwh","A3325200824225003","332520","Rampart","2024-02-01","2024","2","powerhouse_consumption_kwh","9137","outlier_check","2575","2251","2342","1525","","raw_value","","TRUE"
"A3325200920225003_fuel_used_gallons","A3325200920225003","332520","Rampart","2020-03-01","2020","3","fuel_used_gallons","5320","outlier_check","2118","1794","1851","2195","","raw_value","","TRUE"
"A3325200924225003_commercial_sold_to","A3325200924225003","332520","Rampart","2024-03-01","2024","3","commercial_sold_to","37895","outlier_check","5338","5658","5338","3168","3789","raw_value","","TRUE"
"A3325200924225003_diesel_kwh_generated","A3325200924225003","332520","Rampart","2024-03-01","2024","3","diesel_kwh_generated","227648","outlier_check","","34065","","25920","","raw_value","","FALSE"
"A3325200924225003_fuel_used_gallons","A3325200924225003","332520","Rampart","2024-03-01","2024","3","fuel_used_gallons","278","quality_check","","2576","","2195","","raw_value","","FALSE"
"A3325201024225003_commercial_sold_to","A3325201024225003","332520","Rampart","2024-04-01","2024","4","commercial_sold_to","75569","outlier_check","","5658","6178","4324","","raw_value","","TRUE"
"A3325201024225003_diesel_kwh_generated","A3325201024225003","332520","Rampart","2024-04-01","2024","4","diesel_kwh_generated","229600","outlier_check","","34065","","19575","","raw_value","","FALSE"
"A3325201024225003_fuel_cost","A3325201024225003","332520","Rampart","2024-04-01","2024","4","fuel_cost","23920.27","outlier_check","1496.36","13043","1496","8194","","raw_value","","FALSE"
"A3325201024225003_fuel_used_gallons","A3325201024225003","332520","Rampart","2024-04-01","2024","4","fuel_used_gallons","4444","outlier_check","","2576","","1950","","raw_value","","FALSE"
"A3325201124225003_diesel_kwh_generated","A3325201124225003","332520","Rampart","2024-05-01","2024","5","diesel_kwh_generated","231622","outlier_check","","34065","","13651","","raw_value","","FALSE"
"A3325201124225003_fuel_cost","A3325201124225003","332520","Rampart","2024-05-01","2024","5","fuel_cost","30438.6","outlier_check","","13043","","6784","","raw_value","","FALSE"
"A3325201124225003_fuel_used_gallons","A3325201124225003","332520","Rampart","2024-05-01","2024","5","fuel_used_gallons","5655","outlier_check","","2576","","1621","","raw_value","","FALSE"
"A3325201124225003_powerhouse_consumption_kwh","A3325201124225003","332520","Rampart","2024-05-01","2024","5","powerhouse_consumption_kwh","7196","outlier_check","4625","2251","2432","2050","","raw_value","","TRUE"
"A3325201224225003_diesel_kwh_generated","A3325201224225003","332520","Rampart","2024-06-01","2024","6","diesel_kwh_generated","233609","outlier_check","","34065","24109","16053","","raw_value","","TRUE"
"A3325201224225003_fuel_cost","A3325201224225003","332520","Rampart","2024-06-01","2024","6","fuel_cost","39040","outlier_check","","13043","12367","5961","","raw_value","","FALSE"
"A3325201224225003_fuel_used_gallons","A3325201224225003","332520","Rampart","2024-06-01","2024","6","fuel_used_gallons","7253","outlier_check","","2576","2048","1601","","raw_value","","TRUE"
"A3325300219225003_diesel_kwh_generated","A3325300219225003","332530","Ruby","2018-08-01","2018","8","diesel_kwh_generated","0","outlier_check","43135","54233","46060","48994","","avg_preceding_proceeding","","FALSE"
"A3325300219225003_powerhouse_consumption_kwh","A3325300219225003","332530","Ruby","2018-08-01","2018","8","powerhouse_consumption_kwh","0","outlier_check","2294","2041","2347","2228","","avg_preceding_proceeding","","FALSE"
"A3325300220225003_diesel_kwh_generated","A3325300220225003","332530","Ruby","2019-08-01","2019","8","diesel_kwh_generated","0","outlier_check","45927","54385","45927","48994","","avg_preceding_proceeding","","FALSE"
"A3325300220225003_powerhouse_consumption_kwh","A3325300220225003","332530","Ruby","2019-08-01","2019","8","powerhouse_consumption_kwh","0","outlier_check","2328","1992","2328","2228","","avg_preceding_proceeding","","FALSE"
"A3325300320225003_diesel_kwh_generated","A3325300320225003","332530","Ruby","2019-09-01","2019","9","diesel_kwh_generated","0","outlier_check","","54385","","51546","","avg_same_month_other_years","","FALSE"
"A3325300320225003_powerhouse_consumption_kwh","A3325300320225003","332530","Ruby","2019-09-01","2019","9","powerhouse_consumption_kwh","0","outlier_check","","1992","","2167","","avg_preceding_proceeding","","FALSE"
"A3325300324225003_fuel_cost","A3325300324225003","332530","Ruby","2023-09-01","2023","9","fuel_cost","53854.48","outlier_check","27452.36","28391","28828","19598","","avg_preceding_proceeding","","FALSE"
"A3325300420225003_diesel_kwh_generated","A3325300420225003","332530","Ruby","2019-10-01","2019","10","diesel_kwh_generated","0","outlier_check","","54385","","57230","","avg_same_month_other_years","","FALSE"
"A3325300420225003_powerhouse_consumption_kwh","A3325300420225003","332530","Ruby","2019-10-01","2019","10","powerhouse_consumption_kwh","0","outlier_check","","1992","","2005","","avg_preceding_proceeding","","FALSE"
"A3325300520225003_diesel_kwh_generated","A3325300520225003","332530","Ruby","2019-11-01","2019","11","diesel_kwh_generated","0","outlier_check","","54385","64749","62969","","avg_same_month_other_years","","FALSE"
"A3325300520225003_powerhouse_consumption_kwh","A3325300520225003","332530","Ruby","2019-11-01","2019","11","powerhouse_consumption_kwh","0","outlier_check","","1992","1835","1720","","avg_preceding_proceeding","","FALSE"
"A3325300622225003_peak_consumption_kw","A3325300622225003","332530","Ruby","2021-12-01","2021","12","peak_consumption_kw","0","outlier_check","138","128","141","166","","avg_preceding_proceeding","","FALSE"
"A3325300720225003_diesel_kwh_generated","A3325300720225003","332530","Ruby","2020-01-01","2020","1","diesel_kwh_generated","0","outlier_check","64749","54760","66668","69150","","avg_preceding_proceeding","","FALSE"
"A3325300720225003_powerhouse_consumption_kwh","A3325300720225003","332530","Ruby","2020-01-01","2020","1","powerhouse_consumption_kwh","0","outlier_check","1835","1828","1889","1749","","avg_preceding_proceeding","","FALSE"
"A3325300819225003_diesel_kwh_generated","A3325300819225003","332530","Ruby","2019-02-01","2019","2","diesel_kwh_generated","0","outlier_check","69438","54385","69438","61696","","avg_preceding_proceeding","","FALSE"
"A3325300819225003_powerhouse_consumption_kwh","A3325300819225003","332530","Ruby","2019-02-01","2019","2","powerhouse_consumption_kwh","0","outlier_check","1790","1992","1790","1752","","avg_preceding_proceeding","","FALSE"
"A3325300824225003_diesel_kwh_generated","A3325300824225003","332530","Ruby","2024-02-01","2024","2","diesel_kwh_generated","80948","quality_check","67127","57068","69552","61696","","raw_value","","FALSE"
"A3325300824225003_fuel_used_gallons","A3325300824225003","332530","Ruby","2024-02-01","2024","2","fuel_used_gallons","1796","quality_check","5200","4267","5083","4613","","avg_preceding_proceeding","","FALSE"
"A3325300919225003_diesel_kwh_generated","A3325300919225003","332530","Ruby","2019-03-01","2019","3","diesel_kwh_generated","0","outlier_check","","54385","50044","63590","","avg_same_month_other_years","","FALSE"
"A3325300919225003_powerhouse_consumption_kwh","A3325300919225003","332530","Ruby","2019-03-01","2019","3","powerhouse_consumption_kwh","0","outlier_check","","1992","1905","1920","","avg_preceding_proceeding","","FALSE"
"A3325300920225003_diesel_kwh_generated","A3325300920225003","332530","Ruby","2020-03-01","2020","3","diesel_kwh_generated","0","outlier_check","68586","54760","61078","63590","","avg_preceding_proceeding","","FALSE"
"A3325300920225003_powerhouse_consumption_kwh","A3325300920225003","332530","Ruby","2020-03-01","2020","3","powerhouse_consumption_kwh","0","outlier_check","1943","1828","1926","1920","","avg_preceding_proceeding","","FALSE"
"A3325301022225003_diesel_kwh_generated","A3325301022225003","332530","Ruby","2022-04-01","2022","4","diesel_kwh_generated","54643","quality_check","63966","60301","82648","53231","","raw_value","","FALSE"
"A3325301022225003_fuel_cost","A3325301022225003","332530","Ruby","2022-04-01","2022","4","fuel_cost","222345.84","outlier_check","24703.42","23493","32602","20808","","avg_preceding_proceeding","","FALSE"
"A3325301022225003_fuel_used_gallons","A3325301022225003","332530","Ruby","2022-04-01","2022","4","fuel_used_gallons","44292","outlier_check","4921","4341","4921","4215","","avg_preceding_proceeding","","FALSE"
"A3325301119225003_diesel_kwh_generated","A3325301119225003","332530","Ruby","2019-05-01","2019","5","diesel_kwh_generated","0","outlier_check","50044","54385","45904","55434","","avg_preceding_proceeding","","FALSE"
"A3325301119225003_powerhouse_consumption_kwh","A3325301119225003","332530","Ruby","2019-05-01","2019","5","powerhouse_consumption_kwh","0","outlier_check","1905","1992","2004","2172","","avg_preceding_proceeding","","FALSE"
"A3325301120225003_diesel_kwh_generated","A3325301120225003","332530","Ruby","2020-05-01","2020","5","diesel_kwh_generated","0","outlier_check","53569","54760","47192","55434","","avg_preceding_proceeding","","FALSE"
"A3325301120225003_powerhouse_consumption_kwh","A3325301120225003","332530","Ruby","2020-05-01","2020","5","powerhouse_consumption_kwh","0","outlier_check","1910","1828","1796","2172","","avg_preceding_proceeding","","FALSE"
"A3325301122225003_fuel_used_gallons","A3325301122225003","332530","Ruby","2022-05-01","2022","5","fuel_used_gallons","8068","outlier_check","","4341","3329","4159","","avg_same_month_other_years","","TRUE"
"A3325301122225003_powerhouse_consumption_kwh","A3325301122225003","332530","Ruby","2022-05-01","2022","5","powerhouse_consumption_kwh","4365","outlier_check","1888","2324","2408","2172","","avg_preceding_proceeding","","TRUE"
"A3325400223225003_amount","A3325400223225003","332540","Sand Point","2022-08-01","2022","8","amount","96683.88","outlier_check","20842.2","38194","20842","39179","","raw_value","","FALSE"
"A3325400323225003_amount","A3325400323225003","332540","Sand Point","2022-09-01","2022","9","amount","107388.55","outlier_check","","38194","61154","40460","","raw_value","","FALSE"
"A3325401117225003_wind_kwh_generated","A3325401117225003","332540","Sand Point","2017-05-01","2017","5","wind_kwh_generated","52248","outlier_check","","","","0","0","raw_value","","TRUE"
"A3325401217225003_wind_kwh_generated","A3325401217225003","332540","Sand Point","2017-06-01","2017","6","wind_kwh_generated","40099","outlier_check","","","","0","0","raw_value","","TRUE"
"A3325401221225003_wind_kwh_generated","A3325401221225003","332540","Sand Point","2021-06-01","2021","6","wind_kwh_generated","29770","outlier_check","","","","0","0","raw_value","","TRUE"
"A3325500222225003_powerhouse_consumption_kwh","A3325500222225003","332550","Saint George","2021-08-01","2021","8","powerhouse_consumption_kwh","0","outlier_check","2546","2349","2546","3001","","avg_preceding_proceeding","","FALSE"
"A3325500322225003_powerhouse_consumption_kwh","A3325500322225003","332550","Saint George","2021-09-01","2021","9","powerhouse_consumption_kwh","0","outlier_check","","2349","","2838","","avg_same_month_other_years","","FALSE"
"A3325500525225003_fuel_cost","A3325500525225003","332550","Saint George","2024-11-01","2024","11","fuel_cost","85349.77","outlier_check","39130.1","40435","39130","25466","","raw_value","","FALSE"
"A3325500717225003_diesel_kwh_generated","A3325500717225003","332550","Saint George","2017-01-01","2017","1","diesel_kwh_generated","58067","quality_check","60710","48148","60710","50249","","raw_value","","FALSE"
"A3325500717225003_fuel_used_gallons","A3325500717225003","332550","Saint George","2017-01-01","2017","1","fuel_used_gallons","0","outlier_check","2453","4137","2453","3560","","avg_same_month_other_years","","FALSE"
"A3325500724225003_fuel_cost","A3325500724225003","332550","Saint George","2024-01-01","2024","1","fuel_cost","90305.93","outlier_check","34866.64","40435","34867","25932","","raw_value","","FALSE"
"A3325500817225003_diesel_kwh_generated","A3325500817225003","332550","Saint George","2017-02-01","2017","2","diesel_kwh_generated","42951","quality_check","","48148","","47928","","raw_value","","FALSE"
"A3325500817225003_fuel_used_gallons","A3325500817225003","332550","Saint George","2017-02-01","2017","2","fuel_used_gallons","0","outlier_check","","4137","","4074","","avg_same_month_other_years","","FALSE"
"A3325500917225003_diesel_kwh_generated","A3325500917225003","332550","Saint George","2017-03-01","2017","3","diesel_kwh_generated","52913","quality_check","","48148","","49759","","raw_value","","FALSE"
"A3325500917225003_fuel_used_gallons","A3325500917225003","332550","Saint George","2017-03-01","2017","3","fuel_used_gallons","0","outlier_check","","4137","","4159","","avg_same_month_other_years","","FALSE"
"A3325501017225003_diesel_kwh_generated","A3325501017225003","332550","Saint George","2017-04-01","2017","4","diesel_kwh_generated","34485","quality_check","","48148","","46076","","raw_value","","FALSE"
"A3325501017225003_fuel_used_gallons","A3325501017225003","332550","Saint George","2017-04-01","2017","4","fuel_used_gallons","0","outlier_check","","4137","","3727","","avg_same_month_other_years","","FALSE"
"A3325501117225003_diesel_kwh_generated","A3325501117225003","332550","Saint George","2017-05-01","2017","5","diesel_kwh_generated","44145","quality_check","","48148","45702","50138","","raw_value","","FALSE"
"A3325501117225003_fuel_used_gallons","A3325501117225003","332550","Saint George","2017-05-01","2017","5","fuel_used_gallons","1284","quality_check","","4137","3829","3901","","avg_same_month_other_years","","FALSE"
"A3325600122225003_pce_eligible_community_kwh","A3325600122225003","332560","Saint Paul","2021-07-01","2021","7","pce_eligible_community_kwh","21605","outlier_check","23189","26098","23430","26627","","raw_value","","FALSE"
"A3325600225225003_fuel_cost","A3325600225225003","332560","Saint Paul","2024-08-01","2024","8","fuel_cost","152691.57","outlier_check","131918.78","126747","137425","76824","","raw_value","","FALSE"
"A3325600319225003_pce_eligible_community_kwh","A3325600319225003","332560","Saint Paul","2018-09-01","2018","9","pce_eligible_community_kwh","22298","outlier_check","27230","27429","27230","26046","","raw_value","","FALSE"
"A3325600625225003_fuel_cost","A3325600625225003","332560","Saint Paul","2024-12-01","2024","12","fuel_cost","170730.63","outlier_check","137373.69","126747","137374","79534","","raw_value","","FALSE"
"A3325600626225003_fuel_cost","A3325600626225003","332560","Saint Paul","2025-12-01","2025","12","fuel_cost","158916.1","outlier_check","142547.65","137359","142548","79534","","raw_value","","FALSE"
"A3325600725225003_fuel_cost","A3325600725225003","332560","Saint Paul","2025-01-01","2025","1","fuel_cost","194351.6","outlier_check","","137359","","86004","","raw_value","","FALSE"
"A3325600726225003_fuel_cost","A3325600726225003","332560","Saint Paul","2026-01-01","2026","1","fuel_cost","173313","outlier_check","","124769","","86004","","raw_value","","FALSE"
"A3325600825225003_fuel_cost","A3325600825225003","332560","Saint Paul","2025-02-01","2025","2","fuel_cost","166428.95","outlier_check","","137359","150558","77124","","raw_value","","FALSE"
"A3325600826225003_fuel_cost","A3325600826225003","332560","Saint Paul","2026-02-01","2026","2","fuel_cost","163357","outlier_check","","124769","","77124","","raw_value","","FALSE"
"A3325600921225003_pce_eligible_community_kwh","A3325600921225003","332560","Saint Paul","2021-03-01","2021","3","pce_eligible_community_kwh","9913","outlier_check","26950","26098","26950","27453","","avg_preceding_proceeding","","FALSE"
"A3325600926225003_fuel_cost","A3325600926225003","332560","Saint Paul","2026-03-01","2026","3","fuel_cost","193932.4","outlier_check","","124769","","91083","","raw_value","","FALSE"
"A3325601026225003_fuel_cost","A3325601026225003","332560","Saint Paul","2026-04-01","2026","4","fuel_cost","193932.4","outlier_check","","124769","132690","78545","","raw_value","","FALSE"
"A3325601225225003_pce_eligible_community_kwh","A3325601225225003","332560","Saint Paul","2025-06-01","2025","6","pce_eligible_community_kwh","20589","outlier_check","24640","25197","25296","26680","","raw_value","","FALSE"
"A3325800624225003_diesel_kwh_generated","A3325800624225003","332580","Takotna","2023-12-01","2023","12","diesel_kwh_generated","17563","quality_check","14384","22190","17210","18102","","raw_value","","FALSE"
"A3325800624225003_fuel_cost","A3325800624225003","332580","Takotna","2023-12-01","2023","12","fuel_cost","36316.96","outlier_check","8300.07","12583","9792","9632","","avg_preceding_proceeding","","FALSE"
"A3325800624225003_fuel_used_gallons","A3325800624225003","332580","Takotna","2023-12-01","2023","12","fuel_used_gallons","6537","outlier_check","1494","2255","1762","2253","","avg_preceding_proceeding","","FALSE"
"A3325800723225003_powerhouse_consumption_kwh","A3325800723225003","332580","Takotna","2023-01-01","2023","1","powerhouse_consumption_kwh","5723","outlier_check","4126","3846","4461","1598","","raw_value","","FALSE"
"A3325800824225003_diesel_kwh_generated","A3325800824225003","332580","Takotna","2024-02-01","2024","2","diesel_kwh_generated","21438","quality_check","20037","22907","22778","13352","","raw_value","","FALSE"
"A3325800824225003_fuel_cost","A3325800824225003","332580","Takotna","2024-02-01","2024","2","fuel_cost","38750.31","outlier_check","11283.42","12197","10772","9122","","avg_preceding_proceeding","","FALSE"
"A3325800824225003_fuel_used_gallons","A3325800824225003","332580","Takotna","2024-02-01","2024","2","fuel_used_gallons","6975","outlier_check","2031","2190","1939","2009","","avg_preceding_proceeding","","FALSE"
"A3325800925225003_diesel_kwh_generated","A3325800925225003","332580","Takotna","2025-03-01","2025","3","diesel_kwh_generated","27565","quality_check","26544","22447","25202","20362","","raw_value","","FALSE"
"A3325800925225003_fuel_cost","A3325800925225003","332580","Takotna","2025-03-01","2025","3","fuel_cost","54397.4","outlier_check","12164.41","12149","12946","10003","","avg_preceding_proceeding","","FALSE"
"A3325800925225003_fuel_used_gallons","A3325800925225003","332580","Takotna","2025-03-01","2025","3","fuel_used_gallons","9610","outlier_check","2149","2152","2287","2221","","avg_preceding_proceeding","","FALSE"
"A3325801122225003_fuel_used_gallons","A3325801122225003","332580","Takotna","2022-05-01","2022","5","fuel_used_gallons","4145","outlier_check","1820","1956","1730","1834","","avg_preceding_proceeding","","TRUE"
"A3325801124225003_diesel_kwh_generated","A3325801124225003","332580","Takotna","2024-05-01","2024","5","diesel_kwh_generated","21846","quality_check","21156","22907","20058","14797","","raw_value","","FALSE"
"A3325801124225003_fuel_cost","A3325801124225003","332580","Takotna","2024-05-01","2024","5","fuel_cost","42267","outlier_check","11116.76","12197","11850","9406","","avg_preceding_proceeding","","FALSE"
"A3325801124225003_fuel_used_gallons","A3325801124225003","332580","Takotna","2024-05-01","2024","5","fuel_used_gallons","7608","outlier_check","2001","2190","2133","1834","","avg_preceding_proceeding","","FALSE"
"A3325900124225003_pce_eligible_residential_kwh","A3325900124225003","332590","Port Alsworth","2023-07-01","2023","7","pce_eligible_residential_kwh","31691","outlier_check","24297","24734","26503","25322","","raw_value","","FALSE"
"A3326000618225003_peak_consumption_kw","A3326000618225003","332600","Tanana","2017-12-01","2017","12","peak_consumption_kw","0","outlier_check","251","231","270","266","","avg_preceding_proceeding","","FALSE"
"A3326000626225003_pce_eligible_residential_kwh","A3326000626225003","332600","Tanana","2025-12-01","2025","12","pce_eligible_residential_kwh","41463","outlier_check","29568","28211","31627","28611","","raw_value","","FALSE"
"A3326300523225003_fuel_cost","A3326300523225003","332630","Tenakee Springs","2022-11-01","2022","11","fuel_cost","22193.46","outlier_check","17931.55","14115","17932","10885","","raw_value","","FALSE"
"A3326300623225003_fuel_cost","A3326300623225003","332630","Tenakee Springs","2022-12-01","2022","12","fuel_cost","22857.8","outlier_check","","14115","18973","11312","","raw_value","","FALSE"
"A3326600122225003_pce_eligible_community_kwh","A3326600122225003","332660","Chilkat Valley","2021-07-01","2021","7","pce_eligible_community_kwh","1903","outlier_check","","","","89","","raw_value","","FALSE"
"A3326600122225003_peak_consumption_kw","A3326600122225003","332660","Chilkat Valley","2021-07-01","2021","7","peak_consumption_kw","0","outlier_check","","230","","268","","avg_same_month_other_years","","FALSE"
"A3326600123225003_pce_eligible_community_kwh","A3326600123225003","332660","Chilkat Valley","2022-07-01","2022","7","pce_eligible_community_kwh","702","outlier_check","","","","89","","raw_value","","FALSE"
"A3326600222225003_pce_eligible_community_kwh","A3326600222225003","332660","Chilkat Valley","2021-08-01","2021","8","pce_eligible_community_kwh","1747","outlier_check","","","","87","","raw_value","","FALSE"
"A3326600222225003_peak_consumption_kw","A3326600222225003","332660","Chilkat Valley","2021-08-01","2021","8","peak_consumption_kw","0","outlier_check","","230","","249","","avg_same_month_other_years","","FALSE"
"A3326600223225003_pce_eligible_community_kwh","A3326600223225003","332660","Chilkat Valley","2022-08-01","2022","8","pce_eligible_community_kwh","669","outlier_check","","","","87","","raw_value","","FALSE"
"A3326600322225003_pce_eligible_community_kwh","A3326600322225003","332660","Chilkat Valley","2021-09-01","2021","9","pce_eligible_community_kwh","1419","outlier_check","","","","89","","raw_value","","FALSE"
"A3326600322225003_peak_consumption_kw","A3326600322225003","332660","Chilkat Valley","2021-09-01","2021","9","peak_consumption_kw","0","outlier_check","","230","","240","","avg_same_month_other_years","","FALSE"
"A3326600323225003_pce_eligible_community_kwh","A3326600323225003","332660","Chilkat Valley","2022-09-01","2022","9","pce_eligible_community_kwh","750","outlier_check","","","","89","","raw_value","","FALSE"
"A3326600421225003_pce_eligible_community_kwh","A3326600421225003","332660","Chilkat Valley","2020-10-01","2020","10","pce_eligible_community_kwh","1050","outlier_check","93","125","93","89","","raw_value","","FALSE"
"A3326600422225003_pce_eligible_community_kwh","A3326600422225003","332660","Chilkat Valley","2021-10-01","2021","10","pce_eligible_community_kwh","1763","outlier_check","","","","89","","raw_value","","FALSE"
"A3326600422225003_peak_consumption_kw","A3326600422225003","332660","Chilkat Valley","2021-10-01","2021","10","peak_consumption_kw","0","outlier_check","","230","256","238","","avg_same_month_other_years","","FALSE"
"A3326600423225003_pce_eligible_community_kwh","A3326600423225003","332660","Chilkat Valley","2022-10-01","2022","10","pce_eligible_community_kwh","667","outlier_check","","","","89","","raw_value","","FALSE"
"A3326600521225003_pce_eligible_community_kwh","A3326600521225003","332660","Chilkat Valley","2020-11-01","2020","11","pce_eligible_community_kwh","3522","outlier_check","","125","","106","","raw_value","","FALSE"
"A3326600522225003_pce_eligible_community_kwh","A3326600522225003","332660","Chilkat Valley","2021-11-01","2021","11","pce_eligible_community_kwh","1160","outlier_check","","","","106","","raw_value","","FALSE"
"A3326600523225003_pce_eligible_community_kwh","A3326600523225003","332660","Chilkat Valley","2022-11-01","2022","11","pce_eligible_community_kwh","789","outlier_check","","","","106","","raw_value","","FALSE"
"A3326600621225003_pce_eligible_community_kwh","A3326600621225003","332660","Chilkat Valley","2020-12-01","2020","12","pce_eligible_community_kwh","3154","outlier_check","","125","","151","","raw_value","","FALSE"
"A3326600622225003_pce_eligible_community_kwh","A3326600622225003","332660","Chilkat Valley","2021-12-01","2021","12","pce_eligible_community_kwh","1386","outlier_check","","","","151","","raw_value","","FALSE"
"A3326600623225003_pce_eligible_community_kwh","A3326600623225003","332660","Chilkat Valley","2022-12-01","2022","12","pce_eligible_community_kwh","818","outlier_check","","","","151","","raw_value","","FALSE"
"A3326600721225003_pce_eligible_community_kwh","A3326600721225003","332660","Chilkat Valley","2021-01-01","2021","1","pce_eligible_community_kwh","3248","outlier_check","","","","176","","raw_value","","FALSE"
"A3326600722225003_pce_eligible_community_kwh","A3326600722225003","332660","Chilkat Valley","2022-01-01","2022","1","pce_eligible_community_kwh","1788","outlier_check","","","","176","","raw_value","","FALSE"
"A3326600821225003_pce_eligible_community_kwh","A3326600821225003","332660","Chilkat Valley","2021-02-01","2021","2","pce_eligible_community_kwh","3689","outlier_check","","","","162","","raw_value","","FALSE"
"A3326600822225003_pce_eligible_community_kwh","A3326600822225003","332660","Chilkat Valley","2022-02-01","2022","2","pce_eligible_community_kwh","1800","outlier_check","","","","162","","raw_value","","FALSE"
"A3326600921225003_pce_eligible_community_kwh","A3326600921225003","332660","Chilkat Valley","2021-03-01","2021","3","pce_eligible_community_kwh","2348","outlier_check","","","","152","","raw_value","","FALSE"
"A3326600922225003_pce_eligible_community_kwh","A3326600922225003","332660","Chilkat Valley","2022-03-01","2022","3","pce_eligible_community_kwh","2050","outlier_check","","","","152","","raw_value","","FALSE"
"A3326601021225003_pce_eligible_community_kwh","A3326601021225003","332660","Chilkat Valley","2021-04-01","2021","4","pce_eligible_community_kwh","1379","outlier_check","","","","101","","raw_value","","FALSE"
"A3326601021225003_peak_consumption_kw","A3326601021225003","332660","Chilkat Valley","2021-04-01","2021","4","peak_consumption_kw","0","outlier_check","190","230","190","130","","avg_same_month_other_years","","FALSE"
"A3326601022225003_pce_eligible_community_kwh","A3326601022225003","332660","Chilkat Valley","2022-04-01","2022","4","pce_eligible_community_kwh","2028","outlier_check","","","","101","","raw_value","","FALSE"
"A3326601121225003_pce_eligible_community_kwh","A3326601121225003","332660","Chilkat Valley","2021-05-01","2021","5","pce_eligible_community_kwh","1809","outlier_check","","","","89","","raw_value","","FALSE"
"A3326601121225003_peak_consumption_kw","A3326601121225003","332660","Chilkat Valley","2021-05-01","2021","5","peak_consumption_kw","0","outlier_check","","230","","160","","avg_same_month_other_years","","FALSE"
"A3326601122225003_pce_eligible_community_kwh","A3326601122225003","332660","Chilkat Valley","2022-05-01","2022","5","pce_eligible_community_kwh","1444","outlier_check","","","","89","","raw_value","","FALSE"
"A3326601221225003_pce_eligible_community_kwh","A3326601221225003","332660","Chilkat Valley","2021-06-01","2021","6","pce_eligible_community_kwh","2011","outlier_check","","","","87","","raw_value","","FALSE"
"A3326601221225003_peak_consumption_kw","A3326601221225003","332660","Chilkat Valley","2021-06-01","2021","6","peak_consumption_kw","0","outlier_check","","230","","244","","avg_same_month_other_years","","FALSE"
"A3326601222225003_pce_eligible_community_kwh","A3326601222225003","332660","Chilkat Valley","2022-06-01","2022","6","pce_eligible_community_kwh","1112","outlier_check","","","","87","","raw_value","","FALSE"
"A3326900325225003_diesel_kwh_generated","A3326900325225003","332690","Chilkat Valley/Klukwan","2024-09-01","2024","9","diesel_kwh_generated","1","quality_check","0","0","0","0","","raw_value","","FALSE"
"A3326900425225003_diesel_kwh_generated","A3326900425225003","332690","Chilkat Valley/Klukwan","2024-10-01","2024","10","diesel_kwh_generated","7","quality_check","","0","","0","","raw_value","","FALSE"
"A3326900525225003_diesel_kwh_generated","A3326900525225003","332690","Chilkat Valley/Klukwan","2024-11-01","2024","11","diesel_kwh_generated","2","quality_check","","0","0","0","","raw_value","","FALSE"
"A3326900923225003_powerhouse_consumption_kwh","A3326900923225003","332690","Chilkat Valley/Klukwan","2023-03-01","2023","3","powerhouse_consumption_kwh","0","outlier_check","","4487","4546","4502","","avg_preceding_proceeding","","FALSE"
"A3327000116225003_pce_eligible_community_kwh","A3327000116225003","332700","Klukwan","2015-07-01","2015","7","pce_eligible_community_kwh","3720","outlier_check","","5880","","6420","","raw_value","","FALSE"
"A3327000123225003_diesel_kwh_generated","A3327000123225003","332700","Klukwan","2022-07-01","2022","7","diesel_kwh_generated","32392","outlier_check","0","0","0","0","","raw_value","","FALSE"
"A3327000216225003_pce_eligible_community_kwh","A3327000216225003","332700","Klukwan","2015-08-01","2015","8","pce_eligible_community_kwh","4484","outlier_check","","5880","5880","6440","","raw_value","","FALSE"
"A3327000223225003_diesel_kwh_generated","A3327000223225003","332700","Klukwan","2022-08-01","2022","8","diesel_kwh_generated","29323","outlier_check","","0","","0","","raw_value","","FALSE"
"A3327000323225003_diesel_kwh_generated","A3327000323225003","332700","Klukwan","2022-09-01","2022","9","diesel_kwh_generated","33178","outlier_check","","0","","0","","raw_value","","FALSE"
"A3327000423225003_diesel_kwh_generated","A3327000423225003","332700","Klukwan","2022-10-01","2022","10","diesel_kwh_generated","32312","outlier_check","","0","","0","","raw_value","","FALSE"
"A3327000523225003_diesel_kwh_generated","A3327000523225003","332700","Klukwan","2022-11-01","2022","11","diesel_kwh_generated","32964","outlier_check","","0","","0","","raw_value","","FALSE"
"A3327000623225003_diesel_kwh_generated","A3327000623225003","332700","Klukwan","2022-12-01","2022","12","diesel_kwh_generated","43054","outlier_check","","0","","0","","raw_value","","FALSE"
"A3327100126225003_fuel_cost","A3327100126225003","332710","Tuluksak","2025-07-01","2025","7","fuel_cost","57982.23","outlier_check","","","","17951","","raw_value","","FALSE"
"A3327100225225003_diesel_kwh_generated","A3327100225225003","332710","Tuluksak","2024-08-01","2024","8","diesel_kwh_generated","46210","quality_check","90996","81750","90996","56863","","raw_value","","FALSE"
"A3327100225225003_fuel_used_gallons","A3327100225225003","332710","Tuluksak","2024-08-01","2024","8","fuel_used_gallons","733","quality_check","5351","4623","2676","4307","","raw_value","","FALSE"
"A3327100226225003_fuel_cost","A3327100226225003","332710","Tuluksak","2025-08-01","2025","8","fuel_cost","67621.06","outlier_check","","","","15856","","raw_value","","FALSE"
"A3327100325225003_diesel_kwh_generated","A3327100325225003","332710","Tuluksak","2024-09-01","2024","9","diesel_kwh_generated","73413","quality_check","","81750","","53416","","raw_value","","FALSE"
"A3327100325225003_peak_consumption_kw","A3327100325225003","332710","Tuluksak","2024-09-01","2024","9","peak_consumption_kw","0","outlier_check","129","148","129","106","","avg_preceding_proceeding","","FALSE"
"A3327100326225003_fuel_cost","A3327100326225003","332710","Tuluksak","2025-09-01","2025","9","fuel_cost","75506.24","outlier_check","","","","13838","","raw_value","","FALSE"
"A3327100425225003_diesel_kwh_generated","A3327100425225003","332710","Tuluksak","2024-10-01","2024","10","diesel_kwh_generated","60083","quality_check","","81750","73276","59840","","raw_value","","FALSE"
"A3327100425225003_peak_consumption_kw","A3327100425225003","332710","Tuluksak","2024-10-01","2024","10","peak_consumption_kw","0","outlier_check","","148","145","111","","avg_preceding_proceeding","","FALSE"
"A3327100426225003_fuel_cost","A3327100426225003","332710","Tuluksak","2025-10-01","2025","10","fuel_cost","78851.85","outlier_check","","","","13091","","raw_value","","FALSE"
"A3327100525225003_fuel_cost","A3327100525225003","332710","Tuluksak","2024-11-01","2024","11","fuel_cost","73267.55","outlier_check","0","17489","0","17720","","raw_value","","FALSE"
"A3327100526225003_fuel_cost","A3327100526225003","332710","Tuluksak","2025-11-01","2025","11","fuel_cost","88179.75","outlier_check","","","","17720","","raw_value","","FALSE"
"A3327100625225003_fuel_cost","A3327100625225003","332710","Tuluksak","2024-12-01","2024","12","fuel_cost","82396.45","outlier_check","","17489","","19424","","raw_value","","FALSE"
"A3327100626225003_fuel_cost","A3327100626225003","332710","Tuluksak","2025-12-01","2025","12","fuel_cost","99049.86","outlier_check","","","","19424","","raw_value","","FALSE"
"A3327100725225003_fuel_cost","A3327100725225003","332710","Tuluksak","2025-01-01","2025","1","fuel_cost","87906.13","outlier_check","","","","18789","","raw_value","","FALSE"
"A3327100726225003_fuel_cost","A3327100726225003","332710","Tuluksak","2026-01-01","2026","1","fuel_cost","100865.69","outlier_check","","","","18789","","raw_value","","FALSE"
"A3327100825225003_fuel_cost","A3327100825225003","332710","Tuluksak","2025-02-01","2025","2","fuel_cost","72745.18","outlier_check","","","","13775","","raw_value","","FALSE"
"A3327100826225003_fuel_cost","A3327100826225003","332710","Tuluksak","2026-02-01","2026","2","fuel_cost","90070.2","outlier_check","","","","13775","","raw_value","","FALSE"
"A3327100925225003_fuel_cost","A3327100925225003","332710","Tuluksak","2025-03-01","2025","3","fuel_cost","76687.78","outlier_check","","","","13753","","raw_value","","FALSE"
"A3327100926225003_fuel_cost","A3327100926225003","332710","Tuluksak","2026-03-01","2026","3","fuel_cost","99920.46","outlier_check","","","","13753","","raw_value","","FALSE"
"A3327100926225003_pce_eligible_community_kwh","A3327100926225003","332710","Tuluksak","2026-03-01","2026","3","pce_eligible_community_kwh","12141","outlier_check","1980","2676","2975","2690","","raw_value","","FALSE"
"A3327101025225003_fuel_cost","A3327101025225003","332710","Tuluksak","2025-04-01","2025","4","fuel_cost","91139.8","outlier_check","","","","15516","","raw_value","","FALSE"
"A3327101026225003_fuel_cost","A3327101026225003","332710","Tuluksak","2026-04-01","2026","4","fuel_cost","90940.81","outlier_check","","","","15516","","raw_value","","FALSE"
"A3327101125225003_fuel_cost","A3327101125225003","332710","Tuluksak","2025-05-01","2025","5","fuel_cost","77346.95","outlier_check","","","","15578","","raw_value","","FALSE"
"A3327101126225003_fuel_cost","A3327101126225003","332710","Tuluksak","2026-05-01","2026","5","fuel_cost","55818.15","outlier_check","","","","15578","","raw_value","","FALSE"
"A3327101224225003_amount","A3327101224225003","332710","Tuluksak","2024-06-01","2024","6","amount","42986.29","outlier_check","","16401","17268","10923","","raw_value","","FALSE"
"A3327101224225003_pce_eligible_community_kwh","A3327101224225003","332710","Tuluksak","2024-06-01","2024","6","pce_eligible_community_kwh","29400","outlier_check","","2251","1121","1998","","raw_value","","FALSE"
"A3327101224225003_peak_consumption_kw","A3327101224225003","332710","Tuluksak","2024-06-01","2024","6","peak_consumption_kw","0","outlier_check","","148","123","102","","avg_preceding_proceeding","","FALSE"
"A3327101225225003_fuel_cost","A3327101225225003","332710","Tuluksak","2025-06-01","2025","6","fuel_cost","70680.61","outlier_check","","","","18673","","raw_value","","FALSE"
"A3327200221225003_powerhouse_consumption_kwh","A3327200221225003","332720","Tuntutuliak","2020-08-01","2020","8","powerhouse_consumption_kwh","0","outlier_check","2608","2400","2608","2723","","avg_preceding_proceeding","","FALSE"
"A3327200321225003_powerhouse_consumption_kwh","A3327200321225003","332720","Tuntutuliak","2020-09-01","2020","9","powerhouse_consumption_kwh","0","outlier_check","","2400","","2702","","avg_same_month_other_years","","FALSE"
"A3327200421225003_powerhouse_consumption_kwh","A3327200421225003","332720","Tuntutuliak","2020-10-01","2020","10","powerhouse_consumption_kwh","0","outlier_check","","2400","1505","2426","","avg_same_month_other_years","","FALSE"
"A3327300219225003_fuel_cost","A3327300219225003","332730","Twin Hills","2018-08-01","2018","8","fuel_cost","17070.76","outlier_check","7404.6","7854","7634","3875","","raw_value","","FALSE"
"A3327300520225003_fuel_cost","A3327300520225003","332730","Twin Hills","2019-11-01","2019","11","fuel_cost","11247.29","outlier_check","9991.92","8800","9992","2485","","raw_value","","FALSE"
"A3327300620225003_fuel_cost","A3327300620225003","332730","Twin Hills","2019-12-01","2019","12","fuel_cost","11295.08","outlier_check","","8800","","2818","","raw_value","","FALSE"
"A3327300624225003_amount","A3327300624225003","332730","Twin Hills","2023-12-01","2023","12","amount","8601.66","outlier_check","2326.28","3530","2326","3931","","raw_value","","FALSE"
"A3327300624225003_pce_eligible_residential_kwh","A3327300624225003","332730","Twin Hills","2023-12-01","2023","12","pce_eligible_residential_kwh","18278","outlier_check","4987","8944","4987","10047","","raw_value","","FALSE"
"A3327300626225003_amount","A3327300626225003","332730","Twin Hills","2025-12-01","2025","12","amount","7903.34","outlier_check","6806.78","6160","6807","3931","","raw_value","","FALSE"
"A3327300720225003_fuel_cost","A3327300720225003","332730","Twin Hills","2020-01-01","2020","1","fuel_cost","13764.38","outlier_check","","9213","","2710","","raw_value","","FALSE"
"A3327300724225003_amount","A3327300724225003","332730","Twin Hills","2024-01-01","2024","1","amount","55031.17","outlier_check","","6195","7117","3520","","raw_value","","FALSE"
"A3327300724225003_pce_eligible_community_kwh","A3327300724225003","332730","Twin Hills","2024-01-01","2024","1","pce_eligible_community_kwh","41623","outlier_check","6510","4134","5614","4011","","avg_preceding_proceeding","","FALSE"
"A3327300724225003_pce_eligible_residential_kwh","A3327300724225003","332730","Twin Hills","2024-01-01","2024","1","pce_eligible_residential_kwh","116076","outlier_check","","10922","12966","10039","","avg_preceding_proceeding","","FALSE"
"A3327300725225003_amount","A3327300725225003","332730","Twin Hills","2025-01-01","2025","1","amount","8047.03","outlier_check","7310.96","6160","6926","3520","","raw_value","","FALSE"
"A3327300726225003_amount","A3327300726225003","332730","Twin Hills","2026-01-01","2026","1","amount","7943.06","outlier_check","","6004","6996","3520","","raw_value","","FALSE"
"A3327300820225003_fuel_cost","A3327300820225003","332730","Twin Hills","2020-02-01","2020","2","fuel_cost","10657.84","outlier_check","","9213","","2586","","raw_value","","FALSE"
"A3327300920225003_fuel_cost","A3327300920225003","332730","Twin Hills","2020-03-01","2020","3","fuel_cost","10562.25","outlier_check","","9213","9151","2720","","raw_value","","FALSE"
"A3327300926225003_amount","A3327300926225003","332730","Twin Hills","2026-03-01","2026","3","amount","8605.16","outlier_check","6995.52","6004","5543","3954","","raw_value","","FALSE"
"A3327300926225003_pce_eligible_community_kwh","A3327300926225003","332730","Twin Hills","2026-03-01","2026","3","pce_eligible_community_kwh","10815","outlier_check","5285","5459","5403","3402","","avg_preceding_proceeding","","FALSE"
"A3327301126225003_residential_sold_to","A3327301126225003","332730","Twin Hills","2026-05-01","2026","5","residential_sold_to","0","outlier_check","11565","12331","11565","9860","","avg_same_month_other_years","","FALSE"
"A3327400126225003_pce_eligible_community_kwh","A3327400126225003","332740","Nikolski","2025-07-01","2025","7","pce_eligible_community_kwh","2745","outlier_check","2333","2375","2333","1200","","raw_value","","FALSE"
"A3327400222225003_amount","A3327400222225003","332740","Nikolski","2021-08-01","2021","8","amount","564.36","outlier_check","1779.53","2380","1563","2947","","raw_value","","FALSE"
"A3327400226225003_pce_eligible_community_kwh","A3327400226225003","332740","Nikolski","2025-08-01","2025","8","pce_eligible_community_kwh","2728","outlier_check","","2375","","1187","","raw_value","","FALSE"
"A3327400326225003_pce_eligible_community_kwh","A3327400326225003","332740","Nikolski","2025-09-01","2025","9","pce_eligible_community_kwh","2744","outlier_check","","2375","","1181","","raw_value","","FALSE"
"A3327400422225003_diesel_kwh_generated","A3327400422225003","332740","Nikolski","2021-10-01","2021","10","diesel_kwh_generated","0","outlier_check","15275","15895","15275","17062","","avg_preceding_proceeding","","FALSE"
"A3327400422225003_fuel_used_gallons","A3327400422225003","332740","Nikolski","2021-10-01","2021","10","fuel_used_gallons","0","outlier_check","1363","1532","1179","1724","","raw_value","","TRUE"
"A3327400422225003_peak_consumption_kw","A3327400422225003","332740","Nikolski","2021-10-01","2021","10","peak_consumption_kw","0","outlier_check","61","51","54","54","","avg_preceding_proceeding","","FALSE"
"A3327400426225003_pce_eligible_community_kwh","A3327400426225003","332740","Nikolski","2025-10-01","2025","10","pce_eligible_community_kwh","2739","outlier_check","","2375","","1201","","raw_value","","FALSE"
"A3327400522225003_diesel_kwh_generated","A3327400522225003","332740","Nikolski","2021-11-01","2021","11","diesel_kwh_generated","0","outlier_check","","15895","15932","17277","","avg_preceding_proceeding","","FALSE"
"A3327400526225003_pce_eligible_community_kwh","A3327400526225003","332740","Nikolski","2025-11-01","2025","11","pce_eligible_community_kwh","2749","outlier_check","","2375","","1345","","raw_value","","FALSE"
"A3327400624225003_pce_eligible_community_kwh","A3327400624225003","332740","Nikolski","2023-12-01","2023","12","pce_eligible_community_kwh","2870","outlier_check","1888","857","1888","1292","","raw_value","","FALSE"
"A3327400626225003_pce_eligible_community_kwh","A3327400626225003","332740","Nikolski","2025-12-01","2025","12","pce_eligible_community_kwh","2735","outlier_check","","2375","","1292","","raw_value","","FALSE"
"A3327400724225003_pce_eligible_community_kwh","A3327400724225003","332740","Nikolski","2024-01-01","2024","1","pce_eligible_community_kwh","2870","outlier_check","","2590","","1274","","raw_value","","FALSE"
"A3327400725225003_fuel_cost","A3327400725225003","332740","Nikolski","2025-01-01","2025","1","fuel_cost","25880.12","outlier_check","21464.67","16633","21465","11511","","raw_value","","FALSE"
"A3327400726225003_pce_eligible_community_kwh","A3327400726225003","332740","Nikolski","2026-01-01","2026","1","pce_eligible_community_kwh","2756","outlier_check","","2438","","1274","","raw_value","","FALSE"
"A3327400824225003_pce_eligible_community_kwh","A3327400824225003","332740","Nikolski","2024-02-01","2024","2","pce_eligible_community_kwh","2870","outlier_check","","2590","","1235","","raw_value","","FALSE"
"A3327400825225003_fuel_cost","A3327400825225003","332740","Nikolski","2025-02-01","2025","2","fuel_cost","24544.43","outlier_check","","16633","","11238","","raw_value","","FALSE"
"A3327400826225003_pce_eligible_community_kwh","A3327400826225003","332740","Nikolski","2026-02-01","2026","2","pce_eligible_community_kwh","2788","outlier_check","","2438","2392","1235","","raw_value","","FALSE"
"A3327400924225003_pce_eligible_community_kwh","A3327400924225003","332740","Nikolski","2024-03-01","2024","3","pce_eligible_community_kwh","2870","outlier_check","","2590","","1408","","raw_value","","FALSE"
"A3327400925225003_fuel_cost","A3327400925225003","332740","Nikolski","2025-03-01","2025","3","fuel_cost","26969.09","outlier_check","","16633","19006","11175","","raw_value","","FALSE"
"A3327400926225003_fuel_cost","A3327400926225003","332740","Nikolski","2026-03-01","2026","3","fuel_cost","31829.12","outlier_check","20688.93","19746","20689","11175","","raw_value","","FALSE"
"A3327401024225003_pce_eligible_community_kwh","A3327401024225003","332740","Nikolski","2024-04-01","2024","4","pce_eligible_community_kwh","2870","outlier_check","","2590","","1318","","raw_value","","FALSE"
"A3327401026225003_fuel_cost","A3327401026225003","332740","Nikolski","2026-04-01","2026","4","fuel_cost","27116.86","outlier_check","","19746","","10856","","raw_value","","FALSE"
"A3327401123225003_fuel_cost","A3327401123225003","332740","Nikolski","2023-05-01","2023","5","fuel_cost","29399.73","outlier_check","14545.98","13477","14420","11052","","raw_value","","FALSE"
"A3327401124225003_fuel_cost","A3327401124225003","332740","Nikolski","2024-05-01","2024","5","fuel_cost","24016.95","outlier_check","7963.11","15443","7963","11052","","raw_value","","FALSE"
"A3327401124225003_pce_eligible_community_kwh","A3327401124225003","332740","Nikolski","2024-05-01","2024","5","pce_eligible_community_kwh","2870","outlier_check","","2590","","1333","","raw_value","","FALSE"
"A3327401126225003_fuel_cost","A3327401126225003","332740","Nikolski","2026-05-01","2026","5","fuel_cost","22994.6","outlier_check","","19746","","11052","","raw_value","","FALSE"
"A3327401224225003_fuel_cost","A3327401224225003","332740","Nikolski","2024-06-01","2024","6","fuel_cost","39220.04","outlier_check","","15443","14174","10866","","raw_value","","FALSE"
"A3327401224225003_pce_eligible_community_kwh","A3327401224225003","332740","Nikolski","2024-06-01","2024","6","pce_eligible_community_kwh","2801","outlier_check","","2590","2590","1155","","raw_value","","FALSE"
"A3327401226225003_fuel_cost","A3327401226225003","332740","Nikolski","2026-06-01","2026","6","fuel_cost","24461.84","outlier_check","","19746","","10866","","raw_value","","FALSE"
"A3327401226225003_pce_eligible_community_kwh","A3327401226225003","332740","Nikolski","2026-06-01","2026","6","pce_eligible_community_kwh","2620","outlier_check","2472","2438","2472","1155","","raw_value","","FALSE"
"A3328500117225003_peak_consumption_kw","A3328500117225003","332850","Unalakleet","2016-07-01","2016","7","peak_consumption_kw","0","outlier_check","945","1004","945","976","","avg_preceding_proceeding","","FALSE"
"A3328500217225003_peak_consumption_kw","A3328500217225003","332850","Unalakleet","2016-08-01","2016","8","peak_consumption_kw","0","outlier_check","","1004","1021","1068","","avg_preceding_proceeding","","FALSE"
"A3328600220225003_diesel_kwh_generated","A3328600220225003","332860","Unalaska","2019-08-01","2019","8","diesel_kwh_generated","6664315","quality_check","6069592","4049554","5447794","4914700","","raw_value","","FALSE"
"A3328600223225003_fuel_cost","A3328600223225003","332860","Unalaska","2022-08-01","2022","8","fuel_cost","1737028.49","outlier_check","1327489.51","957418","1328049","717485","","raw_value","","FALSE"
"A3328700223225003_diesel_kwh_generated","A3328700223225003","332870","Newtok","2022-08-01","2022","8","diesel_kwh_generated","53205","quality_check","50171","18699","50118","30779","","raw_value","","FALSE"
"A3328700225225003_fuel_cost","A3328700225225003","332870","Newtok","2024-08-01","2024","8","fuel_cost","56026.47","outlier_check","32512.37","15937","23585","9377","","raw_value","","FALSE"
"A3328700225225003_powerhouse_consumption_kwh","A3328700225225003","332870","Newtok","2024-08-01","2024","8","powerhouse_consumption_kwh","2444","outlier_check","1070","1062","535","258","","raw_value","","FALSE"
"A3328700324225003_fuel_cost","A3328700324225003","332870","Newtok","2023-09-01","2023","9","fuel_cost","39287.16","outlier_check","30165.49","16538","31197","13870","","raw_value","","FALSE"
"A3328700423225003_diesel_kwh_generated","A3328700423225003","332870","Newtok","2022-10-01","2022","10","diesel_kwh_generated","36572","quality_check","50066","18699","43185","42323","","raw_value","","FALSE"
"A3328700425225003_fuel_cost","A3328700425225003","332870","Newtok","2024-10-01","2024","10","fuel_cost","60731.49","outlier_check","14658.57","15937","7329","9388","","raw_value","","FALSE"
"A3328700426225003_fuel_cost","A3328700426225003","332870","Newtok","2025-10-01","2025","10","fuel_cost","56200.56","outlier_check","31598.8","13175","30356","9388","","raw_value","","FALSE"
"A3328700522225003_diesel_kwh_generated","A3328700522225003","332870","Newtok","2021-11-01","2021","11","diesel_kwh_generated","97658","quality_check","0","17380","0","32542","","raw_value","","FALSE"
"A3328700522225003_fuel_used_gallons","A3328700522225003","332870","Newtok","2021-11-01","2021","11","fuel_used_gallons","2670","quality_check","0","2609","0","2610","","raw_value","","FALSE"
"A3328700524225003_fuel_cost","A3328700524225003","332870","Newtok","2023-11-01","2023","11","fuel_cost","42822.78","outlier_check","32228.96","16538","32229","10125","","raw_value","","FALSE"
"A3328700525225003_diesel_kwh_generated","A3328700525225003","332870","Newtok","2024-11-01","2024","11","diesel_kwh_generated","35592","quality_check","98768","73512","98768","32542","","raw_value","","FALSE"
"A3328700621225003_diesel_kwh_generated","A3328700621225003","332870","Newtok","2020-12-01","2020","12","diesel_kwh_generated","51658","quality_check","0","0","0","44356","","raw_value","","FALSE"
"A3328700623225003_diesel_kwh_generated","A3328700623225003","332870","Newtok","2022-12-01","2022","12","diesel_kwh_generated","49338","quality_check","36304","18699","36304","44356","","raw_value","","FALSE"
"A3328700624225003_fuel_cost","A3328700624225003","332870","Newtok","2023-12-01","2023","12","fuel_cost","38836.97","outlier_check","","16538","","8993","","raw_value","","FALSE"
"A3328700624225003_powerhouse_consumption_kwh","A3328700624225003","332870","Newtok","2023-12-01","2023","12","powerhouse_consumption_kwh","2434","outlier_check","2149","617","2149","433","","raw_value","","FALSE"
"A3328700625225003_diesel_kwh_generated","A3328700625225003","332870","Newtok","2024-12-01","2024","12","diesel_kwh_generated","45550","quality_check","","73512","","44356","","raw_value","","FALSE"
"A3328700626225003_amount","A3328700626225003","332870","Newtok","2025-12-01","2025","12","amount","23803.29","outlier_check","12669.85","16857","15656","12016","","raw_value","","FALSE"
"A3328700626225003_fuel_cost","A3328700626225003","332870","Newtok","2025-12-01","2025","12","fuel_cost","59366.65","outlier_check","29113.39","13175","29113","8993","","raw_value","","FALSE"
"A3328700626225003_powerhouse_consumption_kwh","A3328700626225003","332870","Newtok","2025-12-01","2025","12","powerhouse_consumption_kwh","3288","outlier_check","1946","625","1946","433","","raw_value","","FALSE"
"A3328700721225003_diesel_kwh_generated","A3328700721225003","332870","Newtok","2021-01-01","2021","1","diesel_kwh_generated","54158","quality_check","","17380","","39530","","raw_value","","FALSE"
"A3328700723225003_diesel_kwh_generated","A3328700723225003","332870","Newtok","2023-01-01","2023","1","diesel_kwh_generated","18429","quality_check","","49604","56755","39530","","raw_value","","FALSE"
"A3328700724225003_fuel_cost","A3328700724225003","332870","Newtok","2024-01-01","2024","1","fuel_cost","38836.97","outlier_check","","15937","","8495","","raw_value","","FALSE"
"A3328700724225003_powerhouse_consumption_kwh","A3328700724225003","332870","Newtok","2024-01-01","2024","1","powerhouse_consumption_kwh","2434","outlier_check","","1062","","498","","raw_value","","FALSE"
"A3328700725225003_diesel_kwh_generated","A3328700725225003","332870","Newtok","2025-01-01","2025","1","diesel_kwh_generated","45593","quality_check","","59675","54304","39530","","raw_value","","FALSE"
"A3328700726225003_fuel_cost","A3328700726225003","332870","Newtok","2026-01-01","2026","1","fuel_cost","59366.65","outlier_check","","","","8495","","raw_value","","FALSE"
"A3328700726225003_powerhouse_consumption_kwh","A3328700726225003","332870","Newtok","2026-01-01","2026","1","powerhouse_consumption_kwh","3288","outlier_check","","1827","","498","","raw_value","","FALSE"
"A3328700821225003_diesel_kwh_generated","A3328700821225003","332870","Newtok","2021-02-01","2021","2","diesel_kwh_generated","42337","quality_check","","17380","","34746","","raw_value","","FALSE"
"A3328700822225003_powerhouse_consumption_kwh","A3328700822225003","332870","Newtok","2022-02-01","2022","2","powerhouse_consumption_kwh","3414","outlier_check","1338","384","1422","381","","raw_value","","FALSE"
"A3328700823225003_amount","A3328700823225003","332870","Newtok","2023-02-01","2023","2","amount","21782.62","outlier_check","21040.66","17488","19462","9771","","raw_value","","FALSE"
"A3328700824225003_fuel_cost","A3328700824225003","332870","Newtok","2024-02-01","2024","2","fuel_cost","64431.81","outlier_check","","15937","","11209","","raw_value","","FALSE"
"A3328700826225003_diesel_kwh_generated","A3328700826225003","332870","Newtok","2026-02-01","2026","2","diesel_kwh_generated","30539","quality_check","127928","112033","125712","34746","","raw_value","","FALSE"
"A3328700826225003_fuel_cost","A3328700826225003","332870","Newtok","2026-02-01","2026","2","fuel_cost","64256.52","outlier_check","","","","11209","","raw_value","","FALSE"
"A3328700826225003_fuel_used_gallons","A3328700826225003","332870","Newtok","2026-02-01","2026","2","fuel_used_gallons","11669","outlier_check","","6324","","3172","","raw_value","","FALSE"
"A3328700924225003_amount","A3328700924225003","332870","Newtok","2024-03-01","2024","3","amount","23739.62","outlier_check","17717.68","15646","13209","12960","","raw_value","","FALSE"
"A3328700924225003_fuel_cost","A3328700924225003","332870","Newtok","2024-03-01","2024","3","fuel_cost","40473.02","outlier_check","","15937","","12887","","raw_value","","FALSE"
"A3328700924225003_pce_eligible_community_kwh","A3328700924225003","332870","Newtok","2024-03-01","2024","3","pce_eligible_community_kwh","7429","outlier_check","3290","1701","1645","2131","","raw_value","","FALSE"
"A3328700926225003_fuel_cost","A3328700926225003","332870","Newtok","2026-03-01","2026","3","fuel_cost","69647.48","outlier_check","","","","12887","","raw_value","","FALSE"
"A3328701023225003_amount","A3328701023225003","332870","Newtok","2023-04-01","2023","4","amount","41078.52","outlier_check","17883.11","17488","16771","11407","","raw_value","","FALSE"
"A3328701024225003_fuel_cost","A3328701024225003","332870","Newtok","2024-04-01","2024","4","fuel_cost","40473.02","outlier_check","","15937","","12820","","raw_value","","FALSE"
"A3328701025225003_fuel_cost","A3328701025225003","332870","Newtok","2025-04-01","2025","4","fuel_cost","75206.93","outlier_check","22342.3","13175","22342","12820","","raw_value","","FALSE"
"A3328701026225003_fuel_cost","A3328701026225003","332870","Newtok","2026-04-01","2026","4","fuel_cost","69647.48","outlier_check","","","","12820","","raw_value","","FALSE"
"A3328701123225003_diesel_kwh_generated","A3328701123225003","332870","Newtok","2023-05-01","2023","5","diesel_kwh_generated","50519","quality_check","38982","49604","40577","49314","","raw_value","","FALSE"
"A3328701124225003_fuel_cost","A3328701124225003","332870","Newtok","2024-05-01","2024","5","fuel_cost","65370.62","outlier_check","","15937","32512","8381","","raw_value","","FALSE"
"A3328701124225003_powerhouse_consumption_kwh","A3328701124225003","332870","Newtok","2024-05-01","2024","5","powerhouse_consumption_kwh","3111","outlier_check","2080","1062","1576","155","","raw_value","","FALSE"
"A3328701125225003_fuel_cost","A3328701125225003","332870","Newtok","2025-05-01","2025","5","fuel_cost","77169.24","outlier_check","","13175","0","8381","","raw_value","","FALSE"
"A3328701126225003_fuel_cost","A3328701126225003","332870","Newtok","2026-05-01","2026","5","fuel_cost","70936.31","outlier_check","","","","8381","","raw_value","","FALSE"
"A3328701126225003_powerhouse_consumption_kwh","A3328701126225003","332870","Newtok","2026-05-01","2026","5","powerhouse_consumption_kwh","3653","outlier_check","","1827","1827","155","","raw_value","","FALSE"
"A3328701224225003_amount","A3328701224225003","332870","Newtok","2024-06-01","2024","6","amount","22208.82","outlier_check","11616.9","15646","15002","10192","","raw_value","","FALSE"
"A3328701225225003_diesel_kwh_generated","A3328701225225003","332870","Newtok","2025-06-01","2025","6","diesel_kwh_generated","31393","quality_check","75331","59675","37666","28425","","raw_value","","FALSE"
"A3328701226225003_fuel_cost","A3328701226225003","332870","Newtok","2026-06-01","2026","6","fuel_cost","35456.14","outlier_check","","","","14096","","raw_value","","FALSE"
"A3328800123225003_diesel_kwh_generated","A3328800123225003","332880","Venetie","2022-07-01","2022","7","diesel_kwh_generated","39849","quality_check","0","42883","0","39550","","raw_value","","FALSE"
"A3328800124225003_diesel_kwh_generated","A3328800124225003","332880","Venetie","2023-07-01","2023","7","diesel_kwh_generated","62262","quality_check","","","","39550","","raw_value","","FALSE"
"A3328800125225003_diesel_kwh_generated","A3328800125225003","332880","Venetie","2024-07-01","2024","7","diesel_kwh_generated","39171","quality_check","","","","39550","","raw_value","","FALSE"
"A3328800223225003_diesel_kwh_generated","A3328800223225003","332880","Venetie","2022-08-01","2022","8","diesel_kwh_generated","21231","quality_check","","42883","","41550","","raw_value","","FALSE"
"A3328800225225003_diesel_kwh_generated","A3328800225225003","332880","Venetie","2024-08-01","2024","8","diesel_kwh_generated","39172","quality_check","","","","41550","","raw_value","","FALSE"
"A3328800323225003_diesel_kwh_generated","A3328800323225003","332880","Venetie","2022-09-01","2022","9","diesel_kwh_generated","54867","quality_check","","42883","","54662","","raw_value","","FALSE"
"A3328800324225003_diesel_kwh_generated","A3328800324225003","332880","Venetie","2023-09-01","2023","9","diesel_kwh_generated","76220","quality_check","","","","54662","","raw_value","","FALSE"
"A3328800324225003_pce_eligible_residential_kwh","A3328800324225003","332880","Venetie","2023-09-01","2023","9","pce_eligible_residential_kwh","36449","outlier_check","","24696","","16723","","raw_value","","FALSE"
"A3328800423225003_diesel_kwh_generated","A3328800423225003","332880","Venetie","2022-10-01","2022","10","diesel_kwh_generated","53981","quality_check","","42883","","54288","","raw_value","","FALSE"
"A3328800425225003_diesel_kwh_generated","A3328800425225003","332880","Venetie","2024-10-01","2024","10","diesel_kwh_generated","15625","quality_check","","","","54288","","raw_value","","FALSE"
"A3328800523225003_diesel_kwh_generated","A3328800523225003","332880","Venetie","2022-11-01","2022","11","diesel_kwh_generated","36979","quality_check","","42883","","57271","","raw_value","","FALSE"
"A3328800524225003_diesel_kwh_generated","A3328800524225003","332880","Venetie","2023-11-01","2023","11","diesel_kwh_generated","73027","quality_check","","","","57271","","raw_value","","FALSE"
"A3328800525225003_diesel_kwh_generated","A3328800525225003","332880","Venetie","2024-11-01","2024","11","diesel_kwh_generated","57594","quality_check","","","","57271","","raw_value","","FALSE"
"A3328800618225003_diesel_kwh_generated","A3328800618225003","332880","Venetie","2017-12-01","2017","12","diesel_kwh_generated","143300","outlier_check","","55170","0","52700","","raw_value","","TRUE"
"A3328800623225003_diesel_kwh_generated","A3328800623225003","332880","Venetie","2022-12-01","2022","12","diesel_kwh_generated","43390","quality_check","","42883","","52700","","raw_value","","FALSE"
"A3328800624225003_diesel_kwh_generated","A3328800624225003","332880","Venetie","2023-12-01","2023","12","diesel_kwh_generated","59410","quality_check","","","","52700","","raw_value","","FALSE"
"A3328800625225003_diesel_kwh_generated","A3328800625225003","332880","Venetie","2024-12-01","2024","12","diesel_kwh_generated","57595","quality_check","","","","52700","","raw_value","","FALSE"
"A3328800723225003_diesel_kwh_generated","A3328800723225003","332880","Venetie","2023-01-01","2023","1","diesel_kwh_generated","45214","quality_check","","","","54357","","raw_value","","FALSE"
"A3328800725225003_diesel_kwh_generated","A3328800725225003","332880","Venetie","2025-01-01","2025","1","diesel_kwh_generated","57595","quality_check","","0","","54357","","raw_value","","FALSE"
"A3328800823225003_diesel_kwh_generated","A3328800823225003","332880","Venetie","2023-02-01","2023","2","diesel_kwh_generated","36133","quality_check","","","","41150","","raw_value","","FALSE"
"A3328800824225003_diesel_kwh_generated","A3328800824225003","332880","Venetie","2024-02-01","2024","2","diesel_kwh_generated","81999","quality_check","","","","41150","","raw_value","","FALSE"
"A3328800825225003_diesel_kwh_generated","A3328800825225003","332880","Venetie","2025-02-01","2025","2","diesel_kwh_generated","48568","quality_check","","0","","41150","","raw_value","","FALSE"
"A3328800923225003_diesel_kwh_generated","A3328800923225003","332880","Venetie","2023-03-01","2023","3","diesel_kwh_generated","42498","quality_check","","","","55214","","raw_value","","FALSE"
"A3328800924225003_diesel_kwh_generated","A3328800924225003","332880","Venetie","2024-03-01","2024","3","diesel_kwh_generated","53971","quality_check","","","","55214","","raw_value","","FALSE"
"A3328800925225003_diesel_kwh_generated","A3328800925225003","332880","Venetie","2025-03-01","2025","3","diesel_kwh_generated","50431","quality_check","","0","","55214","","raw_value","","FALSE"
"A3328801023225003_diesel_kwh_generated","A3328801023225003","332880","Venetie","2023-04-01","2023","4","diesel_kwh_generated","58216","quality_check","","","","47000","","raw_value","","FALSE"
"A3328801024225003_diesel_kwh_generated","A3328801024225003","332880","Venetie","2024-04-01","2024","4","diesel_kwh_generated","50290","quality_check","","","","47000","","raw_value","","FALSE"
"A3328801025225003_diesel_kwh_generated","A3328801025225003","332880","Venetie","2025-04-01","2025","4","diesel_kwh_generated","54770","quality_check","","0","","47000","","raw_value","","FALSE"
"A3328801123225003_diesel_kwh_generated","A3328801123225003","332880","Venetie","2023-05-01","2023","5","diesel_kwh_generated","47632","quality_check","","","","51157","","raw_value","","FALSE"
"A3328801125225003_diesel_kwh_generated","A3328801125225003","332880","Venetie","2025-05-01","2025","5","diesel_kwh_generated","38456","quality_check","","0","","51157","","raw_value","","FALSE"
"A3328801224225003_diesel_kwh_generated","A3328801224225003","332880","Venetie","2024-06-01","2024","6","diesel_kwh_generated","48839","quality_check","","","","49483","","raw_value","","FALSE"
"A3328801225225003_diesel_kwh_generated","A3328801225225003","332880","Venetie","2025-06-01","2025","6","diesel_kwh_generated","33285","quality_check","","0","0","49483","","raw_value","","FALSE"
"A3328900919225003_peak_consumption_kw","A3328900919225003","332890","White Mountain","2019-03-01","2019","3","peak_consumption_kw","0","outlier_check","138","138","144","152","","avg_preceding_proceeding","","FALSE"
"A3329000622225003_diesel_kwh_generated","A3329000622225003","332900","Yakutat","2021-12-01","2021","12","diesel_kwh_generated","547236","quality_check","547869","541757","534028","495360","","raw_value","","FALSE"
"A3329000622225003_fuel_used_gallons","A3329000622225003","332900","Yakutat","2021-12-01","2021","12","fuel_used_gallons","16002","quality_check","38310","36920","36933","32735","","avg_preceding_proceeding","","FALSE"
"A3329000724225003_pce_eligible_community_kwh","A3329000724225003","332900","Yakutat","2024-01-01","2024","1","pce_eligible_community_kwh","4285","outlier_check","35383","32739","36124","39187","","avg_preceding_proceeding","","FALSE"
"A3329000724225003_pce_eligible_residential_kwh","A3329000724225003","332900","Yakutat","2024-01-01","2024","1","pce_eligible_residential_kwh","11562","outlier_check","107855","102467","103390","96435","","avg_preceding_proceeding","","FALSE"
"A3329001125225003_diesel_kwh_generated","A3329001125225003","332900","Yakutat","2025-05-01","2025","5","diesel_kwh_generated","537208","quality_check","583101","552008","554034","545869","","raw_value","","FALSE"
"A3329001125225003_fuel_used_gallons","A3329001125225003","332900","Yakutat","2025-05-01","2025","5","fuel_used_gallons","0","outlier_check","38405","35278","37225","37188","","avg_preceding_proceeding","","FALSE"
"A3329001126225003_residential_sold_to","A3329001126225003","332900","Yakutat","2026-05-01","2026","5","residential_sold_to","0","outlier_check","125589","135876","125589","108740","","avg_same_month_other_years","","FALSE"
"A3329001223225003_diesel_kwh_generated","A3329001223225003","332900","Yakutat","2023-06-01","2023","6","diesel_kwh_generated","517628","quality_check","622528","533792","591974","502666","","raw_value","","FALSE"
"A3329001223225003_fuel_used_gallons","A3329001223225003","332900","Yakutat","2023-06-01","2023","6","fuel_used_gallons","0","outlier_check","47952","37777","42863","35516","","avg_preceding_proceeding","","FALSE"